question_type,question,prefix,prompt,ground_truth,top_4_tokens,model_answer,image_url
object identification,What is this photo taken looking through?,Answer:,Answer with one word: What is this photo taken looking through? What is this photo taken looking through? Answer:,net,"[""Net"", ""Screen"", ""Web"", ""Baseball""]",Net,http://images.cocodataset.org/train2014/COCO_train2014_000000458752.jpg
object identification,What is this man riding on?,Answer:,Answer with one word: What is this man riding on? What is this man riding on? Answer:,skateboard,"[""What"", ""Board"", ""Yes"", ""Sk""]",What,http://images.cocodataset.org/train2014/COCO_train2014_000000393227.jpg
object identification,What is this person doing?,Answer:,Answer with one word: What is this person doing? What is this person doing? Answer:,skiing,"[""Ski"", ""Cross"", ""What"", ""Snow""]",Ski,http://images.cocodataset.org/train2014/COCO_train2014_000000393230.jpg
object identification,What is this?,Answer:,Answer with one word: What is this? What is this? Answer:,bear,"[""Bear"", ""Dog"", ""Animal"", ""Black""]",Bear,http://images.cocodataset.org/train2014/COCO_train2014_000000137045.jpg
object identification,What is this device?,Answer:,Answer with one word: What is this device? What is this device? Answer:,refrigerator,"[""Phone"", ""Mic"", ""Camera"", ""Ice""]",Phone,http://images.cocodataset.org/train2014/COCO_train2014_000000131113.jpg
object identification,What is this animal?,Answer:,Answer with one word: What is this animal? What is this animal? Answer:,elephant,"[""Ele"", ""What"", ""This"", ""ele""]",Ele,http://images.cocodataset.org/train2014/COCO_train2014_000000262204.jpg
object identification,What is this person wearing on head?,Answer:,Answer with one word: What is this person wearing on head? What is this person wearing on head? Answer:,hat,"[""Hat"", ""Cap"", ""Hel"", ""Fed""]",Hat,http://images.cocodataset.org/train2014/COCO_train2014_000000000086.jpg
object identification,What is this man laying on?,Answer:,Answer with one word: What is this man laying on? What is this man laying on? Answer:,surfboard,"[""Sur"", ""Board"", ""Water"", ""Ocean""]",Sur,http://images.cocodataset.org/train2014/COCO_train2014_000000471373.jpg
object identification,What is this person holding?,Answer:,Answer with one word: What is this person holding? What is this person holding? Answer:,hot dog,"[""Hot"", ""Sand"", ""Bun"", ""Food""]",Hot,http://images.cocodataset.org/train2014/COCO_train2014_000000393428.jpg
object identification,What is this person standing on?,Answer:,Answer with one word: What is this person standing on? What is this person standing on? Answer:,sand,"[""Sand"", ""Beach"", ""Sur"", ""Ocean""]",Sand,http://images.cocodataset.org/train2014/COCO_train2014_000000474858.jpg
object identification,What is this cake made with?,Answer:,Answer with one word: What is this cake made with? What is this cake made with? Answer:,chocolate,"[""Brown"", ""Wal"", ""Car"", ""Ch""]",Brown,http://images.cocodataset.org/train2014/COCO_train2014_000000393445.jpg
object identification,What is this person doing?,Answer:,Answer with one word: What is this person doing? What is this person doing? Answer:,snowboarding,"[""Snow"", ""Ski"", ""What"", ""Perform""]",Snow,http://images.cocodataset.org/train2014/COCO_train2014_000000524551.jpg
other,What position is this man playing?,Answer:,Answer with one word: What position is this man playing? What position is this man playing? Answer:,pitcher,"[""Baseball"", ""What"", ""Starting"", ""Out""]",Baseball,http://images.cocodataset.org/train2014/COCO_train2014_000000458752.jpg
other,What is the person doing?,Answer:,Answer with one word: What is the person doing? What is the person doing? Answer:,skiing,"[""Ski"", ""Snow"", ""What"", ""Down""]",Ski,http://images.cocodataset.org/train2014/COCO_train2014_000000262146.jpg
other,What is in the person's hand?,Answer:,Answer with one word: What is in the person's hand? What is in the person's hand? Answer:,frisbee,"[""What"", ""Disc"", ""Dis"", ""Hand""]",What,http://images.cocodataset.org/train2014/COCO_train2014_000000524291.jpg
other,Is the dog looking at a tennis ball or frisbee?,Answer:,Answer with one word: Is the dog looking at a tennis ball or frisbee? Is the dog looking at a tennis ball or frisbee? Answer:,frisbee,"[""Yes"", ""Tennis"", ""Looking"", ""F""]",Yes,http://images.cocodataset.org/train2014/COCO_train2014_000000524291.jpg
other,What is the white streak?,Answer:,Answer with one word: What is the white streak? What is the white streak? Answer:,contrail,"[""Jet"", ""Snow"", ""What"", ""Tra""]",Jet,http://images.cocodataset.org/train2014/COCO_train2014_000000393221.jpg
other,What is the child doing?,Answer:,Answer with one word: What is the child doing? What is the child doing? Answer:,brushing teeth,"[""What"", ""Using"", ""Looking"", ""She""]",What,http://images.cocodataset.org/train2014/COCO_train2014_000000393223.jpg
other,What is the business man doing in the picture?,Answer:,Answer with one word: What is the business man doing in the picture? What is the business man doing in the picture? Answer:,frowning,"[""Looking"", ""What"", ""M"", ""F""]",Looking,http://images.cocodataset.org/train2014/COCO_train2014_000000393224.jpg
other,What is the man riding on?,Answer:,Answer with one word: What is the man riding on? What is the man riding on? Answer:,motorcycle,"[""Motor"", ""Mot"", ""What"", ""D""]",Motor,http://images.cocodataset.org/train2014/COCO_train2014_000000131084.jpg
other,What is on the pillow?,Answer:,Answer with one word: What is on the pillow? What is on the pillow? Answer:,gray,"[""Tag"", ""Bag"", ""Card"", ""Phone""]",Tag,http://images.cocodataset.org/train2014/COCO_train2014_000000131074.jpg
other,What is sitting on the bench?,Answer:,Answer with one word: What is sitting on the bench? What is sitting on the bench? Answer:,purse,"[""Pur"", ""Bag"", ""Hand"", ""Wal""]",Pur,http://images.cocodataset.org/train2014/COCO_train2014_000000131074.jpg
other,What is the man doing?,Answer:,Answer with one word: What is the man doing? What is the man doing? Answer:,skiing,"[""Ski"", ""Cross"", ""What"", ""Stand""]",Ski,http://images.cocodataset.org/train2014/COCO_train2014_000000393230.jpg
other,What is the person wearing?,Answer:,Answer with one word: What is the person wearing? What is the person wearing? Answer:,skis,"[""Jack"", ""Ski"", ""Glo"", ""Hat""]",Jack,http://images.cocodataset.org/train2014/COCO_train2014_000000393230.jpg
other,What is she holding?,Answer:,Answer with one word: What is she holding? What is she holding? Answer:,poles,"[""Ski"", ""Pol"", ""Cross"", ""What""]",Ski,http://images.cocodataset.org/train2014/COCO_train2014_000000393230.jpg
other,What is the dog riding on?,Answer:,Answer with one word: What is the dog riding on? What is the dog riding on? Answer:,surfboard,"[""Sur"", ""Board"", ""Dog"", ""What""]",Sur,http://images.cocodataset.org/train2014/COCO_train2014_000000131087.jpg
other,What is in the water?,Answer:,Answer with one word: What is in the water? What is in the water? Answer:,dog,"[""Sur"", ""Dog"", ""Board"", ""Bo""]",Sur,http://images.cocodataset.org/train2014/COCO_train2014_000000131087.jpg
other,"What does the green light, on the TV, indicate?",Answer:,"Answer with one word: What does the green light, on the TV, indicate? What does the green light, on the TV, indicate? Answer:",on,"[""Power"", ""What"", ""Green"", ""Screen""]",Power,http://images.cocodataset.org/train2014/COCO_train2014_000000131075.jpg
other,What room of the house is this?,Answer:,Answer with one word: What room of the house is this? What room of the house is this? Answer:,office,"[""Office"", ""Living"", ""Gar"", ""Bas""]",Office,http://images.cocodataset.org/train2014/COCO_train2014_000000131075.jpg
other,What is the size of the TV?,Answer:,Answer with one word: What is the size of the TV? What is the size of the TV? Answer:,large,"[""Lar"", ""Small"", ""Med"", ""Big""]",Lar,http://images.cocodataset.org/train2014/COCO_train2014_000000131075.jpg
other,How big is the TV?,Answer:,Answer with one word: How big is the TV? How big is the TV? Answer:,very big,"[""Lar"", ""Small"", ""Very"", ""Big""]",Lar,http://images.cocodataset.org/train2014/COCO_train2014_000000131075.jpg
other,What companion object to the TV can be seen in the bottom right of the picture?,Answer:,Answer with one word: What companion object to the TV can be seen in the bottom right of the picture? What companion object to the TV can be seen in the bottom right of the picture? Answer:,laptop,"[""Computer"", ""Rem"", ""Project"", ""Screen""]",Computer,http://images.cocodataset.org/train2014/COCO_train2014_000000131075.jpg
other,What is the small computer on the left called?,Answer:,Answer with one word: What is the small computer on the left called? What is the small computer on the left called? Answer:,laptop,"[""Computer"", ""Screen"", ""Mon"", ""Key""]",Computer,http://images.cocodataset.org/train2014/COCO_train2014_000000131075.jpg
other,What is above the TV?,Answer:,Answer with one word: What is above the TV? What is above the TV? Answer:,vent,"[""Project"", ""Screen"", ""Out"", ""Mon""]",Project,http://images.cocodataset.org/train2014/COCO_train2014_000000131075.jpg
other,What is on the display?,Answer:,Answer with one word: What is on the display? What is on the display? Answer:,document,"[""Out"", ""Screen"", ""Power"", ""Computer""]",Out,http://images.cocodataset.org/train2014/COCO_train2014_000000131075.jpg
other,Is it a monitor or a screen projection?,Answer:,Answer with one word: Is it a monitor or a screen projection? Is it a monitor or a screen projection? Answer:,screen projection,"[""Screen"", ""Pro"", ""Mon"", ""Project""]",Screen,http://images.cocodataset.org/train2014/COCO_train2014_000000131075.jpg
other,What is on the TV screen?,Answer:,Answer with one word: What is on the TV screen? What is on the TV screen? Answer:,computer,"[""Out"", ""Power"", ""Computer"", ""Screen""]",Out,http://images.cocodataset.org/train2014/COCO_train2014_000000131075.jpg
other,What is the title of the presentation in the picture?,Answer:,Answer with one word: What is the title of the presentation in the picture? What is the title of the presentation in the picture? Answer:,outlook web app,"[""Out"", ""What"", ""Power"", ""Microsoft""]",Out,http://images.cocodataset.org/train2014/COCO_train2014_000000131075.jpg
other,What is the man playing?,Answer:,Answer with one word: What is the man playing? What is the man playing? Answer:,wii,"[""Video"", ""Game"", ""What"", ""Controller""]",Video,http://images.cocodataset.org/train2014/COCO_train2014_000000524311.jpg
other,What does the man have on his face?,Answer:,Answer with one word: What does the man have on his face? What does the man have on his face? Answer:,glasses,"[""Must"", ""Nothing"", ""Head"", ""G""]",Must,http://images.cocodataset.org/train2014/COCO_train2014_000000524311.jpg
other,What is in front of the giraffes?,Answer:,Answer with one word: What is in front of the giraffes? What is in front of the giraffes? Answer:,tree,"[""Log"", ""Tree"", ""Tre"", ""Branch""]",Log,http://images.cocodataset.org/train2014/COCO_train2014_000000000025.jpg
other,What do these giraffes have in common?,Answer:,Answer with one word: What do these giraffes have in common? What do these giraffes have in common? Answer:,eating,"[""They"", ""Long"", ""What"", ""Yes""]",They,http://images.cocodataset.org/train2014/COCO_train2014_000000000025.jpg
other,What is the giraffe standing behind?,Answer:,Answer with one word: What is the giraffe standing behind? What is the giraffe standing behind? Answer:,tree,"[""Log"", ""Tree"", ""Branch"", ""Tre""]",Log,http://images.cocodataset.org/train2014/COCO_train2014_000000000025.jpg
other,What is on the ground next to the giraffe on the right?,Answer:,Answer with one word: What is on the ground next to the giraffe on the right? What is on the ground next to the giraffe on the right? Answer:,log,"[""Log"", ""Tree"", ""Branch"", ""Hay""]",Log,http://images.cocodataset.org/train2014/COCO_train2014_000000000025.jpg
other,How is the man sitting?,Answer:,Answer with one word: How is the man sitting? How is the man sitting? Answer:,cross legged,"[""Cross"", ""How"", ""Yes"", ""With""]",Cross,http://images.cocodataset.org/train2014/COCO_train2014_000000524314.jpg
other,"What does the word in the upper-left corner, behind the window, translate to in English?",Answer:,"Answer with one word: What does the word in the upper-left corner, behind the window, translate to in English? What does the word in the upper-left corner, behind the window, translate to in English? Answer:",automatic,"[""Autom"", ""What"", ""Auto"", ""Store""]",Autom,http://images.cocodataset.org/train2014/COCO_train2014_000000524314.jpg
other,What type of watercraft is that?,Answer:,Answer with one word: What type of watercraft is that? What type of watercraft is that? Answer:,raft,"[""Motor"", ""Speed"", ""Jet"", ""What""]",Motor,http://images.cocodataset.org/train2014/COCO_train2014_000000262171.jpg
other,What is the vase sitting on?,Answer:,Answer with one word: What is the vase sitting on? What is the vase sitting on? Answer:,railing,"[""Wall"", ""Table"", ""Por"", ""Window""]",Wall,http://images.cocodataset.org/train2014/COCO_train2014_000000000030.jpg
other,Is the sun to the right or left of this flower?,Answer:,Answer with one word: Is the sun to the right or left of this flower? Is the sun to the right or left of this flower? Answer:,left,"[""Left"", ""Right"", ""Yes"", ""Sun""]",Left,http://images.cocodataset.org/train2014/COCO_train2014_000000000030.jpg
other,What is the zebra eating?,Answer:,Answer with one word: What is the zebra eating? What is the zebra eating? Answer:,grass,"[""Tree"", ""Branch"", ""Nothing"", ""Hay""]",Tree,http://images.cocodataset.org/train2014/COCO_train2014_000000240304.jpg
other,What is the tree covered with?,Answer:,Answer with one word: What is the tree covered with? What is the tree covered with? Answer:,wire,"[""Branch"", ""Le"", ""M"", ""B""]",Branch,http://images.cocodataset.org/train2014/COCO_train2014_000000240304.jpg
other,What is the animal eating?,Answer:,Answer with one word: What is the animal eating? What is the animal eating? Answer:,grass,"[""Plant"", ""Veg"", ""Green"", ""What""]",Plant,http://images.cocodataset.org/train2014/COCO_train2014_000000000034.jpg
other,How old is animal?,Answer:,Answer with one word: How old is animal? How old is animal? Answer:,10 years,"[""Young"", ""Old"", ""New"", ""How""]",Young,http://images.cocodataset.org/train2014/COCO_train2014_000000000034.jpg
other,What is the man holding?,Answer:,Answer with one word: What is the man holding? What is the man holding? Answer:,knife,"[""Hat"", ""Phone"", ""Cand"", ""What""]",Hat,http://images.cocodataset.org/train2014/COCO_train2014_000000393251.jpg
other,What is the man cutting?,Answer:,Answer with one word: What is the man cutting? What is the man cutting? Answer:,cake,"[""Pie"", ""What"", ""Cand"", ""Cup""]",Pie,http://images.cocodataset.org/train2014/COCO_train2014_000000393251.jpg
other,What is the fruit?,Answer:,Answer with one word: What is the fruit? What is the fruit? Answer:,banana,"[""Ban"", ""What"", ""Apple"", ""ban""]",Ban,http://images.cocodataset.org/train2014/COCO_train2014_000000262180.jpg
other,What is the name of the type of person that would make this food?,Answer:,Answer with one word: What is the name of the type of person that would make this food? What is the name of the type of person that would make this food? Answer:,chef,"[""Che"", ""Baker"", ""Cook"", ""Pas""]",Che,http://images.cocodataset.org/train2014/COCO_train2014_000000262180.jpg
other,What type of ice cream is on the plate?,Answer:,Answer with one word: What type of ice cream is on the plate? What type of ice cream is on the plate? Answer:,vanilla,"[""Van"", ""Car"", ""Ban"", ""But""]",Van,http://images.cocodataset.org/train2014/COCO_train2014_000000262180.jpg
other,Is this an indoor or outdoor photo?,Answer:,Answer with one word: Is this an indoor or outdoor photo? Is this an indoor or outdoor photo? Answer:,outdoor,"[""Out"", ""Ind"", ""out"", ""Yes""]",Out,http://images.cocodataset.org/train2014/COCO_train2014_000000524325.jpg
other,What's missing from this hot dog?,Answer:,Answer with one word: What's missing from this hot dog? What's missing from this hot dog? Answer:,mustard,"[""Must"", ""Bun"", ""Sau"", ""Rel""]",Must,http://images.cocodataset.org/train2014/COCO_train2014_000000043697.jpg
other,What is the hog dog sitting on?,Answer:,Answer with one word: What is the hog dog sitting on? What is the hog dog sitting on? Answer:,bun,"[""Bun"", ""Nap"", ""Hot"", ""Table""]",Bun,http://images.cocodataset.org/train2014/COCO_train2014_000000043697.jpg
other,What is the sky full of?,Answer:,Answer with one word: What is the sky full of? What is the sky full of? Answer:,clouds,"[""Cloud"", ""Water"", ""Rain"", ""Nothing""]",Cloud,http://images.cocodataset.org/train2014/COCO_train2014_000000262184.jpg
other,What is the color of the carpet?,Answer:,Answer with one word: What is the color of the carpet? What is the color of the carpet? Answer:,brown,"[""Blue"", ""Brown"", ""Red"", ""White""]",Blue,http://images.cocodataset.org/train2014/COCO_train2014_000000131113.jpg
other,What shape are the windows on the side of the plane?,Answer:,Answer with one word: What shape are the windows on the side of the plane? What shape are the windows on the side of the plane? Answer:,square,"[""Rect"", ""Square"", ""Round"", ""Tri""]",Rect,http://images.cocodataset.org/train2014/COCO_train2014_000000262187.jpg
other,What is the website on the sign?,Answer:,Answer with one word: What is the website on the sign? What is the website on the sign? Answer:,wmatacom,"[""Wat"", ""www"", ""What"", ""W""]",Wat,http://images.cocodataset.org/train2014/COCO_train2014_000000262191.jpg
other,What is the bear called?,Answer:,Answer with one word: What is the bear called? What is the bear called? Answer:,teddy,"[""Ted"", ""Bear"", ""What"", ""Brown""]",Ted,http://images.cocodataset.org/train2014/COCO_train2014_000000262191.jpg
other,What type of tree is the man standing next to?,Answer:,Answer with one word: What type of tree is the man standing next to? What type of tree is the man standing next to? Answer:,elm,"[""Oak"", ""Map"", ""Dec"", ""Bir""]",Oak,http://images.cocodataset.org/train2014/COCO_train2014_000000524338.jpg
other,What pattern is on the pants?,Answer:,Answer with one word: What pattern is on the pants? What pattern is on the pants? Answer:,stripes,"[""Sol"", ""Check"", ""Vert"", ""Diam""]",Sol,http://images.cocodataset.org/train2014/COCO_train2014_000000213863.jpg
other,What sport is this person playing?,Answer:,Answer with one word: What sport is this person playing? What sport is this person playing? Answer:,baseball,"[""Baseball"", ""What"", ""baseball"", ""Base""]",Baseball,http://images.cocodataset.org/train2014/COCO_train2014_000000213863.jpg
other,What is the position of the player behind the batter called?,Answer:,Answer with one word: What is the position of the player behind the batter called? What is the position of the player behind the batter called? Answer:,catcher,"[""What"", ""First"", ""Player"", ""catch""]",What,http://images.cocodataset.org/train2014/COCO_train2014_000000213863.jpg
other,What are they drinking?,Answer:,Answer with one word: What are they drinking? What are they drinking? Answer:,beer,"[""What"", ""Water"", ""They"", ""Be""]",What,http://images.cocodataset.org/train2014/COCO_train2014_000000393268.jpg
other,What brand of beer is visible?,Answer:,Answer with one word: What brand of beer is visible? What brand of beer is visible? Answer:,sierra nevada,"[""Bud"", ""What"", ""Cor"", ""Miller""]",Bud,http://images.cocodataset.org/train2014/COCO_train2014_000000393268.jpg
other,What logo is on the man's shirt?,Answer:,Answer with one word: What logo is on the man's shirt? What logo is on the man's shirt? Answer:,nike,"[""Live"", ""Liv"", ""What"", ""N""]",Live,http://images.cocodataset.org/train2014/COCO_train2014_000000131127.jpg
other,What direction is the bird looking?,Answer:,Answer with one word: What direction is the bird looking? What direction is the bird looking? Answer:,right,"[""Right"", ""Left"", ""Down"", ""North""]",Right,http://images.cocodataset.org/train2014/COCO_train2014_000000262201.jpg
other,What time of day is it?,Answer:,Answer with one word: What time of day is it? What time of day is it? Answer:,morning,"[""Day"", ""Mor"", ""Even"", ""What""]",Day,http://images.cocodataset.org/train2014/COCO_train2014_000000370986.jpg
other,What type of plane is this?,Answer:,Answer with one word: What type of plane is this? What type of plane is this? Answer:,propeller,"[""Prop"", ""Small"", ""Single"", ""Private""]",Prop,http://images.cocodataset.org/train2014/COCO_train2014_000000131133.jpg
other,What is in the picture?,Answer:,Answer with one word: What is in the picture? What is in the picture? Answer:,clock,"[""Car"", ""Tree"", ""Street"", ""Park""]",Car,http://images.cocodataset.org/train2014/COCO_train2014_000000000064.jpg
other,What time is the clock showing?,Answer:,Answer with one word: What time is the clock showing? What time is the clock showing? Answer:,6:10,"[""What"", ""what"", ""Time"", """"]",What,http://images.cocodataset.org/train2014/COCO_train2014_000000000064.jpg
other,What are the vases sitting on?,Answer:,Answer with one word: What are the vases sitting on? What are the vases sitting on? Answer:,table,"[""Table"", ""Cab"", ""Des"", ""Night""]",Table,http://images.cocodataset.org/train2014/COCO_train2014_000000458763.jpg
other,What is the table made of?,Answer:,Answer with one word: What is the table made of? What is the table made of? Answer:,wood,"[""Wood"", ""Mar"", ""Metal"", ""Brown""]",Wood,http://images.cocodataset.org/train2014/COCO_train2014_000000458763.jpg
other,What is the green stuff on this pizza?,Answer:,Answer with one word: What is the green stuff on this pizza? What is the green stuff on this pizza? Answer:,spinach,"[""Bro"", ""Par"", ""Bas"", ""Green""]",Bro,http://images.cocodataset.org/train2014/COCO_train2014_000000567990.jpg
other,Is it thick or thin crust?,Answer:,Answer with one word: Is it thick or thin crust? Is it thick or thin crust? Answer:,thick,"[""Yes"", ""thin"", ""Th"", ""Is""]",Yes,http://images.cocodataset.org/train2014/COCO_train2014_000000567990.jpg
other,What is the orange thing?,Answer:,Answer with one word: What is the orange thing? What is the orange thing? Answer:,bag,"[""Ban"", ""Orange"", ""Bal"", ""Ball""]",Ban,http://images.cocodataset.org/train2014/COCO_train2014_000000393286.jpg
other,Is this train headed towards or from the orange building?,Answer:,Answer with one word: Is this train headed towards or from the orange building? Is this train headed towards or from the orange building? Answer:,from,"[""Tow"", ""From"", ""Head"", ""Yes""]",Tow,http://images.cocodataset.org/train2014/COCO_train2014_000000000071.jpg
other,What is the giraffe eating?,Answer:,Answer with one word: What is the giraffe eating? What is the giraffe eating? Answer:,leaves,"[""Tree"", ""Branch"", ""What"", ""Le""]",Tree,http://images.cocodataset.org/train2014/COCO_train2014_000000000072.jpg
other,What is on the woman's neck?,Answer:,Answer with one word: What is on the woman's neck? What is on the woman's neck? Answer:,necklace,"[""Col"", ""Pear"", ""Jew"", ""Ne""]",Col,http://images.cocodataset.org/train2014/COCO_train2014_000000393290.jpg
other,What item is folded up and sitting on the edge of the shower stall?,Answer:,Answer with one word: What item is folded up and sitting on the edge of the shower stall? What item is folded up and sitting on the edge of the shower stall? Answer:,towel,"[""Tow"", ""Rob"", ""Mat"", ""Cur""]",Tow,http://images.cocodataset.org/train2014/COCO_train2014_000000393291.jpg
other,What pattern is on the shower curtain?,Answer:,Answer with one word: What pattern is on the shower curtain? What pattern is on the shower curtain? Answer:,solid,"[""Sol"", ""None"", ""Diam"", ""Check""]",Sol,http://images.cocodataset.org/train2014/COCO_train2014_000000393291.jpg
other,What are the colors of the countertop?,Answer:,Answer with one word: What are the colors of the countertop? What are the colors of the countertop? Answer:,brown,"[""Brown"", ""White"", ""Tan"", ""Black""]",Brown,http://images.cocodataset.org/train2014/COCO_train2014_000000393291.jpg
other,What is the person on the right called?,Answer:,Answer with one word: What is the person on the right called? What is the person on the right called? Answer:,referee,"[""Ref"", ""Ann"", ""Chair"", ""Judge""]",Ref,http://images.cocodataset.org/train2014/COCO_train2014_000000262221.jpg
other,What time does the clock say?,Answer:,Answer with one word: What time does the clock say? What time does the clock say? Answer:,8:00,"[""What"", ""what"", ""Time"", """"]",What,http://images.cocodataset.org/train2014/COCO_train2014_000000000078.jpg
other,What is the last letter over the plane?,Answer:,Answer with one word: What is the last letter over the plane? What is the last letter over the plane? Answer:,e,"[""What"", ""A"", ""E"", ""N""]",What,http://images.cocodataset.org/train2014/COCO_train2014_000000000081.jpg
other,What is the number on the mailbox?,Answer:,Answer with one word: What is the number on the mailbox? What is the number on the mailbox? Answer:,24,"[""What"", ""Yes"", ""Number"", """"]",What,http://images.cocodataset.org/train2014/COCO_train2014_000000000086.jpg
other,What are the animals doing?,Answer:,Answer with one word: What are the animals doing? What are the animals doing? Answer:,grazing,"[""Gra"", ""They"", ""What"", ""Looking""]",Gra,http://images.cocodataset.org/train2014/COCO_train2014_000000524375.jpg
other,What breed of livestock is shown?,Answer:,Answer with one word: What breed of livestock is shown? What breed of livestock is shown? Answer:,sheep,"[""She"", ""What"", ""Lamb"", ""Ram""]",She,http://images.cocodataset.org/train2014/COCO_train2014_000000524375.jpg
other,What language is the sign written in?,Answer:,Answer with one word: What language is the sign written in? What language is the sign written in? Answer:,spanish,"[""English"", ""Arab"", ""Turkish"", ""German""]",English,http://images.cocodataset.org/train2014/COCO_train2014_000000131160.jpg
other,How has the cheese been prepared?,Answer:,Answer with one word: How has the cheese been prepared? How has the cheese been prepared? Answer:,melted,"[""How"", ""Mel"", ""Yes"", ""M""]",How,http://images.cocodataset.org/train2014/COCO_train2014_000000524377.jpg
other,What is the cutting board used for in this scene?,Answer:,Answer with one word: What is the cutting board used for in this scene? What is the cutting board used for in this scene? Answer:,plate,"[""What"", ""Ser"", ""Hold"", ""Yes""]",What,http://images.cocodataset.org/train2014/COCO_train2014_000000524377.jpg
other,Of what meal is this kind of food typical?,Answer:,Answer with one word: Of what meal is this kind of food typical? Of what meal is this kind of food typical? Answer:,lunch,"[""Break"", ""Even"", ""L"", ""D""]",Break,http://images.cocodataset.org/train2014/COCO_train2014_000000524377.jpg
other,What type of food is shown?,Answer:,Answer with one word: What type of food is shown? What type of food is shown? Answer:,hot dog,"[""Hot"", ""Sand"", ""Veg"", ""American""]",Hot,http://images.cocodataset.org/train2014/COCO_train2014_000000524377.jpg
other,What is the topping on the hot dog?,Answer:,Answer with one word: What is the topping on the hot dog? What is the topping on the hot dog? Answer:,peppers,"[""Sau"", ""Rel"", ""Must"", ""Car""]",Sau,http://images.cocodataset.org/train2014/COCO_train2014_000000524377.jpg
other,What topping is on the hot dog?,Answer:,Answer with one word: What topping is on the hot dog? What topping is on the hot dog? Answer:,onions,"[""Sau"", ""Rel"", ""Must"", ""Car""]",Sau,http://images.cocodataset.org/train2014/COCO_train2014_000000524377.jpg
other,What is in the small container?,Answer:,Answer with one word: What is in the small container? What is in the small container? Answer:,butter,"[""But"", ""May"", ""Sau"", ""Must""]",But,http://images.cocodataset.org/train2014/COCO_train2014_000000524377.jpg
other,What are the components of this dish?,Answer:,Answer with one word: What are the components of this dish? What are the components of this dish? Answer:,butter,"[""Hot"", ""Bun"", ""Car"", ""What""]",Hot,http://images.cocodataset.org/train2014/COCO_train2014_000000524377.jpg
other,How delicious does this look?,Answer:,Answer with one word: How delicious does this look? How delicious does this look? Answer:,very,"[""Very"", ""Del"", ""Ext"", ""Not""]",Very,http://images.cocodataset.org/train2014/COCO_train2014_000000524377.jpg
other,What two vegetables are in the white bowl?,Answer:,Answer with one word: What two vegetables are in the white bowl? What two vegetables are in the white bowl? Answer:,none,"[""Car"", ""Pot"", ""But"", ""Par""]",Car,http://images.cocodataset.org/train2014/COCO_train2014_000000524377.jpg
other,What type of filling is in the dish on the bottom left?,Answer:,Answer with one word: What type of filling is in the dish on the bottom left? What type of filling is in the dish on the bottom left? Answer:,mayonnaise,"[""But"", ""May"", ""Pot"", ""Che""]",But,http://images.cocodataset.org/train2014/COCO_train2014_000000524377.jpg
other,What is the yellow stuff in a bowl?,Answer:,Answer with one word: What is the yellow stuff in a bowl? What is the yellow stuff in a bowl? Answer:,butter,"[""May"", ""But"", ""Must"", ""Sau""]",May,http://images.cocodataset.org/train2014/COCO_train2014_000000524377.jpg
other,What is the hot dog sitting on top of?,Answer:,Answer with one word: What is the hot dog sitting on top of? What is the hot dog sitting on top of? Answer:,bun,"[""Bun"", ""Hot"", ""Sau"", ""Sand""]",Bun,http://images.cocodataset.org/train2014/COCO_train2014_000000524377.jpg
other,What are the orange things?,Answer:,Answer with one word: What are the orange things? What are the orange things? Answer:,sweet potato fries,"[""Car"", ""Pot"", ""Par"", ""Hot""]",Car,http://images.cocodataset.org/train2014/COCO_train2014_000000524377.jpg
other,Are the carrots diced or cut long ways?,Answer:,Answer with one word: Are the carrots diced or cut long ways? Are the carrots diced or cut long ways? Answer:,long ways,"[""Long"", ""Are"", ""Car"", ""Yes""]",Long,http://images.cocodataset.org/train2014/COCO_train2014_000000524377.jpg
other,What is in the cup?,Answer:,Answer with one word: What is in the cup? What is in the cup? Answer:,mayo,"[""But"", ""May"", ""Sau"", ""Must""]",But,http://images.cocodataset.org/train2014/COCO_train2014_000000524377.jpg
other,What is the orange root called?,Answer:,Answer with one word: What is the orange root called? What is the orange root called? Answer:,sweet potato,"[""Car"", ""Par"", ""Pot"", ""What""]",Car,http://images.cocodataset.org/train2014/COCO_train2014_000000524377.jpg
other,What is the blackened meat on the bread?,Answer:,Answer with one word: What is the blackened meat on the bread? What is the blackened meat on the bread? Answer:,hot dog,"[""Hot"", ""Bur"", ""Ste"", ""S""]",Hot,http://images.cocodataset.org/train2014/COCO_train2014_000000524377.jpg
other,What is on the sandwich?,Answer:,Answer with one word: What is on the sandwich? What is on the sandwich? Answer:,hot dog,"[""Sau"", ""Hot"", ""Rel"", ""Must""]",Sau,http://images.cocodataset.org/train2014/COCO_train2014_000000524377.jpg
other,What animal is on the plate?,Answer:,Answer with one word: What animal is on the plate? What animal is on the plate? Answer:,pig,"[""Dog"", ""Hot"", ""Hor"", ""Bun""]",Dog,http://images.cocodataset.org/train2014/COCO_train2014_000000524377.jpg
other,What is on the hotdog?,Answer:,Answer with one word: What is on the hotdog? What is on the hotdog? Answer:,onions,"[""Sau"", ""Must"", ""Rel"", ""Bun""]",Sau,http://images.cocodataset.org/train2014/COCO_train2014_000000524377.jpg
other,What two vegetables can be seen on the pizza?,Answer:,Answer with one word: What two vegetables can be seen on the pizza? What two vegetables can be seen on the pizza? Answer:,none,"[""Car"", ""Pot"", ""Par"", ""Corn""]",Car,http://images.cocodataset.org/train2014/COCO_train2014_000000524377.jpg
other,What condiment is on the potatoes?,Answer:,Answer with one word: What condiment is on the potatoes? What condiment is on the potatoes? Answer:,butter,"[""But"", ""May"", ""Must"", ""Par""]",But,http://images.cocodataset.org/train2014/COCO_train2014_000000524377.jpg
other,What sauces are shown?,Answer:,Answer with one word: What sauces are shown? What sauces are shown? Answer:,butter,"[""Must"", ""May"", ""But"", ""None""]",Must,http://images.cocodataset.org/train2014/COCO_train2014_000000524377.jpg
other,What is mainly featured?,Answer:,Answer with one word: What is mainly featured? What is mainly featured? Answer:,hot dog,"[""Hot"", ""Bun"", ""Sand"", ""Car""]",Hot,http://images.cocodataset.org/train2014/COCO_train2014_000000524377.jpg
other,What is the pattern on the vase?,Answer:,Answer with one word: What is the pattern on the vase? What is the pattern on the vase? Answer:,floral,"[""Flor"", ""Flow"", ""What"", ""F""]",Flor,http://images.cocodataset.org/train2014/COCO_train2014_000000393306.jpg
other,What is the primary color of the bathroom?,Answer:,Answer with one word: What is the primary color of the bathroom? What is the primary color of the bathroom? Answer:,yellow,"[""Green"", ""White"", ""Blue"", ""Orange""]",Green,http://images.cocodataset.org/train2014/COCO_train2014_000000262159.jpg
other,What is printed on the orange sign?,Answer:,Answer with one word: What is printed on the orange sign? What is printed on the orange sign? Answer:,pizza,"[""Peace"", ""Let"", ""Way"", ""Word""]",Peace,http://images.cocodataset.org/train2014/COCO_train2014_000000000094.jpg
other,What is the name of the hotel?,Answer:,Answer with one word: What is the name of the hotel? What is the name of the hotel? Answer:,peace way,"[""Peace"", ""Way"", ""What"", ""Hotel""]",Peace,http://images.cocodataset.org/train2014/COCO_train2014_000000000094.jpg
other,What mode of transportation is pictured?,Answer:,Answer with one word: What mode of transportation is pictured? What mode of transportation is pictured? Answer:,car,"[""Car"", ""Tax"", ""Van"", ""Bus""]",Car,http://images.cocodataset.org/train2014/COCO_train2014_000000000094.jpg
other,What airline is this?,Answer:,Answer with one word: What airline is this? What airline is this? Answer:,everts air cargo,"[""Air"", ""Atlas"", ""Era"", ""Aer""]",Air,http://images.cocodataset.org/train2014/COCO_train2014_000000393311.jpg
other,The plane's stand resembles what letter?,Answer:,Answer with one word: The plane's stand resembles what letter? The plane's stand resembles what letter? Answer:,a,"[""E"", ""A"", ""B"", ""L""]",E,http://images.cocodataset.org/train2014/COCO_train2014_000000393311.jpg
other,What type of plane is this?,Answer:,Answer with one word: What type of plane is this? What type of plane is this? Answer:,cargo,"[""Air"", ""Prop"", ""Pass"", ""Jet""]",Air,http://images.cocodataset.org/train2014/COCO_train2014_000000393311.jpg
other,What is written on the picture?,Answer:,Answer with one word: What is written on the picture? What is written on the picture? Answer:,dutchsimba,"[""Dutch"", ""What"", ""dut"", ""what""]",Dutch,http://images.cocodataset.org/train2014/COCO_train2014_000000393311.jpg
other,What shipping company is represented in the scene?,Answer:,Answer with one word: What shipping company is represented in the scene? What shipping company is represented in the scene? Answer:,everts air cargo,"[""Air"", ""Atlas"", ""Fed"", ""Pan""]",Air,http://images.cocodataset.org/train2014/COCO_train2014_000000393311.jpg
other,What airline is this plane from?,Answer:,Answer with one word: What airline is this plane from? What airline is this plane from? Answer:,everts air cargo,"[""Air"", ""Atlas"", ""Era"", ""Aer""]",Air,http://images.cocodataset.org/train2014/COCO_train2014_000000393311.jpg
other,How does the man get down from the machine?,Answer:,Answer with one word: How does the man get down from the machine? How does the man get down from the machine? Answer:,stairs,"[""Lad"", ""Ste"", ""With"", ""lad""]",Lad,http://images.cocodataset.org/train2014/COCO_train2014_000000393311.jpg
other,What is the picture of on wall?,Answer:,Answer with one word: What is the picture of on wall? What is the picture of on wall? Answer:,abstract,"[""Person"", ""Picture"", ""Family"", ""People""]",Person,http://images.cocodataset.org/train2014/COCO_train2014_000000524386.jpg
other,What is on the carpet?,Answer:,Answer with one word: What is on the carpet? What is on the carpet? Answer:,rug,"[""Mat"", ""Car"", ""Chair"", ""Table""]",Mat,http://images.cocodataset.org/train2014/COCO_train2014_000000524386.jpg
other,What are the ladies doing?,Answer:,Answer with one word: What are the ladies doing? What are the ladies doing? Answer:,texting,"[""Text"", ""Looking"", ""Using"", ""They""]",Text,http://images.cocodataset.org/train2014/COCO_train2014_000000131172.jpg
other,What is written on the street?,Answer:,Answer with one word: What is written on the street? What is written on the street? Answer:,nothing,"[""Green"", ""Street"", ""What"", ""Gre""]",Green,http://images.cocodataset.org/train2014/COCO_train2014_000000393317.jpg
other,Urban or suburban?,Answer:,Answer with one word: Urban or suburban? Urban or suburban? Answer:,urban,"[""Urban"", ""Sub"", ""City"", ""urban""]",Urban,http://images.cocodataset.org/train2014/COCO_train2014_000000393317.jpg
other,What type of vehicle is on the left?,Answer:,Answer with one word: What type of vehicle is on the left? What type of vehicle is on the left? Answer:,bus,"[""Bus"", ""Car"", ""Van"", ""Train""]",Bus,http://images.cocodataset.org/train2014/COCO_train2014_000000393317.jpg
other,What is being held green?,Answer:,Answer with one word: What is being held green? What is being held green? Answer:,light,"[""Bag"", ""Hand"", ""Sign"", ""Pur""]",Bag,http://images.cocodataset.org/train2014/COCO_train2014_000000393317.jpg
other,What time of day is it?,Answer:,Answer with one word: What time of day is it? What time of day is it? Answer:,afternoon,"[""Day"", ""Even"", ""Mor"", ""Night""]",Day,http://images.cocodataset.org/train2014/COCO_train2014_000000393317.jpg
other,What country name is written as the highest word on the bus?,Answer:,Answer with one word: What country name is written as the highest word on the bus? What country name is written as the highest word on the bus? Answer:,guatemala,"[""India"", ""Mexico"", ""China"", ""Nep""]",India,http://images.cocodataset.org/train2014/COCO_train2014_000000546151.jpg
other,What is the skier standing on?,Answer:,Answer with one word: What is the skier standing on? What is the skier standing on? Answer:,skis,"[""Snow"", ""Ski"", ""Mountain"", ""Ice""]",Snow,http://images.cocodataset.org/train2014/COCO_train2014_000000021826.jpg
other,What is the person doing?,Answer:,Answer with one word: What is the person doing? What is the person doing? Answer:,skiing,"[""Ski"", ""Cross"", ""Walk"", ""What""]",Ski,http://images.cocodataset.org/train2014/COCO_train2014_000000021826.jpg
other,What infrastructure would one drive on to go perpendicular to the water?,Answer:,Answer with one word: What infrastructure would one drive on to go perpendicular to the water? What infrastructure would one drive on to go perpendicular to the water? Answer:,boat,"[""Bridge"", ""Road"", ""Street"", ""Highway""]",Bridge,http://images.cocodataset.org/train2014/COCO_train2014_000000000109.jpg
other,What pizza topping is this?,Answer:,Answer with one word: What pizza topping is this? What pizza topping is this? Answer:,cheese,"[""Che"", ""Tom"", ""None"", ""Veg""]",Che,http://images.cocodataset.org/train2014/COCO_train2014_000000000110.jpg
other,What is in the vase next to the flowers?,Answer:,Answer with one word: What is in the vase next to the flowers? What is in the vase next to the flowers? Answer:,paper,"[""Pap"", ""Orig"", ""Sun"", ""Flow""]",Pap,http://images.cocodataset.org/train2014/COCO_train2014_000000305853.jpg
other,Are these flowers real or silk?,Answer:,Answer with one word: Are these flowers real or silk? Are these flowers real or silk? Answer:,real,"[""Real"", ""Sil"", ""Yes"", ""Flow""]",Real,http://images.cocodataset.org/train2014/COCO_train2014_000000305853.jpg
other,England's Queen mother and these blooms share what syllable?,Answer:,Answer with one word: England's Queen mother and these blooms share what syllable? England's Queen mother and these blooms share what syllable? Answer:,sun,"[""Elizabeth"", ""Sun"", ""England"", ""E""]",Elizabeth,http://images.cocodataset.org/train2014/COCO_train2014_000000305853.jpg
other,What emblem is on the cake?,Answer:,Answer with one word: What emblem is on the cake? What emblem is on the cake? Answer:,words,"[""Cross"", ""Star"", ""Crown"", ""None""]",Cross,http://images.cocodataset.org/train2014/COCO_train2014_000000000113.jpg
other,Are they outside or in?,Answer:,Answer with one word: Are they outside or in? Are they outside or in? Answer:,inside,"[""Inside"", ""Out"", ""Are"", ""Ind""]",Inside,http://images.cocodataset.org/train2014/COCO_train2014_000000000113.jpg
other,What are the initials on the cake?,Answer:,Answer with one word: What are the initials on the cake? What are the initials on the cake? Answer:,md,"[""What"", ""J"", ""D"", ""R""]",What,http://images.cocodataset.org/train2014/COCO_train2014_000000000113.jpg
other,What utensil is in the pan?,Answer:,Answer with one word: What utensil is in the pan? What utensil is in the pan? Answer:,knife,"[""Spo"", ""But"", ""None"", ""Kn""]",Spo,http://images.cocodataset.org/train2014/COCO_train2014_000000262261.jpg
other,What is the red vegetable in the clear dish?,Answer:,Answer with one word: What is the red vegetable in the clear dish? What is the red vegetable in the clear dish? Answer:,tomato,"[""Tom"", ""Cher"", ""Wat"", ""Tomatoes""]",Tom,http://images.cocodataset.org/train2014/COCO_train2014_000000262261.jpg
other,What tree is on the left?,Answer:,Answer with one word: What tree is on the left? What tree is on the left? Answer:,evergreen,"[""Oak"", ""Map"", ""Green"", ""Will""]",Oak,http://images.cocodataset.org/train2014/COCO_train2014_000000131190.jpg
other,What is the material right around the clock?,Answer:,Answer with one word: What is the material right around the clock? What is the material right around the clock? Answer:,wood,"[""Wood"", ""Stone"", ""Metal"", ""Con""]",Wood,http://images.cocodataset.org/train2014/COCO_train2014_000000131190.jpg
other,How tall is this building?,Answer:,Answer with one word: How tall is this building? How tall is this building? Answer:,100 feet,"[""Very"", ""How"", ""Not"", ""This""]",Very,http://images.cocodataset.org/train2014/COCO_train2014_000000131190.jpg
other,What materials are on the roof?,Answer:,Answer with one word: What materials are on the roof? What materials are on the roof? Answer:,shingles,"[""Wood"", ""Metal"", ""Clay"", ""Stone""]",Wood,http://images.cocodataset.org/train2014/COCO_train2014_000000131190.jpg
other,What is in gold at the top of the building?,Answer:,Answer with one word: What is in gold at the top of the building? What is in gold at the top of the building? Answer:,clock,"[""Let"", ""Num"", ""Roman"", ""Gold""]",Let,http://images.cocodataset.org/train2014/COCO_train2014_000000131190.jpg
other,What are on both side of the building?,Answer:,Answer with one word: What are on both side of the building? What are on both side of the building? Answer:,trees,"[""Bush"", ""Tre"", ""Windows"", ""Flow""]",Bush,http://images.cocodataset.org/train2014/COCO_train2014_000000131190.jpg
other,What is around the tree?,Answer:,Answer with one word: What is around the tree? What is around the tree? Answer:,building,"[""Bush"", ""Flow"", ""F"", ""Le""]",Bush,http://images.cocodataset.org/train2014/COCO_train2014_000000131190.jpg
other,What is the woman doing in this photo?,Answer:,Answer with one word: What is the woman doing in this photo? What is the woman doing in this photo? Answer:,petting sheep,"[""Pet"", ""She"", ""What"", ""Looking""]",Pet,http://images.cocodataset.org/train2014/COCO_train2014_000000131197.jpg
other,What are the sheep standing on?,Answer:,Answer with one word: What are the sheep standing on? What are the sheep standing on? Answer:,hay,"[""Hay"", ""Bed"", ""What"", ""St""]",Hay,http://images.cocodataset.org/train2014/COCO_train2014_000000131197.jpg
other,What is the woman feeding the animal?,Answer:,Answer with one word: What is the woman feeding the animal? What is the woman feeding the animal? Answer:,hay,"[""Hay"", ""Mil"", ""Food"", ""She""]",Hay,http://images.cocodataset.org/train2014/COCO_train2014_000000131197.jpg
other,What type of silverware is on the plates?,Answer:,Answer with one word: What type of silverware is on the plates? What type of silverware is on the plates? Answer:,knife and spoon,"[""But"", ""Spo"", ""None"", ""What""]",But,http://images.cocodataset.org/train2014/COCO_train2014_000000000127.jpg
other,What is the man holding in his left hand?,Answer:,Answer with one word: What is the man holding in his left hand? What is the man holding in his left hand? Answer:,ski pole,"[""Ski"", ""Pol"", ""Glo"", ""Nothing""]",Ski,http://images.cocodataset.org/train2014/COCO_train2014_000000262273.jpg
other,What is the color of the zipper?,Answer:,Answer with one word: What is the color of the zipper? What is the color of the zipper? Answer:,black,"[""Black"", ""Gray"", ""White"", ""Silver""]",Black,http://images.cocodataset.org/train2014/COCO_train2014_000000262273.jpg
other,Are the boots a solid color or patterned?,Answer:,Answer with one word: Are the boots a solid color or patterned? Are the boots a solid color or patterned? Answer:,patterned,"[""Pattern"", ""Sol"", ""Are"", ""Yes""]",Pattern,http://images.cocodataset.org/train2014/COCO_train2014_000000262273.jpg
other,What are the people doing in the street?,Answer:,Answer with one word: What are the people doing in the street? What are the people doing in the street? Answer:,walking,"[""Walk"", ""They"", ""What"", ""Looking""]",Walk,http://images.cocodataset.org/train2014/COCO_train2014_000000524420.jpg
other,What is floating near the bird?,Answer:,Answer with one word: What is floating near the bird? What is floating near the bird? Answer:,ice,"[""Snow"", ""Fish"", ""Log"", ""Bird""]",Snow,http://images.cocodataset.org/train2014/COCO_train2014_000000436929.jpg
other,What brand of soda is advertised?,Answer:,Answer with one word: What brand of soda is advertised? What brand of soda is advertised? Answer:,pepsi,"[""Diet"", ""What"", ""Mountain"", ""Spr""]",Diet,http://images.cocodataset.org/train2014/COCO_train2014_000000284012.jpg
other,What Mexican food restaurant chain is advertised?,Answer:,Answer with one word: What Mexican food restaurant chain is advertised? What Mexican food restaurant chain is advertised? Answer:,del taco,"[""What"", ""Del"", ""Casa"", ""T""]",What,http://images.cocodataset.org/train2014/COCO_train2014_000000284012.jpg
other,How is the turnout?,Answer:,Answer with one word: How is the turnout? How is the turnout? Answer:,good,"[""Good"", ""Lar"", ""Very"", ""Great""]",Good,http://images.cocodataset.org/train2014/COCO_train2014_000000284012.jpg
other,What is the large sculpture next to the oversized cola bottle?,Answer:,Answer with one word: What is the large sculpture next to the oversized cola bottle? What is the large sculpture next to the oversized cola bottle? Answer:,building,"[""Stat"", ""What"", ""Light"", ""Baseball""]",Stat,http://images.cocodataset.org/train2014/COCO_train2014_000000284012.jpg
other,What time is it?,Answer:,Answer with one word: What time is it? What time is it? Answer:,1:50,"[""What"", ""Time"", ""Not"", """"]",What,http://images.cocodataset.org/train2014/COCO_train2014_000000000138.jpg
other,What continent might this be?,Answer:,Answer with one word: What continent might this be? What continent might this be? Answer:,africa,"[""Africa"", ""Ant"", ""South"", ""North""]",Africa,http://images.cocodataset.org/train2014/COCO_train2014_000000262285.jpg
other,What type of fruit is on the plate?,Answer:,Answer with one word: What type of fruit is on the plate? What type of fruit is on the plate? Answer:,banana,"[""Ban"", ""ban"", ""What"", ""Yes""]",Ban,http://images.cocodataset.org/train2014/COCO_train2014_000000000142.jpg
other,What is in the blue chair?,Answer:,Answer with one word: What is in the blue chair? What is in the blue chair? Answer:,teddy bears,"[""Ted"", ""Toy"", ""Fig"", ""Figure""]",Ted,http://images.cocodataset.org/train2014/COCO_train2014_000000131215.jpg
other,What type of footwear is the person wearing?,Answer:,Answer with one word: What type of footwear is the person wearing? What type of footwear is the person wearing? Answer:,socks,"[""None"", ""Sho"", ""Tennis"", ""What""]",None,http://images.cocodataset.org/train2014/COCO_train2014_000000131215.jpg
other,What are the animals doing?,Answer:,Answer with one word: What are the animals doing? What are the animals doing? Answer:,eating,"[""Stand"", ""What"", ""They"", ""Gra""]",Stand,http://images.cocodataset.org/train2014/COCO_train2014_000000000144.jpg
other,What type of animal is in the picture?,Answer:,Answer with one word: What type of animal is in the picture? What type of animal is in the picture? Answer:,giraffe,"[""What"", ""Animal"", ""Gir"", ""Hor""]",What,http://images.cocodataset.org/train2014/COCO_train2014_000000000144.jpg
other,What does the front of the bus say at the top?,Answer:,Answer with one word: What does the front of the bus say at the top? What does the front of the bus say at the top? Answer:,special,"[""Special"", ""Spe"", ""What"", ""Bus""]",Special,http://images.cocodataset.org/train2014/COCO_train2014_000000131225.jpg
other,What direction are the animals heading?,Answer:,Answer with one word: What direction are the animals heading? What direction are the animals heading? Answer:,right,"[""Right"", ""Left"", ""North"", ""South""]",Right,http://images.cocodataset.org/train2014/COCO_train2014_000000000154.jpg
other,Is the zebra walking or standing still?,Answer:,Answer with one word: Is the zebra walking or standing still? Is the zebra walking or standing still? Answer:,walking,"[""Walk"", ""Stand"", ""Still"", ""walking""]",Walk,http://images.cocodataset.org/train2014/COCO_train2014_000000000154.jpg
other,Number of animals?,Answer:,Answer with one word: Number of animals? Number of animals? Answer:,3,"[""Number"", ""Yes"", ""Two"", ""More""]",Number,http://images.cocodataset.org/train2014/COCO_train2014_000000000154.jpg
other,What is on the plate?,Answer:,Answer with one word: What is on the plate? What is on the plate? Answer:,cupcake,"[""Cup"", ""Don"", ""Cook"", ""Pas""]",Cup,http://images.cocodataset.org/train2014/COCO_train2014_000000393375.jpg
other,What are the pink pieces of paper called?,Answer:,Answer with one word: What are the pink pieces of paper called? What are the pink pieces of paper called? Answer:,post-its,"[""Post"", ""Notes"", ""Note"", ""Flag""]",Post,http://images.cocodataset.org/train2014/COCO_train2014_000000393375.jpg
other,What is the green stuff?,Answer:,Answer with one word: What is the green stuff? What is the green stuff? Answer:,broccoli,"[""Bro"", ""Veg"", ""bro"", ""What""]",Bro,http://images.cocodataset.org/train2014/COCO_train2014_000000393379.jpg
other,Is this a finger food or dish?,Answer:,Answer with one word: Is this a finger food or dish? Is this a finger food or dish? Answer:,dish,"[""Yes"", ""Food"", ""Both"", ""D""]",Yes,http://images.cocodataset.org/train2014/COCO_train2014_000000393379.jpg
other,What ICING IS USED ON THIS CAKE?,Answer:,Answer with one word: What ICING IS USED ON THIS CAKE? What ICING IS USED ON THIS CAKE? Answer:,vanilla,"[""But"", ""Van"", ""What"", ""White""]",But,http://images.cocodataset.org/train2014/COCO_train2014_000000262308.jpg
other,What is the figure on the cupcake?,Answer:,Answer with one word: What is the figure on the cupcake? What is the figure on the cupcake? Answer:,soldier,"[""Man"", ""Sold"", ""Woman"", ""Person""]",Man,http://images.cocodataset.org/train2014/COCO_train2014_000000262308.jpg
other,What flavor is the cupcake?,Answer:,Answer with one word: What flavor is the cupcake? What flavor is the cupcake? Answer:,vanilla,"[""Van"", ""Car"", ""van"", ""Cher""]",Van,http://images.cocodataset.org/train2014/COCO_train2014_000000262308.jpg
other,What is the woman doing?,Answer:,Answer with one word: What is the woman doing? What is the woman doing? Answer:,cutting tie,"[""What"", ""She"", ""Hold"", ""C""]",What,http://images.cocodataset.org/train2014/COCO_train2014_000000000165.jpg
other,What room is this?,Answer:,Answer with one word: What room is this? What room is this? Answer:,living room,"[""Living"", ""Par"", ""Hall"", ""Ball""]",Living,http://images.cocodataset.org/train2014/COCO_train2014_000000415089.jpg
other,What is the boy doing?,Answer:,Answer with one word: What is the boy doing? What is the boy doing? Answer:,herding,"[""Walk"", ""Hold"", ""What"", ""Car""]",Walk,http://images.cocodataset.org/train2014/COCO_train2014_000000131245.jpg
other,What animal is on the walls?,Answer:,Answer with one word: What animal is on the walls? What animal is on the walls? Answer:,fish,"[""But"", ""None"", ""Fish"", ""Bird""]",But,http://images.cocodataset.org/train2014/COCO_train2014_000000393394.jpg
other,Sunny or overcast?,Answer:,Answer with one word: Sunny or overcast? Sunny or overcast? Answer:,overcast,"[""Over"", ""Sun"", ""Snow"", ""Cloud""]",Over,http://images.cocodataset.org/train2014/COCO_train2014_000000393396.jpg
other,What is the color of the roof shingles?,Answer:,Answer with one word: What is the color of the roof shingles? What is the color of the roof shingles? Answer:,gray,"[""Brown"", ""Gray"", ""Red"", ""Black""]",Brown,http://images.cocodataset.org/train2014/COCO_train2014_000000393396.jpg
other,What symbol sits atop the tower?,Answer:,Answer with one word: What symbol sits atop the tower? What symbol sits atop the tower? Answer:,cross,"[""Cross"", ""Cru"", ""Christian"", ""What""]",Cross,http://images.cocodataset.org/train2014/COCO_train2014_000000393396.jpg
other,What is the grate for?,Answer:,Answer with one word: What is the grate for? What is the grate for? Answer:,toaster oven,"[""Cook"", ""Food"", ""What"", ""Air""]",Cook,http://images.cocodataset.org/train2014/COCO_train2014_000000524471.jpg
other,What time is it?,Answer:,Answer with one word: What time is it? What time is it? Answer:,11:55,"[""What"", ""Day"", ""Time"", """"]",What,http://images.cocodataset.org/train2014/COCO_train2014_000000262329.jpg
other,What is the brown object with a clock on it?,Answer:,Answer with one word: What is the brown object with a clock on it? What is the brown object with a clock on it? Answer:,birdhouse,"[""Tower"", ""Bell"", ""Building"", ""Bird""]",Tower,http://images.cocodataset.org/train2014/COCO_train2014_000000262329.jpg
other,What number bus is this?,Answer:,Answer with one word: What number bus is this? What number bus is this? Answer:,892,"[""What"", ""This"", ""Bus"", ""Number""]",What,http://images.cocodataset.org/train2014/COCO_train2014_000000393403.jpg
other,What is the woman holding?,Answer:,Answer with one word: What is the woman holding? What is the woman holding? Answer:,hair dryer,"[""Cat"", ""Dog"", ""Com"", ""Pet""]",Cat,http://images.cocodataset.org/train2014/COCO_train2014_000000524476.jpg
other,What shape is at the bottom of the pole?,Answer:,Answer with one word: What shape is at the bottom of the pole? What shape is at the bottom of the pole? Answer:,rectangle,"[""Circle"", ""Tri"", ""Round"", ""Square""]",Circle,http://images.cocodataset.org/train2014/COCO_train2014_000000257513.jpg
other,What type of bed is in the picture?,Answer:,Answer with one word: What type of bed is in the picture? What type of bed is in the picture? Answer:,bunk bed,"[""Double"", ""Fut"", ""Day"", ""Bed""]",Double,http://images.cocodataset.org/train2014/COCO_train2014_000000257513.jpg
other,What is he cooking?,Answer:,Answer with one word: What is he cooking? What is he cooking? Answer:,hot dogs,"[""Hot"", ""What"", ""Hamburg"", ""Hamb""]",Hot,http://images.cocodataset.org/train2014/COCO_train2014_000000524486.jpg
other,Is this a new or ancient clock?,Answer:,Answer with one word: Is this a new or ancient clock? Is this a new or ancient clock? Answer:,ancient,"[""New"", ""Old"", ""Ant"", ""ancient""]",New,http://images.cocodataset.org/train2014/COCO_train2014_000000458785.jpg
other,What time does the clock read?,Answer:,Answer with one word: What time does the clock read? What time does the clock read? Answer:,12:55,"[""What"", ""what"", """", ""No""]",What,http://images.cocodataset.org/train2014/COCO_train2014_000000458785.jpg
other,What mountain was this taken at?,Answer:,Answer with one word: What mountain was this taken at? What mountain was this taken at? Answer:,lookout,"[""Mount"", ""Ever"", ""Asp"", ""What""]",Mount,http://images.cocodataset.org/train2014/COCO_train2014_000000000201.jpg
other,What is the black thing he is wearing?,Answer:,Answer with one word: What is the black thing he is wearing? What is the black thing he is wearing? Answer:,apron,"[""apr"", ""Jack"", ""Hat"", ""Glo""]",apr,http://images.cocodataset.org/train2014/COCO_train2014_000000393418.jpg
other,What is the man doing in the picture?,Answer:,Answer with one word: What is the man doing in the picture? What is the man doing in the picture? Answer:,cooking,"[""What"", ""Cook"", ""Using"", ""C""]",What,http://images.cocodataset.org/train2014/COCO_train2014_000000393418.jpg
other,What is the cartoon man presenting to the cartoon woman?,Answer:,Answer with one word: What is the cartoon man presenting to the cartoon woman? What is the cartoon man presenting to the cartoon woman? Answer:,ring,"[""Ring"", ""Eng"", ""Mar"", ""Wed""]",Ring,http://images.cocodataset.org/train2014/COCO_train2014_000000393419.jpg
other,What does the sign with the white arrow say?,Answer:,Answer with one word: What does the sign with the white arrow say? What does the sign with the white arrow say? Answer:,one way,"[""One"", ""What"", ""one"", """"]",One,http://images.cocodataset.org/train2014/COCO_train2014_000000393419.jpg
other,"What is above the ""No Left Turn"" sign?",Answer:,"Answer with one word: What is above the ""No Left Turn"" sign? What is above the ""No Left Turn"" sign? Answer:",one way,"[""Tra"", ""Street"", ""One"", ""Sign""]",Tra,http://images.cocodataset.org/train2014/COCO_train2014_000000393419.jpg
other,What is the sign says?,Answer:,Answer with one word: What is the sign says? What is the sign says? Answer:,stop,"[""Stop"", ""What"", ""stop"", ""what""]",Stop,http://images.cocodataset.org/train2014/COCO_train2014_000000393422.jpg
other,What gender are both of the children likely to be?,Answer:,Answer with one word: What gender are both of the children likely to be? What gender are both of the children likely to be? Answer:,female,"[""Fem"", ""Male"", ""Girl"", ""Boy""]",Fem,http://images.cocodataset.org/train2014/COCO_train2014_000000131279.jpg
other,What is the one girl doing to the other girl's hair?,Answer:,Answer with one word: What is the one girl doing to the other girl's hair? What is the one girl doing to the other girl's hair? Answer:,brushing,"[""Com"", ""Bra"", ""Pla"", ""Put""]",Com,http://images.cocodataset.org/train2014/COCO_train2014_000000131279.jpg
other,Something new to wear with a men's shirt?,Answer:,Answer with one word: Something new to wear with a men's shirt? Something new to wear with a men's shirt? Answer:,tie,"[""Yes"", ""Something"", ""T"", ""No""]",Yes,http://images.cocodataset.org/train2014/COCO_train2014_000000448671.jpg
other,How much did they pay for the hot dogs?,Answer:,Answer with one word: How much did they pay for the hot dogs? How much did they pay for the hot dogs? Answer:,1,"[""Lot"", ""How"", ""Mill"", ""They""]",Lot,http://images.cocodataset.org/train2014/COCO_train2014_000000393428.jpg
other,What is in the man's hand?,Answer:,Answer with one word: What is in the man's hand? What is in the man's hand? Answer:,tennis racket,"[""Tennis"", ""Ball"", ""Bat"", ""Nothing""]",Tennis,http://images.cocodataset.org/train2014/COCO_train2014_000000554301.jpg
other,What silverware is on the table?,Answer:,Answer with one word: What silverware is on the table? What silverware is on the table? Answer:,knife and fork,"[""Spo"", ""But"", ""None"", ""Silver""]",Spo,http://images.cocodataset.org/train2014/COCO_train2014_000000262359.jpg
other,What type of animal is it?,Answer:,Answer with one word: What type of animal is it? What type of animal is it? Answer:,cat,"[""Cat"", ""What"", ""House"", ""Dog""]",Cat,http://images.cocodataset.org/train2014/COCO_train2014_000000393432.jpg
other,What is the man standing on?,Answer:,Answer with one word: What is the man standing on? What is the man standing on? Answer:,sand,"[""Sand"", ""Beach"", ""Sur"", ""Ocean""]",Sand,http://images.cocodataset.org/train2014/COCO_train2014_000000474858.jpg
other,What are these men standing in front of?,Answer:,Answer with one word: What are these men standing in front of? What are these men standing in front of? Answer:,ocean,"[""Ocean"", ""Sur"", ""Water"", ""Sand""]",Ocean,http://images.cocodataset.org/train2014/COCO_train2014_000000474858.jpg
other,What is the temperature outside?,Answer:,Answer with one word: What is the temperature outside? What is the temperature outside? Answer:,cold,"[""Cold"", ""What"", ""Very"", ""Hot""]",Cold,http://images.cocodataset.org/train2014/COCO_train2014_000000474858.jpg
other,What is lying on the ground?,Answer:,Answer with one word: What is lying on the ground? What is lying on the ground? Answer:,surfboard,"[""Sur"", ""Sand"", ""Board"", ""Wind""]",Sur,http://images.cocodataset.org/train2014/COCO_train2014_000000474858.jpg
other,What is flying in the air?,Answer:,Answer with one word: What is flying in the air? What is flying in the air? Answer:,kites,"[""Par"", ""Sur"", ""Wind"", ""Bird""]",Par,http://images.cocodataset.org/train2014/COCO_train2014_000000474858.jpg
other,What brand of shoes is the skateboarder wearing?,Answer:,Answer with one word: What brand of shoes is the skateboarder wearing? What brand of shoes is the skateboarder wearing? Answer:,none,"[""Cro"", ""None"", ""Con"", ""What""]",Cro,http://images.cocodataset.org/train2014/COCO_train2014_000000474858.jpg
other,What type of clouds are visible in this photo?,Answer:,Answer with one word: What type of clouds are visible in this photo? What type of clouds are visible in this photo? Answer:,cumulus,"[""Str"", ""Cir"", ""White"", ""Gray""]",Str,http://images.cocodataset.org/train2014/COCO_train2014_000000474858.jpg
other,What is the man doing?,Answer:,Answer with one word: What is the man doing? What is the man doing? Answer:,standing,"[""Stand"", ""Looking"", ""What"", ""Sur""]",Stand,http://images.cocodataset.org/train2014/COCO_train2014_000000474858.jpg
other,Is the person on the right male or female?,Answer:,Answer with one word: Is the person on the right male or female? Is the person on the right male or female? Answer:,male,"[""Male"", ""Fem"", ""Yes"", ""male""]",Male,http://images.cocodataset.org/train2014/COCO_train2014_000000474858.jpg
other,What object is painted on the surfboard?,Answer:,Answer with one word: What object is painted on the surfboard? What object is painted on the surfboard? Answer:,star,"[""Sur"", ""Fish"", ""Star"", ""Bird""]",Sur,http://images.cocodataset.org/train2014/COCO_train2014_000000474858.jpg
other,What does the train ride along?,Answer:,Answer with one word: What does the train ride along? What does the train ride along? Answer:,tracks,"[""Train"", ""Tra"", ""Rail"", ""Track""]",Train,http://images.cocodataset.org/train2014/COCO_train2014_000000165859.jpg
other,What is turned on?,Answer:,Answer with one word: What is turned on? What is turned on? Answer:,light,"[""Light"", ""Cand"", ""Lan"", ""Lam""]",Light,http://images.cocodataset.org/train2014/COCO_train2014_000000039288.jpg
other,What is the name of the yellow fruit pictured?,Answer:,Answer with one word: What is the name of the yellow fruit pictured? What is the name of the yellow fruit pictured? Answer:,banana,"[""Ban"", ""Orange"", ""Gra"", ""Mel""]",Ban,http://images.cocodataset.org/train2014/COCO_train2014_000000039288.jpg
other,What shape are the plates?,Answer:,Answer with one word: What shape are the plates? What shape are the plates? Answer:,round,"[""Round"", ""Circle"", ""Square"", ""Rect""]",Round,http://images.cocodataset.org/train2014/COCO_train2014_000000524518.jpg
other,What indicates that this is for a party?,Answer:,Answer with one word: What indicates that this is for a party? What indicates that this is for a party? Answer:,many plates,"[""Party"", ""Table"", ""Number"", ""Bal""]",Party,http://images.cocodataset.org/train2014/COCO_train2014_000000524518.jpg
other,What two utensils are next to the plate?,Answer:,Answer with one word: What two utensils are next to the plate? What two utensils are next to the plate? Answer:,fork and knife,"[""Spo"", ""But"", ""None"", ""F""]",Spo,http://images.cocodataset.org/train2014/COCO_train2014_000000524518.jpg
other,How lucky is it that no one was walking on the sidewalk at that time?,Answer:,Answer with one word: How lucky is it that no one was walking on the sidewalk at that time? How lucky is it that no one was walking on the sidewalk at that time? Answer:,very,"[""Very"", ""Not"", ""Ext"", ""very""]",Very,http://images.cocodataset.org/train2014/COCO_train2014_000000524520.jpg
other,What traffic light is on?,Answer:,Answer with one word: What traffic light is on? What traffic light is on? Answer:,red,"[""Red"", ""Stop"", ""Right"", ""Tra""]",Red,http://images.cocodataset.org/train2014/COCO_train2014_000000524520.jpg
other,What number does the battery have on his shirt?,Answer:,Answer with one word: What number does the battery have on his shirt? What number does the battery have on his shirt? Answer:,11,"[""What"", ""Number"", """", ""The""]",What,http://images.cocodataset.org/train2014/COCO_train2014_000000524522.jpg
other,What team is the batter from?,Answer:,Answer with one word: What team is the batter from? What team is the batter from? Answer:,yankees,"[""Green"", ""White"", ""Red"", ""Yan""]",Green,http://images.cocodataset.org/train2014/COCO_train2014_000000524522.jpg
other,What objects are directly above the TV set?,Answer:,Answer with one word: What objects are directly above the TV set? What objects are directly above the TV set? Answer:,pictures,"[""Pictures"", ""Books"", ""Picture"", ""Book""]",Pictures,http://images.cocodataset.org/train2014/COCO_train2014_000000131312.jpg
other,What print is this woman's dress?,Answer:,Answer with one word: What print is this woman's dress? What print is this woman's dress? Answer:,dots,"[""Pol"", ""Sol"", ""Flor"", ""Check""]",Pol,http://images.cocodataset.org/train2014/COCO_train2014_000000131315.jpg
other,What is on the handlebars?,Answer:,Answer with one word: What is on the handlebars? What is on the handlebars? Answer:,bird,"[""Hel"", ""Glo"", ""Mir"", ""Bird""]",Hel,http://images.cocodataset.org/train2014/COCO_train2014_000000262389.jpg
other,What bird is on the man's bike?,Answer:,Answer with one word: What bird is on the man's bike? What bird is on the man's bike? Answer:,parrot,"[""Par"", ""Crow"", ""Bird"", ""Pel""]",Par,http://images.cocodataset.org/train2014/COCO_train2014_000000262389.jpg
other,What is the fence made of?,Answer:,Answer with one word: What is the fence made of? What is the fence made of? Answer:,metal,"[""Metal"", ""Wood"", ""Ste"", ""Iron""]",Metal,http://images.cocodataset.org/train2014/COCO_train2014_000000262393.jpg
other,What is the name of the street that starts with a color?,Answer:,Answer with one word: What is the name of the street that starts with a color? What is the name of the street that starts with a color? Answer:,greenwich,"[""Green"", ""What"", ""Street"", ""Yes""]",Green,http://images.cocodataset.org/train2014/COCO_train2014_000000000250.jpg
other,How can you tell the giraffe is in captivity?,Answer:,Answer with one word: How can you tell the giraffe is in captivity? How can you tell the giraffe is in captivity? Answer:,fence,"[""Yes"", ""Because"", ""There"", ""Its""]",Yes,http://images.cocodataset.org/train2014/COCO_train2014_000000131323.jpg
other,What is the name of the store behind the lady?,Answer:,Answer with one word: What is the name of the store behind the lady? What is the name of the store behind the lady? Answer:,pike place fish,"[""Fish"", ""Happy"", ""What"", ""Place""]",Fish,http://images.cocodataset.org/train2014/COCO_train2014_000000262399.jpg
other,What does the lady have in her mouth?,Answer:,Answer with one word: What does the lady have in her mouth? What does the lady have in her mouth? Answer:,fish,"[""Hot"", ""Don"", ""Food"", ""What""]",Hot,http://images.cocodataset.org/train2014/COCO_train2014_000000262399.jpg
other,What are the popsicle sticks used for?,Answer:,Answer with one word: What are the popsicle sticks used for? What are the popsicle sticks used for? Answer:,labels,"[""Ident"", ""Mark"", ""They"", ""Plant""]",Ident,http://images.cocodataset.org/train2014/COCO_train2014_000000131330.jpg
other,What is the structure in the background?,Answer:,Answer with one word: What is the structure in the background? What is the structure in the background? Answer:,teepee,"[""Indian"", ""Can"", ""What"", ""Native""]",Indian,http://images.cocodataset.org/train2014/COCO_train2014_000000524547.jpg
other,What are these people doing?,Answer:,Answer with one word: What are these people doing? What are these people doing? Answer:,snowboarding,"[""Snow"", ""Ski"", ""They"", ""Watch""]",Snow,http://images.cocodataset.org/train2014/COCO_train2014_000000524551.jpg
other,What is the white structure behind the ramp?,Answer:,Answer with one word: What is the white structure behind the ramp? What is the white structure behind the ramp? Answer:,teepee,"[""Indian"", ""What"", ""White"", ""Snow""]",Indian,http://images.cocodataset.org/train2014/COCO_train2014_000000524551.jpg
other,What is on the ground?,Answer:,Answer with one word: What is on the ground? What is on the ground? Answer:,snow,"[""Snow"", ""Tree"", ""Ice"", ""Mountain""]",Snow,http://images.cocodataset.org/train2014/COCO_train2014_000000393480.jpg
other,What is the man wearing?,Answer:,Answer with one word: What is the man wearing? What is the man wearing? Answer:,shorts,"[""Short"", ""Watch"", ""Nothing"", ""Board""]",Short,http://images.cocodataset.org/train2014/COCO_train2014_000000131339.jpg
other,What sport are they playing?,Answer:,Answer with one word: What sport are they playing? What sport are they playing? Answer:,soccer,"[""Soccer"", ""Football"", ""What"", ""Vol""]",Soccer,http://images.cocodataset.org/train2014/COCO_train2014_000000524557.jpg
other,Color is the goaltenders shirt?,Answer:,Answer with one word: Color is the goaltenders shirt? Color is the goaltenders shirt? Answer:,white,"[""Black"", ""White"", ""Red"", ""Green""]",Black,http://images.cocodataset.org/train2014/COCO_train2014_000000524557.jpg
other,Are they coworkers or best friends?,Answer:,Answer with one word: Are they coworkers or best friends? Are they coworkers or best friends? Answer:,best friends,"[""Best"", ""Cow"", ""Fri"", ""Yes""]",Best,http://images.cocodataset.org/train2014/COCO_train2014_000000131342.jpg
other,What is in the glass in the lower right?,Answer:,Answer with one word: What is in the glass in the lower right? What is in the glass in the lower right? Answer:,wine,"[""Red"", ""Champ"", ""Mart"", ""Water""]",Red,http://images.cocodataset.org/train2014/COCO_train2014_000000131342.jpg
other,The wall is made out of?,Answer:,Answer with one word: The wall is made out of? The wall is made out of? Answer:,brick,"[""Stone"", ""Red"", ""Con"", ""Wood""]",Stone,http://images.cocodataset.org/train2014/COCO_train2014_000000131342.jpg
other,What does the sign in the background say?,Answer:,Answer with one word: What does the sign in the background say? What does the sign in the background say? Answer:,no parking,"[""What"", ""School"", ""Stop"", ""Bus""]",What,http://images.cocodataset.org/train2014/COCO_train2014_000000262415.jpg
other,What is behind the mirror?,Answer:,Answer with one word: What is behind the mirror? What is behind the mirror? Answer:,bus,"[""Bus"", ""School"", ""Car"", ""Building""]",Bus,http://images.cocodataset.org/train2014/COCO_train2014_000000262415.jpg
other,How healthy does this meal look?,Answer:,Answer with one word: How healthy does this meal look? How healthy does this meal look? Answer:,very,"[""Very"", ""Health"", ""Ext"", ""Not""]",Very,http://images.cocodataset.org/train2014/COCO_train2014_000000393488.jpg
other,What meat is used in the main dish?,Answer:,Answer with one word: What meat is used in the main dish? What meat is used in the main dish? Answer:,beef,"[""Ste"", ""Rib"", ""Sir"", ""Turkey""]",Ste,http://images.cocodataset.org/train2014/COCO_train2014_000000393488.jpg
other,What is the man reaching for?,Answer:,Answer with one word: What is the man reaching for? What is the man reaching for? Answer:,phone,"[""Phone"", ""Cell"", ""What"", ""Sign""]",Phone,http://images.cocodataset.org/train2014/COCO_train2014_000000393489.jpg
other,What language is the text on the sign?,Answer:,Answer with one word: What language is the text on the sign? What language is the text on the sign? Answer:,english,"[""English"", ""Chinese"", ""German"", ""Spanish""]",English,http://images.cocodataset.org/train2014/COCO_train2014_000000393489.jpg
other,What is the man holding?,Answer:,Answer with one word: What is the man holding? What is the man holding? Answer:,phone,"[""Phone"", ""Cell"", ""What"", ""Screen""]",Phone,http://images.cocodataset.org/train2014/COCO_train2014_000000393489.jpg
other,What does this phone case look like?,Answer:,Answer with one word: What does this phone case look like? What does this phone case look like? Answer:,silver,"[""What"", ""Phone"", ""Silver"", ""Like""]",What,http://images.cocodataset.org/train2014/COCO_train2014_000000393489.jpg
other,What is the brand of the phone?,Answer:,Answer with one word: What is the brand of the phone? What is the brand of the phone? Answer:,pharos,"[""Phone"", ""What"", ""Phili"", ""what""]",Phone,http://images.cocodataset.org/train2014/COCO_train2014_000000393489.jpg
other,What does this controller go with?,Answer:,Answer with one word: What does this controller go with? What does this controller go with? Answer:,phone,"[""Phone"", ""Cell"", ""Game"", ""Computer""]",Phone,http://images.cocodataset.org/train2014/COCO_train2014_000000393489.jpg
other,What brand is the phone?,Answer:,Answer with one word: What brand is the phone? What brand is the phone? Answer:,pharos,"[""Phone"", ""What"", ""Motor"", ""Phili""]",Phone,http://images.cocodataset.org/train2014/COCO_train2014_000000393489.jpg
other,What is the person holding in their hand?,Answer:,Answer with one word: What is the person holding in their hand? What is the person holding in their hand? Answer:,cell phone,"[""Phone"", ""Cell"", ""What"", ""They""]",Phone,http://images.cocodataset.org/train2014/COCO_train2014_000000393489.jpg
other,What is the person holding?,Answer:,Answer with one word: What is the person holding? What is the person holding? Answer:,phone,"[""Phone"", ""Cell"", ""What"", ""Screen""]",Phone,http://images.cocodataset.org/train2014/COCO_train2014_000000393489.jpg
other,What's on the other side of the shower curtain?,Answer:,Answer with one word: What's on the other side of the shower curtain? What's on the other side of the shower curtain? Answer:,shower,"[""Bat"", ""Bath"", ""Window"", ""Tow""]",Bat,http://images.cocodataset.org/train2014/COCO_train2014_000000546179.jpg
other,What is the green stuff?,Answer:,Answer with one word: What is the green stuff? What is the green stuff? Answer:,broccoli,"[""Bro"", ""Veg"", ""What"", ""bro""]",Bro,http://images.cocodataset.org/train2014/COCO_train2014_000000000009.jpg
other,What is the floor made of?,Answer:,Answer with one word: What is the floor made of? What is the floor made of? Answer:,tile,"[""Con"", ""Wood"", ""Lin"", ""Stone""]",Con,http://images.cocodataset.org/train2014/COCO_train2014_000000131351.jpg
other,What is the ratio of white tiles to blue?,Answer:,Answer with one word: What is the ratio of white tiles to blue? What is the ratio of white tiles to blue? Answer:,many more white,"[""White"", ""Blue"", ""What"", ""There""]",White,http://images.cocodataset.org/train2014/COCO_train2014_000000131351.jpg
other,What power tool is present?,Answer:,Answer with one word: What power tool is present? What power tool is present? Answer:,drill,"[""Ham"", ""Electric"", ""What"", ""Power""]",Ham,http://images.cocodataset.org/train2014/COCO_train2014_000000131351.jpg
other,What fruit is present?,Answer:,Answer with one word: What fruit is present? What fruit is present? Answer:,watermelon,"[""Wat"", ""Orange"", ""Apple"", ""Ban""]",Wat,http://images.cocodataset.org/train2014/COCO_train2014_000000131352.jpg
other,What do you think the cat is looking at?,Answer:,Answer with one word: What do you think the cat is looking at? What do you think the cat is looking at? Answer:,bird,"[""Tree"", ""Bird"", ""Camera"", ""Log""]",Tree,http://images.cocodataset.org/train2014/COCO_train2014_000000524572.jpg
other,What utensil is sitting next to the food?,Answer:,Answer with one word: What utensil is sitting next to the food? What utensil is sitting next to the food? Answer:,fork,"[""Spo"", ""What"", ""fork"", ""F""]",Spo,http://images.cocodataset.org/train2014/COCO_train2014_000000112497.jpg
other,What is in the jug?,Answer:,Answer with one word: What is in the jug? What is in the jug? Answer:,beer,"[""Ale"", ""Mil"", ""Water"", ""Be""]",Ale,http://images.cocodataset.org/train2014/COCO_train2014_000000112497.jpg
other,What is the name of this crusted food?,Answer:,Answer with one word: What is the name of this crusted food? What is the name of this crusted food? Answer:,pizza,"[""Pie"", ""Che"", ""What"", ""Cal""]",Pie,http://images.cocodataset.org/train2014/COCO_train2014_000000112497.jpg
other,What animal is on the flatbed?,Answer:,Answer with one word: What animal is on the flatbed? What animal is on the flatbed? Answer:,cow,"[""Cow"", ""Hor"", ""Cal"", ""cow""]",Cow,http://images.cocodataset.org/train2014/COCO_train2014_000000393503.jpg
other,What room of the house is this?,Answer:,Answer with one word: What room of the house is this? What room of the house is this? Answer:,kitchen,"[""kitchen"", ""Living"", ""What"", ""Cook""]",kitchen,http://images.cocodataset.org/train2014/COCO_train2014_000000393508.jpg
other,What is the floor made out of?,Answer:,Answer with one word: What is the floor made out of? What is the floor made out of? Answer:,wood,"[""Wood"", ""Hard"", ""Lin"", ""Oak""]",Wood,http://images.cocodataset.org/train2014/COCO_train2014_000000393508.jpg
other,What do you use the stove for?,Answer:,Answer with one word: What do you use the stove for? What do you use the stove for? Answer:,cooking,"[""Cook"", ""What"", ""Food"", ""Sto""]",Cook,http://images.cocodataset.org/train2014/COCO_train2014_000000393508.jpg
other,What is the batter wearing on his ankles?,Answer:,Answer with one word: What is the batter wearing on his ankles? What is the batter wearing on his ankles? Answer:,guards,"[""Bra"", ""Cle"", ""Shin"", ""Sho""]",Bra,http://images.cocodataset.org/train2014/COCO_train2014_000000414639.jpg
other,What is the crouching man in the mask called?,Answer:,Answer with one word: What is the crouching man in the mask called? What is the crouching man in the mask called? Answer:,catcher,"[""Ref"", ""What"", ""Baseball"", ""U""]",Ref,http://images.cocodataset.org/train2014/COCO_train2014_000000414639.jpg
other,What are the two women carrying?,Answer:,Answer with one word: What are the two women carrying? What are the two women carrying? Answer:,rackets,"[""Tennis"", ""What"", ""They"", ""Nothing""]",Tennis,http://images.cocodataset.org/train2014/COCO_train2014_000000131366.jpg
other,What are these people holding?,Answer:,Answer with one word: What are these people holding? What are these people holding? Answer:,tennis rackets,"[""Tennis"", ""What"", ""They"", ""These""]",Tennis,http://images.cocodataset.org/train2014/COCO_train2014_000000131366.jpg
other,What is the woman wearing on her neck?,Answer:,Answer with one word: What is the woman wearing on her neck? What is the woman wearing on her neck? Answer:,collar,"[""Col"", ""Tennis"", ""Jack"", ""Nothing""]",Col,http://images.cocodataset.org/train2014/COCO_train2014_000000131366.jpg
other,What sports are they playing?,Answer:,Answer with one word: What sports are they playing? What sports are they playing? Answer:,tennis,"[""Tennis"", ""Bad"", ""What"", ""None""]",Tennis,http://images.cocodataset.org/train2014/COCO_train2014_000000131366.jpg
other,What is the approximate time period of this photo?,Answer:,Answer with one word: What is the approximate time period of this photo? What is the approximate time period of this photo? Answer:,1950s,"[""Mid"", ""Early"", ""Late"", ""Post""]",Mid,http://images.cocodataset.org/train2014/COCO_train2014_000000131366.jpg
other,What are the ladies doing?,Answer:,Answer with one word: What are the ladies doing? What are the ladies doing? Answer:,playing tennis,"[""Pos"", ""Hold"", ""Stand"", ""Play""]",Pos,http://images.cocodataset.org/train2014/COCO_train2014_000000131366.jpg
other,"What three letter word, best describes the liquid container on the ground between the two people?",Answer:,"Answer with one word: What three letter word, best describes the liquid container on the ground between the two people? What three letter word, best describes the liquid container on the ground between the two people? Answer:",jug,"[""Cup"", ""Jug"", ""Can"", ""Container""]",Cup,http://images.cocodataset.org/train2014/COCO_train2014_000000131366.jpg
other,What does the wall say on the far left?,Answer:,Answer with one word: What does the wall say on the far left? What does the wall say on the far left? Answer:,nothing,"[""Nothing"", ""What"", ""Wall"", ""Tennis""]",Nothing,http://images.cocodataset.org/train2014/COCO_train2014_000000131366.jpg
other,What is the woman wearing?,Answer:,Answer with one word: What is the woman wearing? What is the woman wearing? Answer:,skirt,"[""Sho"", ""Jack"", ""Short"", ""Out""]",Sho,http://images.cocodataset.org/train2014/COCO_train2014_000000131366.jpg
other,What type of photo is this?,Answer:,Answer with one word: What type of photo is this? What type of photo is this? Answer:,black and white,"[""Black"", ""Color"", ""Old"", ""What""]",Black,http://images.cocodataset.org/train2014/COCO_train2014_000000131366.jpg
other,What sport is this?,Answer:,Answer with one word: What sport is this? What sport is this? Answer:,tennis,"[""Tennis"", ""Bad"", ""What"", ""Vol""]",Tennis,http://images.cocodataset.org/train2014/COCO_train2014_000000131366.jpg
other,What are the people holding?,Answer:,Answer with one word: What are the people holding? What are the people holding? Answer:,tennis rackets,"[""Tennis"", ""What"", ""They"", ""Bad""]",Tennis,http://images.cocodataset.org/train2014/COCO_train2014_000000131366.jpg
other,What is the group of people holding in their hand?,Answer:,Answer with one word: What is the group of people holding in their hand? What is the group of people holding in their hand? Answer:,tennis rackets,"[""Tennis"", ""What"", ""They"", ""Bat""]",Tennis,http://images.cocodataset.org/train2014/COCO_train2014_000000131366.jpg
other,Is the game live or on television?,Answer:,Answer with one word: Is the game live or on television? Is the game live or on television? Answer:,live,"[""Live"", ""Television"", ""Yes"", ""Tele""]",Live,http://images.cocodataset.org/train2014/COCO_train2014_000000131366.jpg
other,How would you call for more information about the bus?,Answer:,Answer with one word: How would you call for more information about the bus? How would you call for more information about the bus? Answer:,877-pwp-green,"[""Call"", ""Bus"", ""Phone"", ""Google""]",Call,http://images.cocodataset.org/train2014/COCO_train2014_000000262442.jpg
other,What pattern does the woman have on?,Answer:,Answer with one word: What pattern does the woman have on? What pattern does the woman have on? Answer:,polka dot,"[""Pol"", ""Sol"", ""Check"", ""Her""]",Pol,http://images.cocodataset.org/train2014/COCO_train2014_000000021895.jpg
other,What is running across the beach?,Answer:,Answer with one word: What is running across the beach? What is running across the beach? Answer:,horse,"[""Sur"", ""Water"", ""Sand"", ""Hor""]",Sur,http://images.cocodataset.org/train2014/COCO_train2014_000000131373.jpg
other,What is causing the smoke?,Answer:,Answer with one word: What is causing the smoke? What is causing the smoke? Answer:,grill,"[""Fire"", ""What"", ""Bar"", ""Wood""]",Fire,http://images.cocodataset.org/train2014/COCO_train2014_000000131374.jpg
other,What ethnicity is the man?,Answer:,Answer with one word: What ethnicity is the man? What ethnicity is the man? Answer:,african american,"[""Black"", ""African"", ""White"", ""What""]",Black,http://images.cocodataset.org/train2014/COCO_train2014_000000109277.jpg
other,Is the man wearing shorts or pants?,Answer:,Answer with one word: Is the man wearing shorts or pants? Is the man wearing shorts or pants? Answer:,shorts,"[""Short"", ""Yes"", ""short"", ""P""]",Short,http://images.cocodataset.org/train2014/COCO_train2014_000000131376.jpg
color recognition,What color is the players shirt?,Answer:,Answer with one word: What color is the players shirt? What color is the players shirt? Answer:,orange,"[""Orange"", ""White"", ""Black"", ""Red""]",Orange,http://images.cocodataset.org/train2014/COCO_train2014_000000458752.jpg
color recognition,What color is the snow?,Answer:,Answer with one word: What color is the snow? What color is the snow? Answer:,white,"[""White"", ""Gray"", ""Blue"", ""Black""]",White,http://images.cocodataset.org/train2014/COCO_train2014_000000262146.jpg
color recognition,What color is the persons headwear?,Answer:,Answer with one word: What color is the persons headwear? What color is the persons headwear? Answer:,red,"[""Red"", ""White"", ""Black"", ""Orange""]",Red,http://images.cocodataset.org/train2014/COCO_train2014_000000262146.jpg
color recognition,What color is the toothbrush?,Answer:,Answer with one word: What color is the toothbrush? What color is the toothbrush? Answer:,white and purple,"[""White"", ""Pur"", ""Blue"", ""Silver""]",White,http://images.cocodataset.org/train2014/COCO_train2014_000000393223.jpg
color recognition,What colors are shown in this picture?,Answer:,Answer with one word: What colors are shown in this picture? What colors are shown in this picture? Answer:,black and white,"[""Black"", ""White"", ""What"", ""Gray""]",Black,http://images.cocodataset.org/train2014/COCO_train2014_000000524297.jpg
color recognition,What color is his hat?,Answer:,Answer with one word: What color is his hat? What color is his hat? Answer:,blue,"[""Blue"", ""White"", ""Black"", ""Light""]",Blue,http://images.cocodataset.org/train2014/COCO_train2014_000000393227.jpg
color recognition,What color is the jacket?,Answer:,Answer with one word: What color is the jacket? What color is the jacket? Answer:,green,"[""Green"", ""Black"", ""White"", ""Blue""]",Green,http://images.cocodataset.org/train2014/COCO_train2014_000000131084.jpg
color recognition,What color is the sky?,Answer:,Answer with one word: What color is the sky? What color is the sky? Answer:,gray,"[""Gray"", ""White"", ""Dark"", ""Blue""]",Gray,http://images.cocodataset.org/train2014/COCO_train2014_000000393230.jpg
color recognition,What color is his coat?,Answer:,Answer with one word: What color is his coat? What color is his coat? Answer:,blue,"[""Blue"", ""White"", ""Black"", ""Light""]",Blue,http://images.cocodataset.org/train2014/COCO_train2014_000000393230.jpg
color recognition,What color is the bear?,Answer:,Answer with one word: What color is the bear? What color is the bear? Answer:,black,"[""Black"", ""Brown"", ""What"", ""Dark""]",Black,http://images.cocodataset.org/train2014/COCO_train2014_000000137045.jpg
color recognition,What color are the leaves?,Answer:,Answer with one word: What color are the leaves? What color are the leaves? Answer:,green,"[""Green"", ""Brown"", ""Dark"", ""White""]",Green,http://images.cocodataset.org/train2014/COCO_train2014_000000262171.jpg
color recognition,What color is the umbrella?,Answer:,Answer with one word: What color is the umbrella? What color is the umbrella? Answer:,pink,"[""White"", ""What"", ""Blue"", ""Red""]",White,http://images.cocodataset.org/train2014/COCO_train2014_000000131101.jpg
color recognition,What color is the vase?,Answer:,Answer with one word: What color is the vase? What color is the vase? Answer:,white,"[""White"", ""What"", ""Clear"", ""Gray""]",White,http://images.cocodataset.org/train2014/COCO_train2014_000000000030.jpg
color recognition,What color is the napkin?,Answer:,Answer with one word: What color is the napkin? What color is the napkin? Answer:,white,"[""White"", ""Brown"", ""Gray"", ""What""]",White,http://images.cocodataset.org/train2014/COCO_train2014_000000043697.jpg
color recognition,What color is the refrigerator?,Answer:,Answer with one word: What color is the refrigerator? What color is the refrigerator? Answer:,silver,"[""Silver"", ""Gray"", ""White"", ""Black""]",Silver,http://images.cocodataset.org/train2014/COCO_train2014_000000131113.jpg
color recognition,What color is the plane?,Answer:,Answer with one word: What color is the plane? What color is the plane? Answer:,red,"[""Red"", ""Orange"", ""White"", ""What""]",Red,http://images.cocodataset.org/train2014/COCO_train2014_000000262187.jpg
color recognition,What color horse is closer to the camera?,Answer:,Answer with one word: What color horse is closer to the camera? What color horse is closer to the camera? Answer:,black,"[""Black"", ""White"", ""Brown"", ""Dark""]",Black,http://images.cocodataset.org/train2014/COCO_train2014_000000000049.jpg
color recognition,What color is the girl's shirt?,Answer:,Answer with one word: What color is the girl's shirt? What color is the girl's shirt? Answer:,blue,"[""Blue"", ""Green"", ""White"", ""Gray""]",Blue,http://images.cocodataset.org/train2014/COCO_train2014_000000393268.jpg
color recognition,What color are the flowers?,Answer:,Answer with one word: What color are the flowers? What color are the flowers? Answer:,yellow and white,"[""White"", ""Blue"", ""What"", ""Green""]",White,http://images.cocodataset.org/train2014/COCO_train2014_000000131128.jpg
color recognition,What colors are the flowers?,Answer:,Answer with one word: What colors are the flowers? What colors are the flowers? Answer:,yellow and white,"[""White"", ""Blue"", ""What"", ""Green""]",White,http://images.cocodataset.org/train2014/COCO_train2014_000000131128.jpg
color recognition,What color is the animal?,Answer:,Answer with one word: What color is the animal? What color is the animal? Answer:,gray,"[""Gray"", ""Brown"", ""White"", ""Black""]",Gray,http://images.cocodataset.org/train2014/COCO_train2014_000000262204.jpg
color recognition,What color is the plane?,Answer:,Answer with one word: What color is the plane? What color is the plane? Answer:,red and white,"[""Red"", ""White"", ""What"", ""Black""]",Red,http://images.cocodataset.org/train2014/COCO_train2014_000000131133.jpg
color recognition,What color are the seats?,Answer:,Answer with one word: What color are the seats? What color are the seats? Answer:,tan,"[""Brown"", ""Black"", ""Gray"", ""Tan""]",Brown,http://images.cocodataset.org/train2014/COCO_train2014_000000262207.jpg
color recognition,What color is the middle vase?,Answer:,Answer with one word: What color is the middle vase? What color is the middle vase? Answer:,blue,"[""Blue"", ""Clear"", ""Pur"", ""Green""]",Blue,http://images.cocodataset.org/train2014/COCO_train2014_000000458763.jpg
color recognition,What color is the window frame?,Answer:,Answer with one word: What color is the window frame? What color is the window frame? Answer:,white,"[""White"", ""Brown"", ""Black"", ""Silver""]",White,http://images.cocodataset.org/train2014/COCO_train2014_000000393291.jpg
color recognition,What color is the sign?,Answer:,Answer with one word: What color is the sign? What color is the sign? Answer:,white,"[""Brown"", ""White"", ""Green"", ""Red""]",Brown,http://images.cocodataset.org/train2014/COCO_train2014_000000131160.jpg
color recognition,What color is the tray?,Answer:,Answer with one word: What color is the tray? What color is the tray? Answer:,white,"[""White"", ""Black"", ""Clear"", ""Gray""]",White,http://images.cocodataset.org/train2014/COCO_train2014_000000524377.jpg
color recognition,What color is the bathroom?,Answer:,Answer with one word: What color is the bathroom? What color is the bathroom? Answer:,yellow,"[""Green"", ""White"", ""Blue"", ""Brown""]",Green,http://images.cocodataset.org/train2014/COCO_train2014_000000262159.jpg
color recognition,What color is the wall?,Answer:,Answer with one word: What color is the wall? What color is the wall? Answer:,yellow,"[""Green"", ""White"", ""Blue"", ""Orange""]",Green,http://images.cocodataset.org/train2014/COCO_train2014_000000262159.jpg
color recognition,What color are the bathroom walls?,Answer:,Answer with one word: What color are the bathroom walls? What color are the bathroom walls? Answer:,yellow,"[""Green"", ""White"", ""Blue"", ""Orange""]",Green,http://images.cocodataset.org/train2014/COCO_train2014_000000262159.jpg
color recognition,What color is the sofa?,Answer:,Answer with one word: What color is the sofa? What color is the sofa? Answer:,gray,"[""Brown"", ""Gray"", ""Tan"", ""White""]",Brown,http://images.cocodataset.org/train2014/COCO_train2014_000000524386.jpg
color recognition,What color is the man's shirt in the front of the photo?,Answer:,Answer with one word: What color is the man's shirt in the front of the photo? What color is the man's shirt in the front of the photo? Answer:,black,"[""Black"", ""Blue"", ""White"", ""Dark""]",Black,http://images.cocodataset.org/train2014/COCO_train2014_000000131172.jpg
color recognition,What color is the traffic signal?,Answer:,Answer with one word: What color is the traffic signal? What color is the traffic signal? Answer:,green,"[""Green"", ""Red"", ""Black"", ""White""]",Green,http://images.cocodataset.org/train2014/COCO_train2014_000000393317.jpg
color recognition,What color is the woman's sweater?,Answer:,Answer with one word: What color is the woman's sweater? What color is the woman's sweater? Answer:,gray,"[""Gray"", ""Brown"", ""Blue"", ""Tan""]",Gray,http://images.cocodataset.org/train2014/COCO_train2014_000000000110.jpg
color recognition,What color are the chairs?,Answer:,Answer with one word: What color are the chairs? What color are the chairs? Answer:,blue,"[""Blue"", ""Black"", ""White"", ""Brown""]",Blue,http://images.cocodataset.org/train2014/COCO_train2014_000000000113.jpg
color recognition,What color is the building?,Answer:,Answer with one word: What color is the building? What color is the building? Answer:,red,"[""Red"", ""Brown"", ""White"", ""Orange""]",Red,http://images.cocodataset.org/train2014/COCO_train2014_000000131190.jpg
color recognition,What color are the flowers?,Answer:,Answer with one word: What color are the flowers? What color are the flowers? Answer:,red,"[""White"", ""Red"", ""Pur"", ""Green""]",White,http://images.cocodataset.org/train2014/COCO_train2014_000000131190.jpg
color recognition,What color is the clock tower in this photo?,Answer:,Answer with one word: What color is the clock tower in this photo? What color is the clock tower in this photo? Answer:,white,"[""White"", ""Brown"", ""Red"", ""Black""]",White,http://images.cocodataset.org/train2014/COCO_train2014_000000131190.jpg
color recognition,What color plate is this?,Answer:,Answer with one word: What color plate is this? What color plate is this? Answer:,white,"[""White"", ""Brown"", ""Black"", ""What""]",White,http://images.cocodataset.org/train2014/COCO_train2014_000000000127.jpg
color recognition,What color are the skis?,Answer:,Answer with one word: What color are the skis? What color are the skis? Answer:,yellow,"[""Black"", ""White"", ""Blue"", ""Gray""]",Black,http://images.cocodataset.org/train2014/COCO_train2014_000000262273.jpg
color recognition,What color is the man's hat?,Answer:,Answer with one word: What color is the man's hat? What color is the man's hat? Answer:,black,"[""Black"", ""Gray"", ""Dark"", ""Blue""]",Black,http://images.cocodataset.org/train2014/COCO_train2014_000000262273.jpg
color recognition,What color is the woman's shorts?,Answer:,Answer with one word: What color is the woman's shorts? What color is the woman's shorts? Answer:,black,"[""Black"", ""White"", ""Blue"", ""Brown""]",Black,http://images.cocodataset.org/train2014/COCO_train2014_000000524420.jpg
color recognition,What color is the girl's hair?,Answer:,Answer with one word: What color is the girl's hair? What color is the girl's hair? Answer:,red,"[""Red"", ""Orange"", ""Brown"", ""Black""]",Red,http://images.cocodataset.org/train2014/COCO_train2014_000000131208.jpg
color recognition,What color is the catcher's pants?,Answer:,Answer with one word: What color is the catcher's pants? What color is the catcher's pants? Answer:,gray,"[""White"", ""Black"", ""Gray"", ""Red""]",White,http://images.cocodataset.org/train2014/COCO_train2014_000000284012.jpg
color recognition,What color flowers are on the top right?,Answer:,Answer with one word: What color flowers are on the top right? What color flowers are on the top right? Answer:,purple,"[""Pur"", ""White"", ""Red"", ""Blue""]",Pur,http://images.cocodataset.org/train2014/COCO_train2014_000000262283.jpg
color recognition,What color is the cloth?,Answer:,Answer with one word: What color is the cloth? What color is the cloth? Answer:,gray,"[""White"", ""Gray"", ""Black"", ""Blue""]",White,http://images.cocodataset.org/train2014/COCO_train2014_000000524428.jpg
color recognition,What color is the milk carton?,Answer:,Answer with one word: What color is the milk carton? What color is the milk carton? Answer:,blue,"[""White"", ""Blue"", ""Brown"", ""Pur""]",White,http://images.cocodataset.org/train2014/COCO_train2014_000000000142.jpg
color recognition,What color is the building?,Answer:,Answer with one word: What color is the building? What color is the building? Answer:,red,"[""Red"", ""Brown"", ""White"", ""Gray""]",Red,http://images.cocodataset.org/train2014/COCO_train2014_000000000149.jpg
color recognition,What color is this girl's shirt?,Answer:,Answer with one word: What color is this girl's shirt? What color is this girl's shirt? Answer:,red,"[""Red"", ""Orange"", ""White"", ""Blue""]",Red,http://images.cocodataset.org/train2014/COCO_train2014_000000109986.jpg
color recognition,What color is the girls hot dog?,Answer:,Answer with one word: What color is the girls hot dog? What color is the girls hot dog? Answer:,red,"[""Red"", ""Orange"", ""Brown"", ""White""]",Red,http://images.cocodataset.org/train2014/COCO_train2014_000000109986.jpg
color recognition,What color are the girl's lips?,Answer:,Answer with one word: What color are the girl's lips? What color are the girl's lips? Answer:,red,"[""Red"", ""Orange"", ""Dark"", ""Pur""]",Red,http://images.cocodataset.org/train2014/COCO_train2014_000000109986.jpg
color recognition,What color is the school bus?,Answer:,Answer with one word: What color is the school bus? What color is the school bus? Answer:,blue yellow,"[""Blue"", ""White"", ""Black"", ""What""]",Blue,http://images.cocodataset.org/train2014/COCO_train2014_000000131225.jpg
color recognition,What color is the bus?,Answer:,Answer with one word: What color is the bus? What color is the bus? Answer:,blue and yellow,"[""Blue"", ""White"", ""Black"", ""What""]",Blue,http://images.cocodataset.org/train2014/COCO_train2014_000000131225.jpg
color recognition,What color are the stakes in the dirt?,Answer:,Answer with one word: What color are the stakes in the dirt? What color are the stakes in the dirt? Answer:,yellow,"[""Black"", ""White"", ""Orange"", ""Brown""]",Black,http://images.cocodataset.org/train2014/COCO_train2014_000000262299.jpg
color recognition,What color shirt is the man standing in the background wearing?,Answer:,Answer with one word: What color shirt is the man standing in the background wearing? What color shirt is the man standing in the background wearing? Answer:,yellow,"[""White"", ""Green"", ""Red"", ""Blue""]",White,http://images.cocodataset.org/train2014/COCO_train2014_000000262299.jpg
color recognition,What color are the majority of sheep?,Answer:,Answer with one word: What color are the majority of sheep? What color are the majority of sheep? Answer:,black,"[""Black"", ""Brown"", ""White"", ""Dark""]",Black,http://images.cocodataset.org/train2014/COCO_train2014_000000393386.jpg
color recognition,What color are the flowers?,Answer:,Answer with one word: What color are the flowers? What color are the flowers? Answer:,pink,"[""Red"", ""Pur"", ""White"", ""What""]",Red,http://images.cocodataset.org/train2014/COCO_train2014_000000262329.jpg
color recognition,What color is the bus?,Answer:,Answer with one word: What color is the bus? What color is the bus? Answer:,red and yellow,"[""Red"", ""White"", ""What"", ""Orange""]",Red,http://images.cocodataset.org/train2014/COCO_train2014_000000393403.jpg
color recognition,What color are the girls earrings?,Answer:,Answer with one word: What color are the girls earrings? What color are the girls earrings? Answer:,silver,"[""Silver"", ""Black"", ""White"", ""Gold""]",Silver,http://images.cocodataset.org/train2014/COCO_train2014_000000524476.jpg
color recognition,What color is the plate?,Answer:,Answer with one word: What color is the plate? What color is the plate? Answer:,white,"[""White"", ""What"", ""Brown"", ""Black""]",White,http://images.cocodataset.org/train2014/COCO_train2014_000000000194.jpg
color recognition,What color is the car?,Answer:,Answer with one word: What color is the car? What color is the car? Answer:,orange,"[""Orange"", ""Red"", ""Brown"", ""What""]",Orange,http://images.cocodataset.org/train2014/COCO_train2014_000000393412.jpg
color recognition,What color is the sign?,Answer:,Answer with one word: What color is the sign? What color is the sign? Answer:,black and white,"[""Black"", ""White"", ""Green"", ""Brown""]",Black,http://images.cocodataset.org/train2014/COCO_train2014_000000393419.jpg
color recognition,What color is the girl's brush?,Answer:,Answer with one word: What color is the girl's brush? What color is the girl's brush? Answer:,blue,"[""Blue"", ""White"", ""Black"", ""Pur""]",Blue,http://images.cocodataset.org/train2014/COCO_train2014_000000131279.jpg
color recognition,What color is the comb?,Answer:,Answer with one word: What color is the comb? What color is the comb? Answer:,blue,"[""Blue"", ""Black"", ""White"", ""Brown""]",Blue,http://images.cocodataset.org/train2014/COCO_train2014_000000131279.jpg
color recognition,What color is the table?,Answer:,Answer with one word: What color is the table? What color is the table? Answer:,brown,"[""White"", ""Brown"", ""Gray"", ""Tan""]",White,http://images.cocodataset.org/train2014/COCO_train2014_000000393428.jpg
color recognition,What color is the knife handle?,Answer:,Answer with one word: What color is the knife handle? What color is the knife handle? Answer:,silver,"[""Silver"", ""Gray"", ""White"", ""Gold""]",Silver,http://images.cocodataset.org/train2014/COCO_train2014_000000262359.jpg
color recognition,What color eyes does the cat have?,Answer:,Answer with one word: What color eyes does the cat have? What color eyes does the cat have? Answer:,blue,"[""Blue"", ""Green"", ""Brown"", ""Gray""]",Blue,http://images.cocodataset.org/train2014/COCO_train2014_000000393432.jpg
color recognition,What color is the umbrella?,Answer:,Answer with one word: What color is the umbrella? What color is the umbrella? Answer:,pink,"[""White"", ""Red"", ""What"", ""Blue""]",White,http://images.cocodataset.org/train2014/COCO_train2014_000000000036.jpg
color recognition,What color is the man's skin?,Answer:,Answer with one word: What color is the man's skin? What color is the man's skin? Answer:,white,"[""White"", ""Brown"", ""Black"", ""Tan""]",White,http://images.cocodataset.org/train2014/COCO_train2014_000000474858.jpg
color recognition,What color is the shirt of the man standing?,Answer:,Answer with one word: What color is the shirt of the man standing? What color is the shirt of the man standing? Answer:,black,"[""Black"", ""White"", ""Blue"", ""Dark""]",Black,http://images.cocodataset.org/train2014/COCO_train2014_000000474858.jpg
color recognition,What color is the board?,Answer:,Answer with one word: What color is the board? What color is the board? Answer:,white,"[""White"", ""Orange"", ""Black"", ""Red""]",White,http://images.cocodataset.org/train2014/COCO_train2014_000000474858.jpg
color recognition,What colors are in the kite?,Answer:,Answer with one word: What colors are in the kite? What colors are in the kite? Answer:,"black, blue, red, orange, yellow","[""Red"", ""Blue"", ""Rain"", ""Multi""]",Red,http://images.cocodataset.org/train2014/COCO_train2014_000000393438.jpg
color recognition,What color is the train's bumper?,Answer:,Answer with one word: What color is the train's bumper? What color is the train's bumper? Answer:,red,"[""Black"", ""Red"", ""Gray"", ""Orange""]",Black,http://images.cocodataset.org/train2014/COCO_train2014_000000165859.jpg
color recognition,What color dresses are the women wearing?,Answer:,Answer with one word: What color dresses are the women wearing? What color dresses are the women wearing? Answer:,orange,"[""Orange"", ""Blue"", ""Red"", ""White""]",Orange,http://images.cocodataset.org/train2014/COCO_train2014_000000393442.jpg
color recognition,What color is the plate?,Answer:,Answer with one word: What color is the plate? What color is the plate? Answer:,white,"[""White"", ""What"", ""Black"", ""Brown""]",White,http://images.cocodataset.org/train2014/COCO_train2014_000000393445.jpg
color recognition,What color is the picket fence?,Answer:,Answer with one word: What color is the picket fence? What color is the picket fence? Answer:,white,"[""White"", ""Brown"", ""Red"", ""Black""]",White,http://images.cocodataset.org/train2014/COCO_train2014_000000524525.jpg
color recognition,What color is this airplane?,Answer:,Answer with one word: What color is this airplane? What color is this airplane? Answer:,"red, white, and blue","[""Blue"", ""White"", ""Black"", ""Red""]",Blue,http://images.cocodataset.org/train2014/COCO_train2014_000000000247.jpg
color recognition,What color is the woman's shirt?,Answer:,Answer with one word: What color is the woman's shirt? What color is the woman's shirt? Answer:,red,"[""Red"", ""Mar"", ""Orange"", ""White""]",Red,http://images.cocodataset.org/train2014/COCO_train2014_000000262399.jpg
color recognition,What color is the lighted sign?,Answer:,Answer with one word: What color is the lighted sign? What color is the lighted sign? Answer:,blue,"[""Blue"", ""White"", ""Green"", ""Black""]",Blue,http://images.cocodataset.org/train2014/COCO_train2014_000000000260.jpg
color recognition,What color is the surfboard?,Answer:,Answer with one word: What color is the surfboard? What color is the surfboard? Answer:,red,"[""Red"", ""White"", ""Orange"", ""Brown""]",Red,http://images.cocodataset.org/train2014/COCO_train2014_000000131339.jpg
color recognition,What color is the bus in the mirror?,Answer:,Answer with one word: What color is the bus in the mirror? What color is the bus in the mirror? Answer:,yellow,"[""Orange"", ""Gold"", ""Black"", ""Brown""]",Orange,http://images.cocodataset.org/train2014/COCO_train2014_000000262415.jpg
color recognition,What color is the phone?,Answer:,Answer with one word: What color is the phone? What color is the phone? Answer:,gray,"[""Silver"", ""Gray"", ""Black"", ""White""]",Silver,http://images.cocodataset.org/train2014/COCO_train2014_000000393489.jpg
color recognition,What color is the shower curtain?,Answer:,Answer with one word: What color is the shower curtain? What color is the shower curtain? Answer:,white,"[""White"", ""Gray"", ""Brown"", ""Tan""]",White,http://images.cocodataset.org/train2014/COCO_train2014_000000546179.jpg
color recognition,What color are the dishes?,Answer:,Answer with one word: What color are the dishes? What color are the dishes? Answer:,pink and yellow,"[""Blue"", ""Pur"", ""Clear"", ""Red""]",Blue,http://images.cocodataset.org/train2014/COCO_train2014_000000000009.jpg
color recognition,What color is the water in the bathtub?,Answer:,Answer with one word: What color is the water in the bathtub? What color is the water in the bathtub? Answer:,clear,"[""Blue"", ""White"", ""Clear"", ""Gray""]",Blue,http://images.cocodataset.org/train2014/COCO_train2014_000000131351.jpg
color recognition,What color are these mattresses?,Answer:,Answer with one word: What color are these mattresses? What color are these mattresses? Answer:,white,"[""Red"", ""White"", ""Orange"", ""Black""]",Red,http://images.cocodataset.org/train2014/COCO_train2014_000000131352.jpg
color recognition,What color are the items on the truck?,Answer:,Answer with one word: What color are the items on the truck? What color are the items on the truck? Answer:,white,"[""White"", ""Blue"", ""Black"", ""Green""]",White,http://images.cocodataset.org/train2014/COCO_train2014_000000393503.jpg
color recognition,What color is the locomotive?,Answer:,Answer with one word: What color is the locomotive? What color is the locomotive? Answer:,black,"[""Black"", ""Blue"", ""Gray"", ""Brown""]",Black,http://images.cocodataset.org/train2014/COCO_train2014_000000497565.jpg
color recognition,What color is the sky?,Answer:,Answer with one word: What color is the sky? What color is the sky? Answer:,orange,"[""Orange"", ""Red"", ""Blue"", ""Dark""]",Orange,http://images.cocodataset.org/train2014/COCO_train2014_000000101431.jpg
color recognition,What color is the carpet in the middle of the floor?,Answer:,Answer with one word: What color is the carpet in the middle of the floor? What color is the carpet in the middle of the floor? Answer:,blue,"[""Blue"", ""Red"", ""White"", ""Black""]",Blue,http://images.cocodataset.org/train2014/COCO_train2014_000000109277.jpg
color recognition,What color hat is this man wearing?,Answer:,Answer with one word: What color hat is this man wearing? What color hat is this man wearing? Answer:,black,"[""Black"", ""Brown"", ""Blue"", ""Dark""]",Black,http://images.cocodataset.org/train2014/COCO_train2014_000000131376.jpg
color recognition,What color are the shoelaces?,Answer:,Answer with one word: What color are the shoelaces? What color are the shoelaces? Answer:,red,"[""Black"", ""White"", ""Red"", ""Blue""]",Black,http://images.cocodataset.org/train2014/COCO_train2014_000000131376.jpg
color recognition,What color is the guy's shirt?,Answer:,Answer with one word: What color is the guy's shirt? What color is the guy's shirt? Answer:,white,"[""White"", ""Black"", ""Gray"", ""Blue""]",White,http://images.cocodataset.org/train2014/COCO_train2014_000000131376.jpg
yes/no,Is this man a professional baseball player?,Answer:,Answer with one word: Is this man a professional baseball player? Is this man a professional baseball player? Answer:,yes,"[""Yes"", ""yes"", ""Not"", ""No""]",Yes,http://images.cocodataset.org/train2014/COCO_train2014_000000458752.jpg
yes/no,Is the dog waiting?,Answer:,Answer with one word: Is the dog waiting? Is the dog waiting? Answer:,yes,"[""Yes"", ""Wait"", ""yes"", ""No""]",Yes,http://images.cocodataset.org/train2014/COCO_train2014_000000524291.jpg
yes/no,Is the sky blue?,Answer:,Answer with one word: Is the sky blue? Is the sky blue? Answer:,yes,"[""Yes"", ""yes"", ""True"", ""Sure""]",Yes,http://images.cocodataset.org/train2014/COCO_train2014_000000393221.jpg
yes/no,Is there snow on the mountains?,Answer:,Answer with one word: Is there snow on the mountains? Is there snow on the mountains? Answer:,yes,"[""Yes"", ""There"", ""yes"", ""No""]",Yes,http://images.cocodataset.org/train2014/COCO_train2014_000000393221.jpg
yes/no,Is the window open?,Answer:,Answer with one word: Is the window open? Is the window open? Answer:,yes,"[""Yes"", ""yes"", ""Open"", ""No""]",Yes,http://images.cocodataset.org/train2014/COCO_train2014_000000393223.jpg
yes/no,Is she brushing?,Answer:,Answer with one word: Is she brushing? Is she brushing? Answer:,yes,"[""Yes"", ""Her"", ""She"", ""yes""]",Yes,http://images.cocodataset.org/train2014/COCO_train2014_000000393223.jpg
yes/no,Is the man smiling?,Answer:,Answer with one word: Is the man smiling? Is the man smiling? Answer:,no,"[""Yes"", ""Not"", ""No"", ""Is""]",Yes,http://images.cocodataset.org/train2014/COCO_train2014_000000393224.jpg
yes/no,Does his tie pair well with his suit?,Answer:,Answer with one word: Does his tie pair well with his suit? Does his tie pair well with his suit? Answer:,no,"[""Yes"", ""Does"", ""Not"", ""Well""]",Yes,http://images.cocodataset.org/train2014/COCO_train2014_000000393224.jpg
yes/no,Does the man look happy?,Answer:,Answer with one word: Does the man look happy? Does the man look happy? Answer:,no,"[""Yes"", ""Does"", ""Not"", ""No""]",Yes,http://images.cocodataset.org/train2014/COCO_train2014_000000393224.jpg
yes/no,Is this photo in color?,Answer:,Answer with one word: Is this photo in color? Is this photo in color? Answer:,no,"[""Yes"", ""Color"", ""This"", ""False""]",Yes,http://images.cocodataset.org/train2014/COCO_train2014_000000393224.jpg
yes/no,Is the man wearing a plain tie?,Answer:,Answer with one word: Is the man wearing a plain tie? Is the man wearing a plain tie? Answer:,no,"[""Yes"", ""What"", ""Not"", ""No""]",Yes,http://images.cocodataset.org/train2014/COCO_train2014_000000393224.jpg
yes/no,"Judging from the dress, was this taken in a Latin American country?",Answer:,"Answer with one word: Judging from the dress, was this taken in a Latin American country? Judging from the dress, was this taken in a Latin American country? Answer:",yes,"[""Yes"", ""Not"", ""Jud"", ""yes""]",Yes,http://images.cocodataset.org/train2014/COCO_train2014_000000524297.jpg
yes/no,Are the men on the sidewalk?,Answer:,Answer with one word: Are the men on the sidewalk? Are the men on the sidewalk? Answer:,no,"[""Yes"", ""Are"", ""They"", ""There""]",Yes,http://images.cocodataset.org/train2014/COCO_train2014_000000524297.jpg
yes/no,Was this photo taken recently?,Answer:,Answer with one word: Was this photo taken recently? Was this photo taken recently? Answer:,no,"[""Yes"", ""Not"", ""Was"", ""No""]",Yes,http://images.cocodataset.org/train2014/COCO_train2014_000000524297.jpg
yes/no,Does the guy have a tattoo?,Answer:,Answer with one word: Does the guy have a tattoo? Does the guy have a tattoo? Answer:,yes,"[""Yes"", ""Does"", ""yes"", ""Sure""]",Yes,http://images.cocodataset.org/train2014/COCO_train2014_000000393227.jpg
yes/no,Is the man's visor providing his face enough protection?,Answer:,Answer with one word: Is the man's visor providing his face enough protection? Is the man's visor providing his face enough protection? Answer:,no,"[""Yes"", ""Not"", ""No"", ""Is""]",Yes,http://images.cocodataset.org/train2014/COCO_train2014_000000393227.jpg
yes/no,Is the man riding on a dirt path?,Answer:,Answer with one word: Is the man riding on a dirt path? Is the man riding on a dirt path? Answer:,yes,"[""Yes"", ""yes"", ""True"", ""No""]",Yes,http://images.cocodataset.org/train2014/COCO_train2014_000000131084.jpg
yes/no,Are the walls done in a summery color?,Answer:,Answer with one word: Are the walls done in a summery color? Are the walls done in a summery color? Answer:,yes,"[""Yes"", ""Are"", ""yes"", ""No""]",Yes,http://images.cocodataset.org/train2014/COCO_train2014_000000131074.jpg
yes/no,Is the curtain patterned?,Answer:,Answer with one word: Is the curtain patterned? Is the curtain patterned? Answer:,no,"[""Yes"", ""yes"", ""No"", ""Is""]",Yes,http://images.cocodataset.org/train2014/COCO_train2014_000000131074.jpg
yes/no,Are the windows the same size?,Answer:,Answer with one word: Are the windows the same size? Are the windows the same size? Answer:,yes,"[""Yes"", ""yes"", ""Are"", ""No""]",Yes,http://images.cocodataset.org/train2014/COCO_train2014_000000131074.jpg
yes/no,Is there a shadow of a tree in the foreground?,Answer:,Answer with one word: Is there a shadow of a tree in the foreground? Is there a shadow of a tree in the foreground? Answer:,no,"[""Yes"", ""There"", ""yes"", ""None""]",Yes,http://images.cocodataset.org/train2014/COCO_train2014_000000393230.jpg
yes/no,Did someone forget his luggage in the snow?,Answer:,Answer with one word: Did someone forget his luggage in the snow? Did someone forget his luggage in the snow? Answer:,no,"[""Yes"", ""Did"", ""What"", ""Not""]",Yes,http://images.cocodataset.org/train2014/COCO_train2014_000000393230.jpg
yes/no,Is it daytime?,Answer:,Answer with one word: Is it daytime? Is it daytime? Answer:,yes,"[""Yes"", ""yes"", ""Day"", ""True""]",Yes,http://images.cocodataset.org/train2014/COCO_train2014_000000393230.jpg
yes/no,Is the person wearing a hat?,Answer:,Answer with one word: Is the person wearing a hat? Is the person wearing a hat? Answer:,no,"[""Yes"", ""yes"", ""Not"", ""True""]",Yes,http://images.cocodataset.org/train2014/COCO_train2014_000000393230.jpg
yes/no,Is the dog wearing a collar?,Answer:,Answer with one word: Is the dog wearing a collar? Is the dog wearing a collar? Answer:,yes,"[""Yes"", ""yes"", ""What"", ""No""]",Yes,http://images.cocodataset.org/train2014/COCO_train2014_000000131087.jpg
yes/no,Is it a clear day?,Answer:,Answer with one word: Is it a clear day? Is it a clear day? Answer:,yes,"[""Yes"", ""Clear"", ""yes"", ""Sure""]",Yes,http://images.cocodataset.org/train2014/COCO_train2014_000000131087.jpg
yes/no,Is there a body of water here?,Answer:,Answer with one word: Is there a body of water here? Is there a body of water here? Answer:,yes,"[""Yes"", ""yes"", ""Sure"", ""There""]",Yes,http://images.cocodataset.org/train2014/COCO_train2014_000000131087.jpg
yes/no,Is the light on?,Answer:,Answer with one word: Is the light on? Is the light on? Answer:,no,"[""Yes"", ""yes"", ""Not"", ""No""]",Yes,http://images.cocodataset.org/train2014/COCO_train2014_000000131075.jpg
yes/no,Is the room messy?,Answer:,Answer with one word: Is the room messy? Is the room messy? Answer:,no,"[""Yes"", ""Not"", ""No"", ""no""]",Yes,http://images.cocodataset.org/train2014/COCO_train2014_000000131075.jpg
yes/no,Is this a TV screen?,Answer:,Answer with one word: Is this a TV screen? Is this a TV screen? Answer:,yes,"[""Yes"", ""yes"", ""This"", ""What""]",Yes,http://images.cocodataset.org/train2014/COCO_train2014_000000131075.jpg
yes/no,Is there a laptop in the image?,Answer:,Answer with one word: Is there a laptop in the image? Is there a laptop in the image? Answer:,yes,"[""Yes"", ""yes"", ""There"", ""No""]",Yes,http://images.cocodataset.org/train2014/COCO_train2014_000000131075.jpg
yes/no,Is the animal a mammal?,Answer:,Answer with one word: Is the animal a mammal? Is the animal a mammal? Answer:,yes,"[""Yes"", ""yes"", ""True"", ""No""]",Yes,http://images.cocodataset.org/train2014/COCO_train2014_000000137045.jpg
yes/no,Are there rocks in the picture?,Answer:,Answer with one word: Are there rocks in the picture? Are there rocks in the picture? Answer:,yes,"[""Yes"", ""Are"", ""There"", ""yes""]",Yes,http://images.cocodataset.org/train2014/COCO_train2014_000000131093.jpg
yes/no,Has the sheep recently been shaved?,Answer:,Answer with one word: Has the sheep recently been shaved? Has the sheep recently been shaved? Answer:,no,"[""Yes"", ""Has"", ""Not"", ""No""]",Yes,http://images.cocodataset.org/train2014/COCO_train2014_000000131093.jpg
yes/no,Are there three sheep?,Answer:,Answer with one word: Are there three sheep? Are there three sheep? Answer:,yes,"[""Yes"", ""Are"", ""There"", ""yes""]",Yes,http://images.cocodataset.org/train2014/COCO_train2014_000000131093.jpg
yes/no,Is the man having a good time?,Answer:,Answer with one word: Is the man having a good time? Is the man having a good time? Answer:,yes,"[""Yes"", ""yes"", ""Sure"", ""No""]",Yes,http://images.cocodataset.org/train2014/COCO_train2014_000000524311.jpg
yes/no,Could this photo be from a zoo?,Answer:,Answer with one word: Could this photo be from a zoo? Could this photo be from a zoo? Answer:,yes,"[""Yes"", ""Could"", ""Sure"", ""yes""]",Yes,http://images.cocodataset.org/train2014/COCO_train2014_000000000025.jpg
yes/no,Are the animals eating?,Answer:,Answer with one word: Are the animals eating? Are the animals eating? Answer:,yes,"[""Yes"", ""Are"", ""They"", ""What""]",Yes,http://images.cocodataset.org/train2014/COCO_train2014_000000000025.jpg
yes/no,Is there a zebra?,Answer:,Answer with one word: Is there a zebra? Is there a zebra? Answer:,no,"[""Yes"", ""There"", ""Not"", ""No""]",Yes,http://images.cocodataset.org/train2014/COCO_train2014_000000000025.jpg
yes/no,Is the giraffe eating the tree?,Answer:,Answer with one word: Is the giraffe eating the tree? Is the giraffe eating the tree? Answer:,yes,"[""Yes"", ""What"", ""This"", ""Not""]",Yes,http://images.cocodataset.org/train2014/COCO_train2014_000000000025.jpg
yes/no,Are both giraffes standing?,Answer:,Answer with one word: Are both giraffes standing? Are both giraffes standing? Answer:,no,"[""Yes"", ""Are"", ""One"", ""yes""]",Yes,http://images.cocodataset.org/train2014/COCO_train2014_000000000025.jpg
yes/no,Are they at a zoo?,Answer:,Answer with one word: Are they at a zoo? Are they at a zoo? Answer:,yes,"[""Yes"", ""Are"", ""yes"", ""They""]",Yes,http://images.cocodataset.org/train2014/COCO_train2014_000000000025.jpg
yes/no,Are some of the trees dead?,Answer:,Answer with one word: Are some of the trees dead? Are some of the trees dead? Answer:,yes,"[""Yes"", ""Are"", ""Some"", ""yes""]",Yes,http://images.cocodataset.org/train2014/COCO_train2014_000000000025.jpg
yes/no,Are any of the animals eating?,Answer:,Answer with one word: Are any of the animals eating? Are any of the animals eating? Answer:,yes,"[""Yes"", ""Are"", ""None"", ""One""]",Yes,http://images.cocodataset.org/train2014/COCO_train2014_000000000025.jpg
yes/no,Is the giraffe in the shade?,Answer:,Answer with one word: Is the giraffe in the shade? Is the giraffe in the shade? Answer:,no,"[""Yes"", ""yes"", ""True"", ""Not""]",Yes,http://images.cocodataset.org/train2014/COCO_train2014_000000000025.jpg
yes/no,Are these giraffes living free range?,Answer:,Answer with one word: Are these giraffes living free range? Are these giraffes living free range? Answer:,yes,"[""Yes"", ""Are"", ""They"", ""Not""]",Yes,http://images.cocodataset.org/train2014/COCO_train2014_000000000025.jpg
yes/no,Is there a rock near the giraffe?,Answer:,Answer with one word: Is there a rock near the giraffe? Is there a rock near the giraffe? Answer:,no,"[""Yes"", ""There"", ""yes"", ""Sure""]",Yes,http://images.cocodataset.org/train2014/COCO_train2014_000000000025.jpg
yes/no,Are they moving?,Answer:,Answer with one word: Are they moving? Are they moving? Answer:,yes,"[""Yes"", ""Are"", ""Mov"", ""They""]",Yes,http://images.cocodataset.org/train2014/COCO_train2014_000000262172.jpg
yes/no,Is this man angry?,Answer:,Answer with one word: Is this man angry? Is this man angry? Answer:,no,"[""Yes"", ""What"", ""Not"", ""No""]",Yes,http://images.cocodataset.org/train2014/COCO_train2014_000000131101.jpg
yes/no,Are there flowers in the vase?,Answer:,Answer with one word: Are there flowers in the vase? Are there flowers in the vase? Answer:,yes,"[""Yes"", ""Are"", ""There"", ""yes""]",Yes,http://images.cocodataset.org/train2014/COCO_train2014_000000000030.jpg
yes/no,Are the flowers open?,Answer:,Answer with one word: Are the flowers open? Are the flowers open? Answer:,yes,"[""Yes"", ""Are"", ""Open"", ""yes""]",Yes,http://images.cocodataset.org/train2014/COCO_train2014_000000000030.jpg
yes/no,Are all the flowers white?,Answer:,Answer with one word: Are all the flowers white? Are all the flowers white? Answer:,no,"[""Yes"", ""Are"", ""All"", ""White""]",Yes,http://images.cocodataset.org/train2014/COCO_train2014_000000000030.jpg
yes/no,Is the man standing on both foot?,Answer:,Answer with one word: Is the man standing on both foot? Is the man standing on both foot? Answer:,no,"[""Yes"", ""yes"", ""No"", ""Is""]",Yes,http://images.cocodataset.org/train2014/COCO_train2014_000000524320.jpg
yes/no,Was this picture likely taken recently?,Answer:,Answer with one word: Was this picture likely taken recently? Was this picture likely taken recently? Answer:,no,"[""Yes"", ""Not"", ""Was"", ""What""]",Yes,http://images.cocodataset.org/train2014/COCO_train2014_000000524320.jpg
yes/no,Do the gentleman's socks match his shoes and belt?,Answer:,Answer with one word: Do the gentleman's socks match his shoes and belt? Do the gentleman's socks match his shoes and belt? Answer:,no,"[""Yes"", ""They"", ""No"", ""Do""]",Yes,http://images.cocodataset.org/train2014/COCO_train2014_000000524320.jpg
yes/no,Are the zebras facing the same direction?,Answer:,Answer with one word: Are the zebras facing the same direction? Are the zebras facing the same direction? Answer:,yes,"[""Yes"", ""Are"", ""They"", ""yes""]",Yes,http://images.cocodataset.org/train2014/COCO_train2014_000000240304.jpg
yes/no,Is this a horse?,Answer:,Answer with one word: Is this a horse? Is this a horse? Answer:,no,"[""Yes"", ""This"", ""Hor"", ""No""]",Yes,http://images.cocodataset.org/train2014/COCO_train2014_000000000034.jpg
yes/no,Are they drinking wine at the child's party?,Answer:,Answer with one word: Are they drinking wine at the child's party? Are they drinking wine at the child's party? Answer:,yes,"[""Yes"", ""Are"", ""They"", ""yes""]",Yes,http://images.cocodataset.org/train2014/COCO_train2014_000000393251.jpg
yes/no,Is the man wearing glasses?,Answer:,Answer with one word: Is the man wearing glasses? Is the man wearing glasses? Answer:,yes,"[""Yes"", ""yes"", ""True"", ""No""]",Yes,http://images.cocodataset.org/train2014/COCO_train2014_000000393251.jpg
yes/no,Is this a good dessert?,Answer:,Answer with one word: Is this a good dessert? Is this a good dessert? Answer:,yes,"[""Yes"", ""yes"", ""Good"", ""Sure""]",Yes,http://images.cocodataset.org/train2014/COCO_train2014_000000262180.jpg
yes/no,Are those kites in the air?,Answer:,Answer with one word: Are those kites in the air? Are those kites in the air? Answer:,yes,"[""Yes"", ""Are"", ""What"", ""No""]",Yes,http://images.cocodataset.org/train2014/COCO_train2014_000000524325.jpg
yes/no,Is this a hot dog?,Answer:,Answer with one word: Is this a hot dog? Is this a hot dog? Answer:,yes,"[""Yes"", ""Hot"", ""yes"", ""This""]",Yes,http://images.cocodataset.org/train2014/COCO_train2014_000000043697.jpg
yes/no,Is there ketchup on the hot dog?,Answer:,Answer with one word: Is there ketchup on the hot dog? Is there ketchup on the hot dog? Answer:,no,"[""Yes"", ""There"", ""Not"", ""None""]",Yes,http://images.cocodataset.org/train2014/COCO_train2014_000000043697.jpg
yes/no,Has this hot dog been grilled?,Answer:,Answer with one word: Has this hot dog been grilled? Has this hot dog been grilled? Answer:,no,"[""Yes"", ""Has"", ""Not"", ""No""]",Yes,http://images.cocodataset.org/train2014/COCO_train2014_000000043697.jpg
yes/no,Have you tried a hot dog like this before?,Answer:,Answer with one word: Have you tried a hot dog like this before? Have you tried a hot dog like this before? Answer:,yes,"[""Yes"", ""Have"", ""Never"", ""Sure""]",Yes,http://images.cocodataset.org/train2014/COCO_train2014_000000043697.jpg
yes/no,Is this a toy-sized truck?,Answer:,Answer with one word: Is this a toy-sized truck? Is this a toy-sized truck? Answer:,no,"[""Yes"", ""Not"", ""This"", ""No""]",Yes,http://images.cocodataset.org/train2014/COCO_train2014_000000262184.jpg
yes/no,Is there a carpet on the floor?,Answer:,Answer with one word: Is there a carpet on the floor? Is there a carpet on the floor? Answer:,yes,"[""Yes"", ""There"", ""Car"", ""yes""]",Yes,http://images.cocodataset.org/train2014/COCO_train2014_000000131113.jpg
yes/no,Is this plane landing?,Answer:,Answer with one word: Is this plane landing? Is this plane landing? Answer:,no,"[""Yes"", ""Not"", ""This"", ""What""]",Yes,http://images.cocodataset.org/train2014/COCO_train2014_000000262187.jpg
yes/no,Is the plane taking off?,Answer:,Answer with one word: Is the plane taking off? Is the plane taking off? Answer:,no,"[""Yes"", ""Not"", ""No"", ""Is""]",Yes,http://images.cocodataset.org/train2014/COCO_train2014_000000262187.jpg
yes/no,Are these airliners?,Answer:,Answer with one word: Are these airliners? Are these airliners? Answer:,yes,"[""Yes"", ""Are"", ""What"", ""They""]",Yes,http://images.cocodataset.org/train2014/COCO_train2014_000000131118.jpg
yes/no,Are this cargo planes?,Answer:,Answer with one word: Are this cargo planes? Are this cargo planes? Answer:,yes,"[""Yes"", ""Are"", ""This"", ""What""]",Yes,http://images.cocodataset.org/train2014/COCO_train2014_000000131118.jpg
yes/no,Is this bear a normal size?,Answer:,Answer with one word: Is this bear a normal size? Is this bear a normal size? Answer:,no,"[""Yes"", ""What"", ""No"", ""Is""]",Yes,http://images.cocodataset.org/train2014/COCO_train2014_000000262191.jpg
yes/no,Is there a flower arrangement on the lawn?,Answer:,Answer with one word: Is there a flower arrangement on the lawn? Is there a flower arrangement on the lawn? Answer:,yes,"[""Yes"", ""yes"", ""There"", ""No""]",Yes,http://images.cocodataset.org/train2014/COCO_train2014_000000000049.jpg
yes/no,Are they playing polo?,Answer:,Answer with one word: Are they playing polo? Are they playing polo? Answer:,no,"[""Yes"", ""Are"", ""Pol"", ""They""]",Yes,http://images.cocodataset.org/train2014/COCO_train2014_000000000049.jpg
yes/no,Is this man reading a cell phone screen?,Answer:,Answer with one word: Is this man reading a cell phone screen? Is this man reading a cell phone screen? Answer:,no,"[""Yes"", ""Not"", ""This"", ""No""]",Yes,http://images.cocodataset.org/train2014/COCO_train2014_000000524338.jpg
yes/no,Is there a stop sign in the picture?,Answer:,Answer with one word: Is there a stop sign in the picture? Is there a stop sign in the picture? Answer:,yes,"[""Yes"", ""There"", ""yes"", ""No""]",Yes,http://images.cocodataset.org/train2014/COCO_train2014_000000131126.jpg
yes/no,Is the man unhappy?,Answer:,Answer with one word: Is the man unhappy? Is the man unhappy? Answer:,no,"[""Yes"", ""Not"", ""False"", ""No""]",Yes,http://images.cocodataset.org/train2014/COCO_train2014_000000131127.jpg
yes/no,Are the men going to share the bananas?,Answer:,Answer with one word: Are the men going to share the bananas? Are the men going to share the bananas? Answer:,no,"[""Yes"", ""Are"", ""They"", ""Sure""]",Yes,http://images.cocodataset.org/train2014/COCO_train2014_000000131127.jpg
yes/no,Do the painted flowers match the real ones?,Answer:,Answer with one word: Do the painted flowers match the real ones? Do the painted flowers match the real ones? Answer:,no,"[""Yes"", ""Not"", ""Some"", ""No""]",Yes,http://images.cocodataset.org/train2014/COCO_train2014_000000131128.jpg
yes/no,Will the birds go into the water?,Answer:,Answer with one word: Will the birds go into the water? Will the birds go into the water? Answer:,no,"[""Yes"", ""Will"", ""Not"", ""What""]",Yes,http://images.cocodataset.org/train2014/COCO_train2014_000000262201.jpg
yes/no,Is this bird afraid of the ledge?,Answer:,Answer with one word: Is this bird afraid of the ledge? Is this bird afraid of the ledge? Answer:,no,"[""Yes"", ""Not"", ""What"", ""This""]",Yes,http://images.cocodataset.org/train2014/COCO_train2014_000000262201.jpg
yes/no,Are the mountains high?,Answer:,Answer with one word: Are the mountains high? Are the mountains high? Answer:,yes,"[""Yes"", ""Are"", ""yes"", ""Sure""]",Yes,http://images.cocodataset.org/train2014/COCO_train2014_000000131133.jpg
yes/no,Is there a person standing in front of the television?,Answer:,Answer with one word: Is there a person standing in front of the television? Is there a person standing in front of the television? Answer:,yes,"[""Yes"", ""yes"", ""There"", ""True""]",Yes,http://images.cocodataset.org/train2014/COCO_train2014_000000262207.jpg
yes/no,Is there enough room under the armchairs for a cat to hide?,Answer:,Answer with one word: Is there enough room under the armchairs for a cat to hide? Is there enough room under the armchairs for a cat to hide? Answer:,yes,"[""Yes"", ""yes"", ""Sure"", ""There""]",Yes,http://images.cocodataset.org/train2014/COCO_train2014_000000262207.jpg
yes/no,Are there numbers on the clock face?,Answer:,Answer with one word: Are there numbers on the clock face? Are there numbers on the clock face? Answer:,no,"[""Yes"", ""Are"", ""There"", ""Number""]",Yes,http://images.cocodataset.org/train2014/COCO_train2014_000000000064.jpg
yes/no,Is there a big tree behind the clock?,Answer:,Answer with one word: Is there a big tree behind the clock? Is there a big tree behind the clock? Answer:,yes,"[""Yes"", ""yes"", ""There"", ""True""]",Yes,http://images.cocodataset.org/train2014/COCO_train2014_000000000064.jpg
yes/no,Is this a wedding?,Answer:,Answer with one word: Is this a wedding? Is this a wedding? Answer:,no,"[""Yes"", ""Not"", ""Wed"", ""No""]",Yes,http://images.cocodataset.org/train2014/COCO_train2014_000000458763.jpg
yes/no,Does the crust look burnt?,Answer:,Answer with one word: Does the crust look burnt? Does the crust look burnt? Answer:,yes,"[""Yes"", ""Does"", ""yes"", ""No""]",Yes,http://images.cocodataset.org/train2014/COCO_train2014_000000567990.jpg
yes/no,Does this pizza have a deep dish crust?,Answer:,Answer with one word: Does this pizza have a deep dish crust? Does this pizza have a deep dish crust? Answer:,yes,"[""Yes"", ""Does"", ""yes"", ""No""]",Yes,http://images.cocodataset.org/train2014/COCO_train2014_000000567990.jpg
yes/no,Is the banana freshly peeled?,Answer:,Answer with one word: Is the banana freshly peeled? Is the banana freshly peeled? Answer:,yes,"[""Yes"", ""yes"", ""No"", ""Is""]",Yes,http://images.cocodataset.org/train2014/COCO_train2014_000000393286.jpg
yes/no,Is the banana closed?,Answer:,Answer with one word: Is the banana closed? Is the banana closed? Answer:,no,"[""Yes"", ""No"", ""Is"", ""no""]",Yes,http://images.cocodataset.org/train2014/COCO_train2014_000000393286.jpg
yes/no,Does this photo show train tracks?,Answer:,Answer with one word: Does this photo show train tracks? Does this photo show train tracks? Answer:,yes,"[""Yes"", ""Does"", ""yes"", ""Sure""]",Yes,http://images.cocodataset.org/train2014/COCO_train2014_000000000071.jpg
yes/no,Does this train work?,Answer:,Answer with one word: Does this train work? Does this train work? Answer:,yes,"[""Yes"", ""Does"", ""Sure"", ""yes""]",Yes,http://images.cocodataset.org/train2014/COCO_train2014_000000000071.jpg
yes/no,Are the giraffes under the trees?,Answer:,Answer with one word: Are the giraffes under the trees? Are the giraffes under the trees? Answer:,yes,"[""Yes"", ""Are"", ""They"", ""Under""]",Yes,http://images.cocodataset.org/train2014/COCO_train2014_000000000072.jpg
yes/no,Are there 3 elephants?,Answer:,Answer with one word: Are there 3 elephants? Are there 3 elephants? Answer:,yes,"[""Yes"", ""Are"", ""There"", ""yes""]",Yes,http://images.cocodataset.org/train2014/COCO_train2014_000000393228.jpg
yes/no,Are all of the elephants full grown?,Answer:,Answer with one word: Are all of the elephants full grown? Are all of the elephants full grown? Answer:,no,"[""Yes"", ""Are"", ""Not"", ""All""]",Yes,http://images.cocodataset.org/train2014/COCO_train2014_000000393228.jpg
yes/no,Are the elephants in the jungle?,Answer:,Answer with one word: Are the elephants in the jungle? Are the elephants in the jungle? Answer:,yes,"[""Yes"", ""Are"", ""yes"", ""They""]",Yes,http://images.cocodataset.org/train2014/COCO_train2014_000000393228.jpg
yes/no,Is the woman eating the pizza?,Answer:,Answer with one word: Is the woman eating the pizza? Is the woman eating the pizza? Answer:,no,"[""Yes"", ""Not"", ""She"", ""No""]",Yes,http://images.cocodataset.org/train2014/COCO_train2014_000000393290.jpg
yes/no,Are there any reflections in this picture?,Answer:,Answer with one word: Are there any reflections in this picture? Are there any reflections in this picture? Answer:,no,"[""Yes"", ""There"", ""Are"", ""None""]",Yes,http://images.cocodataset.org/train2014/COCO_train2014_000000393291.jpg
yes/no,Is the water on?,Answer:,Answer with one word: Is the water on? Is the water on? Answer:,no,"[""Yes"", ""Not"", ""Off"", ""No""]",Yes,http://images.cocodataset.org/train2014/COCO_train2014_000000393292.jpg
yes/no,Is this photo outdoors?,Answer:,Answer with one word: Is this photo outdoors? Is this photo outdoors? Answer:,yes,"[""Yes"", ""yes"", ""True"", ""Sure""]",Yes,http://images.cocodataset.org/train2014/COCO_train2014_000000393292.jpg
yes/no,Are the clock and owl made in the same artistic fashion?,Answer:,Answer with one word: Are the clock and owl made in the same artistic fashion? Are the clock and owl made in the same artistic fashion? Answer:,no,"[""Yes"", ""Are"", ""No"", ""The""]",Yes,http://images.cocodataset.org/train2014/COCO_train2014_000000000078.jpg
yes/no,Is that owl a candle?,Answer:,Answer with one word: Is that owl a candle? Is that owl a candle? Answer:,yes,"[""Yes"", ""Cand"", ""yes"", ""No""]",Yes,http://images.cocodataset.org/train2014/COCO_train2014_000000000078.jpg
yes/no,Does this planes tail have 4 colors?,Answer:,Answer with one word: Does this planes tail have 4 colors? Does this planes tail have 4 colors? Answer:,no,"[""Yes"", ""Does"", ""yes"", ""No""]",Yes,http://images.cocodataset.org/train2014/COCO_train2014_000000000081.jpg
yes/no,Is this plane landing?,Answer:,Answer with one word: Is this plane landing? Is this plane landing? Answer:,no,"[""Yes"", ""Not"", ""This"", ""What""]",Yes,http://images.cocodataset.org/train2014/COCO_train2014_000000000081.jpg
yes/no,Is this plane taking off?,Answer:,Answer with one word: Is this plane taking off? Is this plane taking off? Answer:,no,"[""Yes"", ""Not"", ""This"", ""No""]",Yes,http://images.cocodataset.org/train2014/COCO_train2014_000000000081.jpg
yes/no,Are these wings strong?,Answer:,Answer with one word: Are these wings strong? Are these wings strong? Answer:,yes,"[""Yes"", ""Are"", ""Sure"", ""They""]",Yes,http://images.cocodataset.org/train2014/COCO_train2014_000000000081.jpg
yes/no,Is that a bicycle?,Answer:,Answer with one word: Is that a bicycle? Is that a bicycle? Answer:,yes,"[""Yes"", ""yes"", ""That"", ""No""]",Yes,http://images.cocodataset.org/train2014/COCO_train2014_000000000086.jpg
yes/no,Is this a cow farm?,Answer:,Answer with one word: Is this a cow farm? Is this a cow farm? Answer:,yes,"[""Yes"", ""This"", ""Not"", ""No""]",Yes,http://images.cocodataset.org/train2014/COCO_train2014_000000524375.jpg
yes/no,Is this a prairie?,Answer:,Answer with one word: Is this a prairie? Is this a prairie? Answer:,yes,"[""Yes"", ""yes"", ""This"", ""No""]",Yes,http://images.cocodataset.org/train2014/COCO_train2014_000000524375.jpg
yes/no,Is there a village in the background?,Answer:,Answer with one word: Is there a village in the background? Is there a village in the background? Answer:,no,"[""Yes"", ""There"", ""None"", ""Not""]",Yes,http://images.cocodataset.org/train2014/COCO_train2014_000000524375.jpg
yes/no,Would you be able to find a mosque in this city?,Answer:,Answer with one word: Would you be able to find a mosque in this city? Would you be able to find a mosque in this city? Answer:,yes,"[""Yes"", ""Sure"", ""Would"", ""yes""]",Yes,http://images.cocodataset.org/train2014/COCO_train2014_000000131160.jpg
yes/no,Is there ketchup?,Answer:,Answer with one word: Is there ketchup? Is there ketchup? Answer:,no,"[""Yes"", ""There"", ""Not"", ""No""]",Yes,http://images.cocodataset.org/train2014/COCO_train2014_000000524377.jpg
yes/no,Is the hotdog well seasoned?,Answer:,Answer with one word: Is the hotdog well seasoned? Is the hotdog well seasoned? Answer:,yes,"[""Yes"", ""yes"", ""No"", ""Is""]",Yes,http://images.cocodataset.org/train2014/COCO_train2014_000000524377.jpg
yes/no,Is this a healthy meal?,Answer:,Answer with one word: Is this a healthy meal? Is this a healthy meal? Answer:,no,"[""Yes"", ""Not"", ""What"", ""No""]",Yes,http://images.cocodataset.org/train2014/COCO_train2014_000000524377.jpg
yes/no,Is there a spoon in this photo?,Answer:,Answer with one word: Is there a spoon in this photo? Is there a spoon in this photo? Answer:,no,"[""Yes"", ""There"", ""None"", ""No""]",Yes,http://images.cocodataset.org/train2014/COCO_train2014_000000524377.jpg
yes/no,Is this breakfast?,Answer:,Answer with one word: Is this breakfast? Is this breakfast? Answer:,no,"[""Yes"", ""Not"", ""No"", ""no""]",Yes,http://images.cocodataset.org/train2014/COCO_train2014_000000524377.jpg
yes/no,Is there a drink in this picture?,Answer:,Answer with one word: Is there a drink in this picture? Is there a drink in this picture? Answer:,no,"[""Yes"", ""There"", ""yes"", ""None""]",Yes,http://images.cocodataset.org/train2014/COCO_train2014_000000524377.jpg
yes/no,Do these hot dogs look like they taste good?,Answer:,Answer with one word: Do these hot dogs look like they taste good? Do these hot dogs look like they taste good? Answer:,yes,"[""Yes"", ""Sure"", ""They"", ""What""]",Yes,http://images.cocodataset.org/train2014/COCO_train2014_000000524377.jpg
yes/no,Are those tomatoes on the sandwich?,Answer:,Answer with one word: Are those tomatoes on the sandwich? Are those tomatoes on the sandwich? Answer:,no,"[""Yes"", ""Are"", ""There"", ""What""]",Yes,http://images.cocodataset.org/train2014/COCO_train2014_000000524377.jpg
yes/no,Are the fries plain?,Answer:,Answer with one word: Are the fries plain? Are the fries plain? Answer:,no,"[""Yes"", ""Are"", ""They"", ""No""]",Yes,http://images.cocodataset.org/train2014/COCO_train2014_000000524377.jpg
yes/no,Does this breakfast dish primarily carbohydrates?,Answer:,Answer with one word: Does this breakfast dish primarily carbohydrates? Does this breakfast dish primarily carbohydrates? Answer:,yes,"[""Yes"", ""yes"", ""No"", """"]",Yes,http://images.cocodataset.org/train2014/COCO_train2014_000000524377.jpg
yes/no,Has someone started eating?,Answer:,Answer with one word: Has someone started eating? Has someone started eating? Answer:,no,"[""Yes"", ""Has"", ""Not"", ""No""]",Yes,http://images.cocodataset.org/train2014/COCO_train2014_000000524377.jpg
yes/no,Would this be good for dessert?,Answer:,Answer with one word: Would this be good for dessert? Would this be good for dessert? Answer:,no,"[""Yes"", ""Not"", ""Good"", ""Never""]",Yes,http://images.cocodataset.org/train2014/COCO_train2014_000000524377.jpg
yes/no,Is there a butter plate on the table?,Answer:,Answer with one word: Is there a butter plate on the table? Is there a butter plate on the table? Answer:,yes,"[""Yes"", ""There"", ""yes"", ""What""]",Yes,http://images.cocodataset.org/train2014/COCO_train2014_000000524377.jpg
yes/no,Does this have lettuce?,Answer:,Answer with one word: Does this have lettuce? Does this have lettuce? Answer:,no,"[""Yes"", ""Does"", ""What"", ""Not""]",Yes,http://images.cocodataset.org/train2014/COCO_train2014_000000524377.jpg
yes/no,Does the food look good?,Answer:,Answer with one word: Does the food look good? Does the food look good? Answer:,yes,"[""Yes"", ""Does"", ""Sure"", ""yes""]",Yes,http://images.cocodataset.org/train2014/COCO_train2014_000000524377.jpg
yes/no,Is this meat?,Answer:,Answer with one word: Is this meat? Is this meat? Answer:,yes,"[""Yes"", ""This"", ""What"", ""No""]",Yes,http://images.cocodataset.org/train2014/COCO_train2014_000000524377.jpg
yes/no,Would this typically be eaten for breakfast?,Answer:,Answer with one word: Would this typically be eaten for breakfast? Would this typically be eaten for breakfast? Answer:,no,"[""Yes"", ""Not"", ""What"", ""No""]",Yes,http://images.cocodataset.org/train2014/COCO_train2014_000000524377.jpg
yes/no,Is that bacon from a delicatessen?,Answer:,Answer with one word: Is that bacon from a delicatessen? Is that bacon from a delicatessen? Answer:,yes,"[""Yes"", ""What"", ""Not"", ""No""]",Yes,http://images.cocodataset.org/train2014/COCO_train2014_000000524377.jpg
yes/no,Is the man wearing formal clothes?,Answer:,Answer with one word: Is the man wearing formal clothes? Is the man wearing formal clothes? Answer:,no,"[""Yes"", ""Not"", ""No"", ""no""]",Yes,http://images.cocodataset.org/train2014/COCO_train2014_000000393306.jpg
yes/no,Is there a deodorant on the sink?,Answer:,Answer with one word: Is there a deodorant on the sink? Is there a deodorant on the sink? Answer:,no,"[""Yes"", ""There"", ""yes"", ""No""]",Yes,http://images.cocodataset.org/train2014/COCO_train2014_000000262159.jpg
yes/no,Is there a full roll of toilet paper in the bathroom?,Answer:,Answer with one word: Is there a full roll of toilet paper in the bathroom? Is there a full roll of toilet paper in the bathroom? Answer:,yes,"[""Yes"", ""There"", ""yes"", ""No""]",Yes,http://images.cocodataset.org/train2014/COCO_train2014_000000262159.jpg
yes/no,Would someone be able to watch you change from the outside?,Answer:,Answer with one word: Would someone be able to watch you change from the outside? Would someone be able to watch you change from the outside? Answer:,yes,"[""Yes"", ""Sure"", ""Not"", ""No""]",Yes,http://images.cocodataset.org/train2014/COCO_train2014_000000262159.jpg
yes/no,Does the shower have a glass door?,Answer:,Answer with one word: Does the shower have a glass door? Does the shower have a glass door? Answer:,no,"[""Yes"", ""Does"", ""yes"", ""No""]",Yes,http://images.cocodataset.org/train2014/COCO_train2014_000000262159.jpg
yes/no,Is the towel rack silver?,Answer:,Answer with one word: Is the towel rack silver? Is the towel rack silver? Answer:,no,"[""Yes"", ""yes"", ""No"", ""Is""]",Yes,http://images.cocodataset.org/train2014/COCO_train2014_000000262159.jpg
yes/no,Is there a shower curtain?,Answer:,Answer with one word: Is there a shower curtain? Is there a shower curtain? Answer:,yes,"[""Yes"", ""There"", ""None"", ""Not""]",Yes,http://images.cocodataset.org/train2014/COCO_train2014_000000262159.jpg
yes/no,Is the toilet lid down?,Answer:,Answer with one word: Is the toilet lid down? Is the toilet lid down? Answer:,yes,"[""Yes"", ""yes"", ""No"", ""Is""]",Yes,http://images.cocodataset.org/train2014/COCO_train2014_000000262159.jpg
yes/no,Does this cake look like it chocolate?,Answer:,Answer with one word: Does this cake look like it chocolate? Does this cake look like it chocolate? Answer:,yes,"[""Yes"", ""yes"", ""Does"", ""Sure""]",Yes,http://images.cocodataset.org/train2014/COCO_train2014_000000000092.jpg
yes/no,Is this a small town?,Answer:,Answer with one word: Is this a small town? Is this a small town? Answer:,yes,"[""Yes"", ""yes"", ""Small"", ""What""]",Yes,http://images.cocodataset.org/train2014/COCO_train2014_000000000094.jpg
yes/no,Will these planes be used to transport people?,Answer:,Answer with one word: Will these planes be used to transport people? Will these planes be used to transport people? Answer:,no,"[""Yes"", ""Will"", ""Not"", ""They""]",Yes,http://images.cocodataset.org/train2014/COCO_train2014_000000393311.jpg
yes/no,Is the room carpeted?,Answer:,Answer with one word: Is the room carpeted? Is the room carpeted? Answer:,yes,"[""Yes"", ""Car"", ""yes"", ""No""]",Yes,http://images.cocodataset.org/train2014/COCO_train2014_000000524386.jpg
yes/no,Is there a fireplace?,Answer:,Answer with one word: Is there a fireplace? Is there a fireplace? Answer:,no,"[""Yes"", ""There"", ""None"", ""Not""]",Yes,http://images.cocodataset.org/train2014/COCO_train2014_000000524386.jpg
yes/no,Are stains on the floor?,Answer:,Answer with one word: Are stains on the floor? Are stains on the floor? Answer:,no,"[""Yes"", ""Are"", ""There"", ""What""]",Yes,http://images.cocodataset.org/train2014/COCO_train2014_000000524386.jpg
yes/no,Are these boys at home?,Answer:,Answer with one word: Are these boys at home? Are these boys at home? Answer:,no,"[""Yes"", ""Are"", ""They"", ""What""]",Yes,http://images.cocodataset.org/train2014/COCO_train2014_000000524386.jpg
yes/no,Is this a 60's motif?,Answer:,Answer with one word: Is this a 60's motif? Is this a 60's motif? Answer:,no,"[""Yes"", ""Not"", ""What"", ""No""]",Yes,http://images.cocodataset.org/train2014/COCO_train2014_000000524386.jpg
yes/no,Is the light green?,Answer:,Answer with one word: Is the light green? Is the light green? Answer:,yes,"[""Yes"", ""yes"", ""Not"", ""No""]",Yes,http://images.cocodataset.org/train2014/COCO_train2014_000000393317.jpg
yes/no,Is it raining?,Answer:,Answer with one word: Is it raining? Is it raining? Answer:,no,"[""Yes"", ""yes"", ""No"", ""Is""]",Yes,http://images.cocodataset.org/train2014/COCO_train2014_000000393317.jpg
yes/no,Is this woman crossing a street?,Answer:,Answer with one word: Is this woman crossing a street? Is this woman crossing a street? Answer:,yes,"[""Yes"", ""yes"", ""This"", ""No""]",Yes,http://images.cocodataset.org/train2014/COCO_train2014_000000393317.jpg
yes/no,Is this in the United States?,Answer:,Answer with one word: Is this in the United States? Is this in the United States? Answer:,yes,"[""Yes"", ""This"", ""yes"", ""No""]",Yes,http://images.cocodataset.org/train2014/COCO_train2014_000000393317.jpg
yes/no,Is there anyone in the cockpit?,Answer:,Answer with one word: Is there anyone in the cockpit? Is there anyone in the cockpit? Answer:,yes,"[""Yes"", ""There"", ""Not"", ""No""]",Yes,http://images.cocodataset.org/train2014/COCO_train2014_000000131174.jpg
yes/no,Is the bus stopped?,Answer:,Answer with one word: Is the bus stopped? Is the bus stopped? Answer:,yes,"[""Yes"", ""yes"", ""Not"", ""No""]",Yes,http://images.cocodataset.org/train2014/COCO_train2014_000000546151.jpg
yes/no,Is this an ocean area?,Answer:,Answer with one word: Is this an ocean area? Is this an ocean area? Answer:,yes,"[""Yes"", ""Not"", ""This"", ""No""]",Yes,http://images.cocodataset.org/train2014/COCO_train2014_000000000109.jpg
yes/no,Is the ground near the waterfront squishy?,Answer:,Answer with one word: Is the ground near the waterfront squishy? Is the ground near the waterfront squishy? Answer:,no,"[""Yes"", ""yes"", ""True"", ""No""]",Yes,http://images.cocodataset.org/train2014/COCO_train2014_000000000109.jpg
yes/no,Is the water calm?,Answer:,Answer with one word: Is the water calm? Is the water calm? Answer:,yes,"[""Yes"", ""yes"", ""True"", ""Sure""]",Yes,http://images.cocodataset.org/train2014/COCO_train2014_000000000109.jpg
yes/no,Is this a cheese pizza?,Answer:,Answer with one word: Is this a cheese pizza? Is this a cheese pizza? Answer:,yes,"[""Yes"", ""Che"", ""This"", ""No""]",Yes,http://images.cocodataset.org/train2014/COCO_train2014_000000000110.jpg
yes/no,Is there more than one vase on the table?,Answer:,Answer with one word: Is there more than one vase on the table? Is there more than one vase on the table? Answer:,yes,"[""Yes"", ""There"", ""yes"", ""No""]",Yes,http://images.cocodataset.org/train2014/COCO_train2014_000000305853.jpg
yes/no,Is there a cake here?,Answer:,Answer with one word: Is there a cake here? Is there a cake here? Answer:,yes,"[""Yes"", ""There"", ""yes"", ""Sure""]",Yes,http://images.cocodataset.org/train2014/COCO_train2014_000000000113.jpg
yes/no,Are there any pens on the table?,Answer:,Answer with one word: Are there any pens on the table? Are there any pens on the table? Answer:,no,"[""Yes"", ""There"", ""Are"", ""None""]",Yes,http://images.cocodataset.org/train2014/COCO_train2014_000000000113.jpg
yes/no,Is this image tilted?,Answer:,Answer with one word: Is this image tilted? Is this image tilted? Answer:,yes,"[""Yes"", ""yes"", ""True"", ""No""]",Yes,http://images.cocodataset.org/train2014/COCO_train2014_000000262260.jpg
yes/no,Does this image contain a pie pan?,Answer:,Answer with one word: Does this image contain a pie pan? Does this image contain a pie pan? Answer:,yes,"[""Yes"", ""Does"", ""yes"", ""True""]",Yes,http://images.cocodataset.org/train2014/COCO_train2014_000000262261.jpg
yes/no,Is this a large house?,Answer:,Answer with one word: Is this a large house? Is this a large house? Answer:,yes,"[""Yes"", ""yes"", ""This"", ""Lar""]",Yes,http://images.cocodataset.org/train2014/COCO_train2014_000000131190.jpg
yes/no,Is there a fountain in front of the building?,Answer:,Answer with one word: Is there a fountain in front of the building? Is there a fountain in front of the building? Answer:,no,"[""Yes"", ""There"", ""Not"", ""No""]",Yes,http://images.cocodataset.org/train2014/COCO_train2014_000000131190.jpg
yes/no,Is the sun shining?,Answer:,Answer with one word: Is the sun shining? Is the sun shining? Answer:,yes,"[""Yes"", ""yes"", ""Sun"", ""True""]",Yes,http://images.cocodataset.org/train2014/COCO_train2014_000000131190.jpg
yes/no,Is this a church?,Answer:,Answer with one word: Is this a church? Is this a church? Answer:,yes,"[""Yes"", ""Church"", ""Not"", ""This""]",Yes,http://images.cocodataset.org/train2014/COCO_train2014_000000131190.jpg
yes/no,Are there clouds visible?,Answer:,Answer with one word: Are there clouds visible? Are there clouds visible? Answer:,no,"[""Yes"", ""Are"", ""There"", ""None""]",Yes,http://images.cocodataset.org/train2014/COCO_train2014_000000131190.jpg
yes/no,Is this a sunny day?,Answer:,Answer with one word: Is this a sunny day? Is this a sunny day? Answer:,yes,"[""Yes"", ""yes"", ""Sure"", ""No""]",Yes,http://images.cocodataset.org/train2014/COCO_train2014_000000131190.jpg
yes/no,Are the hedges well-groomed?,Answer:,Answer with one word: Are the hedges well-groomed? Are the hedges well-groomed? Answer:,no,"[""Yes"", ""Are"", ""yes"", ""No""]",Yes,http://images.cocodataset.org/train2014/COCO_train2014_000000131190.jpg
yes/no,Does the building in the back have an elevator?,Answer:,Answer with one word: Does the building in the back have an elevator? Does the building in the back have an elevator? Answer:,no,"[""Yes"", ""Does"", ""No"", ""no""]",Yes,http://images.cocodataset.org/train2014/COCO_train2014_000000131190.jpg
yes/no,Do you a phone booth?,Answer:,Answer with one word: Do you a phone booth? Do you a phone booth? Answer:,no,"[""Yes"", ""What"", ""Not"", ""No""]",Yes,http://images.cocodataset.org/train2014/COCO_train2014_000000131190.jpg
yes/no,Are the buildings tall?,Answer:,Answer with one word: Are the buildings tall? Are the buildings tall? Answer:,yes,"[""Yes"", ""Are"", ""yes"", ""Not""]",Yes,http://images.cocodataset.org/train2014/COCO_train2014_000000131190.jpg
yes/no,Is the clock between two arches?,Answer:,Answer with one word: Is the clock between two arches? Is the clock between two arches? Answer:,no,"[""Yes"", ""yes"", ""True"", ""No""]",Yes,http://images.cocodataset.org/train2014/COCO_train2014_000000131190.jpg
yes/no,Are there any entrance gates at the bottom of the tower?,Answer:,Answer with one word: Are there any entrance gates at the bottom of the tower? Are there any entrance gates at the bottom of the tower? Answer:,no,"[""Yes"", ""Are"", ""There"", ""yes""]",Yes,http://images.cocodataset.org/train2014/COCO_train2014_000000131190.jpg
yes/no,Is the building a high rise?,Answer:,Answer with one word: Is the building a high rise? Is the building a high rise? Answer:,no,"[""Yes"", ""Not"", ""No"", ""Is""]",Yes,http://images.cocodataset.org/train2014/COCO_train2014_000000131190.jpg
yes/no,Is part of this tower made of wood?,Answer:,Answer with one word: Is part of this tower made of wood? Is part of this tower made of wood? Answer:,yes,"[""Yes"", ""Part"", ""yes"", ""True""]",Yes,http://images.cocodataset.org/train2014/COCO_train2014_000000131190.jpg
yes/no,Can the tree tell time?,Answer:,Answer with one word: Can the tree tell time? Can the tree tell time? Answer:,no,"[""Yes"", ""Can"", ""Sure"", ""Not""]",Yes,http://images.cocodataset.org/train2014/COCO_train2014_000000131190.jpg
yes/no,Is the emblem a sun face clock?,Answer:,Answer with one word: Is the emblem a sun face clock? Is the emblem a sun face clock? Answer:,yes,"[""Yes"", ""Sun"", ""yes"", ""What""]",Yes,http://images.cocodataset.org/train2014/COCO_train2014_000000131190.jpg
yes/no,Is the ram's fleece dirty?,Answer:,Answer with one word: Is the ram's fleece dirty? Is the ram's fleece dirty? Answer:,no,"[""Yes"", ""yes"", ""Not"", ""No""]",Yes,http://images.cocodataset.org/train2014/COCO_train2014_000000131197.jpg
yes/no,Is there a travel guide on the table?,Answer:,Answer with one word: Is there a travel guide on the table? Is there a travel guide on the table? Answer:,yes,"[""Yes"", ""There"", ""yes"", ""No""]",Yes,http://images.cocodataset.org/train2014/COCO_train2014_000000000127.jpg
yes/no,Is there snow?,Answer:,Answer with one word: Is there snow? Is there snow? Answer:,yes,"[""Yes"", ""There"", ""yes"", ""No""]",Yes,http://images.cocodataset.org/train2014/COCO_train2014_000000262273.jpg
yes/no,Is it summer?,Answer:,Answer with one word: Is it summer? Is it summer? Answer:,no,"[""Yes"", ""Not"", ""No"", ""no""]",Yes,http://images.cocodataset.org/train2014/COCO_train2014_000000262273.jpg
yes/no,Is the picture in color?,Answer:,Answer with one word: Is the picture in color? Is the picture in color? Answer:,yes,"[""Yes"", ""yes"", ""True"", ""No""]",Yes,http://images.cocodataset.org/train2014/COCO_train2014_000000524420.jpg
yes/no,Is there a dog in the photo?,Answer:,Answer with one word: Is there a dog in the photo? Is there a dog in the photo? Answer:,yes,"[""Yes"", ""yes"", ""There"", ""Sure""]",Yes,http://images.cocodataset.org/train2014/COCO_train2014_000000524420.jpg
yes/no,Is the dog on a leash?,Answer:,Answer with one word: Is the dog on a leash? Is the dog on a leash? Answer:,yes,"[""Yes"", ""yes"", ""What"", ""No""]",Yes,http://images.cocodataset.org/train2014/COCO_train2014_000000524420.jpg
yes/no,Are all of the birds in flight?,Answer:,Answer with one word: Are all of the birds in flight? Are all of the birds in flight? Answer:,no,"[""Yes"", ""Are"", ""Some"", ""Not""]",Yes,http://images.cocodataset.org/train2014/COCO_train2014_000000436929.jpg
yes/no,Are there three birds in the picture?,Answer:,Answer with one word: Are there three birds in the picture? Are there three birds in the picture? Answer:,yes,"[""Yes"", ""Are"", ""There"", ""One""]",Yes,http://images.cocodataset.org/train2014/COCO_train2014_000000436929.jpg
yes/no,Is this a dog?,Answer:,Answer with one word: Is this a dog? Is this a dog? Answer:,no,"[""Yes"", ""This"", ""Not"", ""No""]",Yes,http://images.cocodataset.org/train2014/COCO_train2014_000000436929.jpg
yes/no,Is this a winter scene?,Answer:,Answer with one word: Is this a winter scene? Is this a winter scene? Answer:,yes,"[""Yes"", ""yes"", ""Sure"", ""yes""]",Yes,http://images.cocodataset.org/train2014/COCO_train2014_000000436929.jpg
yes/no,Is the water frozen?,Answer:,Answer with one word: Is the water frozen? Is the water frozen? Answer:,yes,"[""Yes"", ""yes"", ""True"", ""No""]",Yes,http://images.cocodataset.org/train2014/COCO_train2014_000000436929.jpg
yes/no,Is that a laptop on the chair?,Answer:,Answer with one word: Is that a laptop on the chair? Is that a laptop on the chair? Answer:,yes,"[""Yes"", ""yes"", ""What"", ""No""]",Yes,http://images.cocodataset.org/train2014/COCO_train2014_000000131208.jpg
yes/no,Is Cingular a sponsor of this field?,Answer:,Answer with one word: Is Cingular a sponsor of this field? Is Cingular a sponsor of this field? Answer:,yes,"[""Yes"", ""yes"", ""No"", ""Is""]",Yes,http://images.cocodataset.org/train2014/COCO_train2014_000000284012.jpg
yes/no,Is this a conventional kitchen?,Answer:,Answer with one word: Is this a conventional kitchen? Is this a conventional kitchen? Answer:,no,"[""Yes"", ""Not"", ""No"", ""no""]",Yes,http://images.cocodataset.org/train2014/COCO_train2014_000000000138.jpg
yes/no,Is the area lit?,Answer:,Answer with one word: Is the area lit? Is the area lit? Answer:,yes,"[""Yes"", ""yes"", ""Sure"", ""No""]",Yes,http://images.cocodataset.org/train2014/COCO_train2014_000000262283.jpg
yes/no,Are the vases identical?,Answer:,Answer with one word: Are the vases identical? Are the vases identical? Answer:,no,"[""Yes"", ""Are"", ""yes"", ""No""]",Yes,http://images.cocodataset.org/train2014/COCO_train2014_000000262283.jpg
yes/no,Are these the normal size pieces of pizza?,Answer:,Answer with one word: Are these the normal size pieces of pizza? Are these the normal size pieces of pizza? Answer:,yes,"[""Yes"", ""Are"", ""What"", ""They""]",Yes,http://images.cocodataset.org/train2014/COCO_train2014_000000524428.jpg
yes/no,Could you eat all of this pizza?,Answer:,Answer with one word: Could you eat all of this pizza? Could you eat all of this pizza? Answer:,no,"[""Yes"", ""Could"", ""Sure"", ""Can""]",Yes,http://images.cocodataset.org/train2014/COCO_train2014_000000524428.jpg
yes/no,Is there broccoli on a slice of pizza?,Answer:,Answer with one word: Is there broccoli on a slice of pizza? Is there broccoli on a slice of pizza? Answer:,yes,"[""Yes"", ""There"", ""yes"", ""No""]",Yes,http://images.cocodataset.org/train2014/COCO_train2014_000000524428.jpg
yes/no,Is there an animal that seems to stick out?,Answer:,Answer with one word: Is there an animal that seems to stick out? Is there an animal that seems to stick out? Answer:,no,"[""Yes"", ""There"", ""yes"", ""One""]",Yes,http://images.cocodataset.org/train2014/COCO_train2014_000000262285.jpg
yes/no,Is this in a zoo?,Answer:,Answer with one word: Is this in a zoo? Is this in a zoo? Answer:,no,"[""Yes"", ""Not"", ""No"", ""no""]",Yes,http://images.cocodataset.org/train2014/COCO_train2014_000000262285.jpg
yes/no,Is this in a desert?,Answer:,Answer with one word: Is this in a desert? Is this in a desert? Answer:,yes,"[""Yes"", ""yes"", ""This"", ""No""]",Yes,http://images.cocodataset.org/train2014/COCO_train2014_000000262285.jpg
yes/no,Is this a banana toast?,Answer:,Answer with one word: Is this a banana toast? Is this a banana toast? Answer:,yes,"[""Yes"", ""yes"", ""Ban"", ""This""]",Yes,http://images.cocodataset.org/train2014/COCO_train2014_000000000142.jpg
yes/no,Are the people playing a game?,Answer:,Answer with one word: Are the people playing a game? Are the people playing a game? Answer:,no,"[""Yes"", ""Are"", ""yes"", ""What""]",Yes,http://images.cocodataset.org/train2014/COCO_train2014_000000131215.jpg
yes/no,Is the TV turned on?,Answer:,Answer with one word: Is the TV turned on? Is the TV turned on? Answer:,yes,"[""Yes"", ""yes"", ""Turn"", ""No""]",Yes,http://images.cocodataset.org/train2014/COCO_train2014_000000131215.jpg
yes/no,Is this person watching a movie?,Answer:,Answer with one word: Is this person watching a movie? Is this person watching a movie? Answer:,yes,"[""Yes"", ""yes"", ""What"", ""No""]",Yes,http://images.cocodataset.org/train2014/COCO_train2014_000000131215.jpg
yes/no,Is one of the giraffes eating?,Answer:,Answer with one word: Is one of the giraffes eating? Is one of the giraffes eating? Answer:,yes,"[""Yes"", ""One"", ""yes"", ""No""]",Yes,http://images.cocodataset.org/train2014/COCO_train2014_000000000144.jpg
yes/no,Is it daytime?,Answer:,Answer with one word: Is it daytime? Is it daytime? Answer:,yes,"[""Yes"", ""yes"", ""Day"", ""Sure""]",Yes,http://images.cocodataset.org/train2014/COCO_train2014_000000393362.jpg
yes/no,Are the kickstands down?,Answer:,Answer with one word: Are the kickstands down? Are the kickstands down? Answer:,yes,"[""Yes"", ""Are"", ""yes"", ""No""]",Yes,http://images.cocodataset.org/train2014/COCO_train2014_000000393362.jpg
yes/no,Do you see any motorcycle helmets?,Answer:,Answer with one word: Do you see any motorcycle helmets? Do you see any motorcycle helmets? Answer:,yes,"[""Yes"", ""There"", ""yes"", ""No""]",Yes,http://images.cocodataset.org/train2014/COCO_train2014_000000393362.jpg
yes/no,Is the kite high in the air?,Answer:,Answer with one word: Is the kite high in the air? Is the kite high in the air? Answer:,yes,"[""Yes"", ""yes"", ""True"", ""No""]",Yes,http://images.cocodataset.org/train2014/COCO_train2014_000000000149.jpg
yes/no,Is the sky clear?,Answer:,Answer with one word: Is the sky clear? Is the sky clear? Answer:,no,"[""Yes"", ""Not"", ""False"", ""No""]",Yes,http://images.cocodataset.org/train2014/COCO_train2014_000000000149.jpg
yes/no,Are the people flying kites?,Answer:,Answer with one word: Are the people flying kites? Are the people flying kites? Answer:,yes,"[""Yes"", ""Are"", ""yes"", ""No""]",Yes,http://images.cocodataset.org/train2014/COCO_train2014_000000000149.jpg
yes/no,Can you see any fish?,Answer:,Answer with one word: Can you see any fish? Can you see any fish? Answer:,no,"[""Yes"", ""Can"", ""None"", ""Not""]",Yes,http://images.cocodataset.org/train2014/COCO_train2014_000000471373.jpg
yes/no,Is this man swimming?,Answer:,Answer with one word: Is this man swimming? Is this man swimming? Answer:,no,"[""Yes"", ""yes"", ""No"", ""Is""]",Yes,http://images.cocodataset.org/train2014/COCO_train2014_000000471373.jpg
yes/no,Is he turning?,Answer:,Answer with one word: Is he turning? Is he turning? Answer:,no,"[""Yes"", ""Turn"", ""Not"", ""No""]",Yes,http://images.cocodataset.org/train2014/COCO_train2014_000000471373.jpg
yes/no,Does the man have short hair?,Answer:,Answer with one word: Does the man have short hair? Does the man have short hair? Answer:,yes,"[""Yes"", ""Does"", ""yes"", ""True""]",Yes,http://images.cocodataset.org/train2014/COCO_train2014_000000471373.jpg
yes/no,Is the bus featured in this picture typical?,Answer:,Answer with one word: Is the bus featured in this picture typical? Is the bus featured in this picture typical? Answer:,no,"[""Yes"", ""Not"", ""What"", ""No""]",Yes,http://images.cocodataset.org/train2014/COCO_train2014_000000131225.jpg
yes/no,Is this the latest make and model?,Answer:,Answer with one word: Is this the latest make and model? Is this the latest make and model? Answer:,no,"[""Yes"", ""Not"", ""What"", ""No""]",Yes,http://images.cocodataset.org/train2014/COCO_train2014_000000131225.jpg
yes/no,Are there any building in the area?,Answer:,Answer with one word: Are there any building in the area? Are there any building in the area? Answer:,yes,"[""Yes"", ""Are"", ""There"", ""yes""]",Yes,http://images.cocodataset.org/train2014/COCO_train2014_000000131225.jpg
yes/no,Is there a fence in the background?,Answer:,Answer with one word: Is there a fence in the background? Is there a fence in the background? Answer:,no,"[""Yes"", ""There"", ""None"", ""Not""]",Yes,http://images.cocodataset.org/train2014/COCO_train2014_000000000154.jpg
yes/no,Is the zebra's tail up?,Answer:,Answer with one word: Is the zebra's tail up? Is the zebra's tail up? Answer:,no,"[""Yes"", ""yes"", ""Not"", ""No""]",Yes,http://images.cocodataset.org/train2014/COCO_train2014_000000000154.jpg
yes/no,Are they the same type of animal?,Answer:,Answer with one word: Are they the same type of animal? Are they the same type of animal? Answer:,yes,"[""Yes"", ""Are"", ""yes"", ""They""]",Yes,http://images.cocodataset.org/train2014/COCO_train2014_000000000154.jpg
yes/no,Are all zebras facing the same way?,Answer:,Answer with one word: Are all zebras facing the same way? Are all zebras facing the same way? Answer:,no,"[""Yes"", ""Are"", ""All"", ""Not""]",Yes,http://images.cocodataset.org/train2014/COCO_train2014_000000000154.jpg
yes/no,Are the zebras running?,Answer:,Answer with one word: Are the zebras running? Are the zebras running? Answer:,no,"[""Yes"", ""Are"", ""They"", ""Not""]",Yes,http://images.cocodataset.org/train2014/COCO_train2014_000000000154.jpg
yes/no,Is he going to fall?,Answer:,Answer with one word: Is he going to fall? Is he going to fall? Answer:,no,"[""Yes"", ""Fall"", ""Not"", ""No""]",Yes,http://images.cocodataset.org/train2014/COCO_train2014_000000262299.jpg
yes/no,Are the traffic lights facing the same direction?,Answer:,Answer with one word: Are the traffic lights facing the same direction? Are the traffic lights facing the same direction? Answer:,no,"[""Yes"", ""Are"", ""yes"", ""No""]",Yes,http://images.cocodataset.org/train2014/COCO_train2014_000000393242.jpg
yes/no,Is this cake made with fondant?,Answer:,Answer with one word: Is this cake made with fondant? Is this cake made with fondant? Answer:,no,"[""Yes"", ""What"", ""Not"", ""No""]",Yes,http://images.cocodataset.org/train2014/COCO_train2014_000000393375.jpg
yes/no,Is there a fork on the plate?,Answer:,Answer with one word: Is there a fork on the plate? Is there a fork on the plate? Answer:,no,"[""Yes"", ""There"", ""yes"", ""True""]",Yes,http://images.cocodataset.org/train2014/COCO_train2014_000000262308.jpg
yes/no,Is this black and white?,Answer:,Answer with one word: Is this black and white? Is this black and white? Answer:,yes,"[""Yes"", ""This"", ""yes"", ""No""]",Yes,http://images.cocodataset.org/train2014/COCO_train2014_000000262308.jpg
yes/no,Is a military person in the picture?,Answer:,Answer with one word: Is a military person in the picture? Is a military person in the picture? Answer:,yes,"[""Yes"", ""yes"", ""True"", ""No""]",Yes,http://images.cocodataset.org/train2014/COCO_train2014_000000000165.jpg
yes/no,Are they smiling?,Answer:,Answer with one word: Are they smiling? Are they smiling? Answer:,yes,"[""Yes"", ""Are"", ""They"", ""yes""]",Yes,http://images.cocodataset.org/train2014/COCO_train2014_000000000165.jpg
yes/no,Is this an old building?,Answer:,Answer with one word: Is this an old building? Is this an old building? Answer:,yes,"[""Yes"", ""yes"", ""Sure"", ""No""]",Yes,http://images.cocodataset.org/train2014/COCO_train2014_000000415089.jpg
yes/no,Is the room almost full?,Answer:,Answer with one word: Is the room almost full? Is the room almost full? Answer:,no,"[""Yes"", ""Not"", ""No"", ""no""]",Yes,http://images.cocodataset.org/train2014/COCO_train2014_000000415089.jpg
yes/no,Are the people on a soft surface?,Answer:,Answer with one word: Are the people on a soft surface? Are the people on a soft surface? Answer:,no,"[""Yes"", ""Are"", ""They"", ""No""]",Yes,http://images.cocodataset.org/train2014/COCO_train2014_000000393384.jpg
yes/no,Has the grass been mowed recently?,Answer:,Answer with one word: Has the grass been mowed recently? Has the grass been mowed recently? Answer:,no,"[""Yes"", ""Has"", ""Not"", ""No""]",Yes,http://images.cocodataset.org/train2014/COCO_train2014_000000393386.jpg
yes/no,Is this scene in America?,Answer:,Answer with one word: Is this scene in America? Is this scene in America? Answer:,no,"[""Yes"", ""Not"", ""No"", ""no""]",Yes,http://images.cocodataset.org/train2014/COCO_train2014_000000131245.jpg
yes/no,Are all the laptops on?,Answer:,Answer with one word: Are all the laptops on? Are all the laptops on? Answer:,yes,"[""Yes"", ""All"", ""Are"", ""yes""]",Yes,http://images.cocodataset.org/train2014/COCO_train2014_000000137918.jpg
yes/no,Is this a hotel room?,Answer:,Answer with one word: Is this a hotel room? Is this a hotel room? Answer:,yes,"[""Yes"", ""yes"", ""Sure"", ""This""]",Yes,http://images.cocodataset.org/train2014/COCO_train2014_000000393394.jpg
yes/no,Is this a hotel?,Answer:,Answer with one word: Is this a hotel? Is this a hotel? Answer:,yes,"[""Yes"", ""yes"", ""Sure"", ""This""]",Yes,http://images.cocodataset.org/train2014/COCO_train2014_000000393394.jpg
yes/no,Is an elephant walking down the street?,Answer:,Answer with one word: Is an elephant walking down the street? Is an elephant walking down the street? Answer:,yes,"[""Yes"", ""yes"", ""What"", ""No""]",Yes,http://images.cocodataset.org/train2014/COCO_train2014_000000438196.jpg
yes/no,Is the guy in the yellow shirt wearing a tie?,Answer:,Answer with one word: Is the guy in the yellow shirt wearing a tie? Is the guy in the yellow shirt wearing a tie? Answer:,yes,"[""Yes"", ""What"", ""Not"", ""No""]",Yes,http://images.cocodataset.org/train2014/COCO_train2014_000000438196.jpg
yes/no,Is this a church?,Answer:,Answer with one word: Is this a church? Is this a church? Answer:,yes,"[""Yes"", ""Church"", ""yes"", ""This""]",Yes,http://images.cocodataset.org/train2014/COCO_train2014_000000393396.jpg
yes/no,Is there snow in the picture?,Answer:,Answer with one word: Is there snow in the picture? Is there snow in the picture? Answer:,yes,"[""Yes"", ""There"", ""yes"", ""True""]",Yes,http://images.cocodataset.org/train2014/COCO_train2014_000000393396.jpg
yes/no,Is there a clock on the church tower?,Answer:,Answer with one word: Is there a clock on the church tower? Is there a clock on the church tower? Answer:,no,"[""Yes"", ""There"", ""None"", ""Not""]",Yes,http://images.cocodataset.org/train2014/COCO_train2014_000000393396.jpg
yes/no,Is there a clock?,Answer:,Answer with one word: Is there a clock? Is there a clock? Answer:,no,"[""Yes"", ""There"", ""Not"", ""None""]",Yes,http://images.cocodataset.org/train2014/COCO_train2014_000000393396.jpg
yes/no,Is this person wearing a backpack?,Answer:,Answer with one word: Is this person wearing a backpack? Is this person wearing a backpack? Answer:,yes,"[""Yes"", ""yes"", ""Sure"", ""No""]",Yes,http://images.cocodataset.org/train2014/COCO_train2014_000000524470.jpg
yes/no,Is there a street light in the photo?,Answer:,Answer with one word: Is there a street light in the photo? Is there a street light in the photo? Answer:,yes,"[""Yes"", ""There"", ""yes"", ""No""]",Yes,http://images.cocodataset.org/train2014/COCO_train2014_000000524470.jpg
yes/no,Is the sun up?,Answer:,Answer with one word: Is the sun up? Is the sun up? Answer:,no,"[""Yes"", ""yes"", ""No"", ""Is""]",Yes,http://images.cocodataset.org/train2014/COCO_train2014_000000524470.jpg
yes/no,Is the oven on?,Answer:,Answer with one word: Is the oven on? Is the oven on? Answer:,yes,"[""Yes"", ""yes"", ""No"", ""Is""]",Yes,http://images.cocodataset.org/train2014/COCO_train2014_000000524471.jpg
yes/no,Is there a window in this scene?,Answer:,Answer with one word: Is there a window in this scene? Is there a window in this scene? Answer:,yes,"[""Yes"", ""yes"", ""There"", ""True""]",Yes,http://images.cocodataset.org/train2014/COCO_train2014_000000524471.jpg
yes/no,Is this toast done?,Answer:,Answer with one word: Is this toast done? Is this toast done? Answer:,no,"[""Yes"", ""yes"", ""No"", ""Is""]",Yes,http://images.cocodataset.org/train2014/COCO_train2014_000000524471.jpg
yes/no,Is the microwave on?,Answer:,Answer with one word: Is the microwave on? Is the microwave on? Answer:,no,"[""Yes"", ""yes"", ""No"", ""Is""]",Yes,http://images.cocodataset.org/train2014/COCO_train2014_000000524471.jpg
yes/no,Is the toaster on?,Answer:,Answer with one word: Is the toaster on? Is the toaster on? Answer:,yes,"[""Yes"", ""Off"", ""No"", ""Is""]",Yes,http://images.cocodataset.org/train2014/COCO_train2014_000000524471.jpg
yes/no,Is this a one way street?,Answer:,Answer with one word: Is this a one way street? Is this a one way street? Answer:,yes,"[""Yes"", ""yes"", ""Not"", ""No""]",Yes,http://images.cocodataset.org/train2014/COCO_train2014_000000393403.jpg
yes/no,Are there people boarding the bus?,Answer:,Answer with one word: Are there people boarding the bus? Are there people boarding the bus? Answer:,no,"[""Yes"", ""Are"", ""There"", ""Not""]",Yes,http://images.cocodataset.org/train2014/COCO_train2014_000000393403.jpg
yes/no,Is there a hardware store in the area?,Answer:,Answer with one word: Is there a hardware store in the area? Is there a hardware store in the area? Answer:,no,"[""Yes"", ""There"", ""Not"", ""No""]",Yes,http://images.cocodataset.org/train2014/COCO_train2014_000000393403.jpg
yes/no,Are the drying the animal with a blow dryer?,Answer:,Answer with one word: Are the drying the animal with a blow dryer? Are the drying the animal with a blow dryer? Answer:,yes,"[""Yes"", ""Are"", ""yes"", ""They""]",Yes,http://images.cocodataset.org/train2014/COCO_train2014_000000524476.jpg
yes/no,Is this a hotel?,Answer:,Answer with one word: Is this a hotel? Is this a hotel? Answer:,no,"[""Yes"", ""House"", ""Not"", ""No""]",Yes,http://images.cocodataset.org/train2014/COCO_train2014_000000283700.jpg
yes/no,Can you see the man's shadow?,Answer:,Answer with one word: Can you see the man's shadow? Can you see the man's shadow? Answer:,yes,"[""Yes"", ""Can"", ""Sure"", ""yes""]",Yes,http://images.cocodataset.org/train2014/COCO_train2014_000000262336.jpg
yes/no,Is this lacrosse?,Answer:,Answer with one word: Is this lacrosse? Is this lacrosse? Answer:,no,"[""Yes"", ""Not"", ""This"", ""No""]",Yes,http://images.cocodataset.org/train2014/COCO_train2014_000000262336.jpg
yes/no,The color of the court is green?,Answer:,Answer with one word: The color of the court is green? The color of the court is green? Answer:,no,"[""Yes"", ""Blue"", ""Green"", ""True""]",Yes,http://images.cocodataset.org/train2014/COCO_train2014_000000262336.jpg
yes/no,Is this pizza nutritious enough to eat for a full dinner?,Answer:,Answer with one word: Is this pizza nutritious enough to eat for a full dinner? Is this pizza nutritious enough to eat for a full dinner? Answer:,yes,"[""Yes"", ""Not"", ""No"", ""no""]",Yes,http://images.cocodataset.org/train2014/COCO_train2014_000000000194.jpg
yes/no,Are both beds made?,Answer:,Answer with one word: Are both beds made? Are both beds made? Answer:,yes,"[""Yes"", ""Are"", ""yes"", ""Both""]",Yes,http://images.cocodataset.org/train2014/COCO_train2014_000000257513.jpg
yes/no,Is there a ladder in the picture?,Answer:,Answer with one word: Is there a ladder in the picture? Is there a ladder in the picture? Answer:,yes,"[""Yes"", ""yes"", ""There"", ""True""]",Yes,http://images.cocodataset.org/train2014/COCO_train2014_000000257513.jpg
yes/no,Is this vehicle parked in a residential driveway?,Answer:,Answer with one word: Is this vehicle parked in a residential driveway? Is this vehicle parked in a residential driveway? Answer:,yes,"[""Yes"", ""yes"", ""Not"", ""This""]",Yes,http://images.cocodataset.org/train2014/COCO_train2014_000000393412.jpg
yes/no,Is the color of the car very common for vehicles?,Answer:,Answer with one word: Is the color of the car very common for vehicles? Is the color of the car very common for vehicles? Answer:,no,"[""Yes"", ""yes"", ""Not"", ""No""]",Yes,http://images.cocodataset.org/train2014/COCO_train2014_000000393412.jpg
yes/no,Are all the people looking at the same thing?,Answer:,Answer with one word: Are all the people looking at the same thing? Are all the people looking at the same thing? Answer:,no,"[""Yes"", ""Are"", ""yes"", ""All""]",Yes,http://images.cocodataset.org/train2014/COCO_train2014_000000458785.jpg
yes/no,Do these ski boards have personality?,Answer:,Answer with one word: Do these ski boards have personality? Do these ski boards have personality? Answer:,yes,"[""Yes"", ""Sure"", ""They"", ""What""]",Yes,http://images.cocodataset.org/train2014/COCO_train2014_000000000201.jpg
yes/no,Is the woman wearing a dress?,Answer:,Answer with one word: Is the woman wearing a dress? Is the woman wearing a dress? Answer:,no,"[""Yes"", ""No"", ""no"", ""Is""]",Yes,http://images.cocodataset.org/train2014/COCO_train2014_000000131277.jpg
yes/no,Are they playing a game?,Answer:,Answer with one word: Are they playing a game? Are they playing a game? Answer:,yes,"[""Yes"", ""Are"", ""They"", ""yes""]",Yes,http://images.cocodataset.org/train2014/COCO_train2014_000000131277.jpg
yes/no,Will the bent person fall forward?,Answer:,Answer with one word: Will the bent person fall forward? Will the bent person fall forward? Answer:,no,"[""Yes"", ""Will"", ""Fall"", ""Not""]",Yes,http://images.cocodataset.org/train2014/COCO_train2014_000000131277.jpg
yes/no,Is there a man and a woman?,Answer:,Answer with one word: Is there a man and a woman? Is there a man and a woman? Answer:,yes,"[""Yes"", ""There"", ""yes"", ""True""]",Yes,http://images.cocodataset.org/train2014/COCO_train2014_000000131277.jpg
yes/no,Is this photo to blurry?,Answer:,Answer with one word: Is this photo to blurry? Is this photo to blurry? Answer:,no,"[""Yes"", ""yes"", ""No"", ""Is""]",Yes,http://images.cocodataset.org/train2014/COCO_train2014_000000131277.jpg
yes/no,Would you get a ticket if you disobeyed this sign?,Answer:,Answer with one word: Would you get a ticket if you disobeyed this sign? Would you get a ticket if you disobeyed this sign? Answer:,yes,"[""Yes"", ""Stop"", ""Sure"", ""yes""]",Yes,http://images.cocodataset.org/train2014/COCO_train2014_000000393422.jpg
yes/no,Is the red stop sign on a wooden pole?,Answer:,Answer with one word: Is the red stop sign on a wooden pole? Is the red stop sign on a wooden pole? Answer:,no,"[""Yes"", ""yes"", ""What"", ""No""]",Yes,http://images.cocodataset.org/train2014/COCO_train2014_000000393422.jpg
yes/no,Can you see the sun in the picture?,Answer:,Answer with one word: Can you see the sun in the picture? Can you see the sun in the picture? Answer:,yes,"[""Yes"", ""Can"", ""Sure"", ""yes""]",Yes,http://images.cocodataset.org/train2014/COCO_train2014_000000393422.jpg
yes/no,Are they twins?,Answer:,Answer with one word: Are they twins? Are they twins? Answer:,no,"[""Yes"", ""Are"", ""They"", ""Not""]",Yes,http://images.cocodataset.org/train2014/COCO_train2014_000000131279.jpg
yes/no,Is one of the children a boy?,Answer:,Answer with one word: Is one of the children a boy? Is one of the children a boy? Answer:,yes,"[""Yes"", ""One"", ""True"", ""yes""]",Yes,http://images.cocodataset.org/train2014/COCO_train2014_000000131279.jpg
yes/no,Are these teenagers?,Answer:,Answer with one word: Are these teenagers? Are these teenagers? Answer:,no,"[""Yes"", ""Are"", ""Not"", ""What""]",Yes,http://images.cocodataset.org/train2014/COCO_train2014_000000131279.jpg
yes/no,Are both of the children smiling?,Answer:,Answer with one word: Are both of the children smiling? Are both of the children smiling? Answer:,no,"[""Yes"", ""Are"", ""True"", ""One""]",Yes,http://images.cocodataset.org/train2014/COCO_train2014_000000131279.jpg
yes/no,Is this child wearing socks?,Answer:,Answer with one word: Is this child wearing socks? Is this child wearing socks? Answer:,no,"[""Yes"", ""Not"", ""What"", ""No""]",Yes,http://images.cocodataset.org/train2014/COCO_train2014_000000131279.jpg
yes/no,Is the man's shirt a solid color?,Answer:,Answer with one word: Is the man's shirt a solid color? Is the man's shirt a solid color? Answer:,no,"[""Yes"", ""No"", ""Is"", ""no""]",Yes,http://images.cocodataset.org/train2014/COCO_train2014_000000448671.jpg
yes/no,Is this man tan?,Answer:,Answer with one word: Is this man tan? Is this man tan? Answer:,yes,"[""Yes"", ""yes"", ""Sure"", ""No""]",Yes,http://images.cocodataset.org/train2014/COCO_train2014_000000554301.jpg
yes/no,The tablecloths are white?,Answer:,Answer with one word: The tablecloths are white? The tablecloths are white? Answer:,yes,"[""Yes"", ""True"", ""yes"", ""White""]",Yes,http://images.cocodataset.org/train2014/COCO_train2014_000000262359.jpg
yes/no,Are the pictures colorful?,Answer:,Answer with one word: Are the pictures colorful? Are the pictures colorful? Answer:,yes,"[""Yes"", ""Are"", ""yes"", ""True""]",Yes,http://images.cocodataset.org/train2014/COCO_train2014_000000262359.jpg
yes/no,Do you a mirror in the background?,Answer:,Answer with one word: Do you a mirror in the background? Do you a mirror in the background? Answer:,no,"[""Yes"", ""yes"", ""There"", ""Not""]",Yes,http://images.cocodataset.org/train2014/COCO_train2014_000000262359.jpg
yes/no,Is there food on the table?,Answer:,Answer with one word: Is there food on the table? Is there food on the table? Answer:,no,"[""Yes"", ""There"", ""Not"", ""No""]",Yes,http://images.cocodataset.org/train2014/COCO_train2014_000000262359.jpg
yes/no,Is there a pillow present in the picture?,Answer:,Answer with one word: Is there a pillow present in the picture? Is there a pillow present in the picture? Answer:,yes,"[""Yes"", ""There"", ""yes"", ""No""]",Yes,http://images.cocodataset.org/train2014/COCO_train2014_000000393432.jpg
yes/no,Is she wearing a bathing suit?,Answer:,Answer with one word: Is she wearing a bathing suit? Is she wearing a bathing suit? Answer:,yes,"[""Yes"", ""She"", ""yes"", ""No""]",Yes,http://images.cocodataset.org/train2014/COCO_train2014_000000000036.jpg
yes/no,Are they surrounded by trees?,Answer:,Answer with one word: Are they surrounded by trees? Are they surrounded by trees? Answer:,yes,"[""Yes"", ""Are"", ""They"", ""yes""]",Yes,http://images.cocodataset.org/train2014/COCO_train2014_000000524508.jpg
yes/no,Is there a puddle of water on the dirt?,Answer:,Answer with one word: Is there a puddle of water on the dirt? Is there a puddle of water on the dirt? Answer:,yes,"[""Yes"", ""yes"", ""There"", ""Yes""]",Yes,http://images.cocodataset.org/train2014/COCO_train2014_000000524508.jpg
yes/no,Are these men on a boat?,Answer:,Answer with one word: Are these men on a boat? Are these men on a boat? Answer:,no,"[""Yes"", ""Are"", ""They"", ""Not""]",Yes,http://images.cocodataset.org/train2014/COCO_train2014_000000474858.jpg
yes/no,Are the boys happy?,Answer:,Answer with one word: Are the boys happy? Are the boys happy? Answer:,yes,"[""Yes"", ""Are"", ""Not"", ""They""]",Yes,http://images.cocodataset.org/train2014/COCO_train2014_000000474858.jpg
yes/no,Is the man in the forefront trying to get signal on a cell phone?,Answer:,Answer with one word: Is the man in the forefront trying to get signal on a cell phone? Is the man in the forefront trying to get signal on a cell phone? Answer:,no,"[""Yes"", ""Not"", ""No"", ""no""]",Yes,http://images.cocodataset.org/train2014/COCO_train2014_000000474858.jpg
yes/no,Was this photo taken recently?,Answer:,Answer with one word: Was this photo taken recently? Was this photo taken recently? Answer:,yes,"[""Yes"", ""Was"", ""yes"", ""Sure""]",Yes,http://images.cocodataset.org/train2014/COCO_train2014_000000474858.jpg
yes/no,Is this  a beach?,Answer:,Answer with one word: Is this  a beach? Is this  a beach? Answer:,yes,"[""Yes"", ""yes"", ""This"", ""Sure""]",Yes,http://images.cocodataset.org/train2014/COCO_train2014_000000474858.jpg
yes/no,Is the guy making a performance?,Answer:,Answer with one word: Is the guy making a performance? Is the guy making a performance? Answer:,no,"[""Yes"", ""Not"", ""What"", ""No""]",Yes,http://images.cocodataset.org/train2014/COCO_train2014_000000474858.jpg
yes/no,Is he doing a trick?,Answer:,Answer with one word: Is he doing a trick? Is he doing a trick? Answer:,no,"[""Yes"", ""What"", ""Not"", ""No""]",Yes,http://images.cocodataset.org/train2014/COCO_train2014_000000474858.jpg
yes/no,Is the man in the foreground barefooted?,Answer:,Answer with one word: Is the man in the foreground barefooted? Is the man in the foreground barefooted? Answer:,yes,"[""Yes"", ""yes"", ""Not"", ""No""]",Yes,http://images.cocodataset.org/train2014/COCO_train2014_000000474858.jpg
yes/no,Is this busy metropolis?,Answer:,Answer with one word: Is this busy metropolis? Is this busy metropolis? Answer:,no,"[""Yes"", ""Not"", ""No"", ""no""]",Yes,http://images.cocodataset.org/train2014/COCO_train2014_000000474858.jpg
yes/no,What is the man on a skateboard?,Answer:,Answer with one word: What is the man on a skateboard? What is the man on a skateboard? Answer:,no,"[""Sur"", ""Man"", ""What"", ""Nothing""]",Sur,http://images.cocodataset.org/train2014/COCO_train2014_000000474858.jpg
yes/no,Are there waves in the picture?,Answer:,Answer with one word: Are there waves in the picture? Are there waves in the picture? Answer:,yes,"[""Yes"", ""Are"", ""yes"", ""There""]",Yes,http://images.cocodataset.org/train2014/COCO_train2014_000000474858.jpg
yes/no,Did the man just steal the boy's kite?,Answer:,Answer with one word: Did the man just steal the boy's kite? Did the man just steal the boy's kite? Answer:,no,"[""Yes"", ""Did"", ""Ste"", ""Not""]",Yes,http://images.cocodataset.org/train2014/COCO_train2014_000000393438.jpg
yes/no,Is this a steam engine train?,Answer:,Answer with one word: Is this a steam engine train? Is this a steam engine train? Answer:,yes,"[""Yes"", ""yes"", ""This"", ""No""]",Yes,http://images.cocodataset.org/train2014/COCO_train2014_000000165859.jpg
yes/no,Are the umbrellas wet?,Answer:,Answer with one word: Are the umbrellas wet? Are the umbrellas wet? Answer:,yes,"[""Yes"", ""Are"", ""yes"", ""No""]",Yes,http://images.cocodataset.org/train2014/COCO_train2014_000000393442.jpg
yes/no,Is there snow on the ground?,Answer:,Answer with one word: Is there snow on the ground? Is there snow on the ground? Answer:,yes,"[""Yes"", ""yes"", ""There"", ""Sure""]",Yes,http://images.cocodataset.org/train2014/COCO_train2014_000000131299.jpg
yes/no,Does this oven look new?,Answer:,Answer with one word: Does this oven look new? Does this oven look new? Answer:,no,"[""Yes"", ""Does"", ""Not"", ""No""]",Yes,http://images.cocodataset.org/train2014/COCO_train2014_000000131300.jpg
yes/no,Does the oven have a digital buttons?,Answer:,Answer with one word: Does the oven have a digital buttons? Does the oven have a digital buttons? Answer:,no,"[""Yes"", ""Does"", ""No"", ""no""]",Yes,http://images.cocodataset.org/train2014/COCO_train2014_000000131300.jpg
yes/no,Is this oven greasy?,Answer:,Answer with one word: Is this oven greasy? Is this oven greasy? Answer:,yes,"[""Yes"", ""yes"", ""Sure"", ""No""]",Yes,http://images.cocodataset.org/train2014/COCO_train2014_000000131300.jpg
yes/no,Is the pizza on a baking tray?,Answer:,Answer with one word: Is the pizza on a baking tray? Is the pizza on a baking tray? Answer:,yes,"[""Yes"", ""yes"", ""What"", ""No""]",Yes,http://images.cocodataset.org/train2014/COCO_train2014_000000131300.jpg
yes/no,Do you like chocolate cake?,Answer:,Answer with one word: Do you like chocolate cake? Do you like chocolate cake? Answer:,yes,"[""Yes"", ""Sure"", ""yes"", ""Like""]",Yes,http://images.cocodataset.org/train2014/COCO_train2014_000000393445.jpg
yes/no,Are there any water glasses on the table?,Answer:,Answer with one word: Are there any water glasses on the table? Are there any water glasses on the table? Answer:,yes,"[""Yes"", ""Are"", ""There"", ""yes""]",Yes,http://images.cocodataset.org/train2014/COCO_train2014_000000524518.jpg
yes/no,Are there tomatoes on the pizza?,Answer:,Answer with one word: Are there tomatoes on the pizza? Are there tomatoes on the pizza? Answer:,yes,"[""Yes"", ""Are"", ""There"", ""Tom""]",Yes,http://images.cocodataset.org/train2014/COCO_train2014_000000524518.jpg
yes/no,Are there any people in the picture?,Answer:,Answer with one word: Are there any people in the picture? Are there any people in the picture? Answer:,no,"[""Yes"", ""There"", ""Are"", ""yes""]",Yes,http://images.cocodataset.org/train2014/COCO_train2014_000000524518.jpg
yes/no,Can they go?,Answer:,Answer with one word: Can they go? Can they go? Answer:,no,"[""Yes"", ""Can"", ""They"", ""Sure""]",Yes,http://images.cocodataset.org/train2014/COCO_train2014_000000524520.jpg
yes/no,Are the cars parked?,Answer:,Answer with one word: Are the cars parked? Are the cars parked? Answer:,no,"[""Yes"", ""Are"", ""Park"", ""yes""]",Yes,http://images.cocodataset.org/train2014/COCO_train2014_000000524520.jpg
yes/no,Are all the players wearing black shirts?,Answer:,Answer with one word: Are all the players wearing black shirts? Are all the players wearing black shirts? Answer:,no,"[""Yes"", ""Are"", ""All"", ""Not""]",Yes,http://images.cocodataset.org/train2014/COCO_train2014_000000524522.jpg
yes/no,Is one of the trains going through a tunnel?,Answer:,Answer with one word: Is one of the trains going through a tunnel? Is one of the trains going through a tunnel? Answer:,yes,"[""Yes"", ""One"", ""yes"", ""No""]",Yes,http://images.cocodataset.org/train2014/COCO_train2014_000000524525.jpg
yes/no,Is the door open?,Answer:,Answer with one word: Is the door open? Is the door open? Answer:,no,"[""Yes"", ""Open"", ""yes"", ""No""]",Yes,http://images.cocodataset.org/train2014/COCO_train2014_000000131312.jpg
yes/no,Is the man on TV wearing a tie?,Answer:,Answer with one word: Is the man on TV wearing a tie? Is the man on TV wearing a tie? Answer:,yes,"[""Yes"", ""yes"", ""What"", ""No""]",Yes,http://images.cocodataset.org/train2014/COCO_train2014_000000131312.jpg
yes/no,Is everyone wearing glasses?,Answer:,Answer with one word: Is everyone wearing glasses? Is everyone wearing glasses? Answer:,no,"[""Yes"", ""Not"", ""Only"", ""No""]",Yes,http://images.cocodataset.org/train2014/COCO_train2014_000000131315.jpg
yes/no,Are both people of the same ethnic background?,Answer:,Answer with one word: Are both people of the same ethnic background? Are both people of the same ethnic background? Answer:,no,"[""Yes"", ""yes"", ""Are"", ""No""]",Yes,http://images.cocodataset.org/train2014/COCO_train2014_000000131315.jpg
yes/no,The man is wearing a helmet?,Answer:,Answer with one word: The man is wearing a helmet? The man is wearing a helmet? Answer:,yes,"[""Yes"", ""True"", ""Hel"", ""False""]",Yes,http://images.cocodataset.org/train2014/COCO_train2014_000000262389.jpg
yes/no,Is this a government official's plane?,Answer:,Answer with one word: Is this a government official's plane? Is this a government official's plane? Answer:,yes,"[""Yes"", ""Not"", ""This"", ""yes""]",Yes,http://images.cocodataset.org/train2014/COCO_train2014_000000000247.jpg
yes/no,Are the kids sitting?,Answer:,Answer with one word: Are the kids sitting? Are the kids sitting? Answer:,no,"[""Yes"", ""Are"", ""Not"", ""No""]",Yes,http://images.cocodataset.org/train2014/COCO_train2014_000000393464.jpg
yes/no,Are these children playing a game?,Answer:,Answer with one word: Are these children playing a game? Are these children playing a game? Answer:,yes,"[""Yes"", ""Are"", ""yes"", ""Sure""]",Yes,http://images.cocodataset.org/train2014/COCO_train2014_000000393464.jpg
yes/no,The zebras are in a field?,Answer:,Answer with one word: The zebras are in a field? The zebras are in a field? Answer:,no,"[""Yes"", ""True"", ""Field"", ""False""]",Yes,http://images.cocodataset.org/train2014/COCO_train2014_000000262393.jpg
yes/no,Have you ever been to this intersection?,Answer:,Answer with one word: Have you ever been to this intersection? Have you ever been to this intersection? Answer:,no,"[""Yes"", ""Have"", ""Never"", ""Green""]",Yes,http://images.cocodataset.org/train2014/COCO_train2014_000000000250.jpg
yes/no,Are some of the trees dead?,Answer:,Answer with one word: Are some of the trees dead? Are some of the trees dead? Answer:,yes,"[""Yes"", ""Are"", ""Some"", ""yes""]",Yes,http://images.cocodataset.org/train2014/COCO_train2014_000000131323.jpg
yes/no,Are the rocks for the giraffe to sit on?,Answer:,Answer with one word: Are the rocks for the giraffe to sit on? Are the rocks for the giraffe to sit on? Answer:,no,"[""Yes"", ""Are"", ""They"", ""What""]",Yes,http://images.cocodataset.org/train2014/COCO_train2014_000000131323.jpg
yes/no,Does someone have a green thumb?,Answer:,Answer with one word: Does someone have a green thumb? Does someone have a green thumb? Answer:,yes,"[""Yes"", ""Does"", ""Not"", ""No""]",Yes,http://images.cocodataset.org/train2014/COCO_train2014_000000131330.jpg
yes/no,Is the seedling a hybrid?,Answer:,Answer with one word: Is the seedling a hybrid? Is the seedling a hybrid? Answer:,yes,"[""Yes"", ""yes"", ""True"", ""No""]",Yes,http://images.cocodataset.org/train2014/COCO_train2014_000000131330.jpg
yes/no,Is there a tent in the snow?,Answer:,Answer with one word: Is there a tent in the snow? Is there a tent in the snow? Answer:,yes,"[""Yes"", ""There"", ""yes"", ""No""]",Yes,http://images.cocodataset.org/train2014/COCO_train2014_000000524547.jpg
yes/no,Is this terminal safe at night?,Answer:,Answer with one word: Is this terminal safe at night? Is this terminal safe at night? Answer:,yes,"[""Yes"", ""Not"", ""yes"", ""Sure""]",Yes,http://images.cocodataset.org/train2014/COCO_train2014_000000000260.jpg
yes/no,Is the woman by herself?,Answer:,Answer with one word: Is the woman by herself? Is the woman by herself? Answer:,yes,"[""Yes"", ""yes"", ""No"", ""Is""]",Yes,http://images.cocodataset.org/train2014/COCO_train2014_000000000260.jpg
yes/no,Is it a clear day?,Answer:,Answer with one word: Is it a clear day? Is it a clear day? Answer:,yes,"[""Yes"", ""Clear"", ""yes"", ""Sure""]",Yes,http://images.cocodataset.org/train2014/COCO_train2014_000000524551.jpg
yes/no,Is this person prone on his back or on his knees?,Answer:,Answer with one word: Is this person prone on his back or on his knees? Is this person prone on his back or on his knees? Answer:,no,"[""Yes"", ""This"", ""Back"", ""K""]",Yes,http://images.cocodataset.org/train2014/COCO_train2014_000000393480.jpg
yes/no,Is the skier on the ground?,Answer:,Answer with one word: Is the skier on the ground? Is the skier on the ground? Answer:,yes,"[""Yes"", ""yes"", ""True"", ""No""]",Yes,http://images.cocodataset.org/train2014/COCO_train2014_000000393480.jpg
yes/no,Is the subject of the photo facing downhill?,Answer:,Answer with one word: Is the subject of the photo facing downhill? Is the subject of the photo facing downhill? Answer:,yes,"[""Yes"", ""Down"", ""Not"", ""No""]",Yes,http://images.cocodataset.org/train2014/COCO_train2014_000000393480.jpg
yes/no,Is this man attached to his surfboard?,Answer:,Answer with one word: Is this man attached to his surfboard? Is this man attached to his surfboard? Answer:,yes,"[""Yes"", ""yes"", ""Not"", ""No""]",Yes,http://images.cocodataset.org/train2014/COCO_train2014_000000131339.jpg
yes/no,Is this man riding a surfboard?,Answer:,Answer with one word: Is this man riding a surfboard? Is this man riding a surfboard? Answer:,yes,"[""Yes"", ""yes"", ""Sur"", ""No""]",Yes,http://images.cocodataset.org/train2014/COCO_train2014_000000131339.jpg
yes/no,Is he wearing the right type of suit?,Answer:,Answer with one word: Is he wearing the right type of suit? Is he wearing the right type of suit? Answer:,yes,"[""Yes"", ""What"", ""No"", ""Is""]",Yes,http://images.cocodataset.org/train2014/COCO_train2014_000000131339.jpg
yes/no,Is the man riding a white board?,Answer:,Answer with one word: Is the man riding a white board? Is the man riding a white board? Answer:,no,"[""Yes"", ""What"", ""No"", ""Is""]",Yes,http://images.cocodataset.org/train2014/COCO_train2014_000000131339.jpg
yes/no,Is the woman surfing?,Answer:,Answer with one word: Is the woman surfing? Is the woman surfing? Answer:,yes,"[""Yes"", ""Sur"", ""yes"", ""No""]",Yes,http://images.cocodataset.org/train2014/COCO_train2014_000000131339.jpg
yes/no,Is the boy in the middle being attacked?,Answer:,Answer with one word: Is the boy in the middle being attacked? Is the boy in the middle being attacked? Answer:,no,"[""Yes"", ""Not"", ""What"", ""No""]",Yes,http://images.cocodataset.org/train2014/COCO_train2014_000000524557.jpg
yes/no,Does the boy have his head stuck in the net?,Answer:,Answer with one word: Does the boy have his head stuck in the net? Does the boy have his head stuck in the net? Answer:,no,"[""Yes"", ""Does"", ""Not"", ""No""]",Yes,http://images.cocodataset.org/train2014/COCO_train2014_000000524557.jpg
yes/no,Does the guy on the right look happy?,Answer:,Answer with one word: Does the guy on the right look happy? Does the guy on the right look happy? Answer:,yes,"[""Yes"", ""Sure"", ""yes"", ""Does""]",Yes,http://images.cocodataset.org/train2014/COCO_train2014_000000131342.jpg
yes/no,Are there multiple vegetables on the plate?,Answer:,Answer with one word: Are there multiple vegetables on the plate? Are there multiple vegetables on the plate? Answer:,yes,"[""Yes"", ""Are"", ""yes"", ""There""]",Yes,http://images.cocodataset.org/train2014/COCO_train2014_000000393488.jpg
yes/no,Is there meat on the plate?,Answer:,Answer with one word: Is there meat on the plate? Is there meat on the plate? Answer:,yes,"[""Yes"", ""There"", ""yes"", ""No""]",Yes,http://images.cocodataset.org/train2014/COCO_train2014_000000393488.jpg
yes/no,Is this a brand new phone?,Answer:,Answer with one word: Is this a brand new phone? Is this a brand new phone? Answer:,no,"[""Yes"", ""yes"", ""Not"", ""No""]",Yes,http://images.cocodataset.org/train2014/COCO_train2014_000000393489.jpg
yes/no,Does this phone fold closed?,Answer:,Answer with one word: Does this phone fold closed? Does this phone fold closed? Answer:,no,"[""Yes"", ""Does"", ""yes"", ""Not""]",Yes,http://images.cocodataset.org/train2014/COCO_train2014_000000393489.jpg
yes/no,Is the phone broken?,Answer:,Answer with one word: Is the phone broken? Is the phone broken? Answer:,no,"[""Yes"", ""Not"", ""What"", ""No""]",Yes,http://images.cocodataset.org/train2014/COCO_train2014_000000393489.jpg
yes/no,Is the phone light on?,Answer:,Answer with one word: Is the phone light on? Is the phone light on? Answer:,no,"[""Yes"", ""Light"", ""Not"", ""yes""]",Yes,http://images.cocodataset.org/train2014/COCO_train2014_000000393489.jpg
yes/no,Is the display on?,Answer:,Answer with one word: Is the display on? Is the display on? Answer:,no,"[""Yes"", ""yes"", ""No"", ""Is""]",Yes,http://images.cocodataset.org/train2014/COCO_train2014_000000393489.jpg
yes/no,Is the person using skype?,Answer:,Answer with one word: Is the person using skype? Is the person using skype? Answer:,no,"[""Yes"", ""Not"", ""No"", ""no""]",Yes,http://images.cocodataset.org/train2014/COCO_train2014_000000393489.jpg
yes/no,Is the phone on?,Answer:,Answer with one word: Is the phone on? Is the phone on? Answer:,no,"[""Yes"", ""Off"", ""Not"", ""No""]",Yes,http://images.cocodataset.org/train2014/COCO_train2014_000000393489.jpg
yes/no,Is the background clear?,Answer:,Answer with one word: Is the background clear? Is the background clear? Answer:,yes,"[""Yes"", ""Clear"", ""yes"", ""No""]",Yes,http://images.cocodataset.org/train2014/COCO_train2014_000000393489.jpg
yes/no,Is this an inside stadium?,Answer:,Answer with one word: Is this an inside stadium? Is this an inside stadium? Answer:,yes,"[""Yes"", ""yes"", ""Inside"", ""No""]",Yes,http://images.cocodataset.org/train2014/COCO_train2014_000000336077.jpg
yes/no,Is the stadium crowded?,Answer:,Answer with one word: Is the stadium crowded? Is the stadium crowded? Answer:,yes,"[""Yes"", ""yes"", ""No"", ""Is""]",Yes,http://images.cocodataset.org/train2014/COCO_train2014_000000336077.jpg
yes/no,Is the stadium full?,Answer:,Answer with one word: Is the stadium full? Is the stadium full? Answer:,yes,"[""Yes"", ""yes"", ""No"", ""Is""]",Yes,http://images.cocodataset.org/train2014/COCO_train2014_000000336077.jpg
yes/no,Is there a baseball player holding a bat?,Answer:,Answer with one word: Is there a baseball player holding a bat? Is there a baseball player holding a bat? Answer:,yes,"[""Yes"", ""yes"", ""There"", ""True""]",Yes,http://images.cocodataset.org/train2014/COCO_train2014_000000336077.jpg
yes/no,Is this bathroom all white?,Answer:,Answer with one word: Is this bathroom all white? Is this bathroom all white? Answer:,no,"[""Yes"", ""Not"", ""False"", ""No""]",Yes,http://images.cocodataset.org/train2014/COCO_train2014_000000546179.jpg
yes/no,Has the bathroom been renovated recently?,Answer:,Answer with one word: Has the bathroom been renovated recently? Has the bathroom been renovated recently? Answer:,no,"[""Yes"", ""Not"", ""Has"", ""No""]",Yes,http://images.cocodataset.org/train2014/COCO_train2014_000000546179.jpg
yes/no,Are there towels on the ground?,Answer:,Answer with one word: Are there towels on the ground? Are there towels on the ground? Answer:,no,"[""Yes"", ""Are"", ""There"", ""What""]",Yes,http://images.cocodataset.org/train2014/COCO_train2014_000000546179.jpg
yes/no,Does this look clean?,Answer:,Answer with one word: Does this look clean? Does this look clean? Answer:,yes,"[""Yes"", ""Does"", ""yes"", ""Sure""]",Yes,http://images.cocodataset.org/train2014/COCO_train2014_000000546179.jpg
yes/no,Is the shower curtain open?,Answer:,Answer with one word: Is the shower curtain open? Is the shower curtain open? Answer:,no,"[""Yes"", ""Open"", ""yes"", ""No""]",Yes,http://images.cocodataset.org/train2014/COCO_train2014_000000546179.jpg
yes/no,Does this bike have training wheels?,Answer:,Answer with one word: Does this bike have training wheels? Does this bike have training wheels? Answer:,yes,"[""Yes"", ""Does"", ""yes"", ""No""]",Yes,http://images.cocodataset.org/train2014/COCO_train2014_000000393493.jpg
yes/no,Is the picnic table red?,Answer:,Answer with one word: Is the picnic table red? Is the picnic table red? Answer:,yes,"[""Yes"", ""yes"", ""True"", ""Are""]",Yes,http://images.cocodataset.org/train2014/COCO_train2014_000000393493.jpg
yes/no,Is this a clean room?,Answer:,Answer with one word: Is this a clean room? Is this a clean room? Answer:,no,"[""Yes"", ""yes"", ""Not"", ""No""]",Yes,http://images.cocodataset.org/train2014/COCO_train2014_000000131351.jpg
yes/no,Is this bathroom clean?,Answer:,Answer with one word: Is this bathroom clean? Is this bathroom clean? Answer:,yes,"[""Yes"", ""Not"", ""yes"", ""No""]",Yes,http://images.cocodataset.org/train2014/COCO_train2014_000000131351.jpg
yes/no,Is the room clean?,Answer:,Answer with one word: Is the room clean? Is the room clean? Answer:,no,"[""Yes"", ""yes"", ""Not"", ""No""]",Yes,http://images.cocodataset.org/train2014/COCO_train2014_000000131351.jpg
yes/no,Is there a mirror in the bathroom?,Answer:,Answer with one word: Is there a mirror in the bathroom? Is there a mirror in the bathroom? Answer:,no,"[""Yes"", ""There"", ""None"", ""No""]",Yes,http://images.cocodataset.org/train2014/COCO_train2014_000000131351.jpg
yes/no,Is there a green plant in this room?,Answer:,Answer with one word: Is there a green plant in this room? Is there a green plant in this room? Answer:,no,"[""Yes"", ""There"", ""yes"", ""No""]",Yes,http://images.cocodataset.org/train2014/COCO_train2014_000000131351.jpg
yes/no,Is this room clean?,Answer:,Answer with one word: Is this room clean? Is this room clean? Answer:,no,"[""Yes"", ""Not"", ""yes"", ""No""]",Yes,http://images.cocodataset.org/train2014/COCO_train2014_000000131351.jpg
yes/no,Is the cat trying to catch a bird?,Answer:,Answer with one word: Is the cat trying to catch a bird? Is the cat trying to catch a bird? Answer:,no,"[""Yes"", ""What"", ""Not"", ""No""]",Yes,http://images.cocodataset.org/train2014/COCO_train2014_000000524572.jpg
yes/no,Is the writing in French?,Answer:,Answer with one word: Is the writing in French? Is the writing in French? Answer:,no,"[""Yes"", ""French"", ""Not"", ""What""]",Yes,http://images.cocodataset.org/train2014/COCO_train2014_000000393503.jpg
yes/no,Is this a traveling circus?,Answer:,Answer with one word: Is this a traveling circus? Is this a traveling circus? Answer:,no,"[""Yes"", ""What"", ""This"", ""No""]",Yes,http://images.cocodataset.org/train2014/COCO_train2014_000000393503.jpg
yes/no,Are there long lenses?,Answer:,Answer with one word: Are there long lenses? Are there long lenses? Answer:,yes,"[""Yes"", ""Are"", ""There"", ""yes""]",Yes,http://images.cocodataset.org/train2014/COCO_train2014_000000414639.jpg
yes/no,Is everyone wearing long sleeves?,Answer:,Answer with one word: Is everyone wearing long sleeves? Is everyone wearing long sleeves? Answer:,yes,"[""Yes"", ""Not"", ""Only"", ""No""]",Yes,http://images.cocodataset.org/train2014/COCO_train2014_000000131366.jpg
yes/no,Are the woman wearing short dresses?,Answer:,Answer with one word: Are the woman wearing short dresses? Are the woman wearing short dresses? Answer:,yes,"[""Yes"", ""Are"", ""They"", ""yes""]",Yes,http://images.cocodataset.org/train2014/COCO_train2014_000000131366.jpg
yes/no,Is the lady smiling?,Answer:,Answer with one word: Is the lady smiling? Is the lady smiling? Answer:,yes,"[""Yes"", ""yes"", ""True"", ""No""]",Yes,http://images.cocodataset.org/train2014/COCO_train2014_000000131366.jpg
yes/no,Do they play for Red Sox?,Answer:,Answer with one word: Do they play for Red Sox? Do they play for Red Sox? Answer:,no,"[""Yes"", ""They"", ""Not"", ""What""]",Yes,http://images.cocodataset.org/train2014/COCO_train2014_000000131366.jpg
yes/no,Is this a mixed race group?,Answer:,Answer with one word: Is this a mixed race group? Is this a mixed race group? Answer:,no,"[""Yes"", ""Not"", ""What"", ""This""]",Yes,http://images.cocodataset.org/train2014/COCO_train2014_000000131366.jpg
yes/no,Are these people getting reading to go play sports?,Answer:,Answer with one word: Are these people getting reading to go play sports? Are these people getting reading to go play sports? Answer:,yes,"[""Yes"", ""Are"", ""They"", ""What""]",Yes,http://images.cocodataset.org/train2014/COCO_train2014_000000131366.jpg
yes/no,Is there any females?,Answer:,Answer with one word: Is there any females? Is there any females? Answer:,yes,"[""Yes"", ""There"", ""yes"", ""Sure""]",Yes,http://images.cocodataset.org/train2014/COCO_train2014_000000131366.jpg
yes/no,Is this a shop?,Answer:,Answer with one word: Is this a shop? Is this a shop? Answer:,no,"[""Yes"", ""Not"", ""No"", ""no""]",Yes,http://images.cocodataset.org/train2014/COCO_train2014_000000131366.jpg
yes/no,Are they happy?,Answer:,Answer with one word: Are they happy? Are they happy? Answer:,yes,"[""Yes"", ""Are"", ""They"", ""Sure""]",Yes,http://images.cocodataset.org/train2014/COCO_train2014_000000131366.jpg
yes/no,Are the trying to fix the train?,Answer:,Answer with one word: Are the trying to fix the train? Are the trying to fix the train? Answer:,yes,"[""Yes"", ""Are"", ""yes"", ""They""]",Yes,http://images.cocodataset.org/train2014/COCO_train2014_000000497565.jpg
yes/no,Is the train black?,Answer:,Answer with one word: Is the train black? Is the train black? Answer:,yes,"[""Yes"", ""yes"", ""True"", ""Are""]",Yes,http://images.cocodataset.org/train2014/COCO_train2014_000000497565.jpg
yes/no,Is this an evening scene?,Answer:,Answer with one word: Is this an evening scene? Is this an evening scene? Answer:,yes,"[""Yes"", ""yes"", ""Sure"", ""No""]",Yes,http://images.cocodataset.org/train2014/COCO_train2014_000000101431.jpg
yes/no,Is this a desert scene?,Answer:,Answer with one word: Is this a desert scene? Is this a desert scene? Answer:,yes,"[""Yes"", ""yes"", ""Not"", ""No""]",Yes,http://images.cocodataset.org/train2014/COCO_train2014_000000101431.jpg
yes/no,Is this a city street?,Answer:,Answer with one word: Is this a city street? Is this a city street? Answer:,yes,"[""Yes"", ""yes"", ""Sure"", ""This""]",Yes,http://images.cocodataset.org/train2014/COCO_train2014_000000262442.jpg
yes/no,Is she wearing a bonnet?,Answer:,Answer with one word: Is she wearing a bonnet? Is she wearing a bonnet? Answer:,yes,"[""Yes"", ""She"", ""Bon"", ""What""]",Yes,http://images.cocodataset.org/train2014/COCO_train2014_000000021895.jpg
yes/no,Was the woman's collar treated with starch?,Answer:,Answer with one word: Was the woman's collar treated with starch? Was the woman's collar treated with starch? Answer:,yes,"[""Yes"", ""Was"", ""yes"", ""No""]",Yes,http://images.cocodataset.org/train2014/COCO_train2014_000000021895.jpg
yes/no,Is it going to storm?,Answer:,Answer with one word: Is it going to storm? Is it going to storm? Answer:,no,"[""Yes"", ""Not"", ""No"", ""Is""]",Yes,http://images.cocodataset.org/train2014/COCO_train2014_000000131373.jpg
yes/no,Does this room have a low ceiling?,Answer:,Answer with one word: Does this room have a low ceiling? Does this room have a low ceiling? Answer:,no,"[""Yes"", ""Does"", ""yes"", ""Not""]",Yes,http://images.cocodataset.org/train2014/COCO_train2014_000000109277.jpg
yes/no,Is a person wearing a hooded sweatshirt?,Answer:,Answer with one word: Is a person wearing a hooded sweatshirt? Is a person wearing a hooded sweatshirt? Answer:,no,"[""Yes"", ""True"", ""No"", ""Is""]",Yes,http://images.cocodataset.org/train2014/COCO_train2014_000000131376.jpg
yes/no,Is he wearing a helmet?,Answer:,Answer with one word: Is he wearing a helmet? Is he wearing a helmet? Answer:,no,"[""Yes"", ""Not"", ""No"", ""no""]",Yes,http://images.cocodataset.org/train2014/COCO_train2014_000000131376.jpg
counting,How many tattoos can be seen on this man's body?,Answer:,Answer with one word: How many tattoos can be seen on this man's body? How many tattoos can be seen on this man's body? Answer:,1,"[""Yes"", ""Many"", ""There"", ""More""]",Yes,http://images.cocodataset.org/train2014/COCO_train2014_000000393227.jpg
counting,How many pieces of furniture which are used for sleeping are featured in this picture?,Answer:,Answer with one word: How many pieces of furniture which are used for sleeping are featured in this picture? How many pieces of furniture which are used for sleeping are featured in this picture? Answer:,2,"[""There"", ""Two"", ""Yes"", ""How""]",There,http://images.cocodataset.org/train2014/COCO_train2014_000000131074.jpg
counting,How many people are in this image?,Answer:,Answer with one word: How many people are in this image? How many people are in this image? Answer:,1,"[""There"", ""Yes"", ""How"", ""More""]",There,http://images.cocodataset.org/train2014/COCO_train2014_000000393230.jpg
counting,How many sheeps are this?,Answer:,Answer with one word: How many sheeps are this? How many sheeps are this? Answer:,3,"[""How"", ""There"", ""Many"", ""Yes""]",How,http://images.cocodataset.org/train2014/COCO_train2014_000000131093.jpg
counting,How many giraffes are there?,Answer:,Answer with one word: How many giraffes are there? How many giraffes are there? Answer:,2,"[""There"", ""How"", ""Yes"", ""Two""]",There,http://images.cocodataset.org/train2014/COCO_train2014_000000000025.jpg
counting,How many animals are in this photo?,Answer:,Answer with one word: How many animals are in this photo? How many animals are in this photo? Answer:,2,"[""There"", ""Yes"", ""How"", ""Many""]",There,http://images.cocodataset.org/train2014/COCO_train2014_000000000025.jpg
counting,How many people are on the boat?,Answer:,Answer with one word: How many people are on the boat? How many people are on the boat? Answer:,5,"[""How"", ""There"", ""Many"", ""Yes""]",How,http://images.cocodataset.org/train2014/COCO_train2014_000000262171.jpg
counting,How many people are wearing shorts in the forefront of this photo?,Answer:,Answer with one word: How many people are wearing shorts in the forefront of this photo? How many people are wearing shorts in the forefront of this photo? Answer:,4,"[""Many"", ""All"", ""Several"", ""More""]",Many,http://images.cocodataset.org/train2014/COCO_train2014_000000524325.jpg
counting,How many planes are in the picture?,Answer:,Answer with one word: How many planes are in the picture? How many planes are in the picture? Answer:,2,"[""There"", ""Yes"", ""More"", ""How""]",There,http://images.cocodataset.org/train2014/COCO_train2014_000000131118.jpg
counting,How many trees are in this photo?,Answer:,Answer with one word: How many trees are in this photo? How many trees are in this photo? Answer:,3,"[""There"", ""Yes"", ""Many"", ""More""]",There,http://images.cocodataset.org/train2014/COCO_train2014_000000524338.jpg
counting,How many flowers are painted on the vase?,Answer:,Answer with one word: How many flowers are painted on the vase? How many flowers are painted on the vase? Answer:,3,"[""Yes"", ""Many"", ""How"", ""All""]",Yes,http://images.cocodataset.org/train2014/COCO_train2014_000000131128.jpg
counting,How many elephants are in the water?,Answer:,Answer with one word: How many elephants are in the water? How many elephants are in the water? Answer:,2,"[""All"", ""How"", ""Ele"", ""There""]",All,http://images.cocodataset.org/train2014/COCO_train2014_000000370986.jpg
counting,How many tails can you see in this picture?,Answer:,Answer with one word: How many tails can you see in this picture? How many tails can you see in this picture? Answer:,3,"[""Yes"", ""There"", ""Many"", ""How""]",Yes,http://images.cocodataset.org/train2014/COCO_train2014_000000370986.jpg
counting,How many tusks are visible?,Answer:,Answer with one word: How many tusks are visible? How many tusks are visible? Answer:,2,"[""Yes"", ""There"", ""Two"", ""Both""]",Yes,http://images.cocodataset.org/train2014/COCO_train2014_000000262204.jpg
counting,How many trees on the table?,Answer:,Answer with one word: How many trees on the table? How many trees on the table? Answer:,3,"[""How"", ""Yes"", ""There"", ""Many""]",How,http://images.cocodataset.org/train2014/COCO_train2014_000000458763.jpg
counting,How many horns are in the picture?,Answer:,Answer with one word: How many horns are in the picture? How many horns are in the picture? Answer:,0,"[""Many"", ""Yes"", ""How"", ""More""]",Many,http://images.cocodataset.org/train2014/COCO_train2014_000000458763.jpg
counting,How many Giraffes are in this image?,Answer:,Answer with one word: How many Giraffes are in this image? How many Giraffes are in this image? Answer:,2,"[""There"", ""Two"", ""Yes"", ""How""]",There,http://images.cocodataset.org/train2014/COCO_train2014_000000000072.jpg
counting,How many stairs are there?,Answer:,Answer with one word: How many stairs are there? How many stairs are there? Answer:,6,"[""There"", ""How"", ""Yes"", ""Many""]",There,http://images.cocodataset.org/train2014/COCO_train2014_000000393290.jpg
counting,How many windows are there?,Answer:,Answer with one word: How many windows are there? How many windows are there? Answer:,3,"[""There"", ""Yes"", ""Many"", ""None""]",There,http://images.cocodataset.org/train2014/COCO_train2014_000000393291.jpg
counting,How many birds are in the sink?,Answer:,Answer with one word: How many birds are in the sink? How many birds are in the sink? Answer:,2,"[""There"", ""Yes"", ""How"", ""Many""]",There,http://images.cocodataset.org/train2014/COCO_train2014_000000393292.jpg
counting,How many tennis players are in the photo?,Answer:,Answer with one word: How many tennis players are in the photo? How many tennis players are in the photo? Answer:,1,"[""There"", ""Yes"", ""How"", ""More""]",There,http://images.cocodataset.org/train2014/COCO_train2014_000000262221.jpg
counting,How many black sheep are there?,Answer:,Answer with one word: How many black sheep are there? How many black sheep are there? Answer:,10,"[""There"", ""Many"", ""How"", ""Yes""]",There,http://images.cocodataset.org/train2014/COCO_train2014_000000524375.jpg
counting,How many lunches is this?,Answer:,Answer with one word: How many lunches is this? How many lunches is this? Answer:,1,"[""Many"", ""How"", ""This"", ""One""]",Many,http://images.cocodataset.org/train2014/COCO_train2014_000000524377.jpg
counting,How many hot dogs are shown?,Answer:,Answer with one word: How many hot dogs are shown? How many hot dogs are shown? Answer:,1,"[""There"", ""Yes"", ""How"", ""More""]",There,http://images.cocodataset.org/train2014/COCO_train2014_000000524377.jpg
counting,How many pickle spears are there?,Answer:,Answer with one word: How many pickle spears are there? How many pickle spears are there? Answer:,0,"[""There"", ""How"", ""Yes"", ""Many""]",There,http://images.cocodataset.org/train2014/COCO_train2014_000000524377.jpg
counting,How many people are eating this hotdog?,Answer:,Answer with one word: How many people are eating this hotdog? How many people are eating this hotdog? Answer:,1,"[""Many"", ""One"", ""More"", ""How""]",Many,http://images.cocodataset.org/train2014/COCO_train2014_000000524377.jpg
counting,How many sauces are there?,Answer:,Answer with one word: How many sauces are there? How many sauces are there? Answer:,1,"[""There"", ""Yes"", ""How"", ""More""]",There,http://images.cocodataset.org/train2014/COCO_train2014_000000524377.jpg
counting,How many kinds of meat products are here?,Answer:,Answer with one word: How many kinds of meat products are here? How many kinds of meat products are here? Answer:,1,"[""There"", ""Many"", ""More"", ""Yes""]",There,http://images.cocodataset.org/train2014/COCO_train2014_000000524377.jpg
counting,How many rolls of toilet paper are on the toilet tank?,Answer:,Answer with one word: How many rolls of toilet paper are on the toilet tank? How many rolls of toilet paper are on the toilet tank? Answer:,2,"[""There"", ""Yes"", ""One"", ""Two""]",There,http://images.cocodataset.org/train2014/COCO_train2014_000000262159.jpg
counting,How many layers are in this cake?,Answer:,Answer with one word: How many layers are in this cake? How many layers are in this cake? Answer:,7,"[""How"", ""Many"", ""There"", ""Three""]",How,http://images.cocodataset.org/train2014/COCO_train2014_000000000092.jpg
counting,How many people can eat this cake?,Answer:,Answer with one word: How many people can eat this cake? How many people can eat this cake? Answer:,1,"[""One"", ""How"", ""Many"", ""All""]",One,http://images.cocodataset.org/train2014/COCO_train2014_000000000092.jpg
counting,How many vehicles are shown?,Answer:,Answer with one word: How many vehicles are shown? How many vehicles are shown? Answer:,2,"[""Many"", ""More"", ""There"", ""How""]",Many,http://images.cocodataset.org/train2014/COCO_train2014_000000000094.jpg
counting,How many lamps are there?,Answer:,Answer with one word: How many lamps are there? How many lamps are there? Answer:,2,"[""There"", ""Yes"", ""How"", ""More""]",There,http://images.cocodataset.org/train2014/COCO_train2014_000000524386.jpg
counting,How many lamps are in the room?,Answer:,Answer with one word: How many lamps are in the room? How many lamps are in the room? Answer:,2,"[""There"", ""Yes"", ""How"", ""More""]",There,http://images.cocodataset.org/train2014/COCO_train2014_000000524386.jpg
counting,How many pictures on the wall?,Answer:,Answer with one word: How many pictures on the wall? How many pictures on the wall? Answer:,4,"[""There"", ""Yes"", ""How"", ""Many""]",There,http://images.cocodataset.org/train2014/COCO_train2014_000000524386.jpg
counting,How many TVs are on?,Answer:,Answer with one word: How many TVs are on? How many TVs are on? Answer:,1,"[""Yes"", ""There"", ""One"", ""More""]",Yes,http://images.cocodataset.org/train2014/COCO_train2014_000000524386.jpg
counting,How many pictures are on the wall?,Answer:,Answer with one word: How many pictures are on the wall? How many pictures are on the wall? Answer:,4,"[""There"", ""Yes"", ""How"", ""Three""]",There,http://images.cocodataset.org/train2014/COCO_train2014_000000524386.jpg
counting,How many men in the picture are wearing sunglasses?,Answer:,Answer with one word: How many men in the picture are wearing sunglasses? How many men in the picture are wearing sunglasses? Answer:,1,"[""Yes"", ""All"", ""More"", ""How""]",Yes,http://images.cocodataset.org/train2014/COCO_train2014_000000131172.jpg
counting,How many people can be seen?,Answer:,Answer with one word: How many people can be seen? How many people can be seen? Answer:,2,"[""Many"", ""Yes"", ""More"", ""Several""]",Many,http://images.cocodataset.org/train2014/COCO_train2014_000000393317.jpg
counting,How many green lights are there?,Answer:,Answer with one word: How many green lights are there? How many green lights are there? Answer:,1,"[""There"", ""Yes"", ""Many"", ""How""]",There,http://images.cocodataset.org/train2014/COCO_train2014_000000393317.jpg
counting,How many lights does the plane have?,Answer:,Answer with one word: How many lights does the plane have? How many lights does the plane have? Answer:,5,"[""Many"", ""How"", ""There"", ""Two""]",Many,http://images.cocodataset.org/train2014/COCO_train2014_000000131174.jpg
counting,How many planes are in this photo?,Answer:,Answer with one word: How many planes are in this photo? How many planes are in this photo? Answer:,1,"[""There"", ""How"", ""Yes"", ""This""]",There,http://images.cocodataset.org/train2014/COCO_train2014_000000131174.jpg
counting,How many people are standing in this image?,Answer:,Answer with one word: How many people are standing in this image? How many people are standing in this image? Answer:,3,"[""Many"", ""More"", ""There"", ""Yes""]",Many,http://images.cocodataset.org/train2014/COCO_train2014_000000546151.jpg
counting,How many poles is the person holding?,Answer:,Answer with one word: How many poles is the person holding? How many poles is the person holding? Answer:,2,"[""How"", ""Yes"", ""Two"", ""Pol""]",How,http://images.cocodataset.org/train2014/COCO_train2014_000000021826.jpg
counting,How many bodies of water are in this scene?,Answer:,Answer with one word: How many bodies of water are in this scene? How many bodies of water are in this scene? Answer:,1,"[""There"", ""Yes"", ""More"", ""Many""]",There,http://images.cocodataset.org/train2014/COCO_train2014_000000000109.jpg
counting,How many light post is there?,Answer:,Answer with one word: How many light post is there? How many light post is there? Answer:,4,"[""There"", ""Many"", ""How"", ""Yes""]",There,http://images.cocodataset.org/train2014/COCO_train2014_000000000109.jpg
counting,How many people are in the picture?,Answer:,Answer with one word: How many people are in the picture? How many people are in the picture? Answer:,3,"[""There"", ""Two"", ""How"", ""Many""]",There,http://images.cocodataset.org/train2014/COCO_train2014_000000000113.jpg
counting,How many pigeons are there?,Answer:,Answer with one word: How many pigeons are there? How many pigeons are there? Answer:,6,"[""There"", ""How"", ""Many"", ""Yes""]",There,http://images.cocodataset.org/train2014/COCO_train2014_000000262260.jpg
counting,How many bells are there?,Answer:,Answer with one word: How many bells are there? How many bells are there? Answer:,1,"[""Many"", ""How"", ""There"", ""Yes""]",Many,http://images.cocodataset.org/train2014/COCO_train2014_000000131190.jpg
counting,How many clock faces does this building have?,Answer:,Answer with one word: How many clock faces does this building have? How many clock faces does this building have? Answer:,1,"[""How"", ""Two"", ""Yes"", ""One""]",How,http://images.cocodataset.org/train2014/COCO_train2014_000000131190.jpg
counting,How many flags are by the building's entrance?,Answer:,Answer with one word: How many flags are by the building's entrance? How many flags are by the building's entrance? Answer:,0,"[""There"", ""None"", ""Many"", ""How""]",There,http://images.cocodataset.org/train2014/COCO_train2014_000000131190.jpg
counting,How many windows are shown?,Answer:,Answer with one word: How many windows are shown? How many windows are shown? Answer:,5,"[""Many"", ""Yes"", ""There"", ""All""]",Many,http://images.cocodataset.org/train2014/COCO_train2014_000000131190.jpg
counting,How many windows are pictured?,Answer:,Answer with one word: How many windows are pictured? How many windows are pictured? Answer:,4,"[""Many"", ""Yes"", ""Several"", ""More""]",Many,http://images.cocodataset.org/train2014/COCO_train2014_000000131190.jpg
counting,How many sheep can you see?,Answer:,Answer with one word: How many sheep can you see? How many sheep can you see? Answer:,2,"[""There"", ""Yes"", ""How"", ""Two""]",There,http://images.cocodataset.org/train2014/COCO_train2014_000000131197.jpg
counting,How many people are there?,Answer:,Answer with one word: How many people are there? How many people are there? Answer:,1,"[""There"", ""Yes"", ""Many"", ""How""]",There,http://images.cocodataset.org/train2014/COCO_train2014_000000262273.jpg
counting,How many people are in the image?,Answer:,Answer with one word: How many people are in the image? How many people are in the image? Answer:,1,"[""There"", ""One"", ""Yes"", ""How""]",There,http://images.cocodataset.org/train2014/COCO_train2014_000000262273.jpg
counting,How many birds are there?,Answer:,Answer with one word: How many birds are there? How many birds are there? Answer:,3,"[""There"", ""How"", ""Yes"", ""Two""]",There,http://images.cocodataset.org/train2014/COCO_train2014_000000436929.jpg
counting,How many men are playing baseball?,Answer:,Answer with one word: How many men are playing baseball? How many men are playing baseball? Answer:,5,"[""Many"", ""How"", ""Lot"", ""More""]",Many,http://images.cocodataset.org/train2014/COCO_train2014_000000284012.jpg
counting,How many pots are hanging under the shelf?,Answer:,Answer with one word: How many pots are hanging under the shelf? How many pots are hanging under the shelf? Answer:,2,"[""Many"", ""Yes"", ""Several"", ""There""]",Many,http://images.cocodataset.org/train2014/COCO_train2014_000000000138.jpg
counting,How many zebras are there?,Answer:,Answer with one word: How many zebras are there? How many zebras are there? Answer:,13,"[""There"", ""Many"", ""How"", ""Yes""]",There,http://images.cocodataset.org/train2014/COCO_train2014_000000262285.jpg
counting,How many zebras can you see eating?,Answer:,Answer with one word: How many zebras can you see eating? How many zebras can you see eating? Answer:,3,"[""How"", ""All"", ""Yes"", ""Many""]",How,http://images.cocodataset.org/train2014/COCO_train2014_000000000154.jpg
counting,How many kinds of animals are in this photo?,Answer:,Answer with one word: How many kinds of animals are in this photo? How many kinds of animals are in this photo? Answer:,1,"[""There"", ""Many"", ""How"", ""More""]",There,http://images.cocodataset.org/train2014/COCO_train2014_000000000154.jpg
counting,How many different types of animals are in this scene?,Answer:,Answer with one word: How many different types of animals are in this scene? How many different types of animals are in this scene? Answer:,1,"[""There"", ""More"", ""Yes"", ""Many""]",There,http://images.cocodataset.org/train2014/COCO_train2014_000000000154.jpg
counting,How many animals are there?,Answer:,Answer with one word: How many animals are there? How many animals are there? Answer:,3,"[""There"", ""How"", ""Yes"", ""Many""]",There,http://images.cocodataset.org/train2014/COCO_train2014_000000000154.jpg
counting,How many arrows can be seen?,Answer:,Answer with one word: How many arrows can be seen? How many arrows can be seen? Answer:,1,"[""Yes"", ""Many"", ""There"", ""More""]",Yes,http://images.cocodataset.org/train2014/COCO_train2014_000000393242.jpg
counting,How many stripes are at the bottom of the picture?,Answer:,Answer with one word: How many stripes are at the bottom of the picture? How many stripes are at the bottom of the picture? Answer:,5,"[""Many"", ""There"", ""How"", ""Yes""]",Many,http://images.cocodataset.org/train2014/COCO_train2014_000000393242.jpg
counting,How many potted plants do you see?,Answer:,Answer with one word: How many potted plants do you see? How many potted plants do you see? Answer:,3,"[""There"", ""Yes"", ""Many"", ""How""]",There,http://images.cocodataset.org/train2014/COCO_train2014_000000415089.jpg
counting,How many chairs are there?,Answer:,Answer with one word: How many chairs are there? How many chairs are there? Answer:,1,"[""There"", ""How"", ""Yes"", ""More""]",There,http://images.cocodataset.org/train2014/COCO_train2014_000000415089.jpg
counting,How many kids in this photo?,Answer:,Answer with one word: How many kids in this photo? How many kids in this photo? Answer:,3,"[""Many"", ""Yes"", ""More"", ""There""]",Many,http://images.cocodataset.org/train2014/COCO_train2014_000000393384.jpg
counting,How many animals?,Answer:,Answer with one word: How many animals? How many animals? Answer:,5,"[""How"", ""Many"", ""There"", ""Yes""]",How,http://images.cocodataset.org/train2014/COCO_train2014_000000393386.jpg
counting,How many laptops are on the coffee table?,Answer:,Answer with one word: How many laptops are on the coffee table? How many laptops are on the coffee table? Answer:,3,"[""There"", ""How"", ""Yes"", ""Three""]",There,http://images.cocodataset.org/train2014/COCO_train2014_000000137918.jpg
counting,How many people are in the picture?,Answer:,Answer with one word: How many people are in the picture? How many people are in the picture? Answer:,50,"[""Many"", ""Lot"", ""More"", ""Several""]",Many,http://images.cocodataset.org/train2014/COCO_train2014_000000438196.jpg
counting,How many knobs are there?,Answer:,Answer with one word: How many knobs are there? How many knobs are there? Answer:,4,"[""There"", ""Yes"", ""How"", ""Many""]",There,http://images.cocodataset.org/train2014/COCO_train2014_000000524471.jpg
counting,How many buses are there?,Answer:,Answer with one word: How many buses are there? How many buses are there? Answer:,1,"[""There"", ""Yes"", ""More"", ""Many""]",There,http://images.cocodataset.org/train2014/COCO_train2014_000000393403.jpg
counting,How many decks does this bus have?,Answer:,Answer with one word: How many decks does this bus have? How many decks does this bus have? Answer:,2,"[""Two"", ""Double"", ""How"", ""This""]",Two,http://images.cocodataset.org/train2014/COCO_train2014_000000393403.jpg
counting,How many windows?,Answer:,Answer with one word: How many windows? How many windows? Answer:,11,"[""Many"", ""How"", ""There"", ""Yes""]",Many,http://images.cocodataset.org/train2014/COCO_train2014_000000283700.jpg
counting,How many steps does it take to get to the top?,Answer:,Answer with one word: How many steps does it take to get to the top? How many steps does it take to get to the top? Answer:,2,"[""How"", ""Two"", ""Yes"", ""There""]",How,http://images.cocodataset.org/train2014/COCO_train2014_000000257513.jpg
counting,How many ski boards are in the picture?,Answer:,Answer with one word: How many ski boards are in the picture? How many ski boards are in the picture? Answer:,5,"[""There"", ""Yes"", ""How"", ""Many""]",There,http://images.cocodataset.org/train2014/COCO_train2014_000000000201.jpg
counting,How many blue stripes are on the babies shirt?,Answer:,Answer with one word: How many blue stripes are on the babies shirt? How many blue stripes are on the babies shirt? Answer:,many,"[""Many"", ""There"", ""How"", ""Yes""]",Many,http://images.cocodataset.org/train2014/COCO_train2014_000000131279.jpg
counting,How many babies are in this photo?,Answer:,Answer with one word: How many babies are in this photo? How many babies are in this photo? Answer:,2,"[""There"", ""Yes"", ""More"", ""How""]",There,http://images.cocodataset.org/train2014/COCO_train2014_000000131279.jpg
counting,How many balls are on the ground?,Answer:,Answer with one word: How many balls are on the ground? How many balls are on the ground? Answer:,6,"[""Many"", ""There"", ""How"", ""Several""]",Many,http://images.cocodataset.org/train2014/COCO_train2014_000000554301.jpg
counting,How many glasses are there?,Answer:,Answer with one word: How many glasses are there? How many glasses are there? Answer:,2,"[""There"", ""Many"", ""Yes"", ""How""]",There,http://images.cocodataset.org/train2014/COCO_train2014_000000262359.jpg
counting,How many horses are on the picture?,Answer:,Answer with one word: How many horses are on the picture? How many horses are on the picture? Answer:,3,"[""There"", ""Yes"", ""How"", ""Two""]",There,http://images.cocodataset.org/train2014/COCO_train2014_000000524508.jpg
counting,How many horses are in the picture?,Answer:,Answer with one word: How many horses are in the picture? How many horses are in the picture? Answer:,3,"[""There"", ""Two"", ""Yes"", ""Three""]",There,http://images.cocodataset.org/train2014/COCO_train2014_000000524508.jpg
counting,How many kids?,Answer:,Answer with one word: How many kids? How many kids? Answer:,1,"[""How"", ""Many"", ""There"", ""Yes""]",How,http://images.cocodataset.org/train2014/COCO_train2014_000000393438.jpg
counting,How many black umbrellas?,Answer:,Answer with one word: How many black umbrellas? How many black umbrellas? Answer:,3,"[""How"", ""Many"", ""Yes"", ""There""]",How,http://images.cocodataset.org/train2014/COCO_train2014_000000393442.jpg
counting,How many skis are on the ground?,Answer:,Answer with one word: How many skis are on the ground? How many skis are on the ground? Answer:,4,"[""Many"", ""There"", ""Several"", ""How""]",Many,http://images.cocodataset.org/train2014/COCO_train2014_000000131299.jpg
counting,How many water jugs are visible?,Answer:,Answer with one word: How many water jugs are visible? How many water jugs are visible? Answer:,2,"[""How"", ""Many"", ""Yes"", ""None""]",How,http://images.cocodataset.org/train2014/COCO_train2014_000000524522.jpg
counting,How many trains are there?,Answer:,Answer with one word: How many trains are there? How many trains are there? Answer:,3,"[""Many"", ""There"", ""Yes"", ""More""]",Many,http://images.cocodataset.org/train2014/COCO_train2014_000000524525.jpg
counting,How many kids are there?,Answer:,Answer with one word: How many kids are there? How many kids are there? Answer:,5,"[""There"", ""Many"", ""Yes"", ""How""]",There,http://images.cocodataset.org/train2014/COCO_train2014_000000393464.jpg
counting,How many rocks?,Answer:,Answer with one word: How many rocks? How many rocks? Answer:,2,"[""There"", ""How"", ""Many"", ""Yes""]",There,http://images.cocodataset.org/train2014/COCO_train2014_000000262393.jpg
counting,How many zebras are there?,Answer:,Answer with one word: How many zebras are there? How many zebras are there? Answer:,2,"[""There"", ""How"", ""Two"", ""Yes""]",There,http://images.cocodataset.org/train2014/COCO_train2014_000000262393.jpg
counting,How many floors do you think the highest building has?,Answer:,Answer with one word: How many floors do you think the highest building has? How many floors do you think the highest building has? Answer:,50,"[""How"", ""Yes"", ""More"", ""Many""]",How,http://images.cocodataset.org/train2014/COCO_train2014_000000000250.jpg
counting,How many people are surfing?,Answer:,Answer with one word: How many people are surfing? How many people are surfing? Answer:,1,"[""One"", ""Yes"", ""How"", ""Many""]",One,http://images.cocodataset.org/train2014/COCO_train2014_000000131339.jpg
counting,How many kids are wearing black and white?,Answer:,Answer with one word: How many kids are wearing black and white? How many kids are wearing black and white? Answer:,5,"[""All"", ""Many"", ""How"", ""Several""]",All,http://images.cocodataset.org/train2014/COCO_train2014_000000524557.jpg
counting,How many men are wearing hats?,Answer:,Answer with one word: How many men are wearing hats? How many men are wearing hats? Answer:,0,"[""None"", ""How"", ""Not"", ""Yes""]",None,http://images.cocodataset.org/train2014/COCO_train2014_000000131342.jpg
counting,How many holes are on the phone case?,Answer:,Answer with one word: How many holes are on the phone case? How many holes are on the phone case? Answer:,1,"[""Many"", ""How"", ""There"", ""More""]",Many,http://images.cocodataset.org/train2014/COCO_train2014_000000393489.jpg
counting,How many phones do you see?,Answer:,Answer with one word: How many phones do you see? How many phones do you see? Answer:,1,"[""Yes"", ""Many"", ""More"", ""There""]",Yes,http://images.cocodataset.org/train2014/COCO_train2014_000000393489.jpg
counting,How many cookies can be seen?,Answer:,Answer with one word: How many cookies can be seen? How many cookies can be seen? Answer:,2,"[""How"", ""Many"", ""Yes"", ""There""]",How,http://images.cocodataset.org/train2014/COCO_train2014_000000000009.jpg
counting,How many girls are visible?,Answer:,Answer with one word: How many girls are visible? How many girls are visible? Answer:,2,"[""Yes"", ""There"", ""More"", ""Many""]",Yes,http://images.cocodataset.org/train2014/COCO_train2014_000000393493.jpg
counting,How many colors are in the tile?,Answer:,Answer with one word: How many colors are in the tile? How many colors are in the tile? Answer:,1,"[""Many"", ""White"", ""Gray"", ""Two""]",Many,http://images.cocodataset.org/train2014/COCO_train2014_000000131351.jpg
counting,How many people are standing next to each other?,Answer:,Answer with one word: How many people are standing next to each other? How many people are standing next to each other? Answer:,4,"[""How"", ""Four"", ""Yes"", ""Three""]",How,http://images.cocodataset.org/train2014/COCO_train2014_000000131366.jpg
counting,How many rackets?,Answer:,Answer with one word: How many rackets? How many rackets? Answer:,8,"[""How"", ""There"", ""Yes"", ""Many""]",How,http://images.cocodataset.org/train2014/COCO_train2014_000000131366.jpg
counting,How many people are in this photo?,Answer:,Answer with one word: How many people are in this photo? How many people are in this photo? Answer:,4,"[""How"", ""There"", ""Yes"", ""Four""]",How,http://images.cocodataset.org/train2014/COCO_train2014_000000131366.jpg
counting,How many girls are in the picture?,Answer:,Answer with one word: How many girls are in the picture? How many girls are in the picture? Answer:,4,"[""There"", ""How"", ""Four"", ""Yes""]",There,http://images.cocodataset.org/train2014/COCO_train2014_000000131366.jpg
counting,How many people don't have a skateboard?,Answer:,Answer with one word: How many people don't have a skateboard? How many people don't have a skateboard? Answer:,4,"[""All"", ""How"", ""Many"", ""all""]",All,http://images.cocodataset.org/train2014/COCO_train2014_000000131366.jpg
counting,How many of the four main individuals are wearing baseball caps?,Answer:,Answer with one word: How many of the four main individuals are wearing baseball caps? How many of the four main individuals are wearing baseball caps? Answer:,0,"[""None"", ""All"", ""How"", ""Not""]",None,http://images.cocodataset.org/train2014/COCO_train2014_000000131366.jpg
counting,How many racquets?,Answer:,Answer with one word: How many racquets? How many racquets? Answer:,8,"[""How"", ""There"", ""Yes"", ""What""]",How,http://images.cocodataset.org/train2014/COCO_train2014_000000131366.jpg
counting,How many legs are in the image?,Answer:,Answer with one word: How many legs are in the image? How many legs are in the image? Answer:,8,"[""How"", ""There"", ""Yes"", ""Many""]",How,http://images.cocodataset.org/train2014/COCO_train2014_000000131366.jpg
counting,How many passengers does this bus carry?,Answer:,Answer with one word: How many passengers does this bus carry? How many passengers does this bus carry? Answer:,30,"[""Many"", ""How"", ""More"", ""This""]",Many,http://images.cocodataset.org/train2014/COCO_train2014_000000262442.jpg
counting,How many open umbrellas are there on the beach?,Answer:,Answer with one word: How many open umbrellas are there on the beach? How many open umbrellas are there on the beach? Answer:,3,"[""There"", ""How"", ""Yes"", ""Two""]",There,http://images.cocodataset.org/train2014/COCO_train2014_000000131374.jpg
counting,How many umbrellas do you see?,Answer:,Answer with one word: How many umbrellas do you see? How many umbrellas do you see? Answer:,3,"[""Many"", ""There"", ""Several"", ""Yes""]",Many,http://images.cocodataset.org/train2014/COCO_train2014_000000131374.jpg
counting,How many striped objects are in the photo?,Answer:,Answer with one word: How many striped objects are in the photo? How many striped objects are in the photo? Answer:,4,"[""There"", ""Many"", ""Several"", ""Yes""]",There,http://images.cocodataset.org/train2014/COCO_train2014_000000131374.jpg
location,Where is the giraffe?,Answer:,Answer with one word: Where is the giraffe? Where is the giraffe? Answer:,near tree,"[""Tree"", ""Where"", ""Out"", ""Forest""]",Tree,http://images.cocodataset.org/train2014/COCO_train2014_000000000025.jpg
location,Where are the two blue coolers?,Answer:,Answer with one word: Where are the two blue coolers? Where are the two blue coolers? Answer:,left,"[""Left"", ""Right"", ""Under"", ""Middle""]",Left,http://images.cocodataset.org/train2014/COCO_train2014_000000262172.jpg
location,Where are the trucks?,Answer:,Answer with one word: Where are the trucks? Where are the trucks? Answer:,dock,"[""Park"", ""Road"", ""Out"", ""Where""]",Park,http://images.cocodataset.org/train2014/COCO_train2014_000000262184.jpg
location,Where is Brooklyn Avenue?,Answer:,Answer with one word: Where is Brooklyn Avenue? Where is Brooklyn Avenue? Answer:,bottom,"[""Brook"", ""Where"", ""Here"", ""Right""]",Brook,http://images.cocodataset.org/train2014/COCO_train2014_000000131126.jpg
location,Where is the bird?,Answer:,Answer with one word: Where is the bird? Where is the bird? Answer:,on cliff,"[""Rock"", ""Mountain"", ""Bird"", ""Top""]",Rock,http://images.cocodataset.org/train2014/COCO_train2014_000000262201.jpg
location,Where is the mirror?,Answer:,Answer with one word: Where is the mirror? Where is the mirror? Answer:,wall,"[""Wall"", ""Right"", ""Mir"", ""Left""]",Wall,http://images.cocodataset.org/train2014/COCO_train2014_000000262207.jpg
location,Where is the sink located?,Answer:,Answer with one word: Where is the sink located? Where is the sink located? Answer:,bathroom,"[""Bath"", ""Left"", ""Under"", ""In""]",Bath,http://images.cocodataset.org/train2014/COCO_train2014_000000393291.jpg
location,Where is the soap?,Answer:,Answer with one word: Where is the soap? Where is the soap? Answer:,shower,"[""Left"", ""Bath"", ""Under"", ""S""]",Left,http://images.cocodataset.org/train2014/COCO_train2014_000000393291.jpg
location,Where is the human?,Answer:,Answer with one word: Where is the human? Where is the human? Answer:,on top of hill,"[""Top"", ""Hill"", ""Background"", ""Mountain""]",Top,http://images.cocodataset.org/train2014/COCO_train2014_000000524375.jpg
location,Where is the light coming from?,Answer:,Answer with one word: Where is the light coming from? Where is the light coming from? Answer:,window,"[""Light"", ""Window"", ""Left"", ""Bath""]",Light,http://images.cocodataset.org/train2014/COCO_train2014_000000262159.jpg
location,Where is the television?,Answer:,Answer with one word: Where is the television? Where is the television? Answer:,wall,"[""Living"", ""Wall"", ""Again"", ""Left""]",Living,http://images.cocodataset.org/train2014/COCO_train2014_000000524386.jpg
location,Where is the street sign?,Answer:,Answer with one word: Where is the street sign? Where is the street sign? Answer:,pole,"[""Street"", ""Inter"", ""Side"", ""Yes""]",Street,http://images.cocodataset.org/train2014/COCO_train2014_000000393317.jpg
location,Where are the women walking?,Answer:,Answer with one word: Where are the women walking? Where are the women walking? Answer:,crosswalk,"[""Side"", ""Street"", ""Cross"", ""Where""]",Side,http://images.cocodataset.org/train2014/COCO_train2014_000000393317.jpg
location,Where is the woman standing?,Answer:,Answer with one word: Where is the woman standing? Where is the woman standing? Answer:,crosswalk,"[""Side"", ""Street"", ""Cross"", ""Inter""]",Side,http://images.cocodataset.org/train2014/COCO_train2014_000000393317.jpg
location,Where was this shot at?,Answer:,Answer with one word: Where was this shot at? Where was this shot at? Answer:,florist,"[""Store"", ""Flor"", ""Display"", ""Flow""]",Store,http://images.cocodataset.org/train2014/COCO_train2014_000000262283.jpg
location,Where is the cupcake?,Answer:,Answer with one word: Where is the cupcake? Where is the cupcake? Answer:,plate,"[""Table"", ""Des"", ""Right"", ""Yes""]",Table,http://images.cocodataset.org/train2014/COCO_train2014_000000393375.jpg
location,Where was this picture taken?,Answer:,Answer with one word: Where was this picture taken? Where was this picture taken? Answer:,parking lot,"[""Airport"", ""Beach"", ""Park"", ""Pav""]",Airport,http://images.cocodataset.org/train2014/COCO_train2014_000000393384.jpg
location,Where is the laptop?,Answer:,Answer with one word: Where is the laptop? Where is the laptop? Answer:,on table,"[""Table"", ""Des"", ""Under"", ""Yes""]",Table,http://images.cocodataset.org/train2014/COCO_train2014_000000137918.jpg
location,Where are the two upside down glasses?,Answer:,Answer with one word: Where are the two upside down glasses? Where are the two upside down glasses? Answer:,nightstand,"[""Table"", ""Bed"", ""Under"", ""Right""]",Table,http://images.cocodataset.org/train2014/COCO_train2014_000000393394.jpg
location,Where is the open door?,Answer:,Answer with one word: Where is the open door? Where is the open door? Answer:,nowhere,"[""Bus"", ""Left"", ""Now"", ""Front""]",Bus,http://images.cocodataset.org/train2014/COCO_train2014_000000393403.jpg
location,Where are the buns?,Answer:,Answer with one word: Where are the buns? Where are the buns? Answer:,by plates,"[""Table"", ""Under"", ""Now"", ""Left""]",Table,http://images.cocodataset.org/train2014/COCO_train2014_000000524486.jpg
location,Where is the table lamp?,Answer:,Answer with one word: Where is the table lamp? Where is the table lamp? Answer:,on table,"[""Table"", ""Left"", ""Next"", ""Again""]",Table,http://images.cocodataset.org/train2014/COCO_train2014_000000448671.jpg
location,Where is the cup?,Answer:,Answer with one word: Where is the cup? Where is the cup? Answer:,on table,"[""Table"", ""Left"", ""Under"", ""Right""]",Table,http://images.cocodataset.org/train2014/COCO_train2014_000000393428.jpg
location,Where do you think all these are located?,Answer:,Answer with one word: Where do you think all these are located? Where do you think all these are located? Answer:,restaurant,"[""Hotel"", ""Table"", ""Rest"", ""Inside""]",Hotel,http://images.cocodataset.org/train2014/COCO_train2014_000000262359.jpg
location,Where is the room?,Answer:,Answer with one word: Where is the room? Where is the room? Answer:,restaurant,"[""Hotel"", ""Inside"", ""Out"", ""Ind""]",Hotel,http://images.cocodataset.org/train2014/COCO_train2014_000000262359.jpg
location,Where is the cat?,Answer:,Answer with one word: Where is the cat? Where is the cat? Answer:,bed,"[""Bed"", ""Where"", ""Window"", ""Cat""]",Bed,http://images.cocodataset.org/train2014/COCO_train2014_000000393432.jpg
location,Where is number 8?,Answer:,Answer with one word: Where is number 8? Where is number 8? Answer:,left,"[""Right"", ""Now"", ""Left"", ""Number""]",Right,http://images.cocodataset.org/train2014/COCO_train2014_000000524557.jpg
location,Where is the shower located?,Answer:,Answer with one word: Where is the shower located? Where is the shower located? Answer:,in bathroom,"[""Bath"", ""Left"", ""Right"", ""Next""]",Bath,http://images.cocodataset.org/train2014/COCO_train2014_000000546179.jpg
location,Where is the cat sitting?,Answer:,Answer with one word: Where is the cat sitting? Where is the cat sitting? Answer:,stump,"[""Log"", ""Tree"", ""Wood"", ""Ben""]",Log,http://images.cocodataset.org/train2014/COCO_train2014_000000524572.jpg
location,Where is this?,Answer:,Answer with one word: Where is this? Where is this? Answer:,beach,"[""Beach"", ""Ocean"", ""Sea"", ""Where""]",Beach,http://images.cocodataset.org/train2014/COCO_train2014_000000131373.jpg
reasoning,Why is the man on the street?,Answer:,Answer with one word: Why is the man on the street? Why is the man on the street? Answer:,homeless,"[""Yes"", ""Hom"", ""Because"", ""Why""]",Yes,http://images.cocodataset.org/train2014/COCO_train2014_000000524314.jpg
reasoning,Why are the birds only appearing as black silhouettes?,Answer:,Answer with one word: Why are the birds only appearing as black silhouettes? Why are the birds only appearing as black silhouettes? Answer:,shadows,"[""They"", ""Sun"", ""Because"", ""Light""]",They,http://images.cocodataset.org/train2014/COCO_train2014_000000262260.jpg
reasoning,Why are there so many clothes on the bed?,Answer:,Answer with one word: Why are there so many clothes on the bed? Why are there so many clothes on the bed? Answer:,laundry,"[""She"", ""Yes"", ""Because"", ""Pack""]",She,http://images.cocodataset.org/train2014/COCO_train2014_000000131208.jpg
reasoning,Why is the man cooking so many hot dogs?,Answer:,Answer with one word: Why is the man cooking so many hot dogs? Why is the man cooking so many hot dogs? Answer:,party,"[""Party"", ""Because"", ""Yes"", ""Why""]",Party,http://images.cocodataset.org/train2014/COCO_train2014_000000524486.jpg
reasoning,Why is the girl holding an umbrella?,Answer:,Answer with one word: Why is the girl holding an umbrella? Why is the girl holding an umbrella? Answer:,sun,"[""She"", ""Yes"", ""Sun"", ""Because""]",She,http://images.cocodataset.org/train2014/COCO_train2014_000000000036.jpg
reasoning,Why would someone not like the fruit at the front?,Answer:,Answer with one word: Why would someone not like the fruit at the front? Why would someone not like the fruit at the front? Answer:,they don't like oranges,"[""Because"", ""They"", ""Orange"", ""Yes""]",Because,http://images.cocodataset.org/train2014/COCO_train2014_000000039288.jpg
reasoning,Why is the top light on?,Answer:,Answer with one word: Why is the top light on? Why is the top light on? Answer:,to stop traffic,"[""Red"", ""Sun"", ""Yes"", ""Tra""]",Red,http://images.cocodataset.org/train2014/COCO_train2014_000000524520.jpg
reasoning,Why is the man in mid-air?,Answer:,Answer with one word: Why is the man in mid-air? Why is the man in mid-air? Answer:,snowboarding,"[""Snow"", ""Yes"", ""Because"", ""Why""]",Snow,http://images.cocodataset.org/train2014/COCO_train2014_000000524547.jpg
classification,What kind of room is this?,Answer:,Answer with one word: What kind of room is this? What kind of room is this? Answer:,living room,"[""Living"", ""Bed"", ""Play"", ""Office""]",Living,http://images.cocodataset.org/train2014/COCO_train2014_000000262172.jpg
classification,What kind of trees are on the table?,Answer:,Answer with one word: What kind of trees are on the table? What kind of trees are on the table? Answer:,christmas,"[""Christmas"", ""Ever"", ""Dec"", ""Fir""]",Christmas,http://images.cocodataset.org/train2014/COCO_train2014_000000458763.jpg
classification,What kind of food is shown?,Answer:,Answer with one word: What kind of food is shown? What kind of food is shown? Answer:,hot dog,"[""Hot"", ""Sand"", ""Veg"", ""American""]",Hot,http://images.cocodataset.org/train2014/COCO_train2014_000000524377.jpg
classification,What kind of sauce is in the largest ramekin?,Answer:,Answer with one word: What kind of sauce is in the largest ramekin? What kind of sauce is in the largest ramekin? Answer:,butter,"[""Must"", ""May"", ""But"", ""Gra""]",Must,http://images.cocodataset.org/train2014/COCO_train2014_000000524377.jpg
classification,What kind of toppings are on the hot dogs?,Answer:,Answer with one word: What kind of toppings are on the hot dogs? What kind of toppings are on the hot dogs? Answer:,onions,"[""Veg"", ""Car"", ""Rel"", ""Hot""]",Veg,http://images.cocodataset.org/train2014/COCO_train2014_000000524377.jpg
classification,What kind of meat is this?,Answer:,Answer with one word: What kind of meat is this? What kind of meat is this? Answer:,hot dog,"[""Hot"", ""Bur"", ""Frank"", ""S""]",Hot,http://images.cocodataset.org/train2014/COCO_train2014_000000524377.jpg
classification,What kind of potato are the fries?,Answer:,Answer with one word: What kind of potato are the fries? What kind of potato are the fries? Answer:,sweet,"[""Rus"", ""What"", ""Red"", ""Pur""]",Rus,http://images.cocodataset.org/train2014/COCO_train2014_000000524377.jpg
classification,What kind of plants are these?,Answer:,Answer with one word: What kind of plants are these? What kind of plants are these? Answer:,flowers,"[""Flow"", ""Dead"", ""Ros"", ""Tul""]",Flow,http://images.cocodataset.org/train2014/COCO_train2014_000000393306.jpg
classification,What kind of aircraft is this?,Answer:,Answer with one word: What kind of aircraft is this? What kind of aircraft is this? Answer:,cargo plane,"[""Air"", ""Jet"", ""Prop"", ""Com""]",Air,http://images.cocodataset.org/train2014/COCO_train2014_000000393311.jpg
classification,What kind of lamp is on the floor?,Answer:,Answer with one word: What kind of lamp is on the floor? What kind of lamp is on the floor? Answer:,floor lamp,"[""Table"", ""Des"", ""Bed"", ""Stand""]",Table,http://images.cocodataset.org/train2014/COCO_train2014_000000524386.jpg
classification,What kind of hat is the man with the girls wearing?,Answer:,Answer with one word: What kind of hat is the man with the girls wearing? What kind of hat is the man with the girls wearing? Answer:,baseball cap,"[""Baseball"", ""Cap"", ""Fed"", ""Ball""]",Baseball,http://images.cocodataset.org/train2014/COCO_train2014_000000131172.jpg
classification,What kind of celebration is this?,Answer:,Answer with one word: What kind of celebration is this? What kind of celebration is this? Answer:,birthday,"[""Wed"", ""Baby"", ""Ret"", ""Mar""]",Wed,http://images.cocodataset.org/train2014/COCO_train2014_000000000113.jpg
classification,What kind of court is at the edge of the field?,Answer:,Answer with one word: What kind of court is at the edge of the field? What kind of court is at the edge of the field? Answer:,soccer,"[""Tennis"", ""Vol"", ""Basketball"", ""Soccer""]",Tennis,http://images.cocodataset.org/train2014/COCO_train2014_000000000149.jpg
classification,What kind of nut is shown?,Answer:,Answer with one word: What kind of nut is shown? What kind of nut is shown? Answer:,peanut,"[""Wal"", ""Cas"", ""Mac"", ""Sun""]",Wal,http://images.cocodataset.org/train2014/COCO_train2014_000000393379.jpg
classification,What kind of animals are in there?,Answer:,Answer with one word: What kind of animals are in there? What kind of animals are in there? Answer:,cows,"[""Cow"", ""Bull"", ""Cal"", ""What""]",Cow,http://images.cocodataset.org/train2014/COCO_train2014_000000131245.jpg
classification,What kind of siding is on this house?,Answer:,Answer with one word: What kind of siding is on this house? What kind of siding is on this house? Answer:,tile,"[""Vin"", ""Wood"", ""Stu"", ""None""]",Vin,http://images.cocodataset.org/train2014/COCO_train2014_000000524471.jpg
classification,What kind of vehicle is the yellow one?,Answer:,Answer with one word: What kind of vehicle is the yellow one? What kind of vehicle is the yellow one? Answer:,truck,"[""Tow"", ""Tax"", ""Tra"", ""Sem""]",Tow,http://images.cocodataset.org/train2014/COCO_train2014_000000283700.jpg
classification,What kind of room is this?,Answer:,Answer with one word: What kind of room is this? What kind of room is this? Answer:,kitchen,"[""Com"", ""Cook"", ""What"", ""This""]",Com,http://images.cocodataset.org/train2014/COCO_train2014_000000393418.jpg
classification,What kind of pizza is this?,Answer:,Answer with one word: What kind of pizza is this? What kind of pizza is this? Answer:,cheese,"[""Che"", ""Veg"", ""Supreme"", ""Marg""]",Che,http://images.cocodataset.org/train2014/COCO_train2014_000000131300.jpg
classification,What kind of trees are in this photo?,Answer:,Answer with one word: What kind of trees are in this photo? What kind of trees are in this photo? Answer:,pine,"[""Ever"", ""Asp"", ""Fir"", ""Spr""]",Ever,http://images.cocodataset.org/train2014/COCO_train2014_000000393480.jpg
classification,What kind of suit is he wearing?,Answer:,Answer with one word: What kind of suit is he wearing? What kind of suit is he wearing? Answer:,swim,"[""Speed"", ""Short"", ""Board"", ""Spe""]",Speed,http://images.cocodataset.org/train2014/COCO_train2014_000000131339.jpg
classification,What kind of passenger does the bus carry?,Answer:,Answer with one word: What kind of passenger does the bus carry? What kind of passenger does the bus carry? Answer:,children,"[""School"", ""Stud"", ""Element"", ""Children""]",School,http://images.cocodataset.org/train2014/COCO_train2014_000000262415.jpg
classification,What kind of id is that?,Answer:,Answer with one word: What kind of id is that? What kind of id is that? Answer:,old id,"[""Phone"", ""Cred"", ""Bar"", ""Cell""]",Phone,http://images.cocodataset.org/train2014/COCO_train2014_000000393489.jpg
classification,What kind of phone is this?,Answer:,Answer with one word: What kind of phone is this? What kind of phone is this? Answer:,pharos,"[""Cell"", ""Phone"", ""What"", ""This""]",Cell,http://images.cocodataset.org/train2014/COCO_train2014_000000393489.jpg
classification,What kind of animal is on the beach?,Answer:,Answer with one word: What kind of animal is on the beach? What kind of animal is on the beach? Answer:,horse,"[""Hor"", ""Dog"", ""Human"", ""Cat""]",Hor,http://images.cocodataset.org/train2014/COCO_train2014_000000131373.jpg
comparison,Which hand holds the umbrella?,Answer:,Answer with one word: Which hand holds the umbrella? Which hand holds the umbrella? Answer:,right,"[""Left"", ""Right"", ""Both"", ""Hand""]",Left,http://images.cocodataset.org/train2014/COCO_train2014_000000131101.jpg
comparison,Which direction is Brooklyn Ave?,Answer:,Answer with one word: Which direction is Brooklyn Ave? Which direction is Brooklyn Ave? Answer:,north,"[""Right"", ""Left"", ""East"", ""Brook""]",Right,http://images.cocodataset.org/train2014/COCO_train2014_000000131126.jpg
comparison,Which hand is the man holding up?,Answer:,Answer with one word: Which hand is the man holding up? Which hand is the man holding up? Answer:,left,"[""Right"", ""Left"", ""Both"", ""None""]",Right,http://images.cocodataset.org/train2014/COCO_train2014_000000393306.jpg
comparison,Which floor lamp is not lit?,Answer:,Answer with one word: Which floor lamp is not lit? Which floor lamp is not lit? Answer:,one in corner,"[""Right"", ""Left"", ""None"", ""One""]",Right,http://images.cocodataset.org/train2014/COCO_train2014_000000524386.jpg
comparison,Which buses are double deckers?,Answer:,Answer with one word: Which buses are double deckers? Which buses are double deckers? Answer:,0,"[""None"", ""Double"", ""Which"", ""All""]",None,http://images.cocodataset.org/train2014/COCO_train2014_000000000149.jpg
comparison,Which way can you not turn?,Answer:,Answer with one word: Which way can you not turn? Which way can you not turn? Answer:,left,"[""Left"", ""Right"", ""One"", ""Stra""]",Left,http://images.cocodataset.org/train2014/COCO_train2014_000000393419.jpg
comparison,Which baby is still an infant?,Answer:,Answer with one word: Which baby is still an infant? Which baby is still an infant? Answer:,neither,"[""Left"", ""Right"", ""Baby"", ""Little""]",Left,http://images.cocodataset.org/train2014/COCO_train2014_000000131279.jpg
comparison,Which man is controlling the kite?,Answer:,Answer with one word: Which man is controlling the kite? Which man is controlling the kite? Answer:,no,"[""Man"", ""Right"", ""Middle"", ""One""]",Man,http://images.cocodataset.org/train2014/COCO_train2014_000000474858.jpg
comparison,Which vehicle is the smallest?,Answer:,Answer with one word: Which vehicle is the smallest? Which vehicle is the smallest? Answer:,car,"[""Car"", ""Van"", ""None"", ""T""]",Car,http://images.cocodataset.org/train2014/COCO_train2014_000000131299.jpg
comparison,Which hand is the person holding the phone in?,Answer:,Answer with one word: Which hand is the person holding the phone in? Which hand is the person holding the phone in? Answer:,left,"[""Left"", ""Right"", ""Both"", ""Hand""]",Left,http://images.cocodataset.org/train2014/COCO_train2014_000000393489.jpg
comparison,Which room is this?,Answer:,Answer with one word: Which room is this? Which room is this? Answer:,bedroom,"[""Bed"", ""Living"", ""Hotel"", ""Bath""]",Bed,http://images.cocodataset.org/train2014/COCO_train2014_000000131352.jpg
comparison,Which two are actually playing?,Answer:,Answer with one word: Which two are actually playing? Which two are actually playing? Answer:,0,"[""Left"", ""Middle"", ""Front"", ""Top""]",Left,http://images.cocodataset.org/train2014/COCO_train2014_000000131366.jpg
comparison,Which direction is the turn lane going?,Answer:,Answer with one word: Which direction is the turn lane going? Which direction is the turn lane going? Answer:,right,"[""Right"", ""Left"", ""Stra"", ""Down""]",Right,http://images.cocodataset.org/train2014/COCO_train2014_000000262442.jpg
comparison,Which way is the man's hat facing?,Answer:,Answer with one word: Which way is the man's hat facing? Which way is the man's hat facing? Answer:,down,"[""Left"", ""Right"", ""Down"", ""Back""]",Left,http://images.cocodataset.org/train2014/COCO_train2014_000000131376.jpg
person identification,Who made the cock?,Answer:,Answer with one word: Who made the cock? Who made the cock? Answer:,rolex,"[""Pol"", ""Who"", ""Henry"", ""Peter""]",Pol,http://images.cocodataset.org/train2014/COCO_train2014_000000000064.jpg
person identification,Whose logo is on the official's chair?,Answer:,Answer with one word: Whose logo is on the official's chair? Whose logo is on the official's chair? Answer:,wilson,"[""Wilson"", ""Red"", ""Chair"", ""W""]",Wilson,http://images.cocodataset.org/train2014/COCO_train2014_000000262221.jpg
person identification,Who is in the photo?,Answer:,Answer with one word: Who is in the photo? Who is in the photo? Answer:,zebras,"[""People"", ""Anim"", ""Animal"", ""Who""]",People,http://images.cocodataset.org/train2014/COCO_train2014_000000000154.jpg
person identification,Who is going to eat this pizza?,Answer:,Answer with one word: Who is going to eat this pizza? Who is going to eat this pizza? Answer:,people,"[""Man"", ""People"", ""You"", ""Who""]",Man,http://images.cocodataset.org/train2014/COCO_train2014_000000000194.jpg
person identification,Who is the woman the picture on wall?,Answer:,Answer with one word: Who is the woman the picture on wall? Who is the woman the picture on wall? Answer:,none,"[""Mar"", ""Lady"", ""Mary"", ""Woman""]",Mar,http://images.cocodataset.org/train2014/COCO_train2014_000000131312.jpg
person identification,Who is the pilot?,Answer:,Answer with one word: Who is the pilot? Who is the pilot? Answer:,man,"[""Pil"", ""Who"", ""Man"", ""Joe""]",Pil,http://images.cocodataset.org/train2014/COCO_train2014_000000000247.jpg
time-related,What game would you play when you saw this as a child?,Answer:,Answer with one word: What game would you play when you saw this as a child? What game would you play when you saw this as a child? Answer:,tag,"[""She"", ""Cow"", ""Follow"", ""Tag""]",She,http://images.cocodataset.org/train2014/COCO_train2014_000000524375.jpg
time-related,Were people moving when this picture was taken?,Answer:,Answer with one word: Were people moving when this picture was taken? Were people moving when this picture was taken? Answer:,no,"[""Yes"", ""Not"", ""There"", ""No""]",Yes,http://images.cocodataset.org/train2014/COCO_train2014_000000474858.jpg
