image_id,question_type,question,ground_truth,image_url,n_clusters,n_noise,attention_entropy,token_confidence,predicted_token,cluster_count,cluster_0_n_points,cluster_0_avg_strength,cluster_0_entropy,cluster_1_n_points,cluster_1_avg_strength,cluster_2_n_points,cluster_2_avg_strength,cluster_3_n_points,cluster_3_avg_strength,cluster_1_entropy,cluster_2_entropy,cluster_3_entropy,cluster_4_n_points,cluster_4_avg_strength,cluster_5_n_points,cluster_5_avg_strength,cluster_6_n_points,cluster_6_avg_strength,cluster_7_n_points,cluster_7_avg_strength,cluster_8_n_points,cluster_8_avg_strength,cluster_4_entropy,cluster_5_entropy,cluster_6_entropy,cluster_7_entropy,cluster_8_entropy
0,object identification,What is this photo taken looking through?,net,http://images.cocodataset.org/train2014/COCO_train2014_000000458752.jpg,0,99,0.36728347158344365,-1.0078125,net,0,,,,,,,,,,,,,,,,,,,,,,,,,,,
1,object identification,What is this man riding on?,skateboard,http://images.cocodataset.org/train2014/COCO_train2014_000000393227.jpg,0,119,0.4629865382118154,-0.10693359375,skate,0,,,,,,,,,,,,,,,,,,,,,,,,,,,
2,object identification,What is this person doing?,skiing,http://images.cocodataset.org/train2014/COCO_train2014_000000393230.jpg,0,74,0.43396917997832474,-0.1982421875,ski,0,,,,,,,,,,,,,,,,,,,,,,,,,,,
3,object identification,What is this?,bear,http://images.cocodataset.org/train2014/COCO_train2014_000000137045.jpg,0,61,0.6063108413619789,-0.287109375,bear,0,,,,,,,,,,,,,,,,,,,,,,,,,,,
4,object identification,What is this device?,refrigerator,http://images.cocodataset.org/train2014/COCO_train2014_000000131113.jpg,0,109,0.4144686387725365,-0.1611328125,refriger,0,,,,,,,,,,,,,,,,,,,,,,,,,,,
5,object identification,What is this animal?,elephant,http://images.cocodataset.org/train2014/COCO_train2014_000000262204.jpg,0,74,0.4098699648331069,-0.111328125,elephant,0,,,,,,,,,,,,,,,,,,,,,,,,,,,
6,object identification,What is this person wearing on head?,hat,http://images.cocodataset.org/train2014/COCO_train2014_000000000086.jpg,0,143,0.4857320321071646,-0.193359375,helmet,0,,,,,,,,,,,,,,,,,,,,,,,,,,,
7,object identification,What is this man laying on?,surfboard,http://images.cocodataset.org/train2014/COCO_train2014_000000471373.jpg,0,70,0.4426465822084592,-0.142578125,surf,0,,,,,,,,,,,,,,,,,,,,,,,,,,,
8,object identification,What is this person holding?,hot dog,http://images.cocodataset.org/train2014/COCO_train2014_000000393428.jpg,0,116,0.3583090686649545,-0.1982421875,hot,0,,,,,,,,,,,,,,,,,,,,,,,,,,,
9,object identification,What is this person standing on?,sand,http://images.cocodataset.org/train2014/COCO_train2014_000000474858.jpg,1,69,0.37424891387670034,-0.32421875,sand,1,16.0,0.14318120538763446,0.8194483718728035,,,,,,,,,,,,,,,,,,,,,,,,
10,object identification,What is this cake made with?,chocolate,http://images.cocodataset.org/train2014/COCO_train2014_000000393445.jpg,0,138,0.43755478981627843,-0.392578125,chocolate,0,,,,,,,,,,,,,,,,,,,,,,,,,,,
11,object identification,What is this person doing?,snowboarding,http://images.cocodataset.org/train2014/COCO_train2014_000000524551.jpg,0,132,0.5549226471967893,-0.27734375,snow,0,,,,,,,,,,,,,,,,,,,,,,,,,,,
12,other,What position is this man playing?,pitcher,http://images.cocodataset.org/train2014/COCO_train2014_000000458752.jpg,0,49,0.308705178917752,-0.1650390625,pit,0,,,,,,,,,,,,,,,,,,,,,,,,,,,
13,other,What is the person doing?,skiing,http://images.cocodataset.org/train2014/COCO_train2014_000000262146.jpg,1,99,0.35712011994255555,-0.1337890625,ski,1,15.0,0.21789366401019136,0.7835807040488099,,,,,,,,,,,,,,,,,,,,,,,,
14,other,What is in the person's hand?,frisbee,http://images.cocodataset.org/train2014/COCO_train2014_000000524291.jpg,0,50,0.8612825895396415,-0.1201171875,fris,0,,,,,,,,,,,,,,,,,,,,,,,,,,,
15,other,Is the dog looking at a tennis ball or frisbee?,frisbee,http://images.cocodataset.org/train2014/COCO_train2014_000000524291.jpg,0,145,0.5034767505456247,-0.048095703125,fris,0,,,,,,,,,,,,,,,,,,,,,,,,,,,
16,other,What is the white streak?,contrail,http://images.cocodataset.org/train2014/COCO_train2014_000000393221.jpg,0,103,0.34984579864968873,-1.421875,jet,0,,,,,,,,,,,,,,,,,,,,,,,,,,,
17,other,What is the child doing?,brushing teeth,http://images.cocodataset.org/train2014/COCO_train2014_000000393223.jpg,0,129,0.3586072898541244,-0.1748046875,br,0,,,,,,,,,,,,,,,,,,,,,,,,,,,
18,other,What is the business man doing in the picture?,frowning,http://images.cocodataset.org/train2014/COCO_train2014_000000393224.jpg,0,56,0.5187832691829677,-1.5,making,0,,,,,,,,,,,,,,,,,,,,,,,,,,,
19,other,What is the man riding on?,motorcycle,http://images.cocodataset.org/train2014/COCO_train2014_000000131084.jpg,0,41,0.32640525056792685,-1.1640625,dirt,0,,,,,,,,,,,,,,,,,,,,,,,,,,,
20,other,What is on the pillow?,gray,http://images.cocodataset.org/train2014/COCO_train2014_000000131074.jpg,4,98,0.9957468845915873,-1.9765625,pillow,4,62.0,0.0050278029031840706,0.9614809383242842,15.0,0.004772320138213131,23.0,0.005634098620494014,17.0,0.0055229667838105085,0.9664572819896988,0.9486586303348535,0.9603948809345497,,,,,,,,,,,,,,,
21,other,What is sitting on the bench?,purse,http://images.cocodataset.org/train2014/COCO_train2014_000000131074.jpg,0,121,0.32769584202740276,-0.6640625,pur,0,,,,,,,,,,,,,,,,,,,,,,,,,,,
22,other,What is the man doing?,skiing,http://images.cocodataset.org/train2014/COCO_train2014_000000393230.jpg,0,126,0.5750058859601406,-0.18359375,ski,0,,,,,,,,,,,,,,,,,,,,,,,,,,,
23,other,What is the person wearing?,skis,http://images.cocodataset.org/train2014/COCO_train2014_000000393230.jpg,1,109,0.7774952865881745,-1.015625,jacket,1,19.0,0.05497144379656659,0.9649618403823442,,,,,,,,,,,,,,,,,,,,,,,,
24,other,What is she holding?,poles,http://images.cocodataset.org/train2014/COCO_train2014_000000393230.jpg,0,119,0.3197890180474551,-0.5,ski,0,,,,,,,,,,,,,,,,,,,,,,,,,,,
25,other,What is the dog riding on?,surfboard,http://images.cocodataset.org/train2014/COCO_train2014_000000131087.jpg,0,74,0.37998199528483245,-0.11572265625,surf,0,,,,,,,,,,,,,,,,,,,,,,,,,,,
26,other,What is in the water?,dog,http://images.cocodataset.org/train2014/COCO_train2014_000000131087.jpg,0,119,0.2881849724563801,-0.78125,surf,0,,,,,,,,,,,,,,,,,,,,,,,,,,,
27,other,"What does the green light, on the TV, indicate?",on,http://images.cocodataset.org/train2014/COCO_train2014_000000131075.jpg,0,64,0.3661363433881106,-1.5859375,power,0,,,,,,,,,,,,,,,,,,,,,,,,,,,
28,other,What room of the house is this?,office,http://images.cocodataset.org/train2014/COCO_train2014_000000131075.jpg,0,127,0.40630343298090305,-0.421875,office,0,,,,,,,,,,,,,,,,,,,,,,,,,,,
29,other,What is the size of the TV?,large,http://images.cocodataset.org/train2014/COCO_train2014_000000131075.jpg,0,50,0.4100031771092256,-1.3046875,un,0,,,,,,,,,,,,,,,,,,,,,,,,,,,
30,other,How big is the TV?,very big,http://images.cocodataset.org/train2014/COCO_train2014_000000131075.jpg,1,126,0.4742817917895603,-1.578125,un,1,16.0,0.10614052554127358,0.8194483718728035,,,,,,,,,,,,,,,,,,,,,,,,
31,other,What companion object to the TV can be seen in the bottom right of the picture?,laptop,http://images.cocodataset.org/train2014/COCO_train2014_000000131075.jpg,0,132,0.6757599725971664,-0.54296875,laptop,0,,,,,,,,,,,,,,,,,,,,,,,,,,,
32,other,What is the small computer on the left called?,laptop,http://images.cocodataset.org/train2014/COCO_train2014_000000131075.jpg,0,41,0.9878930096207498,-0.52734375,laptop,0,,,,,,,,,,,,,,,,,,,,,,,,,,,
33,other,What is above the TV?,vent,http://images.cocodataset.org/train2014/COCO_train2014_000000131075.jpg,0,110,0.28811992248269724,-0.69921875,ceiling,0,,,,,,,,,,,,,,,,,,,,,,,,,,,
34,other,What is on the display?,document,http://images.cocodataset.org/train2014/COCO_train2014_000000131075.jpg,0,126,0.3222180553973308,-1.8359375,un,0,,,,,,,,,,,,,,,,,,,,,,,,,,,
35,other,Is it a monitor or a screen projection?,screen projection,http://images.cocodataset.org/train2014/COCO_train2014_000000131075.jpg,0,133,0.9624047865744478,-0.427734375,screen,0,,,,,,,,,,,,,,,,,,,,,,,,,,,
36,other,What is on the TV screen?,computer,http://images.cocodataset.org/train2014/COCO_train2014_000000131075.jpg,0,121,0.33798805520982117,-1.8671875,un,0,,,,,,,,,,,,,,,,,,,,,,,,,,,
37,other,What is the title of the presentation in the picture?,outlook web app,http://images.cocodataset.org/train2014/COCO_train2014_000000131075.jpg,1,112,0.9857011078579715,-1.1953125,cultural,1,15.0,0.01692506433614579,0.7835807040488099,,,,,,,,,,,,,,,,,,,,,,,,
38,other,What is the man playing?,wii,http://images.cocodataset.org/train2014/COCO_train2014_000000524311.jpg,0,131,0.5352908671731842,-0.29296875,wii,0,,,,,,,,,,,,,,,,,,,,,,,,,,,
39,other,What does the man have on his face?,glasses,http://images.cocodataset.org/train2014/COCO_train2014_000000524311.jpg,0,110,0.6170770992034648,-0.1982421875,glasses,0,,,,,,,,,,,,,,,,,,,,,,,,,,,
40,other,What is in front of the giraffes?,tree,http://images.cocodataset.org/train2014/COCO_train2014_000000000025.jpg,0,51,0.32965879196980435,-1.359375,log,0,,,,,,,,,,,,,,,,,,,,,,,,,,,
41,other,What do these giraffes have in common?,eating,http://images.cocodataset.org/train2014/COCO_train2014_000000000025.jpg,0,122,0.34753278485967515,-1.2890625,tall,0,,,,,,,,,,,,,,,,,,,,,,,,,,,
42,other,What is the giraffe standing behind?,tree,http://images.cocodataset.org/train2014/COCO_train2014_000000000025.jpg,0,94,0.37777004628231187,-0.92578125,tree,0,,,,,,,,,,,,,,,,,,,,,,,,,,,
43,other,What is on the ground next to the giraffe on the right?,log,http://images.cocodataset.org/train2014/COCO_train2014_000000000025.jpg,0,41,0.2995622761136159,-1.09375,log,0,,,,,,,,,,,,,,,,,,,,,,,,,,,
44,other,How is the man sitting?,cross legged,http://images.cocodataset.org/train2014/COCO_train2014_000000524314.jpg,1,140,0.5789375450146942,-0.330078125,cross,1,17.0,0.05880298943880776,0.9774178175281716,,,,,,,,,,,,,,,,,,,,,,,,
45,other,"What does the word in the upper-left corner, behind the window, translate to in English?",automatic,http://images.cocodataset.org/train2014/COCO_train2014_000000524314.jpg,0,99,0.431039053726374,-0.482421875,automatic,0,,,,,,,,,,,,,,,,,,,,,,,,,,,
46,other,What type of watercraft is that?,raft,http://images.cocodataset.org/train2014/COCO_train2014_000000262171.jpg,0,115,0.4602300687654178,-0.6328125,raft,0,,,,,,,,,,,,,,,,,,,,,,,,,,,
47,other,What is the vase sitting on?,railing,http://images.cocodataset.org/train2014/COCO_train2014_000000000030.jpg,0,100,0.9601748918456824,-1.03125,fence,0,,,,,,,,,,,,,,,,,,,,,,,,,,,
48,other,Is the sun to the right or left of this flower?,left,http://images.cocodataset.org/train2014/COCO_train2014_000000000030.jpg,0,0,0.9968132302225774,-0.73828125,right,0,,,,,,,,,,,,,,,,,,,,,,,,,,,
49,other,What is the zebra eating?,grass,http://images.cocodataset.org/train2014/COCO_train2014_000000240304.jpg,0,113,0.38331235820191534,-0.81640625,grass,0,,,,,,,,,,,,,,,,,,,,,,,,,,,
50,other,What is the tree covered with?,wire,http://images.cocodataset.org/train2014/COCO_train2014_000000240304.jpg,1,97,0.32042675612461274,-1.5,leaves,1,16.0,0.20205668479569472,0.7743974703476992,,,,,,,,,,,,,,,,,,,,,,,,
51,other,What is the animal eating?,grass,http://images.cocodataset.org/train2014/COCO_train2014_000000000034.jpg,0,86,0.24890686416015334,-0.12451171875,grass,0,,,,,,,,,,,,,,,,,,,,,,,,,,,
52,other,How old is animal?,10 years,http://images.cocodataset.org/train2014/COCO_train2014_000000000034.jpg,0,126,0.37839699606007493,-1.8671875,1,0,,,,,,,,,,,,,,,,,,,,,,,,,,,
53,other,What is the man holding?,knife,http://images.cocodataset.org/train2014/COCO_train2014_000000393251.jpg,0,140,0.45067279567790935,-0.5078125,knife,0,,,,,,,,,,,,,,,,,,,,,,,,,,,
54,other,What is the man cutting?,cake,http://images.cocodataset.org/train2014/COCO_train2014_000000393251.jpg,0,59,0.44182714099995685,-0.1982421875,cake,0,,,,,,,,,,,,,,,,,,,,,,,,,,,
55,other,What is the fruit?,banana,http://images.cocodataset.org/train2014/COCO_train2014_000000262180.jpg,1,120,0.586408261493171,-0.18359375,banana,1,17.0,0.08534570608521215,0.8516924496551459,,,,,,,,,,,,,,,,,,,,,,,,
56,other,What is the name of the type of person that would make this food?,chef,http://images.cocodataset.org/train2014/COCO_train2014_000000262180.jpg,1,48,0.35215870169497226,-1.2578125,chef,1,19.0,0.195996094130823,0.858059727974443,,,,,,,,,,,,,,,,,,,,,,,,
57,other,What type of ice cream is on the plate?,vanilla,http://images.cocodataset.org/train2014/COCO_train2014_000000262180.jpg,0,122,0.43824876118711514,-0.3359375,vanilla,0,,,,,,,,,,,,,,,,,,,,,,,,,,,
58,other,Is this an indoor or outdoor photo?,outdoor,http://images.cocodataset.org/train2014/COCO_train2014_000000524325.jpg,0,114,0.49429096598991046,-0.2177734375,outdoor,0,,,,,,,,,,,,,,,,,,,,,,,,,,,
59,other,What's missing from this hot dog?,mustard,http://images.cocodataset.org/train2014/COCO_train2014_000000043697.jpg,1,65,0.44068178797947205,-1.015625,k,1,15.0,0.12479214583107938,0.8830374409547587,,,,,,,,,,,,,,,,,,,,,,,,
60,other,What is the hog dog sitting on?,bun,http://images.cocodataset.org/train2014/COCO_train2014_000000043697.jpg,2,89,0.4041866154774895,-0.1474609375,nap,2,15.0,0.10272815863567365,0.9654013672997089,16.0,0.14399491073067208,,,,,0.8194483718728035,,,,,,,,,,,,,,,,,
61,other,What is the sky full of?,clouds,http://images.cocodataset.org/train2014/COCO_train2014_000000262184.jpg,0,87,0.7537895851298622,-0.2080078125,clouds,0,,,,,,,,,,,,,,,,,,,,,,,,,,,
62,other,What is the color of the carpet?,brown,http://images.cocodataset.org/train2014/COCO_train2014_000000131113.jpg,1,123,0.5259099965169745,-0.76171875,brown,1,18.0,0.0991360619532901,0.8527924884900404,,,,,,,,,,,,,,,,,,,,,,,,
63,other,What shape are the windows on the side of the plane?,square,http://images.cocodataset.org/train2014/COCO_train2014_000000262187.jpg,0,104,0.39054125023221387,-1.5546875,rectangle,0,,,,,,,,,,,,,,,,,,,,,,,,,,,
64,other,What is the website on the sign?,wmatacom,http://images.cocodataset.org/train2014/COCO_train2014_000000262191.jpg,0,108,0.2944272006888352,-0.9765625,w,0,,,,,,,,,,,,,,,,,,,,,,,,,,,
65,other,What is the bear called?,teddy,http://images.cocodataset.org/train2014/COCO_train2014_000000262191.jpg,0,101,0.8966856894423174,-0.2421875,teddy,0,,,,,,,,,,,,,,,,,,,,,,,,,,,
66,other,What type of tree is the man standing next to?,elm,http://images.cocodataset.org/train2014/COCO_train2014_000000524338.jpg,0,81,0.5058202813557234,-0.9921875,oak,0,,,,,,,,,,,,,,,,,,,,,,,,,,,
67,other,What pattern is on the pants?,stripes,http://images.cocodataset.org/train2014/COCO_train2014_000000213863.jpg,0,36,0.312895413387531,-1.1171875,stri,0,,,,,,,,,,,,,,,,,,,,,,,,,,,
68,other,What sport is this person playing?,baseball,http://images.cocodataset.org/train2014/COCO_train2014_000000213863.jpg,1,114,0.482293772402959,-0.10693359375,baseball,1,16.0,0.10728149675549696,0.7743974703476992,,,,,,,,,,,,,,,,,,,,,,,,
69,other,What is the position of the player behind the batter called?,catcher,http://images.cocodataset.org/train2014/COCO_train2014_000000213863.jpg,0,111,0.40795418179535275,-0.1376953125,catcher,0,,,,,,,,,,,,,,,,,,,,,,,,,,,
70,other,What are they drinking?,beer,http://images.cocodataset.org/train2014/COCO_train2014_000000393268.jpg,0,119,0.4242642332905711,-0.267578125,beer,0,,,,,,,,,,,,,,,,,,,,,,,,,,,
71,other,What brand of beer is visible?,sierra nevada,http://images.cocodataset.org/train2014/COCO_train2014_000000393268.jpg,0,60,0.9943118589920759,-1.328125,bud,0,,,,,,,,,,,,,,,,,,,,,,,,,,,
72,other,What logo is on the man's shirt?,nike,http://images.cocodataset.org/train2014/COCO_train2014_000000131127.jpg,0,125,0.5645740263746014,-0.5,nike,0,,,,,,,,,,,,,,,,,,,,,,,,,,,
73,other,What direction is the bird looking?,right,http://images.cocodataset.org/train2014/COCO_train2014_000000262201.jpg,0,48,0.42564429110040103,-1.078125,right,0,,,,,,,,,,,,,,,,,,,,,,,,,,,
74,other,What time of day is it?,morning,http://images.cocodataset.org/train2014/COCO_train2014_000000370986.jpg,0,156,0.536022222745619,-1.25,afternoon,0,,,,,,,,,,,,,,,,,,,,,,,,,,,
75,other,What type of plane is this?,propeller,http://images.cocodataset.org/train2014/COCO_train2014_000000131133.jpg,1,51,0.9454489835943538,-1.6796875,prop,1,18.0,0.026759025829721624,0.872009434056298,,,,,,,,,,,,,,,,,,,,,,,,
76,other,What is in the picture?,clock,http://images.cocodataset.org/train2014/COCO_train2014_000000000064.jpg,0,120,0.4109481213313807,-0.1611328125,clock,0,,,,,,,,,,,,,,,,,,,,,,,,,,,
77,other,What time is the clock showing?,6:10,http://images.cocodataset.org/train2014/COCO_train2014_000000000064.jpg,0,88,0.37656393960269097,-1.109375,1,0,,,,,,,,,,,,,,,,,,,,,,,,,,,
78,other,What are the vases sitting on?,table,http://images.cocodataset.org/train2014/COCO_train2014_000000458763.jpg,1,98,0.2432488207745375,-0.91015625,table,1,22.0,0.17594674930239515,0.8563255534369274,,,,,,,,,,,,,,,,,,,,,,,,
79,other,What is the table made of?,wood,http://images.cocodataset.org/train2014/COCO_train2014_000000458763.jpg,0,97,0.37545360059893146,-0.142578125,wood,0,,,,,,,,,,,,,,,,,,,,,,,,,,,
80,other,What is the green stuff on this pizza?,spinach,http://images.cocodataset.org/train2014/COCO_train2014_000000567990.jpg,1,88,0.4072888316850115,-0.8125,spin,1,17.0,0.17578340296503314,0.8409160494198367,,,,,,,,,,,,,,,,,,,,,,,,
81,other,Is it thick or thin crust?,thick,http://images.cocodataset.org/train2014/COCO_train2014_000000567990.jpg,1,137,0.5333881224074077,-0.212890625,thick,1,15.0,0.06659724558951546,0.9018972358711528,,,,,,,,,,,,,,,,,,,,,,,,
82,other,What is the orange thing?,bag,http://images.cocodataset.org/train2014/COCO_train2014_000000393286.jpg,0,83,0.4269575913913206,-0.93359375,bag,0,,,,,,,,,,,,,,,,,,,,,,,,,,,
83,other,Is this train headed towards or from the orange building?,from,http://images.cocodataset.org/train2014/COCO_train2014_000000000071.jpg,0,147,0.5463264885241296,-0.80078125,from,0,,,,,,,,,,,,,,,,,,,,,,,,,,,
84,other,What is the giraffe eating?,leaves,http://images.cocodataset.org/train2014/COCO_train2014_000000000072.jpg,0,98,0.3252306673883378,-0.421875,leaves,0,,,,,,,,,,,,,,,,,,,,,,,,,,,
85,other,What is on the woman's neck?,necklace,http://images.cocodataset.org/train2014/COCO_train2014_000000393290.jpg,1,111,0.5278126596098452,-0.2080078125,neck,1,15.0,0.11752254176458596,0.8024677973715656,,,,,,,,,,,,,,,,,,,,,,,,
86,other,What item is folded up and sitting on the edge of the shower stall?,towel,http://images.cocodataset.org/train2014/COCO_train2014_000000393291.jpg,0,70,0.35577288275624364,-0.2373046875,to,0,,,,,,,,,,,,,,,,,,,,,,,,,,,
87,other,What pattern is on the shower curtain?,solid,http://images.cocodataset.org/train2014/COCO_train2014_000000393291.jpg,0,124,0.42614587512801166,-0.671875,solid,0,,,,,,,,,,,,,,,,,,,,,,,,,,,
88,other,What are the colors of the countertop?,brown,http://images.cocodataset.org/train2014/COCO_train2014_000000393291.jpg,0,118,0.44424667354915254,-0.43359375,brown,0,,,,,,,,,,,,,,,,,,,,,,,,,,,
89,other,What is the person on the right called?,referee,http://images.cocodataset.org/train2014/COCO_train2014_000000262221.jpg,0,45,0.34378181866041896,-1.0546875,ump,0,,,,,,,,,,,,,,,,,,,,,,,,,,,
90,other,What time does the clock say?,8:00,http://images.cocodataset.org/train2014/COCO_train2014_000000000078.jpg,0,23,0.1250018744074128,-0.462890625,1,0,,,,,,,,,,,,,,,,,,,,,,,,,,,
91,other,What is the last letter over the plane?,e,http://images.cocodataset.org/train2014/COCO_train2014_000000000081.jpg,0,39,0.18273367122919057,-1.0546875,e,0,,,,,,,,,,,,,,,,,,,,,,,,,,,
92,other,What is the number on the mailbox?,24,http://images.cocodataset.org/train2014/COCO_train2014_000000000086.jpg,2,124,0.9831685585863095,-0.59765625,3,2,20.0,0.012082652390048272,0.858672711073255,17.0,0.009795780789626842,,,,,0.9603948809345497,,,,,,,,,,,,,,,,,
93,other,What are the animals doing?,grazing,http://images.cocodataset.org/train2014/COCO_train2014_000000524375.jpg,1,47,0.3248582914277832,-0.5703125,gra,1,16.0,0.21430837774010314,0.954434002924965,,,,,,,,,,,,,,,,,,,,,,,,
94,other,What breed of livestock is shown?,sheep,http://images.cocodataset.org/train2014/COCO_train2014_000000524375.jpg,1,117,0.4696451725522834,-0.2578125,sheep,1,16.0,0.12801125322276968,0.7743974703476992,,,,,,,,,,,,,,,,,,,,,,,,
95,other,What language is the sign written in?,spanish,http://images.cocodataset.org/train2014/COCO_train2014_000000131160.jpg,1,103,0.9900099436899905,-1.78125,turkish,1,18.0,0.013948198265585302,0.8527924884900406,,,,,,,,,,,,,,,,,,,,,,,,
96,other,How has the cheese been prepared?,melted,http://images.cocodataset.org/train2014/COCO_train2014_000000524377.jpg,0,104,0.42381035294719493,-1.0703125,mel,0,,,,,,,,,,,,,,,,,,,,,,,,,,,
97,other,What is the cutting board used for in this scene?,plate,http://images.cocodataset.org/train2014/COCO_train2014_000000524377.jpg,0,62,0.38875218865909156,-1.40625,plate,0,,,,,,,,,,,,,,,,,,,,,,,,,,,
98,other,Of what meal is this kind of food typical?,lunch,http://images.cocodataset.org/train2014/COCO_train2014_000000524377.jpg,0,137,0.6704515302182533,-0.51953125,lunch,0,,,,,,,,,,,,,,,,,,,,,,,,,,,
99,other,What type of food is shown?,hot dog,http://images.cocodataset.org/train2014/COCO_train2014_000000524377.jpg,1,114,0.4898840660569075,-0.72265625,hot,1,16.0,0.06568128234025343,0.9414280318460244,,,,,,,,,,,,,,,,,,,,,,,,
100,other,What is the topping on the hot dog?,peppers,http://images.cocodataset.org/train2014/COCO_train2014_000000524377.jpg,1,110,0.46262795261815515,-0.6328125,on,1,16.0,0.09599318526311673,0.5435644431995964,,,,,,,,,,,,,,,,,,,,,,,,
101,other,What topping is on the hot dog?,onions,http://images.cocodataset.org/train2014/COCO_train2014_000000524377.jpg,1,120,0.5206904315722667,-0.69140625,on,1,18.0,0.0631918079693747,0.9206250851407773,,,,,,,,,,,,,,,,,,,,,,,,
102,other,What is in the small container?,butter,http://images.cocodataset.org/train2014/COCO_train2014_000000524377.jpg,1,120,0.48210424061327944,-0.89453125,butter,1,18.0,0.0756275685626661,0.9388201415867106,,,,,,,,,,,,,,,,,,,,,,,,
103,other,What are the components of this dish?,butter,http://images.cocodataset.org/train2014/COCO_train2014_000000524377.jpg,1,100,0.4936202043655614,-0.51953125,hot,1,15.0,0.08921518423478239,0.9018972358711528,,,,,,,,,,,,,,,,,,,,,,,,
104,other,How delicious does this look?,very,http://images.cocodataset.org/train2014/COCO_train2014_000000524377.jpg,0,84,0.47623703691857827,-0.65625,very,0,,,,,,,,,,,,,,,,,,,,,,,,,,,
105,other,What two vegetables are in the white bowl?,none,http://images.cocodataset.org/train2014/COCO_train2014_000000524377.jpg,0,138,0.5041735632985855,-1.2265625,on,0,,,,,,,,,,,,,,,,,,,,,,,,,,,
106,other,What type of filling is in the dish on the bottom left?,mayonnaise,http://images.cocodataset.org/train2014/COCO_train2014_000000524377.jpg,3,110,0.5459569539073236,-1.7734375,butter,3,17.0,0.04814124250837623,0.9967828263127351,15.0,0.08872252811042543,15.0,0.05236999262803113,,,0.7835807040488099,0.9877812438119247,,,,,,,,,,,,,,,,
107,other,What is the yellow stuff in a bowl?,butter,http://images.cocodataset.org/train2014/COCO_train2014_000000524377.jpg,2,130,0.5087973474625017,-0.76171875,butter,2,21.0,0.06523671334658888,0.9314107237997671,15.0,0.05577902183244035,,,,,0.9500685975366211,,,,,,,,,,,,,,,,,
108,other,What is the hot dog sitting on top of?,bun,http://images.cocodataset.org/train2014/COCO_train2014_000000524377.jpg,1,110,0.38408001341566045,-0.546875,bun,1,15.0,0.18287615006313235,0.7835807040488099,,,,,,,,,,,,,,,,,,,,,,,,
109,other,What are the orange things?,sweet potato fries,http://images.cocodataset.org/train2014/COCO_train2014_000000524377.jpg,0,54,0.43619131562379354,-0.43359375,fries,0,,,,,,,,,,,,,,,,,,,,,,,,,,,
110,other,Are the carrots diced or cut long ways?,long ways,http://images.cocodataset.org/train2014/COCO_train2014_000000524377.jpg,2,122,0.6179631663101792,-0.57421875,cut,2,34.0,0.025388460157430428,0.9503435562077922,16.0,0.04210647444870196,,,,,1.0,,,,,,,,,,,,,,,,,
111,other,What is in the cup?,mayo,http://images.cocodataset.org/train2014/COCO_train2014_000000524377.jpg,1,114,0.43141888743153817,-0.71875,butter,1,18.0,0.11353421615574343,0.8588801260706667,,,,,,,,,,,,,,,,,,,,,,,,
112,other,What is the orange root called?,sweet potato,http://images.cocodataset.org/train2014/COCO_train2014_000000524377.jpg,0,143,0.7746609755873127,-1.28125,sweet,0,,,,,,,,,,,,,,,,,,,,,,,,,,,
113,other,What is the blackened meat on the bread?,hot dog,http://images.cocodataset.org/train2014/COCO_train2014_000000524377.jpg,1,129,0.5190801005988133,-1.46875,hot,1,16.0,0.05678240139268545,0.9414280318460245,,,,,,,,,,,,,,,,,,,,,,,,
114,other,What is on the sandwich?,hot dog,http://images.cocodataset.org/train2014/COCO_train2014_000000524377.jpg,0,128,0.40917407031505376,-1.25,on,0,,,,,,,,,,,,,,,,,,,,,,,,,,,
115,other,What animal is on the plate?,pig,http://images.cocodataset.org/train2014/COCO_train2014_000000524377.jpg,0,79,0.715122316057937,-1.328125,none,0,,,,,,,,,,,,,,,,,,,,,,,,,,,
116,other,What is on the hotdog?,onions,http://images.cocodataset.org/train2014/COCO_train2014_000000524377.jpg,0,121,0.4257961675135305,-0.5,on,0,,,,,,,,,,,,,,,,,,,,,,,,,,,
117,other,What two vegetables can be seen on the pizza?,none,http://images.cocodataset.org/train2014/COCO_train2014_000000524377.jpg,0,137,0.4366422475626131,-1.5,on,0,,,,,,,,,,,,,,,,,,,,,,,,,,,
118,other,What condiment is on the potatoes?,butter,http://images.cocodataset.org/train2014/COCO_train2014_000000524377.jpg,1,96,0.8501509563222593,-1.09375,pars,1,16.0,0.0403410705337445,0.8957541375001011,,,,,,,,,,,,,,,,,,,,,,,,
119,other,What sauces are shown?,butter,http://images.cocodataset.org/train2014/COCO_train2014_000000524377.jpg,2,128,0.5152984272568032,-1.4140625,may,2,34.0,0.058318324217882814,0.8202370748401807,16.0,0.05225507557221921,,,,,0.8950145145731531,,,,,,,,,,,,,,,,,
120,other,What is mainly featured?,hot dog,http://images.cocodataset.org/train2014/COCO_train2014_000000524377.jpg,0,123,0.4375499884725176,-0.72265625,hot,0,,,,,,,,,,,,,,,,,,,,,,,,,,,
121,other,What is the pattern on the vase?,floral,http://images.cocodataset.org/train2014/COCO_train2014_000000393306.jpg,0,134,0.5648694264002445,-0.609375,floral,0,,,,,,,,,,,,,,,,,,,,,,,,,,,
122,other,What is the primary color of the bathroom?,yellow,http://images.cocodataset.org/train2014/COCO_train2014_000000262159.jpg,0,138,0.5670518368909456,-0.439453125,yellow,0,,,,,,,,,,,,,,,,,,,,,,,,,,,
123,other,What is printed on the orange sign?,pizza,http://images.cocodataset.org/train2014/COCO_train2014_000000000094.jpg,0,132,0.9643288613016672,-2.265625,hotel,0,,,,,,,,,,,,,,,,,,,,,,,,,,,
124,other,What is the name of the hotel?,peace way,http://images.cocodataset.org/train2014/COCO_train2014_000000000094.jpg,0,132,0.4308049113717601,-0.08154296875,peace,0,,,,,,,,,,,,,,,,,,,,,,,,,,,
125,other,What mode of transportation is pictured?,car,http://images.cocodataset.org/train2014/COCO_train2014_000000000094.jpg,0,165,0.5064342983638136,-0.416015625,car,0,,,,,,,,,,,,,,,,,,,,,,,,,,,
126,other,What airline is this?,everts air cargo,http://images.cocodataset.org/train2014/COCO_train2014_000000393311.jpg,1,125,0.986524186577909,-1.1640625,cargo,1,15.0,0.013102249482473866,0.8024677973715657,,,,,,,,,,,,,,,,,,,,,,,,
127,other,The plane's stand resembles what letter?,a,http://images.cocodataset.org/train2014/COCO_train2014_000000393311.jpg,0,125,0.3800176237177751,-1.8359375,letter,0,,,,,,,,,,,,,,,,,,,,,,,,,,,
128,other,What type of plane is this?,cargo,http://images.cocodataset.org/train2014/COCO_train2014_000000393311.jpg,1,120,0.4329449037335641,-0.1650390625,cargo,1,16.0,0.06290810605285749,0.6695919455357793,,,,,,,,,,,,,,,,,,,,,,,,
129,other,What is written on the picture?,dutchsimba,http://images.cocodataset.org/train2014/COCO_train2014_000000393311.jpg,0,87,0.24085631260079712,-1.5078125,CAR,0,,,,,,,,,,,,,,,,,,,,,,,,,,,
130,other,What shipping company is represented in the scene?,everts air cargo,http://images.cocodataset.org/train2014/COCO_train2014_000000393311.jpg,1,125,0.4212078315682686,-2.265625,car,1,15.0,0.08224440427855481,0.8616157143988104,,,,,,,,,,,,,,,,,,,,,,,,
131,other,What airline is this plane from?,everts air cargo,http://images.cocodataset.org/train2014/COCO_train2014_000000393311.jpg,0,126,0.9950776196890794,-1.8046875,cargo,0,,,,,,,,,,,,,,,,,,,,,,,,,,,
132,other,How does the man get down from the machine?,stairs,http://images.cocodataset.org/train2014/COCO_train2014_000000393311.jpg,0,151,0.5654152225530611,-1.1796875,ladder,0,,,,,,,,,,,,,,,,,,,,,,,,,,,
133,other,What is the picture of on wall?,abstract,http://images.cocodataset.org/train2014/COCO_train2014_000000524386.jpg,0,98,0.4152886880944474,-1.53125,abstract,0,,,,,,,,,,,,,,,,,,,,,,,,,,,
134,other,What is on the carpet?,rug,http://images.cocodataset.org/train2014/COCO_train2014_000000524386.jpg,0,117,0.2833768345840919,-0.1611328125,rug,0,,,,,,,,,,,,,,,,,,,,,,,,,,,
135,other,What are the ladies doing?,texting,http://images.cocodataset.org/train2014/COCO_train2014_000000131172.jpg,0,86,0.4744802429004486,-0.7578125,text,0,,,,,,,,,,,,,,,,,,,,,,,,,,,
136,other,What is written on the street?,nothing,http://images.cocodataset.org/train2014/COCO_train2014_000000393317.jpg,0,110,0.104902472144592,-0.91015625,avenue,0,,,,,,,,,,,,,,,,,,,,,,,,,,,
137,other,Urban or suburban?,urban,http://images.cocodataset.org/train2014/COCO_train2014_000000393317.jpg,0,155,0.5396472369909001,-0.271484375,urban,0,,,,,,,,,,,,,,,,,,,,,,,,,,,
138,other,What type of vehicle is on the left?,bus,http://images.cocodataset.org/train2014/COCO_train2014_000000393317.jpg,0,72,0.39323812618062715,-0.1025390625,bus,0,,,,,,,,,,,,,,,,,,,,,,,,,,,
139,other,What is being held green?,light,http://images.cocodataset.org/train2014/COCO_train2014_000000393317.jpg,0,128,0.32765191881649525,-2.078125,stop,0,,,,,,,,,,,,,,,,,,,,,,,,,,,
140,other,What time of day is it?,afternoon,http://images.cocodataset.org/train2014/COCO_train2014_000000393317.jpg,0,62,0.5084919212628813,-0.9921875,afternoon,0,,,,,,,,,,,,,,,,,,,,,,,,,,,
141,other,What country name is written as the highest word on the bus?,guatemala,http://images.cocodataset.org/train2014/COCO_train2014_000000546151.jpg,0,72,0.47040576217839364,-2.046875,gu,0,,,,,,,,,,,,,,,,,,,,,,,,,,,
142,other,What is the skier standing on?,skis,http://images.cocodataset.org/train2014/COCO_train2014_000000021826.jpg,0,20,0.17994066921473117,-0.796875,skis,0,,,,,,,,,,,,,,,,,,,,,,,,,,,
143,other,What is the person doing?,skiing,http://images.cocodataset.org/train2014/COCO_train2014_000000021826.jpg,0,136,0.43825578885624883,-0.2421875,ski,0,,,,,,,,,,,,,,,,,,,,,,,,,,,
144,other,What infrastructure would one drive on to go perpendicular to the water?,boat,http://images.cocodataset.org/train2014/COCO_train2014_000000000109.jpg,0,103,0.4870795378326981,-0.70703125,boat,0,,,,,,,,,,,,,,,,,,,,,,,,,,,
145,other,What pizza topping is this?,cheese,http://images.cocodataset.org/train2014/COCO_train2014_000000000110.jpg,0,141,0.5540383873583891,-0.11572265625,cheese,0,,,,,,,,,,,,,,,,,,,,,,,,,,,
146,other,What is in the vase next to the flowers?,paper,http://images.cocodataset.org/train2014/COCO_train2014_000000305853.jpg,0,122,0.3730841592546691,-0.765625,paper,0,,,,,,,,,,,,,,,,,,,,,,,,,,,
147,other,Are these flowers real or silk?,real,http://images.cocodataset.org/train2014/COCO_train2014_000000305853.jpg,0,112,0.9570522447610125,-0.3515625,real,0,,,,,,,,,,,,,,,,,,,,,,,,,,,
148,other,England's Queen mother and these blooms share what syllable?,sun,http://images.cocodataset.org/train2014/COCO_train2014_000000305853.jpg,0,128,0.41689857313053175,-2.546875,e,0,,,,,,,,,,,,,,,,,,,,,,,,,,,
149,other,What emblem is on the cake?,words,http://images.cocodataset.org/train2014/COCO_train2014_000000000113.jpg,1,110,0.497477530334831,-2.125,none,1,16.0,0.09137429191819185,0.8348683589017412,,,,,,,,,,,,,,,,,,,,,,,,
150,other,Are they outside or in?,inside,http://images.cocodataset.org/train2014/COCO_train2014_000000000113.jpg,0,112,0.5049830687800426,-0.796875,inside,0,,,,,,,,,,,,,,,,,,,,,,,,,,,
151,other,What are the initials on the cake?,md,http://images.cocodataset.org/train2014/COCO_train2014_000000000113.jpg,0,44,0.40519944325035445,-2.078125,mk,0,,,,,,,,,,,,,,,,,,,,,,,,,,,
152,other,What utensil is in the pan?,knife,http://images.cocodataset.org/train2014/COCO_train2014_000000262261.jpg,0,123,0.3754355936233545,-0.1025390625,knife,0,,,,,,,,,,,,,,,,,,,,,,,,,,,
153,other,What is the red vegetable in the clear dish?,tomato,http://images.cocodataset.org/train2014/COCO_train2014_000000262261.jpg,0,134,0.4647755391354399,-0.5546875,tomato,0,,,,,,,,,,,,,,,,,,,,,,,,,,,
154,other,What tree is on the left?,evergreen,http://images.cocodataset.org/train2014/COCO_train2014_000000131190.jpg,0,102,0.4625759441881287,-1.9296875,bush,0,,,,,,,,,,,,,,,,,,,,,,,,,,,
155,other,What is the material right around the clock?,wood,http://images.cocodataset.org/train2014/COCO_train2014_000000131190.jpg,0,84,0.4260518575389138,-0.53515625,brick,0,,,,,,,,,,,,,,,,,,,,,,,,,,,
156,other,How tall is this building?,100 feet,http://images.cocodataset.org/train2014/COCO_train2014_000000131190.jpg,0,98,0.1250002064954454,-1.7421875,2,0,,,,,,,,,,,,,,,,,,,,,,,,,,,
157,other,What materials are on the roof?,shingles,http://images.cocodataset.org/train2014/COCO_train2014_000000131190.jpg,0,135,0.47427259325940396,-1.46875,tiles,0,,,,,,,,,,,,,,,,,,,,,,,,,,,
158,other,What is in gold at the top of the building?,clock,http://images.cocodataset.org/train2014/COCO_train2014_000000131190.jpg,0,133,0.45998677907882723,-0.4765625,bell,0,,,,,,,,,,,,,,,,,,,,,,,,,,,
159,other,What are on both side of the building?,trees,http://images.cocodataset.org/train2014/COCO_train2014_000000131190.jpg,0,123,0.3556017354047079,-0.609375,trees,0,,,,,,,,,,,,,,,,,,,,,,,,,,,
160,other,What is around the tree?,building,http://images.cocodataset.org/train2014/COCO_train2014_000000131190.jpg,1,73,0.24212650866826152,-1.671875,bush,1,20.0,0.19678903973978873,0.8359750080865053,,,,,,,,,,,,,,,,,,,,,,,,
161,other,What is the woman doing in this photo?,petting sheep,http://images.cocodataset.org/train2014/COCO_train2014_000000131197.jpg,0,103,0.9601230497383865,-0.2578125,pet,0,,,,,,,,,,,,,,,,,,,,,,,,,,,
162,other,What are the sheep standing on?,hay,http://images.cocodataset.org/train2014/COCO_train2014_000000131197.jpg,0,119,0.325864134011403,-0.2275390625,hay,0,,,,,,,,,,,,,,,,,,,,,,,,,,,
163,other,What is the woman feeding the animal?,hay,http://images.cocodataset.org/train2014/COCO_train2014_000000131197.jpg,0,76,0.34523040570733626,-0.99609375,hay,0,,,,,,,,,,,,,,,,,,,,,,,,,,,
164,other,What type of silverware is on the plates?,knife and spoon,http://images.cocodataset.org/train2014/COCO_train2014_000000000127.jpg,1,104,0.4015959321219221,-0.92578125,knife,1,16.0,0.16285020050340954,0.7743974703476992,,,,,,,,,,,,,,,,,,,,,,,,
165,other,What is the man holding in his left hand?,ski pole,http://images.cocodataset.org/train2014/COCO_train2014_000000262273.jpg,0,117,0.39708472891938973,-0.451171875,ski,0,,,,,,,,,,,,,,,,,,,,,,,,,,,
166,other,What is the color of the zipper?,black,http://images.cocodataset.org/train2014/COCO_train2014_000000262273.jpg,1,123,0.4860412079885773,-0.640625,black,1,15.0,0.06671890091258839,0.9877812438119247,,,,,,,,,,,,,,,,,,,,,,,,
167,other,Are the boots a solid color or patterned?,patterned,http://images.cocodataset.org/train2014/COCO_train2014_000000262273.jpg,2,109,0.5800396696155984,-0.380859375,solid,2,17.0,0.03419952615377021,0.9856676426534905,16.0,0.05862215086036358,,,,,0.8957541375001011,,,,,,,,,,,,,,,,,
168,other,What are the people doing in the street?,walking,http://images.cocodataset.org/train2014/COCO_train2014_000000524420.jpg,0,103,0.969557254716156,-0.18359375,walking,0,,,,,,,,,,,,,,,,,,,,,,,,,,,
169,other,What is floating near the bird?,ice,http://images.cocodataset.org/train2014/COCO_train2014_000000436929.jpg,0,147,0.40932314911391315,-1.0859375,ice,0,,,,,,,,,,,,,,,,,,,,,,,,,,,
170,other,What brand of soda is advertised?,pepsi,http://images.cocodataset.org/train2014/COCO_train2014_000000284012.jpg,1,97,0.9475795373820991,-0.12451171875,pe,1,17.0,0.04972233680703176,0.8409160494198367,,,,,,,,,,,,,,,,,,,,,,,,
171,other,What Mexican food restaurant chain is advertised?,del taco,http://images.cocodataset.org/train2014/COCO_train2014_000000284012.jpg,0,27,0.2681038457210367,-2.21875,el,0,,,,,,,,,,,,,,,,,,,,,,,,,,,
172,other,How is the turnout?,good,http://images.cocodataset.org/train2014/COCO_train2014_000000284012.jpg,0,89,0.5221879123917642,-1.1640625,good,0,,,,,,,,,,,,,,,,,,,,,,,,,,,
173,other,What is the large sculpture next to the oversized cola bottle?,building,http://images.cocodataset.org/train2014/COCO_train2014_000000284012.jpg,1,86,0.9984957199715991,-1.3359375,statue,1,16.0,0.007205911844512261,0.8194483718728035,,,,,,,,,,,,,,,,,,,,,,,,
174,other,What time is it?,1:50,http://images.cocodataset.org/train2014/COCO_train2014_000000000138.jpg,3,149,0.9974844360315761,-0.5703125,1,3,40.0,0.005111382616380663,0.0,24.0,0.005111382616380663,15.0,0.00507361935468471,,,0.0,0.9182958340544896,,,,,,,,,,,,,,,,
175,other,What continent might this be?,africa,http://images.cocodataset.org/train2014/COCO_train2014_000000262285.jpg,0,39,0.8262866998554761,-0.12451171875,africa,0,,,,,,,,,,,,,,,,,,,,,,,,,,,
176,other,What type of fruit is on the plate?,banana,http://images.cocodataset.org/train2014/COCO_train2014_000000000142.jpg,0,120,0.36025486788784733,-0.5,banana,0,,,,,,,,,,,,,,,,,,,,,,,,,,,
177,other,What is in the blue chair?,teddy bears,http://images.cocodataset.org/train2014/COCO_train2014_000000131215.jpg,2,113,0.7113211096660663,-0.9296875,teddy,2,30.0,0.0432690361628904,0.9032380071930616,16.0,0.030752600474430382,,,,,0.9528195311147832,,,,,,,,,,,,,,,,,
178,other,What type of footwear is the person wearing?,socks,http://images.cocodataset.org/train2014/COCO_train2014_000000131215.jpg,0,120,0.6917393665496201,-0.87890625,socks,0,,,,,,,,,,,,,,,,,,,,,,,,,,,
179,other,What are the animals doing?,eating,http://images.cocodataset.org/train2014/COCO_train2014_000000000144.jpg,0,128,0.3577343338263455,-0.43359375,eating,0,,,,,,,,,,,,,,,,,,,,,,,,,,,
180,other,What type of animal is in the picture?,giraffe,http://images.cocodataset.org/train2014/COCO_train2014_000000000144.jpg,0,136,0.47058290414967224,-0.08984375,gira,0,,,,,,,,,,,,,,,,,,,,,,,,,,,
181,other,What does the front of the bus say at the top?,special,http://images.cocodataset.org/train2014/COCO_train2014_000000131225.jpg,0,69,0.4307007834373632,-0.1513671875,special,0,,,,,,,,,,,,,,,,,,,,,,,,,,,
182,other,What direction are the animals heading?,right,http://images.cocodataset.org/train2014/COCO_train2014_000000000154.jpg,0,48,0.3434615919690941,-0.91015625,left,0,,,,,,,,,,,,,,,,,,,,,,,,,,,
183,other,Is the zebra walking or standing still?,walking,http://images.cocodataset.org/train2014/COCO_train2014_000000000154.jpg,1,109,0.6726155674931115,-0.7578125,walking,1,16.0,0.07708404281032125,0.7743974703476992,,,,,,,,,,,,,,,,,,,,,,,,
184,other,Number of animals?,3,http://images.cocodataset.org/train2014/COCO_train2014_000000000154.jpg,0,28,0.9954868856624906,-0.1201171875,3,0,,,,,,,,,,,,,,,,,,,,,,,,,,,
185,other,What is on the plate?,cupcake,http://images.cocodataset.org/train2014/COCO_train2014_000000393375.jpg,1,129,0.6655091937329423,-0.08154296875,cupcake,1,27.0,0.03657094956596861,0.9150283957027562,,,,,,,,,,,,,,,,,,,,,,,,
186,other,What are the pink pieces of paper called?,post-its,http://images.cocodataset.org/train2014/COCO_train2014_000000393375.jpg,0,123,0.4513340517583858,-0.6640625,post,0,,,,,,,,,,,,,,,,,,,,,,,,,,,
187,other,What is the green stuff?,broccoli,http://images.cocodataset.org/train2014/COCO_train2014_000000393379.jpg,0,135,0.3893757635695533,-0.1025390625,bro,0,,,,,,,,,,,,,,,,,,,,,,,,,,,
188,other,Is this a finger food or dish?,dish,http://images.cocodataset.org/train2014/COCO_train2014_000000393379.jpg,1,164,0.5289271418344554,-0.3984375,dish,1,35.0,0.05524506577804011,0.8924761531773275,,,,,,,,,,,,,,,,,,,,,,,,
189,other,What ICING IS USED ON THIS CAKE?,vanilla,http://images.cocodataset.org/train2014/COCO_train2014_000000262308.jpg,0,93,0.9452378804327118,-1.4765625,butter,0,,,,,,,,,,,,,,,,,,,,,,,,,,,
190,other,What is the figure on the cupcake?,soldier,http://images.cocodataset.org/train2014/COCO_train2014_000000262308.jpg,4,106,0.5796913654176807,-1.0078125,soldier,4,30.0,0.04652059805315167,0.9012486969266276,15.0,0.045777157922237376,18.0,0.053309341881369425,15.0,0.04798742042123965,0.9500685975366211,0.8424887242433627,0.8830374409547587,,,,,,,,,,,,,,,
191,other,What flavor is the cupcake?,vanilla,http://images.cocodataset.org/train2014/COCO_train2014_000000262308.jpg,0,137,0.47746914436826166,-0.1650390625,vanilla,0,,,,,,,,,,,,,,,,,,,,,,,,,,,
192,other,What is the woman doing?,cutting tie,http://images.cocodataset.org/train2014/COCO_train2014_000000000165.jpg,0,109,0.4350380206795908,-0.3359375,cutting,0,,,,,,,,,,,,,,,,,,,,,,,,,,,
193,other,What room is this?,living room,http://images.cocodataset.org/train2014/COCO_train2014_000000415089.jpg,0,52,0.3471620204908116,-1.5234375,living,0,,,,,,,,,,,,,,,,,,,,,,,,,,,
194,other,What is the boy doing?,herding,http://images.cocodataset.org/train2014/COCO_train2014_000000131245.jpg,0,102,0.3637357922300628,-1.6484375,her,0,,,,,,,,,,,,,,,,,,,,,,,,,,,
195,other,What animal is on the walls?,fish,http://images.cocodataset.org/train2014/COCO_train2014_000000393394.jpg,1,114,0.3160640784452889,-1.25,none,1,16.0,0.16063506150216783,0.7743974703476992,,,,,,,,,,,,,,,,,,,,,,,,
196,other,Sunny or overcast?,overcast,http://images.cocodataset.org/train2014/COCO_train2014_000000393396.jpg,3,86,0.4585837956583307,-0.0986328125,over,3,16.0,0.08136623380656388,0.886859507142915,18.0,0.07262140403513581,4.0,4.958386418713188e-05,,,0.9057125980138372,1.0,,,,,,,,,,,,,,,,
197,other,What is the color of the roof shingles?,gray,http://images.cocodataset.org/train2014/COCO_train2014_000000393396.jpg,0,76,0.41584695383724013,-0.7890625,brown,0,,,,,,,,,,,,,,,,,,,,,,,,,,,
198,other,What symbol sits atop the tower?,cross,http://images.cocodataset.org/train2014/COCO_train2014_000000393396.jpg,0,90,0.376172355191238,-0.2275390625,cross,0,,,,,,,,,,,,,,,,,,,,,,,,,,,
199,other,What is the grate for?,toaster oven,http://images.cocodataset.org/train2014/COCO_train2014_000000524471.jpg,0,76,0.9897400177774947,-1.8515625,cooking,0,,,,,,,,,,,,,,,,,,,,,,,,,,,
200,other,What time is it?,11:55,http://images.cocodataset.org/train2014/COCO_train2014_000000262329.jpg,0,51,0.1250049690181351,-0.92578125,1,0,,,,,,,,,,,,,,,,,,,,,,,,,,,
201,other,What is the brown object with a clock on it?,birdhouse,http://images.cocodataset.org/train2014/COCO_train2014_000000262329.jpg,0,116,0.4295837416197289,-1.3515625,house,0,,,,,,,,,,,,,,,,,,,,,,,,,,,
202,other,What number bus is this?,892,http://images.cocodataset.org/train2014/COCO_train2014_000000393403.jpg,2,70,0.9841823192390493,-0.1025390625,8,2,17.0,0.01580706803307355,0.9774178175281716,15.0,0.014928897586791692,,,,,0.9182958340544896,,,,,,,,,,,,,,,,,
203,other,What is the woman holding?,hair dryer,http://images.cocodataset.org/train2014/COCO_train2014_000000524476.jpg,0,47,0.36002760912260107,-1.0859375,hair,0,,,,,,,,,,,,,,,,,,,,,,,,,,,
204,other,What shape is at the bottom of the pole?,rectangle,http://images.cocodataset.org/train2014/COCO_train2014_000000257513.jpg,1,44,0.39586174657459455,-0.828125,round,1,15.0,0.1677529105644649,0.7835807040488099,,,,,,,,,,,,,,,,,,,,,,,,
205,other,What type of bed is in the picture?,bunk bed,http://images.cocodataset.org/train2014/COCO_train2014_000000257513.jpg,0,125,0.4128674672613658,-0.11572265625,b,0,,,,,,,,,,,,,,,,,,,,,,,,,,,
206,other,What is he cooking?,hot dogs,http://images.cocodataset.org/train2014/COCO_train2014_000000524486.jpg,0,49,0.3539331392685782,-0.1650390625,hot,0,,,,,,,,,,,,,,,,,,,,,,,,,,,
207,other,Is this a new or ancient clock?,ancient,http://images.cocodataset.org/train2014/COCO_train2014_000000458785.jpg,2,161,0.7546688395467535,-0.283203125,ancient,2,16.0,0.026174043415882666,0.9056390622295665,20.0,0.03051114313826671,,,,,0.8173454221465103,,,,,,,,,,,,,,,,,
208,other,What time does the clock read?,12:55,http://images.cocodataset.org/train2014/COCO_train2014_000000458785.jpg,0,109,0.12501549631587,-1.2890625,3,0,,,,,,,,,,,,,,,,,,,,,,,,,,,
209,other,What mountain was this taken at?,lookout,http://images.cocodataset.org/train2014/COCO_train2014_000000000201.jpg,0,123,0.45045845692719194,-2.140625,as,0,,,,,,,,,,,,,,,,,,,,,,,,,,,
210,other,What is the black thing he is wearing?,apron,http://images.cocodataset.org/train2014/COCO_train2014_000000393418.jpg,0,138,0.5264179067274566,-0.18359375,ap,0,,,,,,,,,,,,,,,,,,,,,,,,,,,
211,other,What is the man doing in the picture?,cooking,http://images.cocodataset.org/train2014/COCO_train2014_000000393418.jpg,0,120,0.43170810329839937,-0.38671875,cooking,0,,,,,,,,,,,,,,,,,,,,,,,,,,,
212,other,What is the cartoon man presenting to the cartoon woman?,ring,http://images.cocodataset.org/train2014/COCO_train2014_000000393419.jpg,0,80,0.44477047421094906,-0.421875,ring,0,,,,,,,,,,,,,,,,,,,,,,,,,,,
213,other,What does the sign with the white arrow say?,one way,http://images.cocodataset.org/train2014/COCO_train2014_000000393419.jpg,0,41,0.9791090824417545,-0.1025390625,one,0,,,,,,,,,,,,,,,,,,,,,,,,,,,
214,other,"What is above the ""No Left Turn"" sign?",one way,http://images.cocodataset.org/train2014/COCO_train2014_000000393419.jpg,0,46,0.26835684940208454,-1.2265625,one,0,,,,,,,,,,,,,,,,,,,,,,,,,,,
215,other,What is the sign says?,stop,http://images.cocodataset.org/train2014/COCO_train2014_000000393422.jpg,0,76,0.39705142358389356,-0.111328125,stop,0,,,,,,,,,,,,,,,,,,,,,,,,,,,
216,other,What gender are both of the children likely to be?,female,http://images.cocodataset.org/train2014/COCO_train2014_000000131279.jpg,0,135,0.555959548889654,-1.1171875,female,0,,,,,,,,,,,,,,,,,,,,,,,,,,,
217,other,What is the one girl doing to the other girl's hair?,brushing,http://images.cocodataset.org/train2014/COCO_train2014_000000131279.jpg,0,130,0.9069122674863985,-0.54296875,br,0,,,,,,,,,,,,,,,,,,,,,,,,,,,
218,other,Something new to wear with a men's shirt?,tie,http://images.cocodataset.org/train2014/COCO_train2014_000000448671.jpg,0,65,0.58889958993623,-0.439453125,tie,0,,,,,,,,,,,,,,,,,,,,,,,,,,,
219,other,How much did they pay for the hot dogs?,1,http://images.cocodataset.org/train2014/COCO_train2014_000000393428.jpg,0,103,0.5050202223771962,-1.359375,2,0,,,,,,,,,,,,,,,,,,,,,,,,,,,
220,other,What is in the man's hand?,tennis racket,http://images.cocodataset.org/train2014/COCO_train2014_000000554301.jpg,0,123,0.4672808901844195,-0.890625,tennis,0,,,,,,,,,,,,,,,,,,,,,,,,,,,
221,other,What silverware is on the table?,knife and fork,http://images.cocodataset.org/train2014/COCO_train2014_000000262359.jpg,1,116,0.5225771997519689,-0.94140625,fork,1,16.0,0.10848697886788877,0.7743974703476992,,,,,,,,,,,,,,,,,,,,,,,,
222,other,What type of animal is it?,cat,http://images.cocodataset.org/train2014/COCO_train2014_000000393432.jpg,0,121,0.5171054127076989,-0.111328125,cat,0,,,,,,,,,,,,,,,,,,,,,,,,,,,
223,other,What is the man standing on?,sand,http://images.cocodataset.org/train2014/COCO_train2014_000000474858.jpg,0,57,0.3757154921729614,-0.314453125,sand,0,,,,,,,,,,,,,,,,,,,,,,,,,,,
224,other,What are these men standing in front of?,ocean,http://images.cocodataset.org/train2014/COCO_train2014_000000474858.jpg,0,128,0.3719307432697612,-0.67578125,ocean,0,,,,,,,,,,,,,,,,,,,,,,,,,,,
225,other,What is the temperature outside?,cold,http://images.cocodataset.org/train2014/COCO_train2014_000000474858.jpg,1,102,0.6688082041743015,-1.34375,cold,1,16.0,0.11961589959826996,0.7743974703476992,,,,,,,,,,,,,,,,,,,,,,,,
226,other,What is lying on the ground?,surfboard,http://images.cocodataset.org/train2014/COCO_train2014_000000474858.jpg,0,99,0.36897687594056194,-0.203125,surf,0,,,,,,,,,,,,,,,,,,,,,,,,,,,
227,other,What is flying in the air?,kites,http://images.cocodataset.org/train2014/COCO_train2014_000000474858.jpg,1,55,0.29548340395098105,-0.9921875,k,1,16.0,0.21874999494437983,0.7743974703476992,,,,,,,,,,,,,,,,,,,,,,,,
228,other,What brand of shoes is the skateboarder wearing?,none,http://images.cocodataset.org/train2014/COCO_train2014_000000474858.jpg,2,129,0.5674874139111289,-0.90234375,nike,2,20.0,0.07936003211475239,0.8427376486136672,2.0,0.00025005639209952084,,,,,0.0,,,,,,,,,,,,,,,,,
229,other,What type of clouds are visible in this photo?,cumulus,http://images.cocodataset.org/train2014/COCO_train2014_000000474858.jpg,2,105,0.3804922201359464,-0.9609375,cum,2,17.0,0.18526543390419647,0.8091970544181966,2.0,1.7886539021724158e-05,,,,,0.0,,,,,,,,,,,,,,,,,
230,other,What is the man doing?,standing,http://images.cocodataset.org/train2014/COCO_train2014_000000474858.jpg,1,119,0.42456527817253975,-0.9609375,standing,1,16.0,0.05680181513888411,0.9362025230160499,,,,,,,,,,,,,,,,,,,,,,,,
231,other,Is the person on the right male or female?,male,http://images.cocodataset.org/train2014/COCO_train2014_000000474858.jpg,2,65,0.6932784515233649,-0.1796875,male,2,18.0,0.10699321220324591,0.8288713632524445,2.0,0.0016718002854418542,,,,,0.0,,,,,,,,,,,,,,,,,
232,other,What object is painted on the surfboard?,star,http://images.cocodataset.org/train2014/COCO_train2014_000000474858.jpg,1,79,0.43678861783258693,-2.34375,sun,1,16.0,0.1251020083572601,0.954434002924965,,,,,,,,,,,,,,,,,,,,,,,,
233,other,What does the train ride along?,tracks,http://images.cocodataset.org/train2014/COCO_train2014_000000165859.jpg,0,81,0.3757809599277903,-0.890625,tracks,0,,,,,,,,,,,,,,,,,,,,,,,,,,,
234,other,What is turned on?,light,http://images.cocodataset.org/train2014/COCO_train2014_000000039288.jpg,0,124,0.39724264664057923,-0.59765625,light,0,,,,,,,,,,,,,,,,,,,,,,,,,,,
235,other,What is the name of the yellow fruit pictured?,banana,http://images.cocodataset.org/train2014/COCO_train2014_000000039288.jpg,0,92,0.438804534567519,-0.11572265625,banana,0,,,,,,,,,,,,,,,,,,,,,,,,,,,
236,other,What shape are the plates?,round,http://images.cocodataset.org/train2014/COCO_train2014_000000524518.jpg,1,117,0.7351975514253577,-0.69140625,round,1,15.0,0.03574317837056204,0.8886831177898309,,,,,,,,,,,,,,,,,,,,,,,,
237,other,What indicates that this is for a party?,many plates,http://images.cocodataset.org/train2014/COCO_train2014_000000524518.jpg,1,112,0.36793679191296386,-2.1875,beer,1,16.0,0.16541937773064117,0.7743974703476992,,,,,,,,,,,,,,,,,,,,,,,,
238,other,What two utensils are next to the plate?,fork and knife,http://images.cocodataset.org/train2014/COCO_train2014_000000524518.jpg,1,124,0.4531562162601906,-1.1015625,fork,1,15.0,0.12603645087142143,0.9967916319816366,,,,,,,,,,,,,,,,,,,,,,,,
239,other,How lucky is it that no one was walking on the sidewalk at that time?,very,http://images.cocodataset.org/train2014/COCO_train2014_000000524520.jpg,0,126,0.988662283166573,-0.41015625,very,0,,,,,,,,,,,,,,,,,,,,,,,,,,,
240,other,What traffic light is on?,red,http://images.cocodataset.org/train2014/COCO_train2014_000000524520.jpg,0,90,0.4767684285736357,-0.427734375,red,0,,,,,,,,,,,,,,,,,,,,,,,,,,,
241,other,What number does the battery have on his shirt?,11,http://images.cocodataset.org/train2014/COCO_train2014_000000524522.jpg,0,32,0.9571613057134097,-0.12890625,1,0,,,,,,,,,,,,,,,,,,,,,,,,,,,
242,other,What team is the batter from?,yankees,http://images.cocodataset.org/train2014/COCO_train2014_000000524522.jpg,0,73,0.6202124082823594,-0.92578125,oak,0,,,,,,,,,,,,,,,,,,,,,,,,,,,
243,other,What objects are directly above the TV set?,pictures,http://images.cocodataset.org/train2014/COCO_train2014_000000131312.jpg,1,119,0.9452298559754598,-0.53515625,pictures,1,17.0,0.013267420557703897,0.9519839065438831,,,,,,,,,,,,,,,,,,,,,,,,
244,other,What print is this woman's dress?,dots,http://images.cocodataset.org/train2014/COCO_train2014_000000131315.jpg,0,149,0.5296776201284202,-1.8046875,check,0,,,,,,,,,,,,,,,,,,,,,,,,,,,
245,other,What is on the handlebars?,bird,http://images.cocodataset.org/train2014/COCO_train2014_000000262389.jpg,0,140,0.4979407748311722,-0.68359375,bird,0,,,,,,,,,,,,,,,,,,,,,,,,,,,
246,other,What bird is on the man's bike?,parrot,http://images.cocodataset.org/train2014/COCO_train2014_000000262389.jpg,3,184,0.9947666678943348,-0.2216796875,parrot,3,19.0,0.006290252289748002,0.8899149938380799,16.0,0.007297001221673328,23.0,0.006158787597040302,,,0.954434002924965,0.9863237070924825,,,,,,,,,,,,,,,,
247,other,What is the fence made of?,metal,http://images.cocodataset.org/train2014/COCO_train2014_000000262393.jpg,0,121,0.3188977432539446,-0.69140625,metal,0,,,,,,,,,,,,,,,,,,,,,,,,,,,
248,other,What is the name of the street that starts with a color?,greenwich,http://images.cocodataset.org/train2014/COCO_train2014_000000000250.jpg,0,129,0.6245283582969454,-0.08984375,green,0,,,,,,,,,,,,,,,,,,,,,,,,,,,
249,other,How can you tell the giraffe is in captivity?,fence,http://images.cocodataset.org/train2014/COCO_train2014_000000131323.jpg,0,133,0.4123722163390558,-0.2216796875,fence,0,,,,,,,,,,,,,,,,,,,,,,,,,,,
250,other,What is the name of the store behind the lady?,pike place fish,http://images.cocodataset.org/train2014/COCO_train2014_000000262399.jpg,0,44,0.3373126693695073,-0.2080078125,pike,0,,,,,,,,,,,,,,,,,,,,,,,,,,,
251,other,What does the lady have in her mouth?,fish,http://images.cocodataset.org/train2014/COCO_train2014_000000262399.jpg,0,126,0.98616675202377,-0.427734375,donut,0,,,,,,,,,,,,,,,,,,,,,,,,,,,
252,other,What are the popsicle sticks used for?,labels,http://images.cocodataset.org/train2014/COCO_train2014_000000131330.jpg,1,102,0.3469839918807109,-1.5859375,plant,1,16.0,0.24317626609847678,0.7743974703476992,,,,,,,,,,,,,,,,,,,,,,,,
253,other,What is the structure in the background?,teepee,http://images.cocodataset.org/train2014/COCO_train2014_000000524547.jpg,0,145,0.42389165677432916,-1.28125,tent,0,,,,,,,,,,,,,,,,,,,,,,,,,,,
254,other,What are these people doing?,snowboarding,http://images.cocodataset.org/train2014/COCO_train2014_000000524551.jpg,0,76,0.3821067888499018,-0.462890625,snow,0,,,,,,,,,,,,,,,,,,,,,,,,,,,
255,other,What is the white structure behind the ramp?,teepee,http://images.cocodataset.org/train2014/COCO_train2014_000000524551.jpg,0,108,0.3639622846939188,-1.0078125,tee,0,,,,,,,,,,,,,,,,,,,,,,,,,,,
256,other,What is on the ground?,snow,http://images.cocodataset.org/train2014/COCO_train2014_000000393480.jpg,0,129,0.3769714802393372,-0.0986328125,snow,0,,,,,,,,,,,,,,,,,,,,,,,,,,,
257,other,What is the man wearing?,shorts,http://images.cocodataset.org/train2014/COCO_train2014_000000131339.jpg,2,109,0.5264083934668821,-0.2080078125,shorts,2,20.0,0.0807297138455688,0.9835386311891134,20.0,0.07608315177468136,,,,,0.8804820237218406,,,,,,,,,,,,,,,,,
258,other,What sport are they playing?,soccer,http://images.cocodataset.org/train2014/COCO_train2014_000000524557.jpg,0,92,0.4873570634850017,-0.1650390625,soccer,0,,,,,,,,,,,,,,,,,,,,,,,,,,,
259,other,Color is the goaltenders shirt?,white,http://images.cocodataset.org/train2014/COCO_train2014_000000524557.jpg,0,84,0.4835836056427966,-0.1513671875,white,0,,,,,,,,,,,,,,,,,,,,,,,,,,,
260,other,Are they coworkers or best friends?,best friends,http://images.cocodataset.org/train2014/COCO_train2014_000000131342.jpg,3,139,0.6289859383663566,-0.78125,co,3,17.0,0.03221534187044904,0.9967828263127351,22.0,0.03030646263931581,27.0,0.029097531264373085,,,0.9970151057384782,0.9728424282675804,,,,,,,,,,,,,,,,
261,other,What is in the glass in the lower right?,wine,http://images.cocodataset.org/train2014/COCO_train2014_000000131342.jpg,0,84,0.9718198015667018,-0.75390625,wine,0,,,,,,,,,,,,,,,,,,,,,,,,,,,
262,other,The wall is made out of?,brick,http://images.cocodataset.org/train2014/COCO_train2014_000000131342.jpg,0,97,0.4971074536570902,-0.10693359375,brick,0,,,,,,,,,,,,,,,,,,,,,,,,,,,
263,other,What does the sign in the background say?,no parking,http://images.cocodataset.org/train2014/COCO_train2014_000000262415.jpg,0,140,0.47563540621966593,-1.140625,school,0,,,,,,,,,,,,,,,,,,,,,,,,,,,
264,other,What is behind the mirror?,bus,http://images.cocodataset.org/train2014/COCO_train2014_000000262415.jpg,0,124,0.3264591817765127,-0.68359375,bus,0,,,,,,,,,,,,,,,,,,,,,,,,,,,
265,other,How healthy does this meal look?,very,http://images.cocodataset.org/train2014/COCO_train2014_000000393488.jpg,0,137,0.4319531039276858,-0.251953125,very,0,,,,,,,,,,,,,,,,,,,,,,,,,,,
266,other,What meat is used in the main dish?,beef,http://images.cocodataset.org/train2014/COCO_train2014_000000393488.jpg,0,53,0.42437360091024223,-1.1484375,beef,0,,,,,,,,,,,,,,,,,,,,,,,,,,,
267,other,What is the man reaching for?,phone,http://images.cocodataset.org/train2014/COCO_train2014_000000393489.jpg,0,126,0.40740824360542865,-0.625,phone,0,,,,,,,,,,,,,,,,,,,,,,,,,,,
268,other,What language is the text on the sign?,english,http://images.cocodataset.org/train2014/COCO_train2014_000000393489.jpg,0,74,0.6607799639743414,-0.2216796875,english,0,,,,,,,,,,,,,,,,,,,,,,,,,,,
269,other,What is the man holding?,phone,http://images.cocodataset.org/train2014/COCO_train2014_000000393489.jpg,1,116,0.43526087151114207,-0.369140625,phone,1,16.0,0.1433398130364683,0.8194483718728035,,,,,,,,,,,,,,,,,,,,,,,,
270,other,What does this phone case look like?,silver,http://images.cocodataset.org/train2014/COCO_train2014_000000393489.jpg,0,127,0.45822947191906427,-1.625,clear,0,,,,,,,,,,,,,,,,,,,,,,,,,,,
271,other,What is the brand of the phone?,pharos,http://images.cocodataset.org/train2014/COCO_train2014_000000393489.jpg,1,132,0.4404856359455292,-0.1513671875,ph,1,16.0,0.08927622692178197,0.7743974703476992,,,,,,,,,,,,,,,,,,,,,,,,
272,other,What does this controller go with?,phone,http://images.cocodataset.org/train2014/COCO_train2014_000000393489.jpg,0,133,0.44008738135609765,-1.1171875,phone,0,,,,,,,,,,,,,,,,,,,,,,,,,,,
273,other,What brand is the phone?,pharos,http://images.cocodataset.org/train2014/COCO_train2014_000000393489.jpg,0,117,0.5090246341613093,-0.1337890625,ph,0,,,,,,,,,,,,,,,,,,,,,,,,,,,
274,other,What is the person holding in their hand?,cell phone,http://images.cocodataset.org/train2014/COCO_train2014_000000393489.jpg,0,111,0.40474108210966686,-0.38671875,phone,0,,,,,,,,,,,,,,,,,,,,,,,,,,,
275,other,What is the person holding?,phone,http://images.cocodataset.org/train2014/COCO_train2014_000000393489.jpg,0,129,0.4290965863971893,-0.38671875,phone,0,,,,,,,,,,,,,,,,,,,,,,,,,,,
276,other,What's on the other side of the shower curtain?,shower,http://images.cocodataset.org/train2014/COCO_train2014_000000546179.jpg,0,62,0.3781852383998399,-1.015625,bat,0,,,,,,,,,,,,,,,,,,,,,,,,,,,
277,other,What is the green stuff?,broccoli,http://images.cocodataset.org/train2014/COCO_train2014_000000000009.jpg,1,112,0.3502679446947608,-0.111328125,bro,1,16.0,0.15000322152118317,0.9463946303571862,,,,,,,,,,,,,,,,,,,,,,,,
278,other,What is the floor made of?,tile,http://images.cocodataset.org/train2014/COCO_train2014_000000131351.jpg,1,112,0.38314721770419746,-0.2080078125,tile,1,15.0,0.21852458457321794,0.9182958340544896,,,,,,,,,,,,,,,,,,,,,,,,
279,other,What is the ratio of white tiles to blue?,many more white,http://images.cocodataset.org/train2014/COCO_train2014_000000131351.jpg,0,52,0.2660106711779494,-0.765625,1,0,,,,,,,,,,,,,,,,,,,,,,,,,,,
280,other,What power tool is present?,drill,http://images.cocodataset.org/train2014/COCO_train2014_000000131351.jpg,0,134,0.46873637197012447,-0.54296875,drill,0,,,,,,,,,,,,,,,,,,,,,,,,,,,
281,other,What fruit is present?,watermelon,http://images.cocodataset.org/train2014/COCO_train2014_000000131352.jpg,0,78,0.5739923023446462,-0.65625,water,0,,,,,,,,,,,,,,,,,,,,,,,,,,,
282,other,What do you think the cat is looking at?,bird,http://images.cocodataset.org/train2014/COCO_train2014_000000524572.jpg,0,49,0.40923191648390156,-2.140625,bird,0,,,,,,,,,,,,,,,,,,,,,,,,,,,
283,other,What utensil is sitting next to the food?,fork,http://images.cocodataset.org/train2014/COCO_train2014_000000112497.jpg,0,59,0.3676832854630073,-0.1796875,fork,0,,,,,,,,,,,,,,,,,,,,,,,,,,,
284,other,What is in the jug?,beer,http://images.cocodataset.org/train2014/COCO_train2014_000000112497.jpg,0,108,0.5220278127354823,-0.3203125,beer,0,,,,,,,,,,,,,,,,,,,,,,,,,,,
285,other,What is the name of this crusted food?,pizza,http://images.cocodataset.org/train2014/COCO_train2014_000000112497.jpg,1,87,0.4863648976289036,-0.15625,pizza,1,15.0,0.06670029084431031,0.9161314485121342,,,,,,,,,,,,,,,,,,,,,,,,
286,other,What animal is on the flatbed?,cow,http://images.cocodataset.org/train2014/COCO_train2014_000000393503.jpg,0,133,0.3828313502698691,-0.12890625,cow,0,,,,,,,,,,,,,,,,,,,,,,,,,,,
287,other,What room of the house is this?,kitchen,http://images.cocodataset.org/train2014/COCO_train2014_000000393508.jpg,0,93,0.47407832943816164,-0.0986328125,kitchen,0,,,,,,,,,,,,,,,,,,,,,,,,,,,
288,other,What is the floor made out of?,wood,http://images.cocodataset.org/train2014/COCO_train2014_000000393508.jpg,0,62,0.9649586572506789,-0.142578125,wood,0,,,,,,,,,,,,,,,,,,,,,,,,,,,
289,other,What do you use the stove for?,cooking,http://images.cocodataset.org/train2014/COCO_train2014_000000393508.jpg,0,91,0.4327056035697215,-0.81640625,cook,0,,,,,,,,,,,,,,,,,,,,,,,,,,,
290,other,What is the batter wearing on his ankles?,guards,http://images.cocodataset.org/train2014/COCO_train2014_000000414639.jpg,1,66,0.5061337243885151,-1.3671875,socks,1,16.0,0.1036936600363243,0.8950145145731531,,,,,,,,,,,,,,,,,,,,,,,,
291,other,What is the crouching man in the mask called?,catcher,http://images.cocodataset.org/train2014/COCO_train2014_000000414639.jpg,0,62,0.9934130672844917,-0.18359375,catcher,0,,,,,,,,,,,,,,,,,,,,,,,,,,,
292,other,What are the two women carrying?,rackets,http://images.cocodataset.org/train2014/COCO_train2014_000000131366.jpg,0,107,0.27602587969613496,-0.921875,ra,0,,,,,,,,,,,,,,,,,,,,,,,,,,,
293,other,What are these people holding?,tennis rackets,http://images.cocodataset.org/train2014/COCO_train2014_000000131366.jpg,0,93,0.3293377586525888,-0.427734375,tennis,0,,,,,,,,,,,,,,,,,,,,,,,,,,,
294,other,What is the woman wearing on her neck?,collar,http://images.cocodataset.org/train2014/COCO_train2014_000000131366.jpg,0,133,0.4418464684326281,-1.1328125,collar,0,,,,,,,,,,,,,,,,,,,,,,,,,,,
295,other,What sports are they playing?,tennis,http://images.cocodataset.org/train2014/COCO_train2014_000000131366.jpg,0,85,0.43304307665929676,-0.10693359375,tennis,0,,,,,,,,,,,,,,,,,,,,,,,,,,,
296,other,What is the approximate time period of this photo?,1950s,http://images.cocodataset.org/train2014/COCO_train2014_000000131366.jpg,0,41,0.31096309685383455,-0.298828125,1,0,,,,,,,,,,,,,,,,,,,,,,,,,,,
297,other,What are the ladies doing?,playing tennis,http://images.cocodataset.org/train2014/COCO_train2014_000000131366.jpg,0,129,0.5569656157307742,-1.015625,posing,0,,,,,,,,,,,,,,,,,,,,,,,,,,,
298,other,"What three letter word, best describes the liquid container on the ground between the two people?",jug,http://images.cocodataset.org/train2014/COCO_train2014_000000131366.jpg,0,141,0.5308469566845526,-1.4921875,can,0,,,,,,,,,,,,,,,,,,,,,,,,,,,
299,other,What does the wall say on the far left?,nothing,http://images.cocodataset.org/train2014/COCO_train2014_000000131366.jpg,1,118,0.4979640894868938,-1.1796875,nothing,1,15.0,0.11121700688728561,0.8443536850036222,,,,,,,,,,,,,,,,,,,,,,,,
300,other,What is the woman wearing?,skirt,http://images.cocodataset.org/train2014/COCO_train2014_000000131366.jpg,0,119,0.9958841608266755,-1.0703125,sweater,0,,,,,,,,,,,,,,,,,,,,,,,,,,,
301,other,What type of photo is this?,black and white,http://images.cocodataset.org/train2014/COCO_train2014_000000131366.jpg,0,136,0.3913772007065301,-0.703125,black,0,,,,,,,,,,,,,,,,,,,,,,,,,,,
302,other,What sport is this?,tennis,http://images.cocodataset.org/train2014/COCO_train2014_000000131366.jpg,0,88,0.4783570704474584,-0.10693359375,tennis,0,,,,,,,,,,,,,,,,,,,,,,,,,,,
303,other,What are the people holding?,tennis rackets,http://images.cocodataset.org/train2014/COCO_train2014_000000131366.jpg,0,121,0.31823084325390194,-0.6484375,tennis,0,,,,,,,,,,,,,,,,,,,,,,,,,,,
304,other,What is the group of people holding in their hand?,tennis rackets,http://images.cocodataset.org/train2014/COCO_train2014_000000131366.jpg,0,56,0.5196131392993849,-0.427734375,tennis,0,,,,,,,,,,,,,,,,,,,,,,,,,,,
305,other,Is the game live or on television?,live,http://images.cocodataset.org/train2014/COCO_train2014_000000131366.jpg,2,159,0.6098041509142429,-1.0546875,live,2,15.0,0.031803216846633606,0.9877812438119247,15.0,0.031763100104430314,,,,,0.9877812438119247,,,,,,,,,,,,,,,,,
306,other,How would you call for more information about the bus?,877-pwp-green,http://images.cocodataset.org/train2014/COCO_train2014_000000262442.jpg,0,136,0.4952775349160348,-1.3828125,1,0,,,,,,,,,,,,,,,,,,,,,,,,,,,
307,other,What pattern does the woman have on?,polka dot,http://images.cocodataset.org/train2014/COCO_train2014_000000021895.jpg,1,132,0.5026081688821096,-1.7578125,dots,1,15.0,0.07604497481213875,0.8024677973715657,,,,,,,,,,,,,,,,,,,,,,,,
308,other,What is running across the beach?,horse,http://images.cocodataset.org/train2014/COCO_train2014_000000131373.jpg,0,106,0.4202638155796084,-0.283203125,horse,0,,,,,,,,,,,,,,,,,,,,,,,,,,,
309,other,What is causing the smoke?,grill,http://images.cocodataset.org/train2014/COCO_train2014_000000131374.jpg,0,68,0.9850204174265511,-0.3984375,grill,0,,,,,,,,,,,,,,,,,,,,,,,,,,,
310,other,What ethnicity is the man?,african american,http://images.cocodataset.org/train2014/COCO_train2014_000000109277.jpg,0,135,0.49867425013250316,-0.671875,black,0,,,,,,,,,,,,,,,,,,,,,,,,,,,
311,other,Is the man wearing shorts or pants?,shorts,http://images.cocodataset.org/train2014/COCO_train2014_000000131376.jpg,4,156,0.8081529796431478,-0.32421875,shorts,4,17.0,0.01841308948158733,0.9363348190250749,17.0,0.03696672221770022,22.0,0.023360111257458308,15.0,0.02925467507069758,0.9774178175281716,0.97283015230032,0.8443536850036224,,,,,,,,,,,,,,,
312,color recognition,What color is the players shirt?,orange,http://images.cocodataset.org/train2014/COCO_train2014_000000458752.jpg,0,98,0.45676356216925723,-0.2177734375,orange,0,,,,,,,,,,,,,,,,,,,,,,,,,,,
313,color recognition,What color is the snow?,white,http://images.cocodataset.org/train2014/COCO_train2014_000000262146.jpg,0,54,0.4406147682569565,-0.1982421875,white,0,,,,,,,,,,,,,,,,,,,,,,,,,,,
314,color recognition,What color is the persons headwear?,red,http://images.cocodataset.org/train2014/COCO_train2014_000000262146.jpg,0,66,0.3641532183411414,-0.380859375,red,0,,,,,,,,,,,,,,,,,,,,,,,,,,,
315,color recognition,What color is the toothbrush?,white and purple,http://images.cocodataset.org/train2014/COCO_train2014_000000393223.jpg,0,63,0.49356987635524757,-0.8828125,purple,0,,,,,,,,,,,,,,,,,,,,,,,,,,,
316,color recognition,What colors are shown in this picture?,black and white,http://images.cocodataset.org/train2014/COCO_train2014_000000524297.jpg,0,61,0.3687033435516925,-0.212890625,black,0,,,,,,,,,,,,,,,,,,,,,,,,,,,
317,color recognition,What color is his hat?,blue,http://images.cocodataset.org/train2014/COCO_train2014_000000393227.jpg,0,72,0.45384753493257995,-0.10693359375,blue,0,,,,,,,,,,,,,,,,,,,,,,,,,,,
318,color recognition,What color is the jacket?,green,http://images.cocodataset.org/train2014/COCO_train2014_000000131084.jpg,0,65,0.9740943444547601,-0.375,green,0,,,,,,,,,,,,,,,,,,,,,,,,,,,
319,color recognition,What color is the sky?,gray,http://images.cocodataset.org/train2014/COCO_train2014_000000393230.jpg,0,115,0.5348818569019917,-0.2080078125,gray,0,,,,,,,,,,,,,,,,,,,,,,,,,,,
320,color recognition,What color is his coat?,blue,http://images.cocodataset.org/train2014/COCO_train2014_000000393230.jpg,0,49,0.9884147578070255,-0.10693359375,blue,0,,,,,,,,,,,,,,,,,,,,,,,,,,,
321,color recognition,What color is the bear?,black,http://images.cocodataset.org/train2014/COCO_train2014_000000137045.jpg,0,78,0.34143728346771235,-0.12451171875,black,0,,,,,,,,,,,,,,,,,,,,,,,,,,,
322,color recognition,What color are the leaves?,green,http://images.cocodataset.org/train2014/COCO_train2014_000000262171.jpg,0,108,0.2970139499216161,-0.15625,green,0,,,,,,,,,,,,,,,,,,,,,,,,,,,
323,color recognition,What color is the umbrella?,pink,http://images.cocodataset.org/train2014/COCO_train2014_000000131101.jpg,1,108,0.5063262170236011,-0.1337890625,pink,1,16.0,0.04233442109235918,0.9415787376332126,,,,,,,,,,,,,,,,,,,,,,,,
324,color recognition,What color is the vase?,white,http://images.cocodataset.org/train2014/COCO_train2014_000000000030.jpg,0,90,0.43990554610715243,-0.12451171875,white,0,,,,,,,,,,,,,,,,,,,,,,,,,,,
325,color recognition,What color is the napkin?,white,http://images.cocodataset.org/train2014/COCO_train2014_000000043697.jpg,1,42,0.3886343912046219,-0.111328125,white,1,16.0,0.13035197216282995,0.8980898459737487,,,,,,,,,,,,,,,,,,,,,,,,
326,color recognition,What color is the refrigerator?,silver,http://images.cocodataset.org/train2014/COCO_train2014_000000131113.jpg,0,79,0.4634970848539768,-0.302734375,silver,0,,,,,,,,,,,,,,,,,,,,,,,,,,,
327,color recognition,What color is the plane?,red,http://images.cocodataset.org/train2014/COCO_train2014_000000262187.jpg,0,49,0.3017994347218584,-0.796875,red,0,,,,,,,,,,,,,,,,,,,,,,,,,,,
328,color recognition,What color horse is closer to the camera?,black,http://images.cocodataset.org/train2014/COCO_train2014_000000000049.jpg,0,128,0.4408589964673737,-0.232421875,black,0,,,,,,,,,,,,,,,,,,,,,,,,,,,
329,color recognition,What color is the girl's shirt?,blue,http://images.cocodataset.org/train2014/COCO_train2014_000000393268.jpg,0,112,0.8060377686431441,-0.287109375,blue,0,,,,,,,,,,,,,,,,,,,,,,,,,,,
330,color recognition,What color are the flowers?,yellow and white,http://images.cocodataset.org/train2014/COCO_train2014_000000131128.jpg,0,97,0.2899695454935665,-0.83984375,white,0,,,,,,,,,,,,,,,,,,,,,,,,,,,
331,color recognition,What colors are the flowers?,yellow and white,http://images.cocodataset.org/train2014/COCO_train2014_000000131128.jpg,0,109,0.3062322216347354,-0.828125,yellow,0,,,,,,,,,,,,,,,,,,,,,,,,,,,
332,color recognition,What color is the animal?,gray,http://images.cocodataset.org/train2014/COCO_train2014_000000262204.jpg,0,62,0.42310789041266816,-0.12890625,gray,0,,,,,,,,,,,,,,,,,,,,,,,,,,,
333,color recognition,What color is the plane?,red and white,http://images.cocodataset.org/train2014/COCO_train2014_000000131133.jpg,0,121,0.315961484797945,-0.3359375,red,0,,,,,,,,,,,,,,,,,,,,,,,,,,,
334,color recognition,What color are the seats?,tan,http://images.cocodataset.org/train2014/COCO_train2014_000000262207.jpg,0,131,0.4500738812635352,-1.1875,tan,0,,,,,,,,,,,,,,,,,,,,,,,,,,,
335,color recognition,What color is the middle vase?,blue,http://images.cocodataset.org/train2014/COCO_train2014_000000458763.jpg,0,81,0.4104667386419701,-0.1611328125,blue,0,,,,,,,,,,,,,,,,,,,,,,,,,,,
336,color recognition,What color is the window frame?,white,http://images.cocodataset.org/train2014/COCO_train2014_000000393291.jpg,0,119,0.33779632252265857,-0.85546875,white,0,,,,,,,,,,,,,,,,,,,,,,,,,,,
337,color recognition,What color is the sign?,white,http://images.cocodataset.org/train2014/COCO_train2014_000000131160.jpg,0,89,0.4058693082476357,-0.26171875,white,0,,,,,,,,,,,,,,,,,,,,,,,,,,,
338,color recognition,What color is the tray?,white,http://images.cocodataset.org/train2014/COCO_train2014_000000524377.jpg,0,93,0.408738679386568,-0.1650390625,white,0,,,,,,,,,,,,,,,,,,,,,,,,,,,
339,color recognition,What color is the bathroom?,yellow,http://images.cocodataset.org/train2014/COCO_train2014_000000262159.jpg,0,108,0.36389780620373924,-0.546875,yellow,0,,,,,,,,,,,,,,,,,,,,,,,,,,,
340,color recognition,What color is the wall?,yellow,http://images.cocodataset.org/train2014/COCO_train2014_000000262159.jpg,0,70,0.40628966549637274,-0.58203125,yellow,0,,,,,,,,,,,,,,,,,,,,,,,,,,,
341,color recognition,What color are the bathroom walls?,yellow,http://images.cocodataset.org/train2014/COCO_train2014_000000262159.jpg,0,119,0.40944759060155045,-0.54296875,yellow,0,,,,,,,,,,,,,,,,,,,,,,,,,,,
342,color recognition,What color is the sofa?,gray,http://images.cocodataset.org/train2014/COCO_train2014_000000524386.jpg,1,106,0.4636027387024788,-1.2109375,tan,1,16.0,0.14753238122969903,0.7743974703476992,,,,,,,,,,,,,,,,,,,,,,,,
343,color recognition,What color is the man's shirt in the front of the photo?,black,http://images.cocodataset.org/train2014/COCO_train2014_000000131172.jpg,0,107,0.5269599886991214,-0.6328125,black,0,,,,,,,,,,,,,,,,,,,,,,,,,,,
344,color recognition,What color is the traffic signal?,green,http://images.cocodataset.org/train2014/COCO_train2014_000000393317.jpg,0,73,0.9454756898768985,-0.81640625,yellow,0,,,,,,,,,,,,,,,,,,,,,,,,,,,
345,color recognition,What color is the woman's sweater?,gray,http://images.cocodataset.org/train2014/COCO_train2014_000000000110.jpg,0,122,0.8893400343468365,-1.1640625,gray,0,,,,,,,,,,,,,,,,,,,,,,,,,,,
346,color recognition,What color are the chairs?,blue,http://images.cocodataset.org/train2014/COCO_train2014_000000000113.jpg,0,52,0.31776673037195696,-0.11572265625,blue,0,,,,,,,,,,,,,,,,,,,,,,,,,,,
347,color recognition,What color is the building?,red,http://images.cocodataset.org/train2014/COCO_train2014_000000131190.jpg,0,56,0.35348108475269635,-0.1748046875,red,0,,,,,,,,,,,,,,,,,,,,,,,,,,,
348,color recognition,What color are the flowers?,red,http://images.cocodataset.org/train2014/COCO_train2014_000000131190.jpg,1,102,0.33095247810721173,-1.015625,red,1,22.0,0.13834207291041425,0.8596610491977074,,,,,,,,,,,,,,,,,,,,,,,,
349,color recognition,What color is the clock tower in this photo?,white,http://images.cocodataset.org/train2014/COCO_train2014_000000131190.jpg,0,59,0.3708418715238728,-0.34765625,white,0,,,,,,,,,,,,,,,,,,,,,,,,,,,
350,color recognition,What color plate is this?,white,http://images.cocodataset.org/train2014/COCO_train2014_000000000127.jpg,0,63,0.39936477144385957,-0.142578125,white,0,,,,,,,,,,,,,,,,,,,,,,,,,,,
351,color recognition,What color are the skis?,yellow,http://images.cocodataset.org/train2014/COCO_train2014_000000262273.jpg,1,118,0.535419324075138,-0.1376953125,yellow,1,16.0,0.0759017267028671,0.949701216438411,,,,,,,,,,,,,,,,,,,,,,,,
352,color recognition,What color is the man's hat?,black,http://images.cocodataset.org/train2014/COCO_train2014_000000262273.jpg,1,88,0.48282740378310707,-0.2216796875,black,1,15.0,0.062123389766799125,0.9877812438119247,,,,,,,,,,,,,,,,,,,,,,,,
353,color recognition,What color is the woman's shorts?,black,http://images.cocodataset.org/train2014/COCO_train2014_000000524420.jpg,0,46,0.39115537183343474,-0.1474609375,black,0,,,,,,,,,,,,,,,,,,,,,,,,,,,
354,color recognition,What color is the girl's hair?,red,http://images.cocodataset.org/train2014/COCO_train2014_000000131208.jpg,1,87,0.4927929630285867,-0.76953125,orange,1,16.0,0.14612327619727153,0.8194483718728035,,,,,,,,,,,,,,,,,,,,,,,,
355,color recognition,What color is the catcher's pants?,gray,http://images.cocodataset.org/train2014/COCO_train2014_000000284012.jpg,0,82,0.5003437469083858,-0.369140625,gray,0,,,,,,,,,,,,,,,,,,,,,,,,,,,
356,color recognition,What color flowers are on the top right?,purple,http://images.cocodataset.org/train2014/COCO_train2014_000000262283.jpg,0,80,0.965287259367084,-0.29296875,pink,0,,,,,,,,,,,,,,,,,,,,,,,,,,,
357,color recognition,What color is the cloth?,gray,http://images.cocodataset.org/train2014/COCO_train2014_000000524428.jpg,1,48,0.9427988282817287,-0.392578125,gray,1,15.0,0.04179182525722046,0.7835807040488099,,,,,,,,,,,,,,,,,,,,,,,,
358,color recognition,What color is the milk carton?,blue,http://images.cocodataset.org/train2014/COCO_train2014_000000000142.jpg,0,48,0.3389881570309903,-0.38671875,blue,0,,,,,,,,,,,,,,,,,,,,,,,,,,,
359,color recognition,What color is the building?,red,http://images.cocodataset.org/train2014/COCO_train2014_000000000149.jpg,0,43,0.2830043379477188,-0.671875,red,0,,,,,,,,,,,,,,,,,,,,,,,,,,,
360,color recognition,What color is this girl's shirt?,red,http://images.cocodataset.org/train2014/COCO_train2014_000000109986.jpg,0,44,0.29499396279348056,-0.1376953125,red,0,,,,,,,,,,,,,,,,,,,,,,,,,,,
361,color recognition,What color is the girls hot dog?,red,http://images.cocodataset.org/train2014/COCO_train2014_000000109986.jpg,0,55,0.399102000711968,-0.2275390625,red,0,,,,,,,,,,,,,,,,,,,,,,,,,,,
362,color recognition,What color are the girl's lips?,red,http://images.cocodataset.org/train2014/COCO_train2014_000000109986.jpg,0,76,0.4382756552527712,-0.2470703125,red,0,,,,,,,,,,,,,,,,,,,,,,,,,,,
363,color recognition,What color is the school bus?,blue yellow,http://images.cocodataset.org/train2014/COCO_train2014_000000131225.jpg,0,52,0.5060040245046318,-0.451171875,blue,0,,,,,,,,,,,,,,,,,,,,,,,,,,,
364,color recognition,What color is the bus?,blue and yellow,http://images.cocodataset.org/train2014/COCO_train2014_000000131225.jpg,0,114,0.35283586982612286,-0.3359375,blue,0,,,,,,,,,,,,,,,,,,,,,,,,,,,
365,color recognition,What color are the stakes in the dirt?,yellow,http://images.cocodataset.org/train2014/COCO_train2014_000000262299.jpg,0,122,0.45107037311433273,-0.142578125,yellow,0,,,,,,,,,,,,,,,,,,,,,,,,,,,
366,color recognition,What color shirt is the man standing in the background wearing?,yellow,http://images.cocodataset.org/train2014/COCO_train2014_000000262299.jpg,0,93,0.4958803284335293,-0.1748046875,yellow,0,,,,,,,,,,,,,,,,,,,,,,,,,,,
367,color recognition,What color are the majority of sheep?,black,http://images.cocodataset.org/train2014/COCO_train2014_000000393386.jpg,0,57,0.3405187187765343,-0.1884765625,black,0,,,,,,,,,,,,,,,,,,,,,,,,,,,
368,color recognition,What color are the flowers?,pink,http://images.cocodataset.org/train2014/COCO_train2014_000000262329.jpg,1,102,0.4383443183045051,-0.18359375,pink,1,18.0,0.10556032845146524,0.8424887242433627,,,,,,,,,,,,,,,,,,,,,,,,
369,color recognition,What color is the bus?,red and yellow,http://images.cocodataset.org/train2014/COCO_train2014_000000393403.jpg,1,71,0.4250204243904149,-0.75390625,red,1,21.0,0.15800782442334935,0.9141008920185653,,,,,,,,,,,,,,,,,,,,,,,,
370,color recognition,What color are the girls earrings?,silver,http://images.cocodataset.org/train2014/COCO_train2014_000000524476.jpg,0,53,0.9736916446611968,-0.2216796875,silver,0,,,,,,,,,,,,,,,,,,,,,,,,,,,
371,color recognition,What color is the plate?,white,http://images.cocodataset.org/train2014/COCO_train2014_000000000194.jpg,0,50,0.3566586686175905,-0.169921875,white,0,,,,,,,,,,,,,,,,,,,,,,,,,,,
372,color recognition,What color is the car?,orange,http://images.cocodataset.org/train2014/COCO_train2014_000000393412.jpg,0,108,0.47430116571936615,-0.58203125,orange,0,,,,,,,,,,,,,,,,,,,,,,,,,,,
373,color recognition,What color is the sign?,black and white,http://images.cocodataset.org/train2014/COCO_train2014_000000393419.jpg,0,89,0.3639945874906644,-0.287109375,black,0,,,,,,,,,,,,,,,,,,,,,,,,,,,
374,color recognition,What color is the girl's brush?,blue,http://images.cocodataset.org/train2014/COCO_train2014_000000131279.jpg,0,51,0.44275536411705324,-0.298828125,blue,0,,,,,,,,,,,,,,,,,,,,,,,,,,,
375,color recognition,What color is the comb?,blue,http://images.cocodataset.org/train2014/COCO_train2014_000000131279.jpg,1,110,0.5187152026033705,-0.3203125,blue,1,15.0,0.13274478643894277,0.7835807040488099,,,,,,,,,,,,,,,,,,,,,,,,
376,color recognition,What color is the table?,brown,http://images.cocodataset.org/train2014/COCO_train2014_000000393428.jpg,0,135,0.5036229027014419,-0.984375,brown,0,,,,,,,,,,,,,,,,,,,,,,,,,,,
377,color recognition,What color is the knife handle?,silver,http://images.cocodataset.org/train2014/COCO_train2014_000000262359.jpg,1,92,0.43751986576699026,-0.1796875,silver,1,16.0,0.16976929884740208,0.7743974703476992,,,,,,,,,,,,,,,,,,,,,,,,
378,color recognition,What color eyes does the cat have?,blue,http://images.cocodataset.org/train2014/COCO_train2014_000000393432.jpg,0,118,0.4697812614571967,-0.6953125,blue,0,,,,,,,,,,,,,,,,,,,,,,,,,,,
379,color recognition,What color is the umbrella?,pink,http://images.cocodataset.org/train2014/COCO_train2014_000000000036.jpg,0,112,0.4912488198983475,-0.203125,pink,0,,,,,,,,,,,,,,,,,,,,,,,,,,,
380,color recognition,What color is the man's skin?,white,http://images.cocodataset.org/train2014/COCO_train2014_000000474858.jpg,0,88,0.4623057793849424,-0.828125,white,0,,,,,,,,,,,,,,,,,,,,,,,,,,,
381,color recognition,What color is the shirt of the man standing?,black,http://images.cocodataset.org/train2014/COCO_train2014_000000474858.jpg,0,120,0.5267651096443714,-0.1748046875,black,0,,,,,,,,,,,,,,,,,,,,,,,,,,,
382,color recognition,What color is the board?,white,http://images.cocodataset.org/train2014/COCO_train2014_000000474858.jpg,0,160,0.5615440916704941,-0.392578125,white,0,,,,,,,,,,,,,,,,,,,,,,,,,,,
383,color recognition,What colors are in the kite?,"black, blue, red, orange, yellow",http://images.cocodataset.org/train2014/COCO_train2014_000000393438.jpg,0,89,0.43136707744038183,-0.85546875,red,0,,,,,,,,,,,,,,,,,,,,,,,,,,,
384,color recognition,What color is the train's bumper?,red,http://images.cocodataset.org/train2014/COCO_train2014_000000165859.jpg,0,55,0.4116946241422323,-0.416015625,red,0,,,,,,,,,,,,,,,,,,,,,,,,,,,
385,color recognition,What color dresses are the women wearing?,orange,http://images.cocodataset.org/train2014/COCO_train2014_000000393442.jpg,0,124,0.4698635934806185,-0.546875,orange,0,,,,,,,,,,,,,,,,,,,,,,,,,,,
386,color recognition,What color is the plate?,white,http://images.cocodataset.org/train2014/COCO_train2014_000000393445.jpg,0,77,0.350550108152133,-0.12451171875,white,0,,,,,,,,,,,,,,,,,,,,,,,,,,,
387,color recognition,What color is the picket fence?,white,http://images.cocodataset.org/train2014/COCO_train2014_000000524525.jpg,0,62,0.41191063023189445,-0.1513671875,white,0,,,,,,,,,,,,,,,,,,,,,,,,,,,
388,color recognition,What color is this airplane?,"red, white, and blue",http://images.cocodataset.org/train2014/COCO_train2014_000000000247.jpg,0,72,0.40841258645901235,-0.30859375,blue,0,,,,,,,,,,,,,,,,,,,,,,,,,,,
389,color recognition,What color is the woman's shirt?,red,http://images.cocodataset.org/train2014/COCO_train2014_000000262399.jpg,0,65,0.5211884303315905,-0.2470703125,red,0,,,,,,,,,,,,,,,,,,,,,,,,,,,
390,color recognition,What color is the lighted sign?,blue,http://images.cocodataset.org/train2014/COCO_train2014_000000000260.jpg,0,139,0.4487280464319058,-0.1474609375,blue,0,,,,,,,,,,,,,,,,,,,,,,,,,,,
391,color recognition,What color is the surfboard?,red,http://images.cocodataset.org/train2014/COCO_train2014_000000131339.jpg,0,95,0.5005960714269031,-0.287109375,red,0,,,,,,,,,,,,,,,,,,,,,,,,,,,
392,color recognition,What color is the bus in the mirror?,yellow,http://images.cocodataset.org/train2014/COCO_train2014_000000262415.jpg,0,129,0.4668142146899389,-0.12890625,yellow,0,,,,,,,,,,,,,,,,,,,,,,,,,,,
393,color recognition,What color is the phone?,gray,http://images.cocodataset.org/train2014/COCO_train2014_000000393489.jpg,0,98,0.43716437890783055,-0.52734375,silver,0,,,,,,,,,,,,,,,,,,,,,,,,,,,
394,color recognition,What color is the shower curtain?,white,http://images.cocodataset.org/train2014/COCO_train2014_000000546179.jpg,0,75,0.43433146807492257,-0.11572265625,white,0,,,,,,,,,,,,,,,,,,,,,,,,,,,
395,color recognition,What color are the dishes?,pink and yellow,http://images.cocodataset.org/train2014/COCO_train2014_000000000009.jpg,1,117,0.3770014930750935,-0.77734375,yellow,1,18.0,0.151449974332948,0.9206198357143051,,,,,,,,,,,,,,,,,,,,,,,,
396,color recognition,What color is the water in the bathtub?,clear,http://images.cocodataset.org/train2014/COCO_train2014_000000131351.jpg,1,45,0.4898356241027769,-0.98046875,white,1,19.0,0.2100188031456625,0.8580597279744429,,,,,,,,,,,,,,,,,,,,,,,,
397,color recognition,What color are these mattresses?,white,http://images.cocodataset.org/train2014/COCO_train2014_000000131352.jpg,0,56,0.37871222900301776,-0.2578125,red,0,,,,,,,,,,,,,,,,,,,,,,,,,,,
398,color recognition,What color are the items on the truck?,white,http://images.cocodataset.org/train2014/COCO_train2014_000000393503.jpg,0,103,0.6397373965596448,-1.4453125,black,0,,,,,,,,,,,,,,,,,,,,,,,,,,,
399,color recognition,What color is the locomotive?,black,http://images.cocodataset.org/train2014/COCO_train2014_000000497565.jpg,0,93,0.3002056066714962,-0.1376953125,black,0,,,,,,,,,,,,,,,,,,,,,,,,,,,
400,color recognition,What color is the sky?,orange,http://images.cocodataset.org/train2014/COCO_train2014_000000101431.jpg,0,105,0.43055906458802856,-0.1337890625,orange,0,,,,,,,,,,,,,,,,,,,,,,,,,,,
401,color recognition,What color is the carpet in the middle of the floor?,blue,http://images.cocodataset.org/train2014/COCO_train2014_000000109277.jpg,0,56,0.49741741908209874,-0.330078125,blue,0,,,,,,,,,,,,,,,,,,,,,,,,,,,
402,color recognition,What color hat is this man wearing?,black,http://images.cocodataset.org/train2014/COCO_train2014_000000131376.jpg,1,127,0.54020535699295,-0.142578125,black,1,19.0,0.07710750686931249,0.8327120892439798,,,,,,,,,,,,,,,,,,,,,,,,
403,color recognition,What color are the shoelaces?,red,http://images.cocodataset.org/train2014/COCO_train2014_000000131376.jpg,0,65,0.45442890030587973,-0.81640625,black,0,,,,,,,,,,,,,,,,,,,,,,,,,,,
404,color recognition,What color is the guy's shirt?,white,http://images.cocodataset.org/train2014/COCO_train2014_000000131376.jpg,0,156,0.5722179729822414,-0.75,black,0,,,,,,,,,,,,,,,,,,,,,,,,,,,
405,yes/no,Is this man a professional baseball player?,yes,http://images.cocodataset.org/train2014/COCO_train2014_000000458752.jpg,0,41,0.4465652179590688,-0.2216796875,yes,0,,,,,,,,,,,,,,,,,,,,,,,,,,,
406,yes/no,Is the dog waiting?,yes,http://images.cocodataset.org/train2014/COCO_train2014_000000524291.jpg,0,103,0.4600342584717271,-0.3359375,yes,0,,,,,,,,,,,,,,,,,,,,,,,,,,,
407,yes/no,Is the sky blue?,yes,http://images.cocodataset.org/train2014/COCO_train2014_000000393221.jpg,0,30,0.2902410105966193,-0.1201171875,yes,0,,,,,,,,,,,,,,,,,,,,,,,,,,,
408,yes/no,Is there snow on the mountains?,yes,http://images.cocodataset.org/train2014/COCO_train2014_000000393221.jpg,0,10,0.2902410118609203,-0.1201171875,yes,0,,,,,,,,,,,,,,,,,,,,,,,,,,,
409,yes/no,Is the window open?,yes,http://images.cocodataset.org/train2014/COCO_train2014_000000393223.jpg,0,512,0.0,-0.3203125,yes,0,,,,,,,,,,,,,,,,,,,,,,,,,,,
410,yes/no,Is she brushing?,yes,http://images.cocodataset.org/train2014/COCO_train2014_000000393223.jpg,1,90,0.5350841823757277,-0.1474609375,yes,1,17.0,0.09242796065485863,0.9774178175281716,,,,,,,,,,,,,,,,,,,,,,,,
411,yes/no,Is the man smiling?,no,http://images.cocodataset.org/train2014/COCO_train2014_000000393224.jpg,0,2,-0.0,-0.1337890625,no,0,,,,,,,,,,,,,,,,,,,,,,,,,,,
412,yes/no,Does his tie pair well with his suit?,no,http://images.cocodataset.org/train2014/COCO_train2014_000000393224.jpg,0,85,0.12963183422510688,-0.5078125,yes,0,,,,,,,,,,,,,,,,,,,,,,,,,,,
413,yes/no,Does the man look happy?,no,http://images.cocodataset.org/train2014/COCO_train2014_000000393224.jpg,0,2,-0.0,-0.12451171875,no,0,,,,,,,,,,,,,,,,,,,,,,,,,,,
414,yes/no,Is this photo in color?,no,http://images.cocodataset.org/train2014/COCO_train2014_000000393224.jpg,0,18,0.22136882430683358,-0.10693359375,no,0,,,,,,,,,,,,,,,,,,,,,,,,,,,
415,yes/no,Is the man wearing a plain tie?,no,http://images.cocodataset.org/train2014/COCO_train2014_000000393224.jpg,0,512,0.0,-0.267578125,no,0,,,,,,,,,,,,,,,,,,,,,,,,,,,
416,yes/no,"Judging from the dress, was this taken in a Latin American country?",yes,http://images.cocodataset.org/train2014/COCO_train2014_000000524297.jpg,1,105,0.5253829671605795,-0.298828125,yes,1,16.0,0.05846770725382716,0.9320201587042914,,,,,,,,,,,,,,,,,,,,,,,,
417,yes/no,Are the men on the sidewalk?,no,http://images.cocodataset.org/train2014/COCO_train2014_000000524297.jpg,0,512,0.0,-0.314453125,no,0,,,,,,,,,,,,,,,,,,,,,,,,,,,
418,yes/no,Was this photo taken recently?,no,http://images.cocodataset.org/train2014/COCO_train2014_000000524297.jpg,0,36,0.33482440341306574,-0.11572265625,no,0,,,,,,,,,,,,,,,,,,,,,,,,,,,
419,yes/no,Does the guy have a tattoo?,yes,http://images.cocodataset.org/train2014/COCO_train2014_000000393227.jpg,0,34,0.39624062262914106,-0.12451171875,yes,0,,,,,,,,,,,,,,,,,,,,,,,,,,,
420,yes/no,Is the man's visor providing his face enough protection?,no,http://images.cocodataset.org/train2014/COCO_train2014_000000393227.jpg,3,125,0.5995925345935973,-0.4765625,no,3,16.0,0.042996354776958026,0.954434002924965,20.0,0.04958970730084754,29.0,0.0440862605900035,,,0.0,0.7134162587144657,,,,,,,,,,,,,,,,
421,yes/no,Is the man riding on a dirt path?,yes,http://images.cocodataset.org/train2014/COCO_train2014_000000131084.jpg,0,12,0.12499999631049952,-0.111328125,yes,0,,,,,,,,,,,,,,,,,,,,,,,,,,,
422,yes/no,Are the walls done in a summery color?,yes,http://images.cocodataset.org/train2014/COCO_train2014_000000131074.jpg,0,68,0.3601348394552871,-0.51953125,yes,0,,,,,,,,,,,,,,,,,,,,,,,,,,,
423,yes/no,Is the curtain patterned?,no,http://images.cocodataset.org/train2014/COCO_train2014_000000131074.jpg,0,38,0.41536185010034055,-0.5546875,yes,0,,,,,,,,,,,,,,,,,,,,,,,,,,,
424,yes/no,Are the windows the same size?,yes,http://images.cocodataset.org/train2014/COCO_train2014_000000131074.jpg,0,512,0.0,-0.421875,yes,0,,,,,,,,,,,,,,,,,,,,,,,,,,,
425,yes/no,Is there a shadow of a tree in the foreground?,no,http://images.cocodataset.org/train2014/COCO_train2014_000000393230.jpg,0,512,0.0,-0.5078125,no,0,,,,,,,,,,,,,,,,,,,,,,,,,,,
426,yes/no,Did someone forget his luggage in the snow?,no,http://images.cocodataset.org/train2014/COCO_train2014_000000393230.jpg,0,14,0.07873428666544925,-0.1650390625,no,0,,,,,,,,,,,,,,,,,,,,,,,,,,,
427,yes/no,Is it daytime?,yes,http://images.cocodataset.org/train2014/COCO_train2014_000000393230.jpg,0,512,0.0,-0.1201171875,yes,0,,,,,,,,,,,,,,,,,,,,,,,,,,,
428,yes/no,Is the person wearing a hat?,no,http://images.cocodataset.org/train2014/COCO_train2014_000000393230.jpg,0,512,0.0,-0.67578125,no,0,,,,,,,,,,,,,,,,,,,,,,,,,,,
429,yes/no,Is the dog wearing a collar?,yes,http://images.cocodataset.org/train2014/COCO_train2014_000000131087.jpg,0,512,0.0,-0.60546875,no,0,,,,,,,,,,,,,,,,,,,,,,,,,,,
430,yes/no,Is it a clear day?,yes,http://images.cocodataset.org/train2014/COCO_train2014_000000131087.jpg,0,12,0.12499999175334373,-0.12890625,yes,0,,,,,,,,,,,,,,,,,,,,,,,,,,,
431,yes/no,Is there a body of water here?,yes,http://images.cocodataset.org/train2014/COCO_train2014_000000131087.jpg,0,44,0.3944455400973142,-0.10693359375,yes,0,,,,,,,,,,,,,,,,,,,,,,,,,,,
432,yes/no,Is the light on?,no,http://images.cocodataset.org/train2014/COCO_train2014_000000131075.jpg,0,89,0.4091199908118041,-0.67578125,yes,0,,,,,,,,,,,,,,,,,,,,,,,,,,,
433,yes/no,Is the room messy?,no,http://images.cocodataset.org/train2014/COCO_train2014_000000131075.jpg,0,36,0.18893330048748708,-0.10693359375,no,0,,,,,,,,,,,,,,,,,,,,,,,,,,,
434,yes/no,Is this a TV screen?,yes,http://images.cocodataset.org/train2014/COCO_train2014_000000131075.jpg,0,99,0.4477053840251936,-0.34765625,no,0,,,,,,,,,,,,,,,,,,,,,,,,,,,
435,yes/no,Is there a laptop in the image?,yes,http://images.cocodataset.org/train2014/COCO_train2014_000000131075.jpg,0,14,0.1981201548530675,-0.15625,yes,0,,,,,,,,,,,,,,,,,,,,,,,,,,,
436,yes/no,Is the animal a mammal?,yes,http://images.cocodataset.org/train2014/COCO_train2014_000000137045.jpg,0,37,0.43242895137987913,-0.1611328125,yes,0,,,,,,,,,,,,,,,,,,,,,,,,,,,
437,yes/no,Are there rocks in the picture?,yes,http://images.cocodataset.org/train2014/COCO_train2014_000000131093.jpg,0,512,0.0,-0.1025390625,yes,0,,,,,,,,,,,,,,,,,,,,,,,,,,,
438,yes/no,Has the sheep recently been shaved?,no,http://images.cocodataset.org/train2014/COCO_train2014_000000131093.jpg,0,0,0.997802764604814,-0.1650390625,no,0,,,,,,,,,,,,,,,,,,,,,,,,,,,
439,yes/no,Are there three sheep?,yes,http://images.cocodataset.org/train2014/COCO_train2014_000000131093.jpg,0,512,0.0,-0.15625,yes,0,,,,,,,,,,,,,,,,,,,,,,,,,,,
440,yes/no,Is the man having a good time?,yes,http://images.cocodataset.org/train2014/COCO_train2014_000000524311.jpg,1,101,0.7172583555375043,-0.111328125,yes,1,16.0,0.029011600370422923,0.7743974703476992,,,,,,,,,,,,,,,,,,,,,,,,
441,yes/no,Could this photo be from a zoo?,yes,http://images.cocodataset.org/train2014/COCO_train2014_000000000025.jpg,0,23,0.3509193652571686,-0.2080078125,yes,0,,,,,,,,,,,,,,,,,,,,,,,,,,,
442,yes/no,Are the animals eating?,yes,http://images.cocodataset.org/train2014/COCO_train2014_000000000025.jpg,0,80,0.4614280703006043,-0.36328125,yes,0,,,,,,,,,,,,,,,,,,,,,,,,,,,
443,yes/no,Is there a zebra?,no,http://images.cocodataset.org/train2014/COCO_train2014_000000000025.jpg,0,2,-0.0,-0.10693359375,no,0,,,,,,,,,,,,,,,,,,,,,,,,,,,
444,yes/no,Is the giraffe eating the tree?,yes,http://images.cocodataset.org/train2014/COCO_train2014_000000000025.jpg,0,76,0.45514171241931894,-0.2578125,yes,0,,,,,,,,,,,,,,,,,,,,,,,,,,,
445,yes/no,Are both giraffes standing?,no,http://images.cocodataset.org/train2014/COCO_train2014_000000000025.jpg,0,512,0.0,-0.212890625,no,0,,,,,,,,,,,,,,,,,,,,,,,,,,,
446,yes/no,Are they at a zoo?,yes,http://images.cocodataset.org/train2014/COCO_train2014_000000000025.jpg,0,79,0.43242889360720277,-0.69140625,yes,0,,,,,,,,,,,,,,,,,,,,,,,,,,,
447,yes/no,Are some of the trees dead?,yes,http://images.cocodataset.org/train2014/COCO_train2014_000000000025.jpg,0,38,0.48437491703341085,-0.232421875,yes,0,,,,,,,,,,,,,,,,,,,,,,,,,,,
448,yes/no,Are any of the animals eating?,yes,http://images.cocodataset.org/train2014/COCO_train2014_000000000025.jpg,0,56,0.4530666149835909,-0.15625,yes,0,,,,,,,,,,,,,,,,,,,,,,,,,,,
449,yes/no,Is the giraffe in the shade?,no,http://images.cocodataset.org/train2014/COCO_train2014_000000000025.jpg,0,512,0.0,-0.5,no,0,,,,,,,,,,,,,,,,,,,,,,,,,,,
450,yes/no,Are these giraffes living free range?,yes,http://images.cocodataset.org/train2014/COCO_train2014_000000000025.jpg,0,0,0.9957230355827625,-0.6328125,no,0,,,,,,,,,,,,,,,,,,,,,,,,,,,
451,yes/no,Is there a rock near the giraffe?,no,http://images.cocodataset.org/train2014/COCO_train2014_000000000025.jpg,0,512,0.0,-0.45703125,no,0,,,,,,,,,,,,,,,,,,,,,,,,,,,
452,yes/no,Are they moving?,yes,http://images.cocodataset.org/train2014/COCO_train2014_000000262172.jpg,0,74,0.39624042346390204,-0.1474609375,yes,0,,,,,,,,,,,,,,,,,,,,,,,,,,,
453,yes/no,Is this man angry?,no,http://images.cocodataset.org/train2014/COCO_train2014_000000131101.jpg,0,512,0.0,-0.392578125,no,0,,,,,,,,,,,,,,,,,,,,,,,,,,,
454,yes/no,Are there flowers in the vase?,yes,http://images.cocodataset.org/train2014/COCO_train2014_000000000030.jpg,0,58,0.4625549537967154,-0.10693359375,yes,0,,,,,,,,,,,,,,,,,,,,,,,,,,,
455,yes/no,Are the flowers open?,yes,http://images.cocodataset.org/train2014/COCO_train2014_000000000030.jpg,0,2,-0.0,-0.1748046875,yes,0,,,,,,,,,,,,,,,,,,,,,,,,,,,
456,yes/no,Are all the flowers white?,no,http://images.cocodataset.org/train2014/COCO_train2014_000000000030.jpg,0,512,0.0,-0.1611328125,no,0,,,,,,,,,,,,,,,,,,,,,,,,,,,
457,yes/no,Is the man standing on both foot?,no,http://images.cocodataset.org/train2014/COCO_train2014_000000524320.jpg,0,512,0.0,-0.341796875,no,0,,,,,,,,,,,,,,,,,,,,,,,,,,,
458,yes/no,Was this picture likely taken recently?,no,http://images.cocodataset.org/train2014/COCO_train2014_000000524320.jpg,0,21,0.12501706364776674,-0.2275390625,no,0,,,,,,,,,,,,,,,,,,,,,,,,,,,
459,yes/no,Do the gentleman's socks match his shoes and belt?,no,http://images.cocodataset.org/train2014/COCO_train2014_000000524320.jpg,0,512,0.0,-0.43359375,no,0,,,,,,,,,,,,,,,,,,,,,,,,,,,
460,yes/no,Are the zebras facing the same direction?,yes,http://images.cocodataset.org/train2014/COCO_train2014_000000240304.jpg,0,512,0.0,-0.298828125,no,0,,,,,,,,,,,,,,,,,,,,,,,,,,,
461,yes/no,Is this a horse?,no,http://images.cocodataset.org/train2014/COCO_train2014_000000000034.jpg,0,18,0.17838450314079496,-0.1650390625,no,0,,,,,,,,,,,,,,,,,,,,,,,,,,,
462,yes/no,Are they drinking wine at the child's party?,yes,http://images.cocodataset.org/train2014/COCO_train2014_000000393251.jpg,0,151,0.600419066571353,-0.267578125,yes,0,,,,,,,,,,,,,,,,,,,,,,,,,,,
463,yes/no,Is the man wearing glasses?,yes,http://images.cocodataset.org/train2014/COCO_train2014_000000393251.jpg,0,36,0.40857672011307755,-0.11572265625,yes,0,,,,,,,,,,,,,,,,,,,,,,,,,,,
464,yes/no,Is this a good dessert?,yes,http://images.cocodataset.org/train2014/COCO_train2014_000000262180.jpg,0,38,0.34855654961894,-0.2177734375,yes,0,,,,,,,,,,,,,,,,,,,,,,,,,,,
465,yes/no,Are those kites in the air?,yes,http://images.cocodataset.org/train2014/COCO_train2014_000000524325.jpg,0,41,0.1259752568905891,-0.111328125,yes,0,,,,,,,,,,,,,,,,,,,,,,,,,,,
466,yes/no,Is this a hot dog?,yes,http://images.cocodataset.org/train2014/COCO_train2014_000000043697.jpg,2,108,0.48852049779769574,-0.111328125,yes,2,20.0,0.06669081155515139,0.0,20.0,0.06669081155515139,,,,,0.0,,,,,,,,,,,,,,,,,
467,yes/no,Is there ketchup on the hot dog?,no,http://images.cocodataset.org/train2014/COCO_train2014_000000043697.jpg,0,512,0.0,-0.1513671875,no,0,,,,,,,,,,,,,,,,,,,,,,,,,,,
468,yes/no,Has this hot dog been grilled?,no,http://images.cocodataset.org/train2014/COCO_train2014_000000043697.jpg,0,512,0.0,-0.404296875,no,0,,,,,,,,,,,,,,,,,,,,,,,,,,,
469,yes/no,Have you tried a hot dog like this before?,yes,http://images.cocodataset.org/train2014/COCO_train2014_000000043697.jpg,0,2,0.9978826076373247,-0.58203125,no,0,,,,,,,,,,,,,,,,,,,,,,,,,,,
470,yes/no,Is this a toy-sized truck?,no,http://images.cocodataset.org/train2014/COCO_train2014_000000262184.jpg,0,30,0.9869369317374458,-0.15625,no,0,,,,,,,,,,,,,,,,,,,,,,,,,,,
471,yes/no,Is there a carpet on the floor?,yes,http://images.cocodataset.org/train2014/COCO_train2014_000000131113.jpg,0,512,0.0,-0.18359375,no,0,,,,,,,,,,,,,,,,,,,,,,,,,,,
472,yes/no,Is this plane landing?,no,http://images.cocodataset.org/train2014/COCO_train2014_000000262187.jpg,0,2,-0.0,-0.5546875,no,0,,,,,,,,,,,,,,,,,,,,,,,,,,,
473,yes/no,Is the plane taking off?,no,http://images.cocodataset.org/train2014/COCO_train2014_000000262187.jpg,0,18,0.15845123200155634,-0.1748046875,no,0,,,,,,,,,,,,,,,,,,,,,,,,,,,
474,yes/no,Are these airliners?,yes,http://images.cocodataset.org/train2014/COCO_train2014_000000131118.jpg,0,51,0.4566912441541241,-0.1513671875,yes,0,,,,,,,,,,,,,,,,,,,,,,,,,,,
475,yes/no,Are this cargo planes?,yes,http://images.cocodataset.org/train2014/COCO_train2014_000000131118.jpg,0,512,0.0,-0.2080078125,no,0,,,,,,,,,,,,,,,,,,,,,,,,,,,
476,yes/no,Is this bear a normal size?,no,http://images.cocodataset.org/train2014/COCO_train2014_000000262191.jpg,0,0,0.9970076554325623,-0.81640625,no,0,,,,,,,,,,,,,,,,,,,,,,,,,,,
477,yes/no,Is there a flower arrangement on the lawn?,yes,http://images.cocodataset.org/train2014/COCO_train2014_000000000049.jpg,0,8,0.25,-0.12890625,yes,0,,,,,,,,,,,,,,,,,,,,,,,,,,,
478,yes/no,Are they playing polo?,no,http://images.cocodataset.org/train2014/COCO_train2014_000000000049.jpg,0,512,0.0,-0.52734375,no,0,,,,,,,,,,,,,,,,,,,,,,,,,,,
479,yes/no,Is this man reading a cell phone screen?,no,http://images.cocodataset.org/train2014/COCO_train2014_000000524338.jpg,0,35,0.3238306813995844,-0.1474609375,no,0,,,,,,,,,,,,,,,,,,,,,,,,,,,
480,yes/no,Is there a stop sign in the picture?,yes,http://images.cocodataset.org/train2014/COCO_train2014_000000131126.jpg,0,133,0.5478416995062699,-0.703125,yes,0,,,,,,,,,,,,,,,,,,,,,,,,,,,
481,yes/no,Is the man unhappy?,no,http://images.cocodataset.org/train2014/COCO_train2014_000000131127.jpg,0,512,0.0,-0.12451171875,no,0,,,,,,,,,,,,,,,,,,,,,,,,,,,
482,yes/no,Are the men going to share the bananas?,no,http://images.cocodataset.org/train2014/COCO_train2014_000000131127.jpg,0,512,0.0,-0.5078125,no,0,,,,,,,,,,,,,,,,,,,,,,,,,,,
483,yes/no,Do the painted flowers match the real ones?,no,http://images.cocodataset.org/train2014/COCO_train2014_000000131128.jpg,0,12,0.1250314329040578,-0.6328125,no,0,,,,,,,,,,,,,,,,,,,,,,,,,,,
484,yes/no,Will the birds go into the water?,no,http://images.cocodataset.org/train2014/COCO_train2014_000000262201.jpg,0,2,-0.0,-0.36328125,no,0,,,,,,,,,,,,,,,,,,,,,,,,,,,
485,yes/no,Is this bird afraid of the ledge?,no,http://images.cocodataset.org/train2014/COCO_train2014_000000262201.jpg,0,512,0.0,-0.203125,no,0,,,,,,,,,,,,,,,,,,,,,,,,,,,
486,yes/no,Are the mountains high?,yes,http://images.cocodataset.org/train2014/COCO_train2014_000000131133.jpg,0,19,0.2902410118606561,-0.12451171875,yes,0,,,,,,,,,,,,,,,,,,,,,,,,,,,
487,yes/no,Is there a person standing in front of the television?,yes,http://images.cocodataset.org/train2014/COCO_train2014_000000262207.jpg,0,2,0.9983137874504961,-0.3984375,yes,0,,,,,,,,,,,,,,,,,,,,,,,,,,,
488,yes/no,Is there enough room under the armchairs for a cat to hide?,yes,http://images.cocodataset.org/train2014/COCO_train2014_000000262207.jpg,0,2,-0.0,-0.7890625,no,0,,,,,,,,,,,,,,,,,,,,,,,,,,,
489,yes/no,Are there numbers on the clock face?,no,http://images.cocodataset.org/train2014/COCO_train2014_000000000064.jpg,0,42,0.2795124141106316,-0.451171875,no,0,,,,,,,,,,,,,,,,,,,,,,,,,,,
490,yes/no,Is there a big tree behind the clock?,yes,http://images.cocodataset.org/train2014/COCO_train2014_000000000064.jpg,0,51,0.5152214967664253,-0.169921875,yes,0,,,,,,,,,,,,,,,,,,,,,,,,,,,
491,yes/no,Is this a wedding?,no,http://images.cocodataset.org/train2014/COCO_train2014_000000458763.jpg,0,12,0.09024101186092029,-0.11572265625,no,0,,,,,,,,,,,,,,,,,,,,,,,,,,,
492,yes/no,Does the crust look burnt?,yes,http://images.cocodataset.org/train2014/COCO_train2014_000000567990.jpg,0,32,0.44334968452217083,-0.2470703125,yes,0,,,,,,,,,,,,,,,,,,,,,,,,,,,
493,yes/no,Does this pizza have a deep dish crust?,yes,http://images.cocodataset.org/train2014/COCO_train2014_000000567990.jpg,0,15,0.25597815504029897,-0.38671875,yes,0,,,,,,,,,,,,,,,,,,,,,,,,,,,
494,yes/no,Is the banana freshly peeled?,yes,http://images.cocodataset.org/train2014/COCO_train2014_000000393286.jpg,1,123,0.56280769009218,-0.3984375,yes,1,17.0,0.04167617082445376,0.9967828263127351,,,,,,,,,,,,,,,,,,,,,,,,
495,yes/no,Is the banana closed?,no,http://images.cocodataset.org/train2014/COCO_train2014_000000393286.jpg,0,512,0.0,-0.1513671875,no,0,,,,,,,,,,,,,,,,,,,,,,,,,,,
496,yes/no,Does this photo show train tracks?,yes,http://images.cocodataset.org/train2014/COCO_train2014_000000000071.jpg,0,34,0.1982332872407364,-0.111328125,yes,0,,,,,,,,,,,,,,,,,,,,,,,,,,,
497,yes/no,Does this train work?,yes,http://images.cocodataset.org/train2014/COCO_train2014_000000000071.jpg,0,105,0.5490396776582154,-0.12890625,yes,0,,,,,,,,,,,,,,,,,,,,,,,,,,,
498,yes/no,Are the giraffes under the trees?,yes,http://images.cocodataset.org/train2014/COCO_train2014_000000000072.jpg,0,66,0.4025303349295689,-0.271484375,yes,0,,,,,,,,,,,,,,,,,,,,,,,,,,,
499,yes/no,Are there 3 elephants?,yes,http://images.cocodataset.org/train2014/COCO_train2014_000000393228.jpg,0,512,0.0,-0.203125,yes,0,,,,,,,,,,,,,,,,,,,,,,,,,,,
500,yes/no,Are all of the elephants full grown?,no,http://images.cocodataset.org/train2014/COCO_train2014_000000393228.jpg,0,512,0.0,-0.11572265625,no,0,,,,,,,,,,,,,,,,,,,,,,,,,,,
501,yes/no,Are the elephants in the jungle?,yes,http://images.cocodataset.org/train2014/COCO_train2014_000000393228.jpg,0,512,0.0,-0.45703125,no,0,,,,,,,,,,,,,,,,,,,,,,,,,,,
502,yes/no,Is the woman eating the pizza?,no,http://images.cocodataset.org/train2014/COCO_train2014_000000393290.jpg,0,32,0.9864911929026109,-0.1611328125,no,0,,,,,,,,,,,,,,,,,,,,,,,,,,,
503,yes/no,Are there any reflections in this picture?,no,http://images.cocodataset.org/train2014/COCO_train2014_000000393291.jpg,0,35,0.13119193697937653,-0.2578125,no,0,,,,,,,,,,,,,,,,,,,,,,,,,,,
504,yes/no,Is the water on?,no,http://images.cocodataset.org/train2014/COCO_train2014_000000393292.jpg,0,2,0.994487429441965,-0.48828125,no,0,,,,,,,,,,,,,,,,,,,,,,,,,,,
505,yes/no,Is this photo outdoors?,yes,http://images.cocodataset.org/train2014/COCO_train2014_000000393292.jpg,0,16,0.24999999818433494,-0.11572265625,yes,0,,,,,,,,,,,,,,,,,,,,,,,,,,,
506,yes/no,Are the clock and owl made in the same artistic fashion?,no,http://images.cocodataset.org/train2014/COCO_train2014_000000000078.jpg,0,2,-0.0,-0.71875,no,0,,,,,,,,,,,,,,,,,,,,,,,,,,,
507,yes/no,Is that owl a candle?,yes,http://images.cocodataset.org/train2014/COCO_train2014_000000000078.jpg,0,12,0.2016450664800063,-0.298828125,yes,0,,,,,,,,,,,,,,,,,,,,,,,,,,,
508,yes/no,Does this planes tail have 4 colors?,no,http://images.cocodataset.org/train2014/COCO_train2014_000000000081.jpg,0,34,0.3869733579827338,-0.251953125,yes,0,,,,,,,,,,,,,,,,,,,,,,,,,,,
509,yes/no,Is this plane landing?,no,http://images.cocodataset.org/train2014/COCO_train2014_000000000081.jpg,1,66,0.9952062499753302,-0.3359375,no,1,16.0,0.009612346779444156,0.8194483718728035,,,,,,,,,,,,,,,,,,,,,,,,
510,yes/no,Is this plane taking off?,no,http://images.cocodataset.org/train2014/COCO_train2014_000000000081.jpg,0,46,0.24093421235988907,-0.609375,yes,0,,,,,,,,,,,,,,,,,,,,,,,,,,,
511,yes/no,Are these wings strong?,yes,http://images.cocodataset.org/train2014/COCO_train2014_000000000081.jpg,0,15,0.5776483606964389,-0.1611328125,yes,0,,,,,,,,,,,,,,,,,,,,,,,,,,,
512,yes/no,Is that a bicycle?,yes,http://images.cocodataset.org/train2014/COCO_train2014_000000000086.jpg,0,2,-0.0,-0.29296875,no,0,,,,,,,,,,,,,,,,,,,,,,,,,,,
513,yes/no,Is this a cow farm?,yes,http://images.cocodataset.org/train2014/COCO_train2014_000000524375.jpg,0,0,0.9976053577320328,-0.6484375,no,0,,,,,,,,,,,,,,,,,,,,,,,,,,,
514,yes/no,Is this a prairie?,yes,http://images.cocodataset.org/train2014/COCO_train2014_000000524375.jpg,0,36,0.3381490635605219,-0.2275390625,yes,0,,,,,,,,,,,,,,,,,,,,,,,,,,,
515,yes/no,Is there a village in the background?,no,http://images.cocodataset.org/train2014/COCO_train2014_000000524375.jpg,0,512,0.0,-0.1796875,no,0,,,,,,,,,,,,,,,,,,,,,,,,,,,
516,yes/no,Would you be able to find a mosque in this city?,yes,http://images.cocodataset.org/train2014/COCO_train2014_000000131160.jpg,0,49,0.36846562389596366,-0.10693359375,yes,0,,,,,,,,,,,,,,,,,,,,,,,,,,,
517,yes/no,Is there ketchup?,no,http://images.cocodataset.org/train2014/COCO_train2014_000000524377.jpg,0,512,0.0,-0.169921875,no,0,,,,,,,,,,,,,,,,,,,,,,,,,,,
518,yes/no,Is the hotdog well seasoned?,yes,http://images.cocodataset.org/train2014/COCO_train2014_000000524377.jpg,0,12,0.12499999998290778,-0.193359375,yes,0,,,,,,,,,,,,,,,,,,,,,,,,,,,
519,yes/no,Is this a healthy meal?,no,http://images.cocodataset.org/train2014/COCO_train2014_000000524377.jpg,0,512,0.0,-0.15625,no,0,,,,,,,,,,,,,,,,,,,,,,,,,,,
520,yes/no,Is there a spoon in this photo?,no,http://images.cocodataset.org/train2014/COCO_train2014_000000524377.jpg,0,2,-0.0,-0.1201171875,no,0,,,,,,,,,,,,,,,,,,,,,,,,,,,
521,yes/no,Is this breakfast?,no,http://images.cocodataset.org/train2014/COCO_train2014_000000524377.jpg,0,512,0.0,-0.1513671875,no,0,,,,,,,,,,,,,,,,,,,,,,,,,,,
522,yes/no,Is there a drink in this picture?,no,http://images.cocodataset.org/train2014/COCO_train2014_000000524377.jpg,0,512,0.0,-0.12451171875,no,0,,,,,,,,,,,,,,,,,,,,,,,,,,,
523,yes/no,Do these hot dogs look like they taste good?,yes,http://images.cocodataset.org/train2014/COCO_train2014_000000524377.jpg,0,34,0.3637060609550994,-0.27734375,yes,0,,,,,,,,,,,,,,,,,,,,,,,,,,,
524,yes/no,Are those tomatoes on the sandwich?,no,http://images.cocodataset.org/train2014/COCO_train2014_000000524377.jpg,0,0,0.9881129865745991,-0.2177734375,no,0,,,,,,,,,,,,,,,,,,,,,,,,,,,
525,yes/no,Are the fries plain?,no,http://images.cocodataset.org/train2014/COCO_train2014_000000524377.jpg,0,512,0.0,-0.451171875,no,0,,,,,,,,,,,,,,,,,,,,,,,,,,,
526,yes/no,Does this breakfast dish primarily carbohydrates?,yes,http://images.cocodataset.org/train2014/COCO_train2014_000000524377.jpg,1,88,0.5151006871536186,-0.6640625,yes,1,16.0,0.07290174989552393,0.954434002924965,,,,,,,,,,,,,,,,,,,,,,,,
527,yes/no,Has someone started eating?,no,http://images.cocodataset.org/train2014/COCO_train2014_000000524377.jpg,0,12,0.036922583830398155,-0.12890625,no,0,,,,,,,,,,,,,,,,,,,,,,,,,,,
528,yes/no,Would this be good for dessert?,no,http://images.cocodataset.org/train2014/COCO_train2014_000000524377.jpg,0,2,-0.0,-0.15625,no,0,,,,,,,,,,,,,,,,,,,,,,,,,,,
529,yes/no,Is there a butter plate on the table?,yes,http://images.cocodataset.org/train2014/COCO_train2014_000000524377.jpg,0,512,0.0,-0.65625,no,0,,,,,,,,,,,,,,,,,,,,,,,,,,,
530,yes/no,Does this have lettuce?,no,http://images.cocodataset.org/train2014/COCO_train2014_000000524377.jpg,0,2,-0.0,-0.1201171875,no,0,,,,,,,,,,,,,,,,,,,,,,,,,,,
531,yes/no,Does the food look good?,yes,http://images.cocodataset.org/train2014/COCO_train2014_000000524377.jpg,0,46,0.4625541609024714,-0.271484375,yes,0,,,,,,,,,,,,,,,,,,,,,,,,,,,
532,yes/no,Is this meat?,yes,http://images.cocodataset.org/train2014/COCO_train2014_000000524377.jpg,0,21,0.2693978162354893,-0.27734375,yes,0,,,,,,,,,,,,,,,,,,,,,,,,,,,
533,yes/no,Would this typically be eaten for breakfast?,no,http://images.cocodataset.org/train2014/COCO_train2014_000000524377.jpg,0,2,-0.0,-0.111328125,no,0,,,,,,,,,,,,,,,,,,,,,,,,,,,
534,yes/no,Is that bacon from a delicatessen?,yes,http://images.cocodataset.org/train2014/COCO_train2014_000000524377.jpg,0,2,-0.0,-0.5703125,no,0,,,,,,,,,,,,,,,,,,,,,,,,,,,
535,yes/no,Is the man wearing formal clothes?,no,http://images.cocodataset.org/train2014/COCO_train2014_000000393306.jpg,0,2,-0.0,-0.11572265625,no,0,,,,,,,,,,,,,,,,,,,,,,,,,,,
536,yes/no,Is there a deodorant on the sink?,no,http://images.cocodataset.org/train2014/COCO_train2014_000000262159.jpg,0,39,0.330263230430453,-0.1201171875,no,0,,,,,,,,,,,,,,,,,,,,,,,,,,,
537,yes/no,Is there a full roll of toilet paper in the bathroom?,yes,http://images.cocodataset.org/train2014/COCO_train2014_000000262159.jpg,1,60,0.2515539929668315,-0.12890625,yes,1,19.0,0.2497850965356036,0.9980008838722996,,,,,,,,,,,,,,,,,,,,,,,,
538,yes/no,Would someone be able to watch you change from the outside?,yes,http://images.cocodataset.org/train2014/COCO_train2014_000000262159.jpg,0,32,0.9972624000732954,-0.73046875,yes,0,,,,,,,,,,,,,,,,,,,,,,,,,,,
539,yes/no,Does the shower have a glass door?,no,http://images.cocodataset.org/train2014/COCO_train2014_000000262159.jpg,0,12,0.06794555539994955,-0.2080078125,no,0,,,,,,,,,,,,,,,,,,,,,,,,,,,
540,yes/no,Is the towel rack silver?,no,http://images.cocodataset.org/train2014/COCO_train2014_000000262159.jpg,0,94,0.01718145522658448,-0.29296875,yes,0,,,,,,,,,,,,,,,,,,,,,,,,,,,
541,yes/no,Is there a shower curtain?,yes,http://images.cocodataset.org/train2014/COCO_train2014_000000262159.jpg,0,81,0.16318311853017176,-0.76953125,yes,0,,,,,,,,,,,,,,,,,,,,,,,,,,,
542,yes/no,Is the toilet lid down?,yes,http://images.cocodataset.org/train2014/COCO_train2014_000000262159.jpg,0,67,0.1299153994765231,-0.111328125,yes,0,,,,,,,,,,,,,,,,,,,,,,,,,,,
543,yes/no,Does this cake look like it chocolate?,yes,http://images.cocodataset.org/train2014/COCO_train2014_000000000092.jpg,0,101,0.48836132430618107,-0.12451171875,yes,0,,,,,,,,,,,,,,,,,,,,,,,,,,,
544,yes/no,Is this a small town?,yes,http://images.cocodataset.org/train2014/COCO_train2014_000000000094.jpg,0,2,-0.0,-0.26171875,yes,0,,,,,,,,,,,,,,,,,,,,,,,,,,,
545,yes/no,Will these planes be used to transport people?,no,http://images.cocodataset.org/train2014/COCO_train2014_000000393311.jpg,0,12,0.09024101186092029,-0.2578125,no,0,,,,,,,,,,,,,,,,,,,,,,,,,,,
546,yes/no,Is the room carpeted?,yes,http://images.cocodataset.org/train2014/COCO_train2014_000000524386.jpg,0,12,0.1249915956161804,-0.1376953125,yes,0,,,,,,,,,,,,,,,,,,,,,,,,,,,
547,yes/no,Is there a fireplace?,no,http://images.cocodataset.org/train2014/COCO_train2014_000000524386.jpg,0,4,0.125,-0.111328125,no,0,,,,,,,,,,,,,,,,,,,,,,,,,,,
548,yes/no,Are stains on the floor?,no,http://images.cocodataset.org/train2014/COCO_train2014_000000524386.jpg,0,512,0.0,-0.142578125,no,0,,,,,,,,,,,,,,,,,,,,,,,,,,,
549,yes/no,Are these boys at home?,no,http://images.cocodataset.org/train2014/COCO_train2014_000000524386.jpg,0,14,0.18750276579575664,-0.36328125,yes,0,,,,,,,,,,,,,,,,,,,,,,,,,,,
550,yes/no,Is this a 60's motif?,no,http://images.cocodataset.org/train2014/COCO_train2014_000000524386.jpg,0,512,0.0,-0.302734375,no,0,,,,,,,,,,,,,,,,,,,,,,,,,,,
551,yes/no,Is the light green?,yes,http://images.cocodataset.org/train2014/COCO_train2014_000000393317.jpg,0,512,0.0,-0.5078125,no,0,,,,,,,,,,,,,,,,,,,,,,,,,,,
552,yes/no,Is it raining?,no,http://images.cocodataset.org/train2014/COCO_train2014_000000393317.jpg,0,56,0.3749094469545662,-0.4453125,yes,0,,,,,,,,,,,,,,,,,,,,,,,,,,,
553,yes/no,Is this woman crossing a street?,yes,http://images.cocodataset.org/train2014/COCO_train2014_000000393317.jpg,0,15,0.19811974230767576,-0.142578125,yes,0,,,,,,,,,,,,,,,,,,,,,,,,,,,
554,yes/no,Is this in the United States?,yes,http://images.cocodataset.org/train2014/COCO_train2014_000000393317.jpg,0,31,0.39721126622117237,-0.30859375,yes,0,,,,,,,,,,,,,,,,,,,,,,,,,,,
555,yes/no,Is there anyone in the cockpit?,yes,http://images.cocodataset.org/train2014/COCO_train2014_000000131174.jpg,0,38,0.4472262135922163,-0.18359375,yes,0,,,,,,,,,,,,,,,,,,,,,,,,,,,
556,yes/no,Is the bus stopped?,yes,http://images.cocodataset.org/train2014/COCO_train2014_000000546151.jpg,0,512,0.0,-0.1611328125,yes,0,,,,,,,,,,,,,,,,,,,,,,,,,,,
557,yes/no,Is this an ocean area?,yes,http://images.cocodataset.org/train2014/COCO_train2014_000000000109.jpg,0,4,0.125,-0.1748046875,no,0,,,,,,,,,,,,,,,,,,,,,,,,,,,
558,yes/no,Is the ground near the waterfront squishy?,no,http://images.cocodataset.org/train2014/COCO_train2014_000000000109.jpg,0,512,0.0,-0.49609375,no,0,,,,,,,,,,,,,,,,,,,,,,,,,,,
559,yes/no,Is the water calm?,yes,http://images.cocodataset.org/train2014/COCO_train2014_000000000109.jpg,0,12,0.124996472468893,-0.1201171875,yes,0,,,,,,,,,,,,,,,,,,,,,,,,,,,
560,yes/no,Is this a cheese pizza?,yes,http://images.cocodataset.org/train2014/COCO_train2014_000000000110.jpg,0,512,0.0,-0.1650390625,yes,0,,,,,,,,,,,,,,,,,,,,,,,,,,,
561,yes/no,Is there more than one vase on the table?,yes,http://images.cocodataset.org/train2014/COCO_train2014_000000305853.jpg,0,512,0.0,-0.73828125,yes,0,,,,,,,,,,,,,,,,,,,,,,,,,,,
562,yes/no,Is there a cake here?,yes,http://images.cocodataset.org/train2014/COCO_train2014_000000000113.jpg,0,26,0.2902409960053226,-0.11572265625,yes,0,,,,,,,,,,,,,,,,,,,,,,,,,,,
563,yes/no,Are there any pens on the table?,no,http://images.cocodataset.org/train2014/COCO_train2014_000000000113.jpg,0,512,0.0,-0.1611328125,no,0,,,,,,,,,,,,,,,,,,,,,,,,,,,
564,yes/no,Is this image tilted?,yes,http://images.cocodataset.org/train2014/COCO_train2014_000000262260.jpg,0,512,0.0,-0.49609375,no,0,,,,,,,,,,,,,,,,,,,,,,,,,,,
565,yes/no,Does this image contain a pie pan?,yes,http://images.cocodataset.org/train2014/COCO_train2014_000000262261.jpg,0,16,0.24024101186092028,-0.12451171875,yes,0,,,,,,,,,,,,,,,,,,,,,,,,,,,
566,yes/no,Is this a large house?,yes,http://images.cocodataset.org/train2014/COCO_train2014_000000131190.jpg,0,4,0.125,-0.314453125,yes,0,,,,,,,,,,,,,,,,,,,,,,,,,,,
567,yes/no,Is there a fountain in front of the building?,no,http://images.cocodataset.org/train2014/COCO_train2014_000000131190.jpg,0,512,0.0,-0.1376953125,no,0,,,,,,,,,,,,,,,,,,,,,,,,,,,
568,yes/no,Is the sun shining?,yes,http://images.cocodataset.org/train2014/COCO_train2014_000000131190.jpg,0,12,0.002959335063516076,-0.1513671875,yes,0,,,,,,,,,,,,,,,,,,,,,,,,,,,
569,yes/no,Is this a church?,yes,http://images.cocodataset.org/train2014/COCO_train2014_000000131190.jpg,0,512,0.0,-0.6171875,no,0,,,,,,,,,,,,,,,,,,,,,,,,,,,
570,yes/no,Are there clouds visible?,no,http://images.cocodataset.org/train2014/COCO_train2014_000000131190.jpg,0,512,0.0,-0.11572265625,no,0,,,,,,,,,,,,,,,,,,,,,,,,,,,
571,yes/no,Is this a sunny day?,yes,http://images.cocodataset.org/train2014/COCO_train2014_000000131190.jpg,0,34,0.29024099950398935,-0.1201171875,yes,0,,,,,,,,,,,,,,,,,,,,,,,,,,,
572,yes/no,Are the hedges well-groomed?,no,http://images.cocodataset.org/train2014/COCO_train2014_000000131190.jpg,0,36,0.4716897608341375,-0.357421875,yes,0,,,,,,,,,,,,,,,,,,,,,,,,,,,
573,yes/no,Does the building in the back have an elevator?,no,http://images.cocodataset.org/train2014/COCO_train2014_000000131190.jpg,0,86,0.44520853740876704,-0.1513671875,no,0,,,,,,,,,,,,,,,,,,,,,,,,,,,
574,yes/no,Do you a phone booth?,no,http://images.cocodataset.org/train2014/COCO_train2014_000000131190.jpg,0,12,0.07395909732279093,-0.12890625,no,0,,,,,,,,,,,,,,,,,,,,,,,,,,,
575,yes/no,Are the buildings tall?,yes,http://images.cocodataset.org/train2014/COCO_train2014_000000131190.jpg,0,512,0.0,-0.58203125,yes,0,,,,,,,,,,,,,,,,,,,,,,,,,,,
576,yes/no,Is the clock between two arches?,no,http://images.cocodataset.org/train2014/COCO_train2014_000000131190.jpg,0,512,0.0,-0.5625,yes,0,,,,,,,,,,,,,,,,,,,,,,,,,,,
577,yes/no,Are there any entrance gates at the bottom of the tower?,no,http://images.cocodataset.org/train2014/COCO_train2014_000000131190.jpg,0,512,0.0,-0.76171875,no,0,,,,,,,,,,,,,,,,,,,,,,,,,,,
578,yes/no,Is the building a high rise?,no,http://images.cocodataset.org/train2014/COCO_train2014_000000131190.jpg,0,512,0.0,-0.1884765625,no,0,,,,,,,,,,,,,,,,,,,,,,,,,,,
579,yes/no,Is part of this tower made of wood?,yes,http://images.cocodataset.org/train2014/COCO_train2014_000000131190.jpg,0,12,0.02016370868174314,-0.5078125,yes,0,,,,,,,,,,,,,,,,,,,,,,,,,,,
580,yes/no,Can the tree tell time?,no,http://images.cocodataset.org/train2014/COCO_train2014_000000131190.jpg,0,14,0.20490429095659826,-0.357421875,no,0,,,,,,,,,,,,,,,,,,,,,,,,,,,
581,yes/no,Is the emblem a sun face clock?,yes,http://images.cocodataset.org/train2014/COCO_train2014_000000131190.jpg,0,512,0.0,-0.41015625,no,0,,,,,,,,,,,,,,,,,,,,,,,,,,,
582,yes/no,Is the ram's fleece dirty?,no,http://images.cocodataset.org/train2014/COCO_train2014_000000131197.jpg,0,62,0.48835777166618255,-0.69140625,yes,0,,,,,,,,,,,,,,,,,,,,,,,,,,,
583,yes/no,Is there a travel guide on the table?,yes,http://images.cocodataset.org/train2014/COCO_train2014_000000000127.jpg,0,48,0.4602304283360341,-0.1513671875,yes,0,,,,,,,,,,,,,,,,,,,,,,,,,,,
584,yes/no,Is there snow?,yes,http://images.cocodataset.org/train2014/COCO_train2014_000000262273.jpg,0,2,-0.0,-0.111328125,yes,0,,,,,,,,,,,,,,,,,,,,,,,,,,,
585,yes/no,Is it summer?,no,http://images.cocodataset.org/train2014/COCO_train2014_000000262273.jpg,0,12,0.1014097655573916,-0.1201171875,no,0,,,,,,,,,,,,,,,,,,,,,,,,,,,
586,yes/no,Is the picture in color?,yes,http://images.cocodataset.org/train2014/COCO_train2014_000000524420.jpg,0,37,0.19742431159086227,-0.1025390625,yes,0,,,,,,,,,,,,,,,,,,,,,,,,,,,
587,yes/no,Is there a dog in the photo?,yes,http://images.cocodataset.org/train2014/COCO_train2014_000000524420.jpg,0,512,0.0,-0.1025390625,yes,0,,,,,,,,,,,,,,,,,,,,,,,,,,,
588,yes/no,Is the dog on a leash?,yes,http://images.cocodataset.org/train2014/COCO_train2014_000000524420.jpg,0,512,0.0,-0.404296875,yes,0,,,,,,,,,,,,,,,,,,,,,,,,,,,
589,yes/no,Are all of the birds in flight?,no,http://images.cocodataset.org/train2014/COCO_train2014_000000436929.jpg,0,512,0.0,-0.36328125,no,0,,,,,,,,,,,,,,,,,,,,,,,,,,,
590,yes/no,Are there three birds in the picture?,yes,http://images.cocodataset.org/train2014/COCO_train2014_000000436929.jpg,0,512,0.0,-0.796875,no,0,,,,,,,,,,,,,,,,,,,,,,,,,,,
591,yes/no,Is this a dog?,no,http://images.cocodataset.org/train2014/COCO_train2014_000000436929.jpg,0,105,0.5241194566973504,-0.10693359375,no,0,,,,,,,,,,,,,,,,,,,,,,,,,,,
592,yes/no,Is this a winter scene?,yes,http://images.cocodataset.org/train2014/COCO_train2014_000000436929.jpg,0,12,0.124999999999967,-0.1337890625,yes,0,,,,,,,,,,,,,,,,,,,,,,,,,,,
593,yes/no,Is the water frozen?,yes,http://images.cocodataset.org/train2014/COCO_train2014_000000436929.jpg,0,512,0.0,-0.267578125,yes,0,,,,,,,,,,,,,,,,,,,,,,,,,,,
594,yes/no,Is that a laptop on the chair?,yes,http://images.cocodataset.org/train2014/COCO_train2014_000000131208.jpg,0,20,0.4152410118609203,-0.11572265625,yes,0,,,,,,,,,,,,,,,,,,,,,,,,,,,
595,yes/no,Is Cingular a sponsor of this field?,yes,http://images.cocodataset.org/train2014/COCO_train2014_000000284012.jpg,0,50,0.42593191456307905,-0.1337890625,yes,0,,,,,,,,,,,,,,,,,,,,,,,,,,,
596,yes/no,Is this a conventional kitchen?,no,http://images.cocodataset.org/train2014/COCO_train2014_000000000138.jpg,0,512,0.0,-0.43359375,no,0,,,,,,,,,,,,,,,,,,,,,,,,,,,
597,yes/no,Is the area lit?,yes,http://images.cocodataset.org/train2014/COCO_train2014_000000262283.jpg,0,32,0.3231202089297904,-0.142578125,yes,0,,,,,,,,,,,,,,,,,,,,,,,,,,,
598,yes/no,Are the vases identical?,no,http://images.cocodataset.org/train2014/COCO_train2014_000000262283.jpg,2,110,0.995271001518495,-0.404296875,no,2,16.0,0.0064616755793226385,0.954434002924965,24.0,0.006090314913844326,,,,,0.9798687566511528,,,,,,,,,,,,,,,,,
599,yes/no,Are these the normal size pieces of pizza?,yes,http://images.cocodataset.org/train2014/COCO_train2014_000000524428.jpg,0,512,0.0,-0.6640625,no,0,,,,,,,,,,,,,,,,,,,,,,,,,,,
600,yes/no,Could you eat all of this pizza?,no,http://images.cocodataset.org/train2014/COCO_train2014_000000524428.jpg,0,512,0.0,-0.6640625,no,0,,,,,,,,,,,,,,,,,,,,,,,,,,,
601,yes/no,Is there broccoli on a slice of pizza?,yes,http://images.cocodataset.org/train2014/COCO_train2014_000000524428.jpg,0,512,0.0,-0.1337890625,no,0,,,,,,,,,,,,,,,,,,,,,,,,,,,
602,yes/no,Is there an animal that seems to stick out?,no,http://images.cocodataset.org/train2014/COCO_train2014_000000262285.jpg,1,128,0.5347258543896832,-0.48828125,yes,1,16.0,0.07386253016755762,0.954434002924965,,,,,,,,,,,,,,,,,,,,,,,,
603,yes/no,Is this in a zoo?,no,http://images.cocodataset.org/train2014/COCO_train2014_000000262285.jpg,0,41,0.9583533062273691,-0.11572265625,no,0,,,,,,,,,,,,,,,,,,,,,,,,,,,
604,yes/no,Is this in a desert?,yes,http://images.cocodataset.org/train2014/COCO_train2014_000000262285.jpg,0,512,0.0,-0.5078125,no,0,,,,,,,,,,,,,,,,,,,,,,,,,,,
605,yes/no,Is this a banana toast?,yes,http://images.cocodataset.org/train2014/COCO_train2014_000000000142.jpg,0,45,0.371972190306809,-0.1376953125,yes,0,,,,,,,,,,,,,,,,,,,,,,,,,,,
606,yes/no,Are the people playing a game?,no,http://images.cocodataset.org/train2014/COCO_train2014_000000131215.jpg,0,12,0.13335687059536067,-0.52734375,no,0,,,,,,,,,,,,,,,,,,,,,,,,,,,
607,yes/no,Is the TV turned on?,yes,http://images.cocodataset.org/train2014/COCO_train2014_000000131215.jpg,0,95,0.1442687071878815,-0.111328125,yes,0,,,,,,,,,,,,,,,,,,,,,,,,,,,
608,yes/no,Is this person watching a movie?,yes,http://images.cocodataset.org/train2014/COCO_train2014_000000131215.jpg,0,32,0.9977223970725205,-0.69921875,no,0,,,,,,,,,,,,,,,,,,,,,,,,,,,
609,yes/no,Is one of the giraffes eating?,yes,http://images.cocodataset.org/train2014/COCO_train2014_000000000144.jpg,0,43,0.43550807602960934,-0.38671875,yes,0,,,,,,,,,,,,,,,,,,,,,,,,,,,
610,yes/no,Is it daytime?,yes,http://images.cocodataset.org/train2014/COCO_train2014_000000393362.jpg,0,2,-0.0,-0.10693359375,yes,0,,,,,,,,,,,,,,,,,,,,,,,,,,,
611,yes/no,Are the kickstands down?,yes,http://images.cocodataset.org/train2014/COCO_train2014_000000393362.jpg,4,134,0.5732542801258551,-0.314453125,yes,4,18.0,0.04177094199032098,1.0,37.0,0.04170509220996705,18.0,0.04168596929811583,18.0,0.04158426449074196,0.9992232235196634,1.0,0.0,,,,,,,,,,,,,,,
612,yes/no,Do you see any motorcycle helmets?,yes,http://images.cocodataset.org/train2014/COCO_train2014_000000393362.jpg,0,12,0.12499999999977993,-0.3515625,yes,0,,,,,,,,,,,,,,,,,,,,,,,,,,,
613,yes/no,Is the kite high in the air?,yes,http://images.cocodataset.org/train2014/COCO_train2014_000000000149.jpg,0,103,0.4999999990023699,-0.2578125,yes,0,,,,,,,,,,,,,,,,,,,,,,,,,,,
614,yes/no,Is the sky clear?,no,http://images.cocodataset.org/train2014/COCO_train2014_000000000149.jpg,0,512,0.0,-0.2080078125,no,0,,,,,,,,,,,,,,,,,,,,,,,,,,,
615,yes/no,Are the people flying kites?,yes,http://images.cocodataset.org/train2014/COCO_train2014_000000000149.jpg,0,29,0.34068465915811724,-0.1376953125,yes,0,,,,,,,,,,,,,,,,,,,,,,,,,,,
616,yes/no,Can you see any fish?,no,http://images.cocodataset.org/train2014/COCO_train2014_000000471373.jpg,0,512,0.0,-0.15625,no,0,,,,,,,,,,,,,,,,,,,,,,,,,,,
617,yes/no,Is this man swimming?,no,http://images.cocodataset.org/train2014/COCO_train2014_000000471373.jpg,0,512,0.0,-0.3984375,no,0,,,,,,,,,,,,,,,,,,,,,,,,,,,
618,yes/no,Is he turning?,no,http://images.cocodataset.org/train2014/COCO_train2014_000000471373.jpg,0,512,0.0,-0.58984375,no,0,,,,,,,,,,,,,,,,,,,,,,,,,,,
619,yes/no,Does the man have short hair?,yes,http://images.cocodataset.org/train2014/COCO_train2014_000000471373.jpg,0,2,-0.0,-0.1474609375,yes,0,,,,,,,,,,,,,,,,,,,,,,,,,,,
620,yes/no,Is the bus featured in this picture typical?,no,http://images.cocodataset.org/train2014/COCO_train2014_000000131225.jpg,0,512,0.0,-0.2177734375,no,0,,,,,,,,,,,,,,,,,,,,,,,,,,,
621,yes/no,Is this the latest make and model?,no,http://images.cocodataset.org/train2014/COCO_train2014_000000131225.jpg,0,12,0.12499999999972372,-0.1611328125,no,0,,,,,,,,,,,,,,,,,,,,,,,,,,,
622,yes/no,Are there any building in the area?,yes,http://images.cocodataset.org/train2014/COCO_train2014_000000131225.jpg,0,512,0.0,-0.251953125,yes,0,,,,,,,,,,,,,,,,,,,,,,,,,,,
623,yes/no,Is there a fence in the background?,no,http://images.cocodataset.org/train2014/COCO_train2014_000000000154.jpg,0,512,0.0,-0.203125,no,0,,,,,,,,,,,,,,,,,,,,,,,,,,,
624,yes/no,Is the zebra's tail up?,no,http://images.cocodataset.org/train2014/COCO_train2014_000000000154.jpg,0,512,0.0,-0.45703125,no,0,,,,,,,,,,,,,,,,,,,,,,,,,,,
625,yes/no,Are they the same type of animal?,yes,http://images.cocodataset.org/train2014/COCO_train2014_000000000154.jpg,0,12,0.12499997275701416,-0.12451171875,yes,0,,,,,,,,,,,,,,,,,,,,,,,,,,,
626,yes/no,Are all zebras facing the same way?,no,http://images.cocodataset.org/train2014/COCO_train2014_000000000154.jpg,0,512,0.0,-0.30859375,no,0,,,,,,,,,,,,,,,,,,,,,,,,,,,
627,yes/no,Are the zebras running?,no,http://images.cocodataset.org/train2014/COCO_train2014_000000000154.jpg,0,2,-0.0,-0.1650390625,no,0,,,,,,,,,,,,,,,,,,,,,,,,,,,
628,yes/no,Is he going to fall?,no,http://images.cocodataset.org/train2014/COCO_train2014_000000262299.jpg,0,512,0.0,-0.26171875,no,0,,,,,,,,,,,,,,,,,,,,,,,,,,,
629,yes/no,Are the traffic lights facing the same direction?,no,http://images.cocodataset.org/train2014/COCO_train2014_000000393242.jpg,0,512,0.0,-0.77734375,no,0,,,,,,,,,,,,,,,,,,,,,,,,,,,
630,yes/no,Is this cake made with fondant?,no,http://images.cocodataset.org/train2014/COCO_train2014_000000393375.jpg,0,2,0.004047996199079768,-0.38671875,no,0,,,,,,,,,,,,,,,,,,,,,,,,,,,
631,yes/no,Is there a fork on the plate?,no,http://images.cocodataset.org/train2014/COCO_train2014_000000262308.jpg,0,12,0.05368960274535697,-0.111328125,no,0,,,,,,,,,,,,,,,,,,,,,,,,,,,
632,yes/no,Is this black and white?,yes,http://images.cocodataset.org/train2014/COCO_train2014_000000262308.jpg,0,53,0.3664009293343139,-0.1025390625,yes,0,,,,,,,,,,,,,,,,,,,,,,,,,,,
633,yes/no,Is a military person in the picture?,yes,http://images.cocodataset.org/train2014/COCO_train2014_000000000165.jpg,0,30,0.35091931191442927,-0.11572265625,yes,0,,,,,,,,,,,,,,,,,,,,,,,,,,,
634,yes/no,Are they smiling?,yes,http://images.cocodataset.org/train2014/COCO_train2014_000000000165.jpg,0,115,0.37502964830359775,-0.1513671875,yes,0,,,,,,,,,,,,,,,,,,,,,,,,,,,
635,yes/no,Is this an old building?,yes,http://images.cocodataset.org/train2014/COCO_train2014_000000415089.jpg,0,10,0.2902410118609203,-0.7734375,yes,0,,,,,,,,,,,,,,,,,,,,,,,,,,,
636,yes/no,Is the room almost full?,no,http://images.cocodataset.org/train2014/COCO_train2014_000000415089.jpg,0,0,0.998029426205058,-0.283203125,no,0,,,,,,,,,,,,,,,,,,,,,,,,,,,
637,yes/no,Are the people on a soft surface?,no,http://images.cocodataset.org/train2014/COCO_train2014_000000393384.jpg,0,2,-0.0,-0.12451171875,no,0,,,,,,,,,,,,,,,,,,,,,,,,,,,
638,yes/no,Has the grass been mowed recently?,no,http://images.cocodataset.org/train2014/COCO_train2014_000000393386.jpg,0,2,-0.0,-0.169921875,no,0,,,,,,,,,,,,,,,,,,,,,,,,,,,
639,yes/no,Is this scene in America?,no,http://images.cocodataset.org/train2014/COCO_train2014_000000131245.jpg,0,46,0.45377366994301543,-0.12451171875,no,0,,,,,,,,,,,,,,,,,,,,,,,,,,,
640,yes/no,Are all the laptops on?,yes,http://images.cocodataset.org/train2014/COCO_train2014_000000137918.jpg,0,16,0.2499999809932896,-0.1611328125,yes,0,,,,,,,,,,,,,,,,,,,,,,,,,,,
641,yes/no,Is this a hotel room?,yes,http://images.cocodataset.org/train2014/COCO_train2014_000000393394.jpg,0,42,0.3856485914598908,-0.169921875,yes,0,,,,,,,,,,,,,,,,,,,,,,,,,,,
642,yes/no,Is this a hotel?,yes,http://images.cocodataset.org/train2014/COCO_train2014_000000393394.jpg,0,50,0.46681462925407413,-0.1611328125,yes,0,,,,,,,,,,,,,,,,,,,,,,,,,,,
643,yes/no,Is an elephant walking down the street?,yes,http://images.cocodataset.org/train2014/COCO_train2014_000000438196.jpg,0,52,0.08120826365068469,-0.10693359375,yes,0,,,,,,,,,,,,,,,,,,,,,,,,,,,
644,yes/no,Is the guy in the yellow shirt wearing a tie?,yes,http://images.cocodataset.org/train2014/COCO_train2014_000000438196.jpg,0,16,0.2060386767488219,-0.1337890625,no,0,,,,,,,,,,,,,,,,,,,,,,,,,,,
645,yes/no,Is this a church?,yes,http://images.cocodataset.org/train2014/COCO_train2014_000000393396.jpg,0,0,0.9975333425868339,-0.169921875,yes,0,,,,,,,,,,,,,,,,,,,,,,,,,,,
646,yes/no,Is there snow in the picture?,yes,http://images.cocodataset.org/train2014/COCO_train2014_000000393396.jpg,0,512,0.0,-0.10693359375,yes,0,,,,,,,,,,,,,,,,,,,,,,,,,,,
647,yes/no,Is there a clock on the church tower?,no,http://images.cocodataset.org/train2014/COCO_train2014_000000393396.jpg,0,512,0.0,-0.1337890625,no,0,,,,,,,,,,,,,,,,,,,,,,,,,,,
648,yes/no,Is there a clock?,no,http://images.cocodataset.org/train2014/COCO_train2014_000000393396.jpg,0,512,0.0,-0.111328125,no,0,,,,,,,,,,,,,,,,,,,,,,,,,,,
649,yes/no,Is this person wearing a backpack?,yes,http://images.cocodataset.org/train2014/COCO_train2014_000000524470.jpg,0,2,-0.0,-0.1201171875,yes,0,,,,,,,,,,,,,,,,,,,,,,,,,,,
650,yes/no,Is there a street light in the photo?,yes,http://images.cocodataset.org/train2014/COCO_train2014_000000524470.jpg,0,512,0.0,-0.38671875,yes,0,,,,,,,,,,,,,,,,,,,,,,,,,,,
651,yes/no,Is the sun up?,no,http://images.cocodataset.org/train2014/COCO_train2014_000000524470.jpg,0,2,-0.0,-0.298828125,no,0,,,,,,,,,,,,,,,,,,,,,,,,,,,
652,yes/no,Is the oven on?,yes,http://images.cocodataset.org/train2014/COCO_train2014_000000524471.jpg,0,6,0.1981203125901445,-0.12890625,yes,0,,,,,,,,,,,,,,,,,,,,,,,,,,,
653,yes/no,Is there a window in this scene?,yes,http://images.cocodataset.org/train2014/COCO_train2014_000000524471.jpg,0,6,0.1981203125901445,-0.1796875,yes,0,,,,,,,,,,,,,,,,,,,,,,,,,,,
654,yes/no,Is this toast done?,no,http://images.cocodataset.org/train2014/COCO_train2014_000000524471.jpg,0,2,-0.0,-0.302734375,no,0,,,,,,,,,,,,,,,,,,,,,,,,,,,
655,yes/no,Is the microwave on?,no,http://images.cocodataset.org/train2014/COCO_train2014_000000524471.jpg,0,512,0.0,-0.34765625,no,0,,,,,,,,,,,,,,,,,,,,,,,,,,,
656,yes/no,Is the toaster on?,yes,http://images.cocodataset.org/train2014/COCO_train2014_000000524471.jpg,0,22,0.35091936485428254,-0.12451171875,yes,0,,,,,,,,,,,,,,,,,,,,,,,,,,,
657,yes/no,Is this a one way street?,yes,http://images.cocodataset.org/train2014/COCO_train2014_000000393403.jpg,1,136,0.5831589660298468,-0.416015625,yes,1,19.0,0.05263458792129148,0.9617367430790453,,,,,,,,,,,,,,,,,,,,,,,,
658,yes/no,Are there people boarding the bus?,no,http://images.cocodataset.org/train2014/COCO_train2014_000000393403.jpg,0,512,0.0,-0.142578125,no,0,,,,,,,,,,,,,,,,,,,,,,,,,,,
659,yes/no,Is there a hardware store in the area?,no,http://images.cocodataset.org/train2014/COCO_train2014_000000393403.jpg,0,2,-0.0,-0.1796875,no,0,,,,,,,,,,,,,,,,,,,,,,,,,,,
660,yes/no,Are the drying the animal with a blow dryer?,yes,http://images.cocodataset.org/train2014/COCO_train2014_000000524476.jpg,0,4,0.125,-0.203125,yes,0,,,,,,,,,,,,,,,,,,,,,,,,,,,
661,yes/no,Is this a hotel?,no,http://images.cocodataset.org/train2014/COCO_train2014_000000283700.jpg,0,512,0.0,-0.53515625,no,0,,,,,,,,,,,,,,,,,,,,,,,,,,,
662,yes/no,Can you see the man's shadow?,yes,http://images.cocodataset.org/train2014/COCO_train2014_000000262336.jpg,0,17,0.19812030391063656,-0.10693359375,yes,0,,,,,,,,,,,,,,,,,,,,,,,,,,,
663,yes/no,Is this lacrosse?,no,http://images.cocodataset.org/train2014/COCO_train2014_000000262336.jpg,0,30,0.34376259365180944,-0.111328125,no,0,,,,,,,,,,,,,,,,,,,,,,,,,,,
664,yes/no,The color of the court is green?,no,http://images.cocodataset.org/train2014/COCO_train2014_000000262336.jpg,0,25,0.965329566375808,-0.169921875,no,0,,,,,,,,,,,,,,,,,,,,,,,,,,,
665,yes/no,Is this pizza nutritious enough to eat for a full dinner?,yes,http://images.cocodataset.org/train2014/COCO_train2014_000000000194.jpg,0,21,0.12505650077915786,-0.69140625,yes,0,,,,,,,,,,,,,,,,,,,,,,,,,,,
666,yes/no,Are both beds made?,yes,http://images.cocodataset.org/train2014/COCO_train2014_000000257513.jpg,0,512,0.0,-0.392578125,yes,0,,,,,,,,,,,,,,,,,,,,,,,,,,,
667,yes/no,Is there a ladder in the picture?,yes,http://images.cocodataset.org/train2014/COCO_train2014_000000257513.jpg,0,45,0.40294425428989666,-0.12451171875,yes,0,,,,,,,,,,,,,,,,,,,,,,,,,,,
668,yes/no,Is this vehicle parked in a residential driveway?,yes,http://images.cocodataset.org/train2014/COCO_train2014_000000393412.jpg,1,89,0.5052414937895825,-0.48828125,yes,1,20.0,0.09331843488278593,0.9372305632161296,,,,,,,,,,,,,,,,,,,,,,,,
669,yes/no,Is the color of the car very common for vehicles?,no,http://images.cocodataset.org/train2014/COCO_train2014_000000393412.jpg,0,23,0.1274261182651248,-0.2275390625,no,0,,,,,,,,,,,,,,,,,,,,,,,,,,,
670,yes/no,Are all the people looking at the same thing?,no,http://images.cocodataset.org/train2014/COCO_train2014_000000458785.jpg,0,77,0.2507327244110217,-0.6171875,yes,0,,,,,,,,,,,,,,,,,,,,,,,,,,,
671,yes/no,Do these ski boards have personality?,yes,http://images.cocodataset.org/train2014/COCO_train2014_000000000201.jpg,0,18,0.2660091343008497,-0.142578125,yes,0,,,,,,,,,,,,,,,,,,,,,,,,,,,
672,yes/no,Is the woman wearing a dress?,no,http://images.cocodataset.org/train2014/COCO_train2014_000000131277.jpg,0,2,-0.0,-0.10693359375,no,0,,,,,,,,,,,,,,,,,,,,,,,,,,,
673,yes/no,Are they playing a game?,yes,http://images.cocodataset.org/train2014/COCO_train2014_000000131277.jpg,0,58,0.5135063720503146,-0.12890625,yes,0,,,,,,,,,,,,,,,,,,,,,,,,,,,
674,yes/no,Will the bent person fall forward?,no,http://images.cocodataset.org/train2014/COCO_train2014_000000131277.jpg,0,0,0.995652991117737,-0.404296875,no,0,,,,,,,,,,,,,,,,,,,,,,,,,,,
675,yes/no,Is there a man and a woman?,yes,http://images.cocodataset.org/train2014/COCO_train2014_000000131277.jpg,0,512,0.0,-0.1025390625,yes,0,,,,,,,,,,,,,,,,,,,,,,,,,,,
676,yes/no,Is this photo to blurry?,no,http://images.cocodataset.org/train2014/COCO_train2014_000000131277.jpg,0,14,0.08002580417005876,-0.15625,no,0,,,,,,,,,,,,,,,,,,,,,,,,,,,
677,yes/no,Would you get a ticket if you disobeyed this sign?,yes,http://images.cocodataset.org/train2014/COCO_train2014_000000393422.jpg,0,64,0.3152986981915332,-0.15625,yes,0,,,,,,,,,,,,,,,,,,,,,,,,,,,
678,yes/no,Is the red stop sign on a wooden pole?,no,http://images.cocodataset.org/train2014/COCO_train2014_000000393422.jpg,0,12,0.12499999310812845,-0.53515625,yes,0,,,,,,,,,,,,,,,,,,,,,,,,,,,
679,yes/no,Can you see the sun in the picture?,yes,http://images.cocodataset.org/train2014/COCO_train2014_000000393422.jpg,0,39,0.2500341946645566,-0.12451171875,yes,0,,,,,,,,,,,,,,,,,,,,,,,,,,,
680,yes/no,Are they twins?,no,http://images.cocodataset.org/train2014/COCO_train2014_000000131279.jpg,0,512,0.0,-0.36328125,no,0,,,,,,,,,,,,,,,,,,,,,,,,,,,
681,yes/no,Is one of the children a boy?,yes,http://images.cocodataset.org/train2014/COCO_train2014_000000131279.jpg,0,8,0.25,-0.6171875,yes,0,,,,,,,,,,,,,,,,,,,,,,,,,,,
682,yes/no,Are these teenagers?,no,http://images.cocodataset.org/train2014/COCO_train2014_000000131279.jpg,0,51,0.38614942231658145,-0.10693359375,no,0,,,,,,,,,,,,,,,,,,,,,,,,,,,
683,yes/no,Are both of the children smiling?,no,http://images.cocodataset.org/train2014/COCO_train2014_000000131279.jpg,0,512,0.0,-0.302734375,no,0,,,,,,,,,,,,,,,,,,,,,,,,,,,
684,yes/no,Is this child wearing socks?,no,http://images.cocodataset.org/train2014/COCO_train2014_000000131279.jpg,0,22,0.24418183416664088,-0.111328125,no,0,,,,,,,,,,,,,,,,,,,,,,,,,,,
685,yes/no,Is the man's shirt a solid color?,no,http://images.cocodataset.org/train2014/COCO_train2014_000000448671.jpg,0,512,0.0,-0.1474609375,no,0,,,,,,,,,,,,,,,,,,,,,,,,,,,
686,yes/no,Is this man tan?,yes,http://images.cocodataset.org/train2014/COCO_train2014_000000554301.jpg,0,44,0.5178283443196224,-0.1650390625,yes,0,,,,,,,,,,,,,,,,,,,,,,,,,,,
687,yes/no,The tablecloths are white?,yes,http://images.cocodataset.org/train2014/COCO_train2014_000000262359.jpg,2,104,0.6097476752633353,-0.1337890625,yes,2,30.0,0.03420644079342174,1.0,15.0,0.0342105829457841,,,,,1.0,,,,,,,,,,,,,,,,,
688,yes/no,Are the pictures colorful?,yes,http://images.cocodataset.org/train2014/COCO_train2014_000000262359.jpg,0,2,-0.0,-0.41015625,yes,0,,,,,,,,,,,,,,,,,,,,,,,,,,,
689,yes/no,Do you a mirror in the background?,no,http://images.cocodataset.org/train2014/COCO_train2014_000000262359.jpg,0,512,0.0,-0.1982421875,no,0,,,,,,,,,,,,,,,,,,,,,,,,,,,
690,yes/no,Is there food on the table?,no,http://images.cocodataset.org/train2014/COCO_train2014_000000262359.jpg,0,512,0.0,-0.1025390625,no,0,,,,,,,,,,,,,,,,,,,,,,,,,,,
691,yes/no,Is there a pillow present in the picture?,yes,http://images.cocodataset.org/train2014/COCO_train2014_000000393432.jpg,0,2,-0.0,-0.0986328125,yes,0,,,,,,,,,,,,,,,,,,,,,,,,,,,
692,yes/no,Is she wearing a bathing suit?,yes,http://images.cocodataset.org/train2014/COCO_train2014_000000000036.jpg,0,2,-0.0,-0.27734375,yes,0,,,,,,,,,,,,,,,,,,,,,,,,,,,
693,yes/no,Are they surrounded by trees?,yes,http://images.cocodataset.org/train2014/COCO_train2014_000000524508.jpg,0,12,0.3231203125901445,-0.1884765625,yes,0,,,,,,,,,,,,,,,,,,,,,,,,,,,
694,yes/no,Is there a puddle of water on the dirt?,yes,http://images.cocodataset.org/train2014/COCO_train2014_000000524508.jpg,0,21,0.24999999922728672,-0.11572265625,yes,0,,,,,,,,,,,,,,,,,,,,,,,,,,,
695,yes/no,Are these men on a boat?,no,http://images.cocodataset.org/train2014/COCO_train2014_000000474858.jpg,0,512,0.0,-0.111328125,no,0,,,,,,,,,,,,,,,,,,,,,,,,,,,
696,yes/no,Are the boys happy?,yes,http://images.cocodataset.org/train2014/COCO_train2014_000000474858.jpg,0,24,0.997732837380907,-0.671875,no,0,,,,,,,,,,,,,,,,,,,,,,,,,,,
697,yes/no,Is the man in the forefront trying to get signal on a cell phone?,no,http://images.cocodataset.org/train2014/COCO_train2014_000000474858.jpg,0,71,0.4630874253472419,-0.15625,no,0,,,,,,,,,,,,,,,,,,,,,,,,,,,
698,yes/no,Was this photo taken recently?,yes,http://images.cocodataset.org/train2014/COCO_train2014_000000474858.jpg,0,56,0.4183046708215723,-0.2373046875,yes,0,,,,,,,,,,,,,,,,,,,,,,,,,,,
699,yes/no,Is this  a beach?,yes,http://images.cocodataset.org/train2014/COCO_train2014_000000474858.jpg,2,104,0.520850164323332,-0.11572265625,yes,2,17.0,0.05958386894277196,0.9774178175281716,18.0,0.062370326808638105,,,,,1.0,,,,,,,,,,,,,,,,,
700,yes/no,Is the guy making a performance?,no,http://images.cocodataset.org/train2014/COCO_train2014_000000474858.jpg,0,2,-0.0,-0.142578125,no,0,,,,,,,,,,,,,,,,,,,,,,,,,,,
701,yes/no,Is he doing a trick?,no,http://images.cocodataset.org/train2014/COCO_train2014_000000474858.jpg,0,2,-0.0,-0.1025390625,no,0,,,,,,,,,,,,,,,,,,,,,,,,,,,
702,yes/no,Is the man in the foreground barefooted?,yes,http://images.cocodataset.org/train2014/COCO_train2014_000000474858.jpg,0,512,0.0,-0.5546875,no,0,,,,,,,,,,,,,,,,,,,,,,,,,,,
703,yes/no,Is this busy metropolis?,no,http://images.cocodataset.org/train2014/COCO_train2014_000000474858.jpg,0,18,0.18947864241407694,-0.111328125,no,0,,,,,,,,,,,,,,,,,,,,,,,,,,,
704,yes/no,What is the man on a skateboard?,no,http://images.cocodataset.org/train2014/COCO_train2014_000000474858.jpg,0,67,0.4261619481085285,-0.84765625,no,0,,,,,,,,,,,,,,,,,,,,,,,,,,,
705,yes/no,Are there waves in the picture?,yes,http://images.cocodataset.org/train2014/COCO_train2014_000000474858.jpg,0,4,0.125,-0.10693359375,yes,0,,,,,,,,,,,,,,,,,,,,,,,,,,,
706,yes/no,Did the man just steal the boy's kite?,no,http://images.cocodataset.org/train2014/COCO_train2014_000000393438.jpg,0,48,0.39671811449478306,-0.1376953125,no,0,,,,,,,,,,,,,,,,,,,,,,,,,,,
707,yes/no,Is this a steam engine train?,yes,http://images.cocodataset.org/train2014/COCO_train2014_000000165859.jpg,0,28,0.3231202557589571,-0.1513671875,yes,0,,,,,,,,,,,,,,,,,,,,,,,,,,,
708,yes/no,Are the umbrellas wet?,yes,http://images.cocodataset.org/train2014/COCO_train2014_000000393442.jpg,0,512,0.0,-0.2470703125,no,0,,,,,,,,,,,,,,,,,,,,,,,,,,,
709,yes/no,Is there snow on the ground?,yes,http://images.cocodataset.org/train2014/COCO_train2014_000000131299.jpg,0,16,0.004402254086449369,-0.1201171875,yes,0,,,,,,,,,,,,,,,,,,,,,,,,,,,
710,yes/no,Does this oven look new?,no,http://images.cocodataset.org/train2014/COCO_train2014_000000131300.jpg,0,2,-0.0,-0.1376953125,no,0,,,,,,,,,,,,,,,,,,,,,,,,,,,
711,yes/no,Does the oven have a digital buttons?,no,http://images.cocodataset.org/train2014/COCO_train2014_000000131300.jpg,0,2,-0.0,-0.1474609375,no,0,,,,,,,,,,,,,,,,,,,,,,,,,,,
712,yes/no,Is this oven greasy?,yes,http://images.cocodataset.org/train2014/COCO_train2014_000000131300.jpg,0,129,0.5209725992364892,-0.212890625,yes,0,,,,,,,,,,,,,,,,,,,,,,,,,,,
713,yes/no,Is the pizza on a baking tray?,yes,http://images.cocodataset.org/train2014/COCO_train2014_000000131300.jpg,0,0,0.9981229253833792,-0.38671875,no,0,,,,,,,,,,,,,,,,,,,,,,,,,,,
714,yes/no,Do you like chocolate cake?,yes,http://images.cocodataset.org/train2014/COCO_train2014_000000393445.jpg,0,37,0.3877347375967717,-0.169921875,yes,0,,,,,,,,,,,,,,,,,,,,,,,,,,,
715,yes/no,Are there any water glasses on the table?,yes,http://images.cocodataset.org/train2014/COCO_train2014_000000524518.jpg,0,30,0.35091936514037825,-0.2177734375,yes,0,,,,,,,,,,,,,,,,,,,,,,,,,,,
716,yes/no,Are there tomatoes on the pizza?,yes,http://images.cocodataset.org/train2014/COCO_train2014_000000524518.jpg,0,2,0.9961696329976772,-0.1201171875,yes,0,,,,,,,,,,,,,,,,,,,,,,,,,,,
717,yes/no,Are there any people in the picture?,no,http://images.cocodataset.org/train2014/COCO_train2014_000000524518.jpg,0,2,-0.0,-0.609375,no,0,,,,,,,,,,,,,,,,,,,,,,,,,,,
718,yes/no,Can they go?,no,http://images.cocodataset.org/train2014/COCO_train2014_000000524520.jpg,0,37,0.31675601767730277,-0.142578125,no,0,,,,,,,,,,,,,,,,,,,,,,,,,,,
719,yes/no,Are the cars parked?,no,http://images.cocodataset.org/train2014/COCO_train2014_000000524520.jpg,0,18,0.290240970032048,-0.298828125,yes,0,,,,,,,,,,,,,,,,,,,,,,,,,,,
720,yes/no,Are all the players wearing black shirts?,no,http://images.cocodataset.org/train2014/COCO_train2014_000000524522.jpg,0,512,0.0,-0.2373046875,no,0,,,,,,,,,,,,,,,,,,,,,,,,,,,
721,yes/no,Is one of the trains going through a tunnel?,yes,http://images.cocodataset.org/train2014/COCO_train2014_000000524525.jpg,0,152,0.5309909389653148,-0.169921875,yes,0,,,,,,,,,,,,,,,,,,,,,,,,,,,
722,yes/no,Is the door open?,no,http://images.cocodataset.org/train2014/COCO_train2014_000000131312.jpg,0,512,0.0,-0.482421875,no,0,,,,,,,,,,,,,,,,,,,,,,,,,,,
723,yes/no,Is the man on TV wearing a tie?,yes,http://images.cocodataset.org/train2014/COCO_train2014_000000131312.jpg,0,2,-0.0,-0.451171875,no,0,,,,,,,,,,,,,,,,,,,,,,,,,,,
724,yes/no,Is everyone wearing glasses?,no,http://images.cocodataset.org/train2014/COCO_train2014_000000131315.jpg,0,512,0.0,-0.2080078125,no,0,,,,,,,,,,,,,,,,,,,,,,,,,,,
725,yes/no,Are both people of the same ethnic background?,no,http://images.cocodataset.org/train2014/COCO_train2014_000000131315.jpg,0,512,0.0,-0.11572265625,no,0,,,,,,,,,,,,,,,,,,,,,,,,,,,
726,yes/no,The man is wearing a helmet?,yes,http://images.cocodataset.org/train2014/COCO_train2014_000000262389.jpg,0,14,0.6678729220284807,-0.111328125,yes,0,,,,,,,,,,,,,,,,,,,,,,,,,,,
727,yes/no,Is this a government official's plane?,yes,http://images.cocodataset.org/train2014/COCO_train2014_000000000247.jpg,0,2,0.9979183814077485,-0.4453125,no,0,,,,,,,,,,,,,,,,,,,,,,,,,,,
728,yes/no,Are the kids sitting?,no,http://images.cocodataset.org/train2014/COCO_train2014_000000393464.jpg,0,69,0.4167055078109471,-0.111328125,no,0,,,,,,,,,,,,,,,,,,,,,,,,,,,
729,yes/no,Are these children playing a game?,yes,http://images.cocodataset.org/train2014/COCO_train2014_000000393464.jpg,0,14,0.015302232894338092,-0.18359375,yes,0,,,,,,,,,,,,,,,,,,,,,,,,,,,
730,yes/no,The zebras are in a field?,no,http://images.cocodataset.org/train2014/COCO_train2014_000000262393.jpg,0,12,0.08125280270604426,-0.287109375,no,0,,,,,,,,,,,,,,,,,,,,,,,,,,,
731,yes/no,Have you ever been to this intersection?,no,http://images.cocodataset.org/train2014/COCO_train2014_000000000250.jpg,0,54,0.1981877918328916,-0.203125,no,0,,,,,,,,,,,,,,,,,,,,,,,,,,,
732,yes/no,Are some of the trees dead?,yes,http://images.cocodataset.org/train2014/COCO_train2014_000000131323.jpg,0,16,0.24024101186092028,-0.392578125,yes,0,,,,,,,,,,,,,,,,,,,,,,,,,,,
733,yes/no,Are the rocks for the giraffe to sit on?,no,http://images.cocodataset.org/train2014/COCO_train2014_000000131323.jpg,0,512,0.0,-0.29296875,no,0,,,,,,,,,,,,,,,,,,,,,,,,,,,
734,yes/no,Does someone have a green thumb?,yes,http://images.cocodataset.org/train2014/COCO_train2014_000000131330.jpg,1,57,0.41347362477548644,-0.267578125,yes,1,15.0,0.17101270689513248,0.7835807040488099,,,,,,,,,,,,,,,,,,,,,,,,
735,yes/no,Is the seedling a hybrid?,yes,http://images.cocodataset.org/train2014/COCO_train2014_000000131330.jpg,1,93,0.4637339000974386,-0.203125,yes,1,15.0,0.13333335396900559,0.7835807040488099,,,,,,,,,,,,,,,,,,,,,,,,
736,yes/no,Is there a tent in the snow?,yes,http://images.cocodataset.org/train2014/COCO_train2014_000000524547.jpg,0,8,0.25,-0.111328125,yes,0,,,,,,,,,,,,,,,,,,,,,,,,,,,
737,yes/no,Is this terminal safe at night?,yes,http://images.cocodataset.org/train2014/COCO_train2014_000000000260.jpg,0,43,0.3556689540949264,-0.193359375,yes,0,,,,,,,,,,,,,,,,,,,,,,,,,,,
738,yes/no,Is the woman by herself?,yes,http://images.cocodataset.org/train2014/COCO_train2014_000000000260.jpg,0,512,0.0,-0.1337890625,yes,0,,,,,,,,,,,,,,,,,,,,,,,,,,,
739,yes/no,Is it a clear day?,yes,http://images.cocodataset.org/train2014/COCO_train2014_000000524551.jpg,0,31,0.19835966161137913,-0.10693359375,yes,0,,,,,,,,,,,,,,,,,,,,,,,,,,,
740,yes/no,Is this person prone on his back or on his knees?,no,http://images.cocodataset.org/train2014/COCO_train2014_000000393480.jpg,2,157,0.599593165095393,-0.43359375,kne,2,15.0,0.038178717045559904,0.9654013672997089,16.0,0.045590971233976776,,,,,1.0,,,,,,,,,,,,,,,,,
741,yes/no,Is the skier on the ground?,yes,http://images.cocodataset.org/train2014/COCO_train2014_000000393480.jpg,0,29,0.3637546534128179,-0.193359375,yes,0,,,,,,,,,,,,,,,,,,,,,,,,,,,
742,yes/no,Is the subject of the photo facing downhill?,yes,http://images.cocodataset.org/train2014/COCO_train2014_000000393480.jpg,0,512,0.0,-0.5625,no,0,,,,,,,,,,,,,,,,,,,,,,,,,,,
743,yes/no,Is this man attached to his surfboard?,yes,http://images.cocodataset.org/train2014/COCO_train2014_000000131339.jpg,0,0,0.9971817831916515,-0.6640625,no,0,,,,,,,,,,,,,,,,,,,,,,,,,,,
744,yes/no,Is this man riding a surfboard?,yes,http://images.cocodataset.org/train2014/COCO_train2014_000000131339.jpg,0,22,0.34375,-0.10693359375,yes,0,,,,,,,,,,,,,,,,,,,,,,,,,,,
745,yes/no,Is he wearing the right type of suit?,yes,http://images.cocodataset.org/train2014/COCO_train2014_000000131339.jpg,0,0,0.9572764353439706,-0.68359375,no,0,,,,,,,,,,,,,,,,,,,,,,,,,,,
746,yes/no,Is the man riding a white board?,no,http://images.cocodataset.org/train2014/COCO_train2014_000000131339.jpg,0,512,0.0,-0.15625,no,0,,,,,,,,,,,,,,,,,,,,,,,,,,,
747,yes/no,Is the woman surfing?,yes,http://images.cocodataset.org/train2014/COCO_train2014_000000131339.jpg,0,34,0.012073545145335077,-0.1513671875,yes,0,,,,,,,,,,,,,,,,,,,,,,,,,,,
748,yes/no,Is the boy in the middle being attacked?,no,http://images.cocodataset.org/train2014/COCO_train2014_000000524557.jpg,0,512,0.0,-0.427734375,no,0,,,,,,,,,,,,,,,,,,,,,,,,,,,
749,yes/no,Does the boy have his head stuck in the net?,no,http://images.cocodataset.org/train2014/COCO_train2014_000000524557.jpg,0,512,0.0,-0.251953125,no,0,,,,,,,,,,,,,,,,,,,,,,,,,,,
750,yes/no,Does the guy on the right look happy?,yes,http://images.cocodataset.org/train2014/COCO_train2014_000000131342.jpg,0,41,0.19328396582841892,-0.0986328125,yes,0,,,,,,,,,,,,,,,,,,,,,,,,,,,
751,yes/no,Are there multiple vegetables on the plate?,yes,http://images.cocodataset.org/train2014/COCO_train2014_000000393488.jpg,0,24,0.23978917973599082,-0.11572265625,yes,0,,,,,,,,,,,,,,,,,,,,,,,,,,,
752,yes/no,Is there meat on the plate?,yes,http://images.cocodataset.org/train2014/COCO_train2014_000000393488.jpg,0,82,0.46254987966268685,-0.2470703125,yes,0,,,,,,,,,,,,,,,,,,,,,,,,,,,
753,yes/no,Is this a brand new phone?,no,http://images.cocodataset.org/train2014/COCO_train2014_000000393489.jpg,0,19,0.21104715367981036,-0.7734375,yes,0,,,,,,,,,,,,,,,,,,,,,,,,,,,
754,yes/no,Does this phone fold closed?,no,http://images.cocodataset.org/train2014/COCO_train2014_000000393489.jpg,0,23,0.12584301153581673,-0.54296875,no,0,,,,,,,,,,,,,,,,,,,,,,,,,,,
755,yes/no,Is the phone broken?,no,http://images.cocodataset.org/train2014/COCO_train2014_000000393489.jpg,0,60,0.5418400727386289,-0.75390625,yes,0,,,,,,,,,,,,,,,,,,,,,,,,,,,
756,yes/no,Is the phone light on?,no,http://images.cocodataset.org/train2014/COCO_train2014_000000393489.jpg,0,12,0.1319633808660889,-0.2470703125,no,0,,,,,,,,,,,,,,,,,,,,,,,,,,,
757,yes/no,Is the display on?,no,http://images.cocodataset.org/train2014/COCO_train2014_000000393489.jpg,0,31,0.36527889964171345,-0.212890625,no,0,,,,,,,,,,,,,,,,,,,,,,,,,,,
758,yes/no,Is the person using skype?,no,http://images.cocodataset.org/train2014/COCO_train2014_000000393489.jpg,0,26,0.3903454041563009,-0.283203125,no,0,,,,,,,,,,,,,,,,,,,,,,,,,,,
759,yes/no,Is the phone on?,no,http://images.cocodataset.org/train2014/COCO_train2014_000000393489.jpg,1,81,0.5073578619095342,-0.34765625,no,1,15.0,0.05553488367167456,0.9182958340544896,,,,,,,,,,,,,,,,,,,,,,,,
760,yes/no,Is the background clear?,yes,http://images.cocodataset.org/train2014/COCO_train2014_000000393489.jpg,0,26,0.013411031996013734,-0.4453125,no,0,,,,,,,,,,,,,,,,,,,,,,,,,,,
761,yes/no,Is this an inside stadium?,yes,http://images.cocodataset.org/train2014/COCO_train2014_000000336077.jpg,0,512,0.0,-0.59765625,no,0,,,,,,,,,,,,,,,,,,,,,,,,,,,
762,yes/no,Is the stadium crowded?,yes,http://images.cocodataset.org/train2014/COCO_train2014_000000336077.jpg,0,16,0.24024101186092028,-0.169921875,yes,0,,,,,,,,,,,,,,,,,,,,,,,,,,,
763,yes/no,Is the stadium full?,yes,http://images.cocodataset.org/train2014/COCO_train2014_000000336077.jpg,2,68,0.5654450335927801,-0.298828125,yes,2,15.0,0.043499211303652405,0.0,22.0,0.04356310601481893,,,,,0.8508642289005679,,,,,,,,,,,,,,,,,
764,yes/no,Is there a baseball player holding a bat?,yes,http://images.cocodataset.org/train2014/COCO_train2014_000000336077.jpg,0,4,0.125,-0.15625,yes,0,,,,,,,,,,,,,,,,,,,,,,,,,,,
765,yes/no,Is this bathroom all white?,no,http://images.cocodataset.org/train2014/COCO_train2014_000000546179.jpg,0,26,0.39024037800847455,-0.451171875,yes,0,,,,,,,,,,,,,,,,,,,,,,,,,,,
766,yes/no,Has the bathroom been renovated recently?,no,http://images.cocodataset.org/train2014/COCO_train2014_000000546179.jpg,0,0,0.9989372610472069,-0.81640625,no,0,,,,,,,,,,,,,,,,,,,,,,,,,,,
767,yes/no,Are there towels on the ground?,no,http://images.cocodataset.org/train2014/COCO_train2014_000000546179.jpg,0,512,0.0,-0.203125,no,0,,,,,,,,,,,,,,,,,,,,,,,,,,,
768,yes/no,Does this look clean?,yes,http://images.cocodataset.org/train2014/COCO_train2014_000000546179.jpg,0,52,0.36866426039865796,-0.1201171875,yes,0,,,,,,,,,,,,,,,,,,,,,,,,,,,
769,yes/no,Is the shower curtain open?,no,http://images.cocodataset.org/train2014/COCO_train2014_000000546179.jpg,0,0,0.997829856135424,-0.41015625,no,0,,,,,,,,,,,,,,,,,,,,,,,,,,,
770,yes/no,Does this bike have training wheels?,yes,http://images.cocodataset.org/train2014/COCO_train2014_000000393493.jpg,0,38,0.43242895013388016,-0.1376953125,yes,0,,,,,,,,,,,,,,,,,,,,,,,,,,,
771,yes/no,Is the picnic table red?,yes,http://images.cocodataset.org/train2014/COCO_train2014_000000393493.jpg,0,20,0.013912965993203609,-0.1201171875,yes,0,,,,,,,,,,,,,,,,,,,,,,,,,,,
772,yes/no,Is this a clean room?,no,http://images.cocodataset.org/train2014/COCO_train2014_000000131351.jpg,0,512,0.0,-0.70703125,no,0,,,,,,,,,,,,,,,,,,,,,,,,,,,
773,yes/no,Is this bathroom clean?,yes,http://images.cocodataset.org/train2014/COCO_train2014_000000131351.jpg,0,512,0.0,-0.8046875,no,0,,,,,,,,,,,,,,,,,,,,,,,,,,,
774,yes/no,Is the room clean?,no,http://images.cocodataset.org/train2014/COCO_train2014_000000131351.jpg,0,2,-0.0,-0.7421875,yes,0,,,,,,,,,,,,,,,,,,,,,,,,,,,
775,yes/no,Is there a mirror in the bathroom?,no,http://images.cocodataset.org/train2014/COCO_train2014_000000131351.jpg,0,512,0.0,-0.11572265625,no,0,,,,,,,,,,,,,,,,,,,,,,,,,,,
776,yes/no,Is there a green plant in this room?,no,http://images.cocodataset.org/train2014/COCO_train2014_000000131351.jpg,0,512,0.0,-0.1884765625,no,0,,,,,,,,,,,,,,,,,,,,,,,,,,,
777,yes/no,Is this room clean?,no,http://images.cocodataset.org/train2014/COCO_train2014_000000131351.jpg,0,512,0.0,-0.625,no,0,,,,,,,,,,,,,,,,,,,,,,,,,,,
778,yes/no,Is the cat trying to catch a bird?,no,http://images.cocodataset.org/train2014/COCO_train2014_000000524572.jpg,0,23,0.28186239010097214,-0.1376953125,no,0,,,,,,,,,,,,,,,,,,,,,,,,,,,
779,yes/no,Is the writing in French?,no,http://images.cocodataset.org/train2014/COCO_train2014_000000393503.jpg,0,22,0.3084587161161261,-0.1748046875,no,0,,,,,,,,,,,,,,,,,,,,,,,,,,,
780,yes/no,Is this a traveling circus?,no,http://images.cocodataset.org/train2014/COCO_train2014_000000393503.jpg,0,2,0.9904681423755284,-0.7109375,no,0,,,,,,,,,,,,,,,,,,,,,,,,,,,
781,yes/no,Are there long lenses?,yes,http://images.cocodataset.org/train2014/COCO_train2014_000000414639.jpg,0,512,0.0,-0.75390625,no,0,,,,,,,,,,,,,,,,,,,,,,,,,,,
782,yes/no,Is everyone wearing long sleeves?,yes,http://images.cocodataset.org/train2014/COCO_train2014_000000131366.jpg,0,80,0.49999968950709406,-0.6171875,yes,0,,,,,,,,,,,,,,,,,,,,,,,,,,,
783,yes/no,Are the woman wearing short dresses?,yes,http://images.cocodataset.org/train2014/COCO_train2014_000000131366.jpg,0,8,0.25,-0.462890625,yes,0,,,,,,,,,,,,,,,,,,,,,,,,,,,
784,yes/no,Is the lady smiling?,yes,http://images.cocodataset.org/train2014/COCO_train2014_000000131366.jpg,9,154,0.6366779846939196,-0.111328125,yes,9,18.0,0.02937877845103902,1.0,27.0,0.02940004609892138,27.0,0.029370261138779368,18.0,0.029436108316214522,1.0,1.0,1.0,18.0,0.0293856790692767,31.0,0.027512314440983777,27.0,0.029394240928124902,20.0,0.02648703682930542,2.0,1.1633322422395941e-07,1.0,0.745152435826055,1.0,0.8637400525036966,0.0
785,yes/no,Do they play for Red Sox?,no,http://images.cocodataset.org/train2014/COCO_train2014_000000131366.jpg,0,23,0.9467199125666089,-0.1376953125,no,0,,,,,,,,,,,,,,,,,,,,,,,,,,,
786,yes/no,Is this a mixed race group?,no,http://images.cocodataset.org/train2014/COCO_train2014_000000131366.jpg,0,44,0.992658452287017,-0.1650390625,no,0,,,,,,,,,,,,,,,,,,,,,,,,,,,
787,yes/no,Are these people getting reading to go play sports?,yes,http://images.cocodataset.org/train2014/COCO_train2014_000000131366.jpg,0,64,0.3968906358747382,-0.2470703125,yes,0,,,,,,,,,,,,,,,,,,,,,,,,,,,
788,yes/no,Is there any females?,yes,http://images.cocodataset.org/train2014/COCO_train2014_000000131366.jpg,0,4,0.125,-0.111328125,yes,0,,,,,,,,,,,,,,,,,,,,,,,,,,,
789,yes/no,Is this a shop?,no,http://images.cocodataset.org/train2014/COCO_train2014_000000131366.jpg,0,16,0.16307016528032794,-0.1025390625,no,0,,,,,,,,,,,,,,,,,,,,,,,,,,,
790,yes/no,Are they happy?,yes,http://images.cocodataset.org/train2014/COCO_train2014_000000131366.jpg,0,37,0.1250346262353133,-0.111328125,yes,0,,,,,,,,,,,,,,,,,,,,,,,,,,,
791,yes/no,Are the trying to fix the train?,yes,http://images.cocodataset.org/train2014/COCO_train2014_000000497565.jpg,1,59,0.37500805624497674,-0.2177734375,yes,1,18.0,0.12499478561968187,0.0,,,,,,,,,,,,,,,,,,,,,,,,
792,yes/no,Is the train black?,yes,http://images.cocodataset.org/train2014/COCO_train2014_000000497565.jpg,0,61,0.1285510822205718,-0.1376953125,yes,0,,,,,,,,,,,,,,,,,,,,,,,,,,,
793,yes/no,Is this an evening scene?,yes,http://images.cocodataset.org/train2014/COCO_train2014_000000101431.jpg,0,27,0.3124999998472212,-0.1337890625,yes,0,,,,,,,,,,,,,,,,,,,,,,,,,,,
794,yes/no,Is this a desert scene?,yes,http://images.cocodataset.org/train2014/COCO_train2014_000000101431.jpg,0,58,0.9983200193526577,-0.427734375,no,0,,,,,,,,,,,,,,,,,,,,,,,,,,,
795,yes/no,Is this a city street?,yes,http://images.cocodataset.org/train2014/COCO_train2014_000000262442.jpg,0,14,0.3509193652572005,-0.15625,yes,0,,,,,,,,,,,,,,,,,,,,,,,,,,,
796,yes/no,Is she wearing a bonnet?,yes,http://images.cocodataset.org/train2014/COCO_train2014_000000021895.jpg,0,512,0.0,-0.314453125,no,0,,,,,,,,,,,,,,,,,,,,,,,,,,,
797,yes/no,Was the woman's collar treated with starch?,yes,http://images.cocodataset.org/train2014/COCO_train2014_000000021895.jpg,0,91,0.4797413796367622,-0.341796875,yes,0,,,,,,,,,,,,,,,,,,,,,,,,,,,
798,yes/no,Is it going to storm?,no,http://images.cocodataset.org/train2014/COCO_train2014_000000131373.jpg,0,18,0.14912276478712225,-0.142578125,no,0,,,,,,,,,,,,,,,,,,,,,,,,,,,
799,yes/no,Does this room have a low ceiling?,no,http://images.cocodataset.org/train2014/COCO_train2014_000000109277.jpg,0,512,0.0,-0.1796875,no,0,,,,,,,,,,,,,,,,,,,,,,,,,,,
800,yes/no,Is a person wearing a hooded sweatshirt?,no,http://images.cocodataset.org/train2014/COCO_train2014_000000131376.jpg,0,2,-0.0,-0.111328125,no,0,,,,,,,,,,,,,,,,,,,,,,,,,,,
801,yes/no,Is he wearing a helmet?,no,http://images.cocodataset.org/train2014/COCO_train2014_000000131376.jpg,0,512,0.0,-0.12451171875,no,0,,,,,,,,,,,,,,,,,,,,,,,,,,,
802,counting,How many tattoos can be seen on this man's body?,1,http://images.cocodataset.org/train2014/COCO_train2014_000000393227.jpg,0,6,0.9909697976755195,-0.5,1,0,,,,,,,,,,,,,,,,,,,,,,,,,,,
803,counting,How many pieces of furniture which are used for sleeping are featured in this picture?,2,http://images.cocodataset.org/train2014/COCO_train2014_000000131074.jpg,0,89,0.3047214559456091,-0.32421875,two,0,,,,,,,,,,,,,,,,,,,,,,,,,,,
804,counting,How many people are in this image?,1,http://images.cocodataset.org/train2014/COCO_train2014_000000393230.jpg,0,0,0.9959321610444188,-0.11572265625,1,0,,,,,,,,,,,,,,,,,,,,,,,,,,,
805,counting,How many sheeps are this?,3,http://images.cocodataset.org/train2014/COCO_train2014_000000131093.jpg,0,2,0.9912335740173246,-0.30859375,3,0,,,,,,,,,,,,,,,,,,,,,,,,,,,
806,counting,How many giraffes are there?,2,http://images.cocodataset.org/train2014/COCO_train2014_000000000025.jpg,0,6,0.9930507643633031,-0.1611328125,2,0,,,,,,,,,,,,,,,,,,,,,,,,,,,
807,counting,How many animals are in this photo?,2,http://images.cocodataset.org/train2014/COCO_train2014_000000000025.jpg,0,6,0.1981203125901445,-0.1513671875,2,0,,,,,,,,,,,,,,,,,,,,,,,,,,,
808,counting,How many people are on the boat?,5,http://images.cocodataset.org/train2014/COCO_train2014_000000262171.jpg,0,48,0.9959400821644508,-0.9296875,6,0,,,,,,,,,,,,,,,,,,,,,,,,,,,
809,counting,How many people are wearing shorts in the forefront of this photo?,4,http://images.cocodataset.org/train2014/COCO_train2014_000000524325.jpg,3,173,0.9969949702765315,-2.03125,5,3,18.0,0.004931278163932877,0.9910760598382222,17.0,0.005123998026872463,21.0,0.00487804182199797,,,0.9774178175281716,0.0,,,,,,,,,,,,,,,,
810,counting,How many planes are in the picture?,2,http://images.cocodataset.org/train2014/COCO_train2014_000000131118.jpg,0,0,0.9967630223177846,-0.169921875,2,0,,,,,,,,,,,,,,,,,,,,,,,,,,,
811,counting,How many trees are in this photo?,3,http://images.cocodataset.org/train2014/COCO_train2014_000000524338.jpg,0,0,0.994236653547673,-1.4453125,3,0,,,,,,,,,,,,,,,,,,,,,,,,,,,
812,counting,How many flowers are painted on the vase?,3,http://images.cocodataset.org/train2014/COCO_train2014_000000131128.jpg,0,42,0.19024294044161238,-0.83203125,3,0,,,,,,,,,,,,,,,,,,,,,,,,,,,
813,counting,How many elephants are in the water?,2,http://images.cocodataset.org/train2014/COCO_train2014_000000370986.jpg,0,16,0.9972603109238983,-0.921875,2,0,,,,,,,,,,,,,,,,,,,,,,,,,,,
814,counting,How many tails can you see in this picture?,3,http://images.cocodataset.org/train2014/COCO_train2014_000000370986.jpg,0,10,0.9954643252361323,-0.890625,3,0,,,,,,,,,,,,,,,,,,,,,,,,,,,
815,counting,How many tusks are visible?,2,http://images.cocodataset.org/train2014/COCO_train2014_000000262204.jpg,0,0,0.9964429442438457,-0.369140625,2,0,,,,,,,,,,,,,,,,,,,,,,,,,,,
816,counting,How many trees on the table?,3,http://images.cocodataset.org/train2014/COCO_train2014_000000458763.jpg,1,36,0.9887295963182896,-0.1982421875,3,1,20.0,0.007861249434472662,0.0,,,,,,,,,,,,,,,,,,,,,,,,
817,counting,How many horns are in the picture?,0,http://images.cocodataset.org/train2014/COCO_train2014_000000458763.jpg,0,0,0.9906015629507201,-0.6953125,0,0,,,,,,,,,,,,,,,,,,,,,,,,,,,
818,counting,How many Giraffes are in this image?,2,http://images.cocodataset.org/train2014/COCO_train2014_000000000072.jpg,0,512,0.0,-0.1474609375,2,0,,,,,,,,,,,,,,,,,,,,,,,,,,,
819,counting,How many stairs are there?,6,http://images.cocodataset.org/train2014/COCO_train2014_000000393290.jpg,0,69,0.9860289970879106,-0.6640625,6,0,,,,,,,,,,,,,,,,,,,,,,,,,,,
820,counting,How many windows are there?,3,http://images.cocodataset.org/train2014/COCO_train2014_000000393291.jpg,0,46,0.9905323715527062,-0.36328125,2,0,,,,,,,,,,,,,,,,,,,,,,,,,,,
821,counting,How many birds are in the sink?,2,http://images.cocodataset.org/train2014/COCO_train2014_000000393292.jpg,0,0,0.9973432597201349,-0.1796875,2,0,,,,,,,,,,,,,,,,,,,,,,,,,,,
822,counting,How many tennis players are in the photo?,1,http://images.cocodataset.org/train2014/COCO_train2014_000000262221.jpg,0,0,0.9959776736294361,-0.2470703125,1,0,,,,,,,,,,,,,,,,,,,,,,,,,,,
823,counting,How many black sheep are there?,10,http://images.cocodataset.org/train2014/COCO_train2014_000000524375.jpg,0,0,0.9854280057328617,-1.8671875,2,0,,,,,,,,,,,,,,,,,,,,,,,,,,,
824,counting,How many lunches is this?,1,http://images.cocodataset.org/train2014/COCO_train2014_000000524377.jpg,0,6,0.9938780719715411,-0.232421875,1,0,,,,,,,,,,,,,,,,,,,,,,,,,,,
825,counting,How many hot dogs are shown?,1,http://images.cocodataset.org/train2014/COCO_train2014_000000524377.jpg,0,48,0.716086044638107,-0.111328125,1,0,,,,,,,,,,,,,,,,,,,,,,,,,,,
826,counting,How many pickle spears are there?,0,http://images.cocodataset.org/train2014/COCO_train2014_000000524377.jpg,0,512,0.0,-0.1474609375,0,0,,,,,,,,,,,,,,,,,,,,,,,,,,,
827,counting,How many people are eating this hotdog?,1,http://images.cocodataset.org/train2014/COCO_train2014_000000524377.jpg,1,43,0.9983010417132789,-0.302734375,1,1,17.0,0.0057148492534169325,0.9774178175281716,,,,,,,,,,,,,,,,,,,,,,,,
828,counting,How many sauces are there?,1,http://images.cocodataset.org/train2014/COCO_train2014_000000524377.jpg,0,0,0.9975944869440395,-0.203125,1,0,,,,,,,,,,,,,,,,,,,,,,,,,,,
829,counting,How many kinds of meat products are here?,1,http://images.cocodataset.org/train2014/COCO_train2014_000000524377.jpg,1,115,0.6556862425154129,-0.83203125,2,1,16.0,0.0547375808849984,0.954434002924965,,,,,,,,,,,,,,,,,,,,,,,,
830,counting,How many rolls of toilet paper are on the toilet tank?,2,http://images.cocodataset.org/train2014/COCO_train2014_000000262159.jpg,2,149,0.9948845955239249,-0.18359375,2,2,39.0,0.007067905119992859,0.8395595987270131,25.0,0.006928546466712954,,,,,0.6343095546405662,,,,,,,,,,,,,,,,,
831,counting,How many layers are in this cake?,7,http://images.cocodataset.org/train2014/COCO_train2014_000000000092.jpg,2,98,0.9961768032780939,-1.859375,9,2,22.0,0.0068945248299418374,0.9940302114769565,19.0,0.006235923558619602,,,,,0.9494520153879484,,,,,,,,,,,,,,,,,
832,counting,How many people can eat this cake?,1,http://images.cocodataset.org/train2014/COCO_train2014_000000000092.jpg,1,38,0.9958769604613645,-0.439453125,1,1,19.0,0.006009496096513633,0.9258628921382102,,,,,,,,,,,,,,,,,,,,,,,,
833,counting,How many vehicles are shown?,2,http://images.cocodataset.org/train2014/COCO_train2014_000000000094.jpg,0,8,0.9924412147569042,-0.1650390625,2,0,,,,,,,,,,,,,,,,,,,,,,,,,,,
834,counting,How many lamps are there?,2,http://images.cocodataset.org/train2014/COCO_train2014_000000524386.jpg,0,38,0.484375,-0.193359375,2,0,,,,,,,,,,,,,,,,,,,,,,,,,,,
835,counting,How many lamps are in the room?,2,http://images.cocodataset.org/train2014/COCO_train2014_000000524386.jpg,0,2,0.9982470061207974,-0.1884765625,2,0,,,,,,,,,,,,,,,,,,,,,,,,,,,
836,counting,How many pictures on the wall?,4,http://images.cocodataset.org/train2014/COCO_train2014_000000524386.jpg,2,84,0.9915265755853327,-0.2216796875,4,2,16.0,0.007700329888900195,0.9528195311147832,28.0,0.009640777726221768,,,,,0.9397387539970584,,,,,,,,,,,,,,,,,
837,counting,How many TVs are on?,1,http://images.cocodataset.org/train2014/COCO_train2014_000000524386.jpg,1,65,0.991168388761555,-0.11572265625,1,1,35.0,0.0074020553002741895,0.5916727785823275,,,,,,,,,,,,,,,,,,,,,,,,
838,counting,How many pictures are on the wall?,4,http://images.cocodataset.org/train2014/COCO_train2014_000000524386.jpg,2,81,0.699445838731586,-0.2578125,4,2,15.0,0.03335757719175978,0.9654013672997089,30.0,0.0398046269603809,,,,,0.892320349714147,,,,,,,,,,,,,,,,,
839,counting,How many men in the picture are wearing sunglasses?,1,http://images.cocodataset.org/train2014/COCO_train2014_000000131172.jpg,0,0,0.9968757360200413,-0.640625,1,0,,,,,,,,,,,,,,,,,,,,,,,,,,,
840,counting,How many people can be seen?,2,http://images.cocodataset.org/train2014/COCO_train2014_000000393317.jpg,0,4,0.9958979122518041,-0.30859375,2,0,,,,,,,,,,,,,,,,,,,,,,,,,,,
841,counting,How many green lights are there?,1,http://images.cocodataset.org/train2014/COCO_train2014_000000393317.jpg,0,512,0.0,-0.76171875,0,0,,,,,,,,,,,,,,,,,,,,,,,,,,,
842,counting,How many lights does the plane have?,5,http://images.cocodataset.org/train2014/COCO_train2014_000000131174.jpg,0,0,0.9941221580166775,-1.3203125,4,0,,,,,,,,,,,,,,,,,,,,,,,,,,,
843,counting,How many planes are in this photo?,1,http://images.cocodataset.org/train2014/COCO_train2014_000000131174.jpg,0,0,0.9953413568447632,-0.1337890625,1,0,,,,,,,,,,,,,,,,,,,,,,,,,,,
844,counting,How many people are standing in this image?,3,http://images.cocodataset.org/train2014/COCO_train2014_000000546151.jpg,0,2,0.9952932558759785,-1.0,2,0,,,,,,,,,,,,,,,,,,,,,,,,,,,
845,counting,How many poles is the person holding?,2,http://images.cocodataset.org/train2014/COCO_train2014_000000021826.jpg,2,144,0.7241420444282745,-0.12890625,2,2,35.0,0.026321261458273824,0.8304289983406244,83.0,0.029760647181379527,,,,,0.7260570219947269,,,,,,,,,,,,,,,,,
846,counting,How many bodies of water are in this scene?,1,http://images.cocodataset.org/train2014/COCO_train2014_000000000109.jpg,0,0,0.9971421256020895,-0.212890625,1,0,,,,,,,,,,,,,,,,,,,,,,,,,,,
847,counting,How many light post is there?,4,http://images.cocodataset.org/train2014/COCO_train2014_000000000109.jpg,0,0,0.9954961704250285,-1.8046875,5,0,,,,,,,,,,,,,,,,,,,,,,,,,,,
848,counting,How many people are in the picture?,3,http://images.cocodataset.org/train2014/COCO_train2014_000000000113.jpg,0,2,0.9957556053468478,-0.1650390625,3,0,,,,,,,,,,,,,,,,,,,,,,,,,,,
849,counting,How many pigeons are there?,6,http://images.cocodataset.org/train2014/COCO_train2014_000000262260.jpg,0,22,0.9950447391945633,-1.375,6,0,,,,,,,,,,,,,,,,,,,,,,,,,,,
850,counting,How many bells are there?,1,http://images.cocodataset.org/train2014/COCO_train2014_000000131190.jpg,0,0,0.9806862563680453,-0.2080078125,1,0,,,,,,,,,,,,,,,,,,,,,,,,,,,
851,counting,How many clock faces does this building have?,1,http://images.cocodataset.org/train2014/COCO_train2014_000000131190.jpg,0,72,0.9928242244986903,-0.65625,2,0,,,,,,,,,,,,,,,,,,,,,,,,,,,
852,counting,How many flags are by the building's entrance?,0,http://images.cocodataset.org/train2014/COCO_train2014_000000131190.jpg,1,75,0.9980025738912641,-0.5703125,1,1,20.0,0.005191127653052729,0.0,,,,,,,,,,,,,,,,,,,,,,,,
853,counting,How many windows are shown?,5,http://images.cocodataset.org/train2014/COCO_train2014_000000131190.jpg,0,0,0.9954704035999882,-1.7578125,5,0,,,,,,,,,,,,,,,,,,,,,,,,,,,
854,counting,How many windows are pictured?,4,http://images.cocodataset.org/train2014/COCO_train2014_000000131190.jpg,3,118,0.8238088332676653,-1.7109375,5,3,16.0,0.018255630923081537,0.886859507142915,16.0,0.016070768832455045,20.0,0.018768288337097715,,,0.6695919455357793,0.8427376486136673,,,,,,,,,,,,,,,,
855,counting,How many sheep can you see?,2,http://images.cocodataset.org/train2014/COCO_train2014_000000131197.jpg,0,8,0.25,-0.11572265625,2,0,,,,,,,,,,,,,,,,,,,,,,,,,,,
856,counting,How many people are there?,1,http://images.cocodataset.org/train2014/COCO_train2014_000000262273.jpg,0,2,-0.0,-0.11572265625,1,0,,,,,,,,,,,,,,,,,,,,,,,,,,,
857,counting,How many people are in the image?,1,http://images.cocodataset.org/train2014/COCO_train2014_000000262273.jpg,0,0,0.9965993433646341,-0.10693359375,1,0,,,,,,,,,,,,,,,,,,,,,,,,,,,
858,counting,How many birds are there?,3,http://images.cocodataset.org/train2014/COCO_train2014_000000436929.jpg,0,38,0.995332827605679,-0.251953125,3,0,,,,,,,,,,,,,,,,,,,,,,,,,,,
859,counting,How many men are playing baseball?,5,http://images.cocodataset.org/train2014/COCO_train2014_000000284012.jpg,1,7,0.9965503187511404,-1.6875,4,1,25.0,0.006617665494638693,0.9709505944546686,,,,,,,,,,,,,,,,,,,,,,,,
860,counting,How many pots are hanging under the shelf?,2,http://images.cocodataset.org/train2014/COCO_train2014_000000000138.jpg,0,31,0.9976687393889465,-0.27734375,2,0,,,,,,,,,,,,,,,,,,,,,,,,,,,
861,counting,How many zebras are there?,13,http://images.cocodataset.org/train2014/COCO_train2014_000000262285.jpg,0,0,0.9895676693058204,-1.3984375,1,0,,,,,,,,,,,,,,,,,,,,,,,,,,,
862,counting,How many zebras can you see eating?,3,http://images.cocodataset.org/train2014/COCO_train2014_000000000154.jpg,0,0,0.9968425573348048,-0.330078125,1,0,,,,,,,,,,,,,,,,,,,,,,,,,,,
863,counting,How many kinds of animals are in this photo?,1,http://images.cocodataset.org/train2014/COCO_train2014_000000000154.jpg,3,114,0.9345364567434915,-0.1474609375,1,3,18.0,0.014939785656577977,0.0,16.0,0.016633969077801965,18.0,0.01505811501345308,,,0.954434002924965,0.9910760598382222,,,,,,,,,,,,,,,,
864,counting,How many different types of animals are in this scene?,1,http://images.cocodataset.org/train2014/COCO_train2014_000000000154.jpg,2,103,0.9483366235285163,-0.1337890625,1,2,16.0,0.012584044110180301,0.954434002924965,16.0,0.016830331512807252,,,,,0.954434002924965,,,,,,,,,,,,,,,,,
865,counting,How many animals are there?,3,http://images.cocodataset.org/train2014/COCO_train2014_000000000154.jpg,1,25,0.9941468324438294,-0.12451171875,3,1,27.0,0.008029266962752461,0.8075742570071975,,,,,,,,,,,,,,,,,,,,,,,,
866,counting,How many arrows can be seen?,1,http://images.cocodataset.org/train2014/COCO_train2014_000000393242.jpg,0,26,0.4625549647676366,-0.8671875,1,0,,,,,,,,,,,,,,,,,,,,,,,,,,,
867,counting,How many stripes are at the bottom of the picture?,5,http://images.cocodataset.org/train2014/COCO_train2014_000000393242.jpg,0,15,0.9948606989152418,-0.9296875,5,0,,,,,,,,,,,,,,,,,,,,,,,,,,,
868,counting,How many potted plants do you see?,3,http://images.cocodataset.org/train2014/COCO_train2014_000000415089.jpg,0,66,0.9900808820829062,-0.609375,3,0,,,,,,,,,,,,,,,,,,,,,,,,,,,
869,counting,How many chairs are there?,1,http://images.cocodataset.org/train2014/COCO_train2014_000000415089.jpg,0,512,0.0,-0.515625,2,0,,,,,,,,,,,,,,,,,,,,,,,,,,,
870,counting,How many kids in this photo?,3,http://images.cocodataset.org/train2014/COCO_train2014_000000393384.jpg,0,0,0.9837955899479237,-0.890625,2,0,,,,,,,,,,,,,,,,,,,,,,,,,,,
871,counting,How many animals?,5,http://images.cocodataset.org/train2014/COCO_train2014_000000393386.jpg,3,85,0.9618652980617588,-0.77734375,5,3,26.0,0.015624294254535803,0.9041852211335144,22.0,0.010506425733372104,12.0,0.015092073222913366,,,0.9609557933859342,0.9798687566511528,,,,,,,,,,,,,,,,
872,counting,How many laptops are on the coffee table?,3,http://images.cocodataset.org/train2014/COCO_train2014_000000137918.jpg,0,22,0.9943450808281903,-0.169921875,3,0,,,,,,,,,,,,,,,,,,,,,,,,,,,
873,counting,How many people are in the picture?,50,http://images.cocodataset.org/train2014/COCO_train2014_000000438196.jpg,0,32,0.9976225488262532,-0.90234375,1,0,,,,,,,,,,,,,,,,,,,,,,,,,,,
874,counting,How many knobs are there?,4,http://images.cocodataset.org/train2014/COCO_train2014_000000524471.jpg,0,34,0.9876322235249899,-1.0703125,3,0,,,,,,,,,,,,,,,,,,,,,,,,,,,
875,counting,How many buses are there?,1,http://images.cocodataset.org/train2014/COCO_train2014_000000393403.jpg,0,12,0.3231203125901445,-0.482421875,1,0,,,,,,,,,,,,,,,,,,,,,,,,,,,
876,counting,How many decks does this bus have?,2,http://images.cocodataset.org/train2014/COCO_train2014_000000393403.jpg,0,20,0.9975108321585178,-0.15625,2,0,,,,,,,,,,,,,,,,,,,,,,,,,,,
877,counting,How many windows?,11,http://images.cocodataset.org/train2014/COCO_train2014_000000283700.jpg,0,0,0.9966383773705811,-0.625,0,0,,,,,,,,,,,,,,,,,,,,,,,,,,,
878,counting,How many steps does it take to get to the top?,2,http://images.cocodataset.org/train2014/COCO_train2014_000000257513.jpg,1,55,0.9883050167835928,-0.49609375,2,1,17.0,0.014716247325088902,0.8726389366057715,,,,,,,,,,,,,,,,,,,,,,,,
879,counting,How many ski boards are in the picture?,5,http://images.cocodataset.org/train2014/COCO_train2014_000000000201.jpg,3,102,0.9533657607014728,-0.76953125,5,3,28.0,0.01565617270076445,0.8185864430377121,15.0,0.010887430259049155,35.0,0.013772693534494174,,,0.0,0.8009565537978034,,,,,,,,,,,,,,,,
880,counting,How many blue stripes are on the babies shirt?,many,http://images.cocodataset.org/train2014/COCO_train2014_000000131279.jpg,0,52,0.994402923952463,-1.5234375,5,0,,,,,,,,,,,,,,,,,,,,,,,,,,,
881,counting,How many babies are in this photo?,2,http://images.cocodataset.org/train2014/COCO_train2014_000000131279.jpg,0,16,0.24024101186092028,-0.1474609375,2,0,,,,,,,,,,,,,,,,,,,,,,,,,,,
882,counting,How many balls are on the ground?,6,http://images.cocodataset.org/train2014/COCO_train2014_000000554301.jpg,1,47,0.9974118694684057,-1.4296875,7,1,15.0,0.006841985121545651,0.9182958340544896,,,,,,,,,,,,,,,,,,,,,,,,
883,counting,How many glasses are there?,2,http://images.cocodataset.org/train2014/COCO_train2014_000000262359.jpg,0,512,0.0,-0.482421875,2,0,,,,,,,,,,,,,,,,,,,,,,,,,,,
884,counting,How many horses are on the picture?,3,http://images.cocodataset.org/train2014/COCO_train2014_000000524508.jpg,0,66,0.9912470826940163,-0.3203125,3,0,,,,,,,,,,,,,,,,,,,,,,,,,,,
885,counting,How many horses are in the picture?,3,http://images.cocodataset.org/train2014/COCO_train2014_000000524508.jpg,1,50,0.994515977106557,-0.427734375,3,1,20.0,0.007659454432405318,0.0,,,,,,,,,,,,,,,,,,,,,,,,
886,counting,How many kids?,1,http://images.cocodataset.org/train2014/COCO_train2014_000000393438.jpg,0,512,0.0,-0.41015625,0,0,,,,,,,,,,,,,,,,,,,,,,,,,,,
887,counting,How many black umbrellas?,3,http://images.cocodataset.org/train2014/COCO_train2014_000000393442.jpg,0,0,0.9913421671953554,-0.427734375,3,0,,,,,,,,,,,,,,,,,,,,,,,,,,,
888,counting,How many skis are on the ground?,4,http://images.cocodataset.org/train2014/COCO_train2014_000000131299.jpg,2,104,0.5861603096342775,-1.2578125,4,2,36.0,0.06825788847791357,0.964862375547367,21.0,0.054552956818885286,,,,,0.91874241485597,,,,,,,,,,,,,,,,,
889,counting,How many water jugs are visible?,2,http://images.cocodataset.org/train2014/COCO_train2014_000000524522.jpg,0,512,0.0,-1.0703125,2,0,,,,,,,,,,,,,,,,,,,,,,,,,,,
890,counting,How many trains are there?,3,http://images.cocodataset.org/train2014/COCO_train2014_000000524525.jpg,0,20,0.979527326146928,-0.3984375,3,0,,,,,,,,,,,,,,,,,,,,,,,,,,,
891,counting,How many kids are there?,5,http://images.cocodataset.org/train2014/COCO_train2014_000000393464.jpg,2,78,0.9828380316734142,-0.11572265625,5,2,21.0,0.01071708873860638,0.863120568566631,23.0,0.011599250181001526,,,,,0.9782534167892911,,,,,,,,,,,,,,,,,
892,counting,How many rocks?,2,http://images.cocodataset.org/train2014/COCO_train2014_000000262393.jpg,0,512,0.0,-0.1611328125,0,0,,,,,,,,,,,,,,,,,,,,,,,,,,,
893,counting,How many zebras are there?,2,http://images.cocodataset.org/train2014/COCO_train2014_000000262393.jpg,0,24,0.9897149686440813,-0.1884765625,2,0,,,,,,,,,,,,,,,,,,,,,,,,,,,
894,counting,How many floors do you think the highest building has?,50,http://images.cocodataset.org/train2014/COCO_train2014_000000000250.jpg,0,2,0.9948932421090609,-1.0,2,0,,,,,,,,,,,,,,,,,,,,,,,,,,,
895,counting,How many people are surfing?,1,http://images.cocodataset.org/train2014/COCO_train2014_000000131339.jpg,0,0,0.9964429442438457,-0.10693359375,1,0,,,,,,,,,,,,,,,,,,,,,,,,,,,
896,counting,How many kids are wearing black and white?,5,http://images.cocodataset.org/train2014/COCO_train2014_000000524557.jpg,2,41,0.9944425143108555,-1.3671875,5,2,15.0,0.009181735870418501,0.8443536850036224,2.0,0.005890220624056325,,,,,0.0,,,,,,,,,,,,,,,,,
897,counting,How many men are wearing hats?,0,http://images.cocodataset.org/train2014/COCO_train2014_000000131342.jpg,0,512,0.0,-0.111328125,0,0,,,,,,,,,,,,,,,,,,,,,,,,,,,
898,counting,How many holes are on the phone case?,1,http://images.cocodataset.org/train2014/COCO_train2014_000000393489.jpg,0,0,0.8508656551829188,-0.640625,1,0,,,,,,,,,,,,,,,,,,,,,,,,,,,
899,counting,How many phones do you see?,1,http://images.cocodataset.org/train2014/COCO_train2014_000000393489.jpg,0,99,0.9965616157274576,-0.1884765625,1,0,,,,,,,,,,,,,,,,,,,,,,,,,,,
900,counting,How many cookies can be seen?,2,http://images.cocodataset.org/train2014/COCO_train2014_000000000009.jpg,0,6,0.9941837999613005,-0.341796875,2,0,,,,,,,,,,,,,,,,,,,,,,,,,,,
901,counting,How many girls are visible?,2,http://images.cocodataset.org/train2014/COCO_train2014_000000393493.jpg,0,512,0.0,-0.2216796875,1,0,,,,,,,,,,,,,,,,,,,,,,,,,,,
902,counting,How many colors are in the tile?,1,http://images.cocodataset.org/train2014/COCO_train2014_000000131351.jpg,1,34,0.9861038388770385,-0.69140625,2,1,24.0,0.014930020801276402,0.9808340377961404,,,,,,,,,,,,,,,,,,,,,,,,
903,counting,How many people are standing next to each other?,4,http://images.cocodataset.org/train2014/COCO_train2014_000000131366.jpg,1,79,0.9711624666231142,-0.169921875,4,1,22.0,0.015492015824879572,0.8508642289005679,,,,,,,,,,,,,,,,,,,,,,,,
904,counting,How many rackets?,8,http://images.cocodataset.org/train2014/COCO_train2014_000000131366.jpg,0,27,0.9946190444664137,-1.296875,4,0,,,,,,,,,,,,,,,,,,,,,,,,,,,
905,counting,How many people are in this photo?,4,http://images.cocodataset.org/train2014/COCO_train2014_000000131366.jpg,0,41,0.9974837933715046,-0.1474609375,4,0,,,,,,,,,,,,,,,,,,,,,,,,,,,
906,counting,How many girls are in the picture?,4,http://images.cocodataset.org/train2014/COCO_train2014_000000131366.jpg,1,45,0.996982539065497,-0.1650390625,4,1,15.0,0.005761928578994584,0.9182958340544896,,,,,,,,,,,,,,,,,,,,,,,,
907,counting,How many people don't have a skateboard?,4,http://images.cocodataset.org/train2014/COCO_train2014_000000131366.jpg,0,36,0.9953101338318084,-0.6953125,0,0,,,,,,,,,,,,,,,,,,,,,,,,,,,
908,counting,How many of the four main individuals are wearing baseball caps?,0,http://images.cocodataset.org/train2014/COCO_train2014_000000131366.jpg,0,46,0.9897931492739407,-0.15625,0,0,,,,,,,,,,,,,,,,,,,,,,,,,,,
909,counting,How many racquets?,8,http://images.cocodataset.org/train2014/COCO_train2014_000000131366.jpg,0,28,0.99168558201767,-1.1875,4,0,,,,,,,,,,,,,,,,,,,,,,,,,,,
910,counting,How many legs are in the image?,8,http://images.cocodataset.org/train2014/COCO_train2014_000000131366.jpg,1,54,0.9132807553246333,-0.369140625,8,1,18.0,0.03953026031727233,0.9206198357143051,,,,,,,,,,,,,,,,,,,,,,,,
911,counting,How many passengers does this bus carry?,30,http://images.cocodataset.org/train2014/COCO_train2014_000000262442.jpg,0,21,0.5180266140251268,-1.7421875,2,0,,,,,,,,,,,,,,,,,,,,,,,,,,,
912,counting,How many open umbrellas are there on the beach?,3,http://images.cocodataset.org/train2014/COCO_train2014_000000131374.jpg,0,12,0.9959965681441887,-1.40625,2,0,,,,,,,,,,,,,,,,,,,,,,,,,,,
913,counting,How many umbrellas do you see?,3,http://images.cocodataset.org/train2014/COCO_train2014_000000131374.jpg,1,62,0.9819899700515358,-0.92578125,3,1,27.0,0.01455618818093268,0.8256265261578954,,,,,,,,,,,,,,,,,,,,,,,,
914,counting,How many striped objects are in the photo?,4,http://images.cocodataset.org/train2014/COCO_train2014_000000131374.jpg,0,39,0.9955991954801283,-1.4453125,3,0,,,,,,,,,,,,,,,,,,,,,,,,,,,
915,location,Where is the giraffe?,near tree,http://images.cocodataset.org/train2014/COCO_train2014_000000000025.jpg,0,96,0.38508621455377656,-1.375,zoo,0,,,,,,,,,,,,,,,,,,,,,,,,,,,
916,location,Where are the two blue coolers?,left,http://images.cocodataset.org/train2014/COCO_train2014_000000262172.jpg,0,83,0.3851375136897471,-0.462890625,floor,0,,,,,,,,,,,,,,,,,,,,,,,,,,,
917,location,Where are the trucks?,dock,http://images.cocodataset.org/train2014/COCO_train2014_000000262184.jpg,0,55,0.4026636834728825,-1.3125,dock,0,,,,,,,,,,,,,,,,,,,,,,,,,,,
918,location,Where is Brooklyn Avenue?,bottom,http://images.cocodataset.org/train2014/COCO_train2014_000000131126.jpg,1,163,0.6223614089193764,-1.8203125,nyc,1,17.0,0.02483997762548337,0.9213299651463159,,,,,,,,,,,,,,,,,,,,,,,,
919,location,Where is the bird?,on cliff,http://images.cocodataset.org/train2014/COCO_train2014_000000262201.jpg,0,74,0.4314489829795985,-0.92578125,on,0,,,,,,,,,,,,,,,,,,,,,,,,,,,
920,location,Where is the mirror?,wall,http://images.cocodataset.org/train2014/COCO_train2014_000000262207.jpg,0,71,0.4281074497187884,-0.83984375,wall,0,,,,,,,,,,,,,,,,,,,,,,,,,,,
921,location,Where is the sink located?,bathroom,http://images.cocodataset.org/train2014/COCO_train2014_000000393291.jpg,0,132,0.33615487563654173,-0.87109375,bathroom,0,,,,,,,,,,,,,,,,,,,,,,,,,,,
922,location,Where is the soap?,shower,http://images.cocodataset.org/train2014/COCO_train2014_000000393291.jpg,0,72,0.3084901366307768,-1.1640625,shower,0,,,,,,,,,,,,,,,,,,,,,,,,,,,
923,location,Where is the human?,on top of hill,http://images.cocodataset.org/train2014/COCO_train2014_000000524375.jpg,0,58,0.3865095691562922,-0.5078125,hill,0,,,,,,,,,,,,,,,,,,,,,,,,,,,
924,location,Where is the light coming from?,window,http://images.cocodataset.org/train2014/COCO_train2014_000000262159.jpg,0,38,0.24959930829414856,-0.828125,window,0,,,,,,,,,,,,,,,,,,,,,,,,,,,
925,location,Where is the television?,wall,http://images.cocodataset.org/train2014/COCO_train2014_000000524386.jpg,0,116,0.2311806946876536,-1.4921875,living,0,,,,,,,,,,,,,,,,,,,,,,,,,,,
926,location,Where is the street sign?,pole,http://images.cocodataset.org/train2014/COCO_train2014_000000393317.jpg,0,91,0.367781754241646,-1.2109375,on,0,,,,,,,,,,,,,,,,,,,,,,,,,,,
927,location,Where are the women walking?,crosswalk,http://images.cocodataset.org/train2014/COCO_train2014_000000393317.jpg,0,51,0.3806374542460361,-1.390625,side,0,,,,,,,,,,,,,,,,,,,,,,,,,,,
928,location,Where is the woman standing?,crosswalk,http://images.cocodataset.org/train2014/COCO_train2014_000000393317.jpg,0,52,0.35512243746032807,-1.109375,side,0,,,,,,,,,,,,,,,,,,,,,,,,,,,
929,location,Where was this shot at?,florist,http://images.cocodataset.org/train2014/COCO_train2014_000000262283.jpg,0,125,0.4309602887477705,-0.9453125,flower,0,,,,,,,,,,,,,,,,,,,,,,,,,,,
930,location,Where is the cupcake?,plate,http://images.cocodataset.org/train2014/COCO_train2014_000000393375.jpg,0,64,0.3877189448699341,-0.91015625,on,0,,,,,,,,,,,,,,,,,,,,,,,,,,,
931,location,Where was this picture taken?,parking lot,http://images.cocodataset.org/train2014/COCO_train2014_000000393384.jpg,1,123,0.374858191299013,-1.390625,beach,1,15.0,0.11414007033979295,0.8024677973715656,,,,,,,,,,,,,,,,,,,,,,,,
932,location,Where is the laptop?,on table,http://images.cocodataset.org/train2014/COCO_train2014_000000137918.jpg,1,108,0.383893914105054,-0.72265625,table,1,17.0,0.16911572897686955,0.8409160494198367,,,,,,,,,,,,,,,,,,,,,,,,
933,location,Where are the two upside down glasses?,nightstand,http://images.cocodataset.org/train2014/COCO_train2014_000000393394.jpg,0,101,0.3257861341098059,-1.8984375,table,0,,,,,,,,,,,,,,,,,,,,,,,,,,,
934,location,Where is the open door?,nowhere,http://images.cocodataset.org/train2014/COCO_train2014_000000393403.jpg,0,29,0.2659972456219628,-1.765625,on,0,,,,,,,,,,,,,,,,,,,,,,,,,,,
935,location,Where are the buns?,by plates,http://images.cocodataset.org/train2014/COCO_train2014_000000524486.jpg,0,72,0.43053021842450834,-1.203125,on,0,,,,,,,,,,,,,,,,,,,,,,,,,,,
936,location,Where is the table lamp?,on table,http://images.cocodataset.org/train2014/COCO_train2014_000000448671.jpg,0,112,0.4740413487858115,-1.328125,desk,0,,,,,,,,,,,,,,,,,,,,,,,,,,,
937,location,Where is the cup?,on table,http://images.cocodataset.org/train2014/COCO_train2014_000000393428.jpg,0,128,0.37847794612150987,-1.03125,table,0,,,,,,,,,,,,,,,,,,,,,,,,,,,
938,location,Where do you think all these are located?,restaurant,http://images.cocodataset.org/train2014/COCO_train2014_000000262359.jpg,0,103,0.39491005985242705,-0.3515625,restaurant,0,,,,,,,,,,,,,,,,,,,,,,,,,,,
939,location,Where is the room?,restaurant,http://images.cocodataset.org/train2014/COCO_train2014_000000262359.jpg,0,113,0.5279097658590893,-0.58203125,restaurant,0,,,,,,,,,,,,,,,,,,,,,,,,,,,
940,location,Where is the cat?,bed,http://images.cocodataset.org/train2014/COCO_train2014_000000393432.jpg,0,130,0.3691654619845489,-0.546875,bed,0,,,,,,,,,,,,,,,,,,,,,,,,,,,
941,location,Where is number 8?,left,http://images.cocodataset.org/train2014/COCO_train2014_000000524557.jpg,0,56,0.46296610124201676,-1.0703125,left,0,,,,,,,,,,,,,,,,,,,,,,,,,,,
942,location,Where is the shower located?,in bathroom,http://images.cocodataset.org/train2014/COCO_train2014_000000546179.jpg,0,40,0.36736008405649717,-1.1484375,bathroom,0,,,,,,,,,,,,,,,,,,,,,,,,,,,
943,location,Where is the cat sitting?,stump,http://images.cocodataset.org/train2014/COCO_train2014_000000524572.jpg,0,131,0.410668598726811,-0.9296875,st,0,,,,,,,,,,,,,,,,,,,,,,,,,,,
944,location,Where is this?,beach,http://images.cocodataset.org/train2014/COCO_train2014_000000131373.jpg,0,136,0.36528772528213144,-0.2421875,beach,0,,,,,,,,,,,,,,,,,,,,,,,,,,,
945,reasoning,Why is the man on the street?,homeless,http://images.cocodataset.org/train2014/COCO_train2014_000000524314.jpg,0,145,0.48360612380118095,-0.48828125,home,0,,,,,,,,,,,,,,,,,,,,,,,,,,,
946,reasoning,Why are the birds only appearing as black silhouettes?,shadows,http://images.cocodataset.org/train2014/COCO_train2014_000000262260.jpg,1,79,0.3321908088432487,-2.0625,shadow,1,17.0,0.19183609388931397,0.9975025463691152,,,,,,,,,,,,,,,,,,,,,,,,
947,reasoning,Why are there so many clothes on the bed?,laundry,http://images.cocodataset.org/train2014/COCO_train2014_000000131208.jpg,0,47,0.505144998957119,-1.1015625,laundry,0,,,,,,,,,,,,,,,,,,,,,,,,,,,
948,reasoning,Why is the man cooking so many hot dogs?,party,http://images.cocodataset.org/train2014/COCO_train2014_000000524486.jpg,1,117,0.8019121573870714,-1.5859375,party,1,17.0,0.05633106480491198,0.8787419949064399,,,,,,,,,,,,,,,,,,,,,,,,
949,reasoning,Why is the girl holding an umbrella?,sun,http://images.cocodataset.org/train2014/COCO_train2014_000000000036.jpg,0,97,0.8797055448159691,-1.078125,shade,0,,,,,,,,,,,,,,,,,,,,,,,,,,,
950,reasoning,Why would someone not like the fruit at the front?,they don't like oranges,http://images.cocodataset.org/train2014/COCO_train2014_000000039288.jpg,0,85,0.5925688083143617,-2.390625,it,0,,,,,,,,,,,,,,,,,,,,,,,,,,,
951,reasoning,Why is the top light on?,to stop traffic,http://images.cocodataset.org/train2014/COCO_train2014_000000524520.jpg,0,121,0.47596899639116025,-0.4765625,stop,0,,,,,,,,,,,,,,,,,,,,,,,,,,,
952,reasoning,Why is the man in mid-air?,snowboarding,http://images.cocodataset.org/train2014/COCO_train2014_000000524547.jpg,1,116,0.4030832191451177,-1.59375,snow,1,18.0,0.13897341747301284,0.8288713632524444,,,,,,,,,,,,,,,,,,,,,,,,
953,classification,What kind of room is this?,living room,http://images.cocodataset.org/train2014/COCO_train2014_000000262172.jpg,0,78,0.378312666259248,-0.462890625,living,0,,,,,,,,,,,,,,,,,,,,,,,,,,,
954,classification,What kind of trees are on the table?,christmas,http://images.cocodataset.org/train2014/COCO_train2014_000000458763.jpg,0,119,0.9945358355446696,-0.58203125,christmas,0,,,,,,,,,,,,,,,,,,,,,,,,,,,
955,classification,What kind of food is shown?,hot dog,http://images.cocodataset.org/train2014/COCO_train2014_000000524377.jpg,1,122,0.5016365466910402,-0.6640625,hot,1,18.0,0.05913290467950873,0.7725068857142602,,,,,,,,,,,,,,,,,,,,,,,,
956,classification,What kind of sauce is in the largest ramekin?,butter,http://images.cocodataset.org/train2014/COCO_train2014_000000524377.jpg,1,142,0.5764237378090273,-1.1953125,may,1,18.0,0.04599391432913511,0.9535998353544741,,,,,,,,,,,,,,,,,,,,,,,,
957,classification,What kind of toppings are on the hot dogs?,onions,http://images.cocodataset.org/train2014/COCO_train2014_000000524377.jpg,1,130,0.5039647434594683,-0.60546875,on,1,18.0,0.08195065777814776,0.9342064019134054,,,,,,,,,,,,,,,,,,,,,,,,
958,classification,What kind of meat is this?,hot dog,http://images.cocodataset.org/train2014/COCO_train2014_000000524377.jpg,0,126,0.5164526200897657,-1.171875,hot,0,,,,,,,,,,,,,,,,,,,,,,,,,,,
959,classification,What kind of potato are the fries?,sweet,http://images.cocodataset.org/train2014/COCO_train2014_000000524377.jpg,1,139,0.5565000629416835,-1.140625,sweet,1,26.0,0.04282815968636607,0.9566466065061588,,,,,,,,,,,,,,,,,,,,,,,,
960,classification,What kind of plants are these?,flowers,http://images.cocodataset.org/train2014/COCO_train2014_000000393306.jpg,0,140,0.5101119972686176,-0.83984375,flowers,0,,,,,,,,,,,,,,,,,,,,,,,,,,,
961,classification,What kind of aircraft is this?,cargo plane,http://images.cocodataset.org/train2014/COCO_train2014_000000393311.jpg,0,96,0.4500717041118296,-0.369140625,cargo,0,,,,,,,,,,,,,,,,,,,,,,,,,,,
962,classification,What kind of lamp is on the floor?,floor lamp,http://images.cocodataset.org/train2014/COCO_train2014_000000524386.jpg,0,136,0.4544139091428816,-1.3828125,floor,0,,,,,,,,,,,,,,,,,,,,,,,,,,,
963,classification,What kind of hat is the man with the girls wearing?,baseball cap,http://images.cocodataset.org/train2014/COCO_train2014_000000131172.jpg,0,151,0.5541551393826993,-0.283203125,baseball,0,,,,,,,,,,,,,,,,,,,,,,,,,,,
964,classification,What kind of celebration is this?,birthday,http://images.cocodataset.org/train2014/COCO_train2014_000000000113.jpg,0,125,0.8149764110190801,-0.8671875,anniversary,0,,,,,,,,,,,,,,,,,,,,,,,,,,,
965,classification,What kind of court is at the edge of the field?,soccer,http://images.cocodataset.org/train2014/COCO_train2014_000000000149.jpg,0,116,0.4476999748550247,-0.48828125,soccer,0,,,,,,,,,,,,,,,,,,,,,,,,,,,
966,classification,What kind of nut is shown?,peanut,http://images.cocodataset.org/train2014/COCO_train2014_000000393379.jpg,0,34,0.9327829964075145,-0.84765625,peanut,0,,,,,,,,,,,,,,,,,,,,,,,,,,,
967,classification,What kind of animals are in there?,cows,http://images.cocodataset.org/train2014/COCO_train2014_000000131245.jpg,0,139,0.5887999088961022,-0.267578125,cows,0,,,,,,,,,,,,,,,,,,,,,,,,,,,
968,classification,What kind of siding is on this house?,tile,http://images.cocodataset.org/train2014/COCO_train2014_000000524471.jpg,1,125,0.896748007759707,-0.482421875,tile,1,17.0,0.04162572031609977,0.8702290979524684,,,,,,,,,,,,,,,,,,,,,,,,
969,classification,What kind of vehicle is the yellow one?,truck,http://images.cocodataset.org/train2014/COCO_train2014_000000283700.jpg,0,98,0.45829495462786135,-0.54296875,truck,0,,,,,,,,,,,,,,,,,,,,,,,,,,,
970,classification,What kind of room is this?,kitchen,http://images.cocodataset.org/train2014/COCO_train2014_000000393418.jpg,1,72,0.542991479714061,-0.09423828125,kitchen,1,15.0,0.07312322640610977,0.8830374409547587,,,,,,,,,,,,,,,,,,,,,,,,
971,classification,What kind of pizza is this?,cheese,http://images.cocodataset.org/train2014/COCO_train2014_000000131300.jpg,0,80,0.5090888320411989,-0.2421875,cheese,0,,,,,,,,,,,,,,,,,,,,,,,,,,,
972,classification,What kind of trees are in this photo?,pine,http://images.cocodataset.org/train2014/COCO_train2014_000000393480.jpg,0,114,0.886107717561388,-0.54296875,pine,0,,,,,,,,,,,,,,,,,,,,,,,,,,,
973,classification,What kind of suit is he wearing?,swim,http://images.cocodataset.org/train2014/COCO_train2014_000000131339.jpg,1,124,0.985812430034391,-1.015625,swim,1,19.0,0.012956330885914316,0.9826301639446198,,,,,,,,,,,,,,,,,,,,,,,,
974,classification,What kind of passenger does the bus carry?,children,http://images.cocodataset.org/train2014/COCO_train2014_000000262415.jpg,0,129,0.4053253838475201,-0.96875,school,0,,,,,,,,,,,,,,,,,,,,,,,,,,,
975,classification,What kind of id is that?,old id,http://images.cocodataset.org/train2014/COCO_train2014_000000393489.jpg,0,119,0.481342163821962,-1.1875,un,0,,,,,,,,,,,,,,,,,,,,,,,,,,,
976,classification,What kind of phone is this?,pharos,http://images.cocodataset.org/train2014/COCO_train2014_000000393489.jpg,0,120,0.45675274518884873,-0.9296875,ph,0,,,,,,,,,,,,,,,,,,,,,,,,,,,
977,classification,What kind of animal is on the beach?,horse,http://images.cocodataset.org/train2014/COCO_train2014_000000131373.jpg,1,98,0.4796748444738742,-0.1337890625,horse,1,15.0,0.11428331725926563,0.7835807040488099,,,,,,,,,,,,,,,,,,,,,,,,
978,comparison,Which hand holds the umbrella?,right,http://images.cocodataset.org/train2014/COCO_train2014_000000131101.jpg,0,93,0.3950607132390009,-0.58203125,right,0,,,,,,,,,,,,,,,,,,,,,,,,,,,
979,comparison,Which direction is Brooklyn Ave?,north,http://images.cocodataset.org/train2014/COCO_train2014_000000131126.jpg,0,135,0.5400419115031347,-1.8359375,north,0,,,,,,,,,,,,,,,,,,,,,,,,,,,
980,comparison,Which hand is the man holding up?,left,http://images.cocodataset.org/train2014/COCO_train2014_000000393306.jpg,0,43,0.46048797681776754,-0.734375,right,0,,,,,,,,,,,,,,,,,,,,,,,,,,,
981,comparison,Which floor lamp is not lit?,one in corner,http://images.cocodataset.org/train2014/COCO_train2014_000000524386.jpg,0,70,0.4435038815655773,-1.8359375,left,0,,,,,,,,,,,,,,,,,,,,,,,,,,,
982,comparison,Which buses are double deckers?,0,http://images.cocodataset.org/train2014/COCO_train2014_000000000149.jpg,0,36,0.9991373925165793,-0.53515625,0,0,,,,,,,,,,,,,,,,,,,,,,,,,,,
983,comparison,Which way can you not turn?,left,http://images.cocodataset.org/train2014/COCO_train2014_000000393419.jpg,0,106,0.4823745359630955,-0.267578125,left,0,,,,,,,,,,,,,,,,,,,,,,,,,,,
984,comparison,Which baby is still an infant?,neither,http://images.cocodataset.org/train2014/COCO_train2014_000000131279.jpg,0,140,0.50922299921238,-2.0,left,0,,,,,,,,,,,,,,,,,,,,,,,,,,,
985,comparison,Which man is controlling the kite?,no,http://images.cocodataset.org/train2014/COCO_train2014_000000474858.jpg,1,96,0.8237115290894884,-2.140625,none,1,17.0,0.06829742988495313,0.9975025463691152,,,,,,,,,,,,,,,,,,,,,,,,
986,comparison,Which vehicle is the smallest?,car,http://images.cocodataset.org/train2014/COCO_train2014_000000131299.jpg,0,147,0.5462512253637071,-0.80078125,car,0,,,,,,,,,,,,,,,,,,,,,,,,,,,
987,comparison,Which hand is the person holding the phone in?,left,http://images.cocodataset.org/train2014/COCO_train2014_000000393489.jpg,1,87,0.5467835885153045,-0.439453125,left,1,15.0,0.08945969008977417,0.8649735207179273,,,,,,,,,,,,,,,,,,,,,,,,
988,comparison,Which room is this?,bedroom,http://images.cocodataset.org/train2014/COCO_train2014_000000131352.jpg,0,121,0.33088656062440824,-0.1376953125,bedroom,0,,,,,,,,,,,,,,,,,,,,,,,,,,,
989,comparison,Which two are actually playing?,0,http://images.cocodataset.org/train2014/COCO_train2014_000000131366.jpg,0,75,0.3456640255601418,-1.1015625,0,0,,,,,,,,,,,,,,,,,,,,,,,,,,,
990,comparison,Which direction is the turn lane going?,right,http://images.cocodataset.org/train2014/COCO_train2014_000000262442.jpg,0,59,0.44513024712353155,-0.6640625,left,0,,,,,,,,,,,,,,,,,,,,,,,,,,,
991,comparison,Which way is the man's hat facing?,down,http://images.cocodataset.org/train2014/COCO_train2014_000000131376.jpg,1,44,0.3363592729075759,-0.671875,down,1,16.0,0.14409039934162754,0.954434002924965,,,,,,,,,,,,,,,,,,,,,,,,
992,person identification,Who made the cock?,rolex,http://images.cocodataset.org/train2014/COCO_train2014_000000000064.jpg,0,94,0.9516297160005075,-3.09375,rolex,0,,,,,,,,,,,,,,,,,,,,,,,,,,,
993,person identification,Whose logo is on the official's chair?,wilson,http://images.cocodataset.org/train2014/COCO_train2014_000000262221.jpg,0,165,0.9667047328995899,-0.203125,wilson,0,,,,,,,,,,,,,,,,,,,,,,,,,,,
994,person identification,Who is in the photo?,zebras,http://images.cocodataset.org/train2014/COCO_train2014_000000000154.jpg,1,138,0.7150244318764726,-1.3828125,zebra,1,15.0,0.0493699918941263,0.9018972358711528,,,,,,,,,,,,,,,,,,,,,,,,
995,person identification,Who is going to eat this pizza?,people,http://images.cocodataset.org/train2014/COCO_train2014_000000000194.jpg,0,147,0.4348903868298337,-1.4375,people,0,,,,,,,,,,,,,,,,,,,,,,,,,,,
996,person identification,Who is the woman the picture on wall?,none,http://images.cocodataset.org/train2014/COCO_train2014_000000131312.jpg,1,142,0.6604339433136507,-0.98046875,mother,1,19.0,0.054722578397346344,0.8743862973701078,,,,,,,,,,,,,,,,,,,,,,,,
997,person identification,Who is the pilot?,man,http://images.cocodataset.org/train2014/COCO_train2014_000000000247.jpg,0,115,0.4349277003262918,-1.2890625,man,0,,,,,,,,,,,,,,,,,,,,,,,,,,,
998,time-related,What game would you play when you saw this as a child?,tag,http://images.cocodataset.org/train2014/COCO_train2014_000000524375.jpg,0,100,0.6145194543544756,-2.71875,sheep,0,,,,,,,,,,,,,,,,,,,,,,,,,,,
999,time-related,Were people moving when this picture was taken?,no,http://images.cocodataset.org/train2014/COCO_train2014_000000474858.jpg,0,14,0.19813221344560522,-0.546875,no,0,,,,,,,,,,,,,,,,,,,,,,,,,,,
