image_id,question_type,question,ground_truth,image_url,n_clusters,n_noise,attention_entropy,token_confidence,predicted_token,cluster_count,cluster_0_n_points,cluster_0_avg_strength,cluster_0_entropy,cluster_1_n_points,cluster_1_avg_strength,cluster_2_n_points,cluster_2_avg_strength,cluster_3_n_points,cluster_3_avg_strength,cluster_1_entropy,cluster_2_entropy,cluster_3_entropy,cluster_4_n_points,cluster_4_avg_strength,cluster_5_n_points,cluster_5_avg_strength,cluster_6_n_points,cluster_6_avg_strength,cluster_7_n_points,cluster_7_avg_strength,cluster_4_entropy,cluster_5_entropy,cluster_6_entropy,cluster_7_entropy
0,object identification,What is this photo taken looking through?,net,http://images.cocodataset.org/train2014/COCO_train2014_000000458752.jpg,0,101,0.3672834475145772,-1.0078125,net,0,,,,,,,,,,,,,,,,,,,,,,,,
1,object identification,What is this man riding on?,skateboard,http://images.cocodataset.org/train2014/COCO_train2014_000000393227.jpg,0,113,0.46298334238781824,-0.10693359375,skate,0,,,,,,,,,,,,,,,,,,,,,,,,
2,object identification,What is this person doing?,skiing,http://images.cocodataset.org/train2014/COCO_train2014_000000393230.jpg,0,74,0.4339695175016822,-0.1982421875,ski,0,,,,,,,,,,,,,,,,,,,,,,,,
3,object identification,What is this?,bear,http://images.cocodataset.org/train2014/COCO_train2014_000000137045.jpg,0,61,0.6063108413619789,-0.287109375,bear,0,,,,,,,,,,,,,,,,,,,,,,,,
4,object identification,What is this device?,refrigerator,http://images.cocodataset.org/train2014/COCO_train2014_000000131113.jpg,0,123,0.4144287986106393,-0.1611328125,refriger,0,,,,,,,,,,,,,,,,,,,,,,,,
5,object identification,What is this animal?,elephant,http://images.cocodataset.org/train2014/COCO_train2014_000000262204.jpg,1,110,0.40986547551623737,-0.111328125,elephant,1,16.0,0.18040948287328495,0.7743974703476992,,,,,,,,,,,,,,,,,,,,,
6,object identification,What is this person wearing on head?,hat,http://images.cocodataset.org/train2014/COCO_train2014_000000000086.jpg,0,151,0.48572382342842685,-0.193359375,helmet,0,,,,,,,,,,,,,,,,,,,,,,,,
7,object identification,What is this man laying on?,surfboard,http://images.cocodataset.org/train2014/COCO_train2014_000000471373.jpg,0,60,0.4426204308154317,-0.142578125,surf,0,,,,,,,,,,,,,,,,,,,,,,,,
8,object identification,What is this person holding?,hot dog,http://images.cocodataset.org/train2014/COCO_train2014_000000393428.jpg,0,104,0.3583090664265017,-0.1982421875,hot,0,,,,,,,,,,,,,,,,,,,,,,,,
9,object identification,What is this person standing on?,sand,http://images.cocodataset.org/train2014/COCO_train2014_000000474858.jpg,0,63,0.37424872459254205,-0.32421875,sand,0,,,,,,,,,,,,,,,,,,,,,,,,
10,object identification,What is this cake made with?,chocolate,http://images.cocodataset.org/train2014/COCO_train2014_000000393445.jpg,0,138,0.4371658914283117,-0.392578125,chocolate,0,,,,,,,,,,,,,,,,,,,,,,,,
11,object identification,What is this person doing?,snowboarding,http://images.cocodataset.org/train2014/COCO_train2014_000000524551.jpg,0,128,0.5549286072631872,-0.27734375,snow,0,,,,,,,,,,,,,,,,,,,,,,,,
12,other,What position is this man playing?,pitcher,http://images.cocodataset.org/train2014/COCO_train2014_000000458752.jpg,0,39,0.3087051349292112,-0.1650390625,pit,0,,,,,,,,,,,,,,,,,,,,,,,,
13,other,What is the person doing?,skiing,http://images.cocodataset.org/train2014/COCO_train2014_000000262146.jpg,1,99,0.35711947500347946,-0.1337890625,ski,1,15.0,0.21789371206563402,0.7835807040488099,,,,,,,,,,,,,,,,,,,,,
14,other,What is in the person's hand?,frisbee,http://images.cocodataset.org/train2014/COCO_train2014_000000524291.jpg,0,42,0.8612786184117777,-0.1201171875,fris,0,,,,,,,,,,,,,,,,,,,,,,,,
15,other,Is the dog looking at a tennis ball or frisbee?,frisbee,http://images.cocodataset.org/train2014/COCO_train2014_000000524291.jpg,0,137,0.5034713625620849,-0.048095703125,fris,0,,,,,,,,,,,,,,,,,,,,,,,,
16,other,What is the white streak?,contrail,http://images.cocodataset.org/train2014/COCO_train2014_000000393221.jpg,0,97,0.34984241540411004,-1.421875,jet,0,,,,,,,,,,,,,,,,,,,,,,,,
17,other,What is the child doing?,brushing teeth,http://images.cocodataset.org/train2014/COCO_train2014_000000393223.jpg,0,129,0.35860715474536975,-0.1748046875,br,0,,,,,,,,,,,,,,,,,,,,,,,,
18,other,What is the business man doing in the picture?,frowning,http://images.cocodataset.org/train2014/COCO_train2014_000000393224.jpg,0,56,0.5187832691829677,-1.5,making,0,,,,,,,,,,,,,,,,,,,,,,,,
19,other,What is the man riding on?,motorcycle,http://images.cocodataset.org/train2014/COCO_train2014_000000131084.jpg,0,41,0.3264068162509778,-1.1640625,dirt,0,,,,,,,,,,,,,,,,,,,,,,,,
20,other,What is on the pillow?,gray,http://images.cocodataset.org/train2014/COCO_train2014_000000131074.jpg,4,98,0.9957427710773459,-1.9765625,pillow,4,62.0,0.005031570061373069,0.9614809383242842,15.0,0.004780363799525104,23.0,0.0056330966062133805,17.0,0.005521984534126643,0.9664572819896988,0.9486586303348535,0.9603948809345497,,,,,,,,,,,,
21,other,What is sitting on the bench?,purse,http://images.cocodataset.org/train2014/COCO_train2014_000000131074.jpg,0,115,0.3276805166673042,-0.6640625,pur,0,,,,,,,,,,,,,,,,,,,,,,,,
22,other,What is the man doing?,skiing,http://images.cocodataset.org/train2014/COCO_train2014_000000393230.jpg,0,124,0.5750037756541935,-0.18359375,ski,0,,,,,,,,,,,,,,,,,,,,,,,,
23,other,What is the person wearing?,skis,http://images.cocodataset.org/train2014/COCO_train2014_000000393230.jpg,1,107,0.7774997655968778,-1.015625,jacket,1,19.0,0.054970840176514116,0.9649618403823442,,,,,,,,,,,,,,,,,,,,,
24,other,What is she holding?,poles,http://images.cocodataset.org/train2014/COCO_train2014_000000393230.jpg,0,103,0.31978559658068745,-0.5,ski,0,,,,,,,,,,,,,,,,,,,,,,,,
25,other,What is the dog riding on?,surfboard,http://images.cocodataset.org/train2014/COCO_train2014_000000131087.jpg,0,70,0.37997623090702265,-0.11572265625,surf,0,,,,,,,,,,,,,,,,,,,,,,,,
26,other,What is in the water?,dog,http://images.cocodataset.org/train2014/COCO_train2014_000000131087.jpg,0,117,0.2881626856756859,-0.78125,surf,0,,,,,,,,,,,,,,,,,,,,,,,,
27,other,"What does the green light, on the TV, indicate?",on,http://images.cocodataset.org/train2014/COCO_train2014_000000131075.jpg,0,52,0.36627294043181347,-1.5859375,power,0,,,,,,,,,,,,,,,,,,,,,,,,
28,other,What room of the house is this?,office,http://images.cocodataset.org/train2014/COCO_train2014_000000131075.jpg,0,121,0.406058480741647,-0.421875,office,0,,,,,,,,,,,,,,,,,,,,,,,,
29,other,What is the size of the TV?,large,http://images.cocodataset.org/train2014/COCO_train2014_000000131075.jpg,0,50,0.41000318137967123,-1.3046875,un,0,,,,,,,,,,,,,,,,,,,,,,,,
30,other,How big is the TV?,very big,http://images.cocodataset.org/train2014/COCO_train2014_000000131075.jpg,1,126,0.4742817754238081,-1.578125,un,1,16.0,0.10614052610545016,0.8194483718728035,,,,,,,,,,,,,,,,,,,,,
31,other,What companion object to the TV can be seen in the bottom right of the picture?,laptop,http://images.cocodataset.org/train2014/COCO_train2014_000000131075.jpg,0,118,0.6758188056305621,-0.54296875,laptop,0,,,,,,,,,,,,,,,,,,,,,,,,
32,other,What is the small computer on the left called?,laptop,http://images.cocodataset.org/train2014/COCO_train2014_000000131075.jpg,0,41,0.9878933166786633,-0.52734375,laptop,0,,,,,,,,,,,,,,,,,,,,,,,,
33,other,What is above the TV?,vent,http://images.cocodataset.org/train2014/COCO_train2014_000000131075.jpg,0,82,0.2880906240547031,-0.69921875,ceiling,0,,,,,,,,,,,,,,,,,,,,,,,,
34,other,What is on the display?,document,http://images.cocodataset.org/train2014/COCO_train2014_000000131075.jpg,0,126,0.3221431998125597,-1.8359375,un,0,,,,,,,,,,,,,,,,,,,,,,,,
35,other,Is it a monitor or a screen projection?,screen projection,http://images.cocodataset.org/train2014/COCO_train2014_000000131075.jpg,0,133,0.9624049714774232,-0.427734375,screen,0,,,,,,,,,,,,,,,,,,,,,,,,
36,other,What is on the TV screen?,computer,http://images.cocodataset.org/train2014/COCO_train2014_000000131075.jpg,0,101,0.3379891449636408,-1.8671875,un,0,,,,,,,,,,,,,,,,,,,,,,,,
37,other,What is the title of the presentation in the picture?,outlook web app,http://images.cocodataset.org/train2014/COCO_train2014_000000131075.jpg,1,108,0.9857021828521485,-1.1953125,cultural,1,15.0,0.01692469709586448,0.7835807040488099,,,,,,,,,,,,,,,,,,,,,
38,other,What is the man playing?,wii,http://images.cocodataset.org/train2014/COCO_train2014_000000524311.jpg,0,129,0.5345214401396621,-0.29296875,wii,0,,,,,,,,,,,,,,,,,,,,,,,,
39,other,What does the man have on his face?,glasses,http://images.cocodataset.org/train2014/COCO_train2014_000000524311.jpg,0,108,0.6158924298924675,-0.1982421875,glasses,0,,,,,,,,,,,,,,,,,,,,,,,,
40,other,What is in front of the giraffes?,tree,http://images.cocodataset.org/train2014/COCO_train2014_000000000025.jpg,0,51,0.32965879196980435,-1.359375,log,0,,,,,,,,,,,,,,,,,,,,,,,,
41,other,What do these giraffes have in common?,eating,http://images.cocodataset.org/train2014/COCO_train2014_000000000025.jpg,0,122,0.34752799396606865,-1.2890625,tall,0,,,,,,,,,,,,,,,,,,,,,,,,
42,other,What is the giraffe standing behind?,tree,http://images.cocodataset.org/train2014/COCO_train2014_000000000025.jpg,0,94,0.37777004628231187,-0.92578125,tree,0,,,,,,,,,,,,,,,,,,,,,,,,
43,other,What is on the ground next to the giraffe on the right?,log,http://images.cocodataset.org/train2014/COCO_train2014_000000000025.jpg,0,41,0.2995622761136159,-1.09375,log,0,,,,,,,,,,,,,,,,,,,,,,,,
44,other,How is the man sitting?,cross legged,http://images.cocodataset.org/train2014/COCO_train2014_000000524314.jpg,1,138,0.5789378454269267,-0.330078125,cross,1,17.0,0.05880297889749433,0.9774178175281716,,,,,,,,,,,,,,,,,,,,,
45,other,"What does the word in the upper-left corner, behind the window, translate to in English?",automatic,http://images.cocodataset.org/train2014/COCO_train2014_000000524314.jpg,0,97,0.4310393019849615,-0.482421875,automatic,0,,,,,,,,,,,,,,,,,,,,,,,,
46,other,What type of watercraft is that?,raft,http://images.cocodataset.org/train2014/COCO_train2014_000000262171.jpg,0,135,0.46021424957609924,-0.6328125,raft,0,,,,,,,,,,,,,,,,,,,,,,,,
47,other,What is the vase sitting on?,railing,http://images.cocodataset.org/train2014/COCO_train2014_000000000030.jpg,0,100,0.9601748772329453,-1.03125,fence,0,,,,,,,,,,,,,,,,,,,,,,,,
48,other,Is the sun to the right or left of this flower?,left,http://images.cocodataset.org/train2014/COCO_train2014_000000000030.jpg,0,0,0.9963983185755725,-0.73828125,right,0,,,,,,,,,,,,,,,,,,,,,,,,
49,other,What is the zebra eating?,grass,http://images.cocodataset.org/train2014/COCO_train2014_000000240304.jpg,0,97,0.3833113740860133,-0.81640625,grass,0,,,,,,,,,,,,,,,,,,,,,,,,
50,other,What is the tree covered with?,wire,http://images.cocodataset.org/train2014/COCO_train2014_000000240304.jpg,1,95,0.3204121501902913,-1.5,leaves,1,16.0,0.20205826003025712,0.7743974703476992,,,,,,,,,,,,,,,,,,,,,
51,other,What is the animal eating?,grass,http://images.cocodataset.org/train2014/COCO_train2014_000000000034.jpg,0,72,0.248906682600899,-0.12451171875,grass,0,,,,,,,,,,,,,,,,,,,,,,,,
52,other,How old is animal?,10 years,http://images.cocodataset.org/train2014/COCO_train2014_000000000034.jpg,0,126,0.3783969960600749,-1.8671875,1,0,,,,,,,,,,,,,,,,,,,,,,,,
53,other,What is the man holding?,knife,http://images.cocodataset.org/train2014/COCO_train2014_000000393251.jpg,0,126,0.45066380132863987,-0.5078125,knife,0,,,,,,,,,,,,,,,,,,,,,,,,
54,other,What is the man cutting?,cake,http://images.cocodataset.org/train2014/COCO_train2014_000000393251.jpg,0,59,0.44182714099995685,-0.1982421875,cake,0,,,,,,,,,,,,,,,,,,,,,,,,
55,other,What is the fruit?,banana,http://images.cocodataset.org/train2014/COCO_train2014_000000262180.jpg,1,120,0.5865542373124535,-0.18359375,banana,1,17.0,0.08532882967922609,0.8516924496551459,,,,,,,,,,,,,,,,,,,,,
56,other,What is the name of the type of person that would make this food?,chef,http://images.cocodataset.org/train2014/COCO_train2014_000000262180.jpg,1,50,0.3518471600482611,-1.2578125,chef,1,19.0,0.1960348030633664,0.858059727974443,,,,,,,,,,,,,,,,,,,,,
57,other,What type of ice cream is on the plate?,vanilla,http://images.cocodataset.org/train2014/COCO_train2014_000000262180.jpg,0,120,0.4382071607354253,-0.3359375,vanilla,0,,,,,,,,,,,,,,,,,,,,,,,,
58,other,Is this an indoor or outdoor photo?,outdoor,http://images.cocodataset.org/train2014/COCO_train2014_000000524325.jpg,0,114,0.4907140273149182,-0.2177734375,outdoor,0,,,,,,,,,,,,,,,,,,,,,,,,
59,other,What's missing from this hot dog?,mustard,http://images.cocodataset.org/train2014/COCO_train2014_000000043697.jpg,0,66,0.4406816477217652,-1.015625,k,0,,,,,,,,,,,,,,,,,,,,,,,,
60,other,What is the hog dog sitting on?,bun,http://images.cocodataset.org/train2014/COCO_train2014_000000043697.jpg,1,109,0.40400791737062547,-0.1474609375,nap,1,15.0,0.10273744368220594,0.9654013672997089,,,,,,,,,,,,,,,,,,,,,
61,other,What is the sky full of?,clouds,http://images.cocodataset.org/train2014/COCO_train2014_000000262184.jpg,0,73,0.7537892475016073,-0.2080078125,clouds,0,,,,,,,,,,,,,,,,,,,,,,,,
62,other,What is the color of the carpet?,brown,http://images.cocodataset.org/train2014/COCO_train2014_000000131113.jpg,1,117,0.5259094436326494,-0.76171875,brown,1,18.0,0.09913607238321154,0.8527924884900404,,,,,,,,,,,,,,,,,,,,,
63,other,What shape are the windows on the side of the plane?,square,http://images.cocodataset.org/train2014/COCO_train2014_000000262187.jpg,0,100,0.3905850343393231,-1.5546875,rectangle,0,,,,,,,,,,,,,,,,,,,,,,,,
64,other,What is the website on the sign?,wmatacom,http://images.cocodataset.org/train2014/COCO_train2014_000000262191.jpg,0,108,0.29442720068883516,-0.9765625,w,0,,,,,,,,,,,,,,,,,,,,,,,,
65,other,What is the bear called?,teddy,http://images.cocodataset.org/train2014/COCO_train2014_000000262191.jpg,0,101,0.8966873641482835,-0.2421875,teddy,0,,,,,,,,,,,,,,,,,,,,,,,,
66,other,What type of tree is the man standing next to?,elm,http://images.cocodataset.org/train2014/COCO_train2014_000000524338.jpg,0,81,0.5052016545087946,-0.9921875,oak,0,,,,,,,,,,,,,,,,,,,,,,,,
67,other,What pattern is on the pants?,stripes,http://images.cocodataset.org/train2014/COCO_train2014_000000213863.jpg,0,36,0.31289392889170553,-1.1171875,stri,0,,,,,,,,,,,,,,,,,,,,,,,,
68,other,What sport is this person playing?,baseball,http://images.cocodataset.org/train2014/COCO_train2014_000000213863.jpg,0,122,0.4822926388019046,-0.10693359375,baseball,0,,,,,,,,,,,,,,,,,,,,,,,,
69,other,What is the position of the player behind the batter called?,catcher,http://images.cocodataset.org/train2014/COCO_train2014_000000213863.jpg,0,105,0.40783105252427326,-0.1376953125,catcher,0,,,,,,,,,,,,,,,,,,,,,,,,
70,other,What are they drinking?,beer,http://images.cocodataset.org/train2014/COCO_train2014_000000393268.jpg,0,111,0.42424269611837506,-0.267578125,beer,0,,,,,,,,,,,,,,,,,,,,,,,,
71,other,What brand of beer is visible?,sierra nevada,http://images.cocodataset.org/train2014/COCO_train2014_000000393268.jpg,0,56,0.9943118246896273,-1.328125,bud,0,,,,,,,,,,,,,,,,,,,,,,,,
72,other,What logo is on the man's shirt?,nike,http://images.cocodataset.org/train2014/COCO_train2014_000000131127.jpg,0,125,0.5645645972708839,-0.5,nike,0,,,,,,,,,,,,,,,,,,,,,,,,
73,other,What direction is the bird looking?,right,http://images.cocodataset.org/train2014/COCO_train2014_000000262201.jpg,0,48,0.42564453619259646,-1.078125,right,0,,,,,,,,,,,,,,,,,,,,,,,,
74,other,What time of day is it?,morning,http://images.cocodataset.org/train2014/COCO_train2014_000000370986.jpg,0,138,0.5359798161377222,-1.25,afternoon,0,,,,,,,,,,,,,,,,,,,,,,,,
75,other,What type of plane is this?,propeller,http://images.cocodataset.org/train2014/COCO_train2014_000000131133.jpg,1,51,0.9454489835943536,-1.6796875,prop,1,18.0,0.02675902582972163,0.872009434056298,,,,,,,,,,,,,,,,,,,,,
76,other,What is in the picture?,clock,http://images.cocodataset.org/train2014/COCO_train2014_000000000064.jpg,0,120,0.4109481386875405,-0.1611328125,clock,0,,,,,,,,,,,,,,,,,,,,,,,,
77,other,What time is the clock showing?,6:10,http://images.cocodataset.org/train2014/COCO_train2014_000000000064.jpg,0,86,0.37656393156579626,-1.109375,1,0,,,,,,,,,,,,,,,,,,,,,,,,
78,other,What are the vases sitting on?,table,http://images.cocodataset.org/train2014/COCO_train2014_000000458763.jpg,1,90,0.24324915767185698,-0.91015625,table,1,16.0,0.24192675120372242,0.7743974703476992,,,,,,,,,,,,,,,,,,,,,
79,other,What is the table made of?,wood,http://images.cocodataset.org/train2014/COCO_train2014_000000458763.jpg,0,95,0.3754535751050311,-0.142578125,wood,0,,,,,,,,,,,,,,,,,,,,,,,,
80,other,What is the green stuff on this pizza?,spinach,http://images.cocodataset.org/train2014/COCO_train2014_000000567990.jpg,1,80,0.40728648378816223,-0.8125,spin,1,17.0,0.1757835851049545,0.8409160494198367,,,,,,,,,,,,,,,,,,,,,
81,other,Is it thick or thin crust?,thick,http://images.cocodataset.org/train2014/COCO_train2014_000000567990.jpg,1,123,0.5333892331606879,-0.212890625,thick,1,15.0,0.06659718385241219,0.9018972358711528,,,,,,,,,,,,,,,,,,,,,
82,other,What is the orange thing?,bag,http://images.cocodataset.org/train2014/COCO_train2014_000000393286.jpg,0,83,0.42695759196716987,-0.93359375,bag,0,,,,,,,,,,,,,,,,,,,,,,,,
83,other,Is this train headed towards or from the orange building?,from,http://images.cocodataset.org/train2014/COCO_train2014_000000000071.jpg,0,147,0.5463264882853499,-0.80078125,from,0,,,,,,,,,,,,,,,,,,,,,,,,
84,other,What is the giraffe eating?,leaves,http://images.cocodataset.org/train2014/COCO_train2014_000000000072.jpg,0,82,0.3248974424721419,-0.421875,leaves,0,,,,,,,,,,,,,,,,,,,,,,,,
85,other,What is on the woman's neck?,necklace,http://images.cocodataset.org/train2014/COCO_train2014_000000393290.jpg,1,109,0.5278690554690161,-0.2080078125,neck,1,15.0,0.1175146492102455,0.8024677973715656,,,,,,,,,,,,,,,,,,,,,
86,other,What item is folded up and sitting on the edge of the shower stall?,towel,http://images.cocodataset.org/train2014/COCO_train2014_000000393291.jpg,0,70,0.35577273003023824,-0.2373046875,to,0,,,,,,,,,,,,,,,,,,,,,,,,
87,other,What pattern is on the shower curtain?,solid,http://images.cocodataset.org/train2014/COCO_train2014_000000393291.jpg,0,122,0.4261138920808269,-0.671875,solid,0,,,,,,,,,,,,,,,,,,,,,,,,
88,other,What are the colors of the countertop?,brown,http://images.cocodataset.org/train2014/COCO_train2014_000000393291.jpg,0,116,0.4442458024330497,-0.43359375,brown,0,,,,,,,,,,,,,,,,,,,,,,,,
89,other,What is the person on the right called?,referee,http://images.cocodataset.org/train2014/COCO_train2014_000000262221.jpg,0,45,0.34378181866041896,-1.0546875,ump,0,,,,,,,,,,,,,,,,,,,,,,,,
90,other,What time does the clock say?,8:00,http://images.cocodataset.org/train2014/COCO_train2014_000000000078.jpg,0,24,0.12500099565819783,-0.462890625,1,0,,,,,,,,,,,,,,,,,,,,,,,,
91,other,What is the last letter over the plane?,e,http://images.cocodataset.org/train2014/COCO_train2014_000000000081.jpg,0,33,0.182732505561729,-1.0546875,e,0,,,,,,,,,,,,,,,,,,,,,,,,
92,other,What is the number on the mailbox?,24,http://images.cocodataset.org/train2014/COCO_train2014_000000000086.jpg,1,92,0.9852747127541929,-0.59765625,3,1,18.0,0.012537461756642452,0.9910760598382222,,,,,,,,,,,,,,,,,,,,,
93,other,What are the animals doing?,grazing,http://images.cocodataset.org/train2014/COCO_train2014_000000524375.jpg,1,47,0.3248583361976506,-0.5703125,gra,1,16.0,0.21430836794676755,0.954434002924965,,,,,,,,,,,,,,,,,,,,,
94,other,What breed of livestock is shown?,sheep,http://images.cocodataset.org/train2014/COCO_train2014_000000524375.jpg,1,117,0.46949754619412876,-0.2578125,sheep,1,16.0,0.12803024988099074,0.7743974703476992,,,,,,,,,,,,,,,,,,,,,
95,other,What language is the sign written in?,spanish,http://images.cocodataset.org/train2014/COCO_train2014_000000131160.jpg,1,103,0.9900383805609195,-1.78125,turkish,1,18.0,0.01393398172773536,0.8527924884900406,,,,,,,,,,,,,,,,,,,,,
96,other,How has the cheese been prepared?,melted,http://images.cocodataset.org/train2014/COCO_train2014_000000524377.jpg,0,104,0.4238084797653114,-1.0703125,mel,0,,,,,,,,,,,,,,,,,,,,,,,,
97,other,What is the cutting board used for in this scene?,plate,http://images.cocodataset.org/train2014/COCO_train2014_000000524377.jpg,0,62,0.38875274696609896,-1.40625,plate,0,,,,,,,,,,,,,,,,,,,,,,,,
98,other,Of what meal is this kind of food typical?,lunch,http://images.cocodataset.org/train2014/COCO_train2014_000000524377.jpg,0,109,0.6720100376904038,-0.51953125,lunch,0,,,,,,,,,,,,,,,,,,,,,,,,
99,other,What type of food is shown?,hot dog,http://images.cocodataset.org/train2014/COCO_train2014_000000524377.jpg,1,114,0.48987978871390025,-0.72265625,hot,1,16.0,0.06568141953840403,0.9414280318460244,,,,,,,,,,,,,,,,,,,,,
100,other,What is the topping on the hot dog?,peppers,http://images.cocodataset.org/train2014/COCO_train2014_000000524377.jpg,1,108,0.46262994139772445,-0.6328125,on,1,16.0,0.09599303867092637,0.5435644431995964,,,,,,,,,,,,,,,,,,,,,
101,other,What topping is on the hot dog?,onions,http://images.cocodataset.org/train2014/COCO_train2014_000000524377.jpg,1,116,0.5206903905191743,-0.69140625,on,1,18.0,0.06319180890523061,0.9206250851407773,,,,,,,,,,,,,,,,,,,,,
102,other,What is in the small container?,butter,http://images.cocodataset.org/train2014/COCO_train2014_000000524377.jpg,1,118,0.4822513195374095,-0.89453125,butter,1,18.0,0.07562153885035137,0.9388201415867106,,,,,,,,,,,,,,,,,,,,,
103,other,What are the components of this dish?,butter,http://images.cocodataset.org/train2014/COCO_train2014_000000524377.jpg,1,100,0.49361981174871133,-0.51953125,hot,1,15.0,0.08921520176890414,0.9018972358711528,,,,,,,,,,,,,,,,,,,,,
104,other,How delicious does this look?,very,http://images.cocodataset.org/train2014/COCO_train2014_000000524377.jpg,0,84,0.47619829650193474,-0.65625,very,0,,,,,,,,,,,,,,,,,,,,,,,,
105,other,What two vegetables are in the white bowl?,none,http://images.cocodataset.org/train2014/COCO_train2014_000000524377.jpg,0,130,0.5041858340857379,-1.2265625,on,0,,,,,,,,,,,,,,,,,,,,,,,,
106,other,What type of filling is in the dish on the bottom left?,mayonnaise,http://images.cocodataset.org/train2014/COCO_train2014_000000524377.jpg,3,110,0.5459378333994516,-1.7734375,butter,3,17.0,0.04814203210065164,0.9967828263127351,15.0,0.08872398329976416,15.0,0.05237085157847546,,,0.7835807040488099,0.9877812438119247,,,,,,,,,,,,,
107,other,What is the yellow stuff in a bowl?,butter,http://images.cocodataset.org/train2014/COCO_train2014_000000524377.jpg,2,130,0.5087556236307165,-0.76171875,butter,2,21.0,0.06523866738745253,0.9314107237997671,15.0,0.055780497469094165,,,,,0.9500685975366211,,,,,,,,,,,,,,
108,other,What is the hot dog sitting on top of?,bun,http://images.cocodataset.org/train2014/COCO_train2014_000000524377.jpg,1,84,0.3840852807015177,-0.546875,bun,1,15.0,0.1828753997792646,0.7835807040488099,,,,,,,,,,,,,,,,,,,,,
109,other,What are the orange things?,sweet potato fries,http://images.cocodataset.org/train2014/COCO_train2014_000000524377.jpg,0,54,0.43619131562379354,-0.43359375,fries,0,,,,,,,,,,,,,,,,,,,,,,,,
110,other,Are the carrots diced or cut long ways?,long ways,http://images.cocodataset.org/train2014/COCO_train2014_000000524377.jpg,2,122,0.617963167038588,-0.57421875,cut,2,34.0,0.025388460151189562,0.9503435562077922,16.0,0.04210647443835157,,,,,1.0,,,,,,,,,,,,,,
111,other,What is in the cup?,mayo,http://images.cocodataset.org/train2014/COCO_train2014_000000524377.jpg,1,112,0.43129720360658985,-0.71875,butter,1,18.0,0.11354438533826484,0.8588801260706667,,,,,,,,,,,,,,,,,,,,,
112,other,What is the orange root called?,sweet potato,http://images.cocodataset.org/train2014/COCO_train2014_000000524377.jpg,0,137,0.7749099405070672,-1.28125,sweet,0,,,,,,,,,,,,,,,,,,,,,,,,
113,other,What is the blackened meat on the bread?,hot dog,http://images.cocodataset.org/train2014/COCO_train2014_000000524377.jpg,1,129,0.5190794599086682,-1.46875,hot,1,16.0,0.05678241556981896,0.9414280318460245,,,,,,,,,,,,,,,,,,,,,
114,other,What is on the sandwich?,hot dog,http://images.cocodataset.org/train2014/COCO_train2014_000000524377.jpg,0,128,0.40917398475302497,-1.25,on,0,,,,,,,,,,,,,,,,,,,,,,,,
115,other,What animal is on the plate?,pig,http://images.cocodataset.org/train2014/COCO_train2014_000000524377.jpg,0,79,0.715122316057937,-1.328125,none,0,,,,,,,,,,,,,,,,,,,,,,,,
116,other,What is on the hotdog?,onions,http://images.cocodataset.org/train2014/COCO_train2014_000000524377.jpg,0,103,0.4257960372178676,-0.5,on,0,,,,,,,,,,,,,,,,,,,,,,,,
117,other,What two vegetables can be seen on the pizza?,none,http://images.cocodataset.org/train2014/COCO_train2014_000000524377.jpg,0,107,0.4366444891975697,-1.5,on,0,,,,,,,,,,,,,,,,,,,,,,,,
118,other,What condiment is on the potatoes?,butter,http://images.cocodataset.org/train2014/COCO_train2014_000000524377.jpg,1,90,0.8501497627981459,-1.09375,pars,1,16.0,0.04034131881324776,0.8957541375001011,,,,,,,,,,,,,,,,,,,,,
119,other,What sauces are shown?,butter,http://images.cocodataset.org/train2014/COCO_train2014_000000524377.jpg,2,128,0.5152645073573267,-1.4140625,may,2,34.0,0.058319761257357126,0.8202370748401807,16.0,0.05225635177949515,,,,,0.8950145145731531,,,,,,,,,,,,,,
120,other,What is mainly featured?,hot dog,http://images.cocodataset.org/train2014/COCO_train2014_000000524377.jpg,0,123,0.43754999925927796,-0.72265625,hot,0,,,,,,,,,,,,,,,,,,,,,,,,
121,other,What is the pattern on the vase?,floral,http://images.cocodataset.org/train2014/COCO_train2014_000000393306.jpg,0,132,0.5647037809364213,-0.609375,floral,0,,,,,,,,,,,,,,,,,,,,,,,,
122,other,What is the primary color of the bathroom?,yellow,http://images.cocodataset.org/train2014/COCO_train2014_000000262159.jpg,0,136,0.5670514488079308,-0.439453125,yellow,0,,,,,,,,,,,,,,,,,,,,,,,,
123,other,What is printed on the orange sign?,pizza,http://images.cocodataset.org/train2014/COCO_train2014_000000000094.jpg,0,124,0.9643261592103275,-2.265625,hotel,0,,,,,,,,,,,,,,,,,,,,,,,,
124,other,What is the name of the hotel?,peace way,http://images.cocodataset.org/train2014/COCO_train2014_000000000094.jpg,0,132,0.4308046310340992,-0.08154296875,peace,0,,,,,,,,,,,,,,,,,,,,,,,,
125,other,What mode of transportation is pictured?,car,http://images.cocodataset.org/train2014/COCO_train2014_000000000094.jpg,0,165,0.5064342310115562,-0.416015625,car,0,,,,,,,,,,,,,,,,,,,,,,,,
126,other,What airline is this?,everts air cargo,http://images.cocodataset.org/train2014/COCO_train2014_000000393311.jpg,1,113,0.9865240439826685,-1.1640625,cargo,1,15.0,0.013102278594755348,0.8443536850036222,,,,,,,,,,,,,,,,,,,,,
127,other,The plane's stand resembles what letter?,a,http://images.cocodataset.org/train2014/COCO_train2014_000000393311.jpg,0,125,0.3800176237177751,-1.8359375,letter,0,,,,,,,,,,,,,,,,,,,,,,,,
128,other,What type of plane is this?,cargo,http://images.cocodataset.org/train2014/COCO_train2014_000000393311.jpg,1,114,0.43292827407111834,-0.1650390625,cargo,1,16.0,0.0629086472231547,0.6695919455357793,,,,,,,,,,,,,,,,,,,,,
129,other,What is written on the picture?,dutchsimba,http://images.cocodataset.org/train2014/COCO_train2014_000000393311.jpg,0,87,0.24085631260079712,-1.5078125,CAR,0,,,,,,,,,,,,,,,,,,,,,,,,
130,other,What shipping company is represented in the scene?,everts air cargo,http://images.cocodataset.org/train2014/COCO_train2014_000000393311.jpg,1,125,0.42120720775681714,-2.265625,car,1,15.0,0.08224442549670555,0.8616157143988104,,,,,,,,,,,,,,,,,,,,,
131,other,What airline is this plane from?,everts air cargo,http://images.cocodataset.org/train2014/COCO_train2014_000000393311.jpg,0,116,0.9950776125184599,-1.8046875,cargo,0,,,,,,,,,,,,,,,,,,,,,,,,
132,other,How does the man get down from the machine?,stairs,http://images.cocodataset.org/train2014/COCO_train2014_000000393311.jpg,0,151,0.5654073906088724,-1.1796875,ladder,0,,,,,,,,,,,,,,,,,,,,,,,,
133,other,What is the picture of on wall?,abstract,http://images.cocodataset.org/train2014/COCO_train2014_000000524386.jpg,0,98,0.41528868809444747,-1.53125,abstract,0,,,,,,,,,,,,,,,,,,,,,,,,
134,other,What is on the carpet?,rug,http://images.cocodataset.org/train2014/COCO_train2014_000000524386.jpg,0,115,0.28336557315506633,-0.1611328125,rug,0,,,,,,,,,,,,,,,,,,,,,,,,
135,other,What are the ladies doing?,texting,http://images.cocodataset.org/train2014/COCO_train2014_000000131172.jpg,0,84,0.47447692112713163,-0.7578125,text,0,,,,,,,,,,,,,,,,,,,,,,,,
136,other,What is written on the street?,nothing,http://images.cocodataset.org/train2014/COCO_train2014_000000393317.jpg,0,108,0.09826031951170255,-0.91015625,avenue,0,,,,,,,,,,,,,,,,,,,,,,,,
137,other,Urban or suburban?,urban,http://images.cocodataset.org/train2014/COCO_train2014_000000393317.jpg,0,141,0.5396481856289751,-0.271484375,urban,0,,,,,,,,,,,,,,,,,,,,,,,,
138,other,What type of vehicle is on the left?,bus,http://images.cocodataset.org/train2014/COCO_train2014_000000393317.jpg,0,72,0.39323812618062715,-0.1025390625,bus,0,,,,,,,,,,,,,,,,,,,,,,,,
139,other,What is being held green?,light,http://images.cocodataset.org/train2014/COCO_train2014_000000393317.jpg,0,124,0.3276499054961781,-2.078125,stop,0,,,,,,,,,,,,,,,,,,,,,,,,
140,other,What time of day is it?,afternoon,http://images.cocodataset.org/train2014/COCO_train2014_000000393317.jpg,0,55,0.5084927924179898,-0.9921875,afternoon,0,,,,,,,,,,,,,,,,,,,,,,,,
141,other,What country name is written as the highest word on the bus?,guatemala,http://images.cocodataset.org/train2014/COCO_train2014_000000546151.jpg,0,66,0.47040599725139953,-2.046875,gu,0,,,,,,,,,,,,,,,,,,,,,,,,
142,other,What is the skier standing on?,skis,http://images.cocodataset.org/train2014/COCO_train2014_000000021826.jpg,0,20,0.17994066921473117,-0.796875,skis,0,,,,,,,,,,,,,,,,,,,,,,,,
143,other,What is the person doing?,skiing,http://images.cocodataset.org/train2014/COCO_train2014_000000021826.jpg,0,132,0.4382520362697086,-0.2421875,ski,0,,,,,,,,,,,,,,,,,,,,,,,,
144,other,What infrastructure would one drive on to go perpendicular to the water?,boat,http://images.cocodataset.org/train2014/COCO_train2014_000000000109.jpg,0,97,0.48707885288670244,-0.70703125,boat,0,,,,,,,,,,,,,,,,,,,,,,,,
145,other,What pizza topping is this?,cheese,http://images.cocodataset.org/train2014/COCO_train2014_000000000110.jpg,0,135,0.5540132024502964,-0.11572265625,cheese,0,,,,,,,,,,,,,,,,,,,,,,,,
146,other,What is in the vase next to the flowers?,paper,http://images.cocodataset.org/train2014/COCO_train2014_000000305853.jpg,0,120,0.37310681431895065,-0.765625,paper,0,,,,,,,,,,,,,,,,,,,,,,,,
147,other,Are these flowers real or silk?,real,http://images.cocodataset.org/train2014/COCO_train2014_000000305853.jpg,0,100,0.9570522453734285,-0.3515625,real,0,,,,,,,,,,,,,,,,,,,,,,,,
148,other,England's Queen mother and these blooms share what syllable?,sun,http://images.cocodataset.org/train2014/COCO_train2014_000000305853.jpg,0,128,0.4168985680491377,-2.546875,e,0,,,,,,,,,,,,,,,,,,,,,,,,
149,other,What emblem is on the cake?,words,http://images.cocodataset.org/train2014/COCO_train2014_000000000113.jpg,1,108,0.4974772894068793,-2.125,none,1,16.0,0.0913742968895069,0.8348683589017412,,,,,,,,,,,,,,,,,,,,,
150,other,Are they outside or in?,inside,http://images.cocodataset.org/train2014/COCO_train2014_000000000113.jpg,0,108,0.5050071219843528,-0.796875,inside,0,,,,,,,,,,,,,,,,,,,,,,,,
151,other,What are the initials on the cake?,md,http://images.cocodataset.org/train2014/COCO_train2014_000000000113.jpg,0,44,0.40519944325035445,-2.078125,mk,0,,,,,,,,,,,,,,,,,,,,,,,,
152,other,What utensil is in the pan?,knife,http://images.cocodataset.org/train2014/COCO_train2014_000000262261.jpg,0,109,0.37542903811601014,-0.1025390625,knife,0,,,,,,,,,,,,,,,,,,,,,,,,
153,other,What is the red vegetable in the clear dish?,tomato,http://images.cocodataset.org/train2014/COCO_train2014_000000262261.jpg,0,132,0.46475727674835543,-0.5546875,tomato,0,,,,,,,,,,,,,,,,,,,,,,,,
154,other,What tree is on the left?,evergreen,http://images.cocodataset.org/train2014/COCO_train2014_000000131190.jpg,0,94,0.4625293384817651,-1.9296875,bush,0,,,,,,,,,,,,,,,,,,,,,,,,
155,other,What is the material right around the clock?,wood,http://images.cocodataset.org/train2014/COCO_train2014_000000131190.jpg,0,84,0.4260518575389138,-0.53515625,brick,0,,,,,,,,,,,,,,,,,,,,,,,,
156,other,How tall is this building?,100 feet,http://images.cocodataset.org/train2014/COCO_train2014_000000131190.jpg,0,98,0.1250002064954454,-1.7421875,2,0,,,,,,,,,,,,,,,,,,,,,,,,
157,other,What materials are on the roof?,shingles,http://images.cocodataset.org/train2014/COCO_train2014_000000131190.jpg,0,135,0.47427011550395765,-1.46875,tiles,0,,,,,,,,,,,,,,,,,,,,,,,,
158,other,What is in gold at the top of the building?,clock,http://images.cocodataset.org/train2014/COCO_train2014_000000131190.jpg,0,129,0.459982042198647,-0.4765625,bell,0,,,,,,,,,,,,,,,,,,,,,,,,
159,other,What are on both side of the building?,trees,http://images.cocodataset.org/train2014/COCO_train2014_000000131190.jpg,0,117,0.3555951353332883,-0.609375,trees,0,,,,,,,,,,,,,,,,,,,,,,,,
160,other,What is around the tree?,building,http://images.cocodataset.org/train2014/COCO_train2014_000000131190.jpg,1,71,0.24207838130719672,-1.671875,bush,1,20.0,0.19679279900670105,0.8359750080865053,,,,,,,,,,,,,,,,,,,,,
161,other,What is the woman doing in this photo?,petting sheep,http://images.cocodataset.org/train2014/COCO_train2014_000000131197.jpg,0,101,0.9601230505425337,-0.2578125,pet,0,,,,,,,,,,,,,,,,,,,,,,,,
162,other,What are the sheep standing on?,hay,http://images.cocodataset.org/train2014/COCO_train2014_000000131197.jpg,0,113,0.3258592743148415,-0.2275390625,hay,0,,,,,,,,,,,,,,,,,,,,,,,,
163,other,What is the woman feeding the animal?,hay,http://images.cocodataset.org/train2014/COCO_train2014_000000131197.jpg,0,76,0.34523040570733626,-0.99609375,hay,0,,,,,,,,,,,,,,,,,,,,,,,,
164,other,What type of silverware is on the plates?,knife and spoon,http://images.cocodataset.org/train2014/COCO_train2014_000000000127.jpg,1,104,0.40156602290885973,-0.92578125,knife,1,16.0,0.16285345488639852,0.8194483718728035,,,,,,,,,,,,,,,,,,,,,
165,other,What is the man holding in his left hand?,ski pole,http://images.cocodataset.org/train2014/COCO_train2014_000000262273.jpg,0,113,0.3970809741798728,-0.451171875,ski,0,,,,,,,,,,,,,,,,,,,,,,,,
166,other,What is the color of the zipper?,black,http://images.cocodataset.org/train2014/COCO_train2014_000000262273.jpg,1,117,0.48603800734195685,-0.640625,black,1,15.0,0.06671900649744529,0.9877812438119247,,,,,,,,,,,,,,,,,,,,,
167,other,Are the boots a solid color or patterned?,patterned,http://images.cocodataset.org/train2014/COCO_train2014_000000262273.jpg,2,101,0.5800396242596891,-0.380859375,solid,2,17.0,0.03419952671825129,0.9856676426534905,16.0,0.05862215192802235,,,,,0.8957541375001011,,,,,,,,,,,,,,
168,other,What are the people doing in the street?,walking,http://images.cocodataset.org/train2014/COCO_train2014_000000524420.jpg,0,87,0.9695567528258685,-0.18359375,walking,0,,,,,,,,,,,,,,,,,,,,,,,,
169,other,What is floating near the bird?,ice,http://images.cocodataset.org/train2014/COCO_train2014_000000436929.jpg,0,143,0.40932314236942313,-1.0859375,ice,0,,,,,,,,,,,,,,,,,,,,,,,,
170,other,What brand of soda is advertised?,pepsi,http://images.cocodataset.org/train2014/COCO_train2014_000000284012.jpg,0,78,0.9475795935730248,-0.12451171875,pe,0,,,,,,,,,,,,,,,,,,,,,,,,
171,other,What Mexican food restaurant chain is advertised?,del taco,http://images.cocodataset.org/train2014/COCO_train2014_000000284012.jpg,0,27,0.2681038457210367,-2.21875,el,0,,,,,,,,,,,,,,,,,,,,,,,,
172,other,How is the turnout?,good,http://images.cocodataset.org/train2014/COCO_train2014_000000284012.jpg,0,79,0.5221874953634952,-1.1640625,good,0,,,,,,,,,,,,,,,,,,,,,,,,
173,other,What is the large sculpture next to the oversized cola bottle?,building,http://images.cocodataset.org/train2014/COCO_train2014_000000284012.jpg,1,78,0.9985189659669317,-1.3359375,statue,1,16.0,0.007161571238394015,0.8194483718728035,,,,,,,,,,,,,,,,,,,,,
174,other,What time is it?,1:50,http://images.cocodataset.org/train2014/COCO_train2014_000000000138.jpg,0,32,0.9973982797731266,-0.5703125,1,0,,,,,,,,,,,,,,,,,,,,,,,,
175,other,What continent might this be?,africa,http://images.cocodataset.org/train2014/COCO_train2014_000000262285.jpg,0,39,0.8262862711488124,-0.12451171875,africa,0,,,,,,,,,,,,,,,,,,,,,,,,
176,other,What type of fruit is on the plate?,banana,http://images.cocodataset.org/train2014/COCO_train2014_000000000142.jpg,0,108,0.360217335249136,-0.5,banana,0,,,,,,,,,,,,,,,,,,,,,,,,
177,other,What is in the blue chair?,teddy bears,http://images.cocodataset.org/train2014/COCO_train2014_000000131215.jpg,2,113,0.7114152609497832,-0.9296875,teddy,2,30.0,0.04325102303841418,0.9032380071930616,16.0,0.030746196285675112,,,,,0.9528195311147832,,,,,,,,,,,,,,
178,other,What type of footwear is the person wearing?,socks,http://images.cocodataset.org/train2014/COCO_train2014_000000131215.jpg,0,120,0.6920141098544146,-0.87890625,socks,0,,,,,,,,,,,,,,,,,,,,,,,,
179,other,What are the animals doing?,eating,http://images.cocodataset.org/train2014/COCO_train2014_000000000144.jpg,0,128,0.35753543029221896,-0.43359375,eating,0,,,,,,,,,,,,,,,,,,,,,,,,
180,other,What type of animal is in the picture?,giraffe,http://images.cocodataset.org/train2014/COCO_train2014_000000000144.jpg,0,136,0.4705845894247126,-0.08984375,gira,0,,,,,,,,,,,,,,,,,,,,,,,,
181,other,What does the front of the bus say at the top?,special,http://images.cocodataset.org/train2014/COCO_train2014_000000131225.jpg,0,69,0.4307007834373631,-0.1513671875,special,0,,,,,,,,,,,,,,,,,,,,,,,,
182,other,What direction are the animals heading?,right,http://images.cocodataset.org/train2014/COCO_train2014_000000000154.jpg,0,48,0.34346160574195744,-0.91015625,left,0,,,,,,,,,,,,,,,,,,,,,,,,
183,other,Is the zebra walking or standing still?,walking,http://images.cocodataset.org/train2014/COCO_train2014_000000000154.jpg,0,121,0.6726141486878752,-0.7578125,walking,0,,,,,,,,,,,,,,,,,,,,,,,,
184,other,Number of animals?,3,http://images.cocodataset.org/train2014/COCO_train2014_000000000154.jpg,0,512,0.0,-0.1201171875,3,0,,,,,,,,,,,,,,,,,,,,,,,,
185,other,What is on the plate?,cupcake,http://images.cocodataset.org/train2014/COCO_train2014_000000393375.jpg,1,129,0.665510295871778,-0.08154296875,cupcake,1,27.0,0.036570842503714784,0.9150283957027562,,,,,,,,,,,,,,,,,,,,,
186,other,What are the pink pieces of paper called?,post-its,http://images.cocodataset.org/train2014/COCO_train2014_000000393375.jpg,0,123,0.4513381339902727,-0.6640625,post,0,,,,,,,,,,,,,,,,,,,,,,,,
187,other,What is the green stuff?,broccoli,http://images.cocodataset.org/train2014/COCO_train2014_000000393379.jpg,0,129,0.38937286033130036,-0.1025390625,bro,0,,,,,,,,,,,,,,,,,,,,,,,,
188,other,Is this a finger food or dish?,dish,http://images.cocodataset.org/train2014/COCO_train2014_000000393379.jpg,1,144,0.5289265300987915,-0.3984375,dish,1,36.0,0.055606157172034196,0.7777220320701352,,,,,,,,,,,,,,,,,,,,,
189,other,What ICING IS USED ON THIS CAKE?,vanilla,http://images.cocodataset.org/train2014/COCO_train2014_000000262308.jpg,0,91,0.9452361814759944,-1.4765625,butter,0,,,,,,,,,,,,,,,,,,,,,,,,
190,other,What is the figure on the cupcake?,soldier,http://images.cocodataset.org/train2014/COCO_train2014_000000262308.jpg,4,106,0.5778215073438971,-1.0078125,soldier,4,30.0,0.04659508988229027,0.9012486969266276,15.0,0.04590489550722095,18.0,0.05338234359863293,15.0,0.048119844096380475,0.9500685975366211,0.8424887242433627,0.8830374409547587,,,,,,,,,,,,
191,other,What flavor is the cupcake?,vanilla,http://images.cocodataset.org/train2014/COCO_train2014_000000262308.jpg,0,137,0.47721360457155915,-0.1650390625,vanilla,0,,,,,,,,,,,,,,,,,,,,,,,,
192,other,What is the woman doing?,cutting tie,http://images.cocodataset.org/train2014/COCO_train2014_000000000165.jpg,0,109,0.43503810137877214,-0.3359375,cutting,0,,,,,,,,,,,,,,,,,,,,,,,,
193,other,What room is this?,living room,http://images.cocodataset.org/train2014/COCO_train2014_000000415089.jpg,0,52,0.34716221142469345,-1.5234375,living,0,,,,,,,,,,,,,,,,,,,,,,,,
194,other,What is the boy doing?,herding,http://images.cocodataset.org/train2014/COCO_train2014_000000131245.jpg,0,102,0.3637357922300628,-1.6484375,her,0,,,,,,,,,,,,,,,,,,,,,,,,
195,other,What animal is on the walls?,fish,http://images.cocodataset.org/train2014/COCO_train2014_000000393394.jpg,0,118,0.31589953508536434,-1.25,none,0,,,,,,,,,,,,,,,,,,,,,,,,
196,other,Sunny or overcast?,overcast,http://images.cocodataset.org/train2014/COCO_train2014_000000393396.jpg,2,94,0.4585565251200571,-0.0986328125,over,2,18.0,0.07262140214011567,0.9057125980138372,4.0,4.829324551900414e-05,,,,,1.0,,,,,,,,,,,,,,
197,other,What is the color of the roof shingles?,gray,http://images.cocodataset.org/train2014/COCO_train2014_000000393396.jpg,0,76,0.4158474397417773,-0.7890625,brown,0,,,,,,,,,,,,,,,,,,,,,,,,
198,other,What symbol sits atop the tower?,cross,http://images.cocodataset.org/train2014/COCO_train2014_000000393396.jpg,0,90,0.376172355191238,-0.2275390625,cross,0,,,,,,,,,,,,,,,,,,,,,,,,
199,other,What is the grate for?,toaster oven,http://images.cocodataset.org/train2014/COCO_train2014_000000524471.jpg,0,74,0.989740049666275,-1.8515625,cooking,0,,,,,,,,,,,,,,,,,,,,,,,,
200,other,What time is it?,11:55,http://images.cocodataset.org/train2014/COCO_train2014_000000262329.jpg,0,25,0.12500472414105945,-0.92578125,1,0,,,,,,,,,,,,,,,,,,,,,,,,
201,other,What is the brown object with a clock on it?,birdhouse,http://images.cocodataset.org/train2014/COCO_train2014_000000262329.jpg,0,116,0.429583736568326,-1.3515625,house,0,,,,,,,,,,,,,,,,,,,,,,,,
202,other,What number bus is this?,892,http://images.cocodataset.org/train2014/COCO_train2014_000000393403.jpg,2,70,0.9841823192390493,-0.1025390625,8,2,17.0,0.01580706803307355,0.9774178175281716,15.0,0.01492889758679169,,,,,0.9182958340544896,,,,,,,,,,,,,,
203,other,What is the woman holding?,hair dryer,http://images.cocodataset.org/train2014/COCO_train2014_000000524476.jpg,0,47,0.36002760912260107,-1.0859375,hair,0,,,,,,,,,,,,,,,,,,,,,,,,
204,other,What shape is at the bottom of the pole?,rectangle,http://images.cocodataset.org/train2014/COCO_train2014_000000257513.jpg,1,44,0.39586174657459466,-0.828125,round,1,15.0,0.1677529105644649,0.7835807040488099,,,,,,,,,,,,,,,,,,,,,
205,other,What type of bed is in the picture?,bunk bed,http://images.cocodataset.org/train2014/COCO_train2014_000000257513.jpg,0,117,0.41286482223502935,-0.11572265625,b,0,,,,,,,,,,,,,,,,,,,,,,,,
206,other,What is he cooking?,hot dogs,http://images.cocodataset.org/train2014/COCO_train2014_000000524486.jpg,0,49,0.3539331361043843,-0.1650390625,hot,0,,,,,,,,,,,,,,,,,,,,,,,,
207,other,Is this a new or ancient clock?,ancient,http://images.cocodataset.org/train2014/COCO_train2014_000000458785.jpg,2,161,0.7546653899949106,-0.283203125,ancient,2,16.0,0.026174468498671204,0.9056390622295665,20.0,0.030511355455121104,,,,,0.8173454221465103,,,,,,,,,,,,,,
208,other,What time does the clock read?,12:55,http://images.cocodataset.org/train2014/COCO_train2014_000000458785.jpg,0,103,0.12501381886248236,-1.2890625,3,0,,,,,,,,,,,,,,,,,,,,,,,,
209,other,What mountain was this taken at?,lookout,http://images.cocodataset.org/train2014/COCO_train2014_000000000201.jpg,0,123,0.45045512594082177,-2.140625,as,0,,,,,,,,,,,,,,,,,,,,,,,,
210,other,What is the black thing he is wearing?,apron,http://images.cocodataset.org/train2014/COCO_train2014_000000393418.jpg,0,138,0.5264140534128577,-0.18359375,ap,0,,,,,,,,,,,,,,,,,,,,,,,,
211,other,What is the man doing in the picture?,cooking,http://images.cocodataset.org/train2014/COCO_train2014_000000393418.jpg,0,128,0.4317100295361458,-0.38671875,cooking,0,,,,,,,,,,,,,,,,,,,,,,,,
212,other,What is the cartoon man presenting to the cartoon woman?,ring,http://images.cocodataset.org/train2014/COCO_train2014_000000393419.jpg,0,80,0.44477047962684846,-0.421875,ring,0,,,,,,,,,,,,,,,,,,,,,,,,
213,other,What does the sign with the white arrow say?,one way,http://images.cocodataset.org/train2014/COCO_train2014_000000393419.jpg,0,39,0.979109081625875,-0.1025390625,one,0,,,,,,,,,,,,,,,,,,,,,,,,
214,other,"What is above the ""No Left Turn"" sign?",one way,http://images.cocodataset.org/train2014/COCO_train2014_000000393419.jpg,0,46,0.26835684940208454,-1.2265625,one,0,,,,,,,,,,,,,,,,,,,,,,,,
215,other,What is the sign says?,stop,http://images.cocodataset.org/train2014/COCO_train2014_000000393422.jpg,0,74,0.3970513860730109,-0.111328125,stop,0,,,,,,,,,,,,,,,,,,,,,,,,
216,other,What gender are both of the children likely to be?,female,http://images.cocodataset.org/train2014/COCO_train2014_000000131279.jpg,0,127,0.5558143204029786,-1.1171875,female,0,,,,,,,,,,,,,,,,,,,,,,,,
217,other,What is the one girl doing to the other girl's hair?,brushing,http://images.cocodataset.org/train2014/COCO_train2014_000000131279.jpg,0,128,0.9069112851791108,-0.54296875,br,0,,,,,,,,,,,,,,,,,,,,,,,,
218,other,Something new to wear with a men's shirt?,tie,http://images.cocodataset.org/train2014/COCO_train2014_000000448671.jpg,0,65,0.58889958993623,-0.439453125,tie,0,,,,,,,,,,,,,,,,,,,,,,,,
219,other,How much did they pay for the hot dogs?,1,http://images.cocodataset.org/train2014/COCO_train2014_000000393428.jpg,0,83,0.5050202212035237,-1.359375,2,0,,,,,,,,,,,,,,,,,,,,,,,,
220,other,What is in the man's hand?,tennis racket,http://images.cocodataset.org/train2014/COCO_train2014_000000554301.jpg,0,123,0.46727937859260604,-0.890625,tennis,0,,,,,,,,,,,,,,,,,,,,,,,,
221,other,What silverware is on the table?,knife and fork,http://images.cocodataset.org/train2014/COCO_train2014_000000262359.jpg,1,116,0.5225744971365321,-0.94140625,fork,1,16.0,0.10848708998334068,0.7743974703476992,,,,,,,,,,,,,,,,,,,,,
222,other,What type of animal is it?,cat,http://images.cocodataset.org/train2014/COCO_train2014_000000393432.jpg,0,121,0.5171053362232031,-0.111328125,cat,0,,,,,,,,,,,,,,,,,,,,,,,,
223,other,What is the man standing on?,sand,http://images.cocodataset.org/train2014/COCO_train2014_000000474858.jpg,0,57,0.3757143480598323,-0.314453125,sand,0,,,,,,,,,,,,,,,,,,,,,,,,
224,other,What are these men standing in front of?,ocean,http://images.cocodataset.org/train2014/COCO_train2014_000000474858.jpg,0,124,0.3719296871931108,-0.67578125,ocean,0,,,,,,,,,,,,,,,,,,,,,,,,
225,other,What is the temperature outside?,cold,http://images.cocodataset.org/train2014/COCO_train2014_000000474858.jpg,0,104,0.6687581490831914,-1.34375,cold,0,,,,,,,,,,,,,,,,,,,,,,,,
226,other,What is lying on the ground?,surfboard,http://images.cocodataset.org/train2014/COCO_train2014_000000474858.jpg,0,91,0.36897688921615684,-0.203125,surf,0,,,,,,,,,,,,,,,,,,,,,,,,
227,other,What is flying in the air?,kites,http://images.cocodataset.org/train2014/COCO_train2014_000000474858.jpg,0,63,0.29548339850305666,-0.9921875,k,0,,,,,,,,,,,,,,,,,,,,,,,,
228,other,What brand of shoes is the skateboarder wearing?,none,http://images.cocodataset.org/train2014/COCO_train2014_000000474858.jpg,2,125,0.5675081500073852,-0.90234375,nike,2,20.0,0.07935919333275315,0.8427376486136672,2.0,0.0002529410477830431,,,,,0.0,,,,,,,,,,,,,,
229,other,What type of clouds are visible in this photo?,cumulus,http://images.cocodataset.org/train2014/COCO_train2014_000000474858.jpg,2,103,0.3803766933066916,-0.9609375,cum,2,17.0,0.18528002805906685,0.8091970544181966,2.0,1.1669342255435115e-05,,,,,0.0,,,,,,,,,,,,,,
230,other,What is the man doing?,standing,http://images.cocodataset.org/train2014/COCO_train2014_000000474858.jpg,1,115,0.4246195515990407,-0.9609375,standing,1,16.0,0.05679946970895458,0.9362025230160499,,,,,,,,,,,,,,,,,,,,,
231,other,Is the person on the right male or female?,male,http://images.cocodataset.org/train2014/COCO_train2014_000000474858.jpg,2,55,0.6932624082045913,-0.1796875,male,2,18.0,0.10699677393113455,0.8288713632524445,2.0,0.0016722710695452028,,,,,0.0,,,,,,,,,,,,,,
232,other,What object is painted on the surfboard?,star,http://images.cocodataset.org/train2014/COCO_train2014_000000474858.jpg,1,75,0.4367881935586167,-2.34375,sun,1,16.0,0.12510204814067682,0.954434002924965,,,,,,,,,,,,,,,,,,,,,
233,other,What does the train ride along?,tracks,http://images.cocodataset.org/train2014/COCO_train2014_000000165859.jpg,0,77,0.37577442061839383,-0.890625,tracks,0,,,,,,,,,,,,,,,,,,,,,,,,
234,other,What is turned on?,light,http://images.cocodataset.org/train2014/COCO_train2014_000000039288.jpg,0,110,0.39724205276312724,-0.59765625,light,0,,,,,,,,,,,,,,,,,,,,,,,,
235,other,What is the name of the yellow fruit pictured?,banana,http://images.cocodataset.org/train2014/COCO_train2014_000000039288.jpg,0,84,0.43880010236777683,-0.11572265625,banana,0,,,,,,,,,,,,,,,,,,,,,,,,
236,other,What shape are the plates?,round,http://images.cocodataset.org/train2014/COCO_train2014_000000524518.jpg,1,117,0.7355991523903991,-0.69140625,round,1,15.0,0.035712461564049953,0.8886831177898309,,,,,,,,,,,,,,,,,,,,,
237,other,What indicates that this is for a party?,many plates,http://images.cocodataset.org/train2014/COCO_train2014_000000524518.jpg,1,112,0.3679371105426224,-2.1875,beer,1,16.0,0.1654193473670627,0.7743974703476992,,,,,,,,,,,,,,,,,,,,,
238,other,What two utensils are next to the plate?,fork and knife,http://images.cocodataset.org/train2014/COCO_train2014_000000524518.jpg,1,122,0.453146909133268,-1.1015625,fork,1,15.0,0.12603699550809247,0.9967916319816366,,,,,,,,,,,,,,,,,,,,,
239,other,How lucky is it that no one was walking on the sidewalk at that time?,very,http://images.cocodataset.org/train2014/COCO_train2014_000000524520.jpg,0,126,0.9886622770977423,-0.41015625,very,0,,,,,,,,,,,,,,,,,,,,,,,,
240,other,What traffic light is on?,red,http://images.cocodataset.org/train2014/COCO_train2014_000000524520.jpg,0,90,0.47676843927562046,-0.427734375,red,0,,,,,,,,,,,,,,,,,,,,,,,,
241,other,What number does the battery have on his shirt?,11,http://images.cocodataset.org/train2014/COCO_train2014_000000524522.jpg,0,12,0.07395909732279093,-0.12890625,1,0,,,,,,,,,,,,,,,,,,,,,,,,
242,other,What team is the batter from?,yankees,http://images.cocodataset.org/train2014/COCO_train2014_000000524522.jpg,0,57,0.6196104064663114,-0.92578125,oak,0,,,,,,,,,,,,,,,,,,,,,,,,
243,other,What objects are directly above the TV set?,pictures,http://images.cocodataset.org/train2014/COCO_train2014_000000131312.jpg,0,66,0.9452296632639177,-0.53515625,pictures,0,,,,,,,,,,,,,,,,,,,,,,,,
244,other,What print is this woman's dress?,dots,http://images.cocodataset.org/train2014/COCO_train2014_000000131315.jpg,0,149,0.5296759877843317,-1.8046875,check,0,,,,,,,,,,,,,,,,,,,,,,,,
245,other,What is on the handlebars?,bird,http://images.cocodataset.org/train2014/COCO_train2014_000000262389.jpg,0,146,0.4979304498315635,-0.68359375,bird,0,,,,,,,,,,,,,,,,,,,,,,,,
246,other,What bird is on the man's bike?,parrot,http://images.cocodataset.org/train2014/COCO_train2014_000000262389.jpg,3,184,0.9947674001079334,-0.2216796875,parrot,3,19.0,0.006290159586245392,0.8899149938380799,16.0,0.007296350110799873,23.0,0.006158320114300652,,,0.954434002924965,0.9863237070924825,,,,,,,,,,,,,
247,other,What is the fence made of?,metal,http://images.cocodataset.org/train2014/COCO_train2014_000000262393.jpg,0,115,0.31889656959189505,-0.69140625,metal,0,,,,,,,,,,,,,,,,,,,,,,,,
248,other,What is the name of the street that starts with a color?,greenwich,http://images.cocodataset.org/train2014/COCO_train2014_000000000250.jpg,0,127,0.6245283401472929,-0.08984375,green,0,,,,,,,,,,,,,,,,,,,,,,,,
249,other,How can you tell the giraffe is in captivity?,fence,http://images.cocodataset.org/train2014/COCO_train2014_000000131323.jpg,0,133,0.41190673669323796,-0.2216796875,fence,0,,,,,,,,,,,,,,,,,,,,,,,,
250,other,What is the name of the store behind the lady?,pike place fish,http://images.cocodataset.org/train2014/COCO_train2014_000000262399.jpg,0,44,0.33731266936950743,-0.2080078125,pike,0,,,,,,,,,,,,,,,,,,,,,,,,
251,other,What does the lady have in her mouth?,fish,http://images.cocodataset.org/train2014/COCO_train2014_000000262399.jpg,0,120,0.98619143549681,-0.427734375,donut,0,,,,,,,,,,,,,,,,,,,,,,,,
252,other,What are the popsicle sticks used for?,labels,http://images.cocodataset.org/train2014/COCO_train2014_000000131330.jpg,1,102,0.3463648605183679,-1.5859375,plant,1,16.0,0.24327280610009655,0.7743974703476992,,,,,,,,,,,,,,,,,,,,,
253,other,What is the structure in the background?,teepee,http://images.cocodataset.org/train2014/COCO_train2014_000000524547.jpg,0,145,0.4238838438400878,-1.28125,tent,0,,,,,,,,,,,,,,,,,,,,,,,,
254,other,What are these people doing?,snowboarding,http://images.cocodataset.org/train2014/COCO_train2014_000000524551.jpg,0,76,0.3820423303937722,-0.462890625,snow,0,,,,,,,,,,,,,,,,,,,,,,,,
255,other,What is the white structure behind the ramp?,teepee,http://images.cocodataset.org/train2014/COCO_train2014_000000524551.jpg,0,112,0.3639409706980942,-1.0078125,tee,0,,,,,,,,,,,,,,,,,,,,,,,,
256,other,What is on the ground?,snow,http://images.cocodataset.org/train2014/COCO_train2014_000000393480.jpg,0,127,0.3769678769064648,-0.0986328125,snow,0,,,,,,,,,,,,,,,,,,,,,,,,
257,other,What is the man wearing?,shorts,http://images.cocodataset.org/train2014/COCO_train2014_000000131339.jpg,2,109,0.5264091961957637,-0.2080078125,shorts,2,20.0,0.08072966949156664,0.9835386311891134,20.0,0.07608310997356359,,,,,0.8804820237218406,,,,,,,,,,,,,,
258,other,What sport are they playing?,soccer,http://images.cocodataset.org/train2014/COCO_train2014_000000524557.jpg,0,88,0.4873568796733614,-0.1650390625,soccer,0,,,,,,,,,,,,,,,,,,,,,,,,
259,other,Color is the goaltenders shirt?,white,http://images.cocodataset.org/train2014/COCO_train2014_000000524557.jpg,0,82,0.4835777906905882,-0.1513671875,white,0,,,,,,,,,,,,,,,,,,,,,,,,
260,other,Are they coworkers or best friends?,best friends,http://images.cocodataset.org/train2014/COCO_train2014_000000131342.jpg,3,133,0.6289859036651035,-0.78125,co,3,17.0,0.03221534216867968,0.9967828263127351,22.0,0.030306462917479272,27.0,0.029097531529827594,,,0.9970151057384782,0.9728424282675804,,,,,,,,,,,,,
261,other,What is in the glass in the lower right?,wine,http://images.cocodataset.org/train2014/COCO_train2014_000000131342.jpg,0,82,0.9718197918622835,-0.75390625,wine,0,,,,,,,,,,,,,,,,,,,,,,,,
262,other,The wall is made out of?,brick,http://images.cocodataset.org/train2014/COCO_train2014_000000131342.jpg,0,73,0.49710764404425,-0.10693359375,brick,0,,,,,,,,,,,,,,,,,,,,,,,,
263,other,What does the sign in the background say?,no parking,http://images.cocodataset.org/train2014/COCO_train2014_000000262415.jpg,0,134,0.47563498728048637,-1.140625,school,0,,,,,,,,,,,,,,,,,,,,,,,,
264,other,What is behind the mirror?,bus,http://images.cocodataset.org/train2014/COCO_train2014_000000262415.jpg,0,124,0.3264591817765127,-0.68359375,bus,0,,,,,,,,,,,,,,,,,,,,,,,,
265,other,How healthy does this meal look?,very,http://images.cocodataset.org/train2014/COCO_train2014_000000393488.jpg,0,137,0.431952914048457,-0.251953125,very,0,,,,,,,,,,,,,,,,,,,,,,,,
266,other,What meat is used in the main dish?,beef,http://images.cocodataset.org/train2014/COCO_train2014_000000393488.jpg,0,53,0.42437360091024223,-1.1484375,beef,0,,,,,,,,,,,,,,,,,,,,,,,,
267,other,What is the man reaching for?,phone,http://images.cocodataset.org/train2014/COCO_train2014_000000393489.jpg,0,126,0.4074000952081838,-0.625,phone,0,,,,,,,,,,,,,,,,,,,,,,,,
268,other,What language is the text on the sign?,english,http://images.cocodataset.org/train2014/COCO_train2014_000000393489.jpg,0,70,0.6607799147643929,-0.2216796875,english,0,,,,,,,,,,,,,,,,,,,,,,,,
269,other,What is the man holding?,phone,http://images.cocodataset.org/train2014/COCO_train2014_000000393489.jpg,1,116,0.43526087961988424,-0.369140625,phone,1,16.0,0.14333981217701894,0.8194483718728035,,,,,,,,,,,,,,,,,,,,,
270,other,What does this phone case look like?,silver,http://images.cocodataset.org/train2014/COCO_train2014_000000393489.jpg,0,127,0.4582294719190642,-1.625,clear,0,,,,,,,,,,,,,,,,,,,,,,,,
271,other,What is the brand of the phone?,pharos,http://images.cocodataset.org/train2014/COCO_train2014_000000393489.jpg,0,138,0.4404848012904082,-0.1513671875,ph,0,,,,,,,,,,,,,,,,,,,,,,,,
272,other,What does this controller go with?,phone,http://images.cocodataset.org/train2014/COCO_train2014_000000393489.jpg,0,131,0.44008690979000153,-1.1171875,phone,0,,,,,,,,,,,,,,,,,,,,,,,,
273,other,What brand is the phone?,pharos,http://images.cocodataset.org/train2014/COCO_train2014_000000393489.jpg,0,117,0.5090224893790772,-0.1337890625,ph,0,,,,,,,,,,,,,,,,,,,,,,,,
274,other,What is the person holding in their hand?,cell phone,http://images.cocodataset.org/train2014/COCO_train2014_000000393489.jpg,0,111,0.4047408820641332,-0.38671875,phone,0,,,,,,,,,,,,,,,,,,,,,,,,
275,other,What is the person holding?,phone,http://images.cocodataset.org/train2014/COCO_train2014_000000393489.jpg,0,127,0.42909643099180494,-0.38671875,phone,0,,,,,,,,,,,,,,,,,,,,,,,,
276,other,What's on the other side of the shower curtain?,shower,http://images.cocodataset.org/train2014/COCO_train2014_000000546179.jpg,0,62,0.37818531272858413,-1.015625,bat,0,,,,,,,,,,,,,,,,,,,,,,,,
277,other,What is the green stuff?,broccoli,http://images.cocodataset.org/train2014/COCO_train2014_000000000009.jpg,1,112,0.3502665204322017,-0.111328125,bro,1,16.0,0.15000328592796497,0.9463946303571862,,,,,,,,,,,,,,,,,,,,,
278,other,What is the floor made of?,tile,http://images.cocodataset.org/train2014/COCO_train2014_000000131351.jpg,1,112,0.38314620407858846,-0.2080078125,tile,1,15.0,0.21852472881215232,0.9182958340544896,,,,,,,,,,,,,,,,,,,,,
279,other,What is the ratio of white tiles to blue?,many more white,http://images.cocodataset.org/train2014/COCO_train2014_000000131351.jpg,0,52,0.2660106711779494,-0.765625,1,0,,,,,,,,,,,,,,,,,,,,,,,,
280,other,What power tool is present?,drill,http://images.cocodataset.org/train2014/COCO_train2014_000000131351.jpg,0,134,0.46870096270076095,-0.54296875,drill,0,,,,,,,,,,,,,,,,,,,,,,,,
281,other,What fruit is present?,watermelon,http://images.cocodataset.org/train2014/COCO_train2014_000000131352.jpg,0,78,0.5739922904925066,-0.65625,water,0,,,,,,,,,,,,,,,,,,,,,,,,
282,other,What do you think the cat is looking at?,bird,http://images.cocodataset.org/train2014/COCO_train2014_000000524572.jpg,0,49,0.40923191648390156,-2.140625,bird,0,,,,,,,,,,,,,,,,,,,,,,,,
283,other,What utensil is sitting next to the food?,fork,http://images.cocodataset.org/train2014/COCO_train2014_000000112497.jpg,0,59,0.3676826238335828,-0.1796875,fork,0,,,,,,,,,,,,,,,,,,,,,,,,
284,other,What is in the jug?,beer,http://images.cocodataset.org/train2014/COCO_train2014_000000112497.jpg,0,90,0.522026366714349,-0.3203125,beer,0,,,,,,,,,,,,,,,,,,,,,,,,
285,other,What is the name of this crusted food?,pizza,http://images.cocodataset.org/train2014/COCO_train2014_000000112497.jpg,1,87,0.48636484026389737,-0.15625,pizza,1,15.0,0.06670029219636402,0.9161314485121342,,,,,,,,,,,,,,,,,,,,,
286,other,What animal is on the flatbed?,cow,http://images.cocodataset.org/train2014/COCO_train2014_000000393503.jpg,0,133,0.38281833910858204,-0.12890625,cow,0,,,,,,,,,,,,,,,,,,,,,,,,
287,other,What room of the house is this?,kitchen,http://images.cocodataset.org/train2014/COCO_train2014_000000393508.jpg,0,91,0.4740783559256277,-0.0986328125,kitchen,0,,,,,,,,,,,,,,,,,,,,,,,,
288,other,What is the floor made out of?,wood,http://images.cocodataset.org/train2014/COCO_train2014_000000393508.jpg,0,50,0.9649586569548486,-0.142578125,wood,0,,,,,,,,,,,,,,,,,,,,,,,,
289,other,What do you use the stove for?,cooking,http://images.cocodataset.org/train2014/COCO_train2014_000000393508.jpg,0,85,0.4327621381054937,-0.81640625,cook,0,,,,,,,,,,,,,,,,,,,,,,,,
290,other,What is the batter wearing on his ankles?,guards,http://images.cocodataset.org/train2014/COCO_train2014_000000414639.jpg,1,66,0.504441129085363,-1.3671875,socks,1,16.0,0.10384851605057879,0.8950145145731531,,,,,,,,,,,,,,,,,,,,,
291,other,What is the crouching man in the mask called?,catcher,http://images.cocodataset.org/train2014/COCO_train2014_000000414639.jpg,0,38,0.9934128336693268,-0.18359375,catcher,0,,,,,,,,,,,,,,,,,,,,,,,,
292,other,What are the two women carrying?,rackets,http://images.cocodataset.org/train2014/COCO_train2014_000000131366.jpg,0,107,0.27602585815964187,-0.921875,ra,0,,,,,,,,,,,,,,,,,,,,,,,,
293,other,What are these people holding?,tennis rackets,http://images.cocodataset.org/train2014/COCO_train2014_000000131366.jpg,0,91,0.32933774631063467,-0.427734375,tennis,0,,,,,,,,,,,,,,,,,,,,,,,,
294,other,What is the woman wearing on her neck?,collar,http://images.cocodataset.org/train2014/COCO_train2014_000000131366.jpg,0,125,0.4418351106291579,-1.1328125,collar,0,,,,,,,,,,,,,,,,,,,,,,,,
295,other,What sports are they playing?,tennis,http://images.cocodataset.org/train2014/COCO_train2014_000000131366.jpg,0,79,0.43304352063624635,-0.10693359375,tennis,0,,,,,,,,,,,,,,,,,,,,,,,,
296,other,What is the approximate time period of this photo?,1950s,http://images.cocodataset.org/train2014/COCO_train2014_000000131366.jpg,0,41,0.31096309685383455,-0.298828125,1,0,,,,,,,,,,,,,,,,,,,,,,,,
297,other,What are the ladies doing?,playing tennis,http://images.cocodataset.org/train2014/COCO_train2014_000000131366.jpg,0,129,0.5570254422482468,-1.015625,posing,0,,,,,,,,,,,,,,,,,,,,,,,,
298,other,"What three letter word, best describes the liquid container on the ground between the two people?",jug,http://images.cocodataset.org/train2014/COCO_train2014_000000131366.jpg,0,141,0.5308456099402589,-1.4921875,can,0,,,,,,,,,,,,,,,,,,,,,,,,
299,other,What does the wall say on the far left?,nothing,http://images.cocodataset.org/train2014/COCO_train2014_000000131366.jpg,1,118,0.491766464058116,-1.1796875,nothing,1,15.0,0.11205848273370637,0.8443536850036222,,,,,,,,,,,,,,,,,,,,,
300,other,What is the woman wearing?,skirt,http://images.cocodataset.org/train2014/COCO_train2014_000000131366.jpg,0,115,0.9958932876353136,-1.0703125,sweater,0,,,,,,,,,,,,,,,,,,,,,,,,
301,other,What type of photo is this?,black and white,http://images.cocodataset.org/train2014/COCO_train2014_000000131366.jpg,0,126,0.39137500501506983,-0.703125,black,0,,,,,,,,,,,,,,,,,,,,,,,,
302,other,What sport is this?,tennis,http://images.cocodataset.org/train2014/COCO_train2014_000000131366.jpg,0,88,0.47834795160916643,-0.10693359375,tennis,0,,,,,,,,,,,,,,,,,,,,,,,,
303,other,What are the people holding?,tennis rackets,http://images.cocodataset.org/train2014/COCO_train2014_000000131366.jpg,0,117,0.318226011577836,-0.6484375,tennis,0,,,,,,,,,,,,,,,,,,,,,,,,
304,other,What is the group of people holding in their hand?,tennis rackets,http://images.cocodataset.org/train2014/COCO_train2014_000000131366.jpg,0,56,0.5196133785648657,-0.427734375,tennis,0,,,,,,,,,,,,,,,,,,,,,,,,
305,other,Is the game live or on television?,live,http://images.cocodataset.org/train2014/COCO_train2014_000000131366.jpg,2,141,0.6098041378028218,-1.0546875,live,2,15.0,0.03180321698626308,0.9877812438119247,15.0,0.031763100243883666,,,,,0.9877812438119247,,,,,,,,,,,,,,
306,other,How would you call for more information about the bus?,877-pwp-green,http://images.cocodataset.org/train2014/COCO_train2014_000000262442.jpg,0,134,0.4952775324607177,-1.3828125,1,0,,,,,,,,,,,,,,,,,,,,,,,,
307,other,What pattern does the woman have on?,polka dot,http://images.cocodataset.org/train2014/COCO_train2014_000000021895.jpg,1,126,0.5026077738479803,-1.7578125,dots,1,15.0,0.07604498776329977,0.8443536850036222,,,,,,,,,,,,,,,,,,,,,
308,other,What is running across the beach?,horse,http://images.cocodataset.org/train2014/COCO_train2014_000000131373.jpg,0,106,0.42026343398626065,-0.283203125,horse,0,,,,,,,,,,,,,,,,,,,,,,,,
309,other,What is causing the smoke?,grill,http://images.cocodataset.org/train2014/COCO_train2014_000000131374.jpg,0,68,0.9850205347430169,-0.3984375,grill,0,,,,,,,,,,,,,,,,,,,,,,,,
310,other,What ethnicity is the man?,african american,http://images.cocodataset.org/train2014/COCO_train2014_000000109277.jpg,0,135,0.4986742301566505,-0.671875,black,0,,,,,,,,,,,,,,,,,,,,,,,,
311,other,Is the man wearing shorts or pants?,shorts,http://images.cocodataset.org/train2014/COCO_train2014_000000131376.jpg,4,154,0.8081524732350589,-0.32421875,shorts,4,17.0,0.018413098595965283,0.9363348190250749,17.0,0.03696676587317348,22.0,0.023360138844343237,15.0,0.029254709618707485,0.9774178175281716,0.97283015230032,0.8443536850036224,,,,,,,,,,,,
312,color recognition,What color is the players shirt?,orange,http://images.cocodataset.org/train2014/COCO_train2014_000000458752.jpg,0,72,0.45675714195927114,-0.2177734375,orange,0,,,,,,,,,,,,,,,,,,,,,,,,
313,color recognition,What color is the snow?,white,http://images.cocodataset.org/train2014/COCO_train2014_000000262146.jpg,0,54,0.4405882517132232,-0.1982421875,white,0,,,,,,,,,,,,,,,,,,,,,,,,
314,color recognition,What color is the persons headwear?,red,http://images.cocodataset.org/train2014/COCO_train2014_000000262146.jpg,0,30,0.36405789556372364,-0.380859375,red,0,,,,,,,,,,,,,,,,,,,,,,,,
315,color recognition,What color is the toothbrush?,white and purple,http://images.cocodataset.org/train2014/COCO_train2014_000000393223.jpg,0,63,0.4934195840806201,-0.8828125,purple,0,,,,,,,,,,,,,,,,,,,,,,,,
316,color recognition,What colors are shown in this picture?,black and white,http://images.cocodataset.org/train2014/COCO_train2014_000000524297.jpg,0,61,0.3687020626299312,-0.212890625,black,0,,,,,,,,,,,,,,,,,,,,,,,,
317,color recognition,What color is his hat?,blue,http://images.cocodataset.org/train2014/COCO_train2014_000000393227.jpg,0,68,0.45384788154099,-0.10693359375,blue,0,,,,,,,,,,,,,,,,,,,,,,,,
318,color recognition,What color is the jacket?,green,http://images.cocodataset.org/train2014/COCO_train2014_000000131084.jpg,0,53,0.9740942086721404,-0.375,green,0,,,,,,,,,,,,,,,,,,,,,,,,
319,color recognition,What color is the sky?,gray,http://images.cocodataset.org/train2014/COCO_train2014_000000393230.jpg,0,107,0.5348702509797258,-0.2080078125,gray,0,,,,,,,,,,,,,,,,,,,,,,,,
320,color recognition,What color is his coat?,blue,http://images.cocodataset.org/train2014/COCO_train2014_000000393230.jpg,0,49,0.9884147252315192,-0.10693359375,blue,0,,,,,,,,,,,,,,,,,,,,,,,,
321,color recognition,What color is the bear?,black,http://images.cocodataset.org/train2014/COCO_train2014_000000137045.jpg,0,44,0.34142778571937127,-0.12451171875,black,0,,,,,,,,,,,,,,,,,,,,,,,,
322,color recognition,What color are the leaves?,green,http://images.cocodataset.org/train2014/COCO_train2014_000000262171.jpg,0,90,0.2970137765023143,-0.15625,green,0,,,,,,,,,,,,,,,,,,,,,,,,
323,color recognition,What color is the umbrella?,pink,http://images.cocodataset.org/train2014/COCO_train2014_000000131101.jpg,1,106,0.5063232027571057,-0.1337890625,pink,1,16.0,0.042334485876749955,0.9415787376332126,,,,,,,,,,,,,,,,,,,,,
324,color recognition,What color is the vase?,white,http://images.cocodataset.org/train2014/COCO_train2014_000000000030.jpg,0,84,0.43990474120335243,-0.12451171875,white,0,,,,,,,,,,,,,,,,,,,,,,,,
325,color recognition,What color is the napkin?,white,http://images.cocodataset.org/train2014/COCO_train2014_000000043697.jpg,1,32,0.3882197634717206,-0.111328125,white,1,16.0,0.13037612599386234,0.8980898459737487,,,,,,,,,,,,,,,,,,,,,
326,color recognition,What color is the refrigerator?,silver,http://images.cocodataset.org/train2014/COCO_train2014_000000131113.jpg,0,65,0.46349578010203596,-0.302734375,silver,0,,,,,,,,,,,,,,,,,,,,,,,,
327,color recognition,What color is the plane?,red,http://images.cocodataset.org/train2014/COCO_train2014_000000262187.jpg,0,49,0.3017994347218584,-0.796875,red,0,,,,,,,,,,,,,,,,,,,,,,,,
328,color recognition,What color horse is closer to the camera?,black,http://images.cocodataset.org/train2014/COCO_train2014_000000000049.jpg,0,96,0.4408582584612338,-0.232421875,black,0,,,,,,,,,,,,,,,,,,,,,,,,
329,color recognition,What color is the girl's shirt?,blue,http://images.cocodataset.org/train2014/COCO_train2014_000000393268.jpg,0,84,0.8060306010239,-0.287109375,blue,0,,,,,,,,,,,,,,,,,,,,,,,,
330,color recognition,What color are the flowers?,yellow and white,http://images.cocodataset.org/train2014/COCO_train2014_000000131128.jpg,0,97,0.2899695454935665,-0.83984375,white,0,,,,,,,,,,,,,,,,,,,,,,,,
331,color recognition,What colors are the flowers?,yellow and white,http://images.cocodataset.org/train2014/COCO_train2014_000000131128.jpg,0,81,0.30623190889192503,-0.828125,yellow,0,,,,,,,,,,,,,,,,,,,,,,,,
332,color recognition,What color is the animal?,gray,http://images.cocodataset.org/train2014/COCO_train2014_000000262204.jpg,0,62,0.42310798121863036,-0.12890625,gray,0,,,,,,,,,,,,,,,,,,,,,,,,
333,color recognition,What color is the plane?,red and white,http://images.cocodataset.org/train2014/COCO_train2014_000000131133.jpg,0,87,0.3154663849769169,-0.3359375,red,0,,,,,,,,,,,,,,,,,,,,,,,,
334,color recognition,What color are the seats?,tan,http://images.cocodataset.org/train2014/COCO_train2014_000000262207.jpg,0,131,0.44997747642504565,-1.1875,tan,0,,,,,,,,,,,,,,,,,,,,,,,,
335,color recognition,What color is the middle vase?,blue,http://images.cocodataset.org/train2014/COCO_train2014_000000458763.jpg,0,69,0.41046667971402123,-0.1611328125,blue,0,,,,,,,,,,,,,,,,,,,,,,,,
336,color recognition,What color is the window frame?,white,http://images.cocodataset.org/train2014/COCO_train2014_000000393291.jpg,0,113,0.33779702206780265,-0.85546875,white,0,,,,,,,,,,,,,,,,,,,,,,,,
337,color recognition,What color is the sign?,white,http://images.cocodataset.org/train2014/COCO_train2014_000000131160.jpg,0,57,0.4057418141758531,-0.26171875,white,0,,,,,,,,,,,,,,,,,,,,,,,,
338,color recognition,What color is the tray?,white,http://images.cocodataset.org/train2014/COCO_train2014_000000524377.jpg,0,83,0.40873827229741233,-0.1650390625,white,0,,,,,,,,,,,,,,,,,,,,,,,,
339,color recognition,What color is the bathroom?,yellow,http://images.cocodataset.org/train2014/COCO_train2014_000000262159.jpg,0,106,0.36389744835238097,-0.546875,yellow,0,,,,,,,,,,,,,,,,,,,,,,,,
340,color recognition,What color is the wall?,yellow,http://images.cocodataset.org/train2014/COCO_train2014_000000262159.jpg,0,64,0.4062966923948861,-0.58203125,yellow,0,,,,,,,,,,,,,,,,,,,,,,,,
341,color recognition,What color are the bathroom walls?,yellow,http://images.cocodataset.org/train2014/COCO_train2014_000000262159.jpg,0,109,0.4094473591239781,-0.54296875,yellow,0,,,,,,,,,,,,,,,,,,,,,,,,
342,color recognition,What color is the sofa?,gray,http://images.cocodataset.org/train2014/COCO_train2014_000000524386.jpg,1,106,0.46359121290218314,-1.2109375,tan,1,16.0,0.14753263522266905,0.7743974703476992,,,,,,,,,,,,,,,,,,,,,
343,color recognition,What color is the man's shirt in the front of the photo?,black,http://images.cocodataset.org/train2014/COCO_train2014_000000131172.jpg,0,107,0.5269600455289845,-0.6328125,black,0,,,,,,,,,,,,,,,,,,,,,,,,
344,color recognition,What color is the traffic signal?,green,http://images.cocodataset.org/train2014/COCO_train2014_000000393317.jpg,0,66,0.9456720899414932,-0.81640625,yellow,0,,,,,,,,,,,,,,,,,,,,,,,,
345,color recognition,What color is the woman's sweater?,gray,http://images.cocodataset.org/train2014/COCO_train2014_000000000110.jpg,0,108,0.8893324420722404,-1.1640625,gray,0,,,,,,,,,,,,,,,,,,,,,,,,
346,color recognition,What color are the chairs?,blue,http://images.cocodataset.org/train2014/COCO_train2014_000000000113.jpg,0,40,0.3177639114367212,-0.11572265625,blue,0,,,,,,,,,,,,,,,,,,,,,,,,
347,color recognition,What color is the building?,red,http://images.cocodataset.org/train2014/COCO_train2014_000000131190.jpg,0,35,0.3534737490604234,-0.1748046875,red,0,,,,,,,,,,,,,,,,,,,,,,,,
348,color recognition,What color are the flowers?,red,http://images.cocodataset.org/train2014/COCO_train2014_000000131190.jpg,1,92,0.33093159421212304,-1.015625,red,1,16.0,0.190221819323739,0.7743974703476992,,,,,,,,,,,,,,,,,,,,,
349,color recognition,What color is the clock tower in this photo?,white,http://images.cocodataset.org/train2014/COCO_train2014_000000131190.jpg,0,59,0.3708418715238728,-0.34765625,white,0,,,,,,,,,,,,,,,,,,,,,,,,
350,color recognition,What color plate is this?,white,http://images.cocodataset.org/train2014/COCO_train2014_000000000127.jpg,0,42,0.3992763453291806,-0.142578125,white,0,,,,,,,,,,,,,,,,,,,,,,,,
351,color recognition,What color are the skis?,yellow,http://images.cocodataset.org/train2014/COCO_train2014_000000262273.jpg,1,74,0.5354442643507874,-0.1376953125,yellow,1,16.0,0.07589971516018498,0.949701216438411,,,,,,,,,,,,,,,,,,,,,
352,color recognition,What color is the man's hat?,black,http://images.cocodataset.org/train2014/COCO_train2014_000000262273.jpg,1,88,0.4828282837729195,-0.2216796875,black,1,15.0,0.062123357530034486,0.9877812438119247,,,,,,,,,,,,,,,,,,,,,
353,color recognition,What color is the woman's shorts?,black,http://images.cocodataset.org/train2014/COCO_train2014_000000524420.jpg,0,46,0.39114847573974615,-0.1474609375,black,0,,,,,,,,,,,,,,,,,,,,,,,,
354,color recognition,What color is the girl's hair?,red,http://images.cocodataset.org/train2014/COCO_train2014_000000131208.jpg,1,87,0.49280204611476297,-0.76953125,orange,1,16.0,0.14612221391242708,0.8194483718728035,,,,,,,,,,,,,,,,,,,,,
355,color recognition,What color is the catcher's pants?,gray,http://images.cocodataset.org/train2014/COCO_train2014_000000284012.jpg,0,74,0.5003430631455037,-0.369140625,gray,0,,,,,,,,,,,,,,,,,,,,,,,,
356,color recognition,What color flowers are on the top right?,purple,http://images.cocodataset.org/train2014/COCO_train2014_000000262283.jpg,0,78,0.9652872583770703,-0.29296875,pink,0,,,,,,,,,,,,,,,,,,,,,,,,
357,color recognition,What color is the cloth?,gray,http://images.cocodataset.org/train2014/COCO_train2014_000000524428.jpg,1,48,0.9427849414146032,-0.392578125,gray,1,15.0,0.04179789489917283,0.7835807040488099,,,,,,,,,,,,,,,,,,,,,
358,color recognition,What color is the milk carton?,blue,http://images.cocodataset.org/train2014/COCO_train2014_000000000142.jpg,0,46,0.3389881591803376,-0.38671875,blue,0,,,,,,,,,,,,,,,,,,,,,,,,
359,color recognition,What color is the building?,red,http://images.cocodataset.org/train2014/COCO_train2014_000000000149.jpg,0,39,0.2830071530422308,-0.671875,red,0,,,,,,,,,,,,,,,,,,,,,,,,
360,color recognition,What color is this girl's shirt?,red,http://images.cocodataset.org/train2014/COCO_train2014_000000109986.jpg,0,44,0.29499526763839035,-0.1376953125,red,0,,,,,,,,,,,,,,,,,,,,,,,,
361,color recognition,What color is the girls hot dog?,red,http://images.cocodataset.org/train2014/COCO_train2014_000000109986.jpg,0,55,0.39910200071196805,-0.2275390625,red,0,,,,,,,,,,,,,,,,,,,,,,,,
362,color recognition,What color are the girl's lips?,red,http://images.cocodataset.org/train2014/COCO_train2014_000000109986.jpg,0,76,0.4382765406945995,-0.2470703125,red,0,,,,,,,,,,,,,,,,,,,,,,,,
363,color recognition,What color is the school bus?,blue yellow,http://images.cocodataset.org/train2014/COCO_train2014_000000131225.jpg,0,48,0.5060039529461773,-0.451171875,blue,0,,,,,,,,,,,,,,,,,,,,,,,,
364,color recognition,What color is the bus?,blue and yellow,http://images.cocodataset.org/train2014/COCO_train2014_000000131225.jpg,0,114,0.3528357089049095,-0.3359375,blue,0,,,,,,,,,,,,,,,,,,,,,,,,
365,color recognition,What color are the stakes in the dirt?,yellow,http://images.cocodataset.org/train2014/COCO_train2014_000000262299.jpg,0,82,0.4510698186562964,-0.142578125,yellow,0,,,,,,,,,,,,,,,,,,,,,,,,
366,color recognition,What color shirt is the man standing in the background wearing?,yellow,http://images.cocodataset.org/train2014/COCO_train2014_000000262299.jpg,0,85,0.49587854327434683,-0.1748046875,yellow,0,,,,,,,,,,,,,,,,,,,,,,,,
367,color recognition,What color are the majority of sheep?,black,http://images.cocodataset.org/train2014/COCO_train2014_000000393386.jpg,0,57,0.3405185277979929,-0.1884765625,black,0,,,,,,,,,,,,,,,,,,,,,,,,
368,color recognition,What color are the flowers?,pink,http://images.cocodataset.org/train2014/COCO_train2014_000000262329.jpg,1,92,0.4383441687520845,-0.18359375,pink,1,18.0,0.10556033527992843,0.8424887242433627,,,,,,,,,,,,,,,,,,,,,
369,color recognition,What color is the bus?,red and yellow,http://images.cocodataset.org/train2014/COCO_train2014_000000393403.jpg,1,69,0.4250202737786817,-0.75390625,red,1,21.0,0.15800783242329602,0.9141008920185653,,,,,,,,,,,,,,,,,,,,,
370,color recognition,What color are the girls earrings?,silver,http://images.cocodataset.org/train2014/COCO_train2014_000000524476.jpg,0,51,0.9736916423350566,-0.2216796875,silver,0,,,,,,,,,,,,,,,,,,,,,,,,
371,color recognition,What color is the plate?,white,http://images.cocodataset.org/train2014/COCO_train2014_000000000194.jpg,0,39,0.3566034879892054,-0.169921875,white,0,,,,,,,,,,,,,,,,,,,,,,,,
372,color recognition,What color is the car?,orange,http://images.cocodataset.org/train2014/COCO_train2014_000000393412.jpg,0,88,0.47429893434831727,-0.58203125,orange,0,,,,,,,,,,,,,,,,,,,,,,,,
373,color recognition,What color is the sign?,black and white,http://images.cocodataset.org/train2014/COCO_train2014_000000393419.jpg,0,53,0.3639939474916434,-0.287109375,black,0,,,,,,,,,,,,,,,,,,,,,,,,
374,color recognition,What color is the girl's brush?,blue,http://images.cocodataset.org/train2014/COCO_train2014_000000131279.jpg,0,51,0.44275536411705324,-0.298828125,blue,0,,,,,,,,,,,,,,,,,,,,,,,,
375,color recognition,What color is the comb?,blue,http://images.cocodataset.org/train2014/COCO_train2014_000000131279.jpg,1,100,0.5187126889555631,-0.3203125,blue,1,15.0,0.13274498310236243,0.7835807040488099,,,,,,,,,,,,,,,,,,,,,
376,color recognition,What color is the table?,brown,http://images.cocodataset.org/train2014/COCO_train2014_000000393428.jpg,0,101,0.5036194918475743,-0.984375,brown,0,,,,,,,,,,,,,,,,,,,,,,,,
377,color recognition,What color is the knife handle?,silver,http://images.cocodataset.org/train2014/COCO_train2014_000000262359.jpg,1,92,0.43750171274317484,-0.1796875,silver,1,16.0,0.1697709120267795,0.7743974703476992,,,,,,,,,,,,,,,,,,,,,
378,color recognition,What color eyes does the cat have?,blue,http://images.cocodataset.org/train2014/COCO_train2014_000000393432.jpg,0,114,0.4697806077231581,-0.6953125,blue,0,,,,,,,,,,,,,,,,,,,,,,,,
379,color recognition,What color is the umbrella?,pink,http://images.cocodataset.org/train2014/COCO_train2014_000000000036.jpg,0,104,0.49124123860959595,-0.203125,pink,0,,,,,,,,,,,,,,,,,,,,,,,,
380,color recognition,What color is the man's skin?,white,http://images.cocodataset.org/train2014/COCO_train2014_000000474858.jpg,0,86,0.46230822268462946,-0.828125,white,0,,,,,,,,,,,,,,,,,,,,,,,,
381,color recognition,What color is the shirt of the man standing?,black,http://images.cocodataset.org/train2014/COCO_train2014_000000474858.jpg,0,84,0.5267646024325532,-0.1748046875,black,0,,,,,,,,,,,,,,,,,,,,,,,,
382,color recognition,What color is the board?,white,http://images.cocodataset.org/train2014/COCO_train2014_000000474858.jpg,0,134,0.5615444897798452,-0.392578125,white,0,,,,,,,,,,,,,,,,,,,,,,,,
383,color recognition,What colors are in the kite?,"black, blue, red, orange, yellow",http://images.cocodataset.org/train2014/COCO_train2014_000000393438.jpg,0,89,0.43136707032017013,-0.85546875,red,0,,,,,,,,,,,,,,,,,,,,,,,,
384,color recognition,What color is the train's bumper?,red,http://images.cocodataset.org/train2014/COCO_train2014_000000165859.jpg,0,55,0.4115823367789247,-0.416015625,red,0,,,,,,,,,,,,,,,,,,,,,,,,
385,color recognition,What color dresses are the women wearing?,orange,http://images.cocodataset.org/train2014/COCO_train2014_000000393442.jpg,0,86,0.46996406072598557,-0.546875,orange,0,,,,,,,,,,,,,,,,,,,,,,,,
386,color recognition,What color is the plate?,white,http://images.cocodataset.org/train2014/COCO_train2014_000000393445.jpg,0,59,0.3505498290900167,-0.12451171875,white,0,,,,,,,,,,,,,,,,,,,,,,,,
387,color recognition,What color is the picket fence?,white,http://images.cocodataset.org/train2014/COCO_train2014_000000524525.jpg,0,62,0.41188079195955335,-0.1513671875,white,0,,,,,,,,,,,,,,,,,,,,,,,,
388,color recognition,What color is this airplane?,"red, white, and blue",http://images.cocodataset.org/train2014/COCO_train2014_000000000247.jpg,0,68,0.4084124105362952,-0.30859375,blue,0,,,,,,,,,,,,,,,,,,,,,,,,
389,color recognition,What color is the woman's shirt?,red,http://images.cocodataset.org/train2014/COCO_train2014_000000262399.jpg,0,39,0.5207060549162082,-0.2470703125,red,0,,,,,,,,,,,,,,,,,,,,,,,,
390,color recognition,What color is the lighted sign?,blue,http://images.cocodataset.org/train2014/COCO_train2014_000000000260.jpg,0,135,0.4487265723449332,-0.1474609375,blue,0,,,,,,,,,,,,,,,,,,,,,,,,
391,color recognition,What color is the surfboard?,red,http://images.cocodataset.org/train2014/COCO_train2014_000000131339.jpg,0,88,0.5005328305734859,-0.287109375,red,0,,,,,,,,,,,,,,,,,,,,,,,,
392,color recognition,What color is the bus in the mirror?,yellow,http://images.cocodataset.org/train2014/COCO_train2014_000000262415.jpg,0,129,0.4668141131590181,-0.12890625,yellow,0,,,,,,,,,,,,,,,,,,,,,,,,
393,color recognition,What color is the phone?,gray,http://images.cocodataset.org/train2014/COCO_train2014_000000393489.jpg,0,92,0.4371644294236583,-0.52734375,silver,0,,,,,,,,,,,,,,,,,,,,,,,,
394,color recognition,What color is the shower curtain?,white,http://images.cocodataset.org/train2014/COCO_train2014_000000546179.jpg,0,65,0.4343284841021469,-0.11572265625,white,0,,,,,,,,,,,,,,,,,,,,,,,,
395,color recognition,What color are the dishes?,pink and yellow,http://images.cocodataset.org/train2014/COCO_train2014_000000000009.jpg,1,117,0.3769993170680452,-0.77734375,yellow,1,18.0,0.15145012092653537,0.9206198357143051,,,,,,,,,,,,,,,,,,,,,
396,color recognition,What color is the water in the bathtub?,clear,http://images.cocodataset.org/train2014/COCO_train2014_000000131351.jpg,1,43,0.4898359208253078,-0.98046875,white,1,19.0,0.2100187090156446,0.8580597279744429,,,,,,,,,,,,,,,,,,,,,
397,color recognition,What color are these mattresses?,white,http://images.cocodataset.org/train2014/COCO_train2014_000000131352.jpg,0,56,0.3787122307408458,-0.2578125,red,0,,,,,,,,,,,,,,,,,,,,,,,,
398,color recognition,What color are the items on the truck?,white,http://images.cocodataset.org/train2014/COCO_train2014_000000393503.jpg,0,83,0.6397362316180452,-1.4453125,black,0,,,,,,,,,,,,,,,,,,,,,,,,
399,color recognition,What color is the locomotive?,black,http://images.cocodataset.org/train2014/COCO_train2014_000000497565.jpg,0,61,0.30020548780255485,-0.1376953125,black,0,,,,,,,,,,,,,,,,,,,,,,,,
400,color recognition,What color is the sky?,orange,http://images.cocodataset.org/train2014/COCO_train2014_000000101431.jpg,0,97,0.43055906902946633,-0.1337890625,orange,0,,,,,,,,,,,,,,,,,,,,,,,,
401,color recognition,What color is the carpet in the middle of the floor?,blue,http://images.cocodataset.org/train2014/COCO_train2014_000000109277.jpg,0,56,0.4972234257235599,-0.330078125,blue,0,,,,,,,,,,,,,,,,,,,,,,,,
402,color recognition,What color hat is this man wearing?,black,http://images.cocodataset.org/train2014/COCO_train2014_000000131376.jpg,1,107,0.5402026109116487,-0.142578125,black,1,15.0,0.09766959777196853,0.7835807040488099,,,,,,,,,,,,,,,,,,,,,
403,color recognition,What color are the shoelaces?,red,http://images.cocodataset.org/train2014/COCO_train2014_000000131376.jpg,0,63,0.4544324866915682,-0.81640625,black,0,,,,,,,,,,,,,,,,,,,,,,,,
404,color recognition,What color is the guy's shirt?,white,http://images.cocodataset.org/train2014/COCO_train2014_000000131376.jpg,0,136,0.5722157764491818,-0.75,black,0,,,,,,,,,,,,,,,,,,,,,,,,
405,yes/no,Is this man a professional baseball player?,yes,http://images.cocodataset.org/train2014/COCO_train2014_000000458752.jpg,0,41,0.44655765000423403,-0.2216796875,yes,0,,,,,,,,,,,,,,,,,,,,,,,,
406,yes/no,Is the dog waiting?,yes,http://images.cocodataset.org/train2014/COCO_train2014_000000524291.jpg,0,99,0.46002995793164964,-0.3359375,yes,0,,,,,,,,,,,,,,,,,,,,,,,,
407,yes/no,Is the sky blue?,yes,http://images.cocodataset.org/train2014/COCO_train2014_000000393221.jpg,0,30,0.2902410105966193,-0.1201171875,yes,0,,,,,,,,,,,,,,,,,,,,,,,,
408,yes/no,Is there snow on the mountains?,yes,http://images.cocodataset.org/train2014/COCO_train2014_000000393221.jpg,0,10,0.2902410118609203,-0.1201171875,yes,0,,,,,,,,,,,,,,,,,,,,,,,,
409,yes/no,Is the window open?,yes,http://images.cocodataset.org/train2014/COCO_train2014_000000393223.jpg,0,512,0.0,-0.3203125,yes,0,,,,,,,,,,,,,,,,,,,,,,,,
410,yes/no,Is she brushing?,yes,http://images.cocodataset.org/train2014/COCO_train2014_000000393223.jpg,1,90,0.5350841823757276,-0.1474609375,yes,1,17.0,0.0924279606548586,0.9774178175281716,,,,,,,,,,,,,,,,,,,,,
411,yes/no,Is the man smiling?,no,http://images.cocodataset.org/train2014/COCO_train2014_000000393224.jpg,0,512,0.0,-0.1337890625,no,0,,,,,,,,,,,,,,,,,,,,,,,,
412,yes/no,Does his tie pair well with his suit?,no,http://images.cocodataset.org/train2014/COCO_train2014_000000393224.jpg,0,79,0.12938191906776852,-0.5078125,yes,0,,,,,,,,,,,,,,,,,,,,,,,,
413,yes/no,Does the man look happy?,no,http://images.cocodataset.org/train2014/COCO_train2014_000000393224.jpg,0,512,0.0,-0.12451171875,no,0,,,,,,,,,,,,,,,,,,,,,,,,
414,yes/no,Is this photo in color?,no,http://images.cocodataset.org/train2014/COCO_train2014_000000393224.jpg,0,18,0.22136882430683358,-0.10693359375,no,0,,,,,,,,,,,,,,,,,,,,,,,,
415,yes/no,Is the man wearing a plain tie?,no,http://images.cocodataset.org/train2014/COCO_train2014_000000393224.jpg,0,512,0.0,-0.267578125,no,0,,,,,,,,,,,,,,,,,,,,,,,,
416,yes/no,"Judging from the dress, was this taken in a Latin American country?",yes,http://images.cocodataset.org/train2014/COCO_train2014_000000524297.jpg,1,95,0.5253829697234839,-0.298828125,yes,1,16.0,0.058467703558741944,0.9320201587042914,,,,,,,,,,,,,,,,,,,,,
417,yes/no,Are the men on the sidewalk?,no,http://images.cocodataset.org/train2014/COCO_train2014_000000524297.jpg,0,512,0.0,-0.314453125,no,0,,,,,,,,,,,,,,,,,,,,,,,,
418,yes/no,Was this photo taken recently?,no,http://images.cocodataset.org/train2014/COCO_train2014_000000524297.jpg,0,4,0.125,-0.11572265625,no,0,,,,,,,,,,,,,,,,,,,,,,,,
419,yes/no,Does the guy have a tattoo?,yes,http://images.cocodataset.org/train2014/COCO_train2014_000000393227.jpg,0,34,0.39624062262914106,-0.12451171875,yes,0,,,,,,,,,,,,,,,,,,,,,,,,
420,yes/no,Is the man's visor providing his face enough protection?,no,http://images.cocodataset.org/train2014/COCO_train2014_000000393227.jpg,0,512,0.0,-0.4765625,no,0,,,,,,,,,,,,,,,,,,,,,,,,
421,yes/no,Is the man riding on a dirt path?,yes,http://images.cocodataset.org/train2014/COCO_train2014_000000131084.jpg,0,12,0.12499999631049952,-0.111328125,yes,0,,,,,,,,,,,,,,,,,,,,,,,,
422,yes/no,Are the walls done in a summery color?,yes,http://images.cocodataset.org/train2014/COCO_train2014_000000131074.jpg,0,41,0.3601279474576278,-0.51953125,yes,0,,,,,,,,,,,,,,,,,,,,,,,,
423,yes/no,Is the curtain patterned?,no,http://images.cocodataset.org/train2014/COCO_train2014_000000131074.jpg,0,38,0.41536185010034055,-0.5546875,yes,0,,,,,,,,,,,,,,,,,,,,,,,,
424,yes/no,Are the windows the same size?,yes,http://images.cocodataset.org/train2014/COCO_train2014_000000131074.jpg,0,512,0.0,-0.421875,yes,0,,,,,,,,,,,,,,,,,,,,,,,,
425,yes/no,Is there a shadow of a tree in the foreground?,no,http://images.cocodataset.org/train2014/COCO_train2014_000000393230.jpg,0,512,0.0,-0.5078125,no,0,,,,,,,,,,,,,,,,,,,,,,,,
426,yes/no,Did someone forget his luggage in the snow?,no,http://images.cocodataset.org/train2014/COCO_train2014_000000393230.jpg,0,512,0.0,-0.1650390625,no,0,,,,,,,,,,,,,,,,,,,,,,,,
427,yes/no,Is it daytime?,yes,http://images.cocodataset.org/train2014/COCO_train2014_000000393230.jpg,0,512,0.0,-0.1201171875,yes,0,,,,,,,,,,,,,,,,,,,,,,,,
428,yes/no,Is the person wearing a hat?,no,http://images.cocodataset.org/train2014/COCO_train2014_000000393230.jpg,0,512,0.0,-0.67578125,no,0,,,,,,,,,,,,,,,,,,,,,,,,
429,yes/no,Is the dog wearing a collar?,yes,http://images.cocodataset.org/train2014/COCO_train2014_000000131087.jpg,0,512,0.0,-0.60546875,no,0,,,,,,,,,,,,,,,,,,,,,,,,
430,yes/no,Is it a clear day?,yes,http://images.cocodataset.org/train2014/COCO_train2014_000000131087.jpg,0,12,0.12499999115131322,-0.12890625,yes,0,,,,,,,,,,,,,,,,,,,,,,,,
431,yes/no,Is there a body of water here?,yes,http://images.cocodataset.org/train2014/COCO_train2014_000000131087.jpg,0,44,0.3944455400973142,-0.10693359375,yes,0,,,,,,,,,,,,,,,,,,,,,,,,
432,yes/no,Is the light on?,no,http://images.cocodataset.org/train2014/COCO_train2014_000000131075.jpg,0,37,0.409112437738258,-0.67578125,yes,0,,,,,,,,,,,,,,,,,,,,,,,,
433,yes/no,Is the room messy?,no,http://images.cocodataset.org/train2014/COCO_train2014_000000131075.jpg,0,14,0.1871316024696791,-0.10693359375,no,0,,,,,,,,,,,,,,,,,,,,,,,,
434,yes/no,Is this a TV screen?,yes,http://images.cocodataset.org/train2014/COCO_train2014_000000131075.jpg,0,77,0.4476880795484953,-0.34765625,no,0,,,,,,,,,,,,,,,,,,,,,,,,
435,yes/no,Is there a laptop in the image?,yes,http://images.cocodataset.org/train2014/COCO_train2014_000000131075.jpg,0,14,0.1981201548530675,-0.15625,yes,0,,,,,,,,,,,,,,,,,,,,,,,,
436,yes/no,Is the animal a mammal?,yes,http://images.cocodataset.org/train2014/COCO_train2014_000000137045.jpg,0,38,0.4324289514142485,-0.1611328125,yes,0,,,,,,,,,,,,,,,,,,,,,,,,
437,yes/no,Are there rocks in the picture?,yes,http://images.cocodataset.org/train2014/COCO_train2014_000000131093.jpg,0,512,0.0,-0.1025390625,yes,0,,,,,,,,,,,,,,,,,,,,,,,,
438,yes/no,Has the sheep recently been shaved?,no,http://images.cocodataset.org/train2014/COCO_train2014_000000131093.jpg,0,512,0.0,-0.1650390625,no,0,,,,,,,,,,,,,,,,,,,,,,,,
439,yes/no,Are there three sheep?,yes,http://images.cocodataset.org/train2014/COCO_train2014_000000131093.jpg,0,512,0.0,-0.15625,yes,0,,,,,,,,,,,,,,,,,,,,,,,,
440,yes/no,Is the man having a good time?,yes,http://images.cocodataset.org/train2014/COCO_train2014_000000524311.jpg,1,101,0.7172583459251834,-0.111328125,yes,1,16.0,0.02901160090203826,0.7743974703476992,,,,,,,,,,,,,,,,,,,,,
441,yes/no,Could this photo be from a zoo?,yes,http://images.cocodataset.org/train2014/COCO_train2014_000000000025.jpg,0,14,0.3509193652572005,-0.2080078125,yes,0,,,,,,,,,,,,,,,,,,,,,,,,
442,yes/no,Are the animals eating?,yes,http://images.cocodataset.org/train2014/COCO_train2014_000000000025.jpg,0,80,0.46142726005844753,-0.36328125,yes,0,,,,,,,,,,,,,,,,,,,,,,,,
443,yes/no,Is there a zebra?,no,http://images.cocodataset.org/train2014/COCO_train2014_000000000025.jpg,0,512,0.0,-0.10693359375,no,0,,,,,,,,,,,,,,,,,,,,,,,,
444,yes/no,Is the giraffe eating the tree?,yes,http://images.cocodataset.org/train2014/COCO_train2014_000000000025.jpg,0,81,0.4551417190274961,-0.2578125,yes,0,,,,,,,,,,,,,,,,,,,,,,,,
445,yes/no,Are both giraffes standing?,no,http://images.cocodataset.org/train2014/COCO_train2014_000000000025.jpg,0,512,0.0,-0.212890625,no,0,,,,,,,,,,,,,,,,,,,,,,,,
446,yes/no,Are they at a zoo?,yes,http://images.cocodataset.org/train2014/COCO_train2014_000000000025.jpg,0,86,0.43242889365007936,-0.69140625,yes,0,,,,,,,,,,,,,,,,,,,,,,,,
447,yes/no,Are some of the trees dead?,yes,http://images.cocodataset.org/train2014/COCO_train2014_000000000025.jpg,0,38,0.48437491703341085,-0.232421875,yes,0,,,,,,,,,,,,,,,,,,,,,,,,
448,yes/no,Are any of the animals eating?,yes,http://images.cocodataset.org/train2014/COCO_train2014_000000000025.jpg,0,55,0.4530666149835909,-0.15625,yes,0,,,,,,,,,,,,,,,,,,,,,,,,
449,yes/no,Is the giraffe in the shade?,no,http://images.cocodataset.org/train2014/COCO_train2014_000000000025.jpg,0,512,0.0,-0.5,no,0,,,,,,,,,,,,,,,,,,,,,,,,
450,yes/no,Are these giraffes living free range?,yes,http://images.cocodataset.org/train2014/COCO_train2014_000000000025.jpg,0,512,0.0,-0.6328125,no,0,,,,,,,,,,,,,,,,,,,,,,,,
451,yes/no,Is there a rock near the giraffe?,no,http://images.cocodataset.org/train2014/COCO_train2014_000000000025.jpg,0,512,0.0,-0.45703125,no,0,,,,,,,,,,,,,,,,,,,,,,,,
452,yes/no,Are they moving?,yes,http://images.cocodataset.org/train2014/COCO_train2014_000000262172.jpg,0,74,0.39624042346390204,-0.1474609375,yes,0,,,,,,,,,,,,,,,,,,,,,,,,
453,yes/no,Is this man angry?,no,http://images.cocodataset.org/train2014/COCO_train2014_000000131101.jpg,0,512,0.0,-0.392578125,no,0,,,,,,,,,,,,,,,,,,,,,,,,
454,yes/no,Are there flowers in the vase?,yes,http://images.cocodataset.org/train2014/COCO_train2014_000000000030.jpg,0,58,0.4625549537967154,-0.10693359375,yes,0,,,,,,,,,,,,,,,,,,,,,,,,
455,yes/no,Are the flowers open?,yes,http://images.cocodataset.org/train2014/COCO_train2014_000000000030.jpg,0,2,-0.0,-0.1748046875,yes,0,,,,,,,,,,,,,,,,,,,,,,,,
456,yes/no,Are all the flowers white?,no,http://images.cocodataset.org/train2014/COCO_train2014_000000000030.jpg,0,512,0.0,-0.1611328125,no,0,,,,,,,,,,,,,,,,,,,,,,,,
457,yes/no,Is the man standing on both foot?,no,http://images.cocodataset.org/train2014/COCO_train2014_000000524320.jpg,0,512,0.0,-0.341796875,no,0,,,,,,,,,,,,,,,,,,,,,,,,
458,yes/no,Was this picture likely taken recently?,no,http://images.cocodataset.org/train2014/COCO_train2014_000000524320.jpg,0,4,0.125,-0.2275390625,no,0,,,,,,,,,,,,,,,,,,,,,,,,
459,yes/no,Do the gentleman's socks match his shoes and belt?,no,http://images.cocodataset.org/train2014/COCO_train2014_000000524320.jpg,0,512,0.0,-0.43359375,no,0,,,,,,,,,,,,,,,,,,,,,,,,
460,yes/no,Are the zebras facing the same direction?,yes,http://images.cocodataset.org/train2014/COCO_train2014_000000240304.jpg,0,512,0.0,-0.298828125,no,0,,,,,,,,,,,,,,,,,,,,,,,,
461,yes/no,Is this a horse?,no,http://images.cocodataset.org/train2014/COCO_train2014_000000000034.jpg,0,512,0.0,-0.1650390625,no,0,,,,,,,,,,,,,,,,,,,,,,,,
462,yes/no,Are they drinking wine at the child's party?,yes,http://images.cocodataset.org/train2014/COCO_train2014_000000393251.jpg,0,151,0.6004190421517367,-0.267578125,yes,0,,,,,,,,,,,,,,,,,,,,,,,,
463,yes/no,Is the man wearing glasses?,yes,http://images.cocodataset.org/train2014/COCO_train2014_000000393251.jpg,0,36,0.40857672011307744,-0.11572265625,yes,0,,,,,,,,,,,,,,,,,,,,,,,,
464,yes/no,Is this a good dessert?,yes,http://images.cocodataset.org/train2014/COCO_train2014_000000262180.jpg,0,38,0.34855654961894,-0.2177734375,yes,0,,,,,,,,,,,,,,,,,,,,,,,,
465,yes/no,Are those kites in the air?,yes,http://images.cocodataset.org/train2014/COCO_train2014_000000524325.jpg,0,41,0.1259752568905891,-0.111328125,yes,0,,,,,,,,,,,,,,,,,,,,,,,,
466,yes/no,Is this a hot dog?,yes,http://images.cocodataset.org/train2014/COCO_train2014_000000043697.jpg,2,108,0.48852049779769574,-0.111328125,yes,2,20.0,0.06669081155515139,0.0,20.0,0.06669081155515139,,,,,0.0,,,,,,,,,,,,,,
467,yes/no,Is there ketchup on the hot dog?,no,http://images.cocodataset.org/train2014/COCO_train2014_000000043697.jpg,0,512,0.0,-0.1513671875,no,0,,,,,,,,,,,,,,,,,,,,,,,,
468,yes/no,Has this hot dog been grilled?,no,http://images.cocodataset.org/train2014/COCO_train2014_000000043697.jpg,0,512,0.0,-0.404296875,no,0,,,,,,,,,,,,,,,,,,,,,,,,
469,yes/no,Have you tried a hot dog like this before?,yes,http://images.cocodataset.org/train2014/COCO_train2014_000000043697.jpg,0,512,0.0,-0.58203125,no,0,,,,,,,,,,,,,,,,,,,,,,,,
470,yes/no,Is this a toy-sized truck?,no,http://images.cocodataset.org/train2014/COCO_train2014_000000262184.jpg,0,512,0.0,-0.15625,no,0,,,,,,,,,,,,,,,,,,,,,,,,
471,yes/no,Is there a carpet on the floor?,yes,http://images.cocodataset.org/train2014/COCO_train2014_000000131113.jpg,0,512,0.0,-0.18359375,no,0,,,,,,,,,,,,,,,,,,,,,,,,
472,yes/no,Is this plane landing?,no,http://images.cocodataset.org/train2014/COCO_train2014_000000262187.jpg,0,512,0.0,-0.5546875,no,0,,,,,,,,,,,,,,,,,,,,,,,,
473,yes/no,Is the plane taking off?,no,http://images.cocodataset.org/train2014/COCO_train2014_000000262187.jpg,0,512,0.0,-0.1748046875,no,0,,,,,,,,,,,,,,,,,,,,,,,,
474,yes/no,Are these airliners?,yes,http://images.cocodataset.org/train2014/COCO_train2014_000000131118.jpg,0,51,0.45669124415412415,-0.1513671875,yes,0,,,,,,,,,,,,,,,,,,,,,,,,
475,yes/no,Are this cargo planes?,yes,http://images.cocodataset.org/train2014/COCO_train2014_000000131118.jpg,0,512,0.0,-0.2080078125,no,0,,,,,,,,,,,,,,,,,,,,,,,,
476,yes/no,Is this bear a normal size?,no,http://images.cocodataset.org/train2014/COCO_train2014_000000262191.jpg,0,512,0.0,-0.81640625,no,0,,,,,,,,,,,,,,,,,,,,,,,,
477,yes/no,Is there a flower arrangement on the lawn?,yes,http://images.cocodataset.org/train2014/COCO_train2014_000000000049.jpg,0,8,0.25,-0.12890625,yes,0,,,,,,,,,,,,,,,,,,,,,,,,
478,yes/no,Are they playing polo?,no,http://images.cocodataset.org/train2014/COCO_train2014_000000000049.jpg,0,512,0.0,-0.52734375,no,0,,,,,,,,,,,,,,,,,,,,,,,,
479,yes/no,Is this man reading a cell phone screen?,no,http://images.cocodataset.org/train2014/COCO_train2014_000000524338.jpg,0,512,0.0,-0.1474609375,no,0,,,,,,,,,,,,,,,,,,,,,,,,
480,yes/no,Is there a stop sign in the picture?,yes,http://images.cocodataset.org/train2014/COCO_train2014_000000131126.jpg,2,162,0.5488198422213565,-0.703125,yes,2,20.0,0.048125972737305664,0.0,20.0,0.048125972737305664,,,,,0.0,,,,,,,,,,,,,,
481,yes/no,Is the man unhappy?,no,http://images.cocodataset.org/train2014/COCO_train2014_000000131127.jpg,0,512,0.0,-0.12451171875,no,0,,,,,,,,,,,,,,,,,,,,,,,,
482,yes/no,Are the men going to share the bananas?,no,http://images.cocodataset.org/train2014/COCO_train2014_000000131127.jpg,0,512,0.0,-0.5078125,no,0,,,,,,,,,,,,,,,,,,,,,,,,
483,yes/no,Do the painted flowers match the real ones?,no,http://images.cocodataset.org/train2014/COCO_train2014_000000131128.jpg,0,12,0.12499999999999736,-0.6328125,no,0,,,,,,,,,,,,,,,,,,,,,,,,
484,yes/no,Will the birds go into the water?,no,http://images.cocodataset.org/train2014/COCO_train2014_000000262201.jpg,0,512,0.0,-0.36328125,no,0,,,,,,,,,,,,,,,,,,,,,,,,
485,yes/no,Is this bird afraid of the ledge?,no,http://images.cocodataset.org/train2014/COCO_train2014_000000262201.jpg,0,512,0.0,-0.203125,no,0,,,,,,,,,,,,,,,,,,,,,,,,
486,yes/no,Are the mountains high?,yes,http://images.cocodataset.org/train2014/COCO_train2014_000000131133.jpg,0,10,0.2902410118609203,-0.12451171875,yes,0,,,,,,,,,,,,,,,,,,,,,,,,
487,yes/no,Is there a person standing in front of the television?,yes,http://images.cocodataset.org/train2014/COCO_train2014_000000262207.jpg,0,512,0.0,-0.3984375,yes,0,,,,,,,,,,,,,,,,,,,,,,,,
488,yes/no,Is there enough room under the armchairs for a cat to hide?,yes,http://images.cocodataset.org/train2014/COCO_train2014_000000262207.jpg,0,512,0.0,-0.7890625,no,0,,,,,,,,,,,,,,,,,,,,,,,,
489,yes/no,Are there numbers on the clock face?,no,http://images.cocodataset.org/train2014/COCO_train2014_000000000064.jpg,0,42,0.2795133021258504,-0.451171875,no,0,,,,,,,,,,,,,,,,,,,,,,,,
490,yes/no,Is there a big tree behind the clock?,yes,http://images.cocodataset.org/train2014/COCO_train2014_000000000064.jpg,0,51,0.5152214967664253,-0.169921875,yes,0,,,,,,,,,,,,,,,,,,,,,,,,
491,yes/no,Is this a wedding?,no,http://images.cocodataset.org/train2014/COCO_train2014_000000458763.jpg,0,512,0.0,-0.11572265625,no,0,,,,,,,,,,,,,,,,,,,,,,,,
492,yes/no,Does the crust look burnt?,yes,http://images.cocodataset.org/train2014/COCO_train2014_000000567990.jpg,0,32,0.44334968452217083,-0.2470703125,yes,0,,,,,,,,,,,,,,,,,,,,,,,,
493,yes/no,Does this pizza have a deep dish crust?,yes,http://images.cocodataset.org/train2014/COCO_train2014_000000567990.jpg,0,6,0.2559789854027453,-0.38671875,yes,0,,,,,,,,,,,,,,,,,,,,,,,,
494,yes/no,Is the banana freshly peeled?,yes,http://images.cocodataset.org/train2014/COCO_train2014_000000393286.jpg,1,123,0.56280769009218,-0.3984375,yes,1,17.0,0.04167617082445376,0.9967828263127351,,,,,,,,,,,,,,,,,,,,,
495,yes/no,Is the banana closed?,no,http://images.cocodataset.org/train2014/COCO_train2014_000000393286.jpg,0,512,0.0,-0.1513671875,no,0,,,,,,,,,,,,,,,,,,,,,,,,
496,yes/no,Does this photo show train tracks?,yes,http://images.cocodataset.org/train2014/COCO_train2014_000000000071.jpg,0,34,0.1982332872407364,-0.111328125,yes,0,,,,,,,,,,,,,,,,,,,,,,,,
497,yes/no,Does this train work?,yes,http://images.cocodataset.org/train2014/COCO_train2014_000000000071.jpg,0,105,0.549039677663031,-0.12890625,yes,0,,,,,,,,,,,,,,,,,,,,,,,,
498,yes/no,Are the giraffes under the trees?,yes,http://images.cocodataset.org/train2014/COCO_train2014_000000000072.jpg,0,67,0.39297636084018844,-0.271484375,yes,0,,,,,,,,,,,,,,,,,,,,,,,,
499,yes/no,Are there 3 elephants?,yes,http://images.cocodataset.org/train2014/COCO_train2014_000000393228.jpg,0,512,0.0,-0.203125,yes,0,,,,,,,,,,,,,,,,,,,,,,,,
500,yes/no,Are all of the elephants full grown?,no,http://images.cocodataset.org/train2014/COCO_train2014_000000393228.jpg,0,512,0.0,-0.11572265625,no,0,,,,,,,,,,,,,,,,,,,,,,,,
501,yes/no,Are the elephants in the jungle?,yes,http://images.cocodataset.org/train2014/COCO_train2014_000000393228.jpg,0,512,0.0,-0.45703125,no,0,,,,,,,,,,,,,,,,,,,,,,,,
502,yes/no,Is the woman eating the pizza?,no,http://images.cocodataset.org/train2014/COCO_train2014_000000393290.jpg,0,512,0.0,-0.1611328125,no,0,,,,,,,,,,,,,,,,,,,,,,,,
503,yes/no,Are there any reflections in this picture?,no,http://images.cocodataset.org/train2014/COCO_train2014_000000393291.jpg,0,4,0.125,-0.2578125,no,0,,,,,,,,,,,,,,,,,,,,,,,,
504,yes/no,Is the water on?,no,http://images.cocodataset.org/train2014/COCO_train2014_000000393292.jpg,0,512,0.0,-0.48828125,no,0,,,,,,,,,,,,,,,,,,,,,,,,
505,yes/no,Is this photo outdoors?,yes,http://images.cocodataset.org/train2014/COCO_train2014_000000393292.jpg,0,16,0.24999999818433494,-0.11572265625,yes,0,,,,,,,,,,,,,,,,,,,,,,,,
506,yes/no,Are the clock and owl made in the same artistic fashion?,no,http://images.cocodataset.org/train2014/COCO_train2014_000000000078.jpg,0,512,0.0,-0.71875,no,0,,,,,,,,,,,,,,,,,,,,,,,,
507,yes/no,Is that owl a candle?,yes,http://images.cocodataset.org/train2014/COCO_train2014_000000000078.jpg,0,12,0.2016450664800063,-0.298828125,yes,0,,,,,,,,,,,,,,,,,,,,,,,,
508,yes/no,Does this planes tail have 4 colors?,no,http://images.cocodataset.org/train2014/COCO_train2014_000000000081.jpg,0,34,0.38697335798273375,-0.251953125,yes,0,,,,,,,,,,,,,,,,,,,,,,,,
509,yes/no,Is this plane landing?,no,http://images.cocodataset.org/train2014/COCO_train2014_000000000081.jpg,0,512,0.0,-0.3359375,no,0,,,,,,,,,,,,,,,,,,,,,,,,
510,yes/no,Is this plane taking off?,no,http://images.cocodataset.org/train2014/COCO_train2014_000000000081.jpg,0,42,0.24080239701776346,-0.609375,yes,0,,,,,,,,,,,,,,,,,,,,,,,,
511,yes/no,Are these wings strong?,yes,http://images.cocodataset.org/train2014/COCO_train2014_000000000081.jpg,0,14,0.5777550764237088,-0.1611328125,yes,0,,,,,,,,,,,,,,,,,,,,,,,,
512,yes/no,Is that a bicycle?,yes,http://images.cocodataset.org/train2014/COCO_train2014_000000000086.jpg,0,512,0.0,-0.29296875,no,0,,,,,,,,,,,,,,,,,,,,,,,,
513,yes/no,Is this a cow farm?,yes,http://images.cocodataset.org/train2014/COCO_train2014_000000524375.jpg,0,512,0.0,-0.6484375,no,0,,,,,,,,,,,,,,,,,,,,,,,,
514,yes/no,Is this a prairie?,yes,http://images.cocodataset.org/train2014/COCO_train2014_000000524375.jpg,0,36,0.3381490635605219,-0.2275390625,yes,0,,,,,,,,,,,,,,,,,,,,,,,,
515,yes/no,Is there a village in the background?,no,http://images.cocodataset.org/train2014/COCO_train2014_000000524375.jpg,0,512,0.0,-0.1796875,no,0,,,,,,,,,,,,,,,,,,,,,,,,
516,yes/no,Would you be able to find a mosque in this city?,yes,http://images.cocodataset.org/train2014/COCO_train2014_000000131160.jpg,0,49,0.36846558661075157,-0.10693359375,yes,0,,,,,,,,,,,,,,,,,,,,,,,,
517,yes/no,Is there ketchup?,no,http://images.cocodataset.org/train2014/COCO_train2014_000000524377.jpg,0,512,0.0,-0.169921875,no,0,,,,,,,,,,,,,,,,,,,,,,,,
518,yes/no,Is the hotdog well seasoned?,yes,http://images.cocodataset.org/train2014/COCO_train2014_000000524377.jpg,0,4,0.125,-0.193359375,yes,0,,,,,,,,,,,,,,,,,,,,,,,,
519,yes/no,Is this a healthy meal?,no,http://images.cocodataset.org/train2014/COCO_train2014_000000524377.jpg,0,512,0.0,-0.15625,no,0,,,,,,,,,,,,,,,,,,,,,,,,
520,yes/no,Is there a spoon in this photo?,no,http://images.cocodataset.org/train2014/COCO_train2014_000000524377.jpg,0,512,0.0,-0.1201171875,no,0,,,,,,,,,,,,,,,,,,,,,,,,
521,yes/no,Is this breakfast?,no,http://images.cocodataset.org/train2014/COCO_train2014_000000524377.jpg,0,512,0.0,-0.1513671875,no,0,,,,,,,,,,,,,,,,,,,,,,,,
522,yes/no,Is there a drink in this picture?,no,http://images.cocodataset.org/train2014/COCO_train2014_000000524377.jpg,0,512,0.0,-0.12451171875,no,0,,,,,,,,,,,,,,,,,,,,,,,,
523,yes/no,Do these hot dogs look like they taste good?,yes,http://images.cocodataset.org/train2014/COCO_train2014_000000524377.jpg,0,34,0.3637060609550994,-0.27734375,yes,0,,,,,,,,,,,,,,,,,,,,,,,,
524,yes/no,Are those tomatoes on the sandwich?,no,http://images.cocodataset.org/train2014/COCO_train2014_000000524377.jpg,0,512,0.0,-0.2177734375,no,0,,,,,,,,,,,,,,,,,,,,,,,,
525,yes/no,Are the fries plain?,no,http://images.cocodataset.org/train2014/COCO_train2014_000000524377.jpg,0,512,0.0,-0.451171875,no,0,,,,,,,,,,,,,,,,,,,,,,,,
526,yes/no,Does this breakfast dish primarily carbohydrates?,yes,http://images.cocodataset.org/train2014/COCO_train2014_000000524377.jpg,1,88,0.5151006871536186,-0.6640625,yes,1,16.0,0.07290174989552393,0.954434002924965,,,,,,,,,,,,,,,,,,,,,
527,yes/no,Has someone started eating?,no,http://images.cocodataset.org/train2014/COCO_train2014_000000524377.jpg,0,512,0.0,-0.12890625,no,0,,,,,,,,,,,,,,,,,,,,,,,,
528,yes/no,Would this be good for dessert?,no,http://images.cocodataset.org/train2014/COCO_train2014_000000524377.jpg,0,2,-0.0,-0.15625,no,0,,,,,,,,,,,,,,,,,,,,,,,,
529,yes/no,Is there a butter plate on the table?,yes,http://images.cocodataset.org/train2014/COCO_train2014_000000524377.jpg,0,512,0.0,-0.65625,no,0,,,,,,,,,,,,,,,,,,,,,,,,
530,yes/no,Does this have lettuce?,no,http://images.cocodataset.org/train2014/COCO_train2014_000000524377.jpg,0,512,0.0,-0.1201171875,no,0,,,,,,,,,,,,,,,,,,,,,,,,
531,yes/no,Does the food look good?,yes,http://images.cocodataset.org/train2014/COCO_train2014_000000524377.jpg,0,48,0.46255422641514726,-0.271484375,yes,0,,,,,,,,,,,,,,,,,,,,,,,,
532,yes/no,Is this meat?,yes,http://images.cocodataset.org/train2014/COCO_train2014_000000524377.jpg,0,21,0.2693978162354893,-0.27734375,yes,0,,,,,,,,,,,,,,,,,,,,,,,,
533,yes/no,Would this typically be eaten for breakfast?,no,http://images.cocodataset.org/train2014/COCO_train2014_000000524377.jpg,0,512,0.0,-0.111328125,no,0,,,,,,,,,,,,,,,,,,,,,,,,
534,yes/no,Is that bacon from a delicatessen?,yes,http://images.cocodataset.org/train2014/COCO_train2014_000000524377.jpg,0,512,0.0,-0.5703125,no,0,,,,,,,,,,,,,,,,,,,,,,,,
535,yes/no,Is the man wearing formal clothes?,no,http://images.cocodataset.org/train2014/COCO_train2014_000000393306.jpg,0,512,0.0,-0.11572265625,no,0,,,,,,,,,,,,,,,,,,,,,,,,
536,yes/no,Is there a deodorant on the sink?,no,http://images.cocodataset.org/train2014/COCO_train2014_000000262159.jpg,0,12,0.12102618171294453,-0.1201171875,no,0,,,,,,,,,,,,,,,,,,,,,,,,
537,yes/no,Is there a full roll of toilet paper in the bathroom?,yes,http://images.cocodataset.org/train2014/COCO_train2014_000000262159.jpg,1,60,0.2515298697916609,-0.12890625,yes,1,19.0,0.24978941662520532,0.9980008838722996,,,,,,,,,,,,,,,,,,,,,
538,yes/no,Would someone be able to watch you change from the outside?,yes,http://images.cocodataset.org/train2014/COCO_train2014_000000262159.jpg,0,32,0.9972624000763716,-0.73046875,yes,0,,,,,,,,,,,,,,,,,,,,,,,,
539,yes/no,Does the shower have a glass door?,no,http://images.cocodataset.org/train2014/COCO_train2014_000000262159.jpg,0,512,0.0,-0.2080078125,no,0,,,,,,,,,,,,,,,,,,,,,,,,
540,yes/no,Is the towel rack silver?,no,http://images.cocodataset.org/train2014/COCO_train2014_000000262159.jpg,0,68,0.016404410872637998,-0.29296875,yes,0,,,,,,,,,,,,,,,,,,,,,,,,
541,yes/no,Is there a shower curtain?,yes,http://images.cocodataset.org/train2014/COCO_train2014_000000262159.jpg,0,67,0.1615906344507789,-0.76953125,yes,0,,,,,,,,,,,,,,,,,,,,,,,,
542,yes/no,Is the toilet lid down?,yes,http://images.cocodataset.org/train2014/COCO_train2014_000000262159.jpg,0,65,0.12905356289939715,-0.111328125,yes,0,,,,,,,,,,,,,,,,,,,,,,,,
543,yes/no,Does this cake look like it chocolate?,yes,http://images.cocodataset.org/train2014/COCO_train2014_000000000092.jpg,0,110,0.48836132430692775,-0.12451171875,yes,0,,,,,,,,,,,,,,,,,,,,,,,,
544,yes/no,Is this a small town?,yes,http://images.cocodataset.org/train2014/COCO_train2014_000000000094.jpg,0,2,-0.0,-0.26171875,yes,0,,,,,,,,,,,,,,,,,,,,,,,,
545,yes/no,Will these planes be used to transport people?,no,http://images.cocodataset.org/train2014/COCO_train2014_000000393311.jpg,0,512,0.0,-0.2578125,no,0,,,,,,,,,,,,,,,,,,,,,,,,
546,yes/no,Is the room carpeted?,yes,http://images.cocodataset.org/train2014/COCO_train2014_000000524386.jpg,0,12,0.1249915956161804,-0.1376953125,yes,0,,,,,,,,,,,,,,,,,,,,,,,,
547,yes/no,Is there a fireplace?,no,http://images.cocodataset.org/train2014/COCO_train2014_000000524386.jpg,0,512,0.0,-0.111328125,no,0,,,,,,,,,,,,,,,,,,,,,,,,
548,yes/no,Are stains on the floor?,no,http://images.cocodataset.org/train2014/COCO_train2014_000000524386.jpg,0,512,0.0,-0.142578125,no,0,,,,,,,,,,,,,,,,,,,,,,,,
549,yes/no,Are these boys at home?,no,http://images.cocodataset.org/train2014/COCO_train2014_000000524386.jpg,0,14,0.18750276579575667,-0.36328125,yes,0,,,,,,,,,,,,,,,,,,,,,,,,
550,yes/no,Is this a 60's motif?,no,http://images.cocodataset.org/train2014/COCO_train2014_000000524386.jpg,0,512,0.0,-0.302734375,no,0,,,,,,,,,,,,,,,,,,,,,,,,
551,yes/no,Is the light green?,yes,http://images.cocodataset.org/train2014/COCO_train2014_000000393317.jpg,0,512,0.0,-0.5078125,no,0,,,,,,,,,,,,,,,,,,,,,,,,
552,yes/no,Is it raining?,no,http://images.cocodataset.org/train2014/COCO_train2014_000000393317.jpg,0,56,0.3749094469545662,-0.4453125,yes,0,,,,,,,,,,,,,,,,,,,,,,,,
553,yes/no,Is this woman crossing a street?,yes,http://images.cocodataset.org/train2014/COCO_train2014_000000393317.jpg,0,15,0.19811974230767576,-0.142578125,yes,0,,,,,,,,,,,,,,,,,,,,,,,,
554,yes/no,Is this in the United States?,yes,http://images.cocodataset.org/train2014/COCO_train2014_000000393317.jpg,0,31,0.3972138276561474,-0.30859375,yes,0,,,,,,,,,,,,,,,,,,,,,,,,
555,yes/no,Is there anyone in the cockpit?,yes,http://images.cocodataset.org/train2014/COCO_train2014_000000131174.jpg,0,38,0.4472262135922163,-0.18359375,yes,0,,,,,,,,,,,,,,,,,,,,,,,,
556,yes/no,Is the bus stopped?,yes,http://images.cocodataset.org/train2014/COCO_train2014_000000546151.jpg,0,512,0.0,-0.1611328125,yes,0,,,,,,,,,,,,,,,,,,,,,,,,
557,yes/no,Is this an ocean area?,yes,http://images.cocodataset.org/train2014/COCO_train2014_000000000109.jpg,0,512,0.0,-0.1748046875,no,0,,,,,,,,,,,,,,,,,,,,,,,,
558,yes/no,Is the ground near the waterfront squishy?,no,http://images.cocodataset.org/train2014/COCO_train2014_000000000109.jpg,0,512,0.0,-0.49609375,no,0,,,,,,,,,,,,,,,,,,,,,,,,
559,yes/no,Is the water calm?,yes,http://images.cocodataset.org/train2014/COCO_train2014_000000000109.jpg,0,12,0.12499647246889302,-0.1201171875,yes,0,,,,,,,,,,,,,,,,,,,,,,,,
560,yes/no,Is this a cheese pizza?,yes,http://images.cocodataset.org/train2014/COCO_train2014_000000000110.jpg,0,512,0.0,-0.1650390625,yes,0,,,,,,,,,,,,,,,,,,,,,,,,
561,yes/no,Is there more than one vase on the table?,yes,http://images.cocodataset.org/train2014/COCO_train2014_000000305853.jpg,0,512,0.0,-0.73828125,yes,0,,,,,,,,,,,,,,,,,,,,,,,,
562,yes/no,Is there a cake here?,yes,http://images.cocodataset.org/train2014/COCO_train2014_000000000113.jpg,0,26,0.2902409960053226,-0.11572265625,yes,0,,,,,,,,,,,,,,,,,,,,,,,,
563,yes/no,Are there any pens on the table?,no,http://images.cocodataset.org/train2014/COCO_train2014_000000000113.jpg,0,512,0.0,-0.1611328125,no,0,,,,,,,,,,,,,,,,,,,,,,,,
564,yes/no,Is this image tilted?,yes,http://images.cocodataset.org/train2014/COCO_train2014_000000262260.jpg,0,512,0.0,-0.49609375,no,0,,,,,,,,,,,,,,,,,,,,,,,,
565,yes/no,Does this image contain a pie pan?,yes,http://images.cocodataset.org/train2014/COCO_train2014_000000262261.jpg,0,16,0.24024101186092028,-0.12451171875,yes,0,,,,,,,,,,,,,,,,,,,,,,,,
566,yes/no,Is this a large house?,yes,http://images.cocodataset.org/train2014/COCO_train2014_000000131190.jpg,0,4,0.125,-0.314453125,yes,0,,,,,,,,,,,,,,,,,,,,,,,,
567,yes/no,Is there a fountain in front of the building?,no,http://images.cocodataset.org/train2014/COCO_train2014_000000131190.jpg,0,512,0.0,-0.1376953125,no,0,,,,,,,,,,,,,,,,,,,,,,,,
568,yes/no,Is the sun shining?,yes,http://images.cocodataset.org/train2014/COCO_train2014_000000131190.jpg,0,12,0.0029593350635160756,-0.1513671875,yes,0,,,,,,,,,,,,,,,,,,,,,,,,
569,yes/no,Is this a church?,yes,http://images.cocodataset.org/train2014/COCO_train2014_000000131190.jpg,0,512,0.0,-0.6171875,no,0,,,,,,,,,,,,,,,,,,,,,,,,
570,yes/no,Are there clouds visible?,no,http://images.cocodataset.org/train2014/COCO_train2014_000000131190.jpg,0,512,0.0,-0.11572265625,no,0,,,,,,,,,,,,,,,,,,,,,,,,
571,yes/no,Is this a sunny day?,yes,http://images.cocodataset.org/train2014/COCO_train2014_000000131190.jpg,0,34,0.29024099950398935,-0.1201171875,yes,0,,,,,,,,,,,,,,,,,,,,,,,,
572,yes/no,Are the hedges well-groomed?,no,http://images.cocodataset.org/train2014/COCO_train2014_000000131190.jpg,0,36,0.471690135277525,-0.357421875,yes,0,,,,,,,,,,,,,,,,,,,,,,,,
573,yes/no,Does the building in the back have an elevator?,no,http://images.cocodataset.org/train2014/COCO_train2014_000000131190.jpg,0,33,0.34079739149958854,-0.1513671875,no,0,,,,,,,,,,,,,,,,,,,,,,,,
574,yes/no,Do you a phone booth?,no,http://images.cocodataset.org/train2014/COCO_train2014_000000131190.jpg,0,512,0.0,-0.12890625,no,0,,,,,,,,,,,,,,,,,,,,,,,,
575,yes/no,Are the buildings tall?,yes,http://images.cocodataset.org/train2014/COCO_train2014_000000131190.jpg,0,512,0.0,-0.58203125,yes,0,,,,,,,,,,,,,,,,,,,,,,,,
576,yes/no,Is the clock between two arches?,no,http://images.cocodataset.org/train2014/COCO_train2014_000000131190.jpg,0,512,0.0,-0.5625,yes,0,,,,,,,,,,,,,,,,,,,,,,,,
577,yes/no,Are there any entrance gates at the bottom of the tower?,no,http://images.cocodataset.org/train2014/COCO_train2014_000000131190.jpg,0,512,0.0,-0.76171875,no,0,,,,,,,,,,,,,,,,,,,,,,,,
578,yes/no,Is the building a high rise?,no,http://images.cocodataset.org/train2014/COCO_train2014_000000131190.jpg,0,512,0.0,-0.1884765625,no,0,,,,,,,,,,,,,,,,,,,,,,,,
579,yes/no,Is part of this tower made of wood?,yes,http://images.cocodataset.org/train2014/COCO_train2014_000000131190.jpg,0,2,0.020141440795438087,-0.5078125,yes,0,,,,,,,,,,,,,,,,,,,,,,,,
580,yes/no,Can the tree tell time?,no,http://images.cocodataset.org/train2014/COCO_train2014_000000131190.jpg,0,6,0.1981203125901445,-0.357421875,no,0,,,,,,,,,,,,,,,,,,,,,,,,
581,yes/no,Is the emblem a sun face clock?,yes,http://images.cocodataset.org/train2014/COCO_train2014_000000131190.jpg,0,512,0.0,-0.41015625,no,0,,,,,,,,,,,,,,,,,,,,,,,,
582,yes/no,Is the ram's fleece dirty?,no,http://images.cocodataset.org/train2014/COCO_train2014_000000131197.jpg,0,62,0.48835777166618255,-0.69140625,yes,0,,,,,,,,,,,,,,,,,,,,,,,,
583,yes/no,Is there a travel guide on the table?,yes,http://images.cocodataset.org/train2014/COCO_train2014_000000000127.jpg,0,48,0.4602304283360341,-0.1513671875,yes,0,,,,,,,,,,,,,,,,,,,,,,,,
584,yes/no,Is there snow?,yes,http://images.cocodataset.org/train2014/COCO_train2014_000000262273.jpg,0,2,-0.0,-0.111328125,yes,0,,,,,,,,,,,,,,,,,,,,,,,,
585,yes/no,Is it summer?,no,http://images.cocodataset.org/train2014/COCO_train2014_000000262273.jpg,0,512,0.0,-0.1201171875,no,0,,,,,,,,,,,,,,,,,,,,,,,,
586,yes/no,Is the picture in color?,yes,http://images.cocodataset.org/train2014/COCO_train2014_000000524420.jpg,0,4,0.125,-0.1025390625,yes,0,,,,,,,,,,,,,,,,,,,,,,,,
587,yes/no,Is there a dog in the photo?,yes,http://images.cocodataset.org/train2014/COCO_train2014_000000524420.jpg,0,512,0.0,-0.1025390625,yes,0,,,,,,,,,,,,,,,,,,,,,,,,
588,yes/no,Is the dog on a leash?,yes,http://images.cocodataset.org/train2014/COCO_train2014_000000524420.jpg,0,512,0.0,-0.404296875,yes,0,,,,,,,,,,,,,,,,,,,,,,,,
589,yes/no,Are all of the birds in flight?,no,http://images.cocodataset.org/train2014/COCO_train2014_000000436929.jpg,0,512,0.0,-0.36328125,no,0,,,,,,,,,,,,,,,,,,,,,,,,
590,yes/no,Are there three birds in the picture?,yes,http://images.cocodataset.org/train2014/COCO_train2014_000000436929.jpg,0,512,0.0,-0.796875,no,0,,,,,,,,,,,,,,,,,,,,,,,,
591,yes/no,Is this a dog?,no,http://images.cocodataset.org/train2014/COCO_train2014_000000436929.jpg,0,52,0.389364888545064,-0.10693359375,no,0,,,,,,,,,,,,,,,,,,,,,,,,
592,yes/no,Is this a winter scene?,yes,http://images.cocodataset.org/train2014/COCO_train2014_000000436929.jpg,0,4,0.125,-0.1337890625,yes,0,,,,,,,,,,,,,,,,,,,,,,,,
593,yes/no,Is the water frozen?,yes,http://images.cocodataset.org/train2014/COCO_train2014_000000436929.jpg,0,512,0.0,-0.267578125,yes,0,,,,,,,,,,,,,,,,,,,,,,,,
594,yes/no,Is that a laptop on the chair?,yes,http://images.cocodataset.org/train2014/COCO_train2014_000000131208.jpg,0,20,0.4152410118609203,-0.11572265625,yes,0,,,,,,,,,,,,,,,,,,,,,,,,
595,yes/no,Is Cingular a sponsor of this field?,yes,http://images.cocodataset.org/train2014/COCO_train2014_000000284012.jpg,0,50,0.4259319994901787,-0.1337890625,yes,0,,,,,,,,,,,,,,,,,,,,,,,,
596,yes/no,Is this a conventional kitchen?,no,http://images.cocodataset.org/train2014/COCO_train2014_000000000138.jpg,0,512,0.0,-0.43359375,no,0,,,,,,,,,,,,,,,,,,,,,,,,
597,yes/no,Is the area lit?,yes,http://images.cocodataset.org/train2014/COCO_train2014_000000262283.jpg,0,32,0.3231202089297904,-0.142578125,yes,0,,,,,,,,,,,,,,,,,,,,,,,,
598,yes/no,Are the vases identical?,no,http://images.cocodataset.org/train2014/COCO_train2014_000000262283.jpg,0,512,0.0,-0.404296875,no,0,,,,,,,,,,,,,,,,,,,,,,,,
599,yes/no,Are these the normal size pieces of pizza?,yes,http://images.cocodataset.org/train2014/COCO_train2014_000000524428.jpg,0,512,0.0,-0.6640625,no,0,,,,,,,,,,,,,,,,,,,,,,,,
600,yes/no,Could you eat all of this pizza?,no,http://images.cocodataset.org/train2014/COCO_train2014_000000524428.jpg,0,512,0.0,-0.6640625,no,0,,,,,,,,,,,,,,,,,,,,,,,,
601,yes/no,Is there broccoli on a slice of pizza?,yes,http://images.cocodataset.org/train2014/COCO_train2014_000000524428.jpg,0,512,0.0,-0.1337890625,no,0,,,,,,,,,,,,,,,,,,,,,,,,
602,yes/no,Is there an animal that seems to stick out?,no,http://images.cocodataset.org/train2014/COCO_train2014_000000262285.jpg,1,120,0.5347257957057848,-0.48828125,yes,1,16.0,0.07386253172528061,0.954434002924965,,,,,,,,,,,,,,,,,,,,,
603,yes/no,Is this in a zoo?,no,http://images.cocodataset.org/train2014/COCO_train2014_000000262285.jpg,0,40,0.9715093531525277,-0.11572265625,no,0,,,,,,,,,,,,,,,,,,,,,,,,
604,yes/no,Is this in a desert?,yes,http://images.cocodataset.org/train2014/COCO_train2014_000000262285.jpg,0,512,0.0,-0.5078125,no,0,,,,,,,,,,,,,,,,,,,,,,,,
605,yes/no,Is this a banana toast?,yes,http://images.cocodataset.org/train2014/COCO_train2014_000000000142.jpg,0,45,0.371972190306809,-0.1376953125,yes,0,,,,,,,,,,,,,,,,,,,,,,,,
606,yes/no,Are the people playing a game?,no,http://images.cocodataset.org/train2014/COCO_train2014_000000131215.jpg,0,4,0.125,-0.52734375,no,0,,,,,,,,,,,,,,,,,,,,,,,,
607,yes/no,Is the TV turned on?,yes,http://images.cocodataset.org/train2014/COCO_train2014_000000131215.jpg,0,87,0.14282514370719798,-0.111328125,yes,0,,,,,,,,,,,,,,,,,,,,,,,,
608,yes/no,Is this person watching a movie?,yes,http://images.cocodataset.org/train2014/COCO_train2014_000000131215.jpg,0,512,0.0,-0.69921875,no,0,,,,,,,,,,,,,,,,,,,,,,,,
609,yes/no,Is one of the giraffes eating?,yes,http://images.cocodataset.org/train2014/COCO_train2014_000000000144.jpg,0,43,0.4354982722795975,-0.38671875,yes,0,,,,,,,,,,,,,,,,,,,,,,,,
610,yes/no,Is it daytime?,yes,http://images.cocodataset.org/train2014/COCO_train2014_000000393362.jpg,0,2,-0.0,-0.10693359375,yes,0,,,,,,,,,,,,,,,,,,,,,,,,
611,yes/no,Are the kickstands down?,yes,http://images.cocodataset.org/train2014/COCO_train2014_000000393362.jpg,4,134,0.5732542801258551,-0.314453125,yes,4,18.0,0.04177094199032098,1.0,37.0,0.04170509220996705,18.0,0.041685969298115834,18.0,0.04158426449074196,0.9992232235196634,1.0,0.0,,,,,,,,,,,,
612,yes/no,Do you see any motorcycle helmets?,yes,http://images.cocodataset.org/train2014/COCO_train2014_000000393362.jpg,0,4,0.125,-0.3515625,yes,0,,,,,,,,,,,,,,,,,,,,,,,,
613,yes/no,Is the kite high in the air?,yes,http://images.cocodataset.org/train2014/COCO_train2014_000000000149.jpg,0,112,0.49999999900885594,-0.2578125,yes,0,,,,,,,,,,,,,,,,,,,,,,,,
614,yes/no,Is the sky clear?,no,http://images.cocodataset.org/train2014/COCO_train2014_000000000149.jpg,0,512,0.0,-0.2080078125,no,0,,,,,,,,,,,,,,,,,,,,,,,,
615,yes/no,Are the people flying kites?,yes,http://images.cocodataset.org/train2014/COCO_train2014_000000000149.jpg,0,29,0.34068465915811724,-0.1376953125,yes,0,,,,,,,,,,,,,,,,,,,,,,,,
616,yes/no,Can you see any fish?,no,http://images.cocodataset.org/train2014/COCO_train2014_000000471373.jpg,0,512,0.0,-0.15625,no,0,,,,,,,,,,,,,,,,,,,,,,,,
617,yes/no,Is this man swimming?,no,http://images.cocodataset.org/train2014/COCO_train2014_000000471373.jpg,0,512,0.0,-0.3984375,no,0,,,,,,,,,,,,,,,,,,,,,,,,
618,yes/no,Is he turning?,no,http://images.cocodataset.org/train2014/COCO_train2014_000000471373.jpg,0,512,0.0,-0.58984375,no,0,,,,,,,,,,,,,,,,,,,,,,,,
619,yes/no,Does the man have short hair?,yes,http://images.cocodataset.org/train2014/COCO_train2014_000000471373.jpg,0,2,-0.0,-0.1474609375,yes,0,,,,,,,,,,,,,,,,,,,,,,,,
620,yes/no,Is the bus featured in this picture typical?,no,http://images.cocodataset.org/train2014/COCO_train2014_000000131225.jpg,0,512,0.0,-0.2177734375,no,0,,,,,,,,,,,,,,,,,,,,,,,,
621,yes/no,Is this the latest make and model?,no,http://images.cocodataset.org/train2014/COCO_train2014_000000131225.jpg,0,12,0.12499999999972372,-0.1611328125,no,0,,,,,,,,,,,,,,,,,,,,,,,,
622,yes/no,Are there any building in the area?,yes,http://images.cocodataset.org/train2014/COCO_train2014_000000131225.jpg,0,512,0.0,-0.251953125,yes,0,,,,,,,,,,,,,,,,,,,,,,,,
623,yes/no,Is there a fence in the background?,no,http://images.cocodataset.org/train2014/COCO_train2014_000000000154.jpg,0,512,0.0,-0.203125,no,0,,,,,,,,,,,,,,,,,,,,,,,,
624,yes/no,Is the zebra's tail up?,no,http://images.cocodataset.org/train2014/COCO_train2014_000000000154.jpg,0,512,0.0,-0.45703125,no,0,,,,,,,,,,,,,,,,,,,,,,,,
625,yes/no,Are they the same type of animal?,yes,http://images.cocodataset.org/train2014/COCO_train2014_000000000154.jpg,0,12,0.12499997275701416,-0.12451171875,yes,0,,,,,,,,,,,,,,,,,,,,,,,,
626,yes/no,Are all zebras facing the same way?,no,http://images.cocodataset.org/train2014/COCO_train2014_000000000154.jpg,0,512,0.0,-0.30859375,no,0,,,,,,,,,,,,,,,,,,,,,,,,
627,yes/no,Are the zebras running?,no,http://images.cocodataset.org/train2014/COCO_train2014_000000000154.jpg,0,512,0.0,-0.1650390625,no,0,,,,,,,,,,,,,,,,,,,,,,,,
628,yes/no,Is he going to fall?,no,http://images.cocodataset.org/train2014/COCO_train2014_000000262299.jpg,0,512,0.0,-0.26171875,no,0,,,,,,,,,,,,,,,,,,,,,,,,
629,yes/no,Are the traffic lights facing the same direction?,no,http://images.cocodataset.org/train2014/COCO_train2014_000000393242.jpg,0,512,0.0,-0.77734375,no,0,,,,,,,,,,,,,,,,,,,,,,,,
630,yes/no,Is this cake made with fondant?,no,http://images.cocodataset.org/train2014/COCO_train2014_000000393375.jpg,0,2,-0.0,-0.38671875,no,0,,,,,,,,,,,,,,,,,,,,,,,,
631,yes/no,Is there a fork on the plate?,no,http://images.cocodataset.org/train2014/COCO_train2014_000000262308.jpg,0,2,-0.0,-0.111328125,no,0,,,,,,,,,,,,,,,,,,,,,,,,
632,yes/no,Is this black and white?,yes,http://images.cocodataset.org/train2014/COCO_train2014_000000262308.jpg,0,53,0.3664009293343139,-0.1025390625,yes,0,,,,,,,,,,,,,,,,,,,,,,,,
633,yes/no,Is a military person in the picture?,yes,http://images.cocodataset.org/train2014/COCO_train2014_000000000165.jpg,0,30,0.35091931191442927,-0.11572265625,yes,0,,,,,,,,,,,,,,,,,,,,,,,,
634,yes/no,Are they smiling?,yes,http://images.cocodataset.org/train2014/COCO_train2014_000000000165.jpg,0,86,0.37502716943527004,-0.1513671875,yes,0,,,,,,,,,,,,,,,,,,,,,,,,
635,yes/no,Is this an old building?,yes,http://images.cocodataset.org/train2014/COCO_train2014_000000415089.jpg,0,10,0.2902410118609203,-0.7734375,yes,0,,,,,,,,,,,,,,,,,,,,,,,,
636,yes/no,Is the room almost full?,no,http://images.cocodataset.org/train2014/COCO_train2014_000000415089.jpg,0,512,0.0,-0.283203125,no,0,,,,,,,,,,,,,,,,,,,,,,,,
637,yes/no,Are the people on a soft surface?,no,http://images.cocodataset.org/train2014/COCO_train2014_000000393384.jpg,0,512,0.0,-0.12451171875,no,0,,,,,,,,,,,,,,,,,,,,,,,,
638,yes/no,Has the grass been mowed recently?,no,http://images.cocodataset.org/train2014/COCO_train2014_000000393386.jpg,0,512,0.0,-0.169921875,no,0,,,,,,,,,,,,,,,,,,,,,,,,
639,yes/no,Is this scene in America?,no,http://images.cocodataset.org/train2014/COCO_train2014_000000131245.jpg,0,512,0.0,-0.12451171875,no,0,,,,,,,,,,,,,,,,,,,,,,,,
640,yes/no,Are all the laptops on?,yes,http://images.cocodataset.org/train2014/COCO_train2014_000000137918.jpg,0,16,0.2499999809932896,-0.1611328125,yes,0,,,,,,,,,,,,,,,,,,,,,,,,
641,yes/no,Is this a hotel room?,yes,http://images.cocodataset.org/train2014/COCO_train2014_000000393394.jpg,0,42,0.3856485914598908,-0.169921875,yes,0,,,,,,,,,,,,,,,,,,,,,,,,
642,yes/no,Is this a hotel?,yes,http://images.cocodataset.org/train2014/COCO_train2014_000000393394.jpg,0,50,0.466814629254074,-0.1611328125,yes,0,,,,,,,,,,,,,,,,,,,,,,,,
643,yes/no,Is an elephant walking down the street?,yes,http://images.cocodataset.org/train2014/COCO_train2014_000000438196.jpg,0,52,0.08003508330289118,-0.10693359375,yes,0,,,,,,,,,,,,,,,,,,,,,,,,
644,yes/no,Is the guy in the yellow shirt wearing a tie?,yes,http://images.cocodataset.org/train2014/COCO_train2014_000000438196.jpg,0,512,0.0,-0.1337890625,no,0,,,,,,,,,,,,,,,,,,,,,,,,
645,yes/no,Is this a church?,yes,http://images.cocodataset.org/train2014/COCO_train2014_000000393396.jpg,0,0,0.9975333425868339,-0.169921875,yes,0,,,,,,,,,,,,,,,,,,,,,,,,
646,yes/no,Is there snow in the picture?,yes,http://images.cocodataset.org/train2014/COCO_train2014_000000393396.jpg,0,512,0.0,-0.10693359375,yes,0,,,,,,,,,,,,,,,,,,,,,,,,
647,yes/no,Is there a clock on the church tower?,no,http://images.cocodataset.org/train2014/COCO_train2014_000000393396.jpg,0,512,0.0,-0.1337890625,no,0,,,,,,,,,,,,,,,,,,,,,,,,
648,yes/no,Is there a clock?,no,http://images.cocodataset.org/train2014/COCO_train2014_000000393396.jpg,0,512,0.0,-0.111328125,no,0,,,,,,,,,,,,,,,,,,,,,,,,
649,yes/no,Is this person wearing a backpack?,yes,http://images.cocodataset.org/train2014/COCO_train2014_000000524470.jpg,0,2,-0.0,-0.1201171875,yes,0,,,,,,,,,,,,,,,,,,,,,,,,
650,yes/no,Is there a street light in the photo?,yes,http://images.cocodataset.org/train2014/COCO_train2014_000000524470.jpg,0,512,0.0,-0.38671875,yes,0,,,,,,,,,,,,,,,,,,,,,,,,
651,yes/no,Is the sun up?,no,http://images.cocodataset.org/train2014/COCO_train2014_000000524470.jpg,0,512,0.0,-0.298828125,no,0,,,,,,,,,,,,,,,,,,,,,,,,
652,yes/no,Is the oven on?,yes,http://images.cocodataset.org/train2014/COCO_train2014_000000524471.jpg,0,6,0.1981203125901445,-0.12890625,yes,0,,,,,,,,,,,,,,,,,,,,,,,,
653,yes/no,Is there a window in this scene?,yes,http://images.cocodataset.org/train2014/COCO_train2014_000000524471.jpg,0,6,0.1981203125901445,-0.1796875,yes,0,,,,,,,,,,,,,,,,,,,,,,,,
654,yes/no,Is this toast done?,no,http://images.cocodataset.org/train2014/COCO_train2014_000000524471.jpg,0,512,0.0,-0.302734375,no,0,,,,,,,,,,,,,,,,,,,,,,,,
655,yes/no,Is the microwave on?,no,http://images.cocodataset.org/train2014/COCO_train2014_000000524471.jpg,0,512,0.0,-0.34765625,no,0,,,,,,,,,,,,,,,,,,,,,,,,
656,yes/no,Is the toaster on?,yes,http://images.cocodataset.org/train2014/COCO_train2014_000000524471.jpg,0,22,0.3509193648538587,-0.12451171875,yes,0,,,,,,,,,,,,,,,,,,,,,,,,
657,yes/no,Is this a one way street?,yes,http://images.cocodataset.org/train2014/COCO_train2014_000000393403.jpg,1,136,0.5831589660298468,-0.416015625,yes,1,19.0,0.05263458792129148,0.9617367430790453,,,,,,,,,,,,,,,,,,,,,
658,yes/no,Are there people boarding the bus?,no,http://images.cocodataset.org/train2014/COCO_train2014_000000393403.jpg,0,512,0.0,-0.142578125,no,0,,,,,,,,,,,,,,,,,,,,,,,,
659,yes/no,Is there a hardware store in the area?,no,http://images.cocodataset.org/train2014/COCO_train2014_000000393403.jpg,0,512,0.0,-0.1796875,no,0,,,,,,,,,,,,,,,,,,,,,,,,
660,yes/no,Are the drying the animal with a blow dryer?,yes,http://images.cocodataset.org/train2014/COCO_train2014_000000524476.jpg,0,4,0.125,-0.203125,yes,0,,,,,,,,,,,,,,,,,,,,,,,,
661,yes/no,Is this a hotel?,no,http://images.cocodataset.org/train2014/COCO_train2014_000000283700.jpg,0,512,0.0,-0.53515625,no,0,,,,,,,,,,,,,,,,,,,,,,,,
662,yes/no,Can you see the man's shadow?,yes,http://images.cocodataset.org/train2014/COCO_train2014_000000262336.jpg,0,18,0.19812030391063656,-0.10693359375,yes,0,,,,,,,,,,,,,,,,,,,,,,,,
663,yes/no,Is this lacrosse?,no,http://images.cocodataset.org/train2014/COCO_train2014_000000262336.jpg,0,512,0.0,-0.111328125,no,0,,,,,,,,,,,,,,,,,,,,,,,,
664,yes/no,The color of the court is green?,no,http://images.cocodataset.org/train2014/COCO_train2014_000000262336.jpg,0,512,0.0,-0.169921875,no,0,,,,,,,,,,,,,,,,,,,,,,,,
665,yes/no,Is this pizza nutritious enough to eat for a full dinner?,yes,http://images.cocodataset.org/train2014/COCO_train2014_000000000194.jpg,0,4,0.125,-0.69140625,yes,0,,,,,,,,,,,,,,,,,,,,,,,,
666,yes/no,Are both beds made?,yes,http://images.cocodataset.org/train2014/COCO_train2014_000000257513.jpg,0,512,0.0,-0.392578125,yes,0,,,,,,,,,,,,,,,,,,,,,,,,
667,yes/no,Is there a ladder in the picture?,yes,http://images.cocodataset.org/train2014/COCO_train2014_000000257513.jpg,0,45,0.40294425428989666,-0.12451171875,yes,0,,,,,,,,,,,,,,,,,,,,,,,,
668,yes/no,Is this vehicle parked in a residential driveway?,yes,http://images.cocodataset.org/train2014/COCO_train2014_000000393412.jpg,1,89,0.5052415111246266,-0.48828125,yes,1,20.0,0.09331843406607195,0.9372305632161296,,,,,,,,,,,,,,,,,,,,,
669,yes/no,Is the color of the car very common for vehicles?,no,http://images.cocodataset.org/train2014/COCO_train2014_000000393412.jpg,0,4,0.125,-0.2275390625,no,0,,,,,,,,,,,,,,,,,,,,,,,,
670,yes/no,Are all the people looking at the same thing?,no,http://images.cocodataset.org/train2014/COCO_train2014_000000458785.jpg,0,24,0.24999999802493827,-0.6171875,yes,0,,,,,,,,,,,,,,,,,,,,,,,,
671,yes/no,Do these ski boards have personality?,yes,http://images.cocodataset.org/train2014/COCO_train2014_000000000201.jpg,0,18,0.26600913430084966,-0.142578125,yes,0,,,,,,,,,,,,,,,,,,,,,,,,
672,yes/no,Is the woman wearing a dress?,no,http://images.cocodataset.org/train2014/COCO_train2014_000000131277.jpg,0,512,0.0,-0.10693359375,no,0,,,,,,,,,,,,,,,,,,,,,,,,
673,yes/no,Are they playing a game?,yes,http://images.cocodataset.org/train2014/COCO_train2014_000000131277.jpg,0,58,0.5135063720503146,-0.12890625,yes,0,,,,,,,,,,,,,,,,,,,,,,,,
674,yes/no,Will the bent person fall forward?,no,http://images.cocodataset.org/train2014/COCO_train2014_000000131277.jpg,0,512,0.0,-0.404296875,no,0,,,,,,,,,,,,,,,,,,,,,,,,
675,yes/no,Is there a man and a woman?,yes,http://images.cocodataset.org/train2014/COCO_train2014_000000131277.jpg,0,512,0.0,-0.1025390625,yes,0,,,,,,,,,,,,,,,,,,,,,,,,
676,yes/no,Is this photo to blurry?,no,http://images.cocodataset.org/train2014/COCO_train2014_000000131277.jpg,0,512,0.0,-0.15625,no,0,,,,,,,,,,,,,,,,,,,,,,,,
677,yes/no,Would you get a ticket if you disobeyed this sign?,yes,http://images.cocodataset.org/train2014/COCO_train2014_000000393422.jpg,0,64,0.3152988358603342,-0.15625,yes,0,,,,,,,,,,,,,,,,,,,,,,,,
678,yes/no,Is the red stop sign on a wooden pole?,no,http://images.cocodataset.org/train2014/COCO_train2014_000000393422.jpg,0,12,0.12499999310812845,-0.53515625,yes,0,,,,,,,,,,,,,,,,,,,,,,,,
679,yes/no,Can you see the sun in the picture?,yes,http://images.cocodataset.org/train2014/COCO_train2014_000000393422.jpg,0,41,0.25003348275675674,-0.12451171875,yes,0,,,,,,,,,,,,,,,,,,,,,,,,
680,yes/no,Are they twins?,no,http://images.cocodataset.org/train2014/COCO_train2014_000000131279.jpg,0,512,0.0,-0.36328125,no,0,,,,,,,,,,,,,,,,,,,,,,,,
681,yes/no,Is one of the children a boy?,yes,http://images.cocodataset.org/train2014/COCO_train2014_000000131279.jpg,0,8,0.25,-0.6171875,yes,0,,,,,,,,,,,,,,,,,,,,,,,,
682,yes/no,Are these teenagers?,no,http://images.cocodataset.org/train2014/COCO_train2014_000000131279.jpg,0,10,0.2902410118609203,-0.10693359375,no,0,,,,,,,,,,,,,,,,,,,,,,,,
683,yes/no,Are both of the children smiling?,no,http://images.cocodataset.org/train2014/COCO_train2014_000000131279.jpg,0,512,0.0,-0.302734375,no,0,,,,,,,,,,,,,,,,,,,,,,,,
684,yes/no,Is this child wearing socks?,no,http://images.cocodataset.org/train2014/COCO_train2014_000000131279.jpg,0,512,0.0,-0.111328125,no,0,,,,,,,,,,,,,,,,,,,,,,,,
685,yes/no,Is the man's shirt a solid color?,no,http://images.cocodataset.org/train2014/COCO_train2014_000000448671.jpg,0,512,0.0,-0.1474609375,no,0,,,,,,,,,,,,,,,,,,,,,,,,
686,yes/no,Is this man tan?,yes,http://images.cocodataset.org/train2014/COCO_train2014_000000554301.jpg,0,44,0.5178283443196224,-0.1650390625,yes,0,,,,,,,,,,,,,,,,,,,,,,,,
687,yes/no,The tablecloths are white?,yes,http://images.cocodataset.org/train2014/COCO_train2014_000000262359.jpg,2,104,0.6093478819907409,-0.1337890625,yes,2,30.0,0.034217442463642035,1.0,15.0,0.034221586120475586,,,,,1.0,,,,,,,,,,,,,,
688,yes/no,Are the pictures colorful?,yes,http://images.cocodataset.org/train2014/COCO_train2014_000000262359.jpg,0,2,-0.0,-0.41015625,yes,0,,,,,,,,,,,,,,,,,,,,,,,,
689,yes/no,Do you a mirror in the background?,no,http://images.cocodataset.org/train2014/COCO_train2014_000000262359.jpg,0,512,0.0,-0.1982421875,no,0,,,,,,,,,,,,,,,,,,,,,,,,
690,yes/no,Is there food on the table?,no,http://images.cocodataset.org/train2014/COCO_train2014_000000262359.jpg,0,512,0.0,-0.1025390625,no,0,,,,,,,,,,,,,,,,,,,,,,,,
691,yes/no,Is there a pillow present in the picture?,yes,http://images.cocodataset.org/train2014/COCO_train2014_000000393432.jpg,0,2,-0.0,-0.0986328125,yes,0,,,,,,,,,,,,,,,,,,,,,,,,
692,yes/no,Is she wearing a bathing suit?,yes,http://images.cocodataset.org/train2014/COCO_train2014_000000000036.jpg,0,2,-0.0,-0.27734375,yes,0,,,,,,,,,,,,,,,,,,,,,,,,
693,yes/no,Are they surrounded by trees?,yes,http://images.cocodataset.org/train2014/COCO_train2014_000000524508.jpg,0,12,0.3231203125901445,-0.1884765625,yes,0,,,,,,,,,,,,,,,,,,,,,,,,
694,yes/no,Is there a puddle of water on the dirt?,yes,http://images.cocodataset.org/train2014/COCO_train2014_000000524508.jpg,0,21,0.24999999922728672,-0.11572265625,yes,0,,,,,,,,,,,,,,,,,,,,,,,,
695,yes/no,Are these men on a boat?,no,http://images.cocodataset.org/train2014/COCO_train2014_000000474858.jpg,0,512,0.0,-0.111328125,no,0,,,,,,,,,,,,,,,,,,,,,,,,
696,yes/no,Are the boys happy?,yes,http://images.cocodataset.org/train2014/COCO_train2014_000000474858.jpg,0,512,0.0,-0.671875,no,0,,,,,,,,,,,,,,,,,,,,,,,,
697,yes/no,Is the man in the forefront trying to get signal on a cell phone?,no,http://images.cocodataset.org/train2014/COCO_train2014_000000474858.jpg,0,4,0.125,-0.15625,no,0,,,,,,,,,,,,,,,,,,,,,,,,
698,yes/no,Was this photo taken recently?,yes,http://images.cocodataset.org/train2014/COCO_train2014_000000474858.jpg,0,56,0.4183046708215723,-0.2373046875,yes,0,,,,,,,,,,,,,,,,,,,,,,,,
699,yes/no,Is this  a beach?,yes,http://images.cocodataset.org/train2014/COCO_train2014_000000474858.jpg,2,105,0.5210098577592923,-0.11572265625,yes,2,17.0,0.059496980729219884,0.9774178175281716,18.0,0.062373810918177904,,,,,0.0,,,,,,,,,,,,,,
700,yes/no,Is the guy making a performance?,no,http://images.cocodataset.org/train2014/COCO_train2014_000000474858.jpg,0,512,0.0,-0.142578125,no,0,,,,,,,,,,,,,,,,,,,,,,,,
701,yes/no,Is he doing a trick?,no,http://images.cocodataset.org/train2014/COCO_train2014_000000474858.jpg,0,512,0.0,-0.1025390625,no,0,,,,,,,,,,,,,,,,,,,,,,,,
702,yes/no,Is the man in the foreground barefooted?,yes,http://images.cocodataset.org/train2014/COCO_train2014_000000474858.jpg,0,512,0.0,-0.5546875,no,0,,,,,,,,,,,,,,,,,,,,,,,,
703,yes/no,Is this busy metropolis?,no,http://images.cocodataset.org/train2014/COCO_train2014_000000474858.jpg,0,512,0.0,-0.111328125,no,0,,,,,,,,,,,,,,,,,,,,,,,,
704,yes/no,What is the man on a skateboard?,no,http://images.cocodataset.org/train2014/COCO_train2014_000000474858.jpg,0,67,0.4261619481085285,-0.84765625,no,0,,,,,,,,,,,,,,,,,,,,,,,,
705,yes/no,Are there waves in the picture?,yes,http://images.cocodataset.org/train2014/COCO_train2014_000000474858.jpg,0,4,0.125,-0.10693359375,yes,0,,,,,,,,,,,,,,,,,,,,,,,,
706,yes/no,Did the man just steal the boy's kite?,no,http://images.cocodataset.org/train2014/COCO_train2014_000000393438.jpg,0,2,-0.0,-0.1376953125,no,0,,,,,,,,,,,,,,,,,,,,,,,,
707,yes/no,Is this a steam engine train?,yes,http://images.cocodataset.org/train2014/COCO_train2014_000000165859.jpg,0,28,0.3231202557589571,-0.1513671875,yes,0,,,,,,,,,,,,,,,,,,,,,,,,
708,yes/no,Are the umbrellas wet?,yes,http://images.cocodataset.org/train2014/COCO_train2014_000000393442.jpg,0,512,0.0,-0.2470703125,no,0,,,,,,,,,,,,,,,,,,,,,,,,
709,yes/no,Is there snow on the ground?,yes,http://images.cocodataset.org/train2014/COCO_train2014_000000131299.jpg,0,16,0.004402254086449368,-0.1201171875,yes,0,,,,,,,,,,,,,,,,,,,,,,,,
710,yes/no,Does this oven look new?,no,http://images.cocodataset.org/train2014/COCO_train2014_000000131300.jpg,0,512,0.0,-0.1376953125,no,0,,,,,,,,,,,,,,,,,,,,,,,,
711,yes/no,Does the oven have a digital buttons?,no,http://images.cocodataset.org/train2014/COCO_train2014_000000131300.jpg,0,512,0.0,-0.1474609375,no,0,,,,,,,,,,,,,,,,,,,,,,,,
712,yes/no,Is this oven greasy?,yes,http://images.cocodataset.org/train2014/COCO_train2014_000000131300.jpg,0,119,0.5209721500297826,-0.212890625,yes,0,,,,,,,,,,,,,,,,,,,,,,,,
713,yes/no,Is the pizza on a baking tray?,yes,http://images.cocodataset.org/train2014/COCO_train2014_000000131300.jpg,0,512,0.0,-0.38671875,no,0,,,,,,,,,,,,,,,,,,,,,,,,
714,yes/no,Do you like chocolate cake?,yes,http://images.cocodataset.org/train2014/COCO_train2014_000000393445.jpg,0,37,0.3877347375967717,-0.169921875,yes,0,,,,,,,,,,,,,,,,,,,,,,,,
715,yes/no,Are there any water glasses on the table?,yes,http://images.cocodataset.org/train2014/COCO_train2014_000000524518.jpg,0,30,0.35091936514037825,-0.2177734375,yes,0,,,,,,,,,,,,,,,,,,,,,,,,
716,yes/no,Are there tomatoes on the pizza?,yes,http://images.cocodataset.org/train2014/COCO_train2014_000000524518.jpg,0,2,0.9961696287964594,-0.1201171875,yes,0,,,,,,,,,,,,,,,,,,,,,,,,
717,yes/no,Are there any people in the picture?,no,http://images.cocodataset.org/train2014/COCO_train2014_000000524518.jpg,0,512,0.0,-0.609375,no,0,,,,,,,,,,,,,,,,,,,,,,,,
718,yes/no,Can they go?,no,http://images.cocodataset.org/train2014/COCO_train2014_000000524520.jpg,0,512,0.0,-0.142578125,no,0,,,,,,,,,,,,,,,,,,,,,,,,
719,yes/no,Are the cars parked?,no,http://images.cocodataset.org/train2014/COCO_train2014_000000524520.jpg,0,18,0.290240970032048,-0.298828125,yes,0,,,,,,,,,,,,,,,,,,,,,,,,
720,yes/no,Are all the players wearing black shirts?,no,http://images.cocodataset.org/train2014/COCO_train2014_000000524522.jpg,0,512,0.0,-0.2373046875,no,0,,,,,,,,,,,,,,,,,,,,,,,,
721,yes/no,Is one of the trains going through a tunnel?,yes,http://images.cocodataset.org/train2014/COCO_train2014_000000524525.jpg,0,152,0.5309909389653148,-0.169921875,yes,0,,,,,,,,,,,,,,,,,,,,,,,,
722,yes/no,Is the door open?,no,http://images.cocodataset.org/train2014/COCO_train2014_000000131312.jpg,0,512,0.0,-0.482421875,no,0,,,,,,,,,,,,,,,,,,,,,,,,
723,yes/no,Is the man on TV wearing a tie?,yes,http://images.cocodataset.org/train2014/COCO_train2014_000000131312.jpg,0,512,0.0,-0.451171875,no,0,,,,,,,,,,,,,,,,,,,,,,,,
724,yes/no,Is everyone wearing glasses?,no,http://images.cocodataset.org/train2014/COCO_train2014_000000131315.jpg,0,512,0.0,-0.2080078125,no,0,,,,,,,,,,,,,,,,,,,,,,,,
725,yes/no,Are both people of the same ethnic background?,no,http://images.cocodataset.org/train2014/COCO_train2014_000000131315.jpg,0,512,0.0,-0.11572265625,no,0,,,,,,,,,,,,,,,,,,,,,,,,
726,yes/no,The man is wearing a helmet?,yes,http://images.cocodataset.org/train2014/COCO_train2014_000000262389.jpg,0,12,0.6769251535376029,-0.111328125,yes,0,,,,,,,,,,,,,,,,,,,,,,,,
727,yes/no,Is this a government official's plane?,yes,http://images.cocodataset.org/train2014/COCO_train2014_000000000247.jpg,0,2,-0.0,-0.4453125,no,0,,,,,,,,,,,,,,,,,,,,,,,,
728,yes/no,Are the kids sitting?,no,http://images.cocodataset.org/train2014/COCO_train2014_000000393464.jpg,0,43,0.3723765949054181,-0.111328125,no,0,,,,,,,,,,,,,,,,,,,,,,,,
729,yes/no,Are these children playing a game?,yes,http://images.cocodataset.org/train2014/COCO_train2014_000000393464.jpg,0,2,0.01518799671422297,-0.18359375,yes,0,,,,,,,,,,,,,,,,,,,,,,,,
730,yes/no,The zebras are in a field?,no,http://images.cocodataset.org/train2014/COCO_train2014_000000262393.jpg,0,512,0.0,-0.287109375,no,0,,,,,,,,,,,,,,,,,,,,,,,,
731,yes/no,Have you ever been to this intersection?,no,http://images.cocodataset.org/train2014/COCO_train2014_000000000250.jpg,0,14,0.19812031258972568,-0.203125,no,0,,,,,,,,,,,,,,,,,,,,,,,,
732,yes/no,Are some of the trees dead?,yes,http://images.cocodataset.org/train2014/COCO_train2014_000000131323.jpg,0,16,0.24024101186092028,-0.392578125,yes,0,,,,,,,,,,,,,,,,,,,,,,,,
733,yes/no,Are the rocks for the giraffe to sit on?,no,http://images.cocodataset.org/train2014/COCO_train2014_000000131323.jpg,0,512,0.0,-0.29296875,no,0,,,,,,,,,,,,,,,,,,,,,,,,
734,yes/no,Does someone have a green thumb?,yes,http://images.cocodataset.org/train2014/COCO_train2014_000000131330.jpg,1,51,0.41347361998862087,-0.267578125,yes,1,15.0,0.17101270714850167,0.7835807040488099,,,,,,,,,,,,,,,,,,,,,
735,yes/no,Is the seedling a hybrid?,yes,http://images.cocodataset.org/train2014/COCO_train2014_000000131330.jpg,1,62,0.4637338959955326,-0.203125,yes,1,15.0,0.13333335414143177,0.7835807040488099,,,,,,,,,,,,,,,,,,,,,
736,yes/no,Is there a tent in the snow?,yes,http://images.cocodataset.org/train2014/COCO_train2014_000000524547.jpg,0,8,0.25,-0.111328125,yes,0,,,,,,,,,,,,,,,,,,,,,,,,
737,yes/no,Is this terminal safe at night?,yes,http://images.cocodataset.org/train2014/COCO_train2014_000000000260.jpg,0,43,0.3556689540949264,-0.193359375,yes,0,,,,,,,,,,,,,,,,,,,,,,,,
738,yes/no,Is the woman by herself?,yes,http://images.cocodataset.org/train2014/COCO_train2014_000000000260.jpg,0,512,0.0,-0.1337890625,yes,0,,,,,,,,,,,,,,,,,,,,,,,,
739,yes/no,Is it a clear day?,yes,http://images.cocodataset.org/train2014/COCO_train2014_000000524551.jpg,0,31,0.19835966161137913,-0.10693359375,yes,0,,,,,,,,,,,,,,,,,,,,,,,,
740,yes/no,Is this person prone on his back or on his knees?,no,http://images.cocodataset.org/train2014/COCO_train2014_000000393480.jpg,2,157,0.599591731140618,-0.43359375,kne,2,15.0,0.03817873768100271,0.9654013672997089,16.0,0.04559099587571312,,,,,1.0,,,,,,,,,,,,,,
741,yes/no,Is the skier on the ground?,yes,http://images.cocodataset.org/train2014/COCO_train2014_000000393480.jpg,0,12,0.11293426747198221,-0.193359375,yes,0,,,,,,,,,,,,,,,,,,,,,,,,
742,yes/no,Is the subject of the photo facing downhill?,yes,http://images.cocodataset.org/train2014/COCO_train2014_000000393480.jpg,0,512,0.0,-0.5625,no,0,,,,,,,,,,,,,,,,,,,,,,,,
743,yes/no,Is this man attached to his surfboard?,yes,http://images.cocodataset.org/train2014/COCO_train2014_000000131339.jpg,0,512,0.0,-0.6640625,no,0,,,,,,,,,,,,,,,,,,,,,,,,
744,yes/no,Is this man riding a surfboard?,yes,http://images.cocodataset.org/train2014/COCO_train2014_000000131339.jpg,0,512,0.0,-0.10693359375,yes,0,,,,,,,,,,,,,,,,,,,,,,,,
745,yes/no,Is he wearing the right type of suit?,yes,http://images.cocodataset.org/train2014/COCO_train2014_000000131339.jpg,0,512,0.0,-0.68359375,no,0,,,,,,,,,,,,,,,,,,,,,,,,
746,yes/no,Is the man riding a white board?,no,http://images.cocodataset.org/train2014/COCO_train2014_000000131339.jpg,0,512,0.0,-0.15625,no,0,,,,,,,,,,,,,,,,,,,,,,,,
747,yes/no,Is the woman surfing?,yes,http://images.cocodataset.org/train2014/COCO_train2014_000000131339.jpg,0,2,-0.0,-0.1513671875,yes,0,,,,,,,,,,,,,,,,,,,,,,,,
748,yes/no,Is the boy in the middle being attacked?,no,http://images.cocodataset.org/train2014/COCO_train2014_000000524557.jpg,0,512,0.0,-0.427734375,no,0,,,,,,,,,,,,,,,,,,,,,,,,
749,yes/no,Does the boy have his head stuck in the net?,no,http://images.cocodataset.org/train2014/COCO_train2014_000000524557.jpg,0,512,0.0,-0.251953125,no,0,,,,,,,,,,,,,,,,,,,,,,,,
750,yes/no,Does the guy on the right look happy?,yes,http://images.cocodataset.org/train2014/COCO_train2014_000000131342.jpg,0,4,0.125,-0.0986328125,yes,0,,,,,,,,,,,,,,,,,,,,,,,,
751,yes/no,Are there multiple vegetables on the plate?,yes,http://images.cocodataset.org/train2014/COCO_train2014_000000393488.jpg,0,24,0.23978917973599082,-0.11572265625,yes,0,,,,,,,,,,,,,,,,,,,,,,,,
752,yes/no,Is there meat on the plate?,yes,http://images.cocodataset.org/train2014/COCO_train2014_000000393488.jpg,0,82,0.46254987966268685,-0.2470703125,yes,0,,,,,,,,,,,,,,,,,,,,,,,,
753,yes/no,Is this a brand new phone?,no,http://images.cocodataset.org/train2014/COCO_train2014_000000393489.jpg,0,19,0.21104730427064905,-0.7734375,yes,0,,,,,,,,,,,,,,,,,,,,,,,,
754,yes/no,Does this phone fold closed?,no,http://images.cocodataset.org/train2014/COCO_train2014_000000393489.jpg,0,4,0.125,-0.54296875,no,0,,,,,,,,,,,,,,,,,,,,,,,,
755,yes/no,Is the phone broken?,no,http://images.cocodataset.org/train2014/COCO_train2014_000000393489.jpg,0,60,0.5418400727386289,-0.75390625,yes,0,,,,,,,,,,,,,,,,,,,,,,,,
756,yes/no,Is the phone light on?,no,http://images.cocodataset.org/train2014/COCO_train2014_000000393489.jpg,0,4,0.125,-0.2470703125,no,0,,,,,,,,,,,,,,,,,,,,,,,,
757,yes/no,Is the display on?,no,http://images.cocodataset.org/train2014/COCO_train2014_000000393489.jpg,0,31,0.3652197916979486,-0.212890625,no,0,,,,,,,,,,,,,,,,,,,,,,,,
758,yes/no,Is the person using skype?,no,http://images.cocodataset.org/train2014/COCO_train2014_000000393489.jpg,0,26,0.39018306949367354,-0.283203125,no,0,,,,,,,,,,,,,,,,,,,,,,,,
759,yes/no,Is the phone on?,no,http://images.cocodataset.org/train2014/COCO_train2014_000000393489.jpg,0,42,0.5073476004517474,-0.34765625,no,0,,,,,,,,,,,,,,,,,,,,,,,,
760,yes/no,Is the background clear?,yes,http://images.cocodataset.org/train2014/COCO_train2014_000000393489.jpg,0,2,-0.0,-0.4453125,no,0,,,,,,,,,,,,,,,,,,,,,,,,
761,yes/no,Is this an inside stadium?,yes,http://images.cocodataset.org/train2014/COCO_train2014_000000336077.jpg,0,512,0.0,-0.59765625,no,0,,,,,,,,,,,,,,,,,,,,,,,,
762,yes/no,Is the stadium crowded?,yes,http://images.cocodataset.org/train2014/COCO_train2014_000000336077.jpg,0,16,0.24024101186092028,-0.169921875,yes,0,,,,,,,,,,,,,,,,,,,,,,,,
763,yes/no,Is the stadium full?,yes,http://images.cocodataset.org/train2014/COCO_train2014_000000336077.jpg,2,68,0.5654450335927801,-0.298828125,yes,2,15.0,0.043499211303652405,0.0,22.0,0.04356310601481893,,,,,0.8508642289005679,,,,,,,,,,,,,,
764,yes/no,Is there a baseball player holding a bat?,yes,http://images.cocodataset.org/train2014/COCO_train2014_000000336077.jpg,0,4,0.125,-0.15625,yes,0,,,,,,,,,,,,,,,,,,,,,,,,
765,yes/no,Is this bathroom all white?,no,http://images.cocodataset.org/train2014/COCO_train2014_000000546179.jpg,0,26,0.3902403780084746,-0.451171875,yes,0,,,,,,,,,,,,,,,,,,,,,,,,
766,yes/no,Has the bathroom been renovated recently?,no,http://images.cocodataset.org/train2014/COCO_train2014_000000546179.jpg,0,512,0.0,-0.81640625,no,0,,,,,,,,,,,,,,,,,,,,,,,,
767,yes/no,Are there towels on the ground?,no,http://images.cocodataset.org/train2014/COCO_train2014_000000546179.jpg,0,512,0.0,-0.203125,no,0,,,,,,,,,,,,,,,,,,,,,,,,
768,yes/no,Does this look clean?,yes,http://images.cocodataset.org/train2014/COCO_train2014_000000546179.jpg,0,52,0.36866426039865796,-0.1201171875,yes,0,,,,,,,,,,,,,,,,,,,,,,,,
769,yes/no,Is the shower curtain open?,no,http://images.cocodataset.org/train2014/COCO_train2014_000000546179.jpg,0,512,0.0,-0.41015625,no,0,,,,,,,,,,,,,,,,,,,,,,,,
770,yes/no,Does this bike have training wheels?,yes,http://images.cocodataset.org/train2014/COCO_train2014_000000393493.jpg,0,38,0.43242895013388016,-0.1376953125,yes,0,,,,,,,,,,,,,,,,,,,,,,,,
771,yes/no,Is the picnic table red?,yes,http://images.cocodataset.org/train2014/COCO_train2014_000000393493.jpg,0,20,0.013912965993203609,-0.1201171875,yes,0,,,,,,,,,,,,,,,,,,,,,,,,
772,yes/no,Is this a clean room?,no,http://images.cocodataset.org/train2014/COCO_train2014_000000131351.jpg,0,512,0.0,-0.70703125,no,0,,,,,,,,,,,,,,,,,,,,,,,,
773,yes/no,Is this bathroom clean?,yes,http://images.cocodataset.org/train2014/COCO_train2014_000000131351.jpg,0,512,0.0,-0.8046875,no,0,,,,,,,,,,,,,,,,,,,,,,,,
774,yes/no,Is the room clean?,no,http://images.cocodataset.org/train2014/COCO_train2014_000000131351.jpg,0,2,-0.0,-0.7421875,yes,0,,,,,,,,,,,,,,,,,,,,,,,,
775,yes/no,Is there a mirror in the bathroom?,no,http://images.cocodataset.org/train2014/COCO_train2014_000000131351.jpg,0,512,0.0,-0.11572265625,no,0,,,,,,,,,,,,,,,,,,,,,,,,
776,yes/no,Is there a green plant in this room?,no,http://images.cocodataset.org/train2014/COCO_train2014_000000131351.jpg,0,512,0.0,-0.1884765625,no,0,,,,,,,,,,,,,,,,,,,,,,,,
777,yes/no,Is this room clean?,no,http://images.cocodataset.org/train2014/COCO_train2014_000000131351.jpg,0,512,0.0,-0.625,no,0,,,,,,,,,,,,,,,,,,,,,,,,
778,yes/no,Is the cat trying to catch a bird?,no,http://images.cocodataset.org/train2014/COCO_train2014_000000524572.jpg,0,512,0.0,-0.1376953125,no,0,,,,,,,,,,,,,,,,,,,,,,,,
779,yes/no,Is the writing in French?,no,http://images.cocodataset.org/train2014/COCO_train2014_000000393503.jpg,0,512,0.0,-0.1748046875,no,0,,,,,,,,,,,,,,,,,,,,,,,,
780,yes/no,Is this a traveling circus?,no,http://images.cocodataset.org/train2014/COCO_train2014_000000393503.jpg,0,512,0.0,-0.7109375,no,0,,,,,,,,,,,,,,,,,,,,,,,,
781,yes/no,Are there long lenses?,yes,http://images.cocodataset.org/train2014/COCO_train2014_000000414639.jpg,0,512,0.0,-0.75390625,no,0,,,,,,,,,,,,,,,,,,,,,,,,
782,yes/no,Is everyone wearing long sleeves?,yes,http://images.cocodataset.org/train2014/COCO_train2014_000000131366.jpg,0,80,0.49999968950709406,-0.6171875,yes,0,,,,,,,,,,,,,,,,,,,,,,,,
783,yes/no,Are the woman wearing short dresses?,yes,http://images.cocodataset.org/train2014/COCO_train2014_000000131366.jpg,0,8,0.25,-0.462890625,yes,0,,,,,,,,,,,,,,,,,,,,,,,,
784,yes/no,Is the lady smiling?,yes,http://images.cocodataset.org/train2014/COCO_train2014_000000131366.jpg,8,150,0.6366759220993256,-0.111328125,yes,8,18.0,0.029378902279169325,1.0,27.0,0.02940017001669234,27.0,0.029370171571492684,18.0,0.029435982775047838,1.0,1.0,1.0,19.0,0.02938852059440177,31.0,0.02751230443087439,27.0,0.029394353711371994,20.0,0.026487048970720482,0.9980008838722996,0.745152435826055,1.0,0.8637400525036966
785,yes/no,Do they play for Red Sox?,no,http://images.cocodataset.org/train2014/COCO_train2014_000000131366.jpg,0,512,0.0,-0.1376953125,no,0,,,,,,,,,,,,,,,,,,,,,,,,
786,yes/no,Is this a mixed race group?,no,http://images.cocodataset.org/train2014/COCO_train2014_000000131366.jpg,0,512,0.0,-0.1650390625,no,0,,,,,,,,,,,,,,,,,,,,,,,,
787,yes/no,Are these people getting reading to go play sports?,yes,http://images.cocodataset.org/train2014/COCO_train2014_000000131366.jpg,0,64,0.3968906358747382,-0.2470703125,yes,0,,,,,,,,,,,,,,,,,,,,,,,,
788,yes/no,Is there any females?,yes,http://images.cocodataset.org/train2014/COCO_train2014_000000131366.jpg,0,4,0.125,-0.111328125,yes,0,,,,,,,,,,,,,,,,,,,,,,,,
789,yes/no,Is this a shop?,no,http://images.cocodataset.org/train2014/COCO_train2014_000000131366.jpg,0,512,0.0,-0.1025390625,no,0,,,,,,,,,,,,,,,,,,,,,,,,
790,yes/no,Are they happy?,yes,http://images.cocodataset.org/train2014/COCO_train2014_000000131366.jpg,0,37,0.12502350083646685,-0.111328125,yes,0,,,,,,,,,,,,,,,,,,,,,,,,
791,yes/no,Are the trying to fix the train?,yes,http://images.cocodataset.org/train2014/COCO_train2014_000000497565.jpg,1,59,0.37500805624497674,-0.2177734375,yes,1,18.0,0.12499478561968187,0.0,,,,,,,,,,,,,,,,,,,,,
792,yes/no,Is the train black?,yes,http://images.cocodataset.org/train2014/COCO_train2014_000000497565.jpg,0,61,0.12791600641351067,-0.1376953125,yes,0,,,,,,,,,,,,,,,,,,,,,,,,
793,yes/no,Is this an evening scene?,yes,http://images.cocodataset.org/train2014/COCO_train2014_000000101431.jpg,0,28,0.3125,-0.1337890625,yes,0,,,,,,,,,,,,,,,,,,,,,,,,
794,yes/no,Is this a desert scene?,yes,http://images.cocodataset.org/train2014/COCO_train2014_000000101431.jpg,0,512,0.0,-0.427734375,no,0,,,,,,,,,,,,,,,,,,,,,,,,
795,yes/no,Is this a city street?,yes,http://images.cocodataset.org/train2014/COCO_train2014_000000262442.jpg,0,14,0.3509193652572005,-0.15625,yes,0,,,,,,,,,,,,,,,,,,,,,,,,
796,yes/no,Is she wearing a bonnet?,yes,http://images.cocodataset.org/train2014/COCO_train2014_000000021895.jpg,0,512,0.0,-0.314453125,no,0,,,,,,,,,,,,,,,,,,,,,,,,
797,yes/no,Was the woman's collar treated with starch?,yes,http://images.cocodataset.org/train2014/COCO_train2014_000000021895.jpg,0,91,0.4797413530532026,-0.341796875,yes,0,,,,,,,,,,,,,,,,,,,,,,,,
798,yes/no,Is it going to storm?,no,http://images.cocodataset.org/train2014/COCO_train2014_000000131373.jpg,0,512,0.0,-0.142578125,no,0,,,,,,,,,,,,,,,,,,,,,,,,
799,yes/no,Does this room have a low ceiling?,no,http://images.cocodataset.org/train2014/COCO_train2014_000000109277.jpg,0,512,0.0,-0.1796875,no,0,,,,,,,,,,,,,,,,,,,,,,,,
800,yes/no,Is a person wearing a hooded sweatshirt?,no,http://images.cocodataset.org/train2014/COCO_train2014_000000131376.jpg,0,512,0.0,-0.111328125,no,0,,,,,,,,,,,,,,,,,,,,,,,,
801,yes/no,Is he wearing a helmet?,no,http://images.cocodataset.org/train2014/COCO_train2014_000000131376.jpg,0,512,0.0,-0.12451171875,no,0,,,,,,,,,,,,,,,,,,,,,,,,
802,counting,How many tattoos can be seen on this man's body?,1,http://images.cocodataset.org/train2014/COCO_train2014_000000393227.jpg,0,0,0.9920797423753253,-0.5,1,0,,,,,,,,,,,,,,,,,,,,,,,,
803,counting,How many pieces of furniture which are used for sleeping are featured in this picture?,2,http://images.cocodataset.org/train2014/COCO_train2014_000000131074.jpg,0,59,0.3045814969424411,-0.32421875,two,0,,,,,,,,,,,,,,,,,,,,,,,,
804,counting,How many people are in this image?,1,http://images.cocodataset.org/train2014/COCO_train2014_000000393230.jpg,0,512,0.0,-0.11572265625,1,0,,,,,,,,,,,,,,,,,,,,,,,,
805,counting,How many sheeps are this?,3,http://images.cocodataset.org/train2014/COCO_train2014_000000131093.jpg,0,512,0.0,-0.30859375,3,0,,,,,,,,,,,,,,,,,,,,,,,,
806,counting,How many giraffes are there?,2,http://images.cocodataset.org/train2014/COCO_train2014_000000000025.jpg,0,512,0.0,-0.1611328125,2,0,,,,,,,,,,,,,,,,,,,,,,,,
807,counting,How many animals are in this photo?,2,http://images.cocodataset.org/train2014/COCO_train2014_000000000025.jpg,0,512,0.0,-0.1513671875,2,0,,,,,,,,,,,,,,,,,,,,,,,,
808,counting,How many people are on the boat?,5,http://images.cocodataset.org/train2014/COCO_train2014_000000262171.jpg,0,42,0.9946148460447682,-0.9296875,6,0,,,,,,,,,,,,,,,,,,,,,,,,
809,counting,How many people are wearing shorts in the forefront of this photo?,4,http://images.cocodataset.org/train2014/COCO_train2014_000000524325.jpg,2,106,0.9972128668612428,-2.03125,5,2,30.0,0.005062032257363356,0.0,20.0,0.005062032257363358,,,,,0.0,,,,,,,,,,,,,,
810,counting,How many planes are in the picture?,2,http://images.cocodataset.org/train2014/COCO_train2014_000000131118.jpg,0,512,0.0,-0.169921875,2,0,,,,,,,,,,,,,,,,,,,,,,,,
811,counting,How many trees are in this photo?,3,http://images.cocodataset.org/train2014/COCO_train2014_000000524338.jpg,0,512,0.0,-1.4453125,3,0,,,,,,,,,,,,,,,,,,,,,,,,
812,counting,How many flowers are painted on the vase?,3,http://images.cocodataset.org/train2014/COCO_train2014_000000131128.jpg,0,21,0.19024101180858327,-0.83203125,3,0,,,,,,,,,,,,,,,,,,,,,,,,
813,counting,How many elephants are in the water?,2,http://images.cocodataset.org/train2014/COCO_train2014_000000370986.jpg,0,512,0.0,-0.921875,2,0,,,,,,,,,,,,,,,,,,,,,,,,
814,counting,How many tails can you see in this picture?,3,http://images.cocodataset.org/train2014/COCO_train2014_000000370986.jpg,0,0,0.9961738244510702,-0.890625,3,0,,,,,,,,,,,,,,,,,,,,,,,,
815,counting,How many tusks are visible?,2,http://images.cocodataset.org/train2014/COCO_train2014_000000262204.jpg,0,512,0.0,-0.369140625,2,0,,,,,,,,,,,,,,,,,,,,,,,,
816,counting,How many trees on the table?,3,http://images.cocodataset.org/train2014/COCO_train2014_000000458763.jpg,0,512,0.0,-0.1982421875,3,0,,,,,,,,,,,,,,,,,,,,,,,,
817,counting,How many horns are in the picture?,0,http://images.cocodataset.org/train2014/COCO_train2014_000000458763.jpg,0,512,0.0,-0.6953125,0,0,,,,,,,,,,,,,,,,,,,,,,,,
818,counting,How many Giraffes are in this image?,2,http://images.cocodataset.org/train2014/COCO_train2014_000000000072.jpg,0,512,0.0,-0.1474609375,2,0,,,,,,,,,,,,,,,,,,,,,,,,
819,counting,How many stairs are there?,6,http://images.cocodataset.org/train2014/COCO_train2014_000000393290.jpg,0,22,0.9919552844801398,-0.6640625,6,0,,,,,,,,,,,,,,,,,,,,,,,,
820,counting,How many windows are there?,3,http://images.cocodataset.org/train2014/COCO_train2014_000000393291.jpg,0,512,0.0,-0.36328125,2,0,,,,,,,,,,,,,,,,,,,,,,,,
821,counting,How many birds are in the sink?,2,http://images.cocodataset.org/train2014/COCO_train2014_000000393292.jpg,0,512,0.0,-0.1796875,2,0,,,,,,,,,,,,,,,,,,,,,,,,
822,counting,How many tennis players are in the photo?,1,http://images.cocodataset.org/train2014/COCO_train2014_000000262221.jpg,0,512,0.0,-0.2470703125,1,0,,,,,,,,,,,,,,,,,,,,,,,,
823,counting,How many black sheep are there?,10,http://images.cocodataset.org/train2014/COCO_train2014_000000524375.jpg,0,512,0.0,-1.8671875,2,0,,,,,,,,,,,,,,,,,,,,,,,,
824,counting,How many lunches is this?,1,http://images.cocodataset.org/train2014/COCO_train2014_000000524377.jpg,0,0,0.9945090871758507,-0.232421875,1,0,,,,,,,,,,,,,,,,,,,,,,,,
825,counting,How many hot dogs are shown?,1,http://images.cocodataset.org/train2014/COCO_train2014_000000524377.jpg,0,512,0.0,-0.111328125,1,0,,,,,,,,,,,,,,,,,,,,,,,,
826,counting,How many pickle spears are there?,0,http://images.cocodataset.org/train2014/COCO_train2014_000000524377.jpg,0,512,0.0,-0.1474609375,0,0,,,,,,,,,,,,,,,,,,,,,,,,
827,counting,How many people are eating this hotdog?,1,http://images.cocodataset.org/train2014/COCO_train2014_000000524377.jpg,1,26,0.9979764176135946,-0.302734375,1,1,20.0,0.0059801280542461765,0.0,,,,,,,,,,,,,,,,,,,,,
828,counting,How many sauces are there?,1,http://images.cocodataset.org/train2014/COCO_train2014_000000524377.jpg,0,512,0.0,-0.203125,1,0,,,,,,,,,,,,,,,,,,,,,,,,
829,counting,How many kinds of meat products are here?,1,http://images.cocodataset.org/train2014/COCO_train2014_000000524377.jpg,1,80,0.6221702231906447,-0.83203125,2,1,16.0,0.06612055892899717,0.954434002924965,,,,,,,,,,,,,,,,,,,,,
830,counting,How many rolls of toilet paper are on the toilet tank?,2,http://images.cocodataset.org/train2014/COCO_train2014_000000262159.jpg,0,512,0.0,-0.18359375,2,0,,,,,,,,,,,,,,,,,,,,,,,,
831,counting,How many layers are in this cake?,7,http://images.cocodataset.org/train2014/COCO_train2014_000000000092.jpg,0,76,0.609375,-1.859375,9,0,,,,,,,,,,,,,,,,,,,,,,,,
832,counting,How many people can eat this cake?,1,http://images.cocodataset.org/train2014/COCO_train2014_000000000092.jpg,0,22,0.9860351715604426,-0.439453125,1,0,,,,,,,,,,,,,,,,,,,,,,,,
833,counting,How many vehicles are shown?,2,http://images.cocodataset.org/train2014/COCO_train2014_000000000094.jpg,0,512,0.0,-0.1650390625,2,0,,,,,,,,,,,,,,,,,,,,,,,,
834,counting,How many lamps are there?,2,http://images.cocodataset.org/train2014/COCO_train2014_000000524386.jpg,0,512,0.0,-0.193359375,2,0,,,,,,,,,,,,,,,,,,,,,,,,
835,counting,How many lamps are in the room?,2,http://images.cocodataset.org/train2014/COCO_train2014_000000524386.jpg,0,512,0.0,-0.1884765625,2,0,,,,,,,,,,,,,,,,,,,,,,,,
836,counting,How many pictures on the wall?,4,http://images.cocodataset.org/train2014/COCO_train2014_000000524386.jpg,1,45,0.5177869023988626,-0.2216796875,4,1,25.0,0.08275862068965517,0.9709505944546686,,,,,,,,,,,,,,,,,,,,,
837,counting,How many TVs are on?,1,http://images.cocodataset.org/train2014/COCO_train2014_000000524386.jpg,0,512,0.0,-0.11572265625,1,0,,,,,,,,,,,,,,,,,,,,,,,,
838,counting,How many pictures are on the wall?,4,http://images.cocodataset.org/train2014/COCO_train2014_000000524386.jpg,2,78,0.586684911185649,-0.2578125,4,2,18.0,0.046511627906976744,0.0,20.0,0.05348837209302326,,,,,0.9372305632161296,,,,,,,,,,,,,,
839,counting,How many men in the picture are wearing sunglasses?,1,http://images.cocodataset.org/train2014/COCO_train2014_000000131172.jpg,0,512,0.0,-0.640625,1,0,,,,,,,,,,,,,,,,,,,,,,,,
840,counting,How many people can be seen?,2,http://images.cocodataset.org/train2014/COCO_train2014_000000393317.jpg,0,512,0.0,-0.30859375,2,0,,,,,,,,,,,,,,,,,,,,,,,,
841,counting,How many green lights are there?,1,http://images.cocodataset.org/train2014/COCO_train2014_000000393317.jpg,0,512,0.0,-0.76171875,0,0,,,,,,,,,,,,,,,,,,,,,,,,
842,counting,How many lights does the plane have?,5,http://images.cocodataset.org/train2014/COCO_train2014_000000131174.jpg,0,512,0.0,-1.3203125,4,0,,,,,,,,,,,,,,,,,,,,,,,,
843,counting,How many planes are in this photo?,1,http://images.cocodataset.org/train2014/COCO_train2014_000000131174.jpg,0,512,0.0,-0.1337890625,1,0,,,,,,,,,,,,,,,,,,,,,,,,
844,counting,How many people are standing in this image?,3,http://images.cocodataset.org/train2014/COCO_train2014_000000546151.jpg,0,512,0.0,-1.0,2,0,,,,,,,,,,,,,,,,,,,,,,,,
845,counting,How many poles is the person holding?,2,http://images.cocodataset.org/train2014/COCO_train2014_000000021826.jpg,2,132,0.6736156006845294,-0.12890625,2,2,31.0,0.03016511074587538,0.8252412021866898,81.0,0.033607889138948306,,,,,0.6977061625584609,,,,,,,,,,,,,,
846,counting,How many bodies of water are in this scene?,1,http://images.cocodataset.org/train2014/COCO_train2014_000000000109.jpg,0,512,0.0,-0.212890625,1,0,,,,,,,,,,,,,,,,,,,,,,,,
847,counting,How many light post is there?,4,http://images.cocodataset.org/train2014/COCO_train2014_000000000109.jpg,0,512,0.0,-1.8046875,5,0,,,,,,,,,,,,,,,,,,,,,,,,
848,counting,How many people are in the picture?,3,http://images.cocodataset.org/train2014/COCO_train2014_000000000113.jpg,0,512,0.0,-0.1650390625,3,0,,,,,,,,,,,,,,,,,,,,,,,,
849,counting,How many pigeons are there?,6,http://images.cocodataset.org/train2014/COCO_train2014_000000262260.jpg,0,0,0.9864665301188638,-1.375,6,0,,,,,,,,,,,,,,,,,,,,,,,,
850,counting,How many bells are there?,1,http://images.cocodataset.org/train2014/COCO_train2014_000000131190.jpg,0,0,0.9806862563680453,-0.2080078125,1,0,,,,,,,,,,,,,,,,,,,,,,,,
851,counting,How many clock faces does this building have?,1,http://images.cocodataset.org/train2014/COCO_train2014_000000131190.jpg,0,512,0.0,-0.65625,2,0,,,,,,,,,,,,,,,,,,,,,,,,
852,counting,How many flags are by the building's entrance?,0,http://images.cocodataset.org/train2014/COCO_train2014_000000131190.jpg,0,8,0.9971479287343619,-0.5703125,1,0,,,,,,,,,,,,,,,,,,,,,,,,
853,counting,How many windows are shown?,5,http://images.cocodataset.org/train2014/COCO_train2014_000000131190.jpg,0,0,0.991945900253014,-1.7578125,5,0,,,,,,,,,,,,,,,,,,,,,,,,
854,counting,How many windows are pictured?,4,http://images.cocodataset.org/train2014/COCO_train2014_000000131190.jpg,3,118,0.8238088332676653,-1.7109375,5,3,16.0,0.018255630923081537,0.886859507142915,16.0,0.016070768832455045,20.0,0.018768288337097712,,,0.6695919455357793,0.8427376486136673,,,,,,,,,,,,,
855,counting,How many sheep can you see?,2,http://images.cocodataset.org/train2014/COCO_train2014_000000131197.jpg,0,512,0.0,-0.11572265625,2,0,,,,,,,,,,,,,,,,,,,,,,,,
856,counting,How many people are there?,1,http://images.cocodataset.org/train2014/COCO_train2014_000000262273.jpg,0,512,0.0,-0.11572265625,1,0,,,,,,,,,,,,,,,,,,,,,,,,
857,counting,How many people are in the image?,1,http://images.cocodataset.org/train2014/COCO_train2014_000000262273.jpg,0,512,0.0,-0.10693359375,1,0,,,,,,,,,,,,,,,,,,,,,,,,
858,counting,How many birds are there?,3,http://images.cocodataset.org/train2014/COCO_train2014_000000436929.jpg,0,512,0.0,-0.251953125,3,0,,,,,,,,,,,,,,,,,,,,,,,,
859,counting,How many men are playing baseball?,5,http://images.cocodataset.org/train2014/COCO_train2014_000000284012.jpg,0,18,0.9964186734203438,-1.6875,4,0,,,,,,,,,,,,,,,,,,,,,,,,
860,counting,How many pots are hanging under the shelf?,2,http://images.cocodataset.org/train2014/COCO_train2014_000000000138.jpg,0,512,0.0,-0.27734375,2,0,,,,,,,,,,,,,,,,,,,,,,,,
861,counting,How many zebras are there?,13,http://images.cocodataset.org/train2014/COCO_train2014_000000262285.jpg,0,512,0.0,-1.3984375,1,0,,,,,,,,,,,,,,,,,,,,,,,,
862,counting,How many zebras can you see eating?,3,http://images.cocodataset.org/train2014/COCO_train2014_000000000154.jpg,0,512,0.0,-0.330078125,1,0,,,,,,,,,,,,,,,,,,,,,,,,
863,counting,How many kinds of animals are in this photo?,1,http://images.cocodataset.org/train2014/COCO_train2014_000000000154.jpg,2,105,0.7160165424237631,-0.1474609375,1,2,15.0,0.025296930292207916,0.0,18.0,0.029541650283790244,,,,,0.9910760598382222,,,,,,,,,,,,,,
864,counting,How many different types of animals are in this scene?,1,http://images.cocodataset.org/train2014/COCO_train2014_000000000154.jpg,2,103,0.9483366235285163,-0.1337890625,1,2,16.0,0.012584044110180301,0.954434002924965,16.0,0.01683033151280726,,,,,0.954434002924965,,,,,,,,,,,,,,
865,counting,How many animals are there?,3,http://images.cocodataset.org/train2014/COCO_train2014_000000000154.jpg,0,512,0.0,-0.12451171875,3,0,,,,,,,,,,,,,,,,,,,,,,,,
866,counting,How many arrows can be seen?,1,http://images.cocodataset.org/train2014/COCO_train2014_000000393242.jpg,0,512,0.0,-0.8671875,1,0,,,,,,,,,,,,,,,,,,,,,,,,
867,counting,How many stripes are at the bottom of the picture?,5,http://images.cocodataset.org/train2014/COCO_train2014_000000393242.jpg,0,512,0.0,-0.9296875,5,0,,,,,,,,,,,,,,,,,,,,,,,,
868,counting,How many potted plants do you see?,3,http://images.cocodataset.org/train2014/COCO_train2014_000000415089.jpg,0,72,0.9911945081168687,-0.609375,3,0,,,,,,,,,,,,,,,,,,,,,,,,
869,counting,How many chairs are there?,1,http://images.cocodataset.org/train2014/COCO_train2014_000000415089.jpg,0,512,0.0,-0.515625,2,0,,,,,,,,,,,,,,,,,,,,,,,,
870,counting,How many kids in this photo?,3,http://images.cocodataset.org/train2014/COCO_train2014_000000393384.jpg,0,0,0.9837955899479237,-0.890625,2,0,,,,,,,,,,,,,,,,,,,,,,,,
871,counting,How many animals?,5,http://images.cocodataset.org/train2014/COCO_train2014_000000393386.jpg,0,512,0.0,-0.77734375,5,0,,,,,,,,,,,,,,,,,,,,,,,,
872,counting,How many laptops are on the coffee table?,3,http://images.cocodataset.org/train2014/COCO_train2014_000000137918.jpg,0,512,0.0,-0.169921875,3,0,,,,,,,,,,,,,,,,,,,,,,,,
873,counting,How many people are in the picture?,50,http://images.cocodataset.org/train2014/COCO_train2014_000000438196.jpg,0,512,0.0,-0.90234375,1,0,,,,,,,,,,,,,,,,,,,,,,,,
874,counting,How many knobs are there?,4,http://images.cocodataset.org/train2014/COCO_train2014_000000524471.jpg,0,34,0.9876563457721184,-1.0703125,3,0,,,,,,,,,,,,,,,,,,,,,,,,
875,counting,How many buses are there?,1,http://images.cocodataset.org/train2014/COCO_train2014_000000393403.jpg,0,512,0.0,-0.482421875,1,0,,,,,,,,,,,,,,,,,,,,,,,,
876,counting,How many decks does this bus have?,2,http://images.cocodataset.org/train2014/COCO_train2014_000000393403.jpg,0,4,0.995175863453364,-0.15625,2,0,,,,,,,,,,,,,,,,,,,,,,,,
877,counting,How many windows?,11,http://images.cocodataset.org/train2014/COCO_train2014_000000283700.jpg,0,512,0.0,-0.625,0,0,,,,,,,,,,,,,,,,,,,,,,,,
878,counting,How many steps does it take to get to the top?,2,http://images.cocodataset.org/train2014/COCO_train2014_000000257513.jpg,1,39,0.9905001978880124,-0.49609375,2,1,17.0,0.014533704097281719,0.8726389366057715,,,,,,,,,,,,,,,,,,,,,
879,counting,How many ski boards are in the picture?,5,http://images.cocodataset.org/train2014/COCO_train2014_000000000201.jpg,0,512,0.0,-0.76953125,5,0,,,,,,,,,,,,,,,,,,,,,,,,
880,counting,How many blue stripes are on the babies shirt?,many,http://images.cocodataset.org/train2014/COCO_train2014_000000131279.jpg,0,22,0.9939411056010867,-1.5234375,5,0,,,,,,,,,,,,,,,,,,,,,,,,
881,counting,How many babies are in this photo?,2,http://images.cocodataset.org/train2014/COCO_train2014_000000131279.jpg,0,512,0.0,-0.1474609375,2,0,,,,,,,,,,,,,,,,,,,,,,,,
882,counting,How many balls are on the ground?,6,http://images.cocodataset.org/train2014/COCO_train2014_000000554301.jpg,0,42,0.9952908011489129,-1.4296875,7,0,,,,,,,,,,,,,,,,,,,,,,,,
883,counting,How many glasses are there?,2,http://images.cocodataset.org/train2014/COCO_train2014_000000262359.jpg,0,512,0.0,-0.482421875,2,0,,,,,,,,,,,,,,,,,,,,,,,,
884,counting,How many horses are on the picture?,3,http://images.cocodataset.org/train2014/COCO_train2014_000000524508.jpg,0,512,0.0,-0.3203125,3,0,,,,,,,,,,,,,,,,,,,,,,,,
885,counting,How many horses are in the picture?,3,http://images.cocodataset.org/train2014/COCO_train2014_000000524508.jpg,0,512,0.0,-0.427734375,3,0,,,,,,,,,,,,,,,,,,,,,,,,
886,counting,How many kids?,1,http://images.cocodataset.org/train2014/COCO_train2014_000000393438.jpg,0,512,0.0,-0.41015625,0,0,,,,,,,,,,,,,,,,,,,,,,,,
887,counting,How many black umbrellas?,3,http://images.cocodataset.org/train2014/COCO_train2014_000000393442.jpg,0,512,0.0,-0.427734375,3,0,,,,,,,,,,,,,,,,,,,,,,,,
888,counting,How many skis are on the ground?,4,http://images.cocodataset.org/train2014/COCO_train2014_000000131299.jpg,1,65,0.5227429810224666,-1.2578125,4,1,34.0,0.07884425198360398,0.9424889261853939,,,,,,,,,,,,,,,,,,,,,
889,counting,How many water jugs are visible?,2,http://images.cocodataset.org/train2014/COCO_train2014_000000524522.jpg,0,512,0.0,-1.0703125,2,0,,,,,,,,,,,,,,,,,,,,,,,,
890,counting,How many trains are there?,3,http://images.cocodataset.org/train2014/COCO_train2014_000000524525.jpg,0,512,0.0,-0.3984375,3,0,,,,,,,,,,,,,,,,,,,,,,,,
891,counting,How many kids are there?,5,http://images.cocodataset.org/train2014/COCO_train2014_000000393464.jpg,0,512,0.0,-0.11572265625,5,0,,,,,,,,,,,,,,,,,,,,,,,,
892,counting,How many rocks?,2,http://images.cocodataset.org/train2014/COCO_train2014_000000262393.jpg,0,512,0.0,-0.1611328125,0,0,,,,,,,,,,,,,,,,,,,,,,,,
893,counting,How many zebras are there?,2,http://images.cocodataset.org/train2014/COCO_train2014_000000262393.jpg,0,512,0.0,-0.1884765625,2,0,,,,,,,,,,,,,,,,,,,,,,,,
894,counting,How many floors do you think the highest building has?,50,http://images.cocodataset.org/train2014/COCO_train2014_000000000250.jpg,0,2,0.9948932421090609,-1.0,2,0,,,,,,,,,,,,,,,,,,,,,,,,
895,counting,How many people are surfing?,1,http://images.cocodataset.org/train2014/COCO_train2014_000000131339.jpg,0,512,0.0,-0.10693359375,1,0,,,,,,,,,,,,,,,,,,,,,,,,
896,counting,How many kids are wearing black and white?,5,http://images.cocodataset.org/train2014/COCO_train2014_000000524557.jpg,0,52,0.9942671095191198,-1.3671875,5,0,,,,,,,,,,,,,,,,,,,,,,,,
897,counting,How many men are wearing hats?,0,http://images.cocodataset.org/train2014/COCO_train2014_000000131342.jpg,0,512,0.0,-0.111328125,0,0,,,,,,,,,,,,,,,,,,,,,,,,
898,counting,How many holes are on the phone case?,1,http://images.cocodataset.org/train2014/COCO_train2014_000000393489.jpg,0,0,0.8231203125901451,-0.640625,1,0,,,,,,,,,,,,,,,,,,,,,,,,
899,counting,How many phones do you see?,1,http://images.cocodataset.org/train2014/COCO_train2014_000000393489.jpg,0,512,0.0,-0.1884765625,1,0,,,,,,,,,,,,,,,,,,,,,,,,
900,counting,How many cookies can be seen?,2,http://images.cocodataset.org/train2014/COCO_train2014_000000000009.jpg,0,512,0.0,-0.341796875,2,0,,,,,,,,,,,,,,,,,,,,,,,,
901,counting,How many girls are visible?,2,http://images.cocodataset.org/train2014/COCO_train2014_000000393493.jpg,0,512,0.0,-0.2216796875,1,0,,,,,,,,,,,,,,,,,,,,,,,,
902,counting,How many colors are in the tile?,1,http://images.cocodataset.org/train2014/COCO_train2014_000000131351.jpg,1,28,0.9906446467512592,-0.69140625,2,1,16.0,0.013334205534941506,0.8194483718728035,,,,,,,,,,,,,,,,,,,,,
903,counting,How many people are standing next to each other?,4,http://images.cocodataset.org/train2014/COCO_train2014_000000131366.jpg,0,512,0.0,-0.169921875,4,0,,,,,,,,,,,,,,,,,,,,,,,,
904,counting,How many rackets?,8,http://images.cocodataset.org/train2014/COCO_train2014_000000131366.jpg,0,512,0.0,-1.296875,4,0,,,,,,,,,,,,,,,,,,,,,,,,
905,counting,How many people are in this photo?,4,http://images.cocodataset.org/train2014/COCO_train2014_000000131366.jpg,0,512,0.0,-0.1474609375,4,0,,,,,,,,,,,,,,,,,,,,,,,,
906,counting,How many girls are in the picture?,4,http://images.cocodataset.org/train2014/COCO_train2014_000000131366.jpg,0,512,0.0,-0.1650390625,4,0,,,,,,,,,,,,,,,,,,,,,,,,
907,counting,How many people don't have a skateboard?,4,http://images.cocodataset.org/train2014/COCO_train2014_000000131366.jpg,0,512,0.0,-0.6953125,0,0,,,,,,,,,,,,,,,,,,,,,,,,
908,counting,How many of the four main individuals are wearing baseball caps?,0,http://images.cocodataset.org/train2014/COCO_train2014_000000131366.jpg,0,512,0.0,-0.15625,0,0,,,,,,,,,,,,,,,,,,,,,,,,
909,counting,How many racquets?,8,http://images.cocodataset.org/train2014/COCO_train2014_000000131366.jpg,0,512,0.0,-1.1875,4,0,,,,,,,,,,,,,,,,,,,,,,,,
910,counting,How many legs are in the image?,8,http://images.cocodataset.org/train2014/COCO_train2014_000000131366.jpg,1,54,0.9111163728472117,-0.369140625,8,1,18.0,0.04010286679064417,0.9206198357143051,,,,,,,,,,,,,,,,,,,,,
911,counting,How many passengers does this bus carry?,30,http://images.cocodataset.org/train2014/COCO_train2014_000000262442.jpg,0,21,0.5181007811905951,-1.7421875,2,0,,,,,,,,,,,,,,,,,,,,,,,,
912,counting,How many open umbrellas are there on the beach?,3,http://images.cocodataset.org/train2014/COCO_train2014_000000131374.jpg,0,512,0.0,-1.40625,2,0,,,,,,,,,,,,,,,,,,,,,,,,
913,counting,How many umbrellas do you see?,3,http://images.cocodataset.org/train2014/COCO_train2014_000000131374.jpg,0,512,0.0,-0.92578125,3,0,,,,,,,,,,,,,,,,,,,,,,,,
914,counting,How many striped objects are in the photo?,4,http://images.cocodataset.org/train2014/COCO_train2014_000000131374.jpg,0,512,0.0,-1.4453125,3,0,,,,,,,,,,,,,,,,,,,,,,,,
915,location,Where is the giraffe?,near tree,http://images.cocodataset.org/train2014/COCO_train2014_000000000025.jpg,0,96,0.3850862145537766,-1.375,zoo,0,,,,,,,,,,,,,,,,,,,,,,,,
916,location,Where are the two blue coolers?,left,http://images.cocodataset.org/train2014/COCO_train2014_000000262172.jpg,0,83,0.3851375124870502,-0.462890625,floor,0,,,,,,,,,,,,,,,,,,,,,,,,
917,location,Where are the trucks?,dock,http://images.cocodataset.org/train2014/COCO_train2014_000000262184.jpg,0,55,0.40266368347288245,-1.3125,dock,0,,,,,,,,,,,,,,,,,,,,,,,,
918,location,Where is Brooklyn Avenue?,bottom,http://images.cocodataset.org/train2014/COCO_train2014_000000131126.jpg,1,161,0.6223139923343143,-1.8203125,nyc,1,17.0,0.02484051666777362,0.9519839065438831,,,,,,,,,,,,,,,,,,,,,
919,location,Where is the bird?,on cliff,http://images.cocodataset.org/train2014/COCO_train2014_000000262201.jpg,0,74,0.4314489829795985,-0.92578125,on,0,,,,,,,,,,,,,,,,,,,,,,,,
920,location,Where is the mirror?,wall,http://images.cocodataset.org/train2014/COCO_train2014_000000262207.jpg,0,71,0.42810724623778773,-0.83984375,wall,0,,,,,,,,,,,,,,,,,,,,,,,,
921,location,Where is the sink located?,bathroom,http://images.cocodataset.org/train2014/COCO_train2014_000000393291.jpg,0,102,0.33605600565870647,-0.87109375,bathroom,0,,,,,,,,,,,,,,,,,,,,,,,,
922,location,Where is the soap?,shower,http://images.cocodataset.org/train2014/COCO_train2014_000000393291.jpg,0,66,0.30850161804417275,-1.1640625,shower,0,,,,,,,,,,,,,,,,,,,,,,,,
923,location,Where is the human?,on top of hill,http://images.cocodataset.org/train2014/COCO_train2014_000000524375.jpg,0,58,0.3865097194807893,-0.5078125,hill,0,,,,,,,,,,,,,,,,,,,,,,,,
924,location,Where is the light coming from?,window,http://images.cocodataset.org/train2014/COCO_train2014_000000262159.jpg,0,32,0.24959923464691322,-0.828125,window,0,,,,,,,,,,,,,,,,,,,,,,,,
925,location,Where is the television?,wall,http://images.cocodataset.org/train2014/COCO_train2014_000000524386.jpg,0,116,0.2311806946876536,-1.4921875,living,0,,,,,,,,,,,,,,,,,,,,,,,,
926,location,Where is the street sign?,pole,http://images.cocodataset.org/train2014/COCO_train2014_000000393317.jpg,0,91,0.36778175424164594,-1.2109375,on,0,,,,,,,,,,,,,,,,,,,,,,,,
927,location,Where are the women walking?,crosswalk,http://images.cocodataset.org/train2014/COCO_train2014_000000393317.jpg,0,51,0.38063518211944625,-1.390625,side,0,,,,,,,,,,,,,,,,,,,,,,,,
928,location,Where is the woman standing?,crosswalk,http://images.cocodataset.org/train2014/COCO_train2014_000000393317.jpg,0,52,0.3551224374603281,-1.109375,side,0,,,,,,,,,,,,,,,,,,,,,,,,
929,location,Where was this shot at?,florist,http://images.cocodataset.org/train2014/COCO_train2014_000000262283.jpg,0,129,0.4309442016488285,-0.9453125,flower,0,,,,,,,,,,,,,,,,,,,,,,,,
930,location,Where is the cupcake?,plate,http://images.cocodataset.org/train2014/COCO_train2014_000000393375.jpg,0,64,0.3877189448699341,-0.91015625,on,0,,,,,,,,,,,,,,,,,,,,,,,,
931,location,Where was this picture taken?,parking lot,http://images.cocodataset.org/train2014/COCO_train2014_000000393384.jpg,2,102,0.3748404167955615,-1.390625,beach,2,15.0,0.11392980557327115,0.8443536850036222,15.0,0.11414099012860615,,,,,0.8024677973715656,,,,,,,,,,,,,,
932,location,Where is the laptop?,on table,http://images.cocodataset.org/train2014/COCO_train2014_000000137918.jpg,1,112,0.3838938954022649,-0.72265625,table,1,17.0,0.1691157298473954,0.8409160494198367,,,,,,,,,,,,,,,,,,,,,
933,location,Where are the two upside down glasses?,nightstand,http://images.cocodataset.org/train2014/COCO_train2014_000000393394.jpg,0,81,0.3257860451843919,-1.8984375,table,0,,,,,,,,,,,,,,,,,,,,,,,,
934,location,Where is the open door?,nowhere,http://images.cocodataset.org/train2014/COCO_train2014_000000393403.jpg,0,29,0.2659972456219628,-1.765625,on,0,,,,,,,,,,,,,,,,,,,,,,,,
935,location,Where are the buns?,by plates,http://images.cocodataset.org/train2014/COCO_train2014_000000524486.jpg,0,72,0.43053021842450834,-1.203125,on,0,,,,,,,,,,,,,,,,,,,,,,,,
936,location,Where is the table lamp?,on table,http://images.cocodataset.org/train2014/COCO_train2014_000000448671.jpg,0,112,0.47404112121266734,-1.328125,desk,0,,,,,,,,,,,,,,,,,,,,,,,,
937,location,Where is the cup?,on table,http://images.cocodataset.org/train2014/COCO_train2014_000000393428.jpg,0,128,0.37847786079813517,-1.03125,table,0,,,,,,,,,,,,,,,,,,,,,,,,
938,location,Where do you think all these are located?,restaurant,http://images.cocodataset.org/train2014/COCO_train2014_000000262359.jpg,0,103,0.3948805870407816,-0.3515625,restaurant,0,,,,,,,,,,,,,,,,,,,,,,,,
939,location,Where is the room?,restaurant,http://images.cocodataset.org/train2014/COCO_train2014_000000262359.jpg,0,103,0.5279090586111461,-0.58203125,restaurant,0,,,,,,,,,,,,,,,,,,,,,,,,
940,location,Where is the cat?,bed,http://images.cocodataset.org/train2014/COCO_train2014_000000393432.jpg,0,130,0.3691654190214012,-0.546875,bed,0,,,,,,,,,,,,,,,,,,,,,,,,
941,location,Where is number 8?,left,http://images.cocodataset.org/train2014/COCO_train2014_000000524557.jpg,0,56,0.46296610315902814,-1.0703125,left,0,,,,,,,,,,,,,,,,,,,,,,,,
942,location,Where is the shower located?,in bathroom,http://images.cocodataset.org/train2014/COCO_train2014_000000546179.jpg,0,40,0.3673641965778956,-1.1484375,bathroom,0,,,,,,,,,,,,,,,,,,,,,,,,
943,location,Where is the cat sitting?,stump,http://images.cocodataset.org/train2014/COCO_train2014_000000524572.jpg,0,125,0.41066873845646895,-0.9296875,st,0,,,,,,,,,,,,,,,,,,,,,,,,
944,location,Where is this?,beach,http://images.cocodataset.org/train2014/COCO_train2014_000000131373.jpg,0,136,0.36515973328749873,-0.2421875,beach,0,,,,,,,,,,,,,,,,,,,,,,,,
945,reasoning,Why is the man on the street?,homeless,http://images.cocodataset.org/train2014/COCO_train2014_000000524314.jpg,0,145,0.48360612380118095,-0.48828125,home,0,,,,,,,,,,,,,,,,,,,,,,,,
946,reasoning,Why are the birds only appearing as black silhouettes?,shadows,http://images.cocodataset.org/train2014/COCO_train2014_000000262260.jpg,1,79,0.3321910305152672,-2.0625,shadow,1,17.0,0.19183607460012486,0.9975025463691152,,,,,,,,,,,,,,,,,,,,,
947,reasoning,Why are there so many clothes on the bed?,laundry,http://images.cocodataset.org/train2014/COCO_train2014_000000131208.jpg,0,47,0.5046254201520136,-1.1015625,laundry,0,,,,,,,,,,,,,,,,,,,,,,,,
948,reasoning,Why is the man cooking so many hot dogs?,party,http://images.cocodataset.org/train2014/COCO_train2014_000000524486.jpg,1,117,0.8019114884233869,-1.5859375,party,1,17.0,0.056331174476173265,0.8787419949064399,,,,,,,,,,,,,,,,,,,,,
949,reasoning,Why is the girl holding an umbrella?,sun,http://images.cocodataset.org/train2014/COCO_train2014_000000000036.jpg,0,91,0.879705848295677,-1.078125,shade,0,,,,,,,,,,,,,,,,,,,,,,,,
950,reasoning,Why would someone not like the fruit at the front?,they don't like oranges,http://images.cocodataset.org/train2014/COCO_train2014_000000039288.jpg,0,85,0.5925709804029747,-2.390625,it,0,,,,,,,,,,,,,,,,,,,,,,,,
951,reasoning,Why is the top light on?,to stop traffic,http://images.cocodataset.org/train2014/COCO_train2014_000000524520.jpg,0,111,0.47596844174343583,-0.4765625,stop,0,,,,,,,,,,,,,,,,,,,,,,,,
952,reasoning,Why is the man in mid-air?,snowboarding,http://images.cocodataset.org/train2014/COCO_train2014_000000524547.jpg,1,108,0.40312827333700874,-1.59375,snow,1,18.0,0.13897015219298636,0.8288713632524444,,,,,,,,,,,,,,,,,,,,,
953,classification,What kind of room is this?,living room,http://images.cocodataset.org/train2014/COCO_train2014_000000262172.jpg,0,74,0.3783129622363129,-0.462890625,living,0,,,,,,,,,,,,,,,,,,,,,,,,
954,classification,What kind of trees are on the table?,christmas,http://images.cocodataset.org/train2014/COCO_train2014_000000458763.jpg,0,121,0.9945349575659549,-0.58203125,christmas,0,,,,,,,,,,,,,,,,,,,,,,,,
955,classification,What kind of food is shown?,hot dog,http://images.cocodataset.org/train2014/COCO_train2014_000000524377.jpg,1,120,0.5016361288895358,-0.6640625,hot,1,18.0,0.05913291613228498,0.7725068857142602,,,,,,,,,,,,,,,,,,,,,
956,classification,What kind of sauce is in the largest ramekin?,butter,http://images.cocodataset.org/train2014/COCO_train2014_000000524377.jpg,1,133,0.5766580226534339,-1.1953125,may,1,18.0,0.045982698516320426,0.9535998353544741,,,,,,,,,,,,,,,,,,,,,
957,classification,What kind of toppings are on the hot dogs?,onions,http://images.cocodataset.org/train2014/COCO_train2014_000000524377.jpg,1,114,0.5039646580074845,-0.60546875,on,1,18.0,0.08195066297747798,0.9342064019134054,,,,,,,,,,,,,,,,,,,,,
958,classification,What kind of meat is this?,hot dog,http://images.cocodataset.org/train2014/COCO_train2014_000000524377.jpg,0,126,0.516452630169037,-1.171875,hot,0,,,,,,,,,,,,,,,,,,,,,,,,
959,classification,What kind of potato are the fries?,sweet,http://images.cocodataset.org/train2014/COCO_train2014_000000524377.jpg,1,139,0.5564951277526287,-1.140625,sweet,1,26.0,0.04282827667200824,0.9566466065061588,,,,,,,,,,,,,,,,,,,,,
960,classification,What kind of plants are these?,flowers,http://images.cocodataset.org/train2014/COCO_train2014_000000393306.jpg,0,140,0.510002281278309,-0.83984375,flowers,0,,,,,,,,,,,,,,,,,,,,,,,,
961,classification,What kind of aircraft is this?,cargo plane,http://images.cocodataset.org/train2014/COCO_train2014_000000393311.jpg,0,98,0.45007184627851904,-0.369140625,cargo,0,,,,,,,,,,,,,,,,,,,,,,,,
962,classification,What kind of lamp is on the floor?,floor lamp,http://images.cocodataset.org/train2014/COCO_train2014_000000524386.jpg,0,132,0.45441428985931603,-1.3828125,floor,0,,,,,,,,,,,,,,,,,,,,,,,,
963,classification,What kind of hat is the man with the girls wearing?,baseball cap,http://images.cocodataset.org/train2014/COCO_train2014_000000131172.jpg,0,141,0.5541510384981012,-0.283203125,baseball,0,,,,,,,,,,,,,,,,,,,,,,,,
964,classification,What kind of celebration is this?,birthday,http://images.cocodataset.org/train2014/COCO_train2014_000000000113.jpg,0,117,0.8149073969430654,-0.8671875,anniversary,0,,,,,,,,,,,,,,,,,,,,,,,,
965,classification,What kind of court is at the edge of the field?,soccer,http://images.cocodataset.org/train2014/COCO_train2014_000000000149.jpg,0,112,0.4476162777260394,-0.48828125,soccer,0,,,,,,,,,,,,,,,,,,,,,,,,
966,classification,What kind of nut is shown?,peanut,http://images.cocodataset.org/train2014/COCO_train2014_000000393379.jpg,0,34,0.9327829964075145,-0.84765625,peanut,0,,,,,,,,,,,,,,,,,,,,,,,,
967,classification,What kind of animals are in there?,cows,http://images.cocodataset.org/train2014/COCO_train2014_000000131245.jpg,0,139,0.5888221491564852,-0.267578125,cows,0,,,,,,,,,,,,,,,,,,,,,,,,
968,classification,What kind of siding is on this house?,tile,http://images.cocodataset.org/train2014/COCO_train2014_000000524471.jpg,1,123,0.8967425694918763,-0.482421875,tile,1,17.0,0.041626757258554144,0.8702290979524684,,,,,,,,,,,,,,,,,,,,,
969,classification,What kind of vehicle is the yellow one?,truck,http://images.cocodataset.org/train2014/COCO_train2014_000000283700.jpg,0,98,0.458295349504639,-0.54296875,truck,0,,,,,,,,,,,,,,,,,,,,,,,,
970,classification,What kind of room is this?,kitchen,http://images.cocodataset.org/train2014/COCO_train2014_000000393418.jpg,1,72,0.5399000914539477,-0.09423828125,kitchen,1,15.0,0.07334899972715593,0.8830374409547587,,,,,,,,,,,,,,,,,,,,,
971,classification,What kind of pizza is this?,cheese,http://images.cocodataset.org/train2014/COCO_train2014_000000131300.jpg,0,80,0.5089770207644713,-0.2421875,cheese,0,,,,,,,,,,,,,,,,,,,,,,,,
972,classification,What kind of trees are in this photo?,pine,http://images.cocodataset.org/train2014/COCO_train2014_000000393480.jpg,0,114,0.8862120565968526,-0.54296875,pine,0,,,,,,,,,,,,,,,,,,,,,,,,
973,classification,What kind of suit is he wearing?,swim,http://images.cocodataset.org/train2014/COCO_train2014_000000131339.jpg,1,122,0.9858498278863924,-1.015625,swim,1,19.0,0.012942586011658699,0.9826301639446198,,,,,,,,,,,,,,,,,,,,,
974,classification,What kind of passenger does the bus carry?,children,http://images.cocodataset.org/train2014/COCO_train2014_000000262415.jpg,0,123,0.4053141111002876,-0.96875,school,0,,,,,,,,,,,,,,,,,,,,,,,,
975,classification,What kind of id is that?,old id,http://images.cocodataset.org/train2014/COCO_train2014_000000393489.jpg,0,89,0.4813420290211677,-1.1875,un,0,,,,,,,,,,,,,,,,,,,,,,,,
976,classification,What kind of phone is this?,pharos,http://images.cocodataset.org/train2014/COCO_train2014_000000393489.jpg,0,120,0.4567525683491487,-0.9296875,ph,0,,,,,,,,,,,,,,,,,,,,,,,,
977,classification,What kind of animal is on the beach?,horse,http://images.cocodataset.org/train2014/COCO_train2014_000000131373.jpg,1,98,0.47967402110095697,-0.1337890625,horse,1,15.0,0.11428335052614931,0.7835807040488099,,,,,,,,,,,,,,,,,,,,,
978,comparison,Which hand holds the umbrella?,right,http://images.cocodataset.org/train2014/COCO_train2014_000000131101.jpg,0,77,0.3950566510274667,-0.58203125,right,0,,,,,,,,,,,,,,,,,,,,,,,,
979,comparison,Which direction is Brooklyn Ave?,north,http://images.cocodataset.org/train2014/COCO_train2014_000000131126.jpg,0,135,0.5400407774911667,-1.8359375,north,0,,,,,,,,,,,,,,,,,,,,,,,,
980,comparison,Which hand is the man holding up?,left,http://images.cocodataset.org/train2014/COCO_train2014_000000393306.jpg,0,43,0.4604879889970285,-0.734375,right,0,,,,,,,,,,,,,,,,,,,,,,,,
981,comparison,Which floor lamp is not lit?,one in corner,http://images.cocodataset.org/train2014/COCO_train2014_000000524386.jpg,0,70,0.4435038815655773,-1.8359375,left,0,,,,,,,,,,,,,,,,,,,,,,,,
982,comparison,Which buses are double deckers?,0,http://images.cocodataset.org/train2014/COCO_train2014_000000000149.jpg,0,12,0.9991373992037658,-0.53515625,0,0,,,,,,,,,,,,,,,,,,,,,,,,
983,comparison,Which way can you not turn?,left,http://images.cocodataset.org/train2014/COCO_train2014_000000393419.jpg,0,106,0.48237288605578016,-0.267578125,left,0,,,,,,,,,,,,,,,,,,,,,,,,
984,comparison,Which baby is still an infant?,neither,http://images.cocodataset.org/train2014/COCO_train2014_000000131279.jpg,0,140,0.50922299921238,-2.0,left,0,,,,,,,,,,,,,,,,,,,,,,,,
985,comparison,Which man is controlling the kite?,no,http://images.cocodataset.org/train2014/COCO_train2014_000000474858.jpg,1,96,0.8237115290894884,-2.140625,none,1,17.0,0.06829742988495313,0.9975025463691152,,,,,,,,,,,,,,,,,,,,,
986,comparison,Which vehicle is the smallest?,car,http://images.cocodataset.org/train2014/COCO_train2014_000000131299.jpg,0,147,0.5462512190930683,-0.80078125,car,0,,,,,,,,,,,,,,,,,,,,,,,,
987,comparison,Which hand is the person holding the phone in?,left,http://images.cocodataset.org/train2014/COCO_train2014_000000393489.jpg,1,87,0.5467837147572704,-0.439453125,left,1,15.0,0.0894596611376945,0.8649735207179273,,,,,,,,,,,,,,,,,,,,,
988,comparison,Which room is this?,bedroom,http://images.cocodataset.org/train2014/COCO_train2014_000000131352.jpg,0,119,0.3308869234487362,-0.1376953125,bedroom,0,,,,,,,,,,,,,,,,,,,,,,,,
989,comparison,Which two are actually playing?,0,http://images.cocodataset.org/train2014/COCO_train2014_000000131366.jpg,0,65,0.34566301103220465,-1.1015625,0,0,,,,,,,,,,,,,,,,,,,,,,,,
990,comparison,Which direction is the turn lane going?,right,http://images.cocodataset.org/train2014/COCO_train2014_000000262442.jpg,0,59,0.4451302471235316,-0.6640625,left,0,,,,,,,,,,,,,,,,,,,,,,,,
991,comparison,Which way is the man's hat facing?,down,http://images.cocodataset.org/train2014/COCO_train2014_000000131376.jpg,1,44,0.33616038380126917,-0.671875,down,1,16.0,0.14410634356287372,0.954434002924965,,,,,,,,,,,,,,,,,,,,,
992,person identification,Who made the cock?,rolex,http://images.cocodataset.org/train2014/COCO_train2014_000000000064.jpg,0,48,0.950440598017374,-3.09375,rolex,0,,,,,,,,,,,,,,,,,,,,,,,,
993,person identification,Whose logo is on the official's chair?,wilson,http://images.cocodataset.org/train2014/COCO_train2014_000000262221.jpg,0,163,0.9667235559903715,-0.203125,wilson,0,,,,,,,,,,,,,,,,,,,,,,,,
994,person identification,Who is in the photo?,zebras,http://images.cocodataset.org/train2014/COCO_train2014_000000000154.jpg,1,138,0.7148420806125371,-1.3828125,zebra,1,15.0,0.049384030758792476,0.9018972358711528,,,,,,,,,,,,,,,,,,,,,
995,person identification,Who is going to eat this pizza?,people,http://images.cocodataset.org/train2014/COCO_train2014_000000000194.jpg,0,147,0.43488754289334247,-1.4375,people,0,,,,,,,,,,,,,,,,,,,,,,,,
996,person identification,Who is the woman the picture on wall?,none,http://images.cocodataset.org/train2014/COCO_train2014_000000131312.jpg,1,140,0.6603948638025106,-0.98046875,mother,1,19.0,0.05472419072957611,0.8743862973701078,,,,,,,,,,,,,,,,,,,,,
997,person identification,Who is the pilot?,man,http://images.cocodataset.org/train2014/COCO_train2014_000000000247.jpg,0,113,0.43492773642283483,-1.2890625,man,0,,,,,,,,,,,,,,,,,,,,,,,,
998,time-related,What game would you play when you saw this as a child?,tag,http://images.cocodataset.org/train2014/COCO_train2014_000000524375.jpg,0,100,0.6146744381517705,-2.71875,sheep,0,,,,,,,,,,,,,,,,,,,,,,,,
999,time-related,Were people moving when this picture was taken?,no,http://images.cocodataset.org/train2014/COCO_train2014_000000474858.jpg,0,14,0.19812031259014284,-0.546875,no,0,,,,,,,,,,,,,,,,,,,,,,,,
