image_id,question_type,question,ground_truth,image_url,n_clusters,n_noise,attention_entropy,token_confidence,predicted_token,cluster_count,cluster_0_n_points,cluster_0_avg_strength,cluster_0_entropy,cluster_1_n_points,cluster_1_avg_strength,cluster_1_entropy,cluster_2_n_points,cluster_2_avg_strength,cluster_2_entropy,cluster_3_n_points,cluster_3_avg_strength,cluster_3_entropy,cluster_4_n_points,cluster_4_avg_strength,cluster_5_n_points,cluster_5_avg_strength,cluster_6_n_points,cluster_6_avg_strength,cluster_7_n_points,cluster_7_avg_strength,cluster_4_entropy,cluster_5_entropy,cluster_6_entropy,cluster_7_entropy
0,object identification,What is this photo taken looking through?,net,http://images.cocodataset.org/train2014/COCO_train2014_000000458752.jpg,0,69,0.36728341164983186,-1.0078125,net,0,,,,,,,,,,,,,,,,,,,,,,,,
1,object identification,What is this man riding on?,skateboard,http://images.cocodataset.org/train2014/COCO_train2014_000000393227.jpg,0,75,0.4621555405565536,-0.10693359375,skate,0,,,,,,,,,,,,,,,,,,,,,,,,
2,object identification,What is this person doing?,skiing,http://images.cocodataset.org/train2014/COCO_train2014_000000393230.jpg,0,51,0.433955571088704,-0.1982421875,ski,0,,,,,,,,,,,,,,,,,,,,,,,,
3,object identification,What is this?,bear,http://images.cocodataset.org/train2014/COCO_train2014_000000137045.jpg,0,39,0.6063092346930766,-0.287109375,bear,0,,,,,,,,,,,,,,,,,,,,,,,,
4,object identification,What is this device?,refrigerator,http://images.cocodataset.org/train2014/COCO_train2014_000000131113.jpg,0,59,0.41156685941624893,-0.1611328125,refriger,0,,,,,,,,,,,,,,,,,,,,,,,,
5,object identification,What is this animal?,elephant,http://images.cocodataset.org/train2014/COCO_train2014_000000262204.jpg,0,56,0.40960478990721905,-0.111328125,elephant,0,,,,,,,,,,,,,,,,,,,,,,,,
6,object identification,What is this person wearing on head?,hat,http://images.cocodataset.org/train2014/COCO_train2014_000000000086.jpg,0,95,0.48568591740597356,-0.193359375,helmet,0,,,,,,,,,,,,,,,,,,,,,,,,
7,object identification,What is this man laying on?,surfboard,http://images.cocodataset.org/train2014/COCO_train2014_000000471373.jpg,0,56,0.4425608113207725,-0.142578125,surf,0,,,,,,,,,,,,,,,,,,,,,,,,
8,object identification,What is this person holding?,hot dog,http://images.cocodataset.org/train2014/COCO_train2014_000000393428.jpg,0,42,0.3583087513306901,-0.1982421875,hot,0,,,,,,,,,,,,,,,,,,,,,,,,
9,object identification,What is this person standing on?,sand,http://images.cocodataset.org/train2014/COCO_train2014_000000474858.jpg,0,40,0.37424589409292963,-0.32421875,sand,0,,,,,,,,,,,,,,,,,,,,,,,,
10,object identification,What is this cake made with?,chocolate,http://images.cocodataset.org/train2014/COCO_train2014_000000393445.jpg,0,89,0.40929592009675764,-0.392578125,chocolate,0,,,,,,,,,,,,,,,,,,,,,,,,
11,object identification,What is this person doing?,snowboarding,http://images.cocodataset.org/train2014/COCO_train2014_000000524551.jpg,0,54,0.5548816621548279,-0.27734375,snow,0,,,,,,,,,,,,,,,,,,,,,,,,
12,other,What position is this man playing?,pitcher,http://images.cocodataset.org/train2014/COCO_train2014_000000458752.jpg,0,31,0.3087050970583966,-0.1650390625,pit,0,,,,,,,,,,,,,,,,,,,,,,,,
13,other,What is the person doing?,skiing,http://images.cocodataset.org/train2014/COCO_train2014_000000262146.jpg,1,75,0.35697269104801604,-0.1337890625,ski,1,15.0,0.21791288661372432,0.7835807040488099,,,,,,,,,,,,,,,,,,,,,
14,other,What is in the person's hand?,frisbee,http://images.cocodataset.org/train2014/COCO_train2014_000000524291.jpg,0,33,0.8612769812077461,-0.1201171875,fris,0,,,,,,,,,,,,,,,,,,,,,,,,
15,other,Is the dog looking at a tennis ball or frisbee?,frisbee,http://images.cocodataset.org/train2014/COCO_train2014_000000524291.jpg,0,64,0.5021102795521486,-0.048095703125,fris,0,,,,,,,,,,,,,,,,,,,,,,,,
16,other,What is the white streak?,contrail,http://images.cocodataset.org/train2014/COCO_train2014_000000393221.jpg,0,31,0.3498252784800606,-1.421875,jet,0,,,,,,,,,,,,,,,,,,,,,,,,
17,other,What is the child doing?,brushing teeth,http://images.cocodataset.org/train2014/COCO_train2014_000000393223.jpg,0,44,0.35860611297764594,-0.1748046875,br,0,,,,,,,,,,,,,,,,,,,,,,,,
18,other,What is the business man doing in the picture?,frowning,http://images.cocodataset.org/train2014/COCO_train2014_000000393224.jpg,0,54,0.38408746754520867,-1.5,making,0,,,,,,,,,,,,,,,,,,,,,,,,
19,other,What is the man riding on?,motorcycle,http://images.cocodataset.org/train2014/COCO_train2014_000000131084.jpg,0,37,0.3244881878991363,-1.1640625,dirt,0,,,,,,,,,,,,,,,,,,,,,,,,
20,other,What is on the pillow?,gray,http://images.cocodataset.org/train2014/COCO_train2014_000000131074.jpg,2,119,0.996062551931448,-1.9765625,pillow,2,22.0,0.00553594767466123,0.9063593311749663,16.0,0.005422827479443617,0.9463946303571862,,,,,,,,,,,,,,,,,,
21,other,What is sitting on the bench?,purse,http://images.cocodataset.org/train2014/COCO_train2014_000000131074.jpg,0,53,0.3276264585027673,-0.6640625,pur,0,,,,,,,,,,,,,,,,,,,,,,,,
22,other,What is the man doing?,skiing,http://images.cocodataset.org/train2014/COCO_train2014_000000393230.jpg,0,50,0.5742993458617756,-0.18359375,ski,0,,,,,,,,,,,,,,,,,,,,,,,,
23,other,What is the person wearing?,skis,http://images.cocodataset.org/train2014/COCO_train2014_000000393230.jpg,1,75,0.77750350079032,-1.015625,jacket,1,19.0,0.05497033876648802,0.9649618403823442,,,,,,,,,,,,,,,,,,,,,
24,other,What is she holding?,poles,http://images.cocodataset.org/train2014/COCO_train2014_000000393230.jpg,0,49,0.3197688360391184,-0.5,ski,0,,,,,,,,,,,,,,,,,,,,,,,,
25,other,What is the dog riding on?,surfboard,http://images.cocodataset.org/train2014/COCO_train2014_000000131087.jpg,0,41,0.3800781537170302,-0.11572265625,surf,0,,,,,,,,,,,,,,,,,,,,,,,,
26,other,What is in the water?,dog,http://images.cocodataset.org/train2014/COCO_train2014_000000131087.jpg,0,30,0.2876670130173856,-0.78125,surf,0,,,,,,,,,,,,,,,,,,,,,,,,
27,other,"What does the green light, on the TV, indicate?",on,http://images.cocodataset.org/train2014/COCO_train2014_000000131075.jpg,0,46,0.35637341453631927,-1.5859375,power,0,,,,,,,,,,,,,,,,,,,,,,,,
28,other,What room of the house is this?,office,http://images.cocodataset.org/train2014/COCO_train2014_000000131075.jpg,0,52,0.4038575889955438,-0.421875,office,0,,,,,,,,,,,,,,,,,,,,,,,,
29,other,What is the size of the TV?,large,http://images.cocodataset.org/train2014/COCO_train2014_000000131075.jpg,0,50,0.4100026123800471,-1.3046875,un,0,,,,,,,,,,,,,,,,,,,,,,,,
30,other,How big is the TV?,very big,http://images.cocodataset.org/train2014/COCO_train2014_000000131075.jpg,0,76,0.47428161646613676,-1.578125,un,0,,,,,,,,,,,,,,,,,,,,,,,,
31,other,What companion object to the TV can be seen in the bottom right of the picture?,laptop,http://images.cocodataset.org/train2014/COCO_train2014_000000131075.jpg,0,45,0.6757943853007763,-0.54296875,laptop,0,,,,,,,,,,,,,,,,,,,,,,,,
32,other,What is the small computer on the left called?,laptop,http://images.cocodataset.org/train2014/COCO_train2014_000000131075.jpg,0,39,0.9878944557918816,-0.52734375,laptop,0,,,,,,,,,,,,,,,,,,,,,,,,
33,other,What is above the TV?,vent,http://images.cocodataset.org/train2014/COCO_train2014_000000131075.jpg,0,31,0.2881205347238381,-0.69921875,ceiling,0,,,,,,,,,,,,,,,,,,,,,,,,
34,other,What is on the display?,document,http://images.cocodataset.org/train2014/COCO_train2014_000000131075.jpg,0,110,0.3220704029064918,-1.8359375,un,0,,,,,,,,,,,,,,,,,,,,,,,,
35,other,Is it a monitor or a screen projection?,screen projection,http://images.cocodataset.org/train2014/COCO_train2014_000000131075.jpg,0,101,0.9624089709930673,-0.427734375,screen,0,,,,,,,,,,,,,,,,,,,,,,,,
36,other,What is on the TV screen?,computer,http://images.cocodataset.org/train2014/COCO_train2014_000000131075.jpg,0,79,0.3378794540352954,-1.8671875,un,0,,,,,,,,,,,,,,,,,,,,,,,,
37,other,What is the title of the presentation in the picture?,outlook web app,http://images.cocodataset.org/train2014/COCO_train2014_000000131075.jpg,1,76,0.9856801500837886,-1.1953125,cultural,1,15.0,0.01692784928671257,0.7835807040488099,,,,,,,,,,,,,,,,,,,,,
38,other,What is the man playing?,wii,http://images.cocodataset.org/train2014/COCO_train2014_000000524311.jpg,0,109,0.5285911216284942,-0.29296875,wii,0,,,,,,,,,,,,,,,,,,,,,,,,
39,other,What does the man have on his face?,glasses,http://images.cocodataset.org/train2014/COCO_train2014_000000524311.jpg,0,62,0.6130182786477029,-0.1982421875,glasses,0,,,,,,,,,,,,,,,,,,,,,,,,
40,other,What is in front of the giraffes?,tree,http://images.cocodataset.org/train2014/COCO_train2014_000000000025.jpg,0,51,0.32965880092657335,-1.359375,log,0,,,,,,,,,,,,,,,,,,,,,,,,
41,other,What do these giraffes have in common?,eating,http://images.cocodataset.org/train2014/COCO_train2014_000000000025.jpg,0,68,0.34743558084715936,-1.2890625,tall,0,,,,,,,,,,,,,,,,,,,,,,,,
42,other,What is the giraffe standing behind?,tree,http://images.cocodataset.org/train2014/COCO_train2014_000000000025.jpg,0,52,0.37776673776571845,-0.92578125,tree,0,,,,,,,,,,,,,,,,,,,,,,,,
43,other,What is on the ground next to the giraffe on the right?,log,http://images.cocodataset.org/train2014/COCO_train2014_000000000025.jpg,0,41,0.29956084951975837,-1.09375,log,0,,,,,,,,,,,,,,,,,,,,,,,,
44,other,How is the man sitting?,cross legged,http://images.cocodataset.org/train2014/COCO_train2014_000000524314.jpg,1,116,0.5789435723201657,-0.330078125,cross,1,17.0,0.05880278198570146,0.9774178175281716,,,,,,,,,,,,,,,,,,,,,
45,other,"What does the word in the upper-left corner, behind the window, translate to in English?",automatic,http://images.cocodataset.org/train2014/COCO_train2014_000000524314.jpg,0,60,0.4304973889381136,-0.482421875,automatic,0,,,,,,,,,,,,,,,,,,,,,,,,
46,other,What type of watercraft is that?,raft,http://images.cocodataset.org/train2014/COCO_train2014_000000262171.jpg,0,59,0.46018808405097283,-0.6328125,raft,0,,,,,,,,,,,,,,,,,,,,,,,,
47,other,What is the vase sitting on?,railing,http://images.cocodataset.org/train2014/COCO_train2014_000000000030.jpg,0,66,0.9601540161445072,-1.03125,fence,0,,,,,,,,,,,,,,,,,,,,,,,,
48,other,Is the sun to the right or left of this flower?,left,http://images.cocodataset.org/train2014/COCO_train2014_000000000030.jpg,0,512,0.0,-0.73828125,right,0,,,,,,,,,,,,,,,,,,,,,,,,
49,other,What is the zebra eating?,grass,http://images.cocodataset.org/train2014/COCO_train2014_000000240304.jpg,0,42,0.38325274672778814,-0.81640625,grass,0,,,,,,,,,,,,,,,,,,,,,,,,
50,other,What is the tree covered with?,wire,http://images.cocodataset.org/train2014/COCO_train2014_000000240304.jpg,0,43,0.32028599741263675,-1.5,leaves,0,,,,,,,,,,,,,,,,,,,,,,,,
51,other,What is the animal eating?,grass,http://images.cocodataset.org/train2014/COCO_train2014_000000000034.jpg,0,27,0.2488891950688295,-0.12451171875,grass,0,,,,,,,,,,,,,,,,,,,,,,,,
52,other,How old is animal?,10 years,http://images.cocodataset.org/train2014/COCO_train2014_000000000034.jpg,0,126,0.3783967999685208,-1.8671875,1,0,,,,,,,,,,,,,,,,,,,,,,,,
53,other,What is the man holding?,knife,http://images.cocodataset.org/train2014/COCO_train2014_000000393251.jpg,0,52,0.4505692601903496,-0.5078125,knife,0,,,,,,,,,,,,,,,,,,,,,,,,
54,other,What is the man cutting?,cake,http://images.cocodataset.org/train2014/COCO_train2014_000000393251.jpg,0,52,0.4417465521724203,-0.1982421875,cake,0,,,,,,,,,,,,,,,,,,,,,,,,
55,other,What is the fruit?,banana,http://images.cocodataset.org/train2014/COCO_train2014_000000262180.jpg,1,104,0.5891811698784925,-0.18359375,banana,1,17.0,0.08502333590578287,0.8516924496551459,,,,,,,,,,,,,,,,,,,,,
56,other,What is the name of the type of person that would make this food?,chef,http://images.cocodataset.org/train2014/COCO_train2014_000000262180.jpg,0,47,0.3517759481939496,-1.2578125,chef,0,,,,,,,,,,,,,,,,,,,,,,,,
57,other,What type of ice cream is on the plate?,vanilla,http://images.cocodataset.org/train2014/COCO_train2014_000000262180.jpg,1,103,0.43741869075851136,-0.3359375,vanilla,1,20.0,0.12892007551587295,0.8427376486136672,,,,,,,,,,,,,,,,,,,,,
58,other,Is this an indoor or outdoor photo?,outdoor,http://images.cocodataset.org/train2014/COCO_train2014_000000524325.jpg,0,102,0.4892079018049483,-0.2177734375,outdoor,0,,,,,,,,,,,,,,,,,,,,,,,,
59,other,What's missing from this hot dog?,mustard,http://images.cocodataset.org/train2014/COCO_train2014_000000043697.jpg,0,51,0.44023711763920426,-1.015625,k,0,,,,,,,,,,,,,,,,,,,,,,,,
60,other,What is the hog dog sitting on?,bun,http://images.cocodataset.org/train2014/COCO_train2014_000000043697.jpg,0,50,0.403183490416672,-0.1474609375,nap,0,,,,,,,,,,,,,,,,,,,,,,,,
61,other,What is the sky full of?,clouds,http://images.cocodataset.org/train2014/COCO_train2014_000000262184.jpg,0,42,0.753790667107966,-0.2080078125,clouds,0,,,,,,,,,,,,,,,,,,,,,,,,
62,other,What is the color of the carpet?,brown,http://images.cocodataset.org/train2014/COCO_train2014_000000131113.jpg,1,106,0.5258058606453496,-0.76171875,brown,1,16.0,0.11154881026031638,0.954434002924965,,,,,,,,,,,,,,,,,,,,,
63,other,What shape are the windows on the side of the plane?,square,http://images.cocodataset.org/train2014/COCO_train2014_000000262187.jpg,0,44,0.3918437905157292,-1.5546875,rectangle,0,,,,,,,,,,,,,,,,,,,,,,,,
64,other,What is the website on the sign?,wmatacom,http://images.cocodataset.org/train2014/COCO_train2014_000000262191.jpg,0,35,0.29442559599456336,-0.9765625,w,0,,,,,,,,,,,,,,,,,,,,,,,,
65,other,What is the bear called?,teddy,http://images.cocodataset.org/train2014/COCO_train2014_000000262191.jpg,0,88,0.8966391575835908,-0.2421875,teddy,0,,,,,,,,,,,,,,,,,,,,,,,,
66,other,What type of tree is the man standing next to?,elm,http://images.cocodataset.org/train2014/COCO_train2014_000000524338.jpg,0,57,0.5097681237854421,-0.9921875,oak,0,,,,,,,,,,,,,,,,,,,,,,,,
67,other,What pattern is on the pants?,stripes,http://images.cocodataset.org/train2014/COCO_train2014_000000213863.jpg,0,36,0.312872411987996,-1.1171875,stri,0,,,,,,,,,,,,,,,,,,,,,,,,
68,other,What sport is this person playing?,baseball,http://images.cocodataset.org/train2014/COCO_train2014_000000213863.jpg,0,76,0.48228949264241217,-0.10693359375,baseball,0,,,,,,,,,,,,,,,,,,,,,,,,
69,other,What is the position of the player behind the batter called?,catcher,http://images.cocodataset.org/train2014/COCO_train2014_000000213863.jpg,0,39,0.4071820465690306,-0.1376953125,catcher,0,,,,,,,,,,,,,,,,,,,,,,,,
70,other,What are they drinking?,beer,http://images.cocodataset.org/train2014/COCO_train2014_000000393268.jpg,0,43,0.42397900889646767,-0.267578125,beer,0,,,,,,,,,,,,,,,,,,,,,,,,
71,other,What brand of beer is visible?,sierra nevada,http://images.cocodataset.org/train2014/COCO_train2014_000000393268.jpg,0,51,0.9943160115060843,-1.328125,bud,0,,,,,,,,,,,,,,,,,,,,,,,,
72,other,What logo is on the man's shirt?,nike,http://images.cocodataset.org/train2014/COCO_train2014_000000131127.jpg,0,69,0.5632033688227516,-0.5,nike,0,,,,,,,,,,,,,,,,,,,,,,,,
73,other,What direction is the bird looking?,right,http://images.cocodataset.org/train2014/COCO_train2014_000000262201.jpg,0,48,0.4253786932961888,-1.078125,right,0,,,,,,,,,,,,,,,,,,,,,,,,
74,other,What time of day is it?,morning,http://images.cocodataset.org/train2014/COCO_train2014_000000370986.jpg,0,90,0.5358755405318324,-1.25,afternoon,0,,,,,,,,,,,,,,,,,,,,,,,,
75,other,What type of plane is this?,propeller,http://images.cocodataset.org/train2014/COCO_train2014_000000131133.jpg,1,51,0.9454489148384625,-1.6796875,prop,1,18.0,0.026759041088482927,0.872009434056298,,,,,,,,,,,,,,,,,,,,,
76,other,What is in the picture?,clock,http://images.cocodataset.org/train2014/COCO_train2014_000000000064.jpg,0,78,0.4108989622248759,-0.1611328125,clock,0,,,,,,,,,,,,,,,,,,,,,,,,
77,other,What time is the clock showing?,6:10,http://images.cocodataset.org/train2014/COCO_train2014_000000000064.jpg,0,68,0.3765637909542597,-1.109375,1,0,,,,,,,,,,,,,,,,,,,,,,,,
78,other,What are the vases sitting on?,table,http://images.cocodataset.org/train2014/COCO_train2014_000000458763.jpg,0,36,0.24325045542046977,-0.91015625,table,0,,,,,,,,,,,,,,,,,,,,,,,,
79,other,What is the table made of?,wood,http://images.cocodataset.org/train2014/COCO_train2014_000000458763.jpg,0,38,0.37545351573968067,-0.142578125,wood,0,,,,,,,,,,,,,,,,,,,,,,,,
80,other,What is the green stuff on this pizza?,spinach,http://images.cocodataset.org/train2014/COCO_train2014_000000567990.jpg,1,42,0.4072682976116045,-0.8125,spin,1,15.0,0.1992233082171846,0.9182958340544896,,,,,,,,,,,,,,,,,,,,,
81,other,Is it thick or thin crust?,thick,http://images.cocodataset.org/train2014/COCO_train2014_000000567990.jpg,1,107,0.5333880409607701,-0.212890625,thick,1,15.0,0.0665973653520363,0.9018972358711528,,,,,,,,,,,,,,,,,,,,,
82,other,What is the orange thing?,bag,http://images.cocodataset.org/train2014/COCO_train2014_000000393286.jpg,0,54,0.4269573259883855,-0.93359375,bag,0,,,,,,,,,,,,,,,,,,,,,,,,
83,other,Is this train headed towards or from the orange building?,from,http://images.cocodataset.org/train2014/COCO_train2014_000000000071.jpg,0,77,0.5463256463342284,-0.80078125,from,0,,,,,,,,,,,,,,,,,,,,,,,,
84,other,What is the giraffe eating?,leaves,http://images.cocodataset.org/train2014/COCO_train2014_000000000072.jpg,0,80,0.32483444257885374,-0.421875,leaves,0,,,,,,,,,,,,,,,,,,,,,,,,
85,other,What is on the woman's neck?,necklace,http://images.cocodataset.org/train2014/COCO_train2014_000000393290.jpg,0,54,0.5278432354415291,-0.2080078125,neck,0,,,,,,,,,,,,,,,,,,,,,,,,
86,other,What item is folded up and sitting on the edge of the shower stall?,towel,http://images.cocodataset.org/train2014/COCO_train2014_000000393291.jpg,0,39,0.35576548695099736,-0.2373046875,to,0,,,,,,,,,,,,,,,,,,,,,,,,
87,other,What pattern is on the shower curtain?,solid,http://images.cocodataset.org/train2014/COCO_train2014_000000393291.jpg,0,45,0.4258654709524521,-0.671875,solid,0,,,,,,,,,,,,,,,,,,,,,,,,
88,other,What are the colors of the countertop?,brown,http://images.cocodataset.org/train2014/COCO_train2014_000000393291.jpg,0,55,0.4442394744640281,-0.43359375,brown,0,,,,,,,,,,,,,,,,,,,,,,,,
89,other,What is the person on the right called?,referee,http://images.cocodataset.org/train2014/COCO_train2014_000000262221.jpg,0,38,0.3435952333686648,-1.0546875,ump,0,,,,,,,,,,,,,,,,,,,,,,,,
90,other,What time does the clock say?,8:00,http://images.cocodataset.org/train2014/COCO_train2014_000000000078.jpg,0,4,0.125,-0.462890625,1,0,,,,,,,,,,,,,,,,,,,,,,,,
91,other,What is the last letter over the plane?,e,http://images.cocodataset.org/train2014/COCO_train2014_000000000081.jpg,0,17,0.18273255648718653,-1.0546875,e,0,,,,,,,,,,,,,,,,,,,,,,,,
92,other,What is the number on the mailbox?,24,http://images.cocodataset.org/train2014/COCO_train2014_000000000086.jpg,0,512,0.0,-0.59765625,3,0,,,,,,,,,,,,,,,,,,,,,,,,
93,other,What are the animals doing?,grazing,http://images.cocodataset.org/train2014/COCO_train2014_000000524375.jpg,0,35,0.32478061746735687,-0.5703125,gra,0,,,,,,,,,,,,,,,,,,,,,,,,
94,other,What breed of livestock is shown?,sheep,http://images.cocodataset.org/train2014/COCO_train2014_000000524375.jpg,1,81,0.4543076588615611,-0.2578125,sheep,1,16.0,0.12944716591430608,0.954434002924965,,,,,,,,,,,,,,,,,,,,,
95,other,What language is the sign written in?,spanish,http://images.cocodataset.org/train2014/COCO_train2014_000000131160.jpg,1,85,0.9903598560542655,-1.78125,turkish,1,18.0,0.0137262599538072,0.8527924884900406,,,,,,,,,,,,,,,,,,,,,
96,other,How has the cheese been prepared?,melted,http://images.cocodataset.org/train2014/COCO_train2014_000000524377.jpg,0,60,0.423763190617022,-1.0703125,mel,0,,,,,,,,,,,,,,,,,,,,,,,,
97,other,What is the cutting board used for in this scene?,plate,http://images.cocodataset.org/train2014/COCO_train2014_000000524377.jpg,0,51,0.38875498714597484,-1.40625,plate,0,,,,,,,,,,,,,,,,,,,,,,,,
98,other,Of what meal is this kind of food typical?,lunch,http://images.cocodataset.org/train2014/COCO_train2014_000000524377.jpg,0,69,0.6352911188634044,-0.51953125,lunch,0,,,,,,,,,,,,,,,,,,,,,,,,
99,other,What type of food is shown?,hot dog,http://images.cocodataset.org/train2014/COCO_train2014_000000524377.jpg,0,82,0.4895193585840789,-0.72265625,hot,0,,,,,,,,,,,,,,,,,,,,,,,,
100,other,What is the topping on the hot dog?,peppers,http://images.cocodataset.org/train2014/COCO_train2014_000000524377.jpg,0,57,0.4626307663288049,-0.6328125,on,0,,,,,,,,,,,,,,,,,,,,,,,,
101,other,What topping is on the hot dog?,onions,http://images.cocodataset.org/train2014/COCO_train2014_000000524377.jpg,0,98,0.5206887627405855,-0.69140625,on,0,,,,,,,,,,,,,,,,,,,,,,,,
102,other,What is in the small container?,butter,http://images.cocodataset.org/train2014/COCO_train2014_000000524377.jpg,0,60,0.4797573008563353,-0.89453125,butter,0,,,,,,,,,,,,,,,,,,,,,,,,
103,other,What are the components of this dish?,butter,http://images.cocodataset.org/train2014/COCO_train2014_000000524377.jpg,1,90,0.493609188708503,-0.51953125,hot,1,15.0,0.08921560183308766,0.9018972358711528,,,,,,,,,,,,,,,,,,,,,
104,other,How delicious does this look?,very,http://images.cocodataset.org/train2014/COCO_train2014_000000524377.jpg,0,78,0.47595683455025234,-0.65625,very,0,,,,,,,,,,,,,,,,,,,,,,,,
105,other,What two vegetables are in the white bowl?,none,http://images.cocodataset.org/train2014/COCO_train2014_000000524377.jpg,0,100,0.5041766292856139,-1.2265625,on,0,,,,,,,,,,,,,,,,,,,,,,,,
106,other,What type of filling is in the dish on the bottom left?,mayonnaise,http://images.cocodataset.org/train2014/COCO_train2014_000000524377.jpg,0,82,0.5445295336518702,-1.7734375,butter,0,,,,,,,,,,,,,,,,,,,,,,,,
107,other,What is the yellow stuff in a bowl?,butter,http://images.cocodataset.org/train2014/COCO_train2014_000000524377.jpg,2,120,0.5085941652145419,-0.76171875,butter,2,21.0,0.06524403494232964,0.9314107237997671,15.0,0.055785297567987335,0.9500685975366211,,,,,,,,,,,,,,,,,,
108,other,What is the hot dog sitting on top of?,bun,http://images.cocodataset.org/train2014/COCO_train2014_000000524377.jpg,0,44,0.38410442247257975,-0.546875,bun,0,,,,,,,,,,,,,,,,,,,,,,,,
109,other,What are the orange things?,sweet potato fries,http://images.cocodataset.org/train2014/COCO_train2014_000000524377.jpg,0,54,0.43545045585238684,-0.43359375,fries,0,,,,,,,,,,,,,,,,,,,,,,,,
110,other,Are the carrots diced or cut long ways?,long ways,http://images.cocodataset.org/train2014/COCO_train2014_000000524377.jpg,2,122,0.6179631250724528,-0.57421875,cut,2,34.0,0.025388460419344415,0.9503435562077922,16.0,0.042106474917350464,1.0,,,,,,,,,,,,,,,,,,
111,other,What is in the cup?,mayo,http://images.cocodataset.org/train2014/COCO_train2014_000000524377.jpg,1,56,0.4283672986567972,-0.71875,butter,1,18.0,0.11376057874875263,0.8588801260706667,,,,,,,,,,,,,,,,,,,,,
112,other,What is the orange root called?,sweet potato,http://images.cocodataset.org/train2014/COCO_train2014_000000524377.jpg,0,93,0.7752126605115144,-1.28125,sweet,0,,,,,,,,,,,,,,,,,,,,,,,,
113,other,What is the blackened meat on the bread?,hot dog,http://images.cocodataset.org/train2014/COCO_train2014_000000524377.jpg,1,83,0.5190621501028623,-1.46875,hot,1,16.0,0.056782880619076645,0.9414280318460245,,,,,,,,,,,,,,,,,,,,,
114,other,What is on the sandwich?,hot dog,http://images.cocodataset.org/train2014/COCO_train2014_000000524377.jpg,0,51,0.4091733400398999,-1.25,on,0,,,,,,,,,,,,,,,,,,,,,,,,
115,other,What animal is on the plate?,pig,http://images.cocodataset.org/train2014/COCO_train2014_000000524377.jpg,0,66,0.7150627156751495,-1.328125,none,0,,,,,,,,,,,,,,,,,,,,,,,,
116,other,What is on the hotdog?,onions,http://images.cocodataset.org/train2014/COCO_train2014_000000524377.jpg,0,61,0.42579459948760684,-0.5,on,0,,,,,,,,,,,,,,,,,,,,,,,,
117,other,What two vegetables can be seen on the pizza?,none,http://images.cocodataset.org/train2014/COCO_train2014_000000524377.jpg,0,61,0.4366486715769793,-1.5,on,0,,,,,,,,,,,,,,,,,,,,,,,,
118,other,What condiment is on the potatoes?,butter,http://images.cocodataset.org/train2014/COCO_train2014_000000524377.jpg,0,82,0.8501394753055408,-1.09375,pars,0,,,,,,,,,,,,,,,,,,,,,,,,
119,other,What sauces are shown?,butter,http://images.cocodataset.org/train2014/COCO_train2014_000000524377.jpg,1,92,0.5147944031428926,-1.4140625,may,1,34.0,0.05833709773791164,0.8202370748401807,,,,,,,,,,,,,,,,,,,,,
120,other,What is mainly featured?,hot dog,http://images.cocodataset.org/train2014/COCO_train2014_000000524377.jpg,0,54,0.43755796023018934,-0.72265625,hot,0,,,,,,,,,,,,,,,,,,,,,,,,
121,other,What is the pattern on the vase?,floral,http://images.cocodataset.org/train2014/COCO_train2014_000000393306.jpg,0,110,0.563151877294448,-0.609375,floral,0,,,,,,,,,,,,,,,,,,,,,,,,
122,other,What is the primary color of the bathroom?,yellow,http://images.cocodataset.org/train2014/COCO_train2014_000000262159.jpg,0,134,0.5669716996672421,-0.439453125,yellow,0,,,,,,,,,,,,,,,,,,,,,,,,
123,other,What is printed on the orange sign?,pizza,http://images.cocodataset.org/train2014/COCO_train2014_000000000094.jpg,0,64,0.9643015519279037,-2.265625,hotel,0,,,,,,,,,,,,,,,,,,,,,,,,
124,other,What is the name of the hotel?,peace way,http://images.cocodataset.org/train2014/COCO_train2014_000000000094.jpg,0,90,0.43127609591665145,-0.08154296875,peace,0,,,,,,,,,,,,,,,,,,,,,,,,
125,other,What mode of transportation is pictured?,car,http://images.cocodataset.org/train2014/COCO_train2014_000000000094.jpg,0,132,0.506423804779643,-0.416015625,car,0,,,,,,,,,,,,,,,,,,,,,,,,
126,other,What airline is this?,everts air cargo,http://images.cocodataset.org/train2014/COCO_train2014_000000393311.jpg,0,61,0.986523677571813,-1.1640625,cargo,0,,,,,,,,,,,,,,,,,,,,,,,,
127,other,The plane's stand resembles what letter?,a,http://images.cocodataset.org/train2014/COCO_train2014_000000393311.jpg,0,40,0.3800109162881315,-1.8359375,letter,0,,,,,,,,,,,,,,,,,,,,,,,,
128,other,What type of plane is this?,cargo,http://images.cocodataset.org/train2014/COCO_train2014_000000393311.jpg,0,84,0.4323603856280144,-0.1650390625,cargo,0,,,,,,,,,,,,,,,,,,,,,,,,
129,other,What is written on the picture?,dutchsimba,http://images.cocodataset.org/train2014/COCO_train2014_000000393311.jpg,0,75,0.24085613703725037,-1.5078125,CAR,0,,,,,,,,,,,,,,,,,,,,,,,,
130,other,What shipping company is represented in the scene?,everts air cargo,http://images.cocodataset.org/train2014/COCO_train2014_000000393311.jpg,0,70,0.42120178435270933,-2.265625,car,0,,,,,,,,,,,,,,,,,,,,,,,,
131,other,What airline is this plane from?,everts air cargo,http://images.cocodataset.org/train2014/COCO_train2014_000000393311.jpg,0,38,0.9950776095662605,-1.8046875,cargo,0,,,,,,,,,,,,,,,,,,,,,,,,
132,other,How does the man get down from the machine?,stairs,http://images.cocodataset.org/train2014/COCO_train2014_000000393311.jpg,0,127,0.5652896050177357,-1.1796875,ladder,0,,,,,,,,,,,,,,,,,,,,,,,,
133,other,What is the picture of on wall?,abstract,http://images.cocodataset.org/train2014/COCO_train2014_000000524386.jpg,0,64,0.41528624335672926,-1.53125,abstract,0,,,,,,,,,,,,,,,,,,,,,,,,
134,other,What is on the carpet?,rug,http://images.cocodataset.org/train2014/COCO_train2014_000000524386.jpg,0,91,0.2849503939406946,-0.1611328125,rug,0,,,,,,,,,,,,,,,,,,,,,,,,
135,other,What are the ladies doing?,texting,http://images.cocodataset.org/train2014/COCO_train2014_000000131172.jpg,0,59,0.4744676240856151,-0.7578125,text,0,,,,,,,,,,,,,,,,,,,,,,,,
136,other,What is written on the street?,nothing,http://images.cocodataset.org/train2014/COCO_train2014_000000393317.jpg,0,60,0.08862383997887571,-0.91015625,avenue,0,,,,,,,,,,,,,,,,,,,,,,,,
137,other,Urban or suburban?,urban,http://images.cocodataset.org/train2014/COCO_train2014_000000393317.jpg,0,84,0.5403870470725987,-0.271484375,urban,0,,,,,,,,,,,,,,,,,,,,,,,,
138,other,What type of vehicle is on the left?,bus,http://images.cocodataset.org/train2014/COCO_train2014_000000393317.jpg,0,45,0.3932345499233423,-0.1025390625,bus,0,,,,,,,,,,,,,,,,,,,,,,,,
139,other,What is being held green?,light,http://images.cocodataset.org/train2014/COCO_train2014_000000393317.jpg,0,48,0.3276262382263817,-2.078125,stop,0,,,,,,,,,,,,,,,,,,,,,,,,
140,other,What time of day is it?,afternoon,http://images.cocodataset.org/train2014/COCO_train2014_000000393317.jpg,0,55,0.5082642904052935,-0.9921875,afternoon,0,,,,,,,,,,,,,,,,,,,,,,,,
141,other,What country name is written as the highest word on the bus?,guatemala,http://images.cocodataset.org/train2014/COCO_train2014_000000546151.jpg,0,64,0.47040941365524935,-2.046875,gu,0,,,,,,,,,,,,,,,,,,,,,,,,
142,other,What is the skier standing on?,skis,http://images.cocodataset.org/train2014/COCO_train2014_000000021826.jpg,0,20,0.17994066921473117,-0.796875,skis,0,,,,,,,,,,,,,,,,,,,,,,,,
143,other,What is the person doing?,skiing,http://images.cocodataset.org/train2014/COCO_train2014_000000021826.jpg,0,80,0.43799982128202275,-0.2421875,ski,0,,,,,,,,,,,,,,,,,,,,,,,,
144,other,What infrastructure would one drive on to go perpendicular to the water?,boat,http://images.cocodataset.org/train2014/COCO_train2014_000000000109.jpg,0,41,0.4870788749191193,-0.70703125,boat,0,,,,,,,,,,,,,,,,,,,,,,,,
145,other,What pizza topping is this?,cheese,http://images.cocodataset.org/train2014/COCO_train2014_000000000110.jpg,0,115,0.5539360676512661,-0.11572265625,cheese,0,,,,,,,,,,,,,,,,,,,,,,,,
146,other,What is in the vase next to the flowers?,paper,http://images.cocodataset.org/train2014/COCO_train2014_000000305853.jpg,0,82,0.373483205021688,-0.765625,paper,0,,,,,,,,,,,,,,,,,,,,,,,,
147,other,Are these flowers real or silk?,real,http://images.cocodataset.org/train2014/COCO_train2014_000000305853.jpg,0,69,0.9570522548817079,-0.3515625,real,0,,,,,,,,,,,,,,,,,,,,,,,,
148,other,England's Queen mother and these blooms share what syllable?,sun,http://images.cocodataset.org/train2014/COCO_train2014_000000305853.jpg,0,84,0.4168983872438418,-2.546875,e,0,,,,,,,,,,,,,,,,,,,,,,,,
149,other,What emblem is on the cake?,words,http://images.cocodataset.org/train2014/COCO_train2014_000000000113.jpg,0,88,0.49724997102899243,-2.125,none,0,,,,,,,,,,,,,,,,,,,,,,,,
150,other,Are they outside or in?,inside,http://images.cocodataset.org/train2014/COCO_train2014_000000000113.jpg,0,85,0.5050363194912885,-0.796875,inside,0,,,,,,,,,,,,,,,,,,,,,,,,
151,other,What are the initials on the cake?,md,http://images.cocodataset.org/train2014/COCO_train2014_000000000113.jpg,0,44,0.4052045397375615,-2.078125,mk,0,,,,,,,,,,,,,,,,,,,,,,,,
152,other,What utensil is in the pan?,knife,http://images.cocodataset.org/train2014/COCO_train2014_000000262261.jpg,0,42,0.37506357371339427,-0.1025390625,knife,0,,,,,,,,,,,,,,,,,,,,,,,,
153,other,What is the red vegetable in the clear dish?,tomato,http://images.cocodataset.org/train2014/COCO_train2014_000000262261.jpg,0,126,0.462693276587144,-0.5546875,tomato,0,,,,,,,,,,,,,,,,,,,,,,,,
154,other,What tree is on the left?,evergreen,http://images.cocodataset.org/train2014/COCO_train2014_000000131190.jpg,0,58,0.4622615838192368,-1.9296875,bush,0,,,,,,,,,,,,,,,,,,,,,,,,
155,other,What is the material right around the clock?,wood,http://images.cocodataset.org/train2014/COCO_train2014_000000131190.jpg,0,64,0.4260505181722449,-0.53515625,brick,0,,,,,,,,,,,,,,,,,,,,,,,,
156,other,How tall is this building?,100 feet,http://images.cocodataset.org/train2014/COCO_train2014_000000131190.jpg,0,4,0.125,-1.7421875,2,0,,,,,,,,,,,,,,,,,,,,,,,,
157,other,What materials are on the roof?,shingles,http://images.cocodataset.org/train2014/COCO_train2014_000000131190.jpg,0,69,0.47422507413056214,-1.46875,tiles,0,,,,,,,,,,,,,,,,,,,,,,,,
158,other,What is in gold at the top of the building?,clock,http://images.cocodataset.org/train2014/COCO_train2014_000000131190.jpg,0,85,0.45997517312908354,-0.4765625,bell,0,,,,,,,,,,,,,,,,,,,,,,,,
159,other,What are on both side of the building?,trees,http://images.cocodataset.org/train2014/COCO_train2014_000000131190.jpg,0,43,0.3551916897132251,-0.609375,trees,0,,,,,,,,,,,,,,,,,,,,,,,,
160,other,What is around the tree?,building,http://images.cocodataset.org/train2014/COCO_train2014_000000131190.jpg,0,59,0.2418102385965965,-1.671875,bush,0,,,,,,,,,,,,,,,,,,,,,,,,
161,other,What is the woman doing in this photo?,petting sheep,http://images.cocodataset.org/train2014/COCO_train2014_000000131197.jpg,0,81,0.9601231630918814,-0.2578125,pet,0,,,,,,,,,,,,,,,,,,,,,,,,
162,other,What are the sheep standing on?,hay,http://images.cocodataset.org/train2014/COCO_train2014_000000131197.jpg,0,79,0.3258483157117386,-0.2275390625,hay,0,,,,,,,,,,,,,,,,,,,,,,,,
163,other,What is the woman feeding the animal?,hay,http://images.cocodataset.org/train2014/COCO_train2014_000000131197.jpg,0,38,0.34508657970685663,-0.99609375,hay,0,,,,,,,,,,,,,,,,,,,,,,,,
164,other,What type of silverware is on the plates?,knife and spoon,http://images.cocodataset.org/train2014/COCO_train2014_000000000127.jpg,0,43,0.4014672377023071,-0.92578125,knife,0,,,,,,,,,,,,,,,,,,,,,,,,
165,other,What is the man holding in his left hand?,ski pole,http://images.cocodataset.org/train2014/COCO_train2014_000000262273.jpg,0,46,0.3970571170989541,-0.451171875,ski,0,,,,,,,,,,,,,,,,,,,,,,,,
166,other,What is the color of the zipper?,black,http://images.cocodataset.org/train2014/COCO_train2014_000000262273.jpg,1,66,0.4859075159181198,-0.640625,black,1,15.0,0.06672524578740678,0.9877812438119247,,,,,,,,,,,,,,,,,,,,,
167,other,Are the boots a solid color or patterned?,patterned,http://images.cocodataset.org/train2014/COCO_train2014_000000262273.jpg,0,102,0.5800390819238639,-0.380859375,solid,0,,,,,,,,,,,,,,,,,,,,,,,,
168,other,What are the people doing in the street?,walking,http://images.cocodataset.org/train2014/COCO_train2014_000000524420.jpg,0,32,0.9695520560752632,-0.18359375,walking,0,,,,,,,,,,,,,,,,,,,,,,,,
169,other,What is floating near the bird?,ice,http://images.cocodataset.org/train2014/COCO_train2014_000000436929.jpg,0,79,0.40931444422324037,-1.0859375,ice,0,,,,,,,,,,,,,,,,,,,,,,,,
170,other,What brand of soda is advertised?,pepsi,http://images.cocodataset.org/train2014/COCO_train2014_000000284012.jpg,0,35,0.9475844397962404,-0.12451171875,pe,0,,,,,,,,,,,,,,,,,,,,,,,,
171,other,What Mexican food restaurant chain is advertised?,del taco,http://images.cocodataset.org/train2014/COCO_train2014_000000284012.jpg,0,27,0.2681038457210367,-2.21875,el,0,,,,,,,,,,,,,,,,,,,,,,,,
172,other,How is the turnout?,good,http://images.cocodataset.org/train2014/COCO_train2014_000000284012.jpg,0,63,0.5221877270711454,-1.1640625,good,0,,,,,,,,,,,,,,,,,,,,,,,,
173,other,What is the large sculpture next to the oversized cola bottle?,building,http://images.cocodataset.org/train2014/COCO_train2014_000000284012.jpg,1,60,0.998545405750824,-1.3359375,statue,1,16.0,0.007092683843581162,0.8194483718728035,,,,,,,,,,,,,,,,,,,,,
174,other,What time is it?,1:50,http://images.cocodataset.org/train2014/COCO_train2014_000000000138.jpg,0,512,0.0,-0.5703125,1,0,,,,,,,,,,,,,,,,,,,,,,,,
175,other,What continent might this be?,africa,http://images.cocodataset.org/train2014/COCO_train2014_000000262285.jpg,0,39,0.825600737571959,-0.12451171875,africa,0,,,,,,,,,,,,,,,,,,,,,,,,
176,other,What type of fruit is on the plate?,banana,http://images.cocodataset.org/train2014/COCO_train2014_000000000142.jpg,0,56,0.3597059682802064,-0.5,banana,0,,,,,,,,,,,,,,,,,,,,,,,,
177,other,What is in the blue chair?,teddy bears,http://images.cocodataset.org/train2014/COCO_train2014_000000131215.jpg,1,131,0.6665925661200824,-0.9296875,teddy,1,30.0,0.047483430494213136,0.9293660280485275,,,,,,,,,,,,,,,,,,,,,
178,other,What type of footwear is the person wearing?,socks,http://images.cocodataset.org/train2014/COCO_train2014_000000131215.jpg,0,96,0.6911971737147169,-0.87890625,socks,0,,,,,,,,,,,,,,,,,,,,,,,,
179,other,What are the animals doing?,eating,http://images.cocodataset.org/train2014/COCO_train2014_000000000144.jpg,0,128,0.34873756454639904,-0.43359375,eating,0,,,,,,,,,,,,,,,,,,,,,,,,
180,other,What type of animal is in the picture?,giraffe,http://images.cocodataset.org/train2014/COCO_train2014_000000000144.jpg,0,128,0.4705585730047087,-0.08984375,gira,0,,,,,,,,,,,,,,,,,,,,,,,,
181,other,What does the front of the bus say at the top?,special,http://images.cocodataset.org/train2014/COCO_train2014_000000131225.jpg,0,60,0.4307020168758695,-0.1513671875,special,0,,,,,,,,,,,,,,,,,,,,,,,,
182,other,What direction are the animals heading?,right,http://images.cocodataset.org/train2014/COCO_train2014_000000000154.jpg,0,43,0.3434598023984506,-0.91015625,left,0,,,,,,,,,,,,,,,,,,,,,,,,
183,other,Is the zebra walking or standing still?,walking,http://images.cocodataset.org/train2014/COCO_train2014_000000000154.jpg,0,61,0.6725915550576831,-0.7578125,walking,0,,,,,,,,,,,,,,,,,,,,,,,,
184,other,Number of animals?,3,http://images.cocodataset.org/train2014/COCO_train2014_000000000154.jpg,0,512,0.0,-0.1201171875,3,0,,,,,,,,,,,,,,,,,,,,,,,,
185,other,What is on the plate?,cupcake,http://images.cocodataset.org/train2014/COCO_train2014_000000393375.jpg,1,138,0.6452513636789199,-0.08154296875,cupcake,1,15.0,0.027952337447675713,0.9285012313356799,,,,,,,,,,,,,,,,,,,,,
186,other,What are the pink pieces of paper called?,post-its,http://images.cocodataset.org/train2014/COCO_train2014_000000393375.jpg,0,59,0.4513485445971633,-0.6640625,post,0,,,,,,,,,,,,,,,,,,,,,,,,
187,other,What is the green stuff?,broccoli,http://images.cocodataset.org/train2014/COCO_train2014_000000393379.jpg,0,62,0.3893171609602292,-0.1025390625,bro,0,,,,,,,,,,,,,,,,,,,,,,,,
188,other,Is this a finger food or dish?,dish,http://images.cocodataset.org/train2014/COCO_train2014_000000393379.jpg,1,96,0.5289167969473132,-0.3984375,dish,1,32.0,0.059713710439985565,0.954434002924965,,,,,,,,,,,,,,,,,,,,,
189,other,What ICING IS USED ON THIS CAKE?,vanilla,http://images.cocodataset.org/train2014/COCO_train2014_000000262308.jpg,0,47,0.9445081522389703,-1.4765625,butter,0,,,,,,,,,,,,,,,,,,,,,,,,
190,other,What is the figure on the cupcake?,soldier,http://images.cocodataset.org/train2014/COCO_train2014_000000262308.jpg,3,114,0.586387710355292,-1.0078125,soldier,3,15.0,0.04579060012151623,0.9500685975366211,17.0,0.05596370450087431,0.8846148739279867,18.0,0.05307072670078095,0.8424887242433627,,,,,,,,,,,,,,,
191,other,What flavor is the cupcake?,vanilla,http://images.cocodataset.org/train2014/COCO_train2014_000000262308.jpg,0,70,0.46330135245001935,-0.1650390625,vanilla,0,,,,,,,,,,,,,,,,,,,,,,,,
192,other,What is the woman doing?,cutting tie,http://images.cocodataset.org/train2014/COCO_train2014_000000000165.jpg,0,63,0.4345588999217513,-0.3359375,cutting,0,,,,,,,,,,,,,,,,,,,,,,,,
193,other,What room is this?,living room,http://images.cocodataset.org/train2014/COCO_train2014_000000415089.jpg,0,52,0.3471666812978765,-1.5234375,living,0,,,,,,,,,,,,,,,,,,,,,,,,
194,other,What is the boy doing?,herding,http://images.cocodataset.org/train2014/COCO_train2014_000000131245.jpg,0,39,0.3635314444230433,-1.6484375,her,0,,,,,,,,,,,,,,,,,,,,,,,,
195,other,What animal is on the walls?,fish,http://images.cocodataset.org/train2014/COCO_train2014_000000393394.jpg,0,52,0.31468446445102105,-1.25,none,0,,,,,,,,,,,,,,,,,,,,,,,,
196,other,Sunny or overcast?,overcast,http://images.cocodataset.org/train2014/COCO_train2014_000000393396.jpg,0,75,0.45553864636694325,-0.0986328125,over,0,,,,,,,,,,,,,,,,,,,,,,,,
197,other,What is the color of the roof shingles?,gray,http://images.cocodataset.org/train2014/COCO_train2014_000000393396.jpg,0,55,0.41580914422528575,-0.7890625,brown,0,,,,,,,,,,,,,,,,,,,,,,,,
198,other,What symbol sits atop the tower?,cross,http://images.cocodataset.org/train2014/COCO_train2014_000000393396.jpg,0,56,0.3761716181342794,-0.2275390625,cross,0,,,,,,,,,,,,,,,,,,,,,,,,
199,other,What is the grate for?,toaster oven,http://images.cocodataset.org/train2014/COCO_train2014_000000524471.jpg,0,60,0.9897392680762344,-1.8515625,cooking,0,,,,,,,,,,,,,,,,,,,,,,,,
200,other,What time is it?,11:55,http://images.cocodataset.org/train2014/COCO_train2014_000000262329.jpg,0,4,0.125,-0.92578125,1,0,,,,,,,,,,,,,,,,,,,,,,,,
201,other,What is the brown object with a clock on it?,birdhouse,http://images.cocodataset.org/train2014/COCO_train2014_000000262329.jpg,0,63,0.42958364746626104,-1.3515625,house,0,,,,,,,,,,,,,,,,,,,,,,,,
202,other,What number bus is this?,892,http://images.cocodataset.org/train2014/COCO_train2014_000000393403.jpg,1,59,0.9840810016463664,-0.1025390625,8,1,17.0,0.01587624669244861,0.9774178175281716,,,,,,,,,,,,,,,,,,,,,
203,other,What is the woman holding?,hair dryer,http://images.cocodataset.org/train2014/COCO_train2014_000000524476.jpg,0,39,0.3599985994381009,-1.0859375,hair,0,,,,,,,,,,,,,,,,,,,,,,,,
204,other,What shape is at the bottom of the pole?,rectangle,http://images.cocodataset.org/train2014/COCO_train2014_000000257513.jpg,1,42,0.3958613510767189,-0.828125,round,1,15.0,0.16775294093962778,0.7835807040488099,,,,,,,,,,,,,,,,,,,,,
205,other,What type of bed is in the picture?,bunk bed,http://images.cocodataset.org/train2014/COCO_train2014_000000257513.jpg,0,56,0.4128541393497338,-0.11572265625,b,0,,,,,,,,,,,,,,,,,,,,,,,,
206,other,What is he cooking?,hot dogs,http://images.cocodataset.org/train2014/COCO_train2014_000000524486.jpg,0,34,0.35392592490590624,-0.1650390625,hot,0,,,,,,,,,,,,,,,,,,,,,,,,
207,other,Is this a new or ancient clock?,ancient,http://images.cocodataset.org/train2014/COCO_train2014_000000458785.jpg,1,120,0.7545932896150708,-0.283203125,ancient,1,15.0,0.033816447852981275,0.0,,,,,,,,,,,,,,,,,,,,,
208,other,What time does the clock read?,12:55,http://images.cocodataset.org/train2014/COCO_train2014_000000458785.jpg,0,4,0.125,-1.2890625,3,0,,,,,,,,,,,,,,,,,,,,,,,,
209,other,What mountain was this taken at?,lookout,http://images.cocodataset.org/train2014/COCO_train2014_000000000201.jpg,0,113,0.4504065393345836,-2.140625,as,0,,,,,,,,,,,,,,,,,,,,,,,,
210,other,What is the black thing he is wearing?,apron,http://images.cocodataset.org/train2014/COCO_train2014_000000393418.jpg,0,61,0.5263895728975607,-0.18359375,ap,0,,,,,,,,,,,,,,,,,,,,,,,,
211,other,What is the man doing in the picture?,cooking,http://images.cocodataset.org/train2014/COCO_train2014_000000393418.jpg,0,49,0.4313056653939651,-0.38671875,cooking,0,,,,,,,,,,,,,,,,,,,,,,,,
212,other,What is the cartoon man presenting to the cartoon woman?,ring,http://images.cocodataset.org/train2014/COCO_train2014_000000393419.jpg,0,73,0.44474962618365627,-0.421875,ring,0,,,,,,,,,,,,,,,,,,,,,,,,
213,other,What does the sign with the white arrow say?,one way,http://images.cocodataset.org/train2014/COCO_train2014_000000393419.jpg,0,35,0.9791090699516125,-0.1025390625,one,0,,,,,,,,,,,,,,,,,,,,,,,,
214,other,"What is above the ""No Left Turn"" sign?",one way,http://images.cocodataset.org/train2014/COCO_train2014_000000393419.jpg,0,36,0.26834651591765246,-1.2265625,one,0,,,,,,,,,,,,,,,,,,,,,,,,
215,other,What is the sign says?,stop,http://images.cocodataset.org/train2014/COCO_train2014_000000393422.jpg,0,67,0.3970384976750452,-0.111328125,stop,0,,,,,,,,,,,,,,,,,,,,,,,,
216,other,What gender are both of the children likely to be?,female,http://images.cocodataset.org/train2014/COCO_train2014_000000131279.jpg,0,99,0.552682440780101,-1.1171875,female,0,,,,,,,,,,,,,,,,,,,,,,,,
217,other,What is the one girl doing to the other girl's hair?,brushing,http://images.cocodataset.org/train2014/COCO_train2014_000000131279.jpg,0,74,0.9073012530855787,-0.54296875,br,0,,,,,,,,,,,,,,,,,,,,,,,,
218,other,Something new to wear with a men's shirt?,tie,http://images.cocodataset.org/train2014/COCO_train2014_000000448671.jpg,0,44,0.5889182624060959,-0.439453125,tie,0,,,,,,,,,,,,,,,,,,,,,,,,
219,other,How much did they pay for the hot dogs?,1,http://images.cocodataset.org/train2014/COCO_train2014_000000393428.jpg,0,71,0.5050201933998173,-1.359375,2,0,,,,,,,,,,,,,,,,,,,,,,,,
220,other,What is in the man's hand?,tennis racket,http://images.cocodataset.org/train2014/COCO_train2014_000000554301.jpg,0,99,0.46726362849707764,-0.890625,tennis,0,,,,,,,,,,,,,,,,,,,,,,,,
221,other,What silverware is on the table?,knife and fork,http://images.cocodataset.org/train2014/COCO_train2014_000000262359.jpg,1,84,0.5225684486003475,-0.94140625,fork,1,16.0,0.10848741075125407,0.8194483718728035,,,,,,,,,,,,,,,,,,,,,
222,other,What type of animal is it?,cat,http://images.cocodataset.org/train2014/COCO_train2014_000000393432.jpg,0,58,0.5171052742208547,-0.111328125,cat,0,,,,,,,,,,,,,,,,,,,,,,,,
223,other,What is the man standing on?,sand,http://images.cocodataset.org/train2014/COCO_train2014_000000474858.jpg,0,41,0.3756857385436473,-0.314453125,sand,0,,,,,,,,,,,,,,,,,,,,,,,,
224,other,What are these men standing in front of?,ocean,http://images.cocodataset.org/train2014/COCO_train2014_000000474858.jpg,0,74,0.3719059355476099,-0.67578125,ocean,0,,,,,,,,,,,,,,,,,,,,,,,,
225,other,What is the temperature outside?,cold,http://images.cocodataset.org/train2014/COCO_train2014_000000474858.jpg,0,42,0.668142957330049,-1.34375,cold,0,,,,,,,,,,,,,,,,,,,,,,,,
226,other,What is lying on the ground?,surfboard,http://images.cocodataset.org/train2014/COCO_train2014_000000474858.jpg,0,52,0.36881114910319435,-0.203125,surf,0,,,,,,,,,,,,,,,,,,,,,,,,
227,other,What is flying in the air?,kites,http://images.cocodataset.org/train2014/COCO_train2014_000000474858.jpg,0,30,0.2954831375667416,-0.9921875,k,0,,,,,,,,,,,,,,,,,,,,,,,,
228,other,What brand of shoes is the skateboarder wearing?,none,http://images.cocodataset.org/train2014/COCO_train2014_000000474858.jpg,2,89,0.5675517163545485,-0.90234375,nike,2,18.0,0.08814882807121714,0.8527924884900406,2.0,0.00024809357044119115,0.0,,,,,,,,,,,,,,,,,,
229,other,What type of clouds are visible in this photo?,cumulus,http://images.cocodataset.org/train2014/COCO_train2014_000000474858.jpg,0,72,0.37763373380360626,-0.9609375,cum,0,,,,,,,,,,,,,,,,,,,,,,,,
230,other,What is the man doing?,standing,http://images.cocodataset.org/train2014/COCO_train2014_000000474858.jpg,0,79,0.42484661502604243,-0.9609375,standing,0,,,,,,,,,,,,,,,,,,,,,,,,
231,other,Is the person on the right male or female?,male,http://images.cocodataset.org/train2014/COCO_train2014_000000474858.jpg,0,29,0.6932061233373366,-0.1796875,male,0,,,,,,,,,,,,,,,,,,,,,,,,
232,other,What object is painted on the surfboard?,star,http://images.cocodataset.org/train2014/COCO_train2014_000000474858.jpg,1,52,0.4367312173636923,-2.34375,sun,1,15.0,0.12830683462539605,0.9182958340544896,,,,,,,,,,,,,,,,,,,,,
233,other,What does the train ride along?,tracks,http://images.cocodataset.org/train2014/COCO_train2014_000000165859.jpg,0,47,0.37435442952974907,-0.890625,tracks,0,,,,,,,,,,,,,,,,,,,,,,,,
234,other,What is turned on?,light,http://images.cocodataset.org/train2014/COCO_train2014_000000039288.jpg,0,68,0.3972302475763379,-0.59765625,light,0,,,,,,,,,,,,,,,,,,,,,,,,
235,other,What is the name of the yellow fruit pictured?,banana,http://images.cocodataset.org/train2014/COCO_train2014_000000039288.jpg,0,68,0.43881509107891403,-0.11572265625,banana,0,,,,,,,,,,,,,,,,,,,,,,,,
236,other,What shape are the plates?,round,http://images.cocodataset.org/train2014/COCO_train2014_000000524518.jpg,0,94,0.734677303938296,-0.69140625,round,0,,,,,,,,,,,,,,,,,,,,,,,,
237,other,What indicates that this is for a party?,many plates,http://images.cocodataset.org/train2014/COCO_train2014_000000524518.jpg,0,92,0.3681204463373886,-2.1875,beer,0,,,,,,,,,,,,,,,,,,,,,,,,
238,other,What two utensils are next to the plate?,fork and knife,http://images.cocodataset.org/train2014/COCO_train2014_000000524518.jpg,1,106,0.4531244378622662,-1.1015625,fork,1,15.0,0.12603846434242008,0.9967916319816366,,,,,,,,,,,,,,,,,,,,,
239,other,How lucky is it that no one was walking on the sidewalk at that time?,very,http://images.cocodataset.org/train2014/COCO_train2014_000000524520.jpg,0,50,0.9886619629690667,-0.41015625,very,0,,,,,,,,,,,,,,,,,,,,,,,,
240,other,What traffic light is on?,red,http://images.cocodataset.org/train2014/COCO_train2014_000000524520.jpg,0,77,0.47676788006417936,-0.427734375,red,0,,,,,,,,,,,,,,,,,,,,,,,,
241,other,What number does the battery have on his shirt?,11,http://images.cocodataset.org/train2014/COCO_train2014_000000524522.jpg,0,512,0.0,-0.12890625,1,0,,,,,,,,,,,,,,,,,,,,,,,,
242,other,What team is the batter from?,yankees,http://images.cocodataset.org/train2014/COCO_train2014_000000524522.jpg,0,55,0.6199969518745491,-0.92578125,oak,0,,,,,,,,,,,,,,,,,,,,,,,,
243,other,What objects are directly above the TV set?,pictures,http://images.cocodataset.org/train2014/COCO_train2014_000000131312.jpg,0,61,0.9452322373191466,-0.53515625,pictures,0,,,,,,,,,,,,,,,,,,,,,,,,
244,other,What print is this woman's dress?,dots,http://images.cocodataset.org/train2014/COCO_train2014_000000131315.jpg,0,72,0.5296652882438005,-1.8046875,check,0,,,,,,,,,,,,,,,,,,,,,,,,
245,other,What is on the handlebars?,bird,http://images.cocodataset.org/train2014/COCO_train2014_000000262389.jpg,0,144,0.4970040790679826,-0.68359375,bird,0,,,,,,,,,,,,,,,,,,,,,,,,
246,other,What bird is on the man's bike?,parrot,http://images.cocodataset.org/train2014/COCO_train2014_000000262389.jpg,3,180,0.9947968408452139,-0.2216796875,parrot,3,19.0,0.006283541293926044,0.8899149938380799,16.0,0.007290778979556988,0.954434002924965,23.0,0.006149989951355881,0.9863237070924825,,,,,,,,,,,,,,,
247,other,What is the fence made of?,metal,http://images.cocodataset.org/train2014/COCO_train2014_000000262393.jpg,0,38,0.31888171354408507,-0.69140625,metal,0,,,,,,,,,,,,,,,,,,,,,,,,
248,other,What is the name of the street that starts with a color?,greenwich,http://images.cocodataset.org/train2014/COCO_train2014_000000000250.jpg,0,113,0.6245243835646692,-0.08984375,green,0,,,,,,,,,,,,,,,,,,,,,,,,
249,other,How can you tell the giraffe is in captivity?,fence,http://images.cocodataset.org/train2014/COCO_train2014_000000131323.jpg,0,135,0.41168411562748,-0.2216796875,fence,0,,,,,,,,,,,,,,,,,,,,,,,,
250,other,What is the name of the store behind the lady?,pike place fish,http://images.cocodataset.org/train2014/COCO_train2014_000000262399.jpg,0,44,0.3373126693695074,-0.2080078125,pike,0,,,,,,,,,,,,,,,,,,,,,,,,
251,other,What does the lady have in her mouth?,fish,http://images.cocodataset.org/train2014/COCO_train2014_000000262399.jpg,0,89,0.9854940235790578,-0.427734375,donut,0,,,,,,,,,,,,,,,,,,,,,,,,
252,other,What are the popsicle sticks used for?,labels,http://images.cocodataset.org/train2014/COCO_train2014_000000131330.jpg,0,50,0.33235957778266356,-1.5859375,plant,0,,,,,,,,,,,,,,,,,,,,,,,,
253,other,What is the structure in the background?,teepee,http://images.cocodataset.org/train2014/COCO_train2014_000000524547.jpg,0,141,0.4238301239288332,-1.28125,tent,0,,,,,,,,,,,,,,,,,,,,,,,,
254,other,What are these people doing?,snowboarding,http://images.cocodataset.org/train2014/COCO_train2014_000000524551.jpg,0,64,0.38141566489756423,-0.462890625,snow,0,,,,,,,,,,,,,,,,,,,,,,,,
255,other,What is the white structure behind the ramp?,teepee,http://images.cocodataset.org/train2014/COCO_train2014_000000524551.jpg,0,31,0.3638581935558863,-1.0078125,tee,0,,,,,,,,,,,,,,,,,,,,,,,,
256,other,What is on the ground?,snow,http://images.cocodataset.org/train2014/COCO_train2014_000000393480.jpg,0,89,0.3769628065326499,-0.0986328125,snow,0,,,,,,,,,,,,,,,,,,,,,,,,
257,other,What is the man wearing?,shorts,http://images.cocodataset.org/train2014/COCO_train2014_000000131339.jpg,1,103,0.526234532498084,-0.2080078125,shorts,1,20.0,0.08073856122184601,0.9835386311891134,,,,,,,,,,,,,,,,,,,,,
258,other,What sport are they playing?,soccer,http://images.cocodataset.org/train2014/COCO_train2014_000000524557.jpg,0,39,0.4873582999479557,-0.1650390625,soccer,0,,,,,,,,,,,,,,,,,,,,,,,,
259,other,Color is the goaltenders shirt?,white,http://images.cocodataset.org/train2014/COCO_train2014_000000524557.jpg,0,63,0.48357268988859436,-0.1513671875,white,0,,,,,,,,,,,,,,,,,,,,,,,,
260,other,Are they coworkers or best friends?,best friends,http://images.cocodataset.org/train2014/COCO_train2014_000000131342.jpg,3,131,0.6289859032288935,-0.78125,co,3,17.0,0.03221534227233466,0.9967828263127351,22.0,0.030306463148362914,0.9970151057384782,27.0,0.029097531425875196,0.9728424282675804,,,,,,,,,,,,,,,
261,other,What is in the glass in the lower right?,wine,http://images.cocodataset.org/train2014/COCO_train2014_000000131342.jpg,0,74,0.9718199096433773,-0.75390625,wine,0,,,,,,,,,,,,,,,,,,,,,,,,
262,other,The wall is made out of?,brick,http://images.cocodataset.org/train2014/COCO_train2014_000000131342.jpg,0,73,0.49710791755904377,-0.10693359375,brick,0,,,,,,,,,,,,,,,,,,,,,,,,
263,other,What does the sign in the background say?,no parking,http://images.cocodataset.org/train2014/COCO_train2014_000000262415.jpg,0,96,0.47513353944992204,-1.140625,school,0,,,,,,,,,,,,,,,,,,,,,,,,
264,other,What is behind the mirror?,bus,http://images.cocodataset.org/train2014/COCO_train2014_000000262415.jpg,0,50,0.32645835773606324,-0.68359375,bus,0,,,,,,,,,,,,,,,,,,,,,,,,
265,other,How healthy does this meal look?,very,http://images.cocodataset.org/train2014/COCO_train2014_000000393488.jpg,0,135,0.431926804079275,-0.251953125,very,0,,,,,,,,,,,,,,,,,,,,,,,,
266,other,What meat is used in the main dish?,beef,http://images.cocodataset.org/train2014/COCO_train2014_000000393488.jpg,0,53,0.4243726041024152,-1.1484375,beef,0,,,,,,,,,,,,,,,,,,,,,,,,
267,other,What is the man reaching for?,phone,http://images.cocodataset.org/train2014/COCO_train2014_000000393489.jpg,0,86,0.4073498202095493,-0.625,phone,0,,,,,,,,,,,,,,,,,,,,,,,,
268,other,What language is the text on the sign?,english,http://images.cocodataset.org/train2014/COCO_train2014_000000393489.jpg,0,60,0.6607953396647324,-0.2216796875,english,0,,,,,,,,,,,,,,,,,,,,,,,,
269,other,What is the man holding?,phone,http://images.cocodataset.org/train2014/COCO_train2014_000000393489.jpg,0,45,0.4352604602688956,-0.369140625,phone,0,,,,,,,,,,,,,,,,,,,,,,,,
270,other,What does this phone case look like?,silver,http://images.cocodataset.org/train2014/COCO_train2014_000000393489.jpg,0,91,0.45822890646411574,-1.625,clear,0,,,,,,,,,,,,,,,,,,,,,,,,
271,other,What is the brand of the phone?,pharos,http://images.cocodataset.org/train2014/COCO_train2014_000000393489.jpg,0,101,0.4404723070458377,-0.1513671875,ph,0,,,,,,,,,,,,,,,,,,,,,,,,
272,other,What does this controller go with?,phone,http://images.cocodataset.org/train2014/COCO_train2014_000000393489.jpg,0,53,0.4400447642495575,-1.1171875,phone,0,,,,,,,,,,,,,,,,,,,,,,,,
273,other,What brand is the phone?,pharos,http://images.cocodataset.org/train2014/COCO_train2014_000000393489.jpg,0,115,0.5089844505458979,-0.1337890625,ph,0,,,,,,,,,,,,,,,,,,,,,,,,
274,other,What is the person holding in their hand?,cell phone,http://images.cocodataset.org/train2014/COCO_train2014_000000393489.jpg,0,47,0.40473623409883636,-0.38671875,phone,0,,,,,,,,,,,,,,,,,,,,,,,,
275,other,What is the person holding?,phone,http://images.cocodataset.org/train2014/COCO_train2014_000000393489.jpg,0,52,0.42908638664421767,-0.38671875,phone,0,,,,,,,,,,,,,,,,,,,,,,,,
276,other,What's on the other side of the shower curtain?,shower,http://images.cocodataset.org/train2014/COCO_train2014_000000546179.jpg,0,54,0.37818553671146776,-1.015625,bat,0,,,,,,,,,,,,,,,,,,,,,,,,
277,other,What is the green stuff?,broccoli,http://images.cocodataset.org/train2014/COCO_train2014_000000000009.jpg,1,32,0.35025989954717723,-0.111328125,bro,1,16.0,0.15000360494055068,0.9463946303571862,,,,,,,,,,,,,,,,,,,,,
278,other,What is the floor made of?,tile,http://images.cocodataset.org/train2014/COCO_train2014_000000131351.jpg,1,78,0.3831446075915096,-0.2080078125,tile,1,15.0,0.2185248553920613,0.9182958340544896,,,,,,,,,,,,,,,,,,,,,
279,other,What is the ratio of white tiles to blue?,many more white,http://images.cocodataset.org/train2014/COCO_train2014_000000131351.jpg,0,18,0.2660106598614243,-0.765625,1,0,,,,,,,,,,,,,,,,,,,,,,,,
280,other,What power tool is present?,drill,http://images.cocodataset.org/train2014/COCO_train2014_000000131351.jpg,0,74,0.4686274236262814,-0.54296875,drill,0,,,,,,,,,,,,,,,,,,,,,,,,
281,other,What fruit is present?,watermelon,http://images.cocodataset.org/train2014/COCO_train2014_000000131352.jpg,0,64,0.5739968931713504,-0.65625,water,0,,,,,,,,,,,,,,,,,,,,,,,,
282,other,What do you think the cat is looking at?,bird,http://images.cocodataset.org/train2014/COCO_train2014_000000524572.jpg,0,49,0.40838004375706966,-2.140625,bird,0,,,,,,,,,,,,,,,,,,,,,,,,
283,other,What utensil is sitting next to the food?,fork,http://images.cocodataset.org/train2014/COCO_train2014_000000112497.jpg,0,43,0.36767806853958446,-0.1796875,fork,0,,,,,,,,,,,,,,,,,,,,,,,,
284,other,What is in the jug?,beer,http://images.cocodataset.org/train2014/COCO_train2014_000000112497.jpg,0,44,0.5221034409773375,-0.3203125,beer,0,,,,,,,,,,,,,,,,,,,,,,,,
285,other,What is the name of this crusted food?,pizza,http://images.cocodataset.org/train2014/COCO_train2014_000000112497.jpg,1,71,0.4863618890036733,-0.15625,pizza,1,15.0,0.0667004001698768,0.9161314485121342,,,,,,,,,,,,,,,,,,,,,
286,other,What animal is on the flatbed?,cow,http://images.cocodataset.org/train2014/COCO_train2014_000000393503.jpg,0,39,0.3827170184073901,-0.12890625,cow,0,,,,,,,,,,,,,,,,,,,,,,,,
287,other,What room of the house is this?,kitchen,http://images.cocodataset.org/train2014/COCO_train2014_000000393508.jpg,0,65,0.4740776363543555,-0.0986328125,kitchen,0,,,,,,,,,,,,,,,,,,,,,,,,
288,other,What is the floor made out of?,wood,http://images.cocodataset.org/train2014/COCO_train2014_000000393508.jpg,0,50,0.9649585736889528,-0.142578125,wood,0,,,,,,,,,,,,,,,,,,,,,,,,
289,other,What do you use the stove for?,cooking,http://images.cocodataset.org/train2014/COCO_train2014_000000393508.jpg,0,61,0.43189810789772676,-0.81640625,cook,0,,,,,,,,,,,,,,,,,,,,,,,,
290,other,What is the batter wearing on his ankles?,guards,http://images.cocodataset.org/train2014/COCO_train2014_000000414639.jpg,1,60,0.5012556891425372,-1.3671875,socks,1,15.0,0.10368907072345662,0.9018972358711528,,,,,,,,,,,,,,,,,,,,,
291,other,What is the crouching man in the mask called?,catcher,http://images.cocodataset.org/train2014/COCO_train2014_000000414639.jpg,0,35,0.9934143803501033,-0.18359375,catcher,0,,,,,,,,,,,,,,,,,,,,,,,,
292,other,What are the two women carrying?,rackets,http://images.cocodataset.org/train2014/COCO_train2014_000000131366.jpg,0,26,0.27602455146538096,-0.921875,ra,0,,,,,,,,,,,,,,,,,,,,,,,,
293,other,What are these people holding?,tennis rackets,http://images.cocodataset.org/train2014/COCO_train2014_000000131366.jpg,0,37,0.32928125684745574,-0.427734375,tennis,0,,,,,,,,,,,,,,,,,,,,,,,,
294,other,What is the woman wearing on her neck?,collar,http://images.cocodataset.org/train2014/COCO_train2014_000000131366.jpg,0,73,0.4321690693042213,-1.1328125,collar,0,,,,,,,,,,,,,,,,,,,,,,,,
295,other,What sports are they playing?,tennis,http://images.cocodataset.org/train2014/COCO_train2014_000000131366.jpg,0,63,0.4330671771538235,-0.10693359375,tennis,0,,,,,,,,,,,,,,,,,,,,,,,,
296,other,What is the approximate time period of this photo?,1950s,http://images.cocodataset.org/train2014/COCO_train2014_000000131366.jpg,0,38,0.3109630575521516,-0.298828125,1,0,,,,,,,,,,,,,,,,,,,,,,,,
297,other,What are the ladies doing?,playing tennis,http://images.cocodataset.org/train2014/COCO_train2014_000000131366.jpg,0,53,0.5576763809769371,-1.015625,posing,0,,,,,,,,,,,,,,,,,,,,,,,,
298,other,"What three letter word, best describes the liquid container on the ground between the two people?",jug,http://images.cocodataset.org/train2014/COCO_train2014_000000131366.jpg,0,113,0.5308061005702744,-1.4921875,can,0,,,,,,,,,,,,,,,,,,,,,,,,
299,other,What does the wall say on the far left?,nothing,http://images.cocodataset.org/train2014/COCO_train2014_000000131366.jpg,0,107,0.46985303623780184,-1.1796875,nothing,0,,,,,,,,,,,,,,,,,,,,,,,,
300,other,What is the woman wearing?,skirt,http://images.cocodataset.org/train2014/COCO_train2014_000000131366.jpg,0,50,0.9958932982644121,-1.0703125,sweater,0,,,,,,,,,,,,,,,,,,,,,,,,
301,other,What type of photo is this?,black and white,http://images.cocodataset.org/train2014/COCO_train2014_000000131366.jpg,0,94,0.3913731404594279,-0.703125,black,0,,,,,,,,,,,,,,,,,,,,,,,,
302,other,What sport is this?,tennis,http://images.cocodataset.org/train2014/COCO_train2014_000000131366.jpg,0,80,0.478140227600584,-0.10693359375,tennis,0,,,,,,,,,,,,,,,,,,,,,,,,
303,other,What are the people holding?,tennis rackets,http://images.cocodataset.org/train2014/COCO_train2014_000000131366.jpg,0,107,0.3181463952482365,-0.6484375,tennis,0,,,,,,,,,,,,,,,,,,,,,,,,
304,other,What is the group of people holding in their hand?,tennis rackets,http://images.cocodataset.org/train2014/COCO_train2014_000000131366.jpg,0,41,0.5196130725139498,-0.427734375,tennis,0,,,,,,,,,,,,,,,,,,,,,,,,
305,other,Is the game live or on television?,live,http://images.cocodataset.org/train2014/COCO_train2014_000000131366.jpg,2,133,0.6098035093609373,-1.0546875,live,2,15.0,0.03180320888796699,0.9877812438119247,15.0,0.03176310504559548,0.9877812438119247,,,,,,,,,,,,,,,,,,
306,other,How would you call for more information about the bus?,877-pwp-green,http://images.cocodataset.org/train2014/COCO_train2014_000000262442.jpg,0,126,0.49527752772380634,-1.3828125,1,0,,,,,,,,,,,,,,,,,,,,,,,,
307,other,What pattern does the woman have on?,polka dot,http://images.cocodataset.org/train2014/COCO_train2014_000000021895.jpg,0,112,0.5025950289220873,-1.7578125,dots,0,,,,,,,,,,,,,,,,,,,,,,,,
308,other,What is running across the beach?,horse,http://images.cocodataset.org/train2014/COCO_train2014_000000131373.jpg,0,94,0.42025533184858993,-0.283203125,horse,0,,,,,,,,,,,,,,,,,,,,,,,,
309,other,What is causing the smoke?,grill,http://images.cocodataset.org/train2014/COCO_train2014_000000131374.jpg,0,68,0.9850394885102023,-0.3984375,grill,0,,,,,,,,,,,,,,,,,,,,,,,,
310,other,What ethnicity is the man?,african american,http://images.cocodataset.org/train2014/COCO_train2014_000000109277.jpg,0,129,0.49860546457000854,-0.671875,black,0,,,,,,,,,,,,,,,,,,,,,,,,
311,other,Is the man wearing shorts or pants?,shorts,http://images.cocodataset.org/train2014/COCO_train2014_000000131376.jpg,2,160,0.8081917211592301,-0.32421875,shorts,2,17.0,0.036962938103394,0.9774178175281716,22.0,0.023357983662393302,0.97283015230032,,,,,,,,,,,,,,,,,,
312,color recognition,What color is the players shirt?,orange,http://images.cocodataset.org/train2014/COCO_train2014_000000458752.jpg,0,58,0.44901878617791435,-0.2177734375,orange,0,,,,,,,,,,,,,,,,,,,,,,,,
313,color recognition,What color is the snow?,white,http://images.cocodataset.org/train2014/COCO_train2014_000000262146.jpg,0,47,0.43765508889272314,-0.1982421875,white,0,,,,,,,,,,,,,,,,,,,,,,,,
314,color recognition,What color is the persons headwear?,red,http://images.cocodataset.org/train2014/COCO_train2014_000000262146.jpg,0,30,0.36405789556372364,-0.380859375,red,0,,,,,,,,,,,,,,,,,,,,,,,,
315,color recognition,What color is the toothbrush?,white and purple,http://images.cocodataset.org/train2014/COCO_train2014_000000393223.jpg,0,51,0.4925248481073973,-0.8828125,purple,0,,,,,,,,,,,,,,,,,,,,,,,,
316,color recognition,What colors are shown in this picture?,black and white,http://images.cocodataset.org/train2014/COCO_train2014_000000524297.jpg,0,42,0.36849781024958256,-0.212890625,black,0,,,,,,,,,,,,,,,,,,,,,,,,
317,color recognition,What color is his hat?,blue,http://images.cocodataset.org/train2014/COCO_train2014_000000393227.jpg,0,45,0.45361799970406824,-0.10693359375,blue,0,,,,,,,,,,,,,,,,,,,,,,,,
318,color recognition,What color is the jacket?,green,http://images.cocodataset.org/train2014/COCO_train2014_000000131084.jpg,0,53,0.9740629070465723,-0.375,green,0,,,,,,,,,,,,,,,,,,,,,,,,
319,color recognition,What color is the sky?,gray,http://images.cocodataset.org/train2014/COCO_train2014_000000393230.jpg,0,50,0.5338821035466507,-0.2080078125,gray,0,,,,,,,,,,,,,,,,,,,,,,,,
320,color recognition,What color is his coat?,blue,http://images.cocodataset.org/train2014/COCO_train2014_000000393230.jpg,0,37,0.9884129007416301,-0.10693359375,blue,0,,,,,,,,,,,,,,,,,,,,,,,,
321,color recognition,What color is the bear?,black,http://images.cocodataset.org/train2014/COCO_train2014_000000137045.jpg,0,42,0.3414278799569429,-0.12451171875,black,0,,,,,,,,,,,,,,,,,,,,,,,,
322,color recognition,What color are the leaves?,green,http://images.cocodataset.org/train2014/COCO_train2014_000000262171.jpg,0,35,0.29699277422915393,-0.15625,green,0,,,,,,,,,,,,,,,,,,,,,,,,
323,color recognition,What color is the umbrella?,pink,http://images.cocodataset.org/train2014/COCO_train2014_000000131101.jpg,0,104,0.5062744256262685,-0.1337890625,pink,0,,,,,,,,,,,,,,,,,,,,,,,,
324,color recognition,What color is the vase?,white,http://images.cocodataset.org/train2014/COCO_train2014_000000000030.jpg,0,55,0.42664455166187965,-0.12451171875,white,0,,,,,,,,,,,,,,,,,,,,,,,,
325,color recognition,What color is the napkin?,white,http://images.cocodataset.org/train2014/COCO_train2014_000000043697.jpg,1,28,0.38812494382091595,-0.111328125,white,1,15.0,0.13145495135599897,0.9654013672997089,,,,,,,,,,,,,,,,,,,,,
326,color recognition,What color is the refrigerator?,silver,http://images.cocodataset.org/train2014/COCO_train2014_000000131113.jpg,0,44,0.4632552737937523,-0.302734375,silver,0,,,,,,,,,,,,,,,,,,,,,,,,
327,color recognition,What color is the plane?,red,http://images.cocodataset.org/train2014/COCO_train2014_000000262187.jpg,0,28,0.3017821599743392,-0.796875,red,0,,,,,,,,,,,,,,,,,,,,,,,,
328,color recognition,What color horse is closer to the camera?,black,http://images.cocodataset.org/train2014/COCO_train2014_000000000049.jpg,0,52,0.4408523174306927,-0.232421875,black,0,,,,,,,,,,,,,,,,,,,,,,,,
329,color recognition,What color is the girl's shirt?,blue,http://images.cocodataset.org/train2014/COCO_train2014_000000393268.jpg,0,33,0.8053204557236449,-0.287109375,blue,0,,,,,,,,,,,,,,,,,,,,,,,,
330,color recognition,What color are the flowers?,yellow and white,http://images.cocodataset.org/train2014/COCO_train2014_000000131128.jpg,0,47,0.2899569767114063,-0.83984375,white,0,,,,,,,,,,,,,,,,,,,,,,,,
331,color recognition,What colors are the flowers?,yellow and white,http://images.cocodataset.org/train2014/COCO_train2014_000000131128.jpg,0,36,0.3061642700436656,-0.828125,yellow,0,,,,,,,,,,,,,,,,,,,,,,,,
332,color recognition,What color is the animal?,gray,http://images.cocodataset.org/train2014/COCO_train2014_000000262204.jpg,0,62,0.4231192459539721,-0.12890625,gray,0,,,,,,,,,,,,,,,,,,,,,,,,
333,color recognition,What color is the plane?,red and white,http://images.cocodataset.org/train2014/COCO_train2014_000000131133.jpg,0,20,0.3151819391151961,-0.3359375,red,0,,,,,,,,,,,,,,,,,,,,,,,,
334,color recognition,What color are the seats?,tan,http://images.cocodataset.org/train2014/COCO_train2014_000000262207.jpg,0,49,0.44855003972418933,-1.1875,tan,0,,,,,,,,,,,,,,,,,,,,,,,,
335,color recognition,What color is the middle vase?,blue,http://images.cocodataset.org/train2014/COCO_train2014_000000458763.jpg,0,42,0.41039537795824726,-0.1611328125,blue,0,,,,,,,,,,,,,,,,,,,,,,,,
336,color recognition,What color is the window frame?,white,http://images.cocodataset.org/train2014/COCO_train2014_000000393291.jpg,0,37,0.3378000059924934,-0.85546875,white,0,,,,,,,,,,,,,,,,,,,,,,,,
337,color recognition,What color is the sign?,white,http://images.cocodataset.org/train2014/COCO_train2014_000000131160.jpg,0,49,0.4057386146878257,-0.26171875,white,0,,,,,,,,,,,,,,,,,,,,,,,,
338,color recognition,What color is the tray?,white,http://images.cocodataset.org/train2014/COCO_train2014_000000524377.jpg,0,46,0.40872607244006487,-0.1650390625,white,0,,,,,,,,,,,,,,,,,,,,,,,,
339,color recognition,What color is the bathroom?,yellow,http://images.cocodataset.org/train2014/COCO_train2014_000000262159.jpg,0,44,0.3607575633974153,-0.546875,yellow,0,,,,,,,,,,,,,,,,,,,,,,,,
340,color recognition,What color is the wall?,yellow,http://images.cocodataset.org/train2014/COCO_train2014_000000262159.jpg,0,43,0.40629037740665547,-0.58203125,yellow,0,,,,,,,,,,,,,,,,,,,,,,,,
341,color recognition,What color are the bathroom walls?,yellow,http://images.cocodataset.org/train2014/COCO_train2014_000000262159.jpg,0,81,0.40932058588194736,-0.54296875,yellow,0,,,,,,,,,,,,,,,,,,,,,,,,
342,color recognition,What color is the sofa?,gray,http://images.cocodataset.org/train2014/COCO_train2014_000000524386.jpg,0,53,0.4632461873016067,-1.2109375,tan,0,,,,,,,,,,,,,,,,,,,,,,,,
343,color recognition,What color is the man's shirt in the front of the photo?,black,http://images.cocodataset.org/train2014/COCO_train2014_000000131172.jpg,0,72,0.5269209828393516,-0.6328125,black,0,,,,,,,,,,,,,,,,,,,,,,,,
344,color recognition,What color is the traffic signal?,green,http://images.cocodataset.org/train2014/COCO_train2014_000000393317.jpg,0,55,0.9474560494845895,-0.81640625,yellow,0,,,,,,,,,,,,,,,,,,,,,,,,
345,color recognition,What color is the woman's sweater?,gray,http://images.cocodataset.org/train2014/COCO_train2014_000000000110.jpg,0,36,0.8892988425640665,-1.1640625,gray,0,,,,,,,,,,,,,,,,,,,,,,,,
346,color recognition,What color are the chairs?,blue,http://images.cocodataset.org/train2014/COCO_train2014_000000000113.jpg,0,30,0.31433709969271784,-0.11572265625,blue,0,,,,,,,,,,,,,,,,,,,,,,,,
347,color recognition,What color is the building?,red,http://images.cocodataset.org/train2014/COCO_train2014_000000131190.jpg,0,35,0.3534737490604234,-0.1748046875,red,0,,,,,,,,,,,,,,,,,,,,,,,,
348,color recognition,What color are the flowers?,red,http://images.cocodataset.org/train2014/COCO_train2014_000000131190.jpg,0,34,0.330876919029404,-1.015625,red,0,,,,,,,,,,,,,,,,,,,,,,,,
349,color recognition,What color is the clock tower in this photo?,white,http://images.cocodataset.org/train2014/COCO_train2014_000000131190.jpg,0,45,0.37082076487955656,-0.34765625,white,0,,,,,,,,,,,,,,,,,,,,,,,,
350,color recognition,What color plate is this?,white,http://images.cocodataset.org/train2014/COCO_train2014_000000000127.jpg,0,42,0.3992811894158885,-0.142578125,white,0,,,,,,,,,,,,,,,,,,,,,,,,
351,color recognition,What color are the skis?,yellow,http://images.cocodataset.org/train2014/COCO_train2014_000000262273.jpg,0,67,0.5354280119918885,-0.1376953125,yellow,0,,,,,,,,,,,,,,,,,,,,,,,,
352,color recognition,What color is the man's hat?,black,http://images.cocodataset.org/train2014/COCO_train2014_000000262273.jpg,0,74,0.4826963477041235,-0.2216796875,black,0,,,,,,,,,,,,,,,,,,,,,,,,
353,color recognition,What color is the woman's shorts?,black,http://images.cocodataset.org/train2014/COCO_train2014_000000524420.jpg,0,35,0.39104343980425377,-0.1474609375,black,0,,,,,,,,,,,,,,,,,,,,,,,,
354,color recognition,What color is the girl's hair?,red,http://images.cocodataset.org/train2014/COCO_train2014_000000131208.jpg,0,53,0.4928347201823068,-0.76953125,orange,0,,,,,,,,,,,,,,,,,,,,,,,,
355,color recognition,What color is the catcher's pants?,gray,http://images.cocodataset.org/train2014/COCO_train2014_000000284012.jpg,0,43,0.5003135703492132,-0.369140625,gray,0,,,,,,,,,,,,,,,,,,,,,,,,
356,color recognition,What color flowers are on the top right?,purple,http://images.cocodataset.org/train2014/COCO_train2014_000000262283.jpg,0,67,0.9652872387706674,-0.29296875,pink,0,,,,,,,,,,,,,,,,,,,,,,,,
357,color recognition,What color is the cloth?,gray,http://images.cocodataset.org/train2014/COCO_train2014_000000524428.jpg,1,48,0.9417951969256919,-0.392578125,gray,1,15.0,0.042163128580648065,0.7835807040488099,,,,,,,,,,,,,,,,,,,,,
358,color recognition,What color is the milk carton?,blue,http://images.cocodataset.org/train2014/COCO_train2014_000000000142.jpg,0,38,0.33896505027069507,-0.38671875,blue,0,,,,,,,,,,,,,,,,,,,,,,,,
359,color recognition,What color is the building?,red,http://images.cocodataset.org/train2014/COCO_train2014_000000000149.jpg,0,18,0.2814536459234778,-0.671875,red,0,,,,,,,,,,,,,,,,,,,,,,,,
360,color recognition,What color is this girl's shirt?,red,http://images.cocodataset.org/train2014/COCO_train2014_000000109986.jpg,0,27,0.29446724911660493,-0.1376953125,red,0,,,,,,,,,,,,,,,,,,,,,,,,
361,color recognition,What color is the girls hot dog?,red,http://images.cocodataset.org/train2014/COCO_train2014_000000109986.jpg,0,41,0.3988644201100188,-0.2275390625,red,0,,,,,,,,,,,,,,,,,,,,,,,,
362,color recognition,What color are the girl's lips?,red,http://images.cocodataset.org/train2014/COCO_train2014_000000109986.jpg,0,55,0.43741899564465586,-0.2470703125,red,0,,,,,,,,,,,,,,,,,,,,,,,,
363,color recognition,What color is the school bus?,blue yellow,http://images.cocodataset.org/train2014/COCO_train2014_000000131225.jpg,0,35,0.5045250102707736,-0.451171875,blue,0,,,,,,,,,,,,,,,,,,,,,,,,
364,color recognition,What color is the bus?,blue and yellow,http://images.cocodataset.org/train2014/COCO_train2014_000000131225.jpg,0,39,0.3527488691224522,-0.3359375,blue,0,,,,,,,,,,,,,,,,,,,,,,,,
365,color recognition,What color are the stakes in the dirt?,yellow,http://images.cocodataset.org/train2014/COCO_train2014_000000262299.jpg,0,55,0.45106395992316756,-0.142578125,yellow,0,,,,,,,,,,,,,,,,,,,,,,,,
366,color recognition,What color shirt is the man standing in the background wearing?,yellow,http://images.cocodataset.org/train2014/COCO_train2014_000000262299.jpg,0,68,0.4958764551465734,-0.1748046875,yellow,0,,,,,,,,,,,,,,,,,,,,,,,,
367,color recognition,What color are the majority of sheep?,black,http://images.cocodataset.org/train2014/COCO_train2014_000000393386.jpg,0,33,0.3405113846930362,-0.1884765625,black,0,,,,,,,,,,,,,,,,,,,,,,,,
368,color recognition,What color are the flowers?,pink,http://images.cocodataset.org/train2014/COCO_train2014_000000262329.jpg,1,60,0.43829698834906733,-0.18359375,pink,1,18.0,0.10556229464111125,0.8424887242433627,,,,,,,,,,,,,,,,,,,,,
369,color recognition,What color is the bus?,red and yellow,http://images.cocodataset.org/train2014/COCO_train2014_000000393403.jpg,1,49,0.4244361614947502,-0.75390625,red,1,21.0,0.15805071905322757,0.9141008920185653,,,,,,,,,,,,,,,,,,,,,
370,color recognition,What color are the girls earrings?,silver,http://images.cocodataset.org/train2014/COCO_train2014_000000524476.jpg,0,37,0.9736917232762335,-0.2216796875,silver,0,,,,,,,,,,,,,,,,,,,,,,,,
371,color recognition,What color is the plate?,white,http://images.cocodataset.org/train2014/COCO_train2014_000000000194.jpg,0,39,0.34420688359622376,-0.169921875,white,0,,,,,,,,,,,,,,,,,,,,,,,,
372,color recognition,What color is the car?,orange,http://images.cocodataset.org/train2014/COCO_train2014_000000393412.jpg,0,78,0.4742819829860151,-0.58203125,orange,0,,,,,,,,,,,,,,,,,,,,,,,,
373,color recognition,What color is the sign?,black and white,http://images.cocodataset.org/train2014/COCO_train2014_000000393419.jpg,0,39,0.3639681175424768,-0.287109375,black,0,,,,,,,,,,,,,,,,,,,,,,,,
374,color recognition,What color is the girl's brush?,blue,http://images.cocodataset.org/train2014/COCO_train2014_000000131279.jpg,0,46,0.4414602736024129,-0.298828125,blue,0,,,,,,,,,,,,,,,,,,,,,,,,
375,color recognition,What color is the comb?,blue,http://images.cocodataset.org/train2014/COCO_train2014_000000131279.jpg,0,84,0.5161851671449817,-0.3203125,blue,0,,,,,,,,,,,,,,,,,,,,,,,,
376,color recognition,What color is the table?,brown,http://images.cocodataset.org/train2014/COCO_train2014_000000393428.jpg,0,63,0.5035989676630129,-0.984375,brown,0,,,,,,,,,,,,,,,,,,,,,,,,
377,color recognition,What color is the knife handle?,silver,http://images.cocodataset.org/train2014/COCO_train2014_000000262359.jpg,0,48,0.4365427556947583,-0.1796875,silver,0,,,,,,,,,,,,,,,,,,,,,,,,
378,color recognition,What color eyes does the cat have?,blue,http://images.cocodataset.org/train2014/COCO_train2014_000000393432.jpg,0,72,0.4697470522025389,-0.6953125,blue,0,,,,,,,,,,,,,,,,,,,,,,,,
379,color recognition,What color is the umbrella?,pink,http://images.cocodataset.org/train2014/COCO_train2014_000000000036.jpg,0,82,0.49114944021065493,-0.203125,pink,0,,,,,,,,,,,,,,,,,,,,,,,,
380,color recognition,What color is the man's skin?,white,http://images.cocodataset.org/train2014/COCO_train2014_000000474858.jpg,0,57,0.4623327098766655,-0.828125,white,0,,,,,,,,,,,,,,,,,,,,,,,,
381,color recognition,What color is the shirt of the man standing?,black,http://images.cocodataset.org/train2014/COCO_train2014_000000474858.jpg,0,51,0.5268173866337683,-0.1748046875,black,0,,,,,,,,,,,,,,,,,,,,,,,,
382,color recognition,What color is the board?,white,http://images.cocodataset.org/train2014/COCO_train2014_000000474858.jpg,0,134,0.5591569580088706,-0.392578125,white,0,,,,,,,,,,,,,,,,,,,,,,,,
383,color recognition,What colors are in the kite?,"black, blue, red, orange, yellow",http://images.cocodataset.org/train2014/COCO_train2014_000000393438.jpg,0,45,0.4313645272003586,-0.85546875,red,0,,,,,,,,,,,,,,,,,,,,,,,,
384,color recognition,What color is the train's bumper?,red,http://images.cocodataset.org/train2014/COCO_train2014_000000165859.jpg,0,42,0.41146627738052194,-0.416015625,red,0,,,,,,,,,,,,,,,,,,,,,,,,
385,color recognition,What color dresses are the women wearing?,orange,http://images.cocodataset.org/train2014/COCO_train2014_000000393442.jpg,0,63,0.4698237575334121,-0.546875,orange,0,,,,,,,,,,,,,,,,,,,,,,,,
386,color recognition,What color is the plate?,white,http://images.cocodataset.org/train2014/COCO_train2014_000000393445.jpg,0,36,0.350549996267291,-0.12451171875,white,0,,,,,,,,,,,,,,,,,,,,,,,,
387,color recognition,What color is the picket fence?,white,http://images.cocodataset.org/train2014/COCO_train2014_000000524525.jpg,0,48,0.4116100647095137,-0.1513671875,white,0,,,,,,,,,,,,,,,,,,,,,,,,
388,color recognition,What color is this airplane?,"red, white, and blue",http://images.cocodataset.org/train2014/COCO_train2014_000000000247.jpg,0,52,0.4083903871054886,-0.30859375,blue,0,,,,,,,,,,,,,,,,,,,,,,,,
389,color recognition,What color is the woman's shirt?,red,http://images.cocodataset.org/train2014/COCO_train2014_000000262399.jpg,0,24,0.5193641788323018,-0.2470703125,red,0,,,,,,,,,,,,,,,,,,,,,,,,
390,color recognition,What color is the lighted sign?,blue,http://images.cocodataset.org/train2014/COCO_train2014_000000000260.jpg,0,67,0.4485870149223315,-0.1474609375,blue,0,,,,,,,,,,,,,,,,,,,,,,,,
391,color recognition,What color is the surfboard?,red,http://images.cocodataset.org/train2014/COCO_train2014_000000131339.jpg,0,52,0.5005184139724423,-0.287109375,red,0,,,,,,,,,,,,,,,,,,,,,,,,
392,color recognition,What color is the bus in the mirror?,yellow,http://images.cocodataset.org/train2014/COCO_train2014_000000262415.jpg,0,97,0.46649361776307924,-0.12890625,yellow,0,,,,,,,,,,,,,,,,,,,,,,,,
393,color recognition,What color is the phone?,gray,http://images.cocodataset.org/train2014/COCO_train2014_000000393489.jpg,0,53,0.4370158951855089,-0.52734375,silver,0,,,,,,,,,,,,,,,,,,,,,,,,
394,color recognition,What color is the shower curtain?,white,http://images.cocodataset.org/train2014/COCO_train2014_000000546179.jpg,0,53,0.4343012334175456,-0.11572265625,white,0,,,,,,,,,,,,,,,,,,,,,,,,
395,color recognition,What color are the dishes?,pink and yellow,http://images.cocodataset.org/train2014/COCO_train2014_000000000009.jpg,1,39,0.3765440516096055,-0.77734375,yellow,1,18.0,0.15148615235695218,0.9206198357143051,,,,,,,,,,,,,,,,,,,,,
396,color recognition,What color is the water in the bathtub?,clear,http://images.cocodataset.org/train2014/COCO_train2014_000000131351.jpg,1,39,0.4898425283539865,-0.98046875,white,1,19.0,0.21001646330123733,0.8580597279744429,,,,,,,,,,,,,,,,,,,,,
397,color recognition,What color are these mattresses?,white,http://images.cocodataset.org/train2014/COCO_train2014_000000131352.jpg,0,42,0.37871175453673056,-0.2578125,red,0,,,,,,,,,,,,,,,,,,,,,,,,
398,color recognition,What color are the items on the truck?,white,http://images.cocodataset.org/train2014/COCO_train2014_000000393503.jpg,0,38,0.6365047415242275,-1.4453125,black,0,,,,,,,,,,,,,,,,,,,,,,,,
399,color recognition,What color is the locomotive?,black,http://images.cocodataset.org/train2014/COCO_train2014_000000497565.jpg,0,37,0.29990002644093394,-0.1376953125,black,0,,,,,,,,,,,,,,,,,,,,,,,,
400,color recognition,What color is the sky?,orange,http://images.cocodataset.org/train2014/COCO_train2014_000000101431.jpg,0,53,0.43057335704867045,-0.1337890625,orange,0,,,,,,,,,,,,,,,,,,,,,,,,
401,color recognition,What color is the carpet in the middle of the floor?,blue,http://images.cocodataset.org/train2014/COCO_train2014_000000109277.jpg,0,31,0.49055589071563566,-0.330078125,blue,0,,,,,,,,,,,,,,,,,,,,,,,,
402,color recognition,What color hat is this man wearing?,black,http://images.cocodataset.org/train2014/COCO_train2014_000000131376.jpg,0,70,0.5401756120750284,-0.142578125,black,0,,,,,,,,,,,,,,,,,,,,,,,,
403,color recognition,What color are the shoelaces?,red,http://images.cocodataset.org/train2014/COCO_train2014_000000131376.jpg,0,39,0.45364703351279717,-0.81640625,black,0,,,,,,,,,,,,,,,,,,,,,,,,
404,color recognition,What color is the guy's shirt?,white,http://images.cocodataset.org/train2014/COCO_train2014_000000131376.jpg,0,96,0.5721699162182236,-0.75,black,0,,,,,,,,,,,,,,,,,,,,,,,,
405,yes/no,Is this man a professional baseball player?,yes,http://images.cocodataset.org/train2014/COCO_train2014_000000458752.jpg,0,41,0.44655765000423403,-0.2216796875,yes,0,,,,,,,,,,,,,,,,,,,,,,,,
406,yes/no,Is the dog waiting?,yes,http://images.cocodataset.org/train2014/COCO_train2014_000000524291.jpg,0,99,0.46002995793164964,-0.3359375,yes,0,,,,,,,,,,,,,,,,,,,,,,,,
407,yes/no,Is the sky blue?,yes,http://images.cocodataset.org/train2014/COCO_train2014_000000393221.jpg,0,30,0.2902410105966193,-0.1201171875,yes,0,,,,,,,,,,,,,,,,,,,,,,,,
408,yes/no,Is there snow on the mountains?,yes,http://images.cocodataset.org/train2014/COCO_train2014_000000393221.jpg,0,10,0.2902410118609203,-0.1201171875,yes,0,,,,,,,,,,,,,,,,,,,,,,,,
409,yes/no,Is the window open?,yes,http://images.cocodataset.org/train2014/COCO_train2014_000000393223.jpg,0,512,0.0,-0.3203125,yes,0,,,,,,,,,,,,,,,,,,,,,,,,
410,yes/no,Is she brushing?,yes,http://images.cocodataset.org/train2014/COCO_train2014_000000393223.jpg,1,90,0.5350841823757276,-0.1474609375,yes,1,17.0,0.0924279606548586,0.9774178175281716,,,,,,,,,,,,,,,,,,,,,
411,yes/no,Is the man smiling?,no,http://images.cocodataset.org/train2014/COCO_train2014_000000393224.jpg,0,512,0.0,-0.1337890625,no,0,,,,,,,,,,,,,,,,,,,,,,,,
412,yes/no,Does his tie pair well with his suit?,no,http://images.cocodataset.org/train2014/COCO_train2014_000000393224.jpg,0,4,0.125,-0.5078125,yes,0,,,,,,,,,,,,,,,,,,,,,,,,
413,yes/no,Does the man look happy?,no,http://images.cocodataset.org/train2014/COCO_train2014_000000393224.jpg,0,512,0.0,-0.12451171875,no,0,,,,,,,,,,,,,,,,,,,,,,,,
414,yes/no,Is this photo in color?,no,http://images.cocodataset.org/train2014/COCO_train2014_000000393224.jpg,0,512,0.0,-0.10693359375,no,0,,,,,,,,,,,,,,,,,,,,,,,,
415,yes/no,Is the man wearing a plain tie?,no,http://images.cocodataset.org/train2014/COCO_train2014_000000393224.jpg,0,512,0.0,-0.267578125,no,0,,,,,,,,,,,,,,,,,,,,,,,,
416,yes/no,"Judging from the dress, was this taken in a Latin American country?",yes,http://images.cocodataset.org/train2014/COCO_train2014_000000524297.jpg,1,95,0.5253830739917333,-0.298828125,yes,1,16.0,0.058467727295836096,0.9320201587042914,,,,,,,,,,,,,,,,,,,,,
417,yes/no,Are the men on the sidewalk?,no,http://images.cocodataset.org/train2014/COCO_train2014_000000524297.jpg,0,512,0.0,-0.314453125,no,0,,,,,,,,,,,,,,,,,,,,,,,,
418,yes/no,Was this photo taken recently?,no,http://images.cocodataset.org/train2014/COCO_train2014_000000524297.jpg,0,512,0.0,-0.11572265625,no,0,,,,,,,,,,,,,,,,,,,,,,,,
419,yes/no,Does the guy have a tattoo?,yes,http://images.cocodataset.org/train2014/COCO_train2014_000000393227.jpg,0,34,0.39624062262914106,-0.12451171875,yes,0,,,,,,,,,,,,,,,,,,,,,,,,
420,yes/no,Is the man's visor providing his face enough protection?,no,http://images.cocodataset.org/train2014/COCO_train2014_000000393227.jpg,0,512,0.0,-0.4765625,no,0,,,,,,,,,,,,,,,,,,,,,,,,
421,yes/no,Is the man riding on a dirt path?,yes,http://images.cocodataset.org/train2014/COCO_train2014_000000131084.jpg,0,4,0.125,-0.111328125,yes,0,,,,,,,,,,,,,,,,,,,,,,,,
422,yes/no,Are the walls done in a summery color?,yes,http://images.cocodataset.org/train2014/COCO_train2014_000000131074.jpg,0,41,0.36012794745762783,-0.51953125,yes,0,,,,,,,,,,,,,,,,,,,,,,,,
423,yes/no,Is the curtain patterned?,no,http://images.cocodataset.org/train2014/COCO_train2014_000000131074.jpg,0,38,0.41536185010034055,-0.5546875,yes,0,,,,,,,,,,,,,,,,,,,,,,,,
424,yes/no,Are the windows the same size?,yes,http://images.cocodataset.org/train2014/COCO_train2014_000000131074.jpg,0,512,0.0,-0.421875,yes,0,,,,,,,,,,,,,,,,,,,,,,,,
425,yes/no,Is there a shadow of a tree in the foreground?,no,http://images.cocodataset.org/train2014/COCO_train2014_000000393230.jpg,0,512,0.0,-0.5078125,no,0,,,,,,,,,,,,,,,,,,,,,,,,
426,yes/no,Did someone forget his luggage in the snow?,no,http://images.cocodataset.org/train2014/COCO_train2014_000000393230.jpg,0,512,0.0,-0.1650390625,no,0,,,,,,,,,,,,,,,,,,,,,,,,
427,yes/no,Is it daytime?,yes,http://images.cocodataset.org/train2014/COCO_train2014_000000393230.jpg,0,512,0.0,-0.1201171875,yes,0,,,,,,,,,,,,,,,,,,,,,,,,
428,yes/no,Is the person wearing a hat?,no,http://images.cocodataset.org/train2014/COCO_train2014_000000393230.jpg,0,512,0.0,-0.67578125,no,0,,,,,,,,,,,,,,,,,,,,,,,,
429,yes/no,Is the dog wearing a collar?,yes,http://images.cocodataset.org/train2014/COCO_train2014_000000131087.jpg,0,512,0.0,-0.60546875,no,0,,,,,,,,,,,,,,,,,,,,,,,,
430,yes/no,Is it a clear day?,yes,http://images.cocodataset.org/train2014/COCO_train2014_000000131087.jpg,0,12,0.12499999115131322,-0.12890625,yes,0,,,,,,,,,,,,,,,,,,,,,,,,
431,yes/no,Is there a body of water here?,yes,http://images.cocodataset.org/train2014/COCO_train2014_000000131087.jpg,0,44,0.3944455400973142,-0.10693359375,yes,0,,,,,,,,,,,,,,,,,,,,,,,,
432,yes/no,Is the light on?,no,http://images.cocodataset.org/train2014/COCO_train2014_000000131075.jpg,0,37,0.409112437738258,-0.67578125,yes,0,,,,,,,,,,,,,,,,,,,,,,,,
433,yes/no,Is the room messy?,no,http://images.cocodataset.org/train2014/COCO_train2014_000000131075.jpg,0,14,0.1871316024696791,-0.10693359375,no,0,,,,,,,,,,,,,,,,,,,,,,,,
434,yes/no,Is this a TV screen?,yes,http://images.cocodataset.org/train2014/COCO_train2014_000000131075.jpg,0,38,0.44765371199783316,-0.34765625,no,0,,,,,,,,,,,,,,,,,,,,,,,,
435,yes/no,Is there a laptop in the image?,yes,http://images.cocodataset.org/train2014/COCO_train2014_000000131075.jpg,0,14,0.1981201548530675,-0.15625,yes,0,,,,,,,,,,,,,,,,,,,,,,,,
436,yes/no,Is the animal a mammal?,yes,http://images.cocodataset.org/train2014/COCO_train2014_000000137045.jpg,0,38,0.4324289514142485,-0.1611328125,yes,0,,,,,,,,,,,,,,,,,,,,,,,,
437,yes/no,Are there rocks in the picture?,yes,http://images.cocodataset.org/train2014/COCO_train2014_000000131093.jpg,0,512,0.0,-0.1025390625,yes,0,,,,,,,,,,,,,,,,,,,,,,,,
438,yes/no,Has the sheep recently been shaved?,no,http://images.cocodataset.org/train2014/COCO_train2014_000000131093.jpg,0,512,0.0,-0.1650390625,no,0,,,,,,,,,,,,,,,,,,,,,,,,
439,yes/no,Are there three sheep?,yes,http://images.cocodataset.org/train2014/COCO_train2014_000000131093.jpg,0,512,0.0,-0.15625,yes,0,,,,,,,,,,,,,,,,,,,,,,,,
440,yes/no,Is the man having a good time?,yes,http://images.cocodataset.org/train2014/COCO_train2014_000000524311.jpg,1,102,0.7172575719095348,-0.111328125,yes,1,16.0,0.02901157349852202,0.7743974703476992,,,,,,,,,,,,,,,,,,,,,
441,yes/no,Could this photo be from a zoo?,yes,http://images.cocodataset.org/train2014/COCO_train2014_000000000025.jpg,0,14,0.3509193652572005,-0.2080078125,yes,0,,,,,,,,,,,,,,,,,,,,,,,,
442,yes/no,Are the animals eating?,yes,http://images.cocodataset.org/train2014/COCO_train2014_000000000025.jpg,0,70,0.46142723328186813,-0.36328125,yes,0,,,,,,,,,,,,,,,,,,,,,,,,
443,yes/no,Is there a zebra?,no,http://images.cocodataset.org/train2014/COCO_train2014_000000000025.jpg,0,512,0.0,-0.10693359375,no,0,,,,,,,,,,,,,,,,,,,,,,,,
444,yes/no,Is the giraffe eating the tree?,yes,http://images.cocodataset.org/train2014/COCO_train2014_000000000025.jpg,0,81,0.4551417190274961,-0.2578125,yes,0,,,,,,,,,,,,,,,,,,,,,,,,
445,yes/no,Are both giraffes standing?,no,http://images.cocodataset.org/train2014/COCO_train2014_000000000025.jpg,0,512,0.0,-0.212890625,no,0,,,,,,,,,,,,,,,,,,,,,,,,
446,yes/no,Are they at a zoo?,yes,http://images.cocodataset.org/train2014/COCO_train2014_000000000025.jpg,0,86,0.43242889365007936,-0.69140625,yes,0,,,,,,,,,,,,,,,,,,,,,,,,
447,yes/no,Are some of the trees dead?,yes,http://images.cocodataset.org/train2014/COCO_train2014_000000000025.jpg,0,38,0.48437491703341085,-0.232421875,yes,0,,,,,,,,,,,,,,,,,,,,,,,,
448,yes/no,Are any of the animals eating?,yes,http://images.cocodataset.org/train2014/COCO_train2014_000000000025.jpg,0,55,0.4530666149835909,-0.15625,yes,0,,,,,,,,,,,,,,,,,,,,,,,,
449,yes/no,Is the giraffe in the shade?,no,http://images.cocodataset.org/train2014/COCO_train2014_000000000025.jpg,0,512,0.0,-0.5,no,0,,,,,,,,,,,,,,,,,,,,,,,,
450,yes/no,Are these giraffes living free range?,yes,http://images.cocodataset.org/train2014/COCO_train2014_000000000025.jpg,0,512,0.0,-0.6328125,no,0,,,,,,,,,,,,,,,,,,,,,,,,
451,yes/no,Is there a rock near the giraffe?,no,http://images.cocodataset.org/train2014/COCO_train2014_000000000025.jpg,0,512,0.0,-0.45703125,no,0,,,,,,,,,,,,,,,,,,,,,,,,
452,yes/no,Are they moving?,yes,http://images.cocodataset.org/train2014/COCO_train2014_000000262172.jpg,0,74,0.39624042346390204,-0.1474609375,yes,0,,,,,,,,,,,,,,,,,,,,,,,,
453,yes/no,Is this man angry?,no,http://images.cocodataset.org/train2014/COCO_train2014_000000131101.jpg,0,512,0.0,-0.392578125,no,0,,,,,,,,,,,,,,,,,,,,,,,,
454,yes/no,Are there flowers in the vase?,yes,http://images.cocodataset.org/train2014/COCO_train2014_000000000030.jpg,0,58,0.4625549537967154,-0.10693359375,yes,0,,,,,,,,,,,,,,,,,,,,,,,,
455,yes/no,Are the flowers open?,yes,http://images.cocodataset.org/train2014/COCO_train2014_000000000030.jpg,0,2,-0.0,-0.1748046875,yes,0,,,,,,,,,,,,,,,,,,,,,,,,
456,yes/no,Are all the flowers white?,no,http://images.cocodataset.org/train2014/COCO_train2014_000000000030.jpg,0,512,0.0,-0.1611328125,no,0,,,,,,,,,,,,,,,,,,,,,,,,
457,yes/no,Is the man standing on both foot?,no,http://images.cocodataset.org/train2014/COCO_train2014_000000524320.jpg,0,512,0.0,-0.341796875,no,0,,,,,,,,,,,,,,,,,,,,,,,,
458,yes/no,Was this picture likely taken recently?,no,http://images.cocodataset.org/train2014/COCO_train2014_000000524320.jpg,0,4,0.125,-0.2275390625,no,0,,,,,,,,,,,,,,,,,,,,,,,,
459,yes/no,Do the gentleman's socks match his shoes and belt?,no,http://images.cocodataset.org/train2014/COCO_train2014_000000524320.jpg,0,512,0.0,-0.43359375,no,0,,,,,,,,,,,,,,,,,,,,,,,,
460,yes/no,Are the zebras facing the same direction?,yes,http://images.cocodataset.org/train2014/COCO_train2014_000000240304.jpg,0,512,0.0,-0.298828125,no,0,,,,,,,,,,,,,,,,,,,,,,,,
461,yes/no,Is this a horse?,no,http://images.cocodataset.org/train2014/COCO_train2014_000000000034.jpg,0,512,0.0,-0.1650390625,no,0,,,,,,,,,,,,,,,,,,,,,,,,
462,yes/no,Are they drinking wine at the child's party?,yes,http://images.cocodataset.org/train2014/COCO_train2014_000000393251.jpg,0,151,0.6004190421517367,-0.267578125,yes,0,,,,,,,,,,,,,,,,,,,,,,,,
463,yes/no,Is the man wearing glasses?,yes,http://images.cocodataset.org/train2014/COCO_train2014_000000393251.jpg,0,12,0.09666615677297564,-0.11572265625,yes,0,,,,,,,,,,,,,,,,,,,,,,,,
464,yes/no,Is this a good dessert?,yes,http://images.cocodataset.org/train2014/COCO_train2014_000000262180.jpg,0,40,0.3485565985354354,-0.2177734375,yes,0,,,,,,,,,,,,,,,,,,,,,,,,
465,yes/no,Are those kites in the air?,yes,http://images.cocodataset.org/train2014/COCO_train2014_000000524325.jpg,0,12,0.12499992728844112,-0.111328125,yes,0,,,,,,,,,,,,,,,,,,,,,,,,
466,yes/no,Is this a hot dog?,yes,http://images.cocodataset.org/train2014/COCO_train2014_000000043697.jpg,2,108,0.48852049779769574,-0.111328125,yes,2,20.0,0.06669081155515139,0.0,20.0,0.06669081155515139,0.0,,,,,,,,,,,,,,,,,,
467,yes/no,Is there ketchup on the hot dog?,no,http://images.cocodataset.org/train2014/COCO_train2014_000000043697.jpg,0,512,0.0,-0.1513671875,no,0,,,,,,,,,,,,,,,,,,,,,,,,
468,yes/no,Has this hot dog been grilled?,no,http://images.cocodataset.org/train2014/COCO_train2014_000000043697.jpg,0,512,0.0,-0.404296875,no,0,,,,,,,,,,,,,,,,,,,,,,,,
469,yes/no,Have you tried a hot dog like this before?,yes,http://images.cocodataset.org/train2014/COCO_train2014_000000043697.jpg,0,512,0.0,-0.58203125,no,0,,,,,,,,,,,,,,,,,,,,,,,,
470,yes/no,Is this a toy-sized truck?,no,http://images.cocodataset.org/train2014/COCO_train2014_000000262184.jpg,0,512,0.0,-0.15625,no,0,,,,,,,,,,,,,,,,,,,,,,,,
471,yes/no,Is there a carpet on the floor?,yes,http://images.cocodataset.org/train2014/COCO_train2014_000000131113.jpg,0,512,0.0,-0.18359375,no,0,,,,,,,,,,,,,,,,,,,,,,,,
472,yes/no,Is this plane landing?,no,http://images.cocodataset.org/train2014/COCO_train2014_000000262187.jpg,0,512,0.0,-0.5546875,no,0,,,,,,,,,,,,,,,,,,,,,,,,
473,yes/no,Is the plane taking off?,no,http://images.cocodataset.org/train2014/COCO_train2014_000000262187.jpg,0,512,0.0,-0.1748046875,no,0,,,,,,,,,,,,,,,,,,,,,,,,
474,yes/no,Are these airliners?,yes,http://images.cocodataset.org/train2014/COCO_train2014_000000131118.jpg,0,51,0.4566913523934905,-0.1513671875,yes,0,,,,,,,,,,,,,,,,,,,,,,,,
475,yes/no,Are this cargo planes?,yes,http://images.cocodataset.org/train2014/COCO_train2014_000000131118.jpg,0,512,0.0,-0.2080078125,no,0,,,,,,,,,,,,,,,,,,,,,,,,
476,yes/no,Is this bear a normal size?,no,http://images.cocodataset.org/train2014/COCO_train2014_000000262191.jpg,0,512,0.0,-0.81640625,no,0,,,,,,,,,,,,,,,,,,,,,,,,
477,yes/no,Is there a flower arrangement on the lawn?,yes,http://images.cocodataset.org/train2014/COCO_train2014_000000000049.jpg,0,8,0.25,-0.12890625,yes,0,,,,,,,,,,,,,,,,,,,,,,,,
478,yes/no,Are they playing polo?,no,http://images.cocodataset.org/train2014/COCO_train2014_000000000049.jpg,0,512,0.0,-0.52734375,no,0,,,,,,,,,,,,,,,,,,,,,,,,
479,yes/no,Is this man reading a cell phone screen?,no,http://images.cocodataset.org/train2014/COCO_train2014_000000524338.jpg,0,512,0.0,-0.1474609375,no,0,,,,,,,,,,,,,,,,,,,,,,,,
480,yes/no,Is there a stop sign in the picture?,yes,http://images.cocodataset.org/train2014/COCO_train2014_000000131126.jpg,0,512,0.0,-0.703125,yes,0,,,,,,,,,,,,,,,,,,,,,,,,
481,yes/no,Is the man unhappy?,no,http://images.cocodataset.org/train2014/COCO_train2014_000000131127.jpg,0,512,0.0,-0.12451171875,no,0,,,,,,,,,,,,,,,,,,,,,,,,
482,yes/no,Are the men going to share the bananas?,no,http://images.cocodataset.org/train2014/COCO_train2014_000000131127.jpg,0,512,0.0,-0.5078125,no,0,,,,,,,,,,,,,,,,,,,,,,,,
483,yes/no,Do the painted flowers match the real ones?,no,http://images.cocodataset.org/train2014/COCO_train2014_000000131128.jpg,0,4,0.125,-0.6328125,no,0,,,,,,,,,,,,,,,,,,,,,,,,
484,yes/no,Will the birds go into the water?,no,http://images.cocodataset.org/train2014/COCO_train2014_000000262201.jpg,0,512,0.0,-0.36328125,no,0,,,,,,,,,,,,,,,,,,,,,,,,
485,yes/no,Is this bird afraid of the ledge?,no,http://images.cocodataset.org/train2014/COCO_train2014_000000262201.jpg,0,512,0.0,-0.203125,no,0,,,,,,,,,,,,,,,,,,,,,,,,
486,yes/no,Are the mountains high?,yes,http://images.cocodataset.org/train2014/COCO_train2014_000000131133.jpg,0,10,0.2902410118609203,-0.12451171875,yes,0,,,,,,,,,,,,,,,,,,,,,,,,
487,yes/no,Is there a person standing in front of the television?,yes,http://images.cocodataset.org/train2014/COCO_train2014_000000262207.jpg,0,512,0.0,-0.3984375,yes,0,,,,,,,,,,,,,,,,,,,,,,,,
488,yes/no,Is there enough room under the armchairs for a cat to hide?,yes,http://images.cocodataset.org/train2014/COCO_train2014_000000262207.jpg,0,512,0.0,-0.7890625,no,0,,,,,,,,,,,,,,,,,,,,,,,,
489,yes/no,Are there numbers on the clock face?,no,http://images.cocodataset.org/train2014/COCO_train2014_000000000064.jpg,0,25,0.27949034768408054,-0.451171875,no,0,,,,,,,,,,,,,,,,,,,,,,,,
490,yes/no,Is there a big tree behind the clock?,yes,http://images.cocodataset.org/train2014/COCO_train2014_000000000064.jpg,0,51,0.515222908732815,-0.169921875,yes,0,,,,,,,,,,,,,,,,,,,,,,,,
491,yes/no,Is this a wedding?,no,http://images.cocodataset.org/train2014/COCO_train2014_000000458763.jpg,0,512,0.0,-0.11572265625,no,0,,,,,,,,,,,,,,,,,,,,,,,,
492,yes/no,Does the crust look burnt?,yes,http://images.cocodataset.org/train2014/COCO_train2014_000000567990.jpg,0,32,0.4433516416245115,-0.2470703125,yes,0,,,,,,,,,,,,,,,,,,,,,,,,
493,yes/no,Does this pizza have a deep dish crust?,yes,http://images.cocodataset.org/train2014/COCO_train2014_000000567990.jpg,0,6,0.2526771504954886,-0.38671875,yes,0,,,,,,,,,,,,,,,,,,,,,,,,
494,yes/no,Is the banana freshly peeled?,yes,http://images.cocodataset.org/train2014/COCO_train2014_000000393286.jpg,0,54,0.5627267459473076,-0.3984375,yes,0,,,,,,,,,,,,,,,,,,,,,,,,
495,yes/no,Is the banana closed?,no,http://images.cocodataset.org/train2014/COCO_train2014_000000393286.jpg,0,512,0.0,-0.1513671875,no,0,,,,,,,,,,,,,,,,,,,,,,,,
496,yes/no,Does this photo show train tracks?,yes,http://images.cocodataset.org/train2014/COCO_train2014_000000000071.jpg,0,22,0.19812031083464957,-0.111328125,yes,0,,,,,,,,,,,,,,,,,,,,,,,,
497,yes/no,Does this train work?,yes,http://images.cocodataset.org/train2014/COCO_train2014_000000000071.jpg,0,112,0.5490396776640146,-0.12890625,yes,0,,,,,,,,,,,,,,,,,,,,,,,,
498,yes/no,Are the giraffes under the trees?,yes,http://images.cocodataset.org/train2014/COCO_train2014_000000000072.jpg,0,512,0.0,-0.271484375,yes,0,,,,,,,,,,,,,,,,,,,,,,,,
499,yes/no,Are there 3 elephants?,yes,http://images.cocodataset.org/train2014/COCO_train2014_000000393228.jpg,0,512,0.0,-0.203125,yes,0,,,,,,,,,,,,,,,,,,,,,,,,
500,yes/no,Are all of the elephants full grown?,no,http://images.cocodataset.org/train2014/COCO_train2014_000000393228.jpg,0,512,0.0,-0.11572265625,no,0,,,,,,,,,,,,,,,,,,,,,,,,
501,yes/no,Are the elephants in the jungle?,yes,http://images.cocodataset.org/train2014/COCO_train2014_000000393228.jpg,0,512,0.0,-0.45703125,no,0,,,,,,,,,,,,,,,,,,,,,,,,
502,yes/no,Is the woman eating the pizza?,no,http://images.cocodataset.org/train2014/COCO_train2014_000000393290.jpg,0,512,0.0,-0.1611328125,no,0,,,,,,,,,,,,,,,,,,,,,,,,
503,yes/no,Are there any reflections in this picture?,no,http://images.cocodataset.org/train2014/COCO_train2014_000000393291.jpg,0,4,0.125,-0.2578125,no,0,,,,,,,,,,,,,,,,,,,,,,,,
504,yes/no,Is the water on?,no,http://images.cocodataset.org/train2014/COCO_train2014_000000393292.jpg,0,512,0.0,-0.48828125,no,0,,,,,,,,,,,,,,,,,,,,,,,,
505,yes/no,Is this photo outdoors?,yes,http://images.cocodataset.org/train2014/COCO_train2014_000000393292.jpg,0,16,0.24999999809784018,-0.11572265625,yes,0,,,,,,,,,,,,,,,,,,,,,,,,
506,yes/no,Are the clock and owl made in the same artistic fashion?,no,http://images.cocodataset.org/train2014/COCO_train2014_000000000078.jpg,0,512,0.0,-0.71875,no,0,,,,,,,,,,,,,,,,,,,,,,,,
507,yes/no,Is that owl a candle?,yes,http://images.cocodataset.org/train2014/COCO_train2014_000000000078.jpg,0,12,0.2017596938909056,-0.298828125,yes,0,,,,,,,,,,,,,,,,,,,,,,,,
508,yes/no,Does this planes tail have 4 colors?,no,http://images.cocodataset.org/train2014/COCO_train2014_000000000081.jpg,0,34,0.38697368814353367,-0.251953125,yes,0,,,,,,,,,,,,,,,,,,,,,,,,
509,yes/no,Is this plane landing?,no,http://images.cocodataset.org/train2014/COCO_train2014_000000000081.jpg,0,512,0.0,-0.3359375,no,0,,,,,,,,,,,,,,,,,,,,,,,,
510,yes/no,Is this plane taking off?,no,http://images.cocodataset.org/train2014/COCO_train2014_000000000081.jpg,0,16,0.24023347068556464,-0.609375,yes,0,,,,,,,,,,,,,,,,,,,,,,,,
511,yes/no,Are these wings strong?,yes,http://images.cocodataset.org/train2014/COCO_train2014_000000000081.jpg,0,14,0.5769783914132917,-0.1611328125,yes,0,,,,,,,,,,,,,,,,,,,,,,,,
512,yes/no,Is that a bicycle?,yes,http://images.cocodataset.org/train2014/COCO_train2014_000000000086.jpg,0,512,0.0,-0.29296875,no,0,,,,,,,,,,,,,,,,,,,,,,,,
513,yes/no,Is this a cow farm?,yes,http://images.cocodataset.org/train2014/COCO_train2014_000000524375.jpg,0,512,0.0,-0.6484375,no,0,,,,,,,,,,,,,,,,,,,,,,,,
514,yes/no,Is this a prairie?,yes,http://images.cocodataset.org/train2014/COCO_train2014_000000524375.jpg,0,36,0.3381490635605219,-0.2275390625,yes,0,,,,,,,,,,,,,,,,,,,,,,,,
515,yes/no,Is there a village in the background?,no,http://images.cocodataset.org/train2014/COCO_train2014_000000524375.jpg,0,512,0.0,-0.1796875,no,0,,,,,,,,,,,,,,,,,,,,,,,,
516,yes/no,Would you be able to find a mosque in this city?,yes,http://images.cocodataset.org/train2014/COCO_train2014_000000131160.jpg,0,24,0.36846271168538003,-0.10693359375,yes,0,,,,,,,,,,,,,,,,,,,,,,,,
517,yes/no,Is there ketchup?,no,http://images.cocodataset.org/train2014/COCO_train2014_000000524377.jpg,0,512,0.0,-0.169921875,no,0,,,,,,,,,,,,,,,,,,,,,,,,
518,yes/no,Is the hotdog well seasoned?,yes,http://images.cocodataset.org/train2014/COCO_train2014_000000524377.jpg,0,4,0.125,-0.193359375,yes,0,,,,,,,,,,,,,,,,,,,,,,,,
519,yes/no,Is this a healthy meal?,no,http://images.cocodataset.org/train2014/COCO_train2014_000000524377.jpg,0,512,0.0,-0.15625,no,0,,,,,,,,,,,,,,,,,,,,,,,,
520,yes/no,Is there a spoon in this photo?,no,http://images.cocodataset.org/train2014/COCO_train2014_000000524377.jpg,0,512,0.0,-0.1201171875,no,0,,,,,,,,,,,,,,,,,,,,,,,,
521,yes/no,Is this breakfast?,no,http://images.cocodataset.org/train2014/COCO_train2014_000000524377.jpg,0,512,0.0,-0.1513671875,no,0,,,,,,,,,,,,,,,,,,,,,,,,
522,yes/no,Is there a drink in this picture?,no,http://images.cocodataset.org/train2014/COCO_train2014_000000524377.jpg,0,512,0.0,-0.12451171875,no,0,,,,,,,,,,,,,,,,,,,,,,,,
523,yes/no,Do these hot dogs look like they taste good?,yes,http://images.cocodataset.org/train2014/COCO_train2014_000000524377.jpg,0,512,0.0,-0.27734375,yes,0,,,,,,,,,,,,,,,,,,,,,,,,
524,yes/no,Are those tomatoes on the sandwich?,no,http://images.cocodataset.org/train2014/COCO_train2014_000000524377.jpg,0,512,0.0,-0.2177734375,no,0,,,,,,,,,,,,,,,,,,,,,,,,
525,yes/no,Are the fries plain?,no,http://images.cocodataset.org/train2014/COCO_train2014_000000524377.jpg,0,512,0.0,-0.451171875,no,0,,,,,,,,,,,,,,,,,,,,,,,,
526,yes/no,Does this breakfast dish primarily carbohydrates?,yes,http://images.cocodataset.org/train2014/COCO_train2014_000000524377.jpg,1,88,0.5151006871536186,-0.6640625,yes,1,16.0,0.07290174989552393,0.954434002924965,,,,,,,,,,,,,,,,,,,,,
527,yes/no,Has someone started eating?,no,http://images.cocodataset.org/train2014/COCO_train2014_000000524377.jpg,0,512,0.0,-0.12890625,no,0,,,,,,,,,,,,,,,,,,,,,,,,
528,yes/no,Would this be good for dessert?,no,http://images.cocodataset.org/train2014/COCO_train2014_000000524377.jpg,0,512,0.0,-0.15625,no,0,,,,,,,,,,,,,,,,,,,,,,,,
529,yes/no,Is there a butter plate on the table?,yes,http://images.cocodataset.org/train2014/COCO_train2014_000000524377.jpg,0,512,0.0,-0.65625,no,0,,,,,,,,,,,,,,,,,,,,,,,,
530,yes/no,Does this have lettuce?,no,http://images.cocodataset.org/train2014/COCO_train2014_000000524377.jpg,0,512,0.0,-0.1201171875,no,0,,,,,,,,,,,,,,,,,,,,,,,,
531,yes/no,Does the food look good?,yes,http://images.cocodataset.org/train2014/COCO_train2014_000000524377.jpg,0,50,0.4625542412126179,-0.271484375,yes,0,,,,,,,,,,,,,,,,,,,,,,,,
532,yes/no,Is this meat?,yes,http://images.cocodataset.org/train2014/COCO_train2014_000000524377.jpg,0,21,0.2693978162354893,-0.27734375,yes,0,,,,,,,,,,,,,,,,,,,,,,,,
533,yes/no,Would this typically be eaten for breakfast?,no,http://images.cocodataset.org/train2014/COCO_train2014_000000524377.jpg,0,512,0.0,-0.111328125,no,0,,,,,,,,,,,,,,,,,,,,,,,,
534,yes/no,Is that bacon from a delicatessen?,yes,http://images.cocodataset.org/train2014/COCO_train2014_000000524377.jpg,0,512,0.0,-0.5703125,no,0,,,,,,,,,,,,,,,,,,,,,,,,
535,yes/no,Is the man wearing formal clothes?,no,http://images.cocodataset.org/train2014/COCO_train2014_000000393306.jpg,0,512,0.0,-0.11572265625,no,0,,,,,,,,,,,,,,,,,,,,,,,,
536,yes/no,Is there a deodorant on the sink?,no,http://images.cocodataset.org/train2014/COCO_train2014_000000262159.jpg,0,512,0.0,-0.1201171875,no,0,,,,,,,,,,,,,,,,,,,,,,,,
537,yes/no,Is there a full roll of toilet paper in the bathroom?,yes,http://images.cocodataset.org/train2014/COCO_train2014_000000262159.jpg,1,24,0.2503453576497566,-0.12890625,yes,1,19.0,0.24996916141224443,0.9980008838722996,,,,,,,,,,,,,,,,,,,,,
538,yes/no,Would someone be able to watch you change from the outside?,yes,http://images.cocodataset.org/train2014/COCO_train2014_000000262159.jpg,0,22,0.9972624141459924,-0.73046875,yes,0,,,,,,,,,,,,,,,,,,,,,,,,
539,yes/no,Does the shower have a glass door?,no,http://images.cocodataset.org/train2014/COCO_train2014_000000262159.jpg,0,512,0.0,-0.2080078125,no,0,,,,,,,,,,,,,,,,,,,,,,,,
540,yes/no,Is the towel rack silver?,no,http://images.cocodataset.org/train2014/COCO_train2014_000000262159.jpg,0,30,0.008430043734498672,-0.29296875,yes,0,,,,,,,,,,,,,,,,,,,,,,,,
541,yes/no,Is there a shower curtain?,yes,http://images.cocodataset.org/train2014/COCO_train2014_000000262159.jpg,0,38,0.14045272539580433,-0.76953125,yes,0,,,,,,,,,,,,,,,,,,,,,,,,
542,yes/no,Is the toilet lid down?,yes,http://images.cocodataset.org/train2014/COCO_train2014_000000262159.jpg,0,24,0.1254353248895692,-0.111328125,yes,0,,,,,,,,,,,,,,,,,,,,,,,,
543,yes/no,Does this cake look like it chocolate?,yes,http://images.cocodataset.org/train2014/COCO_train2014_000000000092.jpg,0,110,0.48836132430692775,-0.12451171875,yes,0,,,,,,,,,,,,,,,,,,,,,,,,
544,yes/no,Is this a small town?,yes,http://images.cocodataset.org/train2014/COCO_train2014_000000000094.jpg,0,2,-0.0,-0.26171875,yes,0,,,,,,,,,,,,,,,,,,,,,,,,
545,yes/no,Will these planes be used to transport people?,no,http://images.cocodataset.org/train2014/COCO_train2014_000000393311.jpg,0,512,0.0,-0.2578125,no,0,,,,,,,,,,,,,,,,,,,,,,,,
546,yes/no,Is the room carpeted?,yes,http://images.cocodataset.org/train2014/COCO_train2014_000000524386.jpg,0,12,0.12499159561618038,-0.1376953125,yes,0,,,,,,,,,,,,,,,,,,,,,,,,
547,yes/no,Is there a fireplace?,no,http://images.cocodataset.org/train2014/COCO_train2014_000000524386.jpg,0,512,0.0,-0.111328125,no,0,,,,,,,,,,,,,,,,,,,,,,,,
548,yes/no,Are stains on the floor?,no,http://images.cocodataset.org/train2014/COCO_train2014_000000524386.jpg,0,512,0.0,-0.142578125,no,0,,,,,,,,,,,,,,,,,,,,,,,,
549,yes/no,Are these boys at home?,no,http://images.cocodataset.org/train2014/COCO_train2014_000000524386.jpg,0,14,0.1875,-0.36328125,yes,0,,,,,,,,,,,,,,,,,,,,,,,,
550,yes/no,Is this a 60's motif?,no,http://images.cocodataset.org/train2014/COCO_train2014_000000524386.jpg,0,512,0.0,-0.302734375,no,0,,,,,,,,,,,,,,,,,,,,,,,,
551,yes/no,Is the light green?,yes,http://images.cocodataset.org/train2014/COCO_train2014_000000393317.jpg,0,512,0.0,-0.5078125,no,0,,,,,,,,,,,,,,,,,,,,,,,,
552,yes/no,Is it raining?,no,http://images.cocodataset.org/train2014/COCO_train2014_000000393317.jpg,0,56,0.37490944695456624,-0.4453125,yes,0,,,,,,,,,,,,,,,,,,,,,,,,
553,yes/no,Is this woman crossing a street?,yes,http://images.cocodataset.org/train2014/COCO_train2014_000000393317.jpg,0,14,0.19811982752494917,-0.142578125,yes,0,,,,,,,,,,,,,,,,,,,,,,,,
554,yes/no,Is this in the United States?,yes,http://images.cocodataset.org/train2014/COCO_train2014_000000393317.jpg,0,31,0.39742886369162544,-0.30859375,yes,0,,,,,,,,,,,,,,,,,,,,,,,,
555,yes/no,Is there anyone in the cockpit?,yes,http://images.cocodataset.org/train2014/COCO_train2014_000000131174.jpg,0,38,0.4472262135922163,-0.18359375,yes,0,,,,,,,,,,,,,,,,,,,,,,,,
556,yes/no,Is the bus stopped?,yes,http://images.cocodataset.org/train2014/COCO_train2014_000000546151.jpg,0,512,0.0,-0.1611328125,yes,0,,,,,,,,,,,,,,,,,,,,,,,,
557,yes/no,Is this an ocean area?,yes,http://images.cocodataset.org/train2014/COCO_train2014_000000000109.jpg,0,512,0.0,-0.1748046875,no,0,,,,,,,,,,,,,,,,,,,,,,,,
558,yes/no,Is the ground near the waterfront squishy?,no,http://images.cocodataset.org/train2014/COCO_train2014_000000000109.jpg,0,512,0.0,-0.49609375,no,0,,,,,,,,,,,,,,,,,,,,,,,,
559,yes/no,Is the water calm?,yes,http://images.cocodataset.org/train2014/COCO_train2014_000000000109.jpg,0,12,0.12499647246889302,-0.1201171875,yes,0,,,,,,,,,,,,,,,,,,,,,,,,
560,yes/no,Is this a cheese pizza?,yes,http://images.cocodataset.org/train2014/COCO_train2014_000000000110.jpg,0,512,0.0,-0.1650390625,yes,0,,,,,,,,,,,,,,,,,,,,,,,,
561,yes/no,Is there more than one vase on the table?,yes,http://images.cocodataset.org/train2014/COCO_train2014_000000305853.jpg,0,512,0.0,-0.73828125,yes,0,,,,,,,,,,,,,,,,,,,,,,,,
562,yes/no,Is there a cake here?,yes,http://images.cocodataset.org/train2014/COCO_train2014_000000000113.jpg,0,26,0.2902409959924929,-0.11572265625,yes,0,,,,,,,,,,,,,,,,,,,,,,,,
563,yes/no,Are there any pens on the table?,no,http://images.cocodataset.org/train2014/COCO_train2014_000000000113.jpg,0,512,0.0,-0.1611328125,no,0,,,,,,,,,,,,,,,,,,,,,,,,
564,yes/no,Is this image tilted?,yes,http://images.cocodataset.org/train2014/COCO_train2014_000000262260.jpg,0,512,0.0,-0.49609375,no,0,,,,,,,,,,,,,,,,,,,,,,,,
565,yes/no,Does this image contain a pie pan?,yes,http://images.cocodataset.org/train2014/COCO_train2014_000000262261.jpg,0,16,0.24024101186092028,-0.12451171875,yes,0,,,,,,,,,,,,,,,,,,,,,,,,
566,yes/no,Is this a large house?,yes,http://images.cocodataset.org/train2014/COCO_train2014_000000131190.jpg,0,4,0.125,-0.314453125,yes,0,,,,,,,,,,,,,,,,,,,,,,,,
567,yes/no,Is there a fountain in front of the building?,no,http://images.cocodataset.org/train2014/COCO_train2014_000000131190.jpg,0,512,0.0,-0.1376953125,no,0,,,,,,,,,,,,,,,,,,,,,,,,
568,yes/no,Is the sun shining?,yes,http://images.cocodataset.org/train2014/COCO_train2014_000000131190.jpg,0,2,-0.0,-0.1513671875,yes,0,,,,,,,,,,,,,,,,,,,,,,,,
569,yes/no,Is this a church?,yes,http://images.cocodataset.org/train2014/COCO_train2014_000000131190.jpg,0,512,0.0,-0.6171875,no,0,,,,,,,,,,,,,,,,,,,,,,,,
570,yes/no,Are there clouds visible?,no,http://images.cocodataset.org/train2014/COCO_train2014_000000131190.jpg,0,512,0.0,-0.11572265625,no,0,,,,,,,,,,,,,,,,,,,,,,,,
571,yes/no,Is this a sunny day?,yes,http://images.cocodataset.org/train2014/COCO_train2014_000000131190.jpg,0,34,0.29024099950398935,-0.1201171875,yes,0,,,,,,,,,,,,,,,,,,,,,,,,
572,yes/no,Are the hedges well-groomed?,no,http://images.cocodataset.org/train2014/COCO_train2014_000000131190.jpg,0,36,0.471690135277525,-0.357421875,yes,0,,,,,,,,,,,,,,,,,,,,,,,,
573,yes/no,Does the building in the back have an elevator?,no,http://images.cocodataset.org/train2014/COCO_train2014_000000131190.jpg,0,512,0.0,-0.1513671875,no,0,,,,,,,,,,,,,,,,,,,,,,,,
574,yes/no,Do you a phone booth?,no,http://images.cocodataset.org/train2014/COCO_train2014_000000131190.jpg,0,512,0.0,-0.12890625,no,0,,,,,,,,,,,,,,,,,,,,,,,,
575,yes/no,Are the buildings tall?,yes,http://images.cocodataset.org/train2014/COCO_train2014_000000131190.jpg,0,512,0.0,-0.58203125,yes,0,,,,,,,,,,,,,,,,,,,,,,,,
576,yes/no,Is the clock between two arches?,no,http://images.cocodataset.org/train2014/COCO_train2014_000000131190.jpg,0,512,0.0,-0.5625,yes,0,,,,,,,,,,,,,,,,,,,,,,,,
577,yes/no,Are there any entrance gates at the bottom of the tower?,no,http://images.cocodataset.org/train2014/COCO_train2014_000000131190.jpg,0,512,0.0,-0.76171875,no,0,,,,,,,,,,,,,,,,,,,,,,,,
578,yes/no,Is the building a high rise?,no,http://images.cocodataset.org/train2014/COCO_train2014_000000131190.jpg,0,512,0.0,-0.1884765625,no,0,,,,,,,,,,,,,,,,,,,,,,,,
579,yes/no,Is part of this tower made of wood?,yes,http://images.cocodataset.org/train2014/COCO_train2014_000000131190.jpg,0,2,-0.0,-0.5078125,yes,0,,,,,,,,,,,,,,,,,,,,,,,,
580,yes/no,Can the tree tell time?,no,http://images.cocodataset.org/train2014/COCO_train2014_000000131190.jpg,0,6,0.1981203125901445,-0.357421875,no,0,,,,,,,,,,,,,,,,,,,,,,,,
581,yes/no,Is the emblem a sun face clock?,yes,http://images.cocodataset.org/train2014/COCO_train2014_000000131190.jpg,0,512,0.0,-0.41015625,no,0,,,,,,,,,,,,,,,,,,,,,,,,
582,yes/no,Is the ram's fleece dirty?,no,http://images.cocodataset.org/train2014/COCO_train2014_000000131197.jpg,0,62,0.48835777166618255,-0.69140625,yes,0,,,,,,,,,,,,,,,,,,,,,,,,
583,yes/no,Is there a travel guide on the table?,yes,http://images.cocodataset.org/train2014/COCO_train2014_000000000127.jpg,0,48,0.4602304283360341,-0.1513671875,yes,0,,,,,,,,,,,,,,,,,,,,,,,,
584,yes/no,Is there snow?,yes,http://images.cocodataset.org/train2014/COCO_train2014_000000262273.jpg,0,512,0.0,-0.111328125,yes,0,,,,,,,,,,,,,,,,,,,,,,,,
585,yes/no,Is it summer?,no,http://images.cocodataset.org/train2014/COCO_train2014_000000262273.jpg,0,512,0.0,-0.1201171875,no,0,,,,,,,,,,,,,,,,,,,,,,,,
586,yes/no,Is the picture in color?,yes,http://images.cocodataset.org/train2014/COCO_train2014_000000524420.jpg,0,512,0.0,-0.1025390625,yes,0,,,,,,,,,,,,,,,,,,,,,,,,
587,yes/no,Is there a dog in the photo?,yes,http://images.cocodataset.org/train2014/COCO_train2014_000000524420.jpg,0,512,0.0,-0.1025390625,yes,0,,,,,,,,,,,,,,,,,,,,,,,,
588,yes/no,Is the dog on a leash?,yes,http://images.cocodataset.org/train2014/COCO_train2014_000000524420.jpg,0,512,0.0,-0.404296875,yes,0,,,,,,,,,,,,,,,,,,,,,,,,
589,yes/no,Are all of the birds in flight?,no,http://images.cocodataset.org/train2014/COCO_train2014_000000436929.jpg,0,512,0.0,-0.36328125,no,0,,,,,,,,,,,,,,,,,,,,,,,,
590,yes/no,Are there three birds in the picture?,yes,http://images.cocodataset.org/train2014/COCO_train2014_000000436929.jpg,0,512,0.0,-0.796875,no,0,,,,,,,,,,,,,,,,,,,,,,,,
591,yes/no,Is this a dog?,no,http://images.cocodataset.org/train2014/COCO_train2014_000000436929.jpg,0,512,0.0,-0.10693359375,no,0,,,,,,,,,,,,,,,,,,,,,,,,
592,yes/no,Is this a winter scene?,yes,http://images.cocodataset.org/train2014/COCO_train2014_000000436929.jpg,0,4,0.125,-0.1337890625,yes,0,,,,,,,,,,,,,,,,,,,,,,,,
593,yes/no,Is the water frozen?,yes,http://images.cocodataset.org/train2014/COCO_train2014_000000436929.jpg,0,512,0.0,-0.267578125,yes,0,,,,,,,,,,,,,,,,,,,,,,,,
594,yes/no,Is that a laptop on the chair?,yes,http://images.cocodataset.org/train2014/COCO_train2014_000000131208.jpg,0,512,0.0,-0.11572265625,yes,0,,,,,,,,,,,,,,,,,,,,,,,,
595,yes/no,Is Cingular a sponsor of this field?,yes,http://images.cocodataset.org/train2014/COCO_train2014_000000284012.jpg,0,50,0.42592945186536896,-0.1337890625,yes,0,,,,,,,,,,,,,,,,,,,,,,,,
596,yes/no,Is this a conventional kitchen?,no,http://images.cocodataset.org/train2014/COCO_train2014_000000000138.jpg,0,512,0.0,-0.43359375,no,0,,,,,,,,,,,,,,,,,,,,,,,,
597,yes/no,Is the area lit?,yes,http://images.cocodataset.org/train2014/COCO_train2014_000000262283.jpg,0,32,0.3231202089297904,-0.142578125,yes,0,,,,,,,,,,,,,,,,,,,,,,,,
598,yes/no,Are the vases identical?,no,http://images.cocodataset.org/train2014/COCO_train2014_000000262283.jpg,0,512,0.0,-0.404296875,no,0,,,,,,,,,,,,,,,,,,,,,,,,
599,yes/no,Are these the normal size pieces of pizza?,yes,http://images.cocodataset.org/train2014/COCO_train2014_000000524428.jpg,0,512,0.0,-0.6640625,no,0,,,,,,,,,,,,,,,,,,,,,,,,
600,yes/no,Could you eat all of this pizza?,no,http://images.cocodataset.org/train2014/COCO_train2014_000000524428.jpg,0,512,0.0,-0.6640625,no,0,,,,,,,,,,,,,,,,,,,,,,,,
601,yes/no,Is there broccoli on a slice of pizza?,yes,http://images.cocodataset.org/train2014/COCO_train2014_000000524428.jpg,0,512,0.0,-0.1337890625,no,0,,,,,,,,,,,,,,,,,,,,,,,,
602,yes/no,Is there an animal that seems to stick out?,no,http://images.cocodataset.org/train2014/COCO_train2014_000000262285.jpg,1,119,0.5347258806565278,-0.48828125,yes,1,15.0,0.07272540059625615,0.9709505944546686,,,,,,,,,,,,,,,,,,,,,
603,yes/no,Is this in a zoo?,no,http://images.cocodataset.org/train2014/COCO_train2014_000000262285.jpg,0,512,0.0,-0.11572265625,no,0,,,,,,,,,,,,,,,,,,,,,,,,
604,yes/no,Is this in a desert?,yes,http://images.cocodataset.org/train2014/COCO_train2014_000000262285.jpg,0,512,0.0,-0.5078125,no,0,,,,,,,,,,,,,,,,,,,,,,,,
605,yes/no,Is this a banana toast?,yes,http://images.cocodataset.org/train2014/COCO_train2014_000000000142.jpg,0,45,0.371972190306809,-0.1376953125,yes,0,,,,,,,,,,,,,,,,,,,,,,,,
606,yes/no,Are the people playing a game?,no,http://images.cocodataset.org/train2014/COCO_train2014_000000131215.jpg,0,4,0.125,-0.52734375,no,0,,,,,,,,,,,,,,,,,,,,,,,,
607,yes/no,Is the TV turned on?,yes,http://images.cocodataset.org/train2014/COCO_train2014_000000131215.jpg,0,53,0.1355022282159415,-0.111328125,yes,0,,,,,,,,,,,,,,,,,,,,,,,,
608,yes/no,Is this person watching a movie?,yes,http://images.cocodataset.org/train2014/COCO_train2014_000000131215.jpg,0,512,0.0,-0.69921875,no,0,,,,,,,,,,,,,,,,,,,,,,,,
609,yes/no,Is one of the giraffes eating?,yes,http://images.cocodataset.org/train2014/COCO_train2014_000000000144.jpg,0,43,0.43549842387233895,-0.38671875,yes,0,,,,,,,,,,,,,,,,,,,,,,,,
610,yes/no,Is it daytime?,yes,http://images.cocodataset.org/train2014/COCO_train2014_000000393362.jpg,0,2,-0.0,-0.10693359375,yes,0,,,,,,,,,,,,,,,,,,,,,,,,
611,yes/no,Are the kickstands down?,yes,http://images.cocodataset.org/train2014/COCO_train2014_000000393362.jpg,4,130,0.5732180392196061,-0.314453125,yes,4,18.0,0.041772473463104476,1.0,37.0,0.041704603119045634,0.9992232235196634,18.0,0.04168749765549519,1.0,18.0,0.04158578911925773,0.0,,,,,,,,,,,,
612,yes/no,Do you see any motorcycle helmets?,yes,http://images.cocodataset.org/train2014/COCO_train2014_000000393362.jpg,0,4,0.125,-0.3515625,yes,0,,,,,,,,,,,,,,,,,,,,,,,,
613,yes/no,Is the kite high in the air?,yes,http://images.cocodataset.org/train2014/COCO_train2014_000000000149.jpg,0,112,0.49999999900885594,-0.2578125,yes,0,,,,,,,,,,,,,,,,,,,,,,,,
614,yes/no,Is the sky clear?,no,http://images.cocodataset.org/train2014/COCO_train2014_000000000149.jpg,0,512,0.0,-0.2080078125,no,0,,,,,,,,,,,,,,,,,,,,,,,,
615,yes/no,Are the people flying kites?,yes,http://images.cocodataset.org/train2014/COCO_train2014_000000000149.jpg,0,30,0.3406847728833994,-0.1376953125,yes,0,,,,,,,,,,,,,,,,,,,,,,,,
616,yes/no,Can you see any fish?,no,http://images.cocodataset.org/train2014/COCO_train2014_000000471373.jpg,0,512,0.0,-0.15625,no,0,,,,,,,,,,,,,,,,,,,,,,,,
617,yes/no,Is this man swimming?,no,http://images.cocodataset.org/train2014/COCO_train2014_000000471373.jpg,0,512,0.0,-0.3984375,no,0,,,,,,,,,,,,,,,,,,,,,,,,
618,yes/no,Is he turning?,no,http://images.cocodataset.org/train2014/COCO_train2014_000000471373.jpg,0,512,0.0,-0.58984375,no,0,,,,,,,,,,,,,,,,,,,,,,,,
619,yes/no,Does the man have short hair?,yes,http://images.cocodataset.org/train2014/COCO_train2014_000000471373.jpg,0,512,0.0,-0.1474609375,yes,0,,,,,,,,,,,,,,,,,,,,,,,,
620,yes/no,Is the bus featured in this picture typical?,no,http://images.cocodataset.org/train2014/COCO_train2014_000000131225.jpg,0,512,0.0,-0.2177734375,no,0,,,,,,,,,,,,,,,,,,,,,,,,
621,yes/no,Is this the latest make and model?,no,http://images.cocodataset.org/train2014/COCO_train2014_000000131225.jpg,0,4,0.125,-0.1611328125,no,0,,,,,,,,,,,,,,,,,,,,,,,,
622,yes/no,Are there any building in the area?,yes,http://images.cocodataset.org/train2014/COCO_train2014_000000131225.jpg,0,512,0.0,-0.251953125,yes,0,,,,,,,,,,,,,,,,,,,,,,,,
623,yes/no,Is there a fence in the background?,no,http://images.cocodataset.org/train2014/COCO_train2014_000000000154.jpg,0,512,0.0,-0.203125,no,0,,,,,,,,,,,,,,,,,,,,,,,,
624,yes/no,Is the zebra's tail up?,no,http://images.cocodataset.org/train2014/COCO_train2014_000000000154.jpg,0,512,0.0,-0.45703125,no,0,,,,,,,,,,,,,,,,,,,,,,,,
625,yes/no,Are they the same type of animal?,yes,http://images.cocodataset.org/train2014/COCO_train2014_000000000154.jpg,0,12,0.12499997275701416,-0.12451171875,yes,0,,,,,,,,,,,,,,,,,,,,,,,,
626,yes/no,Are all zebras facing the same way?,no,http://images.cocodataset.org/train2014/COCO_train2014_000000000154.jpg,0,512,0.0,-0.30859375,no,0,,,,,,,,,,,,,,,,,,,,,,,,
627,yes/no,Are the zebras running?,no,http://images.cocodataset.org/train2014/COCO_train2014_000000000154.jpg,0,512,0.0,-0.1650390625,no,0,,,,,,,,,,,,,,,,,,,,,,,,
628,yes/no,Is he going to fall?,no,http://images.cocodataset.org/train2014/COCO_train2014_000000262299.jpg,0,512,0.0,-0.26171875,no,0,,,,,,,,,,,,,,,,,,,,,,,,
629,yes/no,Are the traffic lights facing the same direction?,no,http://images.cocodataset.org/train2014/COCO_train2014_000000393242.jpg,0,512,0.0,-0.77734375,no,0,,,,,,,,,,,,,,,,,,,,,,,,
630,yes/no,Is this cake made with fondant?,no,http://images.cocodataset.org/train2014/COCO_train2014_000000393375.jpg,0,2,-0.0,-0.38671875,no,0,,,,,,,,,,,,,,,,,,,,,,,,
631,yes/no,Is there a fork on the plate?,no,http://images.cocodataset.org/train2014/COCO_train2014_000000262308.jpg,0,512,0.0,-0.111328125,no,0,,,,,,,,,,,,,,,,,,,,,,,,
632,yes/no,Is this black and white?,yes,http://images.cocodataset.org/train2014/COCO_train2014_000000262308.jpg,0,53,0.3664009293343139,-0.1025390625,yes,0,,,,,,,,,,,,,,,,,,,,,,,,
633,yes/no,Is a military person in the picture?,yes,http://images.cocodataset.org/train2014/COCO_train2014_000000000165.jpg,0,30,0.35091931191442927,-0.11572265625,yes,0,,,,,,,,,,,,,,,,,,,,,,,,
634,yes/no,Are they smiling?,yes,http://images.cocodataset.org/train2014/COCO_train2014_000000000165.jpg,0,64,0.3749999986928583,-0.1513671875,yes,0,,,,,,,,,,,,,,,,,,,,,,,,
635,yes/no,Is this an old building?,yes,http://images.cocodataset.org/train2014/COCO_train2014_000000415089.jpg,0,10,0.2902410118609203,-0.7734375,yes,0,,,,,,,,,,,,,,,,,,,,,,,,
636,yes/no,Is the room almost full?,no,http://images.cocodataset.org/train2014/COCO_train2014_000000415089.jpg,0,512,0.0,-0.283203125,no,0,,,,,,,,,,,,,,,,,,,,,,,,
637,yes/no,Are the people on a soft surface?,no,http://images.cocodataset.org/train2014/COCO_train2014_000000393384.jpg,0,512,0.0,-0.12451171875,no,0,,,,,,,,,,,,,,,,,,,,,,,,
638,yes/no,Has the grass been mowed recently?,no,http://images.cocodataset.org/train2014/COCO_train2014_000000393386.jpg,0,512,0.0,-0.169921875,no,0,,,,,,,,,,,,,,,,,,,,,,,,
639,yes/no,Is this scene in America?,no,http://images.cocodataset.org/train2014/COCO_train2014_000000131245.jpg,0,512,0.0,-0.12451171875,no,0,,,,,,,,,,,,,,,,,,,,,,,,
640,yes/no,Are all the laptops on?,yes,http://images.cocodataset.org/train2014/COCO_train2014_000000137918.jpg,0,16,0.2499999819612015,-0.1611328125,yes,0,,,,,,,,,,,,,,,,,,,,,,,,
641,yes/no,Is this a hotel room?,yes,http://images.cocodataset.org/train2014/COCO_train2014_000000393394.jpg,0,42,0.3856485914598908,-0.169921875,yes,0,,,,,,,,,,,,,,,,,,,,,,,,
642,yes/no,Is this a hotel?,yes,http://images.cocodataset.org/train2014/COCO_train2014_000000393394.jpg,0,50,0.4668188203043787,-0.1611328125,yes,0,,,,,,,,,,,,,,,,,,,,,,,,
643,yes/no,Is an elephant walking down the street?,yes,http://images.cocodataset.org/train2014/COCO_train2014_000000438196.jpg,0,38,0.056760405682653586,-0.10693359375,yes,0,,,,,,,,,,,,,,,,,,,,,,,,
644,yes/no,Is the guy in the yellow shirt wearing a tie?,yes,http://images.cocodataset.org/train2014/COCO_train2014_000000438196.jpg,0,512,0.0,-0.1337890625,no,0,,,,,,,,,,,,,,,,,,,,,,,,
645,yes/no,Is this a church?,yes,http://images.cocodataset.org/train2014/COCO_train2014_000000393396.jpg,0,0,0.997547695734692,-0.169921875,yes,0,,,,,,,,,,,,,,,,,,,,,,,,
646,yes/no,Is there snow in the picture?,yes,http://images.cocodataset.org/train2014/COCO_train2014_000000393396.jpg,0,512,0.0,-0.10693359375,yes,0,,,,,,,,,,,,,,,,,,,,,,,,
647,yes/no,Is there a clock on the church tower?,no,http://images.cocodataset.org/train2014/COCO_train2014_000000393396.jpg,0,512,0.0,-0.1337890625,no,0,,,,,,,,,,,,,,,,,,,,,,,,
648,yes/no,Is there a clock?,no,http://images.cocodataset.org/train2014/COCO_train2014_000000393396.jpg,0,512,0.0,-0.111328125,no,0,,,,,,,,,,,,,,,,,,,,,,,,
649,yes/no,Is this person wearing a backpack?,yes,http://images.cocodataset.org/train2014/COCO_train2014_000000524470.jpg,0,512,0.0,-0.1201171875,yes,0,,,,,,,,,,,,,,,,,,,,,,,,
650,yes/no,Is there a street light in the photo?,yes,http://images.cocodataset.org/train2014/COCO_train2014_000000524470.jpg,0,512,0.0,-0.38671875,yes,0,,,,,,,,,,,,,,,,,,,,,,,,
651,yes/no,Is the sun up?,no,http://images.cocodataset.org/train2014/COCO_train2014_000000524470.jpg,0,512,0.0,-0.298828125,no,0,,,,,,,,,,,,,,,,,,,,,,,,
652,yes/no,Is the oven on?,yes,http://images.cocodataset.org/train2014/COCO_train2014_000000524471.jpg,0,6,0.1981203125901445,-0.12890625,yes,0,,,,,,,,,,,,,,,,,,,,,,,,
653,yes/no,Is there a window in this scene?,yes,http://images.cocodataset.org/train2014/COCO_train2014_000000524471.jpg,0,6,0.1981203125901445,-0.1796875,yes,0,,,,,,,,,,,,,,,,,,,,,,,,
654,yes/no,Is this toast done?,no,http://images.cocodataset.org/train2014/COCO_train2014_000000524471.jpg,0,512,0.0,-0.302734375,no,0,,,,,,,,,,,,,,,,,,,,,,,,
655,yes/no,Is the microwave on?,no,http://images.cocodataset.org/train2014/COCO_train2014_000000524471.jpg,0,512,0.0,-0.34765625,no,0,,,,,,,,,,,,,,,,,,,,,,,,
656,yes/no,Is the toaster on?,yes,http://images.cocodataset.org/train2014/COCO_train2014_000000524471.jpg,0,22,0.3509193648538587,-0.12451171875,yes,0,,,,,,,,,,,,,,,,,,,,,,,,
657,yes/no,Is this a one way street?,yes,http://images.cocodataset.org/train2014/COCO_train2014_000000393403.jpg,1,125,0.5831520668623116,-0.416015625,yes,1,19.0,0.052634673753974646,0.9617367430790453,,,,,,,,,,,,,,,,,,,,,
658,yes/no,Are there people boarding the bus?,no,http://images.cocodataset.org/train2014/COCO_train2014_000000393403.jpg,0,512,0.0,-0.142578125,no,0,,,,,,,,,,,,,,,,,,,,,,,,
659,yes/no,Is there a hardware store in the area?,no,http://images.cocodataset.org/train2014/COCO_train2014_000000393403.jpg,0,512,0.0,-0.1796875,no,0,,,,,,,,,,,,,,,,,,,,,,,,
660,yes/no,Are the drying the animal with a blow dryer?,yes,http://images.cocodataset.org/train2014/COCO_train2014_000000524476.jpg,0,4,0.125,-0.203125,yes,0,,,,,,,,,,,,,,,,,,,,,,,,
661,yes/no,Is this a hotel?,no,http://images.cocodataset.org/train2014/COCO_train2014_000000283700.jpg,0,512,0.0,-0.53515625,no,0,,,,,,,,,,,,,,,,,,,,,,,,
662,yes/no,Can you see the man's shadow?,yes,http://images.cocodataset.org/train2014/COCO_train2014_000000262336.jpg,0,6,0.1981203125901445,-0.10693359375,yes,0,,,,,,,,,,,,,,,,,,,,,,,,
663,yes/no,Is this lacrosse?,no,http://images.cocodataset.org/train2014/COCO_train2014_000000262336.jpg,0,512,0.0,-0.111328125,no,0,,,,,,,,,,,,,,,,,,,,,,,,
664,yes/no,The color of the court is green?,no,http://images.cocodataset.org/train2014/COCO_train2014_000000262336.jpg,0,512,0.0,-0.169921875,no,0,,,,,,,,,,,,,,,,,,,,,,,,
665,yes/no,Is this pizza nutritious enough to eat for a full dinner?,yes,http://images.cocodataset.org/train2014/COCO_train2014_000000000194.jpg,0,4,0.125,-0.69140625,yes,0,,,,,,,,,,,,,,,,,,,,,,,,
666,yes/no,Are both beds made?,yes,http://images.cocodataset.org/train2014/COCO_train2014_000000257513.jpg,0,512,0.0,-0.392578125,yes,0,,,,,,,,,,,,,,,,,,,,,,,,
667,yes/no,Is there a ladder in the picture?,yes,http://images.cocodataset.org/train2014/COCO_train2014_000000257513.jpg,0,6,0.1981203125901445,-0.12451171875,yes,0,,,,,,,,,,,,,,,,,,,,,,,,
668,yes/no,Is this vehicle parked in a residential driveway?,yes,http://images.cocodataset.org/train2014/COCO_train2014_000000393412.jpg,1,87,0.5052403843121036,-0.48828125,yes,1,20.0,0.09331847988795267,0.9372305632161296,,,,,,,,,,,,,,,,,,,,,
669,yes/no,Is the color of the car very common for vehicles?,no,http://images.cocodataset.org/train2014/COCO_train2014_000000393412.jpg,0,4,0.125,-0.2275390625,no,0,,,,,,,,,,,,,,,,,,,,,,,,
670,yes/no,Are all the people looking at the same thing?,no,http://images.cocodataset.org/train2014/COCO_train2014_000000458785.jpg,0,8,0.25,-0.6171875,yes,0,,,,,,,,,,,,,,,,,,,,,,,,
671,yes/no,Do these ski boards have personality?,yes,http://images.cocodataset.org/train2014/COCO_train2014_000000000201.jpg,0,18,0.2660101607501931,-0.142578125,yes,0,,,,,,,,,,,,,,,,,,,,,,,,
672,yes/no,Is the woman wearing a dress?,no,http://images.cocodataset.org/train2014/COCO_train2014_000000131277.jpg,0,512,0.0,-0.10693359375,no,0,,,,,,,,,,,,,,,,,,,,,,,,
673,yes/no,Are they playing a game?,yes,http://images.cocodataset.org/train2014/COCO_train2014_000000131277.jpg,0,58,0.5135063720503146,-0.12890625,yes,0,,,,,,,,,,,,,,,,,,,,,,,,
674,yes/no,Will the bent person fall forward?,no,http://images.cocodataset.org/train2014/COCO_train2014_000000131277.jpg,0,512,0.0,-0.404296875,no,0,,,,,,,,,,,,,,,,,,,,,,,,
675,yes/no,Is there a man and a woman?,yes,http://images.cocodataset.org/train2014/COCO_train2014_000000131277.jpg,0,512,0.0,-0.1025390625,yes,0,,,,,,,,,,,,,,,,,,,,,,,,
676,yes/no,Is this photo to blurry?,no,http://images.cocodataset.org/train2014/COCO_train2014_000000131277.jpg,0,512,0.0,-0.15625,no,0,,,,,,,,,,,,,,,,,,,,,,,,
677,yes/no,Would you get a ticket if you disobeyed this sign?,yes,http://images.cocodataset.org/train2014/COCO_train2014_000000393422.jpg,0,20,0.31520507954291477,-0.15625,yes,0,,,,,,,,,,,,,,,,,,,,,,,,
678,yes/no,Is the red stop sign on a wooden pole?,no,http://images.cocodataset.org/train2014/COCO_train2014_000000393422.jpg,0,4,0.125,-0.53515625,yes,0,,,,,,,,,,,,,,,,,,,,,,,,
679,yes/no,Can you see the sun in the picture?,yes,http://images.cocodataset.org/train2014/COCO_train2014_000000393422.jpg,0,8,0.25,-0.12451171875,yes,0,,,,,,,,,,,,,,,,,,,,,,,,
680,yes/no,Are they twins?,no,http://images.cocodataset.org/train2014/COCO_train2014_000000131279.jpg,0,512,0.0,-0.36328125,no,0,,,,,,,,,,,,,,,,,,,,,,,,
681,yes/no,Is one of the children a boy?,yes,http://images.cocodataset.org/train2014/COCO_train2014_000000131279.jpg,0,8,0.25,-0.6171875,yes,0,,,,,,,,,,,,,,,,,,,,,,,,
682,yes/no,Are these teenagers?,no,http://images.cocodataset.org/train2014/COCO_train2014_000000131279.jpg,0,512,0.0,-0.10693359375,no,0,,,,,,,,,,,,,,,,,,,,,,,,
683,yes/no,Are both of the children smiling?,no,http://images.cocodataset.org/train2014/COCO_train2014_000000131279.jpg,0,512,0.0,-0.302734375,no,0,,,,,,,,,,,,,,,,,,,,,,,,
684,yes/no,Is this child wearing socks?,no,http://images.cocodataset.org/train2014/COCO_train2014_000000131279.jpg,0,512,0.0,-0.111328125,no,0,,,,,,,,,,,,,,,,,,,,,,,,
685,yes/no,Is the man's shirt a solid color?,no,http://images.cocodataset.org/train2014/COCO_train2014_000000448671.jpg,0,512,0.0,-0.1474609375,no,0,,,,,,,,,,,,,,,,,,,,,,,,
686,yes/no,Is this man tan?,yes,http://images.cocodataset.org/train2014/COCO_train2014_000000554301.jpg,0,44,0.5178291175065965,-0.1650390625,yes,0,,,,,,,,,,,,,,,,,,,,,,,,
687,yes/no,The tablecloths are white?,yes,http://images.cocodataset.org/train2014/COCO_train2014_000000262359.jpg,0,64,0.6094392078589094,-0.1337890625,yes,0,,,,,,,,,,,,,,,,,,,,,,,,
688,yes/no,Are the pictures colorful?,yes,http://images.cocodataset.org/train2014/COCO_train2014_000000262359.jpg,0,2,-0.0,-0.41015625,yes,0,,,,,,,,,,,,,,,,,,,,,,,,
689,yes/no,Do you a mirror in the background?,no,http://images.cocodataset.org/train2014/COCO_train2014_000000262359.jpg,0,512,0.0,-0.1982421875,no,0,,,,,,,,,,,,,,,,,,,,,,,,
690,yes/no,Is there food on the table?,no,http://images.cocodataset.org/train2014/COCO_train2014_000000262359.jpg,0,512,0.0,-0.1025390625,no,0,,,,,,,,,,,,,,,,,,,,,,,,
691,yes/no,Is there a pillow present in the picture?,yes,http://images.cocodataset.org/train2014/COCO_train2014_000000393432.jpg,0,2,-0.0,-0.0986328125,yes,0,,,,,,,,,,,,,,,,,,,,,,,,
692,yes/no,Is she wearing a bathing suit?,yes,http://images.cocodataset.org/train2014/COCO_train2014_000000000036.jpg,0,512,0.0,-0.27734375,yes,0,,,,,,,,,,,,,,,,,,,,,,,,
693,yes/no,Are they surrounded by trees?,yes,http://images.cocodataset.org/train2014/COCO_train2014_000000524508.jpg,0,12,0.3231203125901445,-0.1884765625,yes,0,,,,,,,,,,,,,,,,,,,,,,,,
694,yes/no,Is there a puddle of water on the dirt?,yes,http://images.cocodataset.org/train2014/COCO_train2014_000000524508.jpg,0,24,0.2499999995005527,-0.11572265625,yes,0,,,,,,,,,,,,,,,,,,,,,,,,
695,yes/no,Are these men on a boat?,no,http://images.cocodataset.org/train2014/COCO_train2014_000000474858.jpg,0,512,0.0,-0.111328125,no,0,,,,,,,,,,,,,,,,,,,,,,,,
696,yes/no,Are the boys happy?,yes,http://images.cocodataset.org/train2014/COCO_train2014_000000474858.jpg,0,512,0.0,-0.671875,no,0,,,,,,,,,,,,,,,,,,,,,,,,
697,yes/no,Is the man in the forefront trying to get signal on a cell phone?,no,http://images.cocodataset.org/train2014/COCO_train2014_000000474858.jpg,0,512,0.0,-0.15625,no,0,,,,,,,,,,,,,,,,,,,,,,,,
698,yes/no,Was this photo taken recently?,yes,http://images.cocodataset.org/train2014/COCO_train2014_000000474858.jpg,0,58,0.418304918083877,-0.2373046875,yes,0,,,,,,,,,,,,,,,,,,,,,,,,
699,yes/no,Is this  a beach?,yes,http://images.cocodataset.org/train2014/COCO_train2014_000000474858.jpg,2,118,0.5228265294138943,-0.11572265625,yes,2,20.0,0.060134700766899765,0.0,20.0,0.060134700766899765,0.0,,,,,,,,,,,,,,,,,,
700,yes/no,Is the guy making a performance?,no,http://images.cocodataset.org/train2014/COCO_train2014_000000474858.jpg,0,512,0.0,-0.142578125,no,0,,,,,,,,,,,,,,,,,,,,,,,,
701,yes/no,Is he doing a trick?,no,http://images.cocodataset.org/train2014/COCO_train2014_000000474858.jpg,0,512,0.0,-0.1025390625,no,0,,,,,,,,,,,,,,,,,,,,,,,,
702,yes/no,Is the man in the foreground barefooted?,yes,http://images.cocodataset.org/train2014/COCO_train2014_000000474858.jpg,0,512,0.0,-0.5546875,no,0,,,,,,,,,,,,,,,,,,,,,,,,
703,yes/no,Is this busy metropolis?,no,http://images.cocodataset.org/train2014/COCO_train2014_000000474858.jpg,0,512,0.0,-0.111328125,no,0,,,,,,,,,,,,,,,,,,,,,,,,
704,yes/no,What is the man on a skateboard?,no,http://images.cocodataset.org/train2014/COCO_train2014_000000474858.jpg,0,57,0.42614433405012575,-0.84765625,no,0,,,,,,,,,,,,,,,,,,,,,,,,
705,yes/no,Are there waves in the picture?,yes,http://images.cocodataset.org/train2014/COCO_train2014_000000474858.jpg,0,512,0.0,-0.10693359375,yes,0,,,,,,,,,,,,,,,,,,,,,,,,
706,yes/no,Did the man just steal the boy's kite?,no,http://images.cocodataset.org/train2014/COCO_train2014_000000393438.jpg,0,2,-0.0,-0.1376953125,no,0,,,,,,,,,,,,,,,,,,,,,,,,
707,yes/no,Is this a steam engine train?,yes,http://images.cocodataset.org/train2014/COCO_train2014_000000165859.jpg,0,28,0.32312026133231453,-0.1513671875,yes,0,,,,,,,,,,,,,,,,,,,,,,,,
708,yes/no,Are the umbrellas wet?,yes,http://images.cocodataset.org/train2014/COCO_train2014_000000393442.jpg,0,512,0.0,-0.2470703125,no,0,,,,,,,,,,,,,,,,,,,,,,,,
709,yes/no,Is there snow on the ground?,yes,http://images.cocodataset.org/train2014/COCO_train2014_000000131299.jpg,0,2,-0.0,-0.1201171875,yes,0,,,,,,,,,,,,,,,,,,,,,,,,
710,yes/no,Does this oven look new?,no,http://images.cocodataset.org/train2014/COCO_train2014_000000131300.jpg,0,512,0.0,-0.1376953125,no,0,,,,,,,,,,,,,,,,,,,,,,,,
711,yes/no,Does the oven have a digital buttons?,no,http://images.cocodataset.org/train2014/COCO_train2014_000000131300.jpg,0,512,0.0,-0.1474609375,no,0,,,,,,,,,,,,,,,,,,,,,,,,
712,yes/no,Is this oven greasy?,yes,http://images.cocodataset.org/train2014/COCO_train2014_000000131300.jpg,0,111,0.5209358853312488,-0.212890625,yes,0,,,,,,,,,,,,,,,,,,,,,,,,
713,yes/no,Is the pizza on a baking tray?,yes,http://images.cocodataset.org/train2014/COCO_train2014_000000131300.jpg,0,512,0.0,-0.38671875,no,0,,,,,,,,,,,,,,,,,,,,,,,,
714,yes/no,Do you like chocolate cake?,yes,http://images.cocodataset.org/train2014/COCO_train2014_000000393445.jpg,0,37,0.3877348531151729,-0.169921875,yes,0,,,,,,,,,,,,,,,,,,,,,,,,
715,yes/no,Are there any water glasses on the table?,yes,http://images.cocodataset.org/train2014/COCO_train2014_000000524518.jpg,0,30,0.35091936514037825,-0.2177734375,yes,0,,,,,,,,,,,,,,,,,,,,,,,,
716,yes/no,Are there tomatoes on the pizza?,yes,http://images.cocodataset.org/train2014/COCO_train2014_000000524518.jpg,0,2,0.9961679789233769,-0.1201171875,yes,0,,,,,,,,,,,,,,,,,,,,,,,,
717,yes/no,Are there any people in the picture?,no,http://images.cocodataset.org/train2014/COCO_train2014_000000524518.jpg,0,512,0.0,-0.609375,no,0,,,,,,,,,,,,,,,,,,,,,,,,
718,yes/no,Can they go?,no,http://images.cocodataset.org/train2014/COCO_train2014_000000524520.jpg,0,512,0.0,-0.142578125,no,0,,,,,,,,,,,,,,,,,,,,,,,,
719,yes/no,Are the cars parked?,no,http://images.cocodataset.org/train2014/COCO_train2014_000000524520.jpg,0,18,0.290240970032048,-0.298828125,yes,0,,,,,,,,,,,,,,,,,,,,,,,,
720,yes/no,Are all the players wearing black shirts?,no,http://images.cocodataset.org/train2014/COCO_train2014_000000524522.jpg,0,512,0.0,-0.2373046875,no,0,,,,,,,,,,,,,,,,,,,,,,,,
721,yes/no,Is one of the trains going through a tunnel?,yes,http://images.cocodataset.org/train2014/COCO_train2014_000000524525.jpg,0,166,0.5309909389735811,-0.169921875,yes,0,,,,,,,,,,,,,,,,,,,,,,,,
722,yes/no,Is the door open?,no,http://images.cocodataset.org/train2014/COCO_train2014_000000131312.jpg,0,512,0.0,-0.482421875,no,0,,,,,,,,,,,,,,,,,,,,,,,,
723,yes/no,Is the man on TV wearing a tie?,yes,http://images.cocodataset.org/train2014/COCO_train2014_000000131312.jpg,0,512,0.0,-0.451171875,no,0,,,,,,,,,,,,,,,,,,,,,,,,
724,yes/no,Is everyone wearing glasses?,no,http://images.cocodataset.org/train2014/COCO_train2014_000000131315.jpg,0,512,0.0,-0.2080078125,no,0,,,,,,,,,,,,,,,,,,,,,,,,
725,yes/no,Are both people of the same ethnic background?,no,http://images.cocodataset.org/train2014/COCO_train2014_000000131315.jpg,0,512,0.0,-0.11572265625,no,0,,,,,,,,,,,,,,,,,,,,,,,,
726,yes/no,The man is wearing a helmet?,yes,http://images.cocodataset.org/train2014/COCO_train2014_000000262389.jpg,0,12,0.5211299978813391,-0.111328125,yes,0,,,,,,,,,,,,,,,,,,,,,,,,
727,yes/no,Is this a government official's plane?,yes,http://images.cocodataset.org/train2014/COCO_train2014_000000000247.jpg,0,512,0.0,-0.4453125,no,0,,,,,,,,,,,,,,,,,,,,,,,,
728,yes/no,Are the kids sitting?,no,http://images.cocodataset.org/train2014/COCO_train2014_000000393464.jpg,0,512,0.0,-0.111328125,no,0,,,,,,,,,,,,,,,,,,,,,,,,
729,yes/no,Are these children playing a game?,yes,http://images.cocodataset.org/train2014/COCO_train2014_000000393464.jpg,0,2,-0.0,-0.18359375,yes,0,,,,,,,,,,,,,,,,,,,,,,,,
730,yes/no,The zebras are in a field?,no,http://images.cocodataset.org/train2014/COCO_train2014_000000262393.jpg,0,512,0.0,-0.287109375,no,0,,,,,,,,,,,,,,,,,,,,,,,,
731,yes/no,Have you ever been to this intersection?,no,http://images.cocodataset.org/train2014/COCO_train2014_000000000250.jpg,0,6,0.1981203125901445,-0.203125,no,0,,,,,,,,,,,,,,,,,,,,,,,,
732,yes/no,Are some of the trees dead?,yes,http://images.cocodataset.org/train2014/COCO_train2014_000000131323.jpg,0,16,0.24024101186092028,-0.392578125,yes,0,,,,,,,,,,,,,,,,,,,,,,,,
733,yes/no,Are the rocks for the giraffe to sit on?,no,http://images.cocodataset.org/train2014/COCO_train2014_000000131323.jpg,0,512,0.0,-0.29296875,no,0,,,,,,,,,,,,,,,,,,,,,,,,
734,yes/no,Does someone have a green thumb?,yes,http://images.cocodataset.org/train2014/COCO_train2014_000000131330.jpg,1,43,0.4134724091144965,-0.267578125,yes,1,15.0,0.17101283800171255,0.7835807040488099,,,,,,,,,,,,,,,,,,,,,
735,yes/no,Is the seedling a hybrid?,yes,http://images.cocodataset.org/train2014/COCO_train2014_000000131330.jpg,1,60,0.4637338407256041,-0.203125,yes,1,15.0,0.1333333566619852,0.7835807040488099,,,,,,,,,,,,,,,,,,,,,
736,yes/no,Is there a tent in the snow?,yes,http://images.cocodataset.org/train2014/COCO_train2014_000000524547.jpg,0,512,0.0,-0.111328125,yes,0,,,,,,,,,,,,,,,,,,,,,,,,
737,yes/no,Is this terminal safe at night?,yes,http://images.cocodataset.org/train2014/COCO_train2014_000000000260.jpg,0,28,0.3556688670778046,-0.193359375,yes,0,,,,,,,,,,,,,,,,,,,,,,,,
738,yes/no,Is the woman by herself?,yes,http://images.cocodataset.org/train2014/COCO_train2014_000000000260.jpg,0,512,0.0,-0.1337890625,yes,0,,,,,,,,,,,,,,,,,,,,,,,,
739,yes/no,Is it a clear day?,yes,http://images.cocodataset.org/train2014/COCO_train2014_000000524551.jpg,0,31,0.19835966161137913,-0.10693359375,yes,0,,,,,,,,,,,,,,,,,,,,,,,,
740,yes/no,Is this person prone on his back or on his knees?,no,http://images.cocodataset.org/train2014/COCO_train2014_000000393480.jpg,2,141,0.5995621367369451,-0.43359375,kne,2,15.0,0.0381792463310491,0.9654013672997089,16.0,0.04559164666438967,1.0,,,,,,,,,,,,,,,,,,
741,yes/no,Is the skier on the ground?,yes,http://images.cocodataset.org/train2014/COCO_train2014_000000393480.jpg,0,512,0.0,-0.193359375,yes,0,,,,,,,,,,,,,,,,,,,,,,,,
742,yes/no,Is the subject of the photo facing downhill?,yes,http://images.cocodataset.org/train2014/COCO_train2014_000000393480.jpg,0,512,0.0,-0.5625,no,0,,,,,,,,,,,,,,,,,,,,,,,,
743,yes/no,Is this man attached to his surfboard?,yes,http://images.cocodataset.org/train2014/COCO_train2014_000000131339.jpg,0,512,0.0,-0.6640625,no,0,,,,,,,,,,,,,,,,,,,,,,,,
744,yes/no,Is this man riding a surfboard?,yes,http://images.cocodataset.org/train2014/COCO_train2014_000000131339.jpg,0,512,0.0,-0.10693359375,yes,0,,,,,,,,,,,,,,,,,,,,,,,,
745,yes/no,Is he wearing the right type of suit?,yes,http://images.cocodataset.org/train2014/COCO_train2014_000000131339.jpg,0,512,0.0,-0.68359375,no,0,,,,,,,,,,,,,,,,,,,,,,,,
746,yes/no,Is the man riding a white board?,no,http://images.cocodataset.org/train2014/COCO_train2014_000000131339.jpg,0,512,0.0,-0.15625,no,0,,,,,,,,,,,,,,,,,,,,,,,,
747,yes/no,Is the woman surfing?,yes,http://images.cocodataset.org/train2014/COCO_train2014_000000131339.jpg,0,2,-0.0,-0.1513671875,yes,0,,,,,,,,,,,,,,,,,,,,,,,,
748,yes/no,Is the boy in the middle being attacked?,no,http://images.cocodataset.org/train2014/COCO_train2014_000000524557.jpg,0,512,0.0,-0.427734375,no,0,,,,,,,,,,,,,,,,,,,,,,,,
749,yes/no,Does the boy have his head stuck in the net?,no,http://images.cocodataset.org/train2014/COCO_train2014_000000524557.jpg,0,512,0.0,-0.251953125,no,0,,,,,,,,,,,,,,,,,,,,,,,,
750,yes/no,Does the guy on the right look happy?,yes,http://images.cocodataset.org/train2014/COCO_train2014_000000131342.jpg,0,512,0.0,-0.0986328125,yes,0,,,,,,,,,,,,,,,,,,,,,,,,
751,yes/no,Are there multiple vegetables on the plate?,yes,http://images.cocodataset.org/train2014/COCO_train2014_000000393488.jpg,0,24,0.23978917973599082,-0.11572265625,yes,0,,,,,,,,,,,,,,,,,,,,,,,,
752,yes/no,Is there meat on the plate?,yes,http://images.cocodataset.org/train2014/COCO_train2014_000000393488.jpg,0,82,0.46254987966268685,-0.2470703125,yes,0,,,,,,,,,,,,,,,,,,,,,,,,
753,yes/no,Is this a brand new phone?,no,http://images.cocodataset.org/train2014/COCO_train2014_000000393489.jpg,0,19,0.21106580613995374,-0.7734375,yes,0,,,,,,,,,,,,,,,,,,,,,,,,
754,yes/no,Does this phone fold closed?,no,http://images.cocodataset.org/train2014/COCO_train2014_000000393489.jpg,0,4,0.125,-0.54296875,no,0,,,,,,,,,,,,,,,,,,,,,,,,
755,yes/no,Is the phone broken?,no,http://images.cocodataset.org/train2014/COCO_train2014_000000393489.jpg,0,60,0.5418400727386289,-0.75390625,yes,0,,,,,,,,,,,,,,,,,,,,,,,,
756,yes/no,Is the phone light on?,no,http://images.cocodataset.org/train2014/COCO_train2014_000000393489.jpg,0,4,0.125,-0.2470703125,no,0,,,,,,,,,,,,,,,,,,,,,,,,
757,yes/no,Is the display on?,no,http://images.cocodataset.org/train2014/COCO_train2014_000000393489.jpg,0,32,0.36521982180205603,-0.212890625,no,0,,,,,,,,,,,,,,,,,,,,,,,,
758,yes/no,Is the person using skype?,no,http://images.cocodataset.org/train2014/COCO_train2014_000000393489.jpg,0,26,0.3901832602044026,-0.283203125,no,0,,,,,,,,,,,,,,,,,,,,,,,,
759,yes/no,Is the phone on?,no,http://images.cocodataset.org/train2014/COCO_train2014_000000393489.jpg,0,42,0.5073476153894743,-0.34765625,no,0,,,,,,,,,,,,,,,,,,,,,,,,
760,yes/no,Is the background clear?,yes,http://images.cocodataset.org/train2014/COCO_train2014_000000393489.jpg,0,2,-0.0,-0.4453125,no,0,,,,,,,,,,,,,,,,,,,,,,,,
761,yes/no,Is this an inside stadium?,yes,http://images.cocodataset.org/train2014/COCO_train2014_000000336077.jpg,0,512,0.0,-0.59765625,no,0,,,,,,,,,,,,,,,,,,,,,,,,
762,yes/no,Is the stadium crowded?,yes,http://images.cocodataset.org/train2014/COCO_train2014_000000336077.jpg,0,16,0.24024101186092028,-0.169921875,yes,0,,,,,,,,,,,,,,,,,,,,,,,,
763,yes/no,Is the stadium full?,yes,http://images.cocodataset.org/train2014/COCO_train2014_000000336077.jpg,2,68,0.5654450335927801,-0.298828125,yes,2,15.0,0.043499211303652405,0.0,22.0,0.04356310601481893,0.8508642289005679,,,,,,,,,,,,,,,,,,
764,yes/no,Is there a baseball player holding a bat?,yes,http://images.cocodataset.org/train2014/COCO_train2014_000000336077.jpg,0,4,0.125,-0.15625,yes,0,,,,,,,,,,,,,,,,,,,,,,,,
765,yes/no,Is this bathroom all white?,no,http://images.cocodataset.org/train2014/COCO_train2014_000000546179.jpg,0,26,0.39024037800847455,-0.451171875,yes,0,,,,,,,,,,,,,,,,,,,,,,,,
766,yes/no,Has the bathroom been renovated recently?,no,http://images.cocodataset.org/train2014/COCO_train2014_000000546179.jpg,0,512,0.0,-0.81640625,no,0,,,,,,,,,,,,,,,,,,,,,,,,
767,yes/no,Are there towels on the ground?,no,http://images.cocodataset.org/train2014/COCO_train2014_000000546179.jpg,0,512,0.0,-0.203125,no,0,,,,,,,,,,,,,,,,,,,,,,,,
768,yes/no,Does this look clean?,yes,http://images.cocodataset.org/train2014/COCO_train2014_000000546179.jpg,0,52,0.36866426039865785,-0.1201171875,yes,0,,,,,,,,,,,,,,,,,,,,,,,,
769,yes/no,Is the shower curtain open?,no,http://images.cocodataset.org/train2014/COCO_train2014_000000546179.jpg,0,512,0.0,-0.41015625,no,0,,,,,,,,,,,,,,,,,,,,,,,,
770,yes/no,Does this bike have training wheels?,yes,http://images.cocodataset.org/train2014/COCO_train2014_000000393493.jpg,0,38,0.4324289501338801,-0.1376953125,yes,0,,,,,,,,,,,,,,,,,,,,,,,,
771,yes/no,Is the picnic table red?,yes,http://images.cocodataset.org/train2014/COCO_train2014_000000393493.jpg,0,12,0.006500191341928401,-0.1201171875,yes,0,,,,,,,,,,,,,,,,,,,,,,,,
772,yes/no,Is this a clean room?,no,http://images.cocodataset.org/train2014/COCO_train2014_000000131351.jpg,0,512,0.0,-0.70703125,no,0,,,,,,,,,,,,,,,,,,,,,,,,
773,yes/no,Is this bathroom clean?,yes,http://images.cocodataset.org/train2014/COCO_train2014_000000131351.jpg,0,512,0.0,-0.8046875,no,0,,,,,,,,,,,,,,,,,,,,,,,,
774,yes/no,Is the room clean?,no,http://images.cocodataset.org/train2014/COCO_train2014_000000131351.jpg,0,2,-0.0,-0.7421875,yes,0,,,,,,,,,,,,,,,,,,,,,,,,
775,yes/no,Is there a mirror in the bathroom?,no,http://images.cocodataset.org/train2014/COCO_train2014_000000131351.jpg,0,512,0.0,-0.11572265625,no,0,,,,,,,,,,,,,,,,,,,,,,,,
776,yes/no,Is there a green plant in this room?,no,http://images.cocodataset.org/train2014/COCO_train2014_000000131351.jpg,0,512,0.0,-0.1884765625,no,0,,,,,,,,,,,,,,,,,,,,,,,,
777,yes/no,Is this room clean?,no,http://images.cocodataset.org/train2014/COCO_train2014_000000131351.jpg,0,512,0.0,-0.625,no,0,,,,,,,,,,,,,,,,,,,,,,,,
778,yes/no,Is the cat trying to catch a bird?,no,http://images.cocodataset.org/train2014/COCO_train2014_000000524572.jpg,0,512,0.0,-0.1376953125,no,0,,,,,,,,,,,,,,,,,,,,,,,,
779,yes/no,Is the writing in French?,no,http://images.cocodataset.org/train2014/COCO_train2014_000000393503.jpg,0,512,0.0,-0.1748046875,no,0,,,,,,,,,,,,,,,,,,,,,,,,
780,yes/no,Is this a traveling circus?,no,http://images.cocodataset.org/train2014/COCO_train2014_000000393503.jpg,0,512,0.0,-0.7109375,no,0,,,,,,,,,,,,,,,,,,,,,,,,
781,yes/no,Are there long lenses?,yes,http://images.cocodataset.org/train2014/COCO_train2014_000000414639.jpg,0,512,0.0,-0.75390625,no,0,,,,,,,,,,,,,,,,,,,,,,,,
782,yes/no,Is everyone wearing long sleeves?,yes,http://images.cocodataset.org/train2014/COCO_train2014_000000131366.jpg,0,80,0.49999968950709406,-0.6171875,yes,0,,,,,,,,,,,,,,,,,,,,,,,,
783,yes/no,Are the woman wearing short dresses?,yes,http://images.cocodataset.org/train2014/COCO_train2014_000000131366.jpg,0,8,0.25,-0.462890625,yes,0,,,,,,,,,,,,,,,,,,,,,,,,
784,yes/no,Is the lady smiling?,yes,http://images.cocodataset.org/train2014/COCO_train2014_000000131366.jpg,8,154,0.636675981804583,-0.111328125,yes,8,19.0,0.02938393693577579,0.9980008838722996,27.0,0.02939891990010751,1.0,28.0,0.02937200522356992,0.9988520869152713,20.0,0.02943450444039534,0.0,19.0,0.029387346467889687,31.0,0.027510168482508687,28.0,0.029397877165469082,21.0,0.026626817817881104,0.9980008838722996,0.745152435826055,0.9988520869152713,0.8559631658263386
785,yes/no,Do they play for Red Sox?,no,http://images.cocodataset.org/train2014/COCO_train2014_000000131366.jpg,0,512,0.0,-0.1376953125,no,0,,,,,,,,,,,,,,,,,,,,,,,,
786,yes/no,Is this a mixed race group?,no,http://images.cocodataset.org/train2014/COCO_train2014_000000131366.jpg,0,512,0.0,-0.1650390625,no,0,,,,,,,,,,,,,,,,,,,,,,,,
787,yes/no,Are these people getting reading to go play sports?,yes,http://images.cocodataset.org/train2014/COCO_train2014_000000131366.jpg,0,48,0.3968903918891826,-0.2470703125,yes,0,,,,,,,,,,,,,,,,,,,,,,,,
788,yes/no,Is there any females?,yes,http://images.cocodataset.org/train2014/COCO_train2014_000000131366.jpg,0,4,0.125,-0.111328125,yes,0,,,,,,,,,,,,,,,,,,,,,,,,
789,yes/no,Is this a shop?,no,http://images.cocodataset.org/train2014/COCO_train2014_000000131366.jpg,0,512,0.0,-0.1025390625,no,0,,,,,,,,,,,,,,,,,,,,,,,,
790,yes/no,Are they happy?,yes,http://images.cocodataset.org/train2014/COCO_train2014_000000131366.jpg,0,4,0.125,-0.111328125,yes,0,,,,,,,,,,,,,,,,,,,,,,,,
791,yes/no,Are the trying to fix the train?,yes,http://images.cocodataset.org/train2014/COCO_train2014_000000497565.jpg,0,24,0.3749999994758085,-0.2177734375,yes,0,,,,,,,,,,,,,,,,,,,,,,,,
792,yes/no,Is the train black?,yes,http://images.cocodataset.org/train2014/COCO_train2014_000000497565.jpg,0,12,0.1249999604202677,-0.1376953125,yes,0,,,,,,,,,,,,,,,,,,,,,,,,
793,yes/no,Is this an evening scene?,yes,http://images.cocodataset.org/train2014/COCO_train2014_000000101431.jpg,0,28,0.3125,-0.1337890625,yes,0,,,,,,,,,,,,,,,,,,,,,,,,
794,yes/no,Is this a desert scene?,yes,http://images.cocodataset.org/train2014/COCO_train2014_000000101431.jpg,0,512,0.0,-0.427734375,no,0,,,,,,,,,,,,,,,,,,,,,,,,
795,yes/no,Is this a city street?,yes,http://images.cocodataset.org/train2014/COCO_train2014_000000262442.jpg,0,14,0.3509193652572005,-0.15625,yes,0,,,,,,,,,,,,,,,,,,,,,,,,
796,yes/no,Is she wearing a bonnet?,yes,http://images.cocodataset.org/train2014/COCO_train2014_000000021895.jpg,0,512,0.0,-0.314453125,no,0,,,,,,,,,,,,,,,,,,,,,,,,
797,yes/no,Was the woman's collar treated with starch?,yes,http://images.cocodataset.org/train2014/COCO_train2014_000000021895.jpg,0,70,0.4797409320645627,-0.341796875,yes,0,,,,,,,,,,,,,,,,,,,,,,,,
798,yes/no,Is it going to storm?,no,http://images.cocodataset.org/train2014/COCO_train2014_000000131373.jpg,0,512,0.0,-0.142578125,no,0,,,,,,,,,,,,,,,,,,,,,,,,
799,yes/no,Does this room have a low ceiling?,no,http://images.cocodataset.org/train2014/COCO_train2014_000000109277.jpg,0,512,0.0,-0.1796875,no,0,,,,,,,,,,,,,,,,,,,,,,,,
800,yes/no,Is a person wearing a hooded sweatshirt?,no,http://images.cocodataset.org/train2014/COCO_train2014_000000131376.jpg,0,512,0.0,-0.111328125,no,0,,,,,,,,,,,,,,,,,,,,,,,,
801,yes/no,Is he wearing a helmet?,no,http://images.cocodataset.org/train2014/COCO_train2014_000000131376.jpg,0,512,0.0,-0.12451171875,no,0,,,,,,,,,,,,,,,,,,,,,,,,
802,counting,How many tattoos can be seen on this man's body?,1,http://images.cocodataset.org/train2014/COCO_train2014_000000393227.jpg,0,512,0.0,-0.5,1,0,,,,,,,,,,,,,,,,,,,,,,,,
803,counting,How many pieces of furniture which are used for sleeping are featured in this picture?,2,http://images.cocodataset.org/train2014/COCO_train2014_000000131074.jpg,0,21,0.30436992700523047,-0.32421875,two,0,,,,,,,,,,,,,,,,,,,,,,,,
804,counting,How many people are in this image?,1,http://images.cocodataset.org/train2014/COCO_train2014_000000393230.jpg,0,512,0.0,-0.11572265625,1,0,,,,,,,,,,,,,,,,,,,,,,,,
805,counting,How many sheeps are this?,3,http://images.cocodataset.org/train2014/COCO_train2014_000000131093.jpg,0,512,0.0,-0.30859375,3,0,,,,,,,,,,,,,,,,,,,,,,,,
806,counting,How many giraffes are there?,2,http://images.cocodataset.org/train2014/COCO_train2014_000000000025.jpg,0,512,0.0,-0.1611328125,2,0,,,,,,,,,,,,,,,,,,,,,,,,
807,counting,How many animals are in this photo?,2,http://images.cocodataset.org/train2014/COCO_train2014_000000000025.jpg,0,512,0.0,-0.1513671875,2,0,,,,,,,,,,,,,,,,,,,,,,,,
808,counting,How many people are on the boat?,5,http://images.cocodataset.org/train2014/COCO_train2014_000000262171.jpg,0,512,0.0,-0.9296875,6,0,,,,,,,,,,,,,,,,,,,,,,,,
809,counting,How many people are wearing shorts in the forefront of this photo?,4,http://images.cocodataset.org/train2014/COCO_train2014_000000524325.jpg,0,512,0.0,-2.03125,5,0,,,,,,,,,,,,,,,,,,,,,,,,
810,counting,How many planes are in the picture?,2,http://images.cocodataset.org/train2014/COCO_train2014_000000131118.jpg,0,512,0.0,-0.169921875,2,0,,,,,,,,,,,,,,,,,,,,,,,,
811,counting,How many trees are in this photo?,3,http://images.cocodataset.org/train2014/COCO_train2014_000000524338.jpg,0,512,0.0,-1.4453125,3,0,,,,,,,,,,,,,,,,,,,,,,,,
812,counting,How many flowers are painted on the vase?,3,http://images.cocodataset.org/train2014/COCO_train2014_000000131128.jpg,0,22,0.19024101186092027,-0.83203125,3,0,,,,,,,,,,,,,,,,,,,,,,,,
813,counting,How many elephants are in the water?,2,http://images.cocodataset.org/train2014/COCO_train2014_000000370986.jpg,0,512,0.0,-0.921875,2,0,,,,,,,,,,,,,,,,,,,,,,,,
814,counting,How many tails can you see in this picture?,3,http://images.cocodataset.org/train2014/COCO_train2014_000000370986.jpg,0,512,0.0,-0.890625,3,0,,,,,,,,,,,,,,,,,,,,,,,,
815,counting,How many tusks are visible?,2,http://images.cocodataset.org/train2014/COCO_train2014_000000262204.jpg,0,512,0.0,-0.369140625,2,0,,,,,,,,,,,,,,,,,,,,,,,,
816,counting,How many trees on the table?,3,http://images.cocodataset.org/train2014/COCO_train2014_000000458763.jpg,0,512,0.0,-0.1982421875,3,0,,,,,,,,,,,,,,,,,,,,,,,,
817,counting,How many horns are in the picture?,0,http://images.cocodataset.org/train2014/COCO_train2014_000000458763.jpg,0,512,0.0,-0.6953125,0,0,,,,,,,,,,,,,,,,,,,,,,,,
818,counting,How many Giraffes are in this image?,2,http://images.cocodataset.org/train2014/COCO_train2014_000000000072.jpg,0,512,0.0,-0.1474609375,2,0,,,,,,,,,,,,,,,,,,,,,,,,
819,counting,How many stairs are there?,6,http://images.cocodataset.org/train2014/COCO_train2014_000000393290.jpg,0,512,0.0,-0.6640625,6,0,,,,,,,,,,,,,,,,,,,,,,,,
820,counting,How many windows are there?,3,http://images.cocodataset.org/train2014/COCO_train2014_000000393291.jpg,0,512,0.0,-0.36328125,2,0,,,,,,,,,,,,,,,,,,,,,,,,
821,counting,How many birds are in the sink?,2,http://images.cocodataset.org/train2014/COCO_train2014_000000393292.jpg,0,512,0.0,-0.1796875,2,0,,,,,,,,,,,,,,,,,,,,,,,,
822,counting,How many tennis players are in the photo?,1,http://images.cocodataset.org/train2014/COCO_train2014_000000262221.jpg,0,512,0.0,-0.2470703125,1,0,,,,,,,,,,,,,,,,,,,,,,,,
823,counting,How many black sheep are there?,10,http://images.cocodataset.org/train2014/COCO_train2014_000000524375.jpg,0,512,0.0,-1.8671875,2,0,,,,,,,,,,,,,,,,,,,,,,,,
824,counting,How many lunches is this?,1,http://images.cocodataset.org/train2014/COCO_train2014_000000524377.jpg,0,512,0.0,-0.232421875,1,0,,,,,,,,,,,,,,,,,,,,,,,,
825,counting,How many hot dogs are shown?,1,http://images.cocodataset.org/train2014/COCO_train2014_000000524377.jpg,0,512,0.0,-0.111328125,1,0,,,,,,,,,,,,,,,,,,,,,,,,
826,counting,How many pickle spears are there?,0,http://images.cocodataset.org/train2014/COCO_train2014_000000524377.jpg,0,512,0.0,-0.1474609375,0,0,,,,,,,,,,,,,,,,,,,,,,,,
827,counting,How many people are eating this hotdog?,1,http://images.cocodataset.org/train2014/COCO_train2014_000000524377.jpg,0,512,0.0,-0.302734375,1,0,,,,,,,,,,,,,,,,,,,,,,,,
828,counting,How many sauces are there?,1,http://images.cocodataset.org/train2014/COCO_train2014_000000524377.jpg,0,512,0.0,-0.203125,1,0,,,,,,,,,,,,,,,,,,,,,,,,
829,counting,How many kinds of meat products are here?,1,http://images.cocodataset.org/train2014/COCO_train2014_000000524377.jpg,0,512,0.0,-0.83203125,2,0,,,,,,,,,,,,,,,,,,,,,,,,
830,counting,How many rolls of toilet paper are on the toilet tank?,2,http://images.cocodataset.org/train2014/COCO_train2014_000000262159.jpg,0,512,0.0,-0.18359375,2,0,,,,,,,,,,,,,,,,,,,,,,,,
831,counting,How many layers are in this cake?,7,http://images.cocodataset.org/train2014/COCO_train2014_000000000092.jpg,0,512,0.0,-1.859375,9,0,,,,,,,,,,,,,,,,,,,,,,,,
832,counting,How many people can eat this cake?,1,http://images.cocodataset.org/train2014/COCO_train2014_000000000092.jpg,0,512,0.0,-0.439453125,1,0,,,,,,,,,,,,,,,,,,,,,,,,
833,counting,How many vehicles are shown?,2,http://images.cocodataset.org/train2014/COCO_train2014_000000000094.jpg,0,512,0.0,-0.1650390625,2,0,,,,,,,,,,,,,,,,,,,,,,,,
834,counting,How many lamps are there?,2,http://images.cocodataset.org/train2014/COCO_train2014_000000524386.jpg,0,512,0.0,-0.193359375,2,0,,,,,,,,,,,,,,,,,,,,,,,,
835,counting,How many lamps are in the room?,2,http://images.cocodataset.org/train2014/COCO_train2014_000000524386.jpg,0,512,0.0,-0.1884765625,2,0,,,,,,,,,,,,,,,,,,,,,,,,
836,counting,How many pictures on the wall?,4,http://images.cocodataset.org/train2014/COCO_train2014_000000524386.jpg,0,512,0.0,-0.2216796875,4,0,,,,,,,,,,,,,,,,,,,,,,,,
837,counting,How many TVs are on?,1,http://images.cocodataset.org/train2014/COCO_train2014_000000524386.jpg,0,512,0.0,-0.11572265625,1,0,,,,,,,,,,,,,,,,,,,,,,,,
838,counting,How many pictures are on the wall?,4,http://images.cocodataset.org/train2014/COCO_train2014_000000524386.jpg,0,512,0.0,-0.2578125,4,0,,,,,,,,,,,,,,,,,,,,,,,,
839,counting,How many men in the picture are wearing sunglasses?,1,http://images.cocodataset.org/train2014/COCO_train2014_000000131172.jpg,0,512,0.0,-0.640625,1,0,,,,,,,,,,,,,,,,,,,,,,,,
840,counting,How many people can be seen?,2,http://images.cocodataset.org/train2014/COCO_train2014_000000393317.jpg,0,512,0.0,-0.30859375,2,0,,,,,,,,,,,,,,,,,,,,,,,,
841,counting,How many green lights are there?,1,http://images.cocodataset.org/train2014/COCO_train2014_000000393317.jpg,0,512,0.0,-0.76171875,0,0,,,,,,,,,,,,,,,,,,,,,,,,
842,counting,How many lights does the plane have?,5,http://images.cocodataset.org/train2014/COCO_train2014_000000131174.jpg,0,512,0.0,-1.3203125,4,0,,,,,,,,,,,,,,,,,,,,,,,,
843,counting,How many planes are in this photo?,1,http://images.cocodataset.org/train2014/COCO_train2014_000000131174.jpg,0,512,0.0,-0.1337890625,1,0,,,,,,,,,,,,,,,,,,,,,,,,
844,counting,How many people are standing in this image?,3,http://images.cocodataset.org/train2014/COCO_train2014_000000546151.jpg,0,512,0.0,-1.0,2,0,,,,,,,,,,,,,,,,,,,,,,,,
845,counting,How many poles is the person holding?,2,http://images.cocodataset.org/train2014/COCO_train2014_000000021826.jpg,0,512,0.0,-0.12890625,2,0,,,,,,,,,,,,,,,,,,,,,,,,
846,counting,How many bodies of water are in this scene?,1,http://images.cocodataset.org/train2014/COCO_train2014_000000000109.jpg,0,512,0.0,-0.212890625,1,0,,,,,,,,,,,,,,,,,,,,,,,,
847,counting,How many light post is there?,4,http://images.cocodataset.org/train2014/COCO_train2014_000000000109.jpg,0,512,0.0,-1.8046875,5,0,,,,,,,,,,,,,,,,,,,,,,,,
848,counting,How many people are in the picture?,3,http://images.cocodataset.org/train2014/COCO_train2014_000000000113.jpg,0,512,0.0,-0.1650390625,3,0,,,,,,,,,,,,,,,,,,,,,,,,
849,counting,How many pigeons are there?,6,http://images.cocodataset.org/train2014/COCO_train2014_000000262260.jpg,0,512,0.0,-1.375,6,0,,,,,,,,,,,,,,,,,,,,,,,,
850,counting,How many bells are there?,1,http://images.cocodataset.org/train2014/COCO_train2014_000000131190.jpg,0,512,0.0,-0.2080078125,1,0,,,,,,,,,,,,,,,,,,,,,,,,
851,counting,How many clock faces does this building have?,1,http://images.cocodataset.org/train2014/COCO_train2014_000000131190.jpg,0,512,0.0,-0.65625,2,0,,,,,,,,,,,,,,,,,,,,,,,,
852,counting,How many flags are by the building's entrance?,0,http://images.cocodataset.org/train2014/COCO_train2014_000000131190.jpg,0,512,0.0,-0.5703125,1,0,,,,,,,,,,,,,,,,,,,,,,,,
853,counting,How many windows are shown?,5,http://images.cocodataset.org/train2014/COCO_train2014_000000131190.jpg,0,512,0.0,-1.7578125,5,0,,,,,,,,,,,,,,,,,,,,,,,,
854,counting,How many windows are pictured?,4,http://images.cocodataset.org/train2014/COCO_train2014_000000131190.jpg,0,512,0.0,-1.7109375,5,0,,,,,,,,,,,,,,,,,,,,,,,,
855,counting,How many sheep can you see?,2,http://images.cocodataset.org/train2014/COCO_train2014_000000131197.jpg,0,512,0.0,-0.11572265625,2,0,,,,,,,,,,,,,,,,,,,,,,,,
856,counting,How many people are there?,1,http://images.cocodataset.org/train2014/COCO_train2014_000000262273.jpg,0,512,0.0,-0.11572265625,1,0,,,,,,,,,,,,,,,,,,,,,,,,
857,counting,How many people are in the image?,1,http://images.cocodataset.org/train2014/COCO_train2014_000000262273.jpg,0,512,0.0,-0.10693359375,1,0,,,,,,,,,,,,,,,,,,,,,,,,
858,counting,How many birds are there?,3,http://images.cocodataset.org/train2014/COCO_train2014_000000436929.jpg,0,512,0.0,-0.251953125,3,0,,,,,,,,,,,,,,,,,,,,,,,,
859,counting,How many men are playing baseball?,5,http://images.cocodataset.org/train2014/COCO_train2014_000000284012.jpg,0,512,0.0,-1.6875,4,0,,,,,,,,,,,,,,,,,,,,,,,,
860,counting,How many pots are hanging under the shelf?,2,http://images.cocodataset.org/train2014/COCO_train2014_000000000138.jpg,0,512,0.0,-0.27734375,2,0,,,,,,,,,,,,,,,,,,,,,,,,
861,counting,How many zebras are there?,13,http://images.cocodataset.org/train2014/COCO_train2014_000000262285.jpg,0,512,0.0,-1.3984375,1,0,,,,,,,,,,,,,,,,,,,,,,,,
862,counting,How many zebras can you see eating?,3,http://images.cocodataset.org/train2014/COCO_train2014_000000000154.jpg,0,512,0.0,-0.330078125,1,0,,,,,,,,,,,,,,,,,,,,,,,,
863,counting,How many kinds of animals are in this photo?,1,http://images.cocodataset.org/train2014/COCO_train2014_000000000154.jpg,0,512,0.0,-0.1474609375,1,0,,,,,,,,,,,,,,,,,,,,,,,,
864,counting,How many different types of animals are in this scene?,1,http://images.cocodataset.org/train2014/COCO_train2014_000000000154.jpg,0,90,0.6680872968949644,-0.1337890625,1,0,,,,,,,,,,,,,,,,,,,,,,,,
865,counting,How many animals are there?,3,http://images.cocodataset.org/train2014/COCO_train2014_000000000154.jpg,0,512,0.0,-0.12451171875,3,0,,,,,,,,,,,,,,,,,,,,,,,,
866,counting,How many arrows can be seen?,1,http://images.cocodataset.org/train2014/COCO_train2014_000000393242.jpg,0,512,0.0,-0.8671875,1,0,,,,,,,,,,,,,,,,,,,,,,,,
867,counting,How many stripes are at the bottom of the picture?,5,http://images.cocodataset.org/train2014/COCO_train2014_000000393242.jpg,0,512,0.0,-0.9296875,5,0,,,,,,,,,,,,,,,,,,,,,,,,
868,counting,How many potted plants do you see?,3,http://images.cocodataset.org/train2014/COCO_train2014_000000415089.jpg,0,512,0.0,-0.609375,3,0,,,,,,,,,,,,,,,,,,,,,,,,
869,counting,How many chairs are there?,1,http://images.cocodataset.org/train2014/COCO_train2014_000000415089.jpg,0,512,0.0,-0.515625,2,0,,,,,,,,,,,,,,,,,,,,,,,,
870,counting,How many kids in this photo?,3,http://images.cocodataset.org/train2014/COCO_train2014_000000393384.jpg,0,512,0.0,-0.890625,2,0,,,,,,,,,,,,,,,,,,,,,,,,
871,counting,How many animals?,5,http://images.cocodataset.org/train2014/COCO_train2014_000000393386.jpg,0,512,0.0,-0.77734375,5,0,,,,,,,,,,,,,,,,,,,,,,,,
872,counting,How many laptops are on the coffee table?,3,http://images.cocodataset.org/train2014/COCO_train2014_000000137918.jpg,0,512,0.0,-0.169921875,3,0,,,,,,,,,,,,,,,,,,,,,,,,
873,counting,How many people are in the picture?,50,http://images.cocodataset.org/train2014/COCO_train2014_000000438196.jpg,0,512,0.0,-0.90234375,1,0,,,,,,,,,,,,,,,,,,,,,,,,
874,counting,How many knobs are there?,4,http://images.cocodataset.org/train2014/COCO_train2014_000000524471.jpg,0,512,0.0,-1.0703125,3,0,,,,,,,,,,,,,,,,,,,,,,,,
875,counting,How many buses are there?,1,http://images.cocodataset.org/train2014/COCO_train2014_000000393403.jpg,0,512,0.0,-0.482421875,1,0,,,,,,,,,,,,,,,,,,,,,,,,
876,counting,How many decks does this bus have?,2,http://images.cocodataset.org/train2014/COCO_train2014_000000393403.jpg,0,512,0.0,-0.15625,2,0,,,,,,,,,,,,,,,,,,,,,,,,
877,counting,How many windows?,11,http://images.cocodataset.org/train2014/COCO_train2014_000000283700.jpg,0,512,0.0,-0.625,0,0,,,,,,,,,,,,,,,,,,,,,,,,
878,counting,How many steps does it take to get to the top?,2,http://images.cocodataset.org/train2014/COCO_train2014_000000257513.jpg,0,512,0.0,-0.49609375,2,0,,,,,,,,,,,,,,,,,,,,,,,,
879,counting,How many ski boards are in the picture?,5,http://images.cocodataset.org/train2014/COCO_train2014_000000000201.jpg,0,512,0.0,-0.76953125,5,0,,,,,,,,,,,,,,,,,,,,,,,,
880,counting,How many blue stripes are on the babies shirt?,many,http://images.cocodataset.org/train2014/COCO_train2014_000000131279.jpg,0,512,0.0,-1.5234375,5,0,,,,,,,,,,,,,,,,,,,,,,,,
881,counting,How many babies are in this photo?,2,http://images.cocodataset.org/train2014/COCO_train2014_000000131279.jpg,0,512,0.0,-0.1474609375,2,0,,,,,,,,,,,,,,,,,,,,,,,,
882,counting,How many balls are on the ground?,6,http://images.cocodataset.org/train2014/COCO_train2014_000000554301.jpg,0,512,0.0,-1.4296875,7,0,,,,,,,,,,,,,,,,,,,,,,,,
883,counting,How many glasses are there?,2,http://images.cocodataset.org/train2014/COCO_train2014_000000262359.jpg,0,512,0.0,-0.482421875,2,0,,,,,,,,,,,,,,,,,,,,,,,,
884,counting,How many horses are on the picture?,3,http://images.cocodataset.org/train2014/COCO_train2014_000000524508.jpg,0,512,0.0,-0.3203125,3,0,,,,,,,,,,,,,,,,,,,,,,,,
885,counting,How many horses are in the picture?,3,http://images.cocodataset.org/train2014/COCO_train2014_000000524508.jpg,0,512,0.0,-0.427734375,3,0,,,,,,,,,,,,,,,,,,,,,,,,
886,counting,How many kids?,1,http://images.cocodataset.org/train2014/COCO_train2014_000000393438.jpg,0,512,0.0,-0.41015625,0,0,,,,,,,,,,,,,,,,,,,,,,,,
887,counting,How many black umbrellas?,3,http://images.cocodataset.org/train2014/COCO_train2014_000000393442.jpg,0,512,0.0,-0.427734375,3,0,,,,,,,,,,,,,,,,,,,,,,,,
888,counting,How many skis are on the ground?,4,http://images.cocodataset.org/train2014/COCO_train2014_000000131299.jpg,0,512,0.0,-1.2578125,4,0,,,,,,,,,,,,,,,,,,,,,,,,
889,counting,How many water jugs are visible?,2,http://images.cocodataset.org/train2014/COCO_train2014_000000524522.jpg,0,512,0.0,-1.0703125,2,0,,,,,,,,,,,,,,,,,,,,,,,,
890,counting,How many trains are there?,3,http://images.cocodataset.org/train2014/COCO_train2014_000000524525.jpg,0,512,0.0,-0.3984375,3,0,,,,,,,,,,,,,,,,,,,,,,,,
891,counting,How many kids are there?,5,http://images.cocodataset.org/train2014/COCO_train2014_000000393464.jpg,0,512,0.0,-0.11572265625,5,0,,,,,,,,,,,,,,,,,,,,,,,,
892,counting,How many rocks?,2,http://images.cocodataset.org/train2014/COCO_train2014_000000262393.jpg,0,512,0.0,-0.1611328125,0,0,,,,,,,,,,,,,,,,,,,,,,,,
893,counting,How many zebras are there?,2,http://images.cocodataset.org/train2014/COCO_train2014_000000262393.jpg,0,512,0.0,-0.1884765625,2,0,,,,,,,,,,,,,,,,,,,,,,,,
894,counting,How many floors do you think the highest building has?,50,http://images.cocodataset.org/train2014/COCO_train2014_000000000250.jpg,0,512,0.0,-1.0,2,0,,,,,,,,,,,,,,,,,,,,,,,,
895,counting,How many people are surfing?,1,http://images.cocodataset.org/train2014/COCO_train2014_000000131339.jpg,0,512,0.0,-0.10693359375,1,0,,,,,,,,,,,,,,,,,,,,,,,,
896,counting,How many kids are wearing black and white?,5,http://images.cocodataset.org/train2014/COCO_train2014_000000524557.jpg,0,512,0.0,-1.3671875,5,0,,,,,,,,,,,,,,,,,,,,,,,,
897,counting,How many men are wearing hats?,0,http://images.cocodataset.org/train2014/COCO_train2014_000000131342.jpg,0,512,0.0,-0.111328125,0,0,,,,,,,,,,,,,,,,,,,,,,,,
898,counting,How many holes are on the phone case?,1,http://images.cocodataset.org/train2014/COCO_train2014_000000393489.jpg,0,512,0.0,-0.640625,1,0,,,,,,,,,,,,,,,,,,,,,,,,
899,counting,How many phones do you see?,1,http://images.cocodataset.org/train2014/COCO_train2014_000000393489.jpg,0,512,0.0,-0.1884765625,1,0,,,,,,,,,,,,,,,,,,,,,,,,
900,counting,How many cookies can be seen?,2,http://images.cocodataset.org/train2014/COCO_train2014_000000000009.jpg,0,512,0.0,-0.341796875,2,0,,,,,,,,,,,,,,,,,,,,,,,,
901,counting,How many girls are visible?,2,http://images.cocodataset.org/train2014/COCO_train2014_000000393493.jpg,0,512,0.0,-0.2216796875,1,0,,,,,,,,,,,,,,,,,,,,,,,,
902,counting,How many colors are in the tile?,1,http://images.cocodataset.org/train2014/COCO_train2014_000000131351.jpg,0,512,0.0,-0.69140625,2,0,,,,,,,,,,,,,,,,,,,,,,,,
903,counting,How many people are standing next to each other?,4,http://images.cocodataset.org/train2014/COCO_train2014_000000131366.jpg,0,512,0.0,-0.169921875,4,0,,,,,,,,,,,,,,,,,,,,,,,,
904,counting,How many rackets?,8,http://images.cocodataset.org/train2014/COCO_train2014_000000131366.jpg,0,512,0.0,-1.296875,4,0,,,,,,,,,,,,,,,,,,,,,,,,
905,counting,How many people are in this photo?,4,http://images.cocodataset.org/train2014/COCO_train2014_000000131366.jpg,0,512,0.0,-0.1474609375,4,0,,,,,,,,,,,,,,,,,,,,,,,,
906,counting,How many girls are in the picture?,4,http://images.cocodataset.org/train2014/COCO_train2014_000000131366.jpg,0,512,0.0,-0.1650390625,4,0,,,,,,,,,,,,,,,,,,,,,,,,
907,counting,How many people don't have a skateboard?,4,http://images.cocodataset.org/train2014/COCO_train2014_000000131366.jpg,0,512,0.0,-0.6953125,0,0,,,,,,,,,,,,,,,,,,,,,,,,
908,counting,How many of the four main individuals are wearing baseball caps?,0,http://images.cocodataset.org/train2014/COCO_train2014_000000131366.jpg,0,512,0.0,-0.15625,0,0,,,,,,,,,,,,,,,,,,,,,,,,
909,counting,How many racquets?,8,http://images.cocodataset.org/train2014/COCO_train2014_000000131366.jpg,0,512,0.0,-1.1875,4,0,,,,,,,,,,,,,,,,,,,,,,,,
910,counting,How many legs are in the image?,8,http://images.cocodataset.org/train2014/COCO_train2014_000000131366.jpg,1,54,0.9111163728472118,-0.369140625,8,1,18.0,0.04010286679064418,0.9206198357143051,,,,,,,,,,,,,,,,,,,,,
911,counting,How many passengers does this bus carry?,30,http://images.cocodataset.org/train2014/COCO_train2014_000000262442.jpg,0,4,0.125,-1.7421875,2,0,,,,,,,,,,,,,,,,,,,,,,,,
912,counting,How many open umbrellas are there on the beach?,3,http://images.cocodataset.org/train2014/COCO_train2014_000000131374.jpg,0,512,0.0,-1.40625,2,0,,,,,,,,,,,,,,,,,,,,,,,,
913,counting,How many umbrellas do you see?,3,http://images.cocodataset.org/train2014/COCO_train2014_000000131374.jpg,0,512,0.0,-0.92578125,3,0,,,,,,,,,,,,,,,,,,,,,,,,
914,counting,How many striped objects are in the photo?,4,http://images.cocodataset.org/train2014/COCO_train2014_000000131374.jpg,0,512,0.0,-1.4453125,3,0,,,,,,,,,,,,,,,,,,,,,,,,
915,location,Where is the giraffe?,near tree,http://images.cocodataset.org/train2014/COCO_train2014_000000000025.jpg,0,68,0.3850092831159693,-1.375,zoo,0,,,,,,,,,,,,,,,,,,,,,,,,
916,location,Where are the two blue coolers?,left,http://images.cocodataset.org/train2014/COCO_train2014_000000262172.jpg,0,52,0.3851375146341756,-0.462890625,floor,0,,,,,,,,,,,,,,,,,,,,,,,,
917,location,Where are the trucks?,dock,http://images.cocodataset.org/train2014/COCO_train2014_000000262184.jpg,0,55,0.4025413916561611,-1.3125,dock,0,,,,,,,,,,,,,,,,,,,,,,,,
918,location,Where is Brooklyn Avenue?,bottom,http://images.cocodataset.org/train2014/COCO_train2014_000000131126.jpg,1,157,0.6222875304935188,-1.8203125,nyc,1,15.0,0.02813076739016517,0.9877812438119247,,,,,,,,,,,,,,,,,,,,,
919,location,Where is the bird?,on cliff,http://images.cocodataset.org/train2014/COCO_train2014_000000262201.jpg,0,66,0.43144861573572235,-0.92578125,on,0,,,,,,,,,,,,,,,,,,,,,,,,
920,location,Where is the mirror?,wall,http://images.cocodataset.org/train2014/COCO_train2014_000000262207.jpg,0,59,0.42810016075396207,-0.83984375,wall,0,,,,,,,,,,,,,,,,,,,,,,,,
921,location,Where is the sink located?,bathroom,http://images.cocodataset.org/train2014/COCO_train2014_000000393291.jpg,0,46,0.3355673836404114,-0.87109375,bathroom,0,,,,,,,,,,,,,,,,,,,,,,,,
922,location,Where is the soap?,shower,http://images.cocodataset.org/train2014/COCO_train2014_000000393291.jpg,0,32,0.30737634667496816,-1.1640625,shower,0,,,,,,,,,,,,,,,,,,,,,,,,
923,location,Where is the human?,on top of hill,http://images.cocodataset.org/train2014/COCO_train2014_000000524375.jpg,0,48,0.3864930959512253,-0.5078125,hill,0,,,,,,,,,,,,,,,,,,,,,,,,
924,location,Where is the light coming from?,window,http://images.cocodataset.org/train2014/COCO_train2014_000000262159.jpg,0,26,0.2496020423584983,-0.828125,window,0,,,,,,,,,,,,,,,,,,,,,,,,
925,location,Where is the television?,wall,http://images.cocodataset.org/train2014/COCO_train2014_000000524386.jpg,0,116,0.23117950940080945,-1.4921875,living,0,,,,,,,,,,,,,,,,,,,,,,,,
926,location,Where is the street sign?,pole,http://images.cocodataset.org/train2014/COCO_train2014_000000393317.jpg,0,48,0.36778179510168035,-1.2109375,on,0,,,,,,,,,,,,,,,,,,,,,,,,
927,location,Where are the women walking?,crosswalk,http://images.cocodataset.org/train2014/COCO_train2014_000000393317.jpg,0,40,0.3806400953614579,-1.390625,side,0,,,,,,,,,,,,,,,,,,,,,,,,
928,location,Where is the woman standing?,crosswalk,http://images.cocodataset.org/train2014/COCO_train2014_000000393317.jpg,0,43,0.3551207019642163,-1.109375,side,0,,,,,,,,,,,,,,,,,,,,,,,,
929,location,Where was this shot at?,florist,http://images.cocodataset.org/train2014/COCO_train2014_000000262283.jpg,0,95,0.4303251151908511,-0.9453125,flower,0,,,,,,,,,,,,,,,,,,,,,,,,
930,location,Where is the cupcake?,plate,http://images.cocodataset.org/train2014/COCO_train2014_000000393375.jpg,0,45,0.387718378183978,-0.91015625,on,0,,,,,,,,,,,,,,,,,,,,,,,,
931,location,Where was this picture taken?,parking lot,http://images.cocodataset.org/train2014/COCO_train2014_000000393384.jpg,1,81,0.37462887653990085,-1.390625,beach,1,15.0,0.11415404274526941,0.9709505944546686,,,,,,,,,,,,,,,,,,,,,
932,location,Where is the laptop?,on table,http://images.cocodataset.org/train2014/COCO_train2014_000000137918.jpg,1,34,0.3838932480520363,-0.72265625,table,1,17.0,0.16911576261485128,0.8409160494198367,,,,,,,,,,,,,,,,,,,,,
933,location,Where are the two upside down glasses?,nightstand,http://images.cocodataset.org/train2014/COCO_train2014_000000393394.jpg,0,41,0.3257861801899269,-1.8984375,table,0,,,,,,,,,,,,,,,,,,,,,,,,
934,location,Where is the open door?,nowhere,http://images.cocodataset.org/train2014/COCO_train2014_000000393403.jpg,0,29,0.2659969397289644,-1.765625,on,0,,,,,,,,,,,,,,,,,,,,,,,,
935,location,Where are the buns?,by plates,http://images.cocodataset.org/train2014/COCO_train2014_000000524486.jpg,0,60,0.430530051814547,-1.203125,on,0,,,,,,,,,,,,,,,,,,,,,,,,
936,location,Where is the table lamp?,on table,http://images.cocodataset.org/train2014/COCO_train2014_000000448671.jpg,0,72,0.4740390835106772,-1.328125,desk,0,,,,,,,,,,,,,,,,,,,,,,,,
937,location,Where is the cup?,on table,http://images.cocodataset.org/train2014/COCO_train2014_000000393428.jpg,0,46,0.37851135461167024,-1.03125,table,0,,,,,,,,,,,,,,,,,,,,,,,,
938,location,Where do you think all these are located?,restaurant,http://images.cocodataset.org/train2014/COCO_train2014_000000262359.jpg,0,77,0.3948125942047,-0.3515625,restaurant,0,,,,,,,,,,,,,,,,,,,,,,,,
939,location,Where is the room?,restaurant,http://images.cocodataset.org/train2014/COCO_train2014_000000262359.jpg,0,67,0.5279619358159332,-0.58203125,restaurant,0,,,,,,,,,,,,,,,,,,,,,,,,
940,location,Where is the cat?,bed,http://images.cocodataset.org/train2014/COCO_train2014_000000393432.jpg,0,40,0.36916471658606387,-0.546875,bed,0,,,,,,,,,,,,,,,,,,,,,,,,
941,location,Where is number 8?,left,http://images.cocodataset.org/train2014/COCO_train2014_000000524557.jpg,0,56,0.46296630012334683,-1.0703125,left,0,,,,,,,,,,,,,,,,,,,,,,,,
942,location,Where is the shower located?,in bathroom,http://images.cocodataset.org/train2014/COCO_train2014_000000546179.jpg,0,35,0.3669133141090162,-1.1484375,bathroom,0,,,,,,,,,,,,,,,,,,,,,,,,
943,location,Where is the cat sitting?,stump,http://images.cocodataset.org/train2014/COCO_train2014_000000524572.jpg,0,51,0.41066854949112225,-0.9296875,st,0,,,,,,,,,,,,,,,,,,,,,,,,
944,location,Where is this?,beach,http://images.cocodataset.org/train2014/COCO_train2014_000000131373.jpg,0,46,0.3644844455087102,-0.2421875,beach,0,,,,,,,,,,,,,,,,,,,,,,,,
945,reasoning,Why is the man on the street?,homeless,http://images.cocodataset.org/train2014/COCO_train2014_000000524314.jpg,0,131,0.4833824408961062,-0.48828125,home,0,,,,,,,,,,,,,,,,,,,,,,,,
946,reasoning,Why are the birds only appearing as black silhouettes?,shadows,http://images.cocodataset.org/train2014/COCO_train2014_000000262260.jpg,1,35,0.33215627280740706,-2.0625,shadow,1,17.0,0.19183846029386722,0.9975025463691152,,,,,,,,,,,,,,,,,,,,,
947,reasoning,Why are there so many clothes on the bed?,laundry,http://images.cocodataset.org/train2014/COCO_train2014_000000131208.jpg,0,41,0.3606178392235906,-1.1015625,laundry,0,,,,,,,,,,,,,,,,,,,,,,,,
948,reasoning,Why is the man cooking so many hot dogs?,party,http://images.cocodataset.org/train2014/COCO_train2014_000000524486.jpg,0,60,0.801882676923447,-1.5859375,party,0,,,,,,,,,,,,,,,,,,,,,,,,
949,reasoning,Why is the girl holding an umbrella?,sun,http://images.cocodataset.org/train2014/COCO_train2014_000000000036.jpg,0,26,0.8798189486148722,-1.078125,shade,0,,,,,,,,,,,,,,,,,,,,,,,,
950,reasoning,Why would someone not like the fruit at the front?,they don't like oranges,http://images.cocodataset.org/train2014/COCO_train2014_000000039288.jpg,0,77,0.5926149409399347,-2.390625,it,0,,,,,,,,,,,,,,,,,,,,,,,,
951,reasoning,Why is the top light on?,to stop traffic,http://images.cocodataset.org/train2014/COCO_train2014_000000524520.jpg,0,77,0.47576870126343157,-0.4765625,stop,0,,,,,,,,,,,,,,,,,,,,,,,,
952,reasoning,Why is the man in mid-air?,snowboarding,http://images.cocodataset.org/train2014/COCO_train2014_000000524547.jpg,0,49,0.40562133359905345,-1.59375,snow,0,,,,,,,,,,,,,,,,,,,,,,,,
953,classification,What kind of room is this?,living room,http://images.cocodataset.org/train2014/COCO_train2014_000000262172.jpg,0,72,0.3783244929168047,-0.462890625,living,0,,,,,,,,,,,,,,,,,,,,,,,,
954,classification,What kind of trees are on the table?,christmas,http://images.cocodataset.org/train2014/COCO_train2014_000000458763.jpg,0,117,0.9945304974829537,-0.58203125,christmas,0,,,,,,,,,,,,,,,,,,,,,,,,
955,classification,What kind of food is shown?,hot dog,http://images.cocodataset.org/train2014/COCO_train2014_000000524377.jpg,1,78,0.5015754497367545,-0.6640625,hot,1,16.0,0.06652612696780444,0.8112781244591328,,,,,,,,,,,,,,,,,,,,,
956,classification,What kind of sauce is in the largest ramekin?,butter,http://images.cocodataset.org/train2014/COCO_train2014_000000524377.jpg,0,86,0.576765187931695,-1.1953125,may,0,,,,,,,,,,,,,,,,,,,,,,,,
957,classification,What kind of toppings are on the hot dogs?,onions,http://images.cocodataset.org/train2014/COCO_train2014_000000524377.jpg,1,69,0.503963545696517,-0.60546875,on,1,15.0,0.08415704610506057,0.9018972358711528,,,,,,,,,,,,,,,,,,,,,
958,classification,What kind of meat is this?,hot dog,http://images.cocodataset.org/train2014/COCO_train2014_000000524377.jpg,0,84,0.5164454690990793,-1.171875,hot,0,,,,,,,,,,,,,,,,,,,,,,,,
959,classification,What kind of potato are the fries?,sweet,http://images.cocodataset.org/train2014/COCO_train2014_000000524377.jpg,1,99,0.556277020417987,-1.140625,sweet,1,26.0,0.04283403008989453,0.9566466065061588,,,,,,,,,,,,,,,,,,,,,
960,classification,What kind of plants are these?,flowers,http://images.cocodataset.org/train2014/COCO_train2014_000000393306.jpg,0,92,0.5083591764672126,-0.83984375,flowers,0,,,,,,,,,,,,,,,,,,,,,,,,
961,classification,What kind of aircraft is this?,cargo plane,http://images.cocodataset.org/train2014/COCO_train2014_000000393311.jpg,0,82,0.45004791169504915,-0.369140625,cargo,0,,,,,,,,,,,,,,,,,,,,,,,,
962,classification,What kind of lamp is on the floor?,floor lamp,http://images.cocodataset.org/train2014/COCO_train2014_000000524386.jpg,0,70,0.4543270881135992,-1.3828125,floor,0,,,,,,,,,,,,,,,,,,,,,,,,
963,classification,What kind of hat is the man with the girls wearing?,baseball cap,http://images.cocodataset.org/train2014/COCO_train2014_000000131172.jpg,0,134,0.5529824919428136,-0.283203125,baseball,0,,,,,,,,,,,,,,,,,,,,,,,,
964,classification,What kind of celebration is this?,birthday,http://images.cocodataset.org/train2014/COCO_train2014_000000000113.jpg,0,77,0.8148263810169953,-0.8671875,anniversary,0,,,,,,,,,,,,,,,,,,,,,,,,
965,classification,What kind of court is at the edge of the field?,soccer,http://images.cocodataset.org/train2014/COCO_train2014_000000000149.jpg,0,66,0.44755679063701387,-0.48828125,soccer,0,,,,,,,,,,,,,,,,,,,,,,,,
966,classification,What kind of nut is shown?,peanut,http://images.cocodataset.org/train2014/COCO_train2014_000000393379.jpg,0,32,0.9327951927424818,-0.84765625,peanut,0,,,,,,,,,,,,,,,,,,,,,,,,
967,classification,What kind of animals are in there?,cows,http://images.cocodataset.org/train2014/COCO_train2014_000000131245.jpg,0,117,0.5886944798306439,-0.267578125,cows,0,,,,,,,,,,,,,,,,,,,,,,,,
968,classification,What kind of siding is on this house?,tile,http://images.cocodataset.org/train2014/COCO_train2014_000000524471.jpg,1,51,0.8967321065930942,-0.482421875,tile,1,17.0,0.041628106127701035,0.8702290979524684,,,,,,,,,,,,,,,,,,,,,
969,classification,What kind of vehicle is the yellow one?,truck,http://images.cocodataset.org/train2014/COCO_train2014_000000283700.jpg,0,57,0.4582216059019367,-0.54296875,truck,0,,,,,,,,,,,,,,,,,,,,,,,,
970,classification,What kind of room is this?,kitchen,http://images.cocodataset.org/train2014/COCO_train2014_000000393418.jpg,0,75,0.48000162186941436,-0.09423828125,kitchen,0,,,,,,,,,,,,,,,,,,,,,,,,
971,classification,What kind of pizza is this?,cheese,http://images.cocodataset.org/train2014/COCO_train2014_000000131300.jpg,0,80,0.5090554840550499,-0.2421875,cheese,0,,,,,,,,,,,,,,,,,,,,,,,,
972,classification,What kind of trees are in this photo?,pine,http://images.cocodataset.org/train2014/COCO_train2014_000000393480.jpg,0,112,0.8861453906308109,-0.54296875,pine,0,,,,,,,,,,,,,,,,,,,,,,,,
973,classification,What kind of suit is he wearing?,swim,http://images.cocodataset.org/train2014/COCO_train2014_000000131339.jpg,1,94,0.9858491039161428,-1.015625,swim,1,19.0,0.01294260425146256,0.9826301639446198,,,,,,,,,,,,,,,,,,,,,
974,classification,What kind of passenger does the bus carry?,children,http://images.cocodataset.org/train2014/COCO_train2014_000000262415.jpg,0,55,0.4050968320232845,-0.96875,school,0,,,,,,,,,,,,,,,,,,,,,,,,
975,classification,What kind of id is that?,old id,http://images.cocodataset.org/train2014/COCO_train2014_000000393489.jpg,0,61,0.4813409293863807,-1.1875,un,0,,,,,,,,,,,,,,,,,,,,,,,,
976,classification,What kind of phone is this?,pharos,http://images.cocodataset.org/train2014/COCO_train2014_000000393489.jpg,0,89,0.45675075491385525,-0.9296875,ph,0,,,,,,,,,,,,,,,,,,,,,,,,
977,classification,What kind of animal is on the beach?,horse,http://images.cocodataset.org/train2014/COCO_train2014_000000131373.jpg,0,70,0.4796696888663923,-0.1337890625,horse,0,,,,,,,,,,,,,,,,,,,,,,,,
978,comparison,Which hand holds the umbrella?,right,http://images.cocodataset.org/train2014/COCO_train2014_000000131101.jpg,0,41,0.3944518762313414,-0.58203125,right,0,,,,,,,,,,,,,,,,,,,,,,,,
979,comparison,Which direction is Brooklyn Ave?,north,http://images.cocodataset.org/train2014/COCO_train2014_000000131126.jpg,0,76,0.5399919935384478,-1.8359375,north,0,,,,,,,,,,,,,,,,,,,,,,,,
980,comparison,Which hand is the man holding up?,left,http://images.cocodataset.org/train2014/COCO_train2014_000000393306.jpg,0,43,0.4604426667882856,-0.734375,right,0,,,,,,,,,,,,,,,,,,,,,,,,
981,comparison,Which floor lamp is not lit?,one in corner,http://images.cocodataset.org/train2014/COCO_train2014_000000524386.jpg,0,57,0.44350333327334013,-1.8359375,left,0,,,,,,,,,,,,,,,,,,,,,,,,
982,comparison,Which buses are double deckers?,0,http://images.cocodataset.org/train2014/COCO_train2014_000000000149.jpg,0,0,0.9991372027860757,-0.53515625,0,0,,,,,,,,,,,,,,,,,,,,,,,,
983,comparison,Which way can you not turn?,left,http://images.cocodataset.org/train2014/COCO_train2014_000000393419.jpg,0,98,0.4823686092523728,-0.267578125,left,0,,,,,,,,,,,,,,,,,,,,,,,,
984,comparison,Which baby is still an infant?,neither,http://images.cocodataset.org/train2014/COCO_train2014_000000131279.jpg,0,86,0.5092226437223278,-2.0,left,0,,,,,,,,,,,,,,,,,,,,,,,,
985,comparison,Which man is controlling the kite?,no,http://images.cocodataset.org/train2014/COCO_train2014_000000474858.jpg,1,53,0.8237122148914915,-2.140625,none,1,16.0,0.06884650972898249,0.9886994082884974,,,,,,,,,,,,,,,,,,,,,
986,comparison,Which vehicle is the smallest?,car,http://images.cocodataset.org/train2014/COCO_train2014_000000131299.jpg,0,115,0.5462504875345224,-0.80078125,car,0,,,,,,,,,,,,,,,,,,,,,,,,
987,comparison,Which hand is the person holding the phone in?,left,http://images.cocodataset.org/train2014/COCO_train2014_000000393489.jpg,1,85,0.5467376668014284,-0.439453125,left,1,16.0,0.09209245017146425,0.8387794678549646,,,,,,,,,,,,,,,,,,,,,
988,comparison,Which room is this?,bedroom,http://images.cocodataset.org/train2014/COCO_train2014_000000131352.jpg,0,69,0.33071745620337817,-0.1376953125,bedroom,0,,,,,,,,,,,,,,,,,,,,,,,,
989,comparison,Which two are actually playing?,0,http://images.cocodataset.org/train2014/COCO_train2014_000000131366.jpg,0,65,0.34535299926874335,-1.1015625,0,0,,,,,,,,,,,,,,,,,,,,,,,,
990,comparison,Which direction is the turn lane going?,right,http://images.cocodataset.org/train2014/COCO_train2014_000000262442.jpg,0,54,0.4451277487131474,-0.6640625,left,0,,,,,,,,,,,,,,,,,,,,,,,,
991,comparison,Which way is the man's hat facing?,down,http://images.cocodataset.org/train2014/COCO_train2014_000000131376.jpg,0,36,0.3325981843933945,-0.671875,down,0,,,,,,,,,,,,,,,,,,,,,,,,
992,person identification,Who made the cock?,rolex,http://images.cocodataset.org/train2014/COCO_train2014_000000000064.jpg,0,12,0.1165018924183848,-3.09375,rolex,0,,,,,,,,,,,,,,,,,,,,,,,,
993,person identification,Whose logo is on the official's chair?,wilson,http://images.cocodataset.org/train2014/COCO_train2014_000000262221.jpg,0,156,0.9671017743372993,-0.203125,wilson,0,,,,,,,,,,,,,,,,,,,,,,,,
994,person identification,Who is in the photo?,zebras,http://images.cocodataset.org/train2014/COCO_train2014_000000000154.jpg,1,138,0.7098047955802035,-1.3828125,zebra,1,15.0,0.050101399928929896,0.9018972358711528,,,,,,,,,,,,,,,,,,,,,
995,person identification,Who is going to eat this pizza?,people,http://images.cocodataset.org/train2014/COCO_train2014_000000000194.jpg,0,147,0.43477678118068835,-1.4375,people,0,,,,,,,,,,,,,,,,,,,,,,,,
996,person identification,Who is the woman the picture on wall?,none,http://images.cocodataset.org/train2014/COCO_train2014_000000131312.jpg,1,138,0.6589403676718567,-0.98046875,mother,1,19.0,0.05478771138070319,0.9041116874399232,,,,,,,,,,,,,,,,,,,,,
997,person identification,Who is the pilot?,man,http://images.cocodataset.org/train2014/COCO_train2014_000000000247.jpg,0,81,0.434927956918817,-1.2890625,man,0,,,,,,,,,,,,,,,,,,,,,,,,
998,time-related,What game would you play when you saw this as a child?,tag,http://images.cocodataset.org/train2014/COCO_train2014_000000524375.jpg,0,94,0.6148258398729434,-2.71875,sheep,0,,,,,,,,,,,,,,,,,,,,,,,,
999,time-related,Were people moving when this picture was taken?,no,http://images.cocodataset.org/train2014/COCO_train2014_000000474858.jpg,0,6,0.1981203125901445,-0.546875,no,0,,,,,,,,,,,,,,,,,,,,,,,,
