image_id,question_type,question,ground_truth,image_url,n_clusters,n_noise,attention_entropy,token_confidence,predicted_token,cluster_count,cluster_0_n_points,cluster_0_avg_strength,cluster_0_entropy,cluster_1_n_points,cluster_1_avg_strength,cluster_2_n_points,cluster_2_avg_strength,cluster_1_entropy,cluster_2_entropy
0,object identification,What is this photo taken looking through?,net,http://images.cocodataset.org/train2014/COCO_train2014_000000458752.jpg,0,43,0.3672310664002847,-1.0078125,net,0,,,,,,,,,
1,object identification,What is this man riding on?,skateboard,http://images.cocodataset.org/train2014/COCO_train2014_000000393227.jpg,0,75,0.46269909507023294,-0.10693359375,skate,0,,,,,,,,,
2,object identification,What is this person doing?,skiing,http://images.cocodataset.org/train2014/COCO_train2014_000000393230.jpg,0,52,0.4340345708662715,-0.1982421875,ski,0,,,,,,,,,
3,object identification,What is this?,bear,http://images.cocodataset.org/train2014/COCO_train2014_000000137045.jpg,0,39,0.3652654773133304,-0.287109375,bear,0,,,,,,,,,
4,object identification,What is this device?,refrigerator,http://images.cocodataset.org/train2014/COCO_train2014_000000131113.jpg,0,49,0.41152309055488734,-0.1611328125,refriger,0,,,,,,,,,
5,object identification,What is this animal?,elephant,http://images.cocodataset.org/train2014/COCO_train2014_000000262204.jpg,0,45,0.408263835945952,-0.111328125,elephant,0,,,,,,,,,
6,object identification,What is this person wearing on head?,hat,http://images.cocodataset.org/train2014/COCO_train2014_000000000086.jpg,0,82,0.4843235368436265,-0.193359375,helmet,0,,,,,,,,,
7,object identification,What is this man laying on?,surfboard,http://images.cocodataset.org/train2014/COCO_train2014_000000471373.jpg,0,56,0.4429928384897835,-0.142578125,surf,0,,,,,,,,,
8,object identification,What is this person holding?,hot dog,http://images.cocodataset.org/train2014/COCO_train2014_000000393428.jpg,0,43,0.3582981172647794,-0.1982421875,hot,0,,,,,,,,,
9,object identification,What is this person standing on?,sand,http://images.cocodataset.org/train2014/COCO_train2014_000000474858.jpg,0,40,0.37353455938972524,-0.32421875,sand,0,,,,,,,,,
10,object identification,What is this cake made with?,chocolate,http://images.cocodataset.org/train2014/COCO_train2014_000000393445.jpg,0,12,0.3231203125901445,-0.392578125,chocolate,0,,,,,,,,,
11,object identification,What is this person doing?,snowboarding,http://images.cocodataset.org/train2014/COCO_train2014_000000524551.jpg,0,55,0.4156297060651606,-0.27734375,snow,0,,,,,,,,,
12,other,What position is this man playing?,pitcher,http://images.cocodataset.org/train2014/COCO_train2014_000000458752.jpg,0,31,0.30871312197610734,-0.1650390625,pit,0,,,,,,,,,
13,other,What is the person doing?,skiing,http://images.cocodataset.org/train2014/COCO_train2014_000000262146.jpg,0,37,0.3471106998807786,-0.1337890625,ski,0,,,,,,,,,
14,other,What is in the person's hand?,frisbee,http://images.cocodataset.org/train2014/COCO_train2014_000000524291.jpg,0,36,0.3419103590066335,-0.1201171875,fris,0,,,,,,,,,
15,other,Is the dog looking at a tennis ball or frisbee?,frisbee,http://images.cocodataset.org/train2014/COCO_train2014_000000524291.jpg,0,64,0.503295057491398,-0.048095703125,fris,0,,,,,,,,,
16,other,What is the white streak?,contrail,http://images.cocodataset.org/train2014/COCO_train2014_000000393221.jpg,0,31,0.3215944006600657,-1.421875,jet,0,,,,,,,,,
17,other,What is the child doing?,brushing teeth,http://images.cocodataset.org/train2014/COCO_train2014_000000393223.jpg,0,44,0.3585902309213415,-0.1748046875,br,0,,,,,,,,,
18,other,What is the business man doing in the picture?,frowning,http://images.cocodataset.org/train2014/COCO_train2014_000000393224.jpg,0,12,0.1147869792568112,-1.5,making,0,,,,,,,,,
19,other,What is the man riding on?,motorcycle,http://images.cocodataset.org/train2014/COCO_train2014_000000131084.jpg,0,37,0.3248640984521656,-1.1640625,dirt,0,,,,,,,,,
20,other,What is on the pillow?,gray,http://images.cocodataset.org/train2014/COCO_train2014_000000131074.jpg,0,0,0.9935459039480886,-1.9765625,pillow,0,,,,,,,,,
21,other,What is sitting on the bench?,purse,http://images.cocodataset.org/train2014/COCO_train2014_000000131074.jpg,0,35,0.32760343082416343,-0.6640625,pur,0,,,,,,,,,
22,other,What is the man doing?,skiing,http://images.cocodataset.org/train2014/COCO_train2014_000000393230.jpg,0,41,0.3595307989287662,-0.18359375,ski,0,,,,,,,,,
23,other,What is the person wearing?,skis,http://images.cocodataset.org/train2014/COCO_train2014_000000393230.jpg,0,14,0.3509193652572005,-1.015625,jacket,0,,,,,,,,,
24,other,What is she holding?,poles,http://images.cocodataset.org/train2014/COCO_train2014_000000393230.jpg,0,40,0.3197563845680571,-0.5,ski,0,,,,,,,,,
25,other,What is the dog riding on?,surfboard,http://images.cocodataset.org/train2014/COCO_train2014_000000131087.jpg,0,41,0.362135641674386,-0.11572265625,surf,0,,,,,,,,,
26,other,What is in the water?,dog,http://images.cocodataset.org/train2014/COCO_train2014_000000131087.jpg,0,30,0.2877289711281006,-0.78125,surf,0,,,,,,,,,
27,other,"What does the green light, on the TV, indicate?",on,http://images.cocodataset.org/train2014/COCO_train2014_000000131075.jpg,0,37,0.3563898431151682,-1.5859375,power,0,,,,,,,,,
28,other,What room of the house is this?,office,http://images.cocodataset.org/train2014/COCO_train2014_000000131075.jpg,0,51,0.41107310676481307,-0.421875,office,0,,,,,,,,,
29,other,What is the size of the TV?,large,http://images.cocodataset.org/train2014/COCO_train2014_000000131075.jpg,0,50,0.4076496915222983,-1.3046875,un,0,,,,,,,,,
30,other,How big is the TV?,very big,http://images.cocodataset.org/train2014/COCO_train2014_000000131075.jpg,0,58,0.4742860734844379,-1.578125,un,0,,,,,,,,,
31,other,What companion object to the TV can be seen in the bottom right of the picture?,laptop,http://images.cocodataset.org/train2014/COCO_train2014_000000131075.jpg,0,45,0.41918349159498935,-0.54296875,laptop,0,,,,,,,,,
32,other,What is the small computer on the left called?,laptop,http://images.cocodataset.org/train2014/COCO_train2014_000000131075.jpg,0,4,0.9973333952936333,-0.52734375,laptop,0,,,,,,,,,
33,other,What is above the TV?,vent,http://images.cocodataset.org/train2014/COCO_train2014_000000131075.jpg,0,31,0.2728586844884553,-0.69921875,ceiling,0,,,,,,,,,
34,other,What is on the display?,document,http://images.cocodataset.org/train2014/COCO_train2014_000000131075.jpg,0,34,0.32169465778439815,-1.8359375,un,0,,,,,,,,,
35,other,Is it a monitor or a screen projection?,screen projection,http://images.cocodataset.org/train2014/COCO_train2014_000000131075.jpg,0,62,0.5322195080160645,-0.427734375,screen,0,,,,,,,,,
36,other,What is on the TV screen?,computer,http://images.cocodataset.org/train2014/COCO_train2014_000000131075.jpg,0,20,0.2302963741471386,-1.8671875,un,0,,,,,,,,,
37,other,What is the title of the presentation in the picture?,outlook web app,http://images.cocodataset.org/train2014/COCO_train2014_000000131075.jpg,0,36,0.9856262024392228,-1.1953125,cultural,0,,,,,,,,,
38,other,What is the man playing?,wii,http://images.cocodataset.org/train2014/COCO_train2014_000000524311.jpg,0,20,0.3152050795429148,-0.29296875,wii,0,,,,,,,,,
39,other,What does the man have on his face?,glasses,http://images.cocodataset.org/train2014/COCO_train2014_000000524311.jpg,0,62,0.4668990199193822,-0.1982421875,glasses,0,,,,,,,,,
40,other,What is in front of the giraffes?,tree,http://images.cocodataset.org/train2014/COCO_train2014_000000000025.jpg,0,35,0.3293230696734683,-1.359375,log,0,,,,,,,,,
41,other,What do these giraffes have in common?,eating,http://images.cocodataset.org/train2014/COCO_train2014_000000000025.jpg,0,36,0.3464413475053813,-1.2890625,tall,0,,,,,,,,,
42,other,What is the giraffe standing behind?,tree,http://images.cocodataset.org/train2014/COCO_train2014_000000000025.jpg,0,38,0.37545254649661747,-0.92578125,tree,0,,,,,,,,,
43,other,What is on the ground next to the giraffe on the right?,log,http://images.cocodataset.org/train2014/COCO_train2014_000000000025.jpg,0,27,0.29913270635321587,-1.09375,log,0,,,,,,,,,
44,other,How is the man sitting?,cross legged,http://images.cocodataset.org/train2014/COCO_train2014_000000524314.jpg,1,120,0.5778699591813907,-0.330078125,cross,1,17.0,0.058823529411764705,0.9774178175281716,,,,,,
45,other,"What does the word in the upper-left corner, behind the window, translate to in English?",automatic,http://images.cocodataset.org/train2014/COCO_train2014_000000524314.jpg,0,60,0.43060422386508046,-0.482421875,automatic,0,,,,,,,,,
46,other,What type of watercraft is that?,raft,http://images.cocodataset.org/train2014/COCO_train2014_000000262171.jpg,0,59,0.46034183967851106,-0.6328125,raft,0,,,,,,,,,
47,other,What is the vase sitting on?,railing,http://images.cocodataset.org/train2014/COCO_train2014_000000000030.jpg,0,46,0.38955107072125555,-1.03125,fence,0,,,,,,,,,
48,other,Is the sun to the right or left of this flower?,left,http://images.cocodataset.org/train2014/COCO_train2014_000000000030.jpg,0,512,0.0,-0.73828125,right,0,,,,,,,,,
49,other,What is the zebra eating?,grass,http://images.cocodataset.org/train2014/COCO_train2014_000000240304.jpg,0,42,0.3834517113875707,-0.81640625,grass,0,,,,,,,,,
50,other,What is the tree covered with?,wire,http://images.cocodataset.org/train2014/COCO_train2014_000000240304.jpg,0,32,0.31469254941042507,-1.5,leaves,0,,,,,,,,,
51,other,What is the animal eating?,grass,http://images.cocodataset.org/train2014/COCO_train2014_000000000034.jpg,0,27,0.24887386944946735,-0.12451171875,grass,0,,,,,,,,,
52,other,How old is animal?,10 years,http://images.cocodataset.org/train2014/COCO_train2014_000000000034.jpg,0,26,0.37839613980507736,-1.8671875,1,0,,,,,,,,,
53,other,What is the man holding?,knife,http://images.cocodataset.org/train2014/COCO_train2014_000000393251.jpg,0,52,0.434755611378214,-0.5078125,knife,0,,,,,,,,,
54,other,What is the man cutting?,cake,http://images.cocodataset.org/train2014/COCO_train2014_000000393251.jpg,0,55,0.44175296157637667,-0.1982421875,cake,0,,,,,,,,,
55,other,What is the fruit?,banana,http://images.cocodataset.org/train2014/COCO_train2014_000000262180.jpg,0,64,0.42087198182200913,-0.18359375,banana,0,,,,,,,,,
56,other,What is the name of the type of person that would make this food?,chef,http://images.cocodataset.org/train2014/COCO_train2014_000000262180.jpg,0,44,0.3424020135941187,-1.2578125,chef,0,,,,,,,,,
57,other,What type of ice cream is on the plate?,vanilla,http://images.cocodataset.org/train2014/COCO_train2014_000000262180.jpg,0,61,0.4331459602604528,-0.3359375,vanilla,0,,,,,,,,,
58,other,Is this an indoor or outdoor photo?,outdoor,http://images.cocodataset.org/train2014/COCO_train2014_000000524325.jpg,0,8,0.998240032099811,-0.2177734375,outdoor,0,,,,,,,,,
59,other,What's missing from this hot dog?,mustard,http://images.cocodataset.org/train2014/COCO_train2014_000000043697.jpg,0,54,0.39816283076494574,-1.015625,k,0,,,,,,,,,
60,other,What is the hog dog sitting on?,bun,http://images.cocodataset.org/train2014/COCO_train2014_000000043697.jpg,0,50,0.40325618952629405,-0.1474609375,nap,0,,,,,,,,,
61,other,What is the sky full of?,clouds,http://images.cocodataset.org/train2014/COCO_train2014_000000262184.jpg,0,42,0.3944480404019742,-0.2080078125,clouds,0,,,,,,,,,
62,other,What is the color of the carpet?,brown,http://images.cocodataset.org/train2014/COCO_train2014_000000131113.jpg,1,67,0.5233344843703701,-0.76171875,brown,1,15.0,0.11494252873563221,0.9182958340544896,,,,,,
63,other,What shape are the windows on the side of the plane?,square,http://images.cocodataset.org/train2014/COCO_train2014_000000262187.jpg,0,44,0.367491560839667,-1.5546875,rectangle,0,,,,,,,,,
64,other,What is the website on the sign?,wmatacom,http://images.cocodataset.org/train2014/COCO_train2014_000000262191.jpg,0,27,0.2944235677759417,-0.9765625,w,0,,,,,,,,,
65,other,What is the bear called?,teddy,http://images.cocodataset.org/train2014/COCO_train2014_000000262191.jpg,0,66,0.453983813379362,-0.2421875,teddy,0,,,,,,,,,
66,other,What type of tree is the man standing next to?,elm,http://images.cocodataset.org/train2014/COCO_train2014_000000524338.jpg,0,39,0.34964479529514336,-0.9921875,oak,0,,,,,,,,,
67,other,What pattern is on the pants?,stripes,http://images.cocodataset.org/train2014/COCO_train2014_000000213863.jpg,0,28,0.31282475853090763,-1.1171875,stri,0,,,,,,,,,
68,other,What sport is this person playing?,baseball,http://images.cocodataset.org/train2014/COCO_train2014_000000213863.jpg,0,63,0.4823291674517554,-0.10693359375,baseball,0,,,,,,,,,
69,other,What is the position of the player behind the batter called?,catcher,http://images.cocodataset.org/train2014/COCO_train2014_000000213863.jpg,0,38,0.4103235913127292,-0.1376953125,catcher,0,,,,,,,,,
70,other,What are they drinking?,beer,http://images.cocodataset.org/train2014/COCO_train2014_000000393268.jpg,0,47,0.42420830588706104,-0.267578125,beer,0,,,,,,,,,
71,other,What brand of beer is visible?,sierra nevada,http://images.cocodataset.org/train2014/COCO_train2014_000000393268.jpg,0,0,0.9957230355827625,-1.328125,bud,0,,,,,,,,,
72,other,What logo is on the man's shirt?,nike,http://images.cocodataset.org/train2014/COCO_train2014_000000131127.jpg,0,77,0.5187052915096815,-0.5,nike,0,,,,,,,,,
73,other,What direction is the bird looking?,right,http://images.cocodataset.org/train2014/COCO_train2014_000000262201.jpg,0,48,0.4248297359299801,-1.078125,right,0,,,,,,,,,
74,other,What time of day is it?,morning,http://images.cocodataset.org/train2014/COCO_train2014_000000370986.jpg,0,90,0.536209749537345,-1.25,afternoon,0,,,,,,,,,
75,other,What type of plane is this?,propeller,http://images.cocodataset.org/train2014/COCO_train2014_000000131133.jpg,1,52,0.9452333540728334,-1.6796875,prop,1,18.0,0.026807760141093477,0.872009434056298,,,,,,
76,other,What is in the picture?,clock,http://images.cocodataset.org/train2014/COCO_train2014_000000000064.jpg,0,64,0.4108923298806773,-0.1611328125,clock,0,,,,,,,,,
77,other,What time is the clock showing?,6:10,http://images.cocodataset.org/train2014/COCO_train2014_000000000064.jpg,0,37,0.3757098238070846,-1.109375,1,0,,,,,,,,,
78,other,What are the vases sitting on?,table,http://images.cocodataset.org/train2014/COCO_train2014_000000458763.jpg,0,26,0.24324404766140664,-0.91015625,table,0,,,,,,,,,
79,other,What is the table made of?,wood,http://images.cocodataset.org/train2014/COCO_train2014_000000458763.jpg,0,38,0.3640410683413806,-0.142578125,wood,0,,,,,,,,,
80,other,What is the green stuff on this pizza?,spinach,http://images.cocodataset.org/train2014/COCO_train2014_000000567990.jpg,1,31,0.40724025278423365,-0.8125,spin,1,15.0,0.19923371647509575,0.9182958340544896,,,,,,
81,other,Is it thick or thin crust?,thick,http://images.cocodataset.org/train2014/COCO_train2014_000000567990.jpg,0,81,0.515333281706694,-0.212890625,thick,0,,,,,,,,,
82,other,What is the orange thing?,bag,http://images.cocodataset.org/train2014/COCO_train2014_000000393286.jpg,0,55,0.41018358753224904,-0.93359375,bag,0,,,,,,,,,
83,other,Is this train headed towards or from the orange building?,from,http://images.cocodataset.org/train2014/COCO_train2014_000000000071.jpg,0,77,0.5463477216070874,-0.80078125,from,0,,,,,,,,,
84,other,What is the giraffe eating?,leaves,http://images.cocodataset.org/train2014/COCO_train2014_000000000072.jpg,0,39,0.3237822354962445,-0.421875,leaves,0,,,,,,,,,
85,other,What is on the woman's neck?,necklace,http://images.cocodataset.org/train2014/COCO_train2014_000000393290.jpg,0,54,0.4145276052126312,-0.2080078125,neck,0,,,,,,,,,
86,other,What item is folded up and sitting on the edge of the shower stall?,towel,http://images.cocodataset.org/train2014/COCO_train2014_000000393291.jpg,0,42,0.32899118668683863,-0.2373046875,to,0,,,,,,,,,
87,other,What pattern is on the shower curtain?,solid,http://images.cocodataset.org/train2014/COCO_train2014_000000393291.jpg,0,45,0.377559801845209,-0.671875,solid,0,,,,,,,,,
88,other,What are the colors of the countertop?,brown,http://images.cocodataset.org/train2014/COCO_train2014_000000393291.jpg,0,55,0.43674881020891354,-0.43359375,brown,0,,,,,,,,,
89,other,What is the person on the right called?,referee,http://images.cocodataset.org/train2014/COCO_train2014_000000262221.jpg,0,41,0.34359726555739156,-1.0546875,ump,0,,,,,,,,,
90,other,What time does the clock say?,8:00,http://images.cocodataset.org/train2014/COCO_train2014_000000000078.jpg,0,4,0.125,-0.462890625,1,0,,,,,,,,,
91,other,What is the last letter over the plane?,e,http://images.cocodataset.org/train2014/COCO_train2014_000000000081.jpg,0,18,0.1823934896284056,-1.0546875,e,0,,,,,,,,,
92,other,What is the number on the mailbox?,24,http://images.cocodataset.org/train2014/COCO_train2014_000000000086.jpg,0,512,0.0,-0.59765625,3,0,,,,,,,,,
93,other,What are the animals doing?,grazing,http://images.cocodataset.org/train2014/COCO_train2014_000000524375.jpg,0,35,0.3240704566844337,-0.5703125,gra,0,,,,,,,,,
94,other,What breed of livestock is shown?,sheep,http://images.cocodataset.org/train2014/COCO_train2014_000000524375.jpg,0,46,0.44707720561358316,-0.2578125,sheep,0,,,,,,,,,
95,other,What language is the sign written in?,spanish,http://images.cocodataset.org/train2014/COCO_train2014_000000131160.jpg,0,28,0.9926597702226162,-1.78125,turkish,0,,,,,,,,,
96,other,How has the cheese been prepared?,melted,http://images.cocodataset.org/train2014/COCO_train2014_000000524377.jpg,0,50,0.41158653805564255,-1.0703125,mel,0,,,,,,,,,
97,other,What is the cutting board used for in this scene?,plate,http://images.cocodataset.org/train2014/COCO_train2014_000000524377.jpg,0,51,0.38901199553491306,-1.40625,plate,0,,,,,,,,,
98,other,Of what meal is this kind of food typical?,lunch,http://images.cocodataset.org/train2014/COCO_train2014_000000524377.jpg,0,6,0.1981203125901445,-0.51953125,lunch,0,,,,,,,,,
99,other,What type of food is shown?,hot dog,http://images.cocodataset.org/train2014/COCO_train2014_000000524377.jpg,0,68,0.4897932981291317,-0.72265625,hot,0,,,,,,,,,
100,other,What is the topping on the hot dog?,peppers,http://images.cocodataset.org/train2014/COCO_train2014_000000524377.jpg,0,68,0.4438220061107144,-0.6328125,on,0,,,,,,,,,
101,other,What topping is on the hot dog?,onions,http://images.cocodataset.org/train2014/COCO_train2014_000000524377.jpg,0,83,0.5206542644765063,-0.69140625,on,0,,,,,,,,,
102,other,What is in the small container?,butter,http://images.cocodataset.org/train2014/COCO_train2014_000000524377.jpg,0,72,0.48170285790840023,-0.89453125,butter,0,,,,,,,,,
103,other,What are the components of this dish?,butter,http://images.cocodataset.org/train2014/COCO_train2014_000000524377.jpg,1,57,0.48990072057607775,-0.51953125,hot,1,15.0,0.0906432748538012,0.9018972358711528,,,,,,
104,other,How delicious does this look?,very,http://images.cocodataset.org/train2014/COCO_train2014_000000524377.jpg,0,62,0.4727709515390066,-0.65625,very,0,,,,,,,,,
105,other,What two vegetables are in the white bowl?,none,http://images.cocodataset.org/train2014/COCO_train2014_000000524377.jpg,0,74,0.47031641319136114,-1.2265625,on,0,,,,,,,,,
106,other,What type of filling is in the dish on the bottom left?,mayonnaise,http://images.cocodataset.org/train2014/COCO_train2014_000000524377.jpg,0,82,0.5106090640033409,-1.7734375,butter,0,,,,,,,,,
107,other,What is the yellow stuff in a bowl?,butter,http://images.cocodataset.org/train2014/COCO_train2014_000000524377.jpg,0,92,0.5049871482781417,-0.76171875,butter,0,,,,,,,,,
108,other,What is the hot dog sitting on top of?,bun,http://images.cocodataset.org/train2014/COCO_train2014_000000524377.jpg,0,44,0.35184916044699677,-0.546875,bun,0,,,,,,,,,
109,other,What are the orange things?,sweet potato fries,http://images.cocodataset.org/train2014/COCO_train2014_000000524377.jpg,0,52,0.43662162001332505,-0.43359375,fries,0,,,,,,,,,
110,other,Are the carrots diced or cut long ways?,long ways,http://images.cocodataset.org/train2014/COCO_train2014_000000524377.jpg,1,121,0.6179627773687602,-0.57421875,cut,1,15.0,0.029473684210526315,0.7219280948873623,,,,,,
111,other,What is in the cup?,mayo,http://images.cocodataset.org/train2014/COCO_train2014_000000524377.jpg,0,60,0.42875023764897946,-0.71875,butter,0,,,,,,,,,
112,other,What is the orange root called?,sweet potato,http://images.cocodataset.org/train2014/COCO_train2014_000000524377.jpg,0,78,0.4942894668234096,-1.28125,sweet,0,,,,,,,,,
113,other,What is the blackened meat on the bread?,hot dog,http://images.cocodataset.org/train2014/COCO_train2014_000000524377.jpg,0,78,0.5189252684437125,-1.46875,hot,0,,,,,,,,,
114,other,What is on the sandwich?,hot dog,http://images.cocodataset.org/train2014/COCO_train2014_000000524377.jpg,0,51,0.40917622930237685,-1.25,on,0,,,,,,,,,
115,other,What animal is on the plate?,pig,http://images.cocodataset.org/train2014/COCO_train2014_000000524377.jpg,0,73,0.47709016317169317,-1.328125,none,0,,,,,,,,,
116,other,What is on the hotdog?,onions,http://images.cocodataset.org/train2014/COCO_train2014_000000524377.jpg,0,61,0.42580323130290604,-0.5,on,0,,,,,,,,,
117,other,What two vegetables can be seen on the pizza?,none,http://images.cocodataset.org/train2014/COCO_train2014_000000524377.jpg,0,61,0.4140645667057076,-1.5,on,0,,,,,,,,,
118,other,What condiment is on the potatoes?,butter,http://images.cocodataset.org/train2014/COCO_train2014_000000524377.jpg,0,79,0.4929941554977002,-1.09375,pars,0,,,,,,,,,
119,other,What sauces are shown?,butter,http://images.cocodataset.org/train2014/COCO_train2014_000000524377.jpg,1,88,0.5120484599381996,-1.4140625,may,1,22.0,0.0840220385674931,0.4394969869215134,,,,,,
120,other,What is mainly featured?,hot dog,http://images.cocodataset.org/train2014/COCO_train2014_000000524377.jpg,0,54,0.4180552840516485,-0.72265625,hot,0,,,,,,,,,
121,other,What is the pattern on the vase?,floral,http://images.cocodataset.org/train2014/COCO_train2014_000000393306.jpg,0,84,0.5564794735862864,-0.609375,floral,0,,,,,,,,,
122,other,What is the primary color of the bathroom?,yellow,http://images.cocodataset.org/train2014/COCO_train2014_000000262159.jpg,0,91,0.5629631765093677,-0.439453125,yellow,0,,,,,,,,,
123,other,What is printed on the orange sign?,pizza,http://images.cocodataset.org/train2014/COCO_train2014_000000000094.jpg,0,56,0.972062606909019,-2.265625,hotel,0,,,,,,,,,
124,other,What is the name of the hotel?,peace way,http://images.cocodataset.org/train2014/COCO_train2014_000000000094.jpg,0,54,0.4210459562396047,-0.08154296875,peace,0,,,,,,,,,
125,other,What mode of transportation is pictured?,car,http://images.cocodataset.org/train2014/COCO_train2014_000000000094.jpg,0,70,0.5063698189369116,-0.416015625,car,0,,,,,,,,,
126,other,What airline is this?,everts air cargo,http://images.cocodataset.org/train2014/COCO_train2014_000000393311.jpg,0,6,0.9984964301837164,-1.1640625,cargo,0,,,,,,,,,
127,other,The plane's stand resembles what letter?,a,http://images.cocodataset.org/train2014/COCO_train2014_000000393311.jpg,0,40,0.38031015629507225,-1.8359375,letter,0,,,,,,,,,
128,other,What type of plane is this?,cargo,http://images.cocodataset.org/train2014/COCO_train2014_000000393311.jpg,0,6,0.1981203125901445,-0.1650390625,cargo,0,,,,,,,,,
129,other,What is written on the picture?,dutchsimba,http://images.cocodataset.org/train2014/COCO_train2014_000000393311.jpg,0,29,0.23973373754945712,-1.5078125,CAR,0,,,,,,,,,
130,other,What shipping company is represented in the scene?,everts air cargo,http://images.cocodataset.org/train2014/COCO_train2014_000000393311.jpg,0,59,0.42074309641473995,-2.265625,car,0,,,,,,,,,
131,other,What airline is this plane from?,everts air cargo,http://images.cocodataset.org/train2014/COCO_train2014_000000393311.jpg,0,6,0.994909769959314,-1.8046875,cargo,0,,,,,,,,,
132,other,How does the man get down from the machine?,stairs,http://images.cocodataset.org/train2014/COCO_train2014_000000393311.jpg,0,71,0.4861409104644735,-1.1796875,ladder,0,,,,,,,,,
133,other,What is the picture of on wall?,abstract,http://images.cocodataset.org/train2014/COCO_train2014_000000524386.jpg,0,49,0.4154621327418269,-1.53125,abstract,0,,,,,,,,,
134,other,What is on the carpet?,rug,http://images.cocodataset.org/train2014/COCO_train2014_000000524386.jpg,0,29,0.2793524478066104,-0.1611328125,rug,0,,,,,,,,,
135,other,What are the ladies doing?,texting,http://images.cocodataset.org/train2014/COCO_train2014_000000131172.jpg,0,59,0.4233686045944164,-0.7578125,text,0,,,,,,,,,
136,other,What is written on the street?,nothing,http://images.cocodataset.org/train2014/COCO_train2014_000000393317.jpg,0,2,-0.0,-0.91015625,avenue,0,,,,,,,,,
137,other,Urban or suburban?,urban,http://images.cocodataset.org/train2014/COCO_train2014_000000393317.jpg,0,85,0.49994062020598784,-0.271484375,urban,0,,,,,,,,,
138,other,What type of vehicle is on the left?,bus,http://images.cocodataset.org/train2014/COCO_train2014_000000393317.jpg,0,46,0.39323479520573873,-0.1025390625,bus,0,,,,,,,,,
139,other,What is being held green?,light,http://images.cocodataset.org/train2014/COCO_train2014_000000393317.jpg,0,38,0.3275652857650348,-2.078125,stop,0,,,,,,,,,
140,other,What time of day is it?,afternoon,http://images.cocodataset.org/train2014/COCO_train2014_000000393317.jpg,0,55,0.41832506596410507,-0.9921875,afternoon,0,,,,,,,,,
141,other,What country name is written as the highest word on the bus?,guatemala,http://images.cocodataset.org/train2014/COCO_train2014_000000546151.jpg,0,59,0.46565884886682246,-2.046875,gu,0,,,,,,,,,
142,other,What is the skier standing on?,skis,http://images.cocodataset.org/train2014/COCO_train2014_000000021826.jpg,0,512,0.0,-0.796875,skis,0,,,,,,,,,
143,other,What is the person doing?,skiing,http://images.cocodataset.org/train2014/COCO_train2014_000000021826.jpg,0,57,0.4367369909460893,-0.2421875,ski,0,,,,,,,,,
144,other,What infrastructure would one drive on to go perpendicular to the water?,boat,http://images.cocodataset.org/train2014/COCO_train2014_000000000109.jpg,0,41,0.3840908801295478,-0.70703125,boat,0,,,,,,,,,
145,other,What pizza topping is this?,cheese,http://images.cocodataset.org/train2014/COCO_train2014_000000000110.jpg,0,81,0.5539954318311968,-0.11572265625,cheese,0,,,,,,,,,
146,other,What is in the vase next to the flowers?,paper,http://images.cocodataset.org/train2014/COCO_train2014_000000305853.jpg,0,50,0.3656642681320729,-0.765625,paper,0,,,,,,,,,
147,other,Are these flowers real or silk?,real,http://images.cocodataset.org/train2014/COCO_train2014_000000305853.jpg,0,69,0.9570524840770105,-0.3515625,real,0,,,,,,,,,
148,other,England's Queen mother and these blooms share what syllable?,sun,http://images.cocodataset.org/train2014/COCO_train2014_000000305853.jpg,0,53,0.41676969084217275,-2.546875,e,0,,,,,,,,,
149,other,What emblem is on the cake?,words,http://images.cocodataset.org/train2014/COCO_train2014_000000000113.jpg,0,30,0.4272869792568112,-2.125,none,0,,,,,,,,,
150,other,Are they outside or in?,inside,http://images.cocodataset.org/train2014/COCO_train2014_000000000113.jpg,0,87,0.49848110157429254,-0.796875,inside,0,,,,,,,,,
151,other,What are the initials on the cake?,md,http://images.cocodataset.org/train2014/COCO_train2014_000000000113.jpg,0,44,0.40538427367857116,-2.078125,mk,0,,,,,,,,,
152,other,What utensil is in the pan?,knife,http://images.cocodataset.org/train2014/COCO_train2014_000000262261.jpg,0,43,0.37511523280588543,-0.1025390625,knife,0,,,,,,,,,
153,other,What is the red vegetable in the clear dish?,tomato,http://images.cocodataset.org/train2014/COCO_train2014_000000262261.jpg,0,61,0.44136707180725604,-0.5546875,tomato,0,,,,,,,,,
154,other,What tree is on the left?,evergreen,http://images.cocodataset.org/train2014/COCO_train2014_000000131190.jpg,0,512,0.0,-1.9296875,bush,0,,,,,,,,,
155,other,What is the material right around the clock?,wood,http://images.cocodataset.org/train2014/COCO_train2014_000000131190.jpg,0,37,0.332565515003843,-0.53515625,brick,0,,,,,,,,,
156,other,How tall is this building?,100 feet,http://images.cocodataset.org/train2014/COCO_train2014_000000131190.jpg,0,4,0.125,-1.7421875,2,0,,,,,,,,,
157,other,What materials are on the roof?,shingles,http://images.cocodataset.org/train2014/COCO_train2014_000000131190.jpg,0,53,0.47426342165831326,-1.46875,tiles,0,,,,,,,,,
158,other,What is in gold at the top of the building?,clock,http://images.cocodataset.org/train2014/COCO_train2014_000000131190.jpg,0,65,0.45997227422167625,-0.4765625,bell,0,,,,,,,,,
159,other,What are on both side of the building?,trees,http://images.cocodataset.org/train2014/COCO_train2014_000000131190.jpg,0,37,0.35785197737922014,-0.609375,trees,0,,,,,,,,,
160,other,What is around the tree?,building,http://images.cocodataset.org/train2014/COCO_train2014_000000131190.jpg,0,26,0.24099975939142837,-1.671875,bush,0,,,,,,,,,
161,other,What is the woman doing in this photo?,petting sheep,http://images.cocodataset.org/train2014/COCO_train2014_000000131197.jpg,0,58,0.9606039325099003,-0.2578125,pet,0,,,,,,,,,
162,other,What are the sheep standing on?,hay,http://images.cocodataset.org/train2014/COCO_train2014_000000131197.jpg,0,32,0.3253295682790036,-0.2275390625,hay,0,,,,,,,,,
163,other,What is the woman feeding the animal?,hay,http://images.cocodataset.org/train2014/COCO_train2014_000000131197.jpg,0,38,0.34508924187210593,-0.99609375,hay,0,,,,,,,,,
164,other,What type of silverware is on the plates?,knife and spoon,http://images.cocodataset.org/train2014/COCO_train2014_000000000127.jpg,0,43,0.3859578919694268,-0.92578125,knife,0,,,,,,,,,
165,other,What is the man holding in his left hand?,ski pole,http://images.cocodataset.org/train2014/COCO_train2014_000000262273.jpg,0,46,0.39704404544734134,-0.451171875,ski,0,,,,,,,,,
166,other,What is the color of the zipper?,black,http://images.cocodataset.org/train2014/COCO_train2014_000000262273.jpg,0,66,0.48546901865922376,-0.640625,black,0,,,,,,,,,
167,other,Are the boots a solid color or patterned?,patterned,http://images.cocodataset.org/train2014/COCO_train2014_000000262273.jpg,0,102,0.5800237319207423,-0.380859375,solid,0,,,,,,,,,
168,other,What are the people doing in the street?,walking,http://images.cocodataset.org/train2014/COCO_train2014_000000524420.jpg,0,18,0.9944993295917657,-0.18359375,walking,0,,,,,,,,,
169,other,What is floating near the bird?,ice,http://images.cocodataset.org/train2014/COCO_train2014_000000436929.jpg,0,64,0.4093063849805119,-1.0859375,ice,0,,,,,,,,,
170,other,What brand of soda is advertised?,pepsi,http://images.cocodataset.org/train2014/COCO_train2014_000000284012.jpg,0,35,0.9475917277698878,-0.12451171875,pe,0,,,,,,,,,
171,other,What Mexican food restaurant chain is advertised?,del taco,http://images.cocodataset.org/train2014/COCO_train2014_000000284012.jpg,0,27,0.2683049180838769,-2.21875,el,0,,,,,,,,,
172,other,How is the turnout?,good,http://images.cocodataset.org/train2014/COCO_train2014_000000284012.jpg,0,34,0.38697440687511675,-1.1640625,good,0,,,,,,,,,
173,other,What is the large sculpture next to the oversized cola bottle?,building,http://images.cocodataset.org/train2014/COCO_train2014_000000284012.jpg,0,2,0.9991091581607501,-1.3359375,statue,0,,,,,,,,,
174,other,What time is it?,1:50,http://images.cocodataset.org/train2014/COCO_train2014_000000000138.jpg,0,512,0.0,-0.5703125,1,0,,,,,,,,,
175,other,What continent might this be?,africa,http://images.cocodataset.org/train2014/COCO_train2014_000000262285.jpg,0,39,0.3319201856061176,-0.12451171875,africa,0,,,,,,,,,
176,other,What type of fruit is on the plate?,banana,http://images.cocodataset.org/train2014/COCO_train2014_000000000142.jpg,0,48,0.3597090304714018,-0.5,banana,0,,,,,,,,,
177,other,What is in the blue chair?,teddy bears,http://images.cocodataset.org/train2014/COCO_train2014_000000131215.jpg,0,0,0.998585585846516,-0.9296875,teddy,0,,,,,,,,,
178,other,What type of footwear is the person wearing?,socks,http://images.cocodataset.org/train2014/COCO_train2014_000000131215.jpg,0,6,0.1981203125901445,-0.87890625,socks,0,,,,,,,,,
179,other,What are the animals doing?,eating,http://images.cocodataset.org/train2014/COCO_train2014_000000000144.jpg,0,39,0.3369820768555067,-0.43359375,eating,0,,,,,,,,,
180,other,What type of animal is in the picture?,giraffe,http://images.cocodataset.org/train2014/COCO_train2014_000000000144.jpg,0,60,0.43841634750437447,-0.08984375,gira,0,,,,,,,,,
181,other,What does the front of the bus say at the top?,special,http://images.cocodataset.org/train2014/COCO_train2014_000000131225.jpg,0,60,0.430702420323433,-0.1513671875,special,0,,,,,,,,,
182,other,What direction are the animals heading?,right,http://images.cocodataset.org/train2014/COCO_train2014_000000000154.jpg,0,43,0.34345918689752397,-0.91015625,left,0,,,,,,,,,
183,other,Is the zebra walking or standing still?,walking,http://images.cocodataset.org/train2014/COCO_train2014_000000000154.jpg,0,62,0.41975090376311047,-0.7578125,walking,0,,,,,,,,,
184,other,Number of animals?,3,http://images.cocodataset.org/train2014/COCO_train2014_000000000154.jpg,0,512,0.0,-0.1201171875,3,0,,,,,,,,,
185,other,What is on the plate?,cupcake,http://images.cocodataset.org/train2014/COCO_train2014_000000393375.jpg,0,123,0.5877191286384063,-0.08154296875,cupcake,0,,,,,,,,,
186,other,What are the pink pieces of paper called?,post-its,http://images.cocodataset.org/train2014/COCO_train2014_000000393375.jpg,0,59,0.45131438008648145,-0.6640625,post,0,,,,,,,,,
187,other,What is the green stuff?,broccoli,http://images.cocodataset.org/train2014/COCO_train2014_000000393379.jpg,0,54,0.38930641394045884,-0.1025390625,bro,0,,,,,,,,,
188,other,Is this a finger food or dish?,dish,http://images.cocodataset.org/train2014/COCO_train2014_000000393379.jpg,1,104,0.5289087818259468,-0.3984375,dish,1,32.0,0.05965909090909092,0.954434002924965,,,,,,
189,other,What ICING IS USED ON THIS CAKE?,vanilla,http://images.cocodataset.org/train2014/COCO_train2014_000000262308.jpg,0,16,0.9896012015977858,-1.4765625,butter,0,,,,,,,,,
190,other,What is the figure on the cupcake?,soldier,http://images.cocodataset.org/train2014/COCO_train2014_000000262308.jpg,0,30,0.4883613244510647,-1.0078125,soldier,0,,,,,,,,,
191,other,What flavor is the cupcake?,vanilla,http://images.cocodataset.org/train2014/COCO_train2014_000000262308.jpg,0,70,0.46344715090097055,-0.1650390625,vanilla,0,,,,,,,,,
192,other,What is the woman doing?,cutting tie,http://images.cocodataset.org/train2014/COCO_train2014_000000000165.jpg,0,59,0.4292315739380941,-0.3359375,cutting,0,,,,,,,,,
193,other,What room is this?,living room,http://images.cocodataset.org/train2014/COCO_train2014_000000415089.jpg,0,45,0.3413307686071221,-1.5234375,living,0,,,,,,,,,
194,other,What is the boy doing?,herding,http://images.cocodataset.org/train2014/COCO_train2014_000000131245.jpg,0,37,0.36067268823248044,-1.6484375,her,0,,,,,,,,,
195,other,What animal is on the walls?,fish,http://images.cocodataset.org/train2014/COCO_train2014_000000393394.jpg,0,41,0.3149925040236642,-1.25,none,0,,,,,,,,,
196,other,Sunny or overcast?,overcast,http://images.cocodataset.org/train2014/COCO_train2014_000000393396.jpg,0,66,0.38836132445106486,-0.0986328125,over,0,,,,,,,,,
197,other,What is the color of the roof shingles?,gray,http://images.cocodataset.org/train2014/COCO_train2014_000000393396.jpg,0,55,0.4137581823620954,-0.7890625,brown,0,,,,,,,,,
198,other,What symbol sits atop the tower?,cross,http://images.cocodataset.org/train2014/COCO_train2014_000000393396.jpg,0,58,0.37531071125928295,-0.2275390625,cross,0,,,,,,,,,
199,other,What is the grate for?,toaster oven,http://images.cocodataset.org/train2014/COCO_train2014_000000524471.jpg,0,36,0.994290706562917,-1.8515625,cooking,0,,,,,,,,,
200,other,What time is it?,11:55,http://images.cocodataset.org/train2014/COCO_train2014_000000262329.jpg,0,4,0.125,-0.92578125,1,0,,,,,,,,,
201,other,What is the brown object with a clock on it?,birdhouse,http://images.cocodataset.org/train2014/COCO_train2014_000000262329.jpg,0,63,0.4100476879416323,-1.3515625,house,0,,,,,,,,,
202,other,What number bus is this?,892,http://images.cocodataset.org/train2014/COCO_train2014_000000393403.jpg,0,512,0.0,-0.1025390625,8,0,,,,,,,,,
203,other,What is the woman holding?,hair dryer,http://images.cocodataset.org/train2014/COCO_train2014_000000524476.jpg,0,39,0.3600373379768169,-1.0859375,hair,0,,,,,,,,,
204,other,What shape is at the bottom of the pole?,rectangle,http://images.cocodataset.org/train2014/COCO_train2014_000000257513.jpg,1,36,0.39575653144352824,-0.828125,round,1,15.0,0.1677777777777778,0.7835807040488099,,,,,,
205,other,What type of bed is in the picture?,bunk bed,http://images.cocodataset.org/train2014/COCO_train2014_000000257513.jpg,0,56,0.4126657764214579,-0.11572265625,b,0,,,,,,,,,
206,other,What is he cooking?,hot dogs,http://images.cocodataset.org/train2014/COCO_train2014_000000524486.jpg,0,38,0.35233019944796634,-0.1650390625,hot,0,,,,,,,,,
207,other,Is this a new or ancient clock?,ancient,http://images.cocodataset.org/train2014/COCO_train2014_000000458785.jpg,1,124,0.5993908098241321,-0.283203125,ancient,1,18.0,0.042253521126760556,0.0,,,,,,
208,other,What time does the clock read?,12:55,http://images.cocodataset.org/train2014/COCO_train2014_000000458785.jpg,0,4,0.125,-1.2890625,3,0,,,,,,,,,
209,other,What mountain was this taken at?,lookout,http://images.cocodataset.org/train2014/COCO_train2014_000000000201.jpg,0,76,0.4394961205876002,-2.140625,as,0,,,,,,,,,
210,other,What is the black thing he is wearing?,apron,http://images.cocodataset.org/train2014/COCO_train2014_000000393418.jpg,0,61,0.5264075920540351,-0.18359375,ap,0,,,,,,,,,
211,other,What is the man doing in the picture?,cooking,http://images.cocodataset.org/train2014/COCO_train2014_000000393418.jpg,0,50,0.42372353774665816,-0.38671875,cooking,0,,,,,,,,,
212,other,What is the cartoon man presenting to the cartoon woman?,ring,http://images.cocodataset.org/train2014/COCO_train2014_000000393419.jpg,0,67,0.4447871962847524,-0.421875,ring,0,,,,,,,,,
213,other,What does the sign with the white arrow say?,one way,http://images.cocodataset.org/train2014/COCO_train2014_000000393419.jpg,0,31,0.9791090793163819,-0.1025390625,one,0,,,,,,,,,
214,other,"What is above the ""No Left Turn"" sign?",one way,http://images.cocodataset.org/train2014/COCO_train2014_000000393419.jpg,0,33,0.26834764560388524,-1.2265625,one,0,,,,,,,,,
215,other,What is the sign says?,stop,http://images.cocodataset.org/train2014/COCO_train2014_000000393422.jpg,0,48,0.3968367439558378,-0.111328125,stop,0,,,,,,,,,
216,other,What gender are both of the children likely to be?,female,http://images.cocodataset.org/train2014/COCO_train2014_000000131279.jpg,0,70,0.5507972361643211,-1.1171875,female,0,,,,,,,,,
217,other,What is the one girl doing to the other girl's hair?,brushing,http://images.cocodataset.org/train2014/COCO_train2014_000000131279.jpg,0,64,0.4815526439556057,-0.54296875,br,0,,,,,,,,,
218,other,Something new to wear with a men's shirt?,tie,http://images.cocodataset.org/train2014/COCO_train2014_000000448671.jpg,0,49,0.42261691686810837,-0.439453125,tie,0,,,,,,,,,
219,other,How much did they pay for the hot dogs?,1,http://images.cocodataset.org/train2014/COCO_train2014_000000393428.jpg,0,71,0.5050204067977603,-1.359375,2,0,,,,,,,,,
220,other,What is in the man's hand?,tennis racket,http://images.cocodataset.org/train2014/COCO_train2014_000000554301.jpg,0,61,0.45748509781486885,-0.890625,tennis,0,,,,,,,,,
221,other,What silverware is on the table?,knife and fork,http://images.cocodataset.org/train2014/COCO_train2014_000000262359.jpg,0,76,0.5225625368478884,-0.94140625,fork,0,,,,,,,,,
222,other,What type of animal is it?,cat,http://images.cocodataset.org/train2014/COCO_train2014_000000393432.jpg,0,58,0.5171052735163766,-0.111328125,cat,0,,,,,,,,,
223,other,What is the man standing on?,sand,http://images.cocodataset.org/train2014/COCO_train2014_000000474858.jpg,0,45,0.375689398021342,-0.314453125,sand,0,,,,,,,,,
224,other,What are these men standing in front of?,ocean,http://images.cocodataset.org/train2014/COCO_train2014_000000474858.jpg,0,45,0.37184279099318124,-0.67578125,ocean,0,,,,,,,,,
225,other,What is the temperature outside?,cold,http://images.cocodataset.org/train2014/COCO_train2014_000000474858.jpg,0,44,0.38335842792669544,-1.34375,cold,0,,,,,,,,,
226,other,What is lying on the ground?,surfboard,http://images.cocodataset.org/train2014/COCO_train2014_000000474858.jpg,0,53,0.3688620033282637,-0.203125,surf,0,,,,,,,,,
227,other,What is flying in the air?,kites,http://images.cocodataset.org/train2014/COCO_train2014_000000474858.jpg,0,30,0.29548314024385675,-0.9921875,k,0,,,,,,,,,
228,other,What brand of shoes is the skateboarder wearing?,none,http://images.cocodataset.org/train2014/COCO_train2014_000000474858.jpg,0,89,0.5118593207902643,-0.90234375,nike,0,,,,,,,,,
229,other,What type of clouds are visible in this photo?,cumulus,http://images.cocodataset.org/train2014/COCO_train2014_000000474858.jpg,0,44,0.36877897975429225,-0.9609375,cum,0,,,,,,,,,
230,other,What is the man doing?,standing,http://images.cocodataset.org/train2014/COCO_train2014_000000474858.jpg,0,44,0.39347038542594337,-0.9609375,standing,0,,,,,,,,,
231,other,Is the person on the right male or female?,male,http://images.cocodataset.org/train2014/COCO_train2014_000000474858.jpg,0,30,0.32436332728049244,-0.1796875,male,0,,,,,,,,,
232,other,What object is painted on the surfboard?,star,http://images.cocodataset.org/train2014/COCO_train2014_000000474858.jpg,1,53,0.4190351739793093,-2.34375,sun,1,15.0,0.12987012987012989,0.9182958340544896,,,,,,
233,other,What does the train ride along?,tracks,http://images.cocodataset.org/train2014/COCO_train2014_000000165859.jpg,0,42,0.370027386085995,-0.890625,tracks,0,,,,,,,,,
234,other,What is turned on?,light,http://images.cocodataset.org/train2014/COCO_train2014_000000039288.jpg,0,49,0.39723432137975906,-0.59765625,light,0,,,,,,,,,
235,other,What is the name of the yellow fruit pictured?,banana,http://images.cocodataset.org/train2014/COCO_train2014_000000039288.jpg,0,42,0.36202325983474504,-0.11572265625,banana,0,,,,,,,,,
236,other,What shape are the plates?,round,http://images.cocodataset.org/train2014/COCO_train2014_000000524518.jpg,0,68,0.4437622108584854,-0.69140625,round,0,,,,,,,,,
237,other,What indicates that this is for a party?,many plates,http://images.cocodataset.org/train2014/COCO_train2014_000000524518.jpg,0,46,0.3639252069898289,-2.1875,beer,0,,,,,,,,,
238,other,What two utensils are next to the plate?,fork and knife,http://images.cocodataset.org/train2014/COCO_train2014_000000524518.jpg,0,64,0.4531074320640398,-1.1015625,fork,0,,,,,,,,,
239,other,How lucky is it that no one was walking on the sidewalk at that time?,very,http://images.cocodataset.org/train2014/COCO_train2014_000000524520.jpg,0,0,0.9958490419748669,-0.41015625,very,0,,,,,,,,,
240,other,What traffic light is on?,red,http://images.cocodataset.org/train2014/COCO_train2014_000000524520.jpg,0,78,0.4767678089247352,-0.427734375,red,0,,,,,,,,,
241,other,What number does the battery have on his shirt?,11,http://images.cocodataset.org/train2014/COCO_train2014_000000524522.jpg,0,512,0.0,-0.12890625,1,0,,,,,,,,,
242,other,What team is the batter from?,yankees,http://images.cocodataset.org/train2014/COCO_train2014_000000524522.jpg,0,28,0.2963688243068336,-0.92578125,oak,0,,,,,,,,,
243,other,What objects are directly above the TV set?,pictures,http://images.cocodataset.org/train2014/COCO_train2014_000000131312.jpg,0,62,0.9325158754825948,-0.53515625,pictures,0,,,,,,,,,
244,other,What print is this woman's dress?,dots,http://images.cocodataset.org/train2014/COCO_train2014_000000131315.jpg,0,72,0.5296809524997076,-1.8046875,check,0,,,,,,,,,
245,other,What is on the handlebars?,bird,http://images.cocodataset.org/train2014/COCO_train2014_000000262389.jpg,0,58,0.4346421048959541,-0.68359375,bird,0,,,,,,,,,
246,other,What bird is on the man's bike?,parrot,http://images.cocodataset.org/train2014/COCO_train2014_000000262389.jpg,0,8,0.9975274379356545,-0.2216796875,parrot,0,,,,,,,,,
247,other,What is the fence made of?,metal,http://images.cocodataset.org/train2014/COCO_train2014_000000262393.jpg,0,38,0.31910339551722705,-0.69140625,metal,0,,,,,,,,,
248,other,What is the name of the street that starts with a color?,greenwich,http://images.cocodataset.org/train2014/COCO_train2014_000000000250.jpg,0,64,0.4766707520363588,-0.08984375,green,0,,,,,,,,,
249,other,How can you tell the giraffe is in captivity?,fence,http://images.cocodataset.org/train2014/COCO_train2014_000000131323.jpg,0,58,0.40915139186580823,-0.2216796875,fence,0,,,,,,,,,
250,other,What is the name of the store behind the lady?,pike place fish,http://images.cocodataset.org/train2014/COCO_train2014_000000262399.jpg,0,6,0.1981203125901445,-0.2080078125,pike,0,,,,,,,,,
251,other,What does the lady have in her mouth?,fish,http://images.cocodataset.org/train2014/COCO_train2014_000000262399.jpg,0,12,0.997417617529509,-0.427734375,donut,0,,,,,,,,,
252,other,What are the popsicle sticks used for?,labels,http://images.cocodataset.org/train2014/COCO_train2014_000000131330.jpg,0,29,0.32053954168040516,-1.5859375,plant,0,,,,,,,,,
253,other,What is the structure in the background?,teepee,http://images.cocodataset.org/train2014/COCO_train2014_000000524547.jpg,0,70,0.4236281609212597,-1.28125,tent,0,,,,,,,,,
254,other,What are these people doing?,snowboarding,http://images.cocodataset.org/train2014/COCO_train2014_000000524551.jpg,0,46,0.381342895396979,-0.462890625,snow,0,,,,,,,,,
255,other,What is the white structure behind the ramp?,teepee,http://images.cocodataset.org/train2014/COCO_train2014_000000524551.jpg,0,35,0.3638562868206134,-1.0078125,tee,0,,,,,,,,,
256,other,What is on the ground?,snow,http://images.cocodataset.org/train2014/COCO_train2014_000000393480.jpg,0,47,0.3767110245000035,-0.0986328125,snow,0,,,,,,,,,
257,other,What is the man wearing?,shorts,http://images.cocodataset.org/train2014/COCO_train2014_000000131339.jpg,0,16,0.375,-0.2080078125,shorts,0,,,,,,,,,
258,other,What sport are they playing?,soccer,http://images.cocodataset.org/train2014/COCO_train2014_000000524557.jpg,0,39,0.3396896316390653,-0.1650390625,soccer,0,,,,,,,,,
259,other,Color is the goaltenders shirt?,white,http://images.cocodataset.org/train2014/COCO_train2014_000000524557.jpg,0,72,0.48357823810867817,-0.1513671875,white,0,,,,,,,,,
260,other,Are they coworkers or best friends?,best friends,http://images.cocodataset.org/train2014/COCO_train2014_000000131342.jpg,3,114,0.6289832329443167,-0.78125,co,3,16.0,0.03273809523809523,0.8112781244591328,20.0,0.030952380952380953,18.0,0.027777777777777776,0.9709505944546686,0.9182958340544896
261,other,What is in the glass in the lower right?,wine,http://images.cocodataset.org/train2014/COCO_train2014_000000131342.jpg,0,8,0.9917230355827625,-0.75390625,wine,0,,,,,,,,,
262,other,The wall is made out of?,brick,http://images.cocodataset.org/train2014/COCO_train2014_000000131342.jpg,0,84,0.49700413184923786,-0.10693359375,brick,0,,,,,,,,,
263,other,What does the sign in the background say?,no parking,http://images.cocodataset.org/train2014/COCO_train2014_000000262415.jpg,0,69,0.47586378906538784,-1.140625,school,0,,,,,,,,,
264,other,What is behind the mirror?,bus,http://images.cocodataset.org/train2014/COCO_train2014_000000262415.jpg,0,29,0.3264088511408689,-0.68359375,bus,0,,,,,,,,,
265,other,How healthy does this meal look?,very,http://images.cocodataset.org/train2014/COCO_train2014_000000393488.jpg,0,55,0.4093664030691546,-0.251953125,very,0,,,,,,,,,
266,other,What meat is used in the main dish?,beef,http://images.cocodataset.org/train2014/COCO_train2014_000000393488.jpg,0,53,0.42454165340195116,-1.1484375,beef,0,,,,,,,,,
267,other,What is the man reaching for?,phone,http://images.cocodataset.org/train2014/COCO_train2014_000000393489.jpg,0,55,0.407226857193241,-0.625,phone,0,,,,,,,,,
268,other,What language is the text on the sign?,english,http://images.cocodataset.org/train2014/COCO_train2014_000000393489.jpg,0,60,0.4703667020963043,-0.2216796875,english,0,,,,,,,,,
269,other,What is the man holding?,phone,http://images.cocodataset.org/train2014/COCO_train2014_000000393489.jpg,0,45,0.4167140257093328,-0.369140625,phone,0,,,,,,,,,
270,other,What does this phone case look like?,silver,http://images.cocodataset.org/train2014/COCO_train2014_000000393489.jpg,0,60,0.4582910331078086,-1.625,clear,0,,,,,,,,,
271,other,What is the brand of the phone?,pharos,http://images.cocodataset.org/train2014/COCO_train2014_000000393489.jpg,0,40,0.4402050795429149,-0.1513671875,ph,0,,,,,,,,,
272,other,What does this controller go with?,phone,http://images.cocodataset.org/train2014/COCO_train2014_000000393489.jpg,0,53,0.4399385472087544,-1.1171875,phone,0,,,,,,,,,
273,other,What brand is the phone?,pharos,http://images.cocodataset.org/train2014/COCO_train2014_000000393489.jpg,0,48,0.5088320141439909,-0.1337890625,ph,0,,,,,,,,,
274,other,What is the person holding in their hand?,cell phone,http://images.cocodataset.org/train2014/COCO_train2014_000000393489.jpg,0,47,0.4047436654422368,-0.38671875,phone,0,,,,,,,,,
275,other,What is the person holding?,phone,http://images.cocodataset.org/train2014/COCO_train2014_000000393489.jpg,0,52,0.42910730814280423,-0.38671875,phone,0,,,,,,,,,
276,other,What's on the other side of the shower curtain?,shower,http://images.cocodataset.org/train2014/COCO_train2014_000000546179.jpg,0,46,0.3757894493584086,-1.015625,bat,0,,,,,,,,,
277,other,What is the green stuff?,broccoli,http://images.cocodataset.org/train2014/COCO_train2014_000000000009.jpg,1,27,0.35024287167877555,-0.111328125,bro,1,15.0,0.15523809523809529,0.9189900464321514,,,,,,
278,other,What is the floor made of?,tile,http://images.cocodataset.org/train2014/COCO_train2014_000000131351.jpg,0,35,0.3738966826304355,-0.2080078125,tile,0,,,,,,,,,
279,other,What is the ratio of white tiles to blue?,many more white,http://images.cocodataset.org/train2014/COCO_train2014_000000131351.jpg,0,18,0.2660106598614243,-0.765625,1,0,,,,,,,,,
280,other,What power tool is present?,drill,http://images.cocodataset.org/train2014/COCO_train2014_000000131351.jpg,0,64,0.4674881594458621,-0.54296875,drill,0,,,,,,,,,
281,other,What fruit is present?,watermelon,http://images.cocodataset.org/train2014/COCO_train2014_000000131352.jpg,0,59,0.45180445623110366,-0.65625,water,0,,,,,,,,,
282,other,What do you think the cat is looking at?,bird,http://images.cocodataset.org/train2014/COCO_train2014_000000524572.jpg,0,4,0.125,-2.140625,bird,0,,,,,,,,,
283,other,What utensil is sitting next to the food?,fork,http://images.cocodataset.org/train2014/COCO_train2014_000000112497.jpg,0,43,0.3676785039807531,-0.1796875,fork,0,,,,,,,,,
284,other,What is in the jug?,beer,http://images.cocodataset.org/train2014/COCO_train2014_000000112497.jpg,0,44,0.390926555084787,-0.3203125,beer,0,,,,,,,,,
285,other,What is the name of this crusted food?,pizza,http://images.cocodataset.org/train2014/COCO_train2014_000000112497.jpg,0,71,0.48499586641143366,-0.15625,pizza,0,,,,,,,,,
286,other,What animal is on the flatbed?,cow,http://images.cocodataset.org/train2014/COCO_train2014_000000393503.jpg,0,40,0.3823517362914001,-0.12890625,cow,0,,,,,,,,,
287,other,What room of the house is this?,kitchen,http://images.cocodataset.org/train2014/COCO_train2014_000000393508.jpg,0,65,0.44268091871980686,-0.0986328125,kitchen,0,,,,,,,,,
288,other,What is the floor made out of?,wood,http://images.cocodataset.org/train2014/COCO_train2014_000000393508.jpg,0,50,0.9649406969614273,-0.142578125,wood,0,,,,,,,,,
289,other,What do you use the stove for?,cooking,http://images.cocodataset.org/train2014/COCO_train2014_000000393508.jpg,0,51,0.4318125319857124,-0.81640625,cook,0,,,,,,,,,
290,other,What is the batter wearing on his ankles?,guards,http://images.cocodataset.org/train2014/COCO_train2014_000000414639.jpg,0,12,0.3231203125901445,-1.3671875,socks,0,,,,,,,,,
291,other,What is the crouching man in the mask called?,catcher,http://images.cocodataset.org/train2014/COCO_train2014_000000414639.jpg,0,10,0.9907230355827624,-0.18359375,catcher,0,,,,,,,,,
292,other,What are the two women carrying?,rackets,http://images.cocodataset.org/train2014/COCO_train2014_000000131366.jpg,0,26,0.2760245740346359,-0.921875,ra,0,,,,,,,,,
293,other,What are these people holding?,tennis rackets,http://images.cocodataset.org/train2014/COCO_train2014_000000131366.jpg,0,37,0.3292111177311714,-0.427734375,tennis,0,,,,,,,,,
294,other,What is the woman wearing on her neck?,collar,http://images.cocodataset.org/train2014/COCO_train2014_000000131366.jpg,0,51,0.435259866243639,-1.1328125,collar,0,,,,,,,,,
295,other,What sports are they playing?,tennis,http://images.cocodataset.org/train2014/COCO_train2014_000000131366.jpg,0,58,0.41380288017722816,-0.10693359375,tennis,0,,,,,,,,,
296,other,What is the approximate time period of this photo?,1950s,http://images.cocodataset.org/train2014/COCO_train2014_000000131366.jpg,0,38,0.31096324257211094,-0.298828125,1,0,,,,,,,,,
297,other,What are the ladies doing?,playing tennis,http://images.cocodataset.org/train2014/COCO_train2014_000000131366.jpg,0,49,0.40918460831852976,-1.015625,posing,0,,,,,,,,,
298,other,"What three letter word, best describes the liquid container on the ground between the two people?",jug,http://images.cocodataset.org/train2014/COCO_train2014_000000131366.jpg,0,52,0.528733899386673,-1.4921875,can,0,,,,,,,,,
299,other,What does the wall say on the far left?,nothing,http://images.cocodataset.org/train2014/COCO_train2014_000000131366.jpg,0,38,0.40911319941500696,-1.1796875,nothing,0,,,,,,,,,
300,other,What is the woman wearing?,skirt,http://images.cocodataset.org/train2014/COCO_train2014_000000131366.jpg,0,4,0.995175863453364,-1.0703125,sweater,0,,,,,,,,,
301,other,What type of photo is this?,black and white,http://images.cocodataset.org/train2014/COCO_train2014_000000131366.jpg,0,50,0.3822814341645889,-0.703125,black,0,,,,,,,,,
302,other,What sport is this?,tennis,http://images.cocodataset.org/train2014/COCO_train2014_000000131366.jpg,0,64,0.4780017506395748,-0.10693359375,tennis,0,,,,,,,,,
303,other,What are the people holding?,tennis rackets,http://images.cocodataset.org/train2014/COCO_train2014_000000131366.jpg,0,34,0.31127035412412707,-0.6484375,tennis,0,,,,,,,,,
304,other,What is the group of people holding in their hand?,tennis rackets,http://images.cocodataset.org/train2014/COCO_train2014_000000131366.jpg,0,41,0.36339035349885834,-0.427734375,tennis,0,,,,,,,,,
305,other,Is the game live or on television?,live,http://images.cocodataset.org/train2014/COCO_train2014_000000131366.jpg,0,104,0.6098577771864602,-1.0546875,live,0,,,,,,,,,
306,other,How would you call for more information about the bus?,877-pwp-green,http://images.cocodataset.org/train2014/COCO_train2014_000000262442.jpg,0,76,0.4689718969775454,-1.3828125,1,0,,,,,,,,,
307,other,What pattern does the woman have on?,polka dot,http://images.cocodataset.org/train2014/COCO_train2014_000000021895.jpg,0,93,0.5015934946451978,-1.7578125,dots,0,,,,,,,,,
308,other,What is running across the beach?,horse,http://images.cocodataset.org/train2014/COCO_train2014_000000131373.jpg,0,53,0.41999335453845144,-0.283203125,horse,0,,,,,,,,,
309,other,What is causing the smoke?,grill,http://images.cocodataset.org/train2014/COCO_train2014_000000131374.jpg,0,0,0.9992941796073589,-0.3984375,grill,0,,,,,,,,,
310,other,What ethnicity is the man?,african american,http://images.cocodataset.org/train2014/COCO_train2014_000000109277.jpg,0,77,0.4980370194523485,-0.671875,black,0,,,,,,,,,
311,other,Is the man wearing shorts or pants?,shorts,http://images.cocodataset.org/train2014/COCO_train2014_000000131376.jpg,1,128,0.6325327548900475,-0.32421875,shorts,1,16.0,0.048611111111111105,0.954434002924965,,,,,,
312,color recognition,What color is the players shirt?,orange,http://images.cocodataset.org/train2014/COCO_train2014_000000458752.jpg,0,48,0.449087865569149,-0.2177734375,orange,0,,,,,,,,,
313,color recognition,What color is the snow?,white,http://images.cocodataset.org/train2014/COCO_train2014_000000262146.jpg,0,48,0.3512864151366887,-0.1982421875,white,0,,,,,,,,,
314,color recognition,What color is the persons headwear?,red,http://images.cocodataset.org/train2014/COCO_train2014_000000262146.jpg,0,30,0.3406850696247335,-0.380859375,red,0,,,,,,,,,
315,color recognition,What color is the toothbrush?,white and purple,http://images.cocodataset.org/train2014/COCO_train2014_000000393223.jpg,0,51,0.479349567513287,-0.8828125,purple,0,,,,,,,,,
316,color recognition,What colors are shown in this picture?,black and white,http://images.cocodataset.org/train2014/COCO_train2014_000000524297.jpg,0,40,0.36449996204611224,-0.212890625,black,0,,,,,,,,,
317,color recognition,What color is his hat?,blue,http://images.cocodataset.org/train2014/COCO_train2014_000000393227.jpg,0,45,0.42549868081065767,-0.10693359375,blue,0,,,,,,,,,
318,color recognition,What color is the jacket?,green,http://images.cocodataset.org/train2014/COCO_train2014_000000131084.jpg,0,53,0.9713937801058108,-0.375,green,0,,,,,,,,,
319,color recognition,What color is the sky?,gray,http://images.cocodataset.org/train2014/COCO_train2014_000000393230.jpg,0,50,0.4065748193728484,-0.2080078125,gray,0,,,,,,,,,
320,color recognition,What color is his coat?,blue,http://images.cocodataset.org/train2014/COCO_train2014_000000393230.jpg,0,27,0.9883552252605069,-0.10693359375,blue,0,,,,,,,,,
321,color recognition,What color is the bear?,black,http://images.cocodataset.org/train2014/COCO_train2014_000000137045.jpg,0,40,0.3412746395322596,-0.12451171875,black,0,,,,,,,,,
322,color recognition,What color are the leaves?,green,http://images.cocodataset.org/train2014/COCO_train2014_000000262171.jpg,0,35,0.2970010831285299,-0.15625,green,0,,,,,,,,,
323,color recognition,What color is the umbrella?,pink,http://images.cocodataset.org/train2014/COCO_train2014_000000131101.jpg,0,74,0.5057405370268383,-0.1337890625,pink,0,,,,,,,,,
324,color recognition,What color is the vase?,white,http://images.cocodataset.org/train2014/COCO_train2014_000000000030.jpg,0,57,0.42670758621102317,-0.12451171875,white,0,,,,,,,,,
325,color recognition,What color is the napkin?,white,http://images.cocodataset.org/train2014/COCO_train2014_000000043697.jpg,1,28,0.38805050067784624,-0.111328125,white,1,15.0,0.13142857142857142,0.9654013672997089,,,,,,
326,color recognition,What color is the refrigerator?,silver,http://images.cocodataset.org/train2014/COCO_train2014_000000131113.jpg,0,44,0.403819618744263,-0.302734375,silver,0,,,,,,,,,
327,color recognition,What color is the plane?,red,http://images.cocodataset.org/train2014/COCO_train2014_000000262187.jpg,0,28,0.30143864980248886,-0.796875,red,0,,,,,,,,,
328,color recognition,What color horse is closer to the camera?,black,http://images.cocodataset.org/train2014/COCO_train2014_000000000049.jpg,0,56,0.44085665293713355,-0.232421875,black,0,,,,,,,,,
329,color recognition,What color is the girl's shirt?,blue,http://images.cocodataset.org/train2014/COCO_train2014_000000393268.jpg,0,33,0.4024338213496565,-0.287109375,blue,0,,,,,,,,,
330,color recognition,What color are the flowers?,yellow and white,http://images.cocodataset.org/train2014/COCO_train2014_000000131128.jpg,0,35,0.28995047241540073,-0.83984375,white,0,,,,,,,,,
331,color recognition,What colors are the flowers?,yellow and white,http://images.cocodataset.org/train2014/COCO_train2014_000000131128.jpg,0,36,0.3061689234195078,-0.828125,yellow,0,,,,,,,,,
332,color recognition,What color is the animal?,gray,http://images.cocodataset.org/train2014/COCO_train2014_000000262204.jpg,0,40,0.3832051948332261,-0.12890625,gray,0,,,,,,,,,
333,color recognition,What color is the plane?,red and white,http://images.cocodataset.org/train2014/COCO_train2014_000000131133.jpg,0,20,0.31520507954291477,-0.3359375,red,0,,,,,,,,,
334,color recognition,What color are the seats?,tan,http://images.cocodataset.org/train2014/COCO_train2014_000000262207.jpg,0,49,0.4483036770341251,-1.1875,tan,0,,,,,,,,,
335,color recognition,What color is the middle vase?,blue,http://images.cocodataset.org/train2014/COCO_train2014_000000458763.jpg,0,42,0.41039441139995697,-0.1611328125,blue,0,,,,,,,,,
336,color recognition,What color is the window frame?,white,http://images.cocodataset.org/train2014/COCO_train2014_000000393291.jpg,0,37,0.3218866956639343,-0.85546875,white,0,,,,,,,,,
337,color recognition,What color is the sign?,white,http://images.cocodataset.org/train2014/COCO_train2014_000000131160.jpg,0,53,0.40571093433972105,-0.26171875,white,0,,,,,,,,,
338,color recognition,What color is the tray?,white,http://images.cocodataset.org/train2014/COCO_train2014_000000524377.jpg,0,45,0.3747775863182967,-0.1650390625,white,0,,,,,,,,,
339,color recognition,What color is the bathroom?,yellow,http://images.cocodataset.org/train2014/COCO_train2014_000000262159.jpg,0,41,0.3607190983583521,-0.546875,yellow,0,,,,,,,,,
340,color recognition,What color is the wall?,yellow,http://images.cocodataset.org/train2014/COCO_train2014_000000262159.jpg,0,44,0.3807871255728915,-0.58203125,yellow,0,,,,,,,,,
341,color recognition,What color are the bathroom walls?,yellow,http://images.cocodataset.org/train2014/COCO_train2014_000000262159.jpg,0,47,0.4087715572265199,-0.54296875,yellow,0,,,,,,,,,
342,color recognition,What color is the sofa?,gray,http://images.cocodataset.org/train2014/COCO_train2014_000000524386.jpg,0,53,0.46269971001377863,-1.2109375,tan,0,,,,,,,,,
343,color recognition,What color is the man's shirt in the front of the photo?,black,http://images.cocodataset.org/train2014/COCO_train2014_000000131172.jpg,0,72,0.5269193474837601,-0.6328125,black,0,,,,,,,,,
344,color recognition,What color is the traffic signal?,green,http://images.cocodataset.org/train2014/COCO_train2014_000000393317.jpg,0,22,0.34375,-0.81640625,yellow,0,,,,,,,,,
345,color recognition,What color is the woman's sweater?,gray,http://images.cocodataset.org/train2014/COCO_train2014_000000000110.jpg,0,30,0.2773557954666519,-1.1640625,gray,0,,,,,,,,,
346,color recognition,What color are the chairs?,blue,http://images.cocodataset.org/train2014/COCO_train2014_000000000113.jpg,0,25,0.2647597761687137,-0.11572265625,blue,0,,,,,,,,,
347,color recognition,What color is the building?,red,http://images.cocodataset.org/train2014/COCO_train2014_000000131190.jpg,0,35,0.3534774413893479,-0.1748046875,red,0,,,,,,,,,
348,color recognition,What color are the flowers?,red,http://images.cocodataset.org/train2014/COCO_train2014_000000131190.jpg,0,34,0.3308731822314192,-1.015625,red,0,,,,,,,,,
349,color recognition,What color is the clock tower in this photo?,white,http://images.cocodataset.org/train2014/COCO_train2014_000000131190.jpg,0,45,0.3678849921965831,-0.34765625,white,0,,,,,,,,,
350,color recognition,What color plate is this?,white,http://images.cocodataset.org/train2014/COCO_train2014_000000000127.jpg,0,42,0.39930659981644084,-0.142578125,white,0,,,,,,,,,
351,color recognition,What color are the skis?,yellow,http://images.cocodataset.org/train2014/COCO_train2014_000000262273.jpg,0,67,0.4564178914582397,-0.1376953125,yellow,0,,,,,,,,,
352,color recognition,What color is the man's hat?,black,http://images.cocodataset.org/train2014/COCO_train2014_000000262273.jpg,0,74,0.4827023542506901,-0.2216796875,black,0,,,,,,,,,
353,color recognition,What color is the woman's shorts?,black,http://images.cocodataset.org/train2014/COCO_train2014_000000524420.jpg,0,35,0.37338625520254176,-0.1474609375,black,0,,,,,,,,,
354,color recognition,What color is the girl's hair?,red,http://images.cocodataset.org/train2014/COCO_train2014_000000131208.jpg,0,57,0.4741349769595788,-0.76953125,orange,0,,,,,,,,,
355,color recognition,What color is the catcher's pants?,gray,http://images.cocodataset.org/train2014/COCO_train2014_000000284012.jpg,0,44,0.3916098361677538,-0.369140625,gray,0,,,,,,,,,
356,color recognition,What color flowers are on the top right?,purple,http://images.cocodataset.org/train2014/COCO_train2014_000000262283.jpg,0,68,0.9652872925400674,-0.29296875,pink,0,,,,,,,,,
357,color recognition,What color is the cloth?,gray,http://images.cocodataset.org/train2014/COCO_train2014_000000524428.jpg,0,44,0.41683489263144924,-0.392578125,gray,0,,,,,,,,,
358,color recognition,What color is the milk carton?,blue,http://images.cocodataset.org/train2014/COCO_train2014_000000000142.jpg,0,40,0.33896783412837794,-0.38671875,blue,0,,,,,,,,,
359,color recognition,What color is the building?,red,http://images.cocodataset.org/train2014/COCO_train2014_000000000149.jpg,0,18,0.2814536459234778,-0.671875,red,0,,,,,,,,,
360,color recognition,What color is this girl's shirt?,red,http://images.cocodataset.org/train2014/COCO_train2014_000000109986.jpg,0,27,0.2944235677759417,-0.1376953125,red,0,,,,,,,,,
361,color recognition,What color is the girls hot dog?,red,http://images.cocodataset.org/train2014/COCO_train2014_000000109986.jpg,0,41,0.37192661215738054,-0.2275390625,red,0,,,,,,,,,
362,color recognition,What color are the girl's lips?,red,http://images.cocodataset.org/train2014/COCO_train2014_000000109986.jpg,0,56,0.43743543512791894,-0.2470703125,red,0,,,,,,,,,
363,color recognition,What color is the school bus?,blue yellow,http://images.cocodataset.org/train2014/COCO_train2014_000000131225.jpg,0,35,0.31821860595919477,-0.451171875,blue,0,,,,,,,,,
364,color recognition,What color is the bus?,blue and yellow,http://images.cocodataset.org/train2014/COCO_train2014_000000131225.jpg,0,39,0.3527401287183573,-0.3359375,blue,0,,,,,,,,,
365,color recognition,What color are the stakes in the dirt?,yellow,http://images.cocodataset.org/train2014/COCO_train2014_000000262299.jpg,0,55,0.4428093528352262,-0.142578125,yellow,0,,,,,,,,,
366,color recognition,What color shirt is the man standing in the background wearing?,yellow,http://images.cocodataset.org/train2014/COCO_train2014_000000262299.jpg,0,72,0.4466435992936084,-0.1748046875,yellow,0,,,,,,,,,
367,color recognition,What color are the majority of sheep?,black,http://images.cocodataset.org/train2014/COCO_train2014_000000393386.jpg,0,33,0.34051156005371475,-0.1884765625,black,0,,,,,,,,,
368,color recognition,What color are the flowers?,pink,http://images.cocodataset.org/train2014/COCO_train2014_000000262329.jpg,0,64,0.4382946059885502,-0.18359375,pink,0,,,,,,,,,
369,color recognition,What color is the bus?,red and yellow,http://images.cocodataset.org/train2014/COCO_train2014_000000393403.jpg,1,34,0.42420593255419203,-0.75390625,red,1,22.0,0.16558441558441553,0.4394969869215134,,,,,,
370,color recognition,What color are the girls earrings?,silver,http://images.cocodataset.org/train2014/COCO_train2014_000000524476.jpg,0,37,0.9736866921034499,-0.2216796875,silver,0,,,,,,,,,
371,color recognition,What color is the plate?,white,http://images.cocodataset.org/train2014/COCO_train2014_000000000194.jpg,0,42,0.3443879105013373,-0.169921875,white,0,,,,,,,,,
372,color recognition,What color is the car?,orange,http://images.cocodataset.org/train2014/COCO_train2014_000000393412.jpg,0,62,0.474267568380413,-0.58203125,orange,0,,,,,,,,,
373,color recognition,What color is the sign?,black and white,http://images.cocodataset.org/train2014/COCO_train2014_000000393419.jpg,0,39,0.3639690005568914,-0.287109375,black,0,,,,,,,,,
374,color recognition,What color is the girl's brush?,blue,http://images.cocodataset.org/train2014/COCO_train2014_000000131279.jpg,0,46,0.4416143204974248,-0.298828125,blue,0,,,,,,,,,
375,color recognition,What color is the comb?,blue,http://images.cocodataset.org/train2014/COCO_train2014_000000131279.jpg,0,65,0.513842124117615,-0.3203125,blue,0,,,,,,,,,
376,color recognition,What color is the table?,brown,http://images.cocodataset.org/train2014/COCO_train2014_000000393428.jpg,0,75,0.5036193649092348,-0.984375,brown,0,,,,,,,,,
377,color recognition,What color is the knife handle?,silver,http://images.cocodataset.org/train2014/COCO_train2014_000000262359.jpg,0,48,0.43671145246259424,-0.1796875,silver,0,,,,,,,,,
378,color recognition,What color eyes does the cat have?,blue,http://images.cocodataset.org/train2014/COCO_train2014_000000393432.jpg,0,57,0.46969562837040424,-0.6953125,blue,0,,,,,,,,,
379,color recognition,What color is the umbrella?,pink,http://images.cocodataset.org/train2014/COCO_train2014_000000000036.jpg,0,71,0.4907309470979608,-0.203125,pink,0,,,,,,,,,
380,color recognition,What color is the man's skin?,white,http://images.cocodataset.org/train2014/COCO_train2014_000000474858.jpg,0,57,0.45974090826625313,-0.828125,white,0,,,,,,,,,
381,color recognition,What color is the shirt of the man standing?,black,http://images.cocodataset.org/train2014/COCO_train2014_000000474858.jpg,0,51,0.4569548827786958,-0.1748046875,black,0,,,,,,,,,
382,color recognition,What color is the board?,white,http://images.cocodataset.org/train2014/COCO_train2014_000000474858.jpg,0,83,0.5441587111893884,-0.392578125,white,0,,,,,,,,,
383,color recognition,What colors are in the kite?,"black, blue, red, orange, yellow",http://images.cocodataset.org/train2014/COCO_train2014_000000393438.jpg,0,45,0.4313649325627413,-0.85546875,red,0,,,,,,,,,
384,color recognition,What color is the train's bumper?,red,http://images.cocodataset.org/train2014/COCO_train2014_000000165859.jpg,0,42,0.4114241095213703,-0.416015625,red,0,,,,,,,,,
385,color recognition,What color dresses are the women wearing?,orange,http://images.cocodataset.org/train2014/COCO_train2014_000000393442.jpg,0,61,0.46030891139459185,-0.546875,orange,0,,,,,,,,,
386,color recognition,What color is the plate?,white,http://images.cocodataset.org/train2014/COCO_train2014_000000393445.jpg,0,36,0.34734591411138876,-0.12451171875,white,0,,,,,,,,,
387,color recognition,What color is the picket fence?,white,http://images.cocodataset.org/train2014/COCO_train2014_000000524525.jpg,0,48,0.41159627424212375,-0.1513671875,white,0,,,,,,,,,
388,color recognition,What color is this airplane?,"red, white, and blue",http://images.cocodataset.org/train2014/COCO_train2014_000000000247.jpg,0,54,0.4083897344956148,-0.30859375,blue,0,,,,,,,,,
389,color recognition,What color is the woman's shirt?,red,http://images.cocodataset.org/train2014/COCO_train2014_000000262399.jpg,0,24,0.34151986142057134,-0.2470703125,red,0,,,,,,,,,
390,color recognition,What color is the lighted sign?,blue,http://images.cocodataset.org/train2014/COCO_train2014_000000000260.jpg,0,57,0.44852051858896,-0.1474609375,blue,0,,,,,,,,,
391,color recognition,What color is the surfboard?,red,http://images.cocodataset.org/train2014/COCO_train2014_000000131339.jpg,0,52,0.5004820237218405,-0.287109375,red,0,,,,,,,,,
392,color recognition,What color is the bus in the mirror?,yellow,http://images.cocodataset.org/train2014/COCO_train2014_000000262415.jpg,0,65,0.4642371163393966,-0.12890625,yellow,0,,,,,,,,,
393,color recognition,What color is the phone?,gray,http://images.cocodataset.org/train2014/COCO_train2014_000000393489.jpg,0,53,0.43701195223306394,-0.52734375,silver,0,,,,,,,,,
394,color recognition,What color is the shower curtain?,white,http://images.cocodataset.org/train2014/COCO_train2014_000000546179.jpg,0,46,0.4341585931444042,-0.11572265625,white,0,,,,,,,,,
395,color recognition,What color are the dishes?,pink and yellow,http://images.cocodataset.org/train2014/COCO_train2014_000000000009.jpg,1,29,0.37643754077316904,-0.77734375,yellow,1,16.0,0.16098484848484845,0.8620485698650454,,,,,,
396,color recognition,What color is the water in the bathtub?,clear,http://images.cocodataset.org/train2014/COCO_train2014_000000131351.jpg,1,21,0.3755118239097894,-0.98046875,white,1,16.0,0.2638888888888889,0.954434002924965,,,,,,
397,color recognition,What color are these mattresses?,white,http://images.cocodataset.org/train2014/COCO_train2014_000000131352.jpg,0,42,0.3787120549410517,-0.2578125,red,0,,,,,,,,,
398,color recognition,What color are the items on the truck?,white,http://images.cocodataset.org/train2014/COCO_train2014_000000393503.jpg,0,38,0.3184227012096694,-1.4453125,black,0,,,,,,,,,
399,color recognition,What color is the locomotive?,black,http://images.cocodataset.org/train2014/COCO_train2014_000000497565.jpg,0,31,0.29989129892385,-0.1376953125,black,0,,,,,,,,,
400,color recognition,What color is the sky?,orange,http://images.cocodataset.org/train2014/COCO_train2014_000000101431.jpg,0,53,0.4185890885068727,-0.1337890625,orange,0,,,,,,,,,
401,color recognition,What color is the carpet in the middle of the floor?,blue,http://images.cocodataset.org/train2014/COCO_train2014_000000109277.jpg,0,32,0.34907327829621637,-0.330078125,blue,0,,,,,,,,,
402,color recognition,What color hat is this man wearing?,black,http://images.cocodataset.org/train2014/COCO_train2014_000000131376.jpg,0,70,0.5401732832786722,-0.142578125,black,0,,,,,,,,,
403,color recognition,What color are the shoelaces?,red,http://images.cocodataset.org/train2014/COCO_train2014_000000131376.jpg,0,42,0.4159774413893479,-0.81640625,black,0,,,,,,,,,
404,color recognition,What color is the guy's shirt?,white,http://images.cocodataset.org/train2014/COCO_train2014_000000131376.jpg,0,96,0.5721710209844146,-0.75,black,0,,,,,,,,,
405,yes/no,Is this man a professional baseball player?,yes,http://images.cocodataset.org/train2014/COCO_train2014_000000458752.jpg,0,42,0.446558682346267,-0.2216796875,yes,0,,,,,,,,,
406,yes/no,Is the dog waiting?,yes,http://images.cocodataset.org/train2014/COCO_train2014_000000524291.jpg,0,42,0.45502799111773146,-0.3359375,yes,0,,,,,,,,,
407,yes/no,Is the sky blue?,yes,http://images.cocodataset.org/train2014/COCO_train2014_000000393221.jpg,0,10,0.2902410118609203,-0.1201171875,yes,0,,,,,,,,,
408,yes/no,Is there snow on the mountains?,yes,http://images.cocodataset.org/train2014/COCO_train2014_000000393221.jpg,0,10,0.2902410118609203,-0.1201171875,yes,0,,,,,,,,,
409,yes/no,Is the window open?,yes,http://images.cocodataset.org/train2014/COCO_train2014_000000393223.jpg,0,512,0.0,-0.3203125,yes,0,,,,,,,,,
410,yes/no,Is she brushing?,yes,http://images.cocodataset.org/train2014/COCO_train2014_000000393223.jpg,1,54,0.5350493317653994,-0.1474609375,yes,1,16.0,0.09375000000000001,0.954434002924965,,,,,,
411,yes/no,Is the man smiling?,no,http://images.cocodataset.org/train2014/COCO_train2014_000000393224.jpg,0,512,0.0,-0.1337890625,no,0,,,,,,,,,
412,yes/no,Does his tie pair well with his suit?,no,http://images.cocodataset.org/train2014/COCO_train2014_000000393224.jpg,0,4,0.125,-0.5078125,yes,0,,,,,,,,,
413,yes/no,Does the man look happy?,no,http://images.cocodataset.org/train2014/COCO_train2014_000000393224.jpg,0,512,0.0,-0.12451171875,no,0,,,,,,,,,
414,yes/no,Is this photo in color?,no,http://images.cocodataset.org/train2014/COCO_train2014_000000393224.jpg,0,512,0.0,-0.10693359375,no,0,,,,,,,,,
415,yes/no,Is the man wearing a plain tie?,no,http://images.cocodataset.org/train2014/COCO_train2014_000000393224.jpg,0,512,0.0,-0.267578125,no,0,,,,,,,,,
416,yes/no,"Judging from the dress, was this taken in a Latin American country?",yes,http://images.cocodataset.org/train2014/COCO_train2014_000000524297.jpg,0,95,0.5216916512311486,-0.298828125,yes,0,,,,,,,,,
417,yes/no,Are the men on the sidewalk?,no,http://images.cocodataset.org/train2014/COCO_train2014_000000524297.jpg,0,512,0.0,-0.314453125,no,0,,,,,,,,,
418,yes/no,Was this photo taken recently?,no,http://images.cocodataset.org/train2014/COCO_train2014_000000524297.jpg,0,512,0.0,-0.11572265625,no,0,,,,,,,,,
419,yes/no,Does the guy have a tattoo?,yes,http://images.cocodataset.org/train2014/COCO_train2014_000000393227.jpg,0,18,0.396240625180289,-0.12451171875,yes,0,,,,,,,,,
420,yes/no,Is the man's visor providing his face enough protection?,no,http://images.cocodataset.org/train2014/COCO_train2014_000000393227.jpg,0,512,0.0,-0.4765625,no,0,,,,,,,,,
421,yes/no,Is the man riding on a dirt path?,yes,http://images.cocodataset.org/train2014/COCO_train2014_000000131084.jpg,0,4,0.125,-0.111328125,yes,0,,,,,,,,,
422,yes/no,Are the walls done in a summery color?,yes,http://images.cocodataset.org/train2014/COCO_train2014_000000131074.jpg,0,44,0.36010477077738623,-0.51953125,yes,0,,,,,,,,,
423,yes/no,Is the curtain patterned?,no,http://images.cocodataset.org/train2014/COCO_train2014_000000131074.jpg,0,36,0.4154039285997026,-0.5546875,yes,0,,,,,,,,,
424,yes/no,Are the windows the same size?,yes,http://images.cocodataset.org/train2014/COCO_train2014_000000131074.jpg,0,512,0.0,-0.421875,yes,0,,,,,,,,,
425,yes/no,Is there a shadow of a tree in the foreground?,no,http://images.cocodataset.org/train2014/COCO_train2014_000000393230.jpg,0,512,0.0,-0.5078125,no,0,,,,,,,,,
426,yes/no,Did someone forget his luggage in the snow?,no,http://images.cocodataset.org/train2014/COCO_train2014_000000393230.jpg,0,512,0.0,-0.1650390625,no,0,,,,,,,,,
427,yes/no,Is it daytime?,yes,http://images.cocodataset.org/train2014/COCO_train2014_000000393230.jpg,0,512,0.0,-0.1201171875,yes,0,,,,,,,,,
428,yes/no,Is the person wearing a hat?,no,http://images.cocodataset.org/train2014/COCO_train2014_000000393230.jpg,0,512,0.0,-0.67578125,no,0,,,,,,,,,
429,yes/no,Is the dog wearing a collar?,yes,http://images.cocodataset.org/train2014/COCO_train2014_000000131087.jpg,0,512,0.0,-0.60546875,no,0,,,,,,,,,
430,yes/no,Is it a clear day?,yes,http://images.cocodataset.org/train2014/COCO_train2014_000000131087.jpg,0,4,0.125,-0.12890625,yes,0,,,,,,,,,
431,yes/no,Is there a body of water here?,yes,http://images.cocodataset.org/train2014/COCO_train2014_000000131087.jpg,0,44,0.3944548827786958,-0.10693359375,yes,0,,,,,,,,,
432,yes/no,Is the light on?,no,http://images.cocodataset.org/train2014/COCO_train2014_000000131075.jpg,0,38,0.40911319941500696,-0.67578125,yes,0,,,,,,,,,
433,yes/no,Is the room messy?,no,http://images.cocodataset.org/train2014/COCO_train2014_000000131075.jpg,0,14,0.1875,-0.10693359375,no,0,,,,,,,,,
434,yes/no,Is this a TV screen?,yes,http://images.cocodataset.org/train2014/COCO_train2014_000000131075.jpg,0,38,0.4472274413893479,-0.34765625,no,0,,,,,,,,,
435,yes/no,Is there a laptop in the image?,yes,http://images.cocodataset.org/train2014/COCO_train2014_000000131075.jpg,0,6,0.1981203125901445,-0.15625,yes,0,,,,,,,,,
436,yes/no,Is the animal a mammal?,yes,http://images.cocodataset.org/train2014/COCO_train2014_000000137045.jpg,0,22,0.4324289523296623,-0.1611328125,yes,0,,,,,,,,,
437,yes/no,Are there rocks in the picture?,yes,http://images.cocodataset.org/train2014/COCO_train2014_000000131093.jpg,0,512,0.0,-0.1025390625,yes,0,,,,,,,,,
438,yes/no,Has the sheep recently been shaved?,no,http://images.cocodataset.org/train2014/COCO_train2014_000000131093.jpg,0,512,0.0,-0.1650390625,no,0,,,,,,,,,
439,yes/no,Are there three sheep?,yes,http://images.cocodataset.org/train2014/COCO_train2014_000000131093.jpg,0,512,0.0,-0.15625,yes,0,,,,,,,,,
440,yes/no,Is the man having a good time?,yes,http://images.cocodataset.org/train2014/COCO_train2014_000000524311.jpg,0,4,0.7169907938286297,-0.111328125,yes,0,,,,,,,,,
441,yes/no,Could this photo be from a zoo?,yes,http://images.cocodataset.org/train2014/COCO_train2014_000000000025.jpg,0,14,0.3509193652572005,-0.2080078125,yes,0,,,,,,,,,
442,yes/no,Are the animals eating?,yes,http://images.cocodataset.org/train2014/COCO_train2014_000000000025.jpg,0,65,0.4613676526917214,-0.36328125,yes,0,,,,,,,,,
443,yes/no,Is there a zebra?,no,http://images.cocodataset.org/train2014/COCO_train2014_000000000025.jpg,0,512,0.0,-0.10693359375,no,0,,,,,,,,,
444,yes/no,Is the giraffe eating the tree?,yes,http://images.cocodataset.org/train2014/COCO_train2014_000000000025.jpg,0,42,0.4550279911177315,-0.2578125,yes,0,,,,,,,,,
445,yes/no,Are both giraffes standing?,no,http://images.cocodataset.org/train2014/COCO_train2014_000000000025.jpg,0,512,0.0,-0.212890625,no,0,,,,,,,,,
446,yes/no,Are they at a zoo?,yes,http://images.cocodataset.org/train2014/COCO_train2014_000000000025.jpg,0,22,0.4324289523296623,-0.69140625,yes,0,,,,,,,,,
447,yes/no,Are some of the trees dead?,yes,http://images.cocodataset.org/train2014/COCO_train2014_000000000025.jpg,0,38,0.484375,-0.232421875,yes,0,,,,,,,,,
448,yes/no,Are any of the animals eating?,yes,http://images.cocodataset.org/train2014/COCO_train2014_000000000025.jpg,0,54,0.4530648318698623,-0.15625,yes,0,,,,,,,,,
449,yes/no,Is the giraffe in the shade?,no,http://images.cocodataset.org/train2014/COCO_train2014_000000000025.jpg,0,512,0.0,-0.5,no,0,,,,,,,,,
450,yes/no,Are these giraffes living free range?,yes,http://images.cocodataset.org/train2014/COCO_train2014_000000000025.jpg,0,512,0.0,-0.6328125,no,0,,,,,,,,,
451,yes/no,Is there a rock near the giraffe?,no,http://images.cocodataset.org/train2014/COCO_train2014_000000000025.jpg,0,512,0.0,-0.45703125,no,0,,,,,,,,,
452,yes/no,Are they moving?,yes,http://images.cocodataset.org/train2014/COCO_train2014_000000262172.jpg,0,18,0.396240625180289,-0.1474609375,yes,0,,,,,,,,,
453,yes/no,Is this man angry?,no,http://images.cocodataset.org/train2014/COCO_train2014_000000131101.jpg,0,512,0.0,-0.392578125,no,0,,,,,,,,,
454,yes/no,Are there flowers in the vase?,yes,http://images.cocodataset.org/train2014/COCO_train2014_000000000030.jpg,0,26,0.4625549647676366,-0.10693359375,yes,0,,,,,,,,,
455,yes/no,Are the flowers open?,yes,http://images.cocodataset.org/train2014/COCO_train2014_000000000030.jpg,0,2,-0.0,-0.1748046875,yes,0,,,,,,,,,
456,yes/no,Are all the flowers white?,no,http://images.cocodataset.org/train2014/COCO_train2014_000000000030.jpg,0,512,0.0,-0.1611328125,no,0,,,,,,,,,
457,yes/no,Is the man standing on both foot?,no,http://images.cocodataset.org/train2014/COCO_train2014_000000524320.jpg,0,512,0.0,-0.341796875,no,0,,,,,,,,,
458,yes/no,Was this picture likely taken recently?,no,http://images.cocodataset.org/train2014/COCO_train2014_000000524320.jpg,0,4,0.125,-0.2275390625,no,0,,,,,,,,,
459,yes/no,Do the gentleman's socks match his shoes and belt?,no,http://images.cocodataset.org/train2014/COCO_train2014_000000524320.jpg,0,512,0.0,-0.43359375,no,0,,,,,,,,,
460,yes/no,Are the zebras facing the same direction?,yes,http://images.cocodataset.org/train2014/COCO_train2014_000000240304.jpg,0,512,0.0,-0.298828125,no,0,,,,,,,,,
461,yes/no,Is this a horse?,no,http://images.cocodataset.org/train2014/COCO_train2014_000000000034.jpg,0,512,0.0,-0.1650390625,no,0,,,,,,,,,
462,yes/no,Are they drinking wine at the child's party?,yes,http://images.cocodataset.org/train2014/COCO_train2014_000000393251.jpg,0,80,0.6000540378169529,-0.267578125,yes,0,,,,,,,,,
463,yes/no,Is the man wearing glasses?,yes,http://images.cocodataset.org/train2014/COCO_train2014_000000393251.jpg,0,512,0.0,-0.11572265625,yes,0,,,,,,,,,
464,yes/no,Is this a good dessert?,yes,http://images.cocodataset.org/train2014/COCO_train2014_000000262180.jpg,0,40,0.34855630716353614,-0.2177734375,yes,0,,,,,,,,,
465,yes/no,Are those kites in the air?,yes,http://images.cocodataset.org/train2014/COCO_train2014_000000524325.jpg,0,4,0.125,-0.111328125,yes,0,,,,,,,,,
466,yes/no,Is this a hot dog?,yes,http://images.cocodataset.org/train2014/COCO_train2014_000000043697.jpg,0,30,0.4883613244510647,-0.111328125,yes,0,,,,,,,,,
467,yes/no,Is there ketchup on the hot dog?,no,http://images.cocodataset.org/train2014/COCO_train2014_000000043697.jpg,0,512,0.0,-0.1513671875,no,0,,,,,,,,,
468,yes/no,Has this hot dog been grilled?,no,http://images.cocodataset.org/train2014/COCO_train2014_000000043697.jpg,0,512,0.0,-0.404296875,no,0,,,,,,,,,
469,yes/no,Have you tried a hot dog like this before?,yes,http://images.cocodataset.org/train2014/COCO_train2014_000000043697.jpg,0,512,0.0,-0.58203125,no,0,,,,,,,,,
470,yes/no,Is this a toy-sized truck?,no,http://images.cocodataset.org/train2014/COCO_train2014_000000262184.jpg,0,512,0.0,-0.15625,no,0,,,,,,,,,
471,yes/no,Is there a carpet on the floor?,yes,http://images.cocodataset.org/train2014/COCO_train2014_000000131113.jpg,0,512,0.0,-0.18359375,no,0,,,,,,,,,
472,yes/no,Is this plane landing?,no,http://images.cocodataset.org/train2014/COCO_train2014_000000262187.jpg,0,512,0.0,-0.5546875,no,0,,,,,,,,,
473,yes/no,Is the plane taking off?,no,http://images.cocodataset.org/train2014/COCO_train2014_000000262187.jpg,0,512,0.0,-0.1748046875,no,0,,,,,,,,,
474,yes/no,Are these airliners?,yes,http://images.cocodataset.org/train2014/COCO_train2014_000000131118.jpg,0,52,0.4566930371288209,-0.1513671875,yes,0,,,,,,,,,
475,yes/no,Are this cargo planes?,yes,http://images.cocodataset.org/train2014/COCO_train2014_000000131118.jpg,0,512,0.0,-0.2080078125,no,0,,,,,,,,,
476,yes/no,Is this bear a normal size?,no,http://images.cocodataset.org/train2014/COCO_train2014_000000262191.jpg,0,512,0.0,-0.81640625,no,0,,,,,,,,,
477,yes/no,Is there a flower arrangement on the lawn?,yes,http://images.cocodataset.org/train2014/COCO_train2014_000000000049.jpg,0,8,0.25,-0.12890625,yes,0,,,,,,,,,
478,yes/no,Are they playing polo?,no,http://images.cocodataset.org/train2014/COCO_train2014_000000000049.jpg,0,512,0.0,-0.52734375,no,0,,,,,,,,,
479,yes/no,Is this man reading a cell phone screen?,no,http://images.cocodataset.org/train2014/COCO_train2014_000000524338.jpg,0,512,0.0,-0.1474609375,no,0,,,,,,,,,
480,yes/no,Is there a stop sign in the picture?,yes,http://images.cocodataset.org/train2014/COCO_train2014_000000131126.jpg,0,512,0.0,-0.703125,yes,0,,,,,,,,,
481,yes/no,Is the man unhappy?,no,http://images.cocodataset.org/train2014/COCO_train2014_000000131127.jpg,0,512,0.0,-0.12451171875,no,0,,,,,,,,,
482,yes/no,Are the men going to share the bananas?,no,http://images.cocodataset.org/train2014/COCO_train2014_000000131127.jpg,0,512,0.0,-0.5078125,no,0,,,,,,,,,
483,yes/no,Do the painted flowers match the real ones?,no,http://images.cocodataset.org/train2014/COCO_train2014_000000131128.jpg,0,4,0.125,-0.6328125,no,0,,,,,,,,,
484,yes/no,Will the birds go into the water?,no,http://images.cocodataset.org/train2014/COCO_train2014_000000262201.jpg,0,512,0.0,-0.36328125,no,0,,,,,,,,,
485,yes/no,Is this bird afraid of the ledge?,no,http://images.cocodataset.org/train2014/COCO_train2014_000000262201.jpg,0,512,0.0,-0.203125,no,0,,,,,,,,,
486,yes/no,Are the mountains high?,yes,http://images.cocodataset.org/train2014/COCO_train2014_000000131133.jpg,0,10,0.2902410118609203,-0.12451171875,yes,0,,,,,,,,,
487,yes/no,Is there a person standing in front of the television?,yes,http://images.cocodataset.org/train2014/COCO_train2014_000000262207.jpg,0,512,0.0,-0.3984375,yes,0,,,,,,,,,
488,yes/no,Is there enough room under the armchairs for a cat to hide?,yes,http://images.cocodataset.org/train2014/COCO_train2014_000000262207.jpg,0,512,0.0,-0.7890625,no,0,,,,,,,,,
489,yes/no,Are there numbers on the clock face?,no,http://images.cocodataset.org/train2014/COCO_train2014_000000000064.jpg,0,26,0.27949079382862907,-0.451171875,no,0,,,,,,,,,
490,yes/no,Is there a big tree behind the clock?,yes,http://images.cocodataset.org/train2014/COCO_train2014_000000000064.jpg,0,52,0.5152410118609203,-0.169921875,yes,0,,,,,,,,,
491,yes/no,Is this a wedding?,no,http://images.cocodataset.org/train2014/COCO_train2014_000000458763.jpg,0,512,0.0,-0.11572265625,no,0,,,,,,,,,
492,yes/no,Does the crust look burnt?,yes,http://images.cocodataset.org/train2014/COCO_train2014_000000567990.jpg,0,32,0.44332419553686736,-0.2470703125,yes,0,,,,,,,,,
493,yes/no,Does this pizza have a deep dish crust?,yes,http://images.cocodataset.org/train2014/COCO_train2014_000000567990.jpg,0,6,0.1981203125901445,-0.38671875,yes,0,,,,,,,,,
494,yes/no,Is the banana freshly peeled?,yes,http://images.cocodataset.org/train2014/COCO_train2014_000000393286.jpg,0,54,0.562703645923478,-0.3984375,yes,0,,,,,,,,,
495,yes/no,Is the banana closed?,no,http://images.cocodataset.org/train2014/COCO_train2014_000000393286.jpg,0,512,0.0,-0.1513671875,no,0,,,,,,,,,
496,yes/no,Does this photo show train tracks?,yes,http://images.cocodataset.org/train2014/COCO_train2014_000000000071.jpg,0,6,0.1981203125901445,-0.111328125,yes,0,,,,,,,,,
497,yes/no,Does this train work?,yes,http://images.cocodataset.org/train2014/COCO_train2014_000000000071.jpg,0,42,0.549039677847345,-0.12890625,yes,0,,,,,,,,,
498,yes/no,Are the giraffes under the trees?,yes,http://images.cocodataset.org/train2014/COCO_train2014_000000000072.jpg,0,512,0.0,-0.271484375,yes,0,,,,,,,,,
499,yes/no,Are there 3 elephants?,yes,http://images.cocodataset.org/train2014/COCO_train2014_000000393228.jpg,0,512,0.0,-0.203125,yes,0,,,,,,,,,
500,yes/no,Are all of the elephants full grown?,no,http://images.cocodataset.org/train2014/COCO_train2014_000000393228.jpg,0,512,0.0,-0.11572265625,no,0,,,,,,,,,
501,yes/no,Are the elephants in the jungle?,yes,http://images.cocodataset.org/train2014/COCO_train2014_000000393228.jpg,0,512,0.0,-0.45703125,no,0,,,,,,,,,
502,yes/no,Is the woman eating the pizza?,no,http://images.cocodataset.org/train2014/COCO_train2014_000000393290.jpg,0,512,0.0,-0.1611328125,no,0,,,,,,,,,
503,yes/no,Are there any reflections in this picture?,no,http://images.cocodataset.org/train2014/COCO_train2014_000000393291.jpg,0,4,0.125,-0.2578125,no,0,,,,,,,,,
504,yes/no,Is the water on?,no,http://images.cocodataset.org/train2014/COCO_train2014_000000393292.jpg,0,512,0.0,-0.48828125,no,0,,,,,,,,,
505,yes/no,Is this photo outdoors?,yes,http://images.cocodataset.org/train2014/COCO_train2014_000000393292.jpg,0,8,0.25,-0.11572265625,yes,0,,,,,,,,,
506,yes/no,Are the clock and owl made in the same artistic fashion?,no,http://images.cocodataset.org/train2014/COCO_train2014_000000000078.jpg,0,512,0.0,-0.71875,no,0,,,,,,,,,
507,yes/no,Is that owl a candle?,yes,http://images.cocodataset.org/train2014/COCO_train2014_000000000078.jpg,0,12,0.1147869792568112,-0.298828125,yes,0,,,,,,,,,
508,yes/no,Does this planes tail have 4 colors?,no,http://images.cocodataset.org/train2014/COCO_train2014_000000000081.jpg,0,34,0.38697440687511675,-0.251953125,yes,0,,,,,,,,,
509,yes/no,Is this plane landing?,no,http://images.cocodataset.org/train2014/COCO_train2014_000000000081.jpg,0,512,0.0,-0.3359375,no,0,,,,,,,,,
510,yes/no,Is this plane taking off?,no,http://images.cocodataset.org/train2014/COCO_train2014_000000000081.jpg,0,16,0.24024101186092028,-0.609375,yes,0,,,,,,,,,
511,yes/no,Are these wings strong?,yes,http://images.cocodataset.org/train2014/COCO_train2014_000000000081.jpg,0,6,0.1981203125901445,-0.1611328125,yes,0,,,,,,,,,
512,yes/no,Is that a bicycle?,yes,http://images.cocodataset.org/train2014/COCO_train2014_000000000086.jpg,0,512,0.0,-0.29296875,no,0,,,,,,,,,
513,yes/no,Is this a cow farm?,yes,http://images.cocodataset.org/train2014/COCO_train2014_000000524375.jpg,0,512,0.0,-0.6484375,no,0,,,,,,,,,
514,yes/no,Is this a prairie?,yes,http://images.cocodataset.org/train2014/COCO_train2014_000000524375.jpg,0,36,0.33815362534278715,-0.2275390625,yes,0,,,,,,,,,
515,yes/no,Is there a village in the background?,no,http://images.cocodataset.org/train2014/COCO_train2014_000000524375.jpg,0,512,0.0,-0.1796875,no,0,,,,,,,,,
516,yes/no,Would you be able to find a mosque in this city?,yes,http://images.cocodataset.org/train2014/COCO_train2014_000000131160.jpg,0,24,0.36846284740251123,-0.10693359375,yes,0,,,,,,,,,
517,yes/no,Is there ketchup?,no,http://images.cocodataset.org/train2014/COCO_train2014_000000524377.jpg,0,512,0.0,-0.169921875,no,0,,,,,,,,,
518,yes/no,Is the hotdog well seasoned?,yes,http://images.cocodataset.org/train2014/COCO_train2014_000000524377.jpg,0,4,0.125,-0.193359375,yes,0,,,,,,,,,
519,yes/no,Is this a healthy meal?,no,http://images.cocodataset.org/train2014/COCO_train2014_000000524377.jpg,0,512,0.0,-0.15625,no,0,,,,,,,,,
520,yes/no,Is there a spoon in this photo?,no,http://images.cocodataset.org/train2014/COCO_train2014_000000524377.jpg,0,512,0.0,-0.1201171875,no,0,,,,,,,,,
521,yes/no,Is this breakfast?,no,http://images.cocodataset.org/train2014/COCO_train2014_000000524377.jpg,0,512,0.0,-0.1513671875,no,0,,,,,,,,,
522,yes/no,Is there a drink in this picture?,no,http://images.cocodataset.org/train2014/COCO_train2014_000000524377.jpg,0,512,0.0,-0.12451171875,no,0,,,,,,,,,
523,yes/no,Do these hot dogs look like they taste good?,yes,http://images.cocodataset.org/train2014/COCO_train2014_000000524377.jpg,0,512,0.0,-0.27734375,yes,0,,,,,,,,,
524,yes/no,Are those tomatoes on the sandwich?,no,http://images.cocodataset.org/train2014/COCO_train2014_000000524377.jpg,0,512,0.0,-0.2177734375,no,0,,,,,,,,,
525,yes/no,Are the fries plain?,no,http://images.cocodataset.org/train2014/COCO_train2014_000000524377.jpg,0,512,0.0,-0.451171875,no,0,,,,,,,,,
526,yes/no,Does this breakfast dish primarily carbohydrates?,yes,http://images.cocodataset.org/train2014/COCO_train2014_000000524377.jpg,1,90,0.5150793838232843,-0.6640625,yes,1,16.0,0.07291666666666667,0.954434002924965,,,,,,
527,yes/no,Has someone started eating?,no,http://images.cocodataset.org/train2014/COCO_train2014_000000524377.jpg,0,512,0.0,-0.12890625,no,0,,,,,,,,,
528,yes/no,Would this be good for dessert?,no,http://images.cocodataset.org/train2014/COCO_train2014_000000524377.jpg,0,512,0.0,-0.15625,no,0,,,,,,,,,
529,yes/no,Is there a butter plate on the table?,yes,http://images.cocodataset.org/train2014/COCO_train2014_000000524377.jpg,0,512,0.0,-0.65625,no,0,,,,,,,,,
530,yes/no,Does this have lettuce?,no,http://images.cocodataset.org/train2014/COCO_train2014_000000524377.jpg,0,512,0.0,-0.1201171875,no,0,,,,,,,,,
531,yes/no,Does the food look good?,yes,http://images.cocodataset.org/train2014/COCO_train2014_000000524377.jpg,0,26,0.4625549647676366,-0.271484375,yes,0,,,,,,,,,
532,yes/no,Is this meat?,yes,http://images.cocodataset.org/train2014/COCO_train2014_000000524377.jpg,0,22,0.2694548827786958,-0.27734375,yes,0,,,,,,,,,
533,yes/no,Would this typically be eaten for breakfast?,no,http://images.cocodataset.org/train2014/COCO_train2014_000000524377.jpg,0,512,0.0,-0.111328125,no,0,,,,,,,,,
534,yes/no,Is that bacon from a delicatessen?,yes,http://images.cocodataset.org/train2014/COCO_train2014_000000524377.jpg,0,512,0.0,-0.5703125,no,0,,,,,,,,,
535,yes/no,Is the man wearing formal clothes?,no,http://images.cocodataset.org/train2014/COCO_train2014_000000393306.jpg,0,512,0.0,-0.11572265625,no,0,,,,,,,,,
536,yes/no,Is there a deodorant on the sink?,no,http://images.cocodataset.org/train2014/COCO_train2014_000000262159.jpg,0,512,0.0,-0.1201171875,no,0,,,,,,,,,
537,yes/no,Is there a full roll of toilet paper in the bathroom?,yes,http://images.cocodataset.org/train2014/COCO_train2014_000000262159.jpg,0,8,0.25,-0.12890625,yes,0,,,,,,,,,
538,yes/no,Would someone be able to watch you change from the outside?,yes,http://images.cocodataset.org/train2014/COCO_train2014_000000262159.jpg,0,22,0.9972624309533995,-0.73046875,yes,0,,,,,,,,,
539,yes/no,Does the shower have a glass door?,no,http://images.cocodataset.org/train2014/COCO_train2014_000000262159.jpg,0,512,0.0,-0.2080078125,no,0,,,,,,,,,
540,yes/no,Is the towel rack silver?,no,http://images.cocodataset.org/train2014/COCO_train2014_000000262159.jpg,0,2,-0.0,-0.29296875,yes,0,,,,,,,,,
541,yes/no,Is there a shower curtain?,yes,http://images.cocodataset.org/train2014/COCO_train2014_000000262159.jpg,0,4,0.125,-0.76953125,yes,0,,,,,,,,,
542,yes/no,Is the toilet lid down?,yes,http://images.cocodataset.org/train2014/COCO_train2014_000000262159.jpg,0,4,0.125,-0.111328125,yes,0,,,,,,,,,
543,yes/no,Does this cake look like it chocolate?,yes,http://images.cocodataset.org/train2014/COCO_train2014_000000000092.jpg,0,30,0.4883613244510647,-0.12451171875,yes,0,,,,,,,,,
544,yes/no,Is this a small town?,yes,http://images.cocodataset.org/train2014/COCO_train2014_000000000094.jpg,0,2,-0.0,-0.26171875,yes,0,,,,,,,,,
545,yes/no,Will these planes be used to transport people?,no,http://images.cocodataset.org/train2014/COCO_train2014_000000393311.jpg,0,512,0.0,-0.2578125,no,0,,,,,,,,,
546,yes/no,Is the room carpeted?,yes,http://images.cocodataset.org/train2014/COCO_train2014_000000524386.jpg,0,4,0.125,-0.1376953125,yes,0,,,,,,,,,
547,yes/no,Is there a fireplace?,no,http://images.cocodataset.org/train2014/COCO_train2014_000000524386.jpg,0,512,0.0,-0.111328125,no,0,,,,,,,,,
548,yes/no,Are stains on the floor?,no,http://images.cocodataset.org/train2014/COCO_train2014_000000524386.jpg,0,512,0.0,-0.142578125,no,0,,,,,,,,,
549,yes/no,Are these boys at home?,no,http://images.cocodataset.org/train2014/COCO_train2014_000000524386.jpg,0,14,0.1875,-0.36328125,yes,0,,,,,,,,,
550,yes/no,Is this a 60's motif?,no,http://images.cocodataset.org/train2014/COCO_train2014_000000524386.jpg,0,512,0.0,-0.302734375,no,0,,,,,,,,,
551,yes/no,Is the light green?,yes,http://images.cocodataset.org/train2014/COCO_train2014_000000393317.jpg,0,512,0.0,-0.5078125,no,0,,,,,,,,,
552,yes/no,Is it raining?,no,http://images.cocodataset.org/train2014/COCO_train2014_000000393317.jpg,0,16,0.375,-0.4453125,yes,0,,,,,,,,,
553,yes/no,Is this woman crossing a street?,yes,http://images.cocodataset.org/train2014/COCO_train2014_000000393317.jpg,0,6,0.1981203125901445,-0.142578125,yes,0,,,,,,,,,
554,yes/no,Is this in the United States?,yes,http://images.cocodataset.org/train2014/COCO_train2014_000000393317.jpg,0,32,0.3652410118609203,-0.30859375,yes,0,,,,,,,,,
555,yes/no,Is there anyone in the cockpit?,yes,http://images.cocodataset.org/train2014/COCO_train2014_000000131174.jpg,0,38,0.4472274413893479,-0.18359375,yes,0,,,,,,,,,
556,yes/no,Is the bus stopped?,yes,http://images.cocodataset.org/train2014/COCO_train2014_000000546151.jpg,0,512,0.0,-0.1611328125,yes,0,,,,,,,,,
557,yes/no,Is this an ocean area?,yes,http://images.cocodataset.org/train2014/COCO_train2014_000000000109.jpg,0,512,0.0,-0.1748046875,no,0,,,,,,,,,
558,yes/no,Is the ground near the waterfront squishy?,no,http://images.cocodataset.org/train2014/COCO_train2014_000000000109.jpg,0,512,0.0,-0.49609375,no,0,,,,,,,,,
559,yes/no,Is the water calm?,yes,http://images.cocodataset.org/train2014/COCO_train2014_000000000109.jpg,0,4,0.125,-0.1201171875,yes,0,,,,,,,,,
560,yes/no,Is this a cheese pizza?,yes,http://images.cocodataset.org/train2014/COCO_train2014_000000000110.jpg,0,512,0.0,-0.1650390625,yes,0,,,,,,,,,
561,yes/no,Is there more than one vase on the table?,yes,http://images.cocodataset.org/train2014/COCO_train2014_000000305853.jpg,0,512,0.0,-0.73828125,yes,0,,,,,,,,,
562,yes/no,Is there a cake here?,yes,http://images.cocodataset.org/train2014/COCO_train2014_000000000113.jpg,0,10,0.2902410118609203,-0.11572265625,yes,0,,,,,,,,,
563,yes/no,Are there any pens on the table?,no,http://images.cocodataset.org/train2014/COCO_train2014_000000000113.jpg,0,512,0.0,-0.1611328125,no,0,,,,,,,,,
564,yes/no,Is this image tilted?,yes,http://images.cocodataset.org/train2014/COCO_train2014_000000262260.jpg,0,512,0.0,-0.49609375,no,0,,,,,,,,,
565,yes/no,Does this image contain a pie pan?,yes,http://images.cocodataset.org/train2014/COCO_train2014_000000262261.jpg,0,16,0.24024101186092028,-0.12451171875,yes,0,,,,,,,,,
566,yes/no,Is this a large house?,yes,http://images.cocodataset.org/train2014/COCO_train2014_000000131190.jpg,0,4,0.125,-0.314453125,yes,0,,,,,,,,,
567,yes/no,Is there a fountain in front of the building?,no,http://images.cocodataset.org/train2014/COCO_train2014_000000131190.jpg,0,512,0.0,-0.1376953125,no,0,,,,,,,,,
568,yes/no,Is the sun shining?,yes,http://images.cocodataset.org/train2014/COCO_train2014_000000131190.jpg,0,2,-0.0,-0.1513671875,yes,0,,,,,,,,,
569,yes/no,Is this a church?,yes,http://images.cocodataset.org/train2014/COCO_train2014_000000131190.jpg,0,512,0.0,-0.6171875,no,0,,,,,,,,,
570,yes/no,Are there clouds visible?,no,http://images.cocodataset.org/train2014/COCO_train2014_000000131190.jpg,0,512,0.0,-0.11572265625,no,0,,,,,,,,,
571,yes/no,Is this a sunny day?,yes,http://images.cocodataset.org/train2014/COCO_train2014_000000131190.jpg,0,10,0.2902410118609203,-0.1201171875,yes,0,,,,,,,,,
572,yes/no,Are the hedges well-groomed?,no,http://images.cocodataset.org/train2014/COCO_train2014_000000131190.jpg,0,36,0.4716946577843981,-0.357421875,yes,0,,,,,,,,,
573,yes/no,Does the building in the back have an elevator?,no,http://images.cocodataset.org/train2014/COCO_train2014_000000131190.jpg,0,512,0.0,-0.1513671875,no,0,,,,,,,,,
574,yes/no,Do you a phone booth?,no,http://images.cocodataset.org/train2014/COCO_train2014_000000131190.jpg,0,512,0.0,-0.12890625,no,0,,,,,,,,,
575,yes/no,Are the buildings tall?,yes,http://images.cocodataset.org/train2014/COCO_train2014_000000131190.jpg,0,512,0.0,-0.58203125,yes,0,,,,,,,,,
576,yes/no,Is the clock between two arches?,no,http://images.cocodataset.org/train2014/COCO_train2014_000000131190.jpg,0,512,0.0,-0.5625,yes,0,,,,,,,,,
577,yes/no,Are there any entrance gates at the bottom of the tower?,no,http://images.cocodataset.org/train2014/COCO_train2014_000000131190.jpg,0,512,0.0,-0.76171875,no,0,,,,,,,,,
578,yes/no,Is the building a high rise?,no,http://images.cocodataset.org/train2014/COCO_train2014_000000131190.jpg,0,512,0.0,-0.1884765625,no,0,,,,,,,,,
579,yes/no,Is part of this tower made of wood?,yes,http://images.cocodataset.org/train2014/COCO_train2014_000000131190.jpg,0,2,-0.0,-0.5078125,yes,0,,,,,,,,,
580,yes/no,Can the tree tell time?,no,http://images.cocodataset.org/train2014/COCO_train2014_000000131190.jpg,0,6,0.1981203125901445,-0.357421875,no,0,,,,,,,,,
581,yes/no,Is the emblem a sun face clock?,yes,http://images.cocodataset.org/train2014/COCO_train2014_000000131190.jpg,0,512,0.0,-0.41015625,no,0,,,,,,,,,
582,yes/no,Is the ram's fleece dirty?,no,http://images.cocodataset.org/train2014/COCO_train2014_000000131197.jpg,0,30,0.4883613244510647,-0.69140625,yes,0,,,,,,,,,
583,yes/no,Is there a travel guide on the table?,yes,http://images.cocodataset.org/train2014/COCO_train2014_000000000127.jpg,0,45,0.46023510035042525,-0.1513671875,yes,0,,,,,,,,,
584,yes/no,Is there snow?,yes,http://images.cocodataset.org/train2014/COCO_train2014_000000262273.jpg,0,512,0.0,-0.111328125,yes,0,,,,,,,,,
585,yes/no,Is it summer?,no,http://images.cocodataset.org/train2014/COCO_train2014_000000262273.jpg,0,512,0.0,-0.1201171875,no,0,,,,,,,,,
586,yes/no,Is the picture in color?,yes,http://images.cocodataset.org/train2014/COCO_train2014_000000524420.jpg,0,512,0.0,-0.1025390625,yes,0,,,,,,,,,
587,yes/no,Is there a dog in the photo?,yes,http://images.cocodataset.org/train2014/COCO_train2014_000000524420.jpg,0,512,0.0,-0.1025390625,yes,0,,,,,,,,,
588,yes/no,Is the dog on a leash?,yes,http://images.cocodataset.org/train2014/COCO_train2014_000000524420.jpg,0,512,0.0,-0.404296875,yes,0,,,,,,,,,
589,yes/no,Are all of the birds in flight?,no,http://images.cocodataset.org/train2014/COCO_train2014_000000436929.jpg,0,512,0.0,-0.36328125,no,0,,,,,,,,,
590,yes/no,Are there three birds in the picture?,yes,http://images.cocodataset.org/train2014/COCO_train2014_000000436929.jpg,0,512,0.0,-0.796875,no,0,,,,,,,,,
591,yes/no,Is this a dog?,no,http://images.cocodataset.org/train2014/COCO_train2014_000000436929.jpg,0,512,0.0,-0.10693359375,no,0,,,,,,,,,
592,yes/no,Is this a winter scene?,yes,http://images.cocodataset.org/train2014/COCO_train2014_000000436929.jpg,0,4,0.125,-0.1337890625,yes,0,,,,,,,,,
593,yes/no,Is the water frozen?,yes,http://images.cocodataset.org/train2014/COCO_train2014_000000436929.jpg,0,512,0.0,-0.267578125,yes,0,,,,,,,,,
594,yes/no,Is that a laptop on the chair?,yes,http://images.cocodataset.org/train2014/COCO_train2014_000000131208.jpg,0,512,0.0,-0.11572265625,yes,0,,,,,,,,,
595,yes/no,Is Cingular a sponsor of this field?,yes,http://images.cocodataset.org/train2014/COCO_train2014_000000284012.jpg,0,50,0.4259294395949407,-0.1337890625,yes,0,,,,,,,,,
596,yes/no,Is this a conventional kitchen?,no,http://images.cocodataset.org/train2014/COCO_train2014_000000000138.jpg,0,512,0.0,-0.43359375,no,0,,,,,,,,,
597,yes/no,Is the area lit?,yes,http://images.cocodataset.org/train2014/COCO_train2014_000000262283.jpg,0,12,0.3231203125901445,-0.142578125,yes,0,,,,,,,,,
598,yes/no,Are the vases identical?,no,http://images.cocodataset.org/train2014/COCO_train2014_000000262283.jpg,0,512,0.0,-0.404296875,no,0,,,,,,,,,
599,yes/no,Are these the normal size pieces of pizza?,yes,http://images.cocodataset.org/train2014/COCO_train2014_000000524428.jpg,0,512,0.0,-0.6640625,no,0,,,,,,,,,
600,yes/no,Could you eat all of this pizza?,no,http://images.cocodataset.org/train2014/COCO_train2014_000000524428.jpg,0,512,0.0,-0.6640625,no,0,,,,,,,,,
601,yes/no,Is there broccoli on a slice of pizza?,yes,http://images.cocodataset.org/train2014/COCO_train2014_000000524428.jpg,0,512,0.0,-0.1337890625,no,0,,,,,,,,,
602,yes/no,Is there an animal that seems to stick out?,no,http://images.cocodataset.org/train2014/COCO_train2014_000000262285.jpg,0,56,0.5347016796023891,-0.48828125,yes,0,,,,,,,,,
603,yes/no,Is this in a zoo?,no,http://images.cocodataset.org/train2014/COCO_train2014_000000262285.jpg,0,512,0.0,-0.11572265625,no,0,,,,,,,,,
604,yes/no,Is this in a desert?,yes,http://images.cocodataset.org/train2014/COCO_train2014_000000262285.jpg,0,512,0.0,-0.5078125,no,0,,,,,,,,,
605,yes/no,Is this a banana toast?,yes,http://images.cocodataset.org/train2014/COCO_train2014_000000000142.jpg,0,46,0.37197198795744923,-0.1376953125,yes,0,,,,,,,,,
606,yes/no,Are the people playing a game?,no,http://images.cocodataset.org/train2014/COCO_train2014_000000131215.jpg,0,4,0.125,-0.52734375,no,0,,,,,,,,,
607,yes/no,Is the TV turned on?,yes,http://images.cocodataset.org/train2014/COCO_train2014_000000131215.jpg,0,4,0.125,-0.111328125,yes,0,,,,,,,,,
608,yes/no,Is this person watching a movie?,yes,http://images.cocodataset.org/train2014/COCO_train2014_000000131215.jpg,0,512,0.0,-0.69921875,no,0,,,,,,,,,
609,yes/no,Is one of the giraffes eating?,yes,http://images.cocodataset.org/train2014/COCO_train2014_000000000144.jpg,0,43,0.4355229649723986,-0.38671875,yes,0,,,,,,,,,
610,yes/no,Is it daytime?,yes,http://images.cocodataset.org/train2014/COCO_train2014_000000393362.jpg,0,2,-0.0,-0.10693359375,yes,0,,,,,,,,,
611,yes/no,Are the kickstands down?,yes,http://images.cocodataset.org/train2014/COCO_train2014_000000393362.jpg,0,48,0.5731203125901445,-0.314453125,yes,0,,,,,,,,,
612,yes/no,Do you see any motorcycle helmets?,yes,http://images.cocodataset.org/train2014/COCO_train2014_000000393362.jpg,0,4,0.125,-0.3515625,yes,0,,,,,,,,,
613,yes/no,Is the kite high in the air?,yes,http://images.cocodataset.org/train2014/COCO_train2014_000000000149.jpg,0,32,0.5,-0.2578125,yes,0,,,,,,,,,
614,yes/no,Is the sky clear?,no,http://images.cocodataset.org/train2014/COCO_train2014_000000000149.jpg,0,512,0.0,-0.2080078125,no,0,,,,,,,,,
615,yes/no,Are the people flying kites?,yes,http://images.cocodataset.org/train2014/COCO_train2014_000000000149.jpg,0,30,0.3406850696247335,-0.1376953125,yes,0,,,,,,,,,
616,yes/no,Can you see any fish?,no,http://images.cocodataset.org/train2014/COCO_train2014_000000471373.jpg,0,512,0.0,-0.15625,no,0,,,,,,,,,
617,yes/no,Is this man swimming?,no,http://images.cocodataset.org/train2014/COCO_train2014_000000471373.jpg,0,512,0.0,-0.3984375,no,0,,,,,,,,,
618,yes/no,Is he turning?,no,http://images.cocodataset.org/train2014/COCO_train2014_000000471373.jpg,0,512,0.0,-0.58984375,no,0,,,,,,,,,
619,yes/no,Does the man have short hair?,yes,http://images.cocodataset.org/train2014/COCO_train2014_000000471373.jpg,0,512,0.0,-0.1474609375,yes,0,,,,,,,,,
620,yes/no,Is the bus featured in this picture typical?,no,http://images.cocodataset.org/train2014/COCO_train2014_000000131225.jpg,0,512,0.0,-0.2177734375,no,0,,,,,,,,,
621,yes/no,Is this the latest make and model?,no,http://images.cocodataset.org/train2014/COCO_train2014_000000131225.jpg,0,4,0.125,-0.1611328125,no,0,,,,,,,,,
622,yes/no,Are there any building in the area?,yes,http://images.cocodataset.org/train2014/COCO_train2014_000000131225.jpg,0,512,0.0,-0.251953125,yes,0,,,,,,,,,
623,yes/no,Is there a fence in the background?,no,http://images.cocodataset.org/train2014/COCO_train2014_000000000154.jpg,0,512,0.0,-0.203125,no,0,,,,,,,,,
624,yes/no,Is the zebra's tail up?,no,http://images.cocodataset.org/train2014/COCO_train2014_000000000154.jpg,0,512,0.0,-0.45703125,no,0,,,,,,,,,
625,yes/no,Are they the same type of animal?,yes,http://images.cocodataset.org/train2014/COCO_train2014_000000000154.jpg,0,4,0.125,-0.12451171875,yes,0,,,,,,,,,
626,yes/no,Are all zebras facing the same way?,no,http://images.cocodataset.org/train2014/COCO_train2014_000000000154.jpg,0,512,0.0,-0.30859375,no,0,,,,,,,,,
627,yes/no,Are the zebras running?,no,http://images.cocodataset.org/train2014/COCO_train2014_000000000154.jpg,0,512,0.0,-0.1650390625,no,0,,,,,,,,,
628,yes/no,Is he going to fall?,no,http://images.cocodataset.org/train2014/COCO_train2014_000000262299.jpg,0,512,0.0,-0.26171875,no,0,,,,,,,,,
629,yes/no,Are the traffic lights facing the same direction?,no,http://images.cocodataset.org/train2014/COCO_train2014_000000393242.jpg,0,512,0.0,-0.77734375,no,0,,,,,,,,,
630,yes/no,Is this cake made with fondant?,no,http://images.cocodataset.org/train2014/COCO_train2014_000000393375.jpg,0,2,-0.0,-0.38671875,no,0,,,,,,,,,
631,yes/no,Is there a fork on the plate?,no,http://images.cocodataset.org/train2014/COCO_train2014_000000262308.jpg,0,512,0.0,-0.111328125,no,0,,,,,,,,,
632,yes/no,Is this black and white?,yes,http://images.cocodataset.org/train2014/COCO_train2014_000000262308.jpg,0,56,0.3664011186137904,-0.1025390625,yes,0,,,,,,,,,
633,yes/no,Is a military person in the picture?,yes,http://images.cocodataset.org/train2014/COCO_train2014_000000000165.jpg,0,14,0.3509193652572005,-0.11572265625,yes,0,,,,,,,,,
634,yes/no,Are they smiling?,yes,http://images.cocodataset.org/train2014/COCO_train2014_000000000165.jpg,0,16,0.375,-0.1513671875,yes,0,,,,,,,,,
635,yes/no,Is this an old building?,yes,http://images.cocodataset.org/train2014/COCO_train2014_000000415089.jpg,0,10,0.2902410118609203,-0.7734375,yes,0,,,,,,,,,
636,yes/no,Is the room almost full?,no,http://images.cocodataset.org/train2014/COCO_train2014_000000415089.jpg,0,512,0.0,-0.283203125,no,0,,,,,,,,,
637,yes/no,Are the people on a soft surface?,no,http://images.cocodataset.org/train2014/COCO_train2014_000000393384.jpg,0,512,0.0,-0.12451171875,no,0,,,,,,,,,
638,yes/no,Has the grass been mowed recently?,no,http://images.cocodataset.org/train2014/COCO_train2014_000000393386.jpg,0,512,0.0,-0.169921875,no,0,,,,,,,,,
639,yes/no,Is this scene in America?,no,http://images.cocodataset.org/train2014/COCO_train2014_000000131245.jpg,0,512,0.0,-0.12451171875,no,0,,,,,,,,,
640,yes/no,Are all the laptops on?,yes,http://images.cocodataset.org/train2014/COCO_train2014_000000137918.jpg,0,8,0.25,-0.1611328125,yes,0,,,,,,,,,
641,yes/no,Is this a hotel room?,yes,http://images.cocodataset.org/train2014/COCO_train2014_000000393394.jpg,0,42,0.3856203125901445,-0.169921875,yes,0,,,,,,,,,
642,yes/no,Is this a hotel?,yes,http://images.cocodataset.org/train2014/COCO_train2014_000000393394.jpg,0,52,0.466815208097469,-0.1611328125,yes,0,,,,,,,,,
643,yes/no,Is an elephant walking down the street?,yes,http://images.cocodataset.org/train2014/COCO_train2014_000000438196.jpg,0,2,-0.0,-0.10693359375,yes,0,,,,,,,,,
644,yes/no,Is the guy in the yellow shirt wearing a tie?,yes,http://images.cocodataset.org/train2014/COCO_train2014_000000438196.jpg,0,512,0.0,-0.1337890625,no,0,,,,,,,,,
645,yes/no,Is this a church?,yes,http://images.cocodataset.org/train2014/COCO_train2014_000000393396.jpg,0,512,0.0,-0.169921875,yes,0,,,,,,,,,
646,yes/no,Is there snow in the picture?,yes,http://images.cocodataset.org/train2014/COCO_train2014_000000393396.jpg,0,512,0.0,-0.10693359375,yes,0,,,,,,,,,
647,yes/no,Is there a clock on the church tower?,no,http://images.cocodataset.org/train2014/COCO_train2014_000000393396.jpg,0,512,0.0,-0.1337890625,no,0,,,,,,,,,
648,yes/no,Is there a clock?,no,http://images.cocodataset.org/train2014/COCO_train2014_000000393396.jpg,0,512,0.0,-0.111328125,no,0,,,,,,,,,
649,yes/no,Is this person wearing a backpack?,yes,http://images.cocodataset.org/train2014/COCO_train2014_000000524470.jpg,0,512,0.0,-0.1201171875,yes,0,,,,,,,,,
650,yes/no,Is there a street light in the photo?,yes,http://images.cocodataset.org/train2014/COCO_train2014_000000524470.jpg,0,512,0.0,-0.38671875,yes,0,,,,,,,,,
651,yes/no,Is the sun up?,no,http://images.cocodataset.org/train2014/COCO_train2014_000000524470.jpg,0,512,0.0,-0.298828125,no,0,,,,,,,,,
652,yes/no,Is the oven on?,yes,http://images.cocodataset.org/train2014/COCO_train2014_000000524471.jpg,0,6,0.1981203125901445,-0.12890625,yes,0,,,,,,,,,
653,yes/no,Is there a window in this scene?,yes,http://images.cocodataset.org/train2014/COCO_train2014_000000524471.jpg,0,6,0.1981203125901445,-0.1796875,yes,0,,,,,,,,,
654,yes/no,Is this toast done?,no,http://images.cocodataset.org/train2014/COCO_train2014_000000524471.jpg,0,512,0.0,-0.302734375,no,0,,,,,,,,,
655,yes/no,Is the microwave on?,no,http://images.cocodataset.org/train2014/COCO_train2014_000000524471.jpg,0,512,0.0,-0.34765625,no,0,,,,,,,,,
656,yes/no,Is the toaster on?,yes,http://images.cocodataset.org/train2014/COCO_train2014_000000524471.jpg,0,14,0.3509193652572005,-0.12451171875,yes,0,,,,,,,,,
657,yes/no,Is this a one way street?,yes,http://images.cocodataset.org/train2014/COCO_train2014_000000393403.jpg,0,68,0.5830622224000578,-0.416015625,yes,0,,,,,,,,,
658,yes/no,Are there people boarding the bus?,no,http://images.cocodataset.org/train2014/COCO_train2014_000000393403.jpg,0,512,0.0,-0.142578125,no,0,,,,,,,,,
659,yes/no,Is there a hardware store in the area?,no,http://images.cocodataset.org/train2014/COCO_train2014_000000393403.jpg,0,512,0.0,-0.1796875,no,0,,,,,,,,,
660,yes/no,Are the drying the animal with a blow dryer?,yes,http://images.cocodataset.org/train2014/COCO_train2014_000000524476.jpg,0,4,0.125,-0.203125,yes,0,,,,,,,,,
661,yes/no,Is this a hotel?,no,http://images.cocodataset.org/train2014/COCO_train2014_000000283700.jpg,0,512,0.0,-0.53515625,no,0,,,,,,,,,
662,yes/no,Can you see the man's shadow?,yes,http://images.cocodataset.org/train2014/COCO_train2014_000000262336.jpg,0,6,0.1981203125901445,-0.10693359375,yes,0,,,,,,,,,
663,yes/no,Is this lacrosse?,no,http://images.cocodataset.org/train2014/COCO_train2014_000000262336.jpg,0,512,0.0,-0.111328125,no,0,,,,,,,,,
664,yes/no,The color of the court is green?,no,http://images.cocodataset.org/train2014/COCO_train2014_000000262336.jpg,0,512,0.0,-0.169921875,no,0,,,,,,,,,
665,yes/no,Is this pizza nutritious enough to eat for a full dinner?,yes,http://images.cocodataset.org/train2014/COCO_train2014_000000000194.jpg,0,4,0.125,-0.69140625,yes,0,,,,,,,,,
666,yes/no,Are both beds made?,yes,http://images.cocodataset.org/train2014/COCO_train2014_000000257513.jpg,0,512,0.0,-0.392578125,yes,0,,,,,,,,,
667,yes/no,Is there a ladder in the picture?,yes,http://images.cocodataset.org/train2014/COCO_train2014_000000257513.jpg,0,512,0.0,-0.12451171875,yes,0,,,,,,,,,
668,yes/no,Is this vehicle parked in a residential driveway?,yes,http://images.cocodataset.org/train2014/COCO_train2014_000000393412.jpg,1,48,0.5050279911177314,-0.48828125,yes,1,16.0,0.10416666666666667,0.8194483718728035,,,,,,
669,yes/no,Is the color of the car very common for vehicles?,no,http://images.cocodataset.org/train2014/COCO_train2014_000000393412.jpg,0,4,0.125,-0.2275390625,no,0,,,,,,,,,
670,yes/no,Are all the people looking at the same thing?,no,http://images.cocodataset.org/train2014/COCO_train2014_000000458785.jpg,0,8,0.25,-0.6171875,yes,0,,,,,,,,,
671,yes/no,Do these ski boards have personality?,yes,http://images.cocodataset.org/train2014/COCO_train2014_000000000201.jpg,0,18,0.2660106598614243,-0.142578125,yes,0,,,,,,,,,
672,yes/no,Is the woman wearing a dress?,no,http://images.cocodataset.org/train2014/COCO_train2014_000000131277.jpg,0,512,0.0,-0.10693359375,no,0,,,,,,,,,
673,yes/no,Are they playing a game?,yes,http://images.cocodataset.org/train2014/COCO_train2014_000000131277.jpg,0,60,0.5133253921330592,-0.12890625,yes,0,,,,,,,,,
674,yes/no,Will the bent person fall forward?,no,http://images.cocodataset.org/train2014/COCO_train2014_000000131277.jpg,0,512,0.0,-0.404296875,no,0,,,,,,,,,
675,yes/no,Is there a man and a woman?,yes,http://images.cocodataset.org/train2014/COCO_train2014_000000131277.jpg,0,512,0.0,-0.1025390625,yes,0,,,,,,,,,
676,yes/no,Is this photo to blurry?,no,http://images.cocodataset.org/train2014/COCO_train2014_000000131277.jpg,0,512,0.0,-0.15625,no,0,,,,,,,,,
677,yes/no,Would you get a ticket if you disobeyed this sign?,yes,http://images.cocodataset.org/train2014/COCO_train2014_000000393422.jpg,0,20,0.31520507954291477,-0.15625,yes,0,,,,,,,,,
678,yes/no,Is the red stop sign on a wooden pole?,no,http://images.cocodataset.org/train2014/COCO_train2014_000000393422.jpg,0,4,0.125,-0.53515625,yes,0,,,,,,,,,
679,yes/no,Can you see the sun in the picture?,yes,http://images.cocodataset.org/train2014/COCO_train2014_000000393422.jpg,0,8,0.25,-0.12451171875,yes,0,,,,,,,,,
680,yes/no,Are they twins?,no,http://images.cocodataset.org/train2014/COCO_train2014_000000131279.jpg,0,512,0.0,-0.36328125,no,0,,,,,,,,,
681,yes/no,Is one of the children a boy?,yes,http://images.cocodataset.org/train2014/COCO_train2014_000000131279.jpg,0,8,0.25,-0.6171875,yes,0,,,,,,,,,
682,yes/no,Are these teenagers?,no,http://images.cocodataset.org/train2014/COCO_train2014_000000131279.jpg,0,512,0.0,-0.10693359375,no,0,,,,,,,,,
683,yes/no,Are both of the children smiling?,no,http://images.cocodataset.org/train2014/COCO_train2014_000000131279.jpg,0,512,0.0,-0.302734375,no,0,,,,,,,,,
684,yes/no,Is this child wearing socks?,no,http://images.cocodataset.org/train2014/COCO_train2014_000000131279.jpg,0,512,0.0,-0.111328125,no,0,,,,,,,,,
685,yes/no,Is the man's shirt a solid color?,no,http://images.cocodataset.org/train2014/COCO_train2014_000000448671.jpg,0,512,0.0,-0.1474609375,no,0,,,,,,,,,
686,yes/no,Is this man tan?,yes,http://images.cocodataset.org/train2014/COCO_train2014_000000554301.jpg,0,44,0.5178330444436059,-0.1650390625,yes,0,,,,,,,,,
687,yes/no,The tablecloths are white?,yes,http://images.cocodataset.org/train2014/COCO_train2014_000000262359.jpg,0,64,0.598626934735774,-0.1337890625,yes,0,,,,,,,,,
688,yes/no,Are the pictures colorful?,yes,http://images.cocodataset.org/train2014/COCO_train2014_000000262359.jpg,0,2,-0.0,-0.41015625,yes,0,,,,,,,,,
689,yes/no,Do you a mirror in the background?,no,http://images.cocodataset.org/train2014/COCO_train2014_000000262359.jpg,0,512,0.0,-0.1982421875,no,0,,,,,,,,,
690,yes/no,Is there food on the table?,no,http://images.cocodataset.org/train2014/COCO_train2014_000000262359.jpg,0,512,0.0,-0.1025390625,no,0,,,,,,,,,
691,yes/no,Is there a pillow present in the picture?,yes,http://images.cocodataset.org/train2014/COCO_train2014_000000393432.jpg,0,2,-0.0,-0.0986328125,yes,0,,,,,,,,,
692,yes/no,Is she wearing a bathing suit?,yes,http://images.cocodataset.org/train2014/COCO_train2014_000000000036.jpg,0,512,0.0,-0.27734375,yes,0,,,,,,,,,
693,yes/no,Are they surrounded by trees?,yes,http://images.cocodataset.org/train2014/COCO_train2014_000000524508.jpg,0,12,0.3231203125901445,-0.1884765625,yes,0,,,,,,,,,
694,yes/no,Is there a puddle of water on the dirt?,yes,http://images.cocodataset.org/train2014/COCO_train2014_000000524508.jpg,0,8,0.25,-0.11572265625,yes,0,,,,,,,,,
695,yes/no,Are these men on a boat?,no,http://images.cocodataset.org/train2014/COCO_train2014_000000474858.jpg,0,512,0.0,-0.111328125,no,0,,,,,,,,,
696,yes/no,Are the boys happy?,yes,http://images.cocodataset.org/train2014/COCO_train2014_000000474858.jpg,0,512,0.0,-0.671875,no,0,,,,,,,,,
697,yes/no,Is the man in the forefront trying to get signal on a cell phone?,no,http://images.cocodataset.org/train2014/COCO_train2014_000000474858.jpg,0,512,0.0,-0.15625,no,0,,,,,,,,,
698,yes/no,Was this photo taken recently?,yes,http://images.cocodataset.org/train2014/COCO_train2014_000000474858.jpg,0,58,0.418304918083877,-0.2373046875,yes,0,,,,,,,,,
699,yes/no,Is this  a beach?,yes,http://images.cocodataset.org/train2014/COCO_train2014_000000474858.jpg,0,512,0.0,-0.11572265625,yes,0,,,,,,,,,
700,yes/no,Is the guy making a performance?,no,http://images.cocodataset.org/train2014/COCO_train2014_000000474858.jpg,0,512,0.0,-0.142578125,no,0,,,,,,,,,
701,yes/no,Is he doing a trick?,no,http://images.cocodataset.org/train2014/COCO_train2014_000000474858.jpg,0,512,0.0,-0.1025390625,no,0,,,,,,,,,
702,yes/no,Is the man in the foreground barefooted?,yes,http://images.cocodataset.org/train2014/COCO_train2014_000000474858.jpg,0,512,0.0,-0.5546875,no,0,,,,,,,,,
703,yes/no,Is this busy metropolis?,no,http://images.cocodataset.org/train2014/COCO_train2014_000000474858.jpg,0,512,0.0,-0.111328125,no,0,,,,,,,,,
704,yes/no,What is the man on a skateboard?,no,http://images.cocodataset.org/train2014/COCO_train2014_000000474858.jpg,0,57,0.4245456808648525,-0.84765625,no,0,,,,,,,,,
705,yes/no,Are there waves in the picture?,yes,http://images.cocodataset.org/train2014/COCO_train2014_000000474858.jpg,0,512,0.0,-0.10693359375,yes,0,,,,,,,,,
706,yes/no,Did the man just steal the boy's kite?,no,http://images.cocodataset.org/train2014/COCO_train2014_000000393438.jpg,0,512,0.0,-0.1376953125,no,0,,,,,,,,,
707,yes/no,Is this a steam engine train?,yes,http://images.cocodataset.org/train2014/COCO_train2014_000000165859.jpg,0,12,0.3231203125901445,-0.1513671875,yes,0,,,,,,,,,
708,yes/no,Are the umbrellas wet?,yes,http://images.cocodataset.org/train2014/COCO_train2014_000000393442.jpg,0,512,0.0,-0.2470703125,no,0,,,,,,,,,
709,yes/no,Is there snow on the ground?,yes,http://images.cocodataset.org/train2014/COCO_train2014_000000131299.jpg,0,2,-0.0,-0.1201171875,yes,0,,,,,,,,,
710,yes/no,Does this oven look new?,no,http://images.cocodataset.org/train2014/COCO_train2014_000000131300.jpg,0,512,0.0,-0.1376953125,no,0,,,,,,,,,
711,yes/no,Does the oven have a digital buttons?,no,http://images.cocodataset.org/train2014/COCO_train2014_000000131300.jpg,0,512,0.0,-0.1474609375,no,0,,,,,,,,,
712,yes/no,Is this oven greasy?,yes,http://images.cocodataset.org/train2014/COCO_train2014_000000131300.jpg,0,56,0.5202868636963597,-0.212890625,yes,0,,,,,,,,,
713,yes/no,Is the pizza on a baking tray?,yes,http://images.cocodataset.org/train2014/COCO_train2014_000000131300.jpg,0,512,0.0,-0.38671875,no,0,,,,,,,,,
714,yes/no,Do you like chocolate cake?,yes,http://images.cocodataset.org/train2014/COCO_train2014_000000393445.jpg,0,37,0.3877351529345022,-0.169921875,yes,0,,,,,,,,,
715,yes/no,Are there any water glasses on the table?,yes,http://images.cocodataset.org/train2014/COCO_train2014_000000524518.jpg,0,14,0.3509193652572005,-0.2177734375,yes,0,,,,,,,,,
716,yes/no,Are there tomatoes on the pizza?,yes,http://images.cocodataset.org/train2014/COCO_train2014_000000524518.jpg,0,2,0.9961679269454274,-0.1201171875,yes,0,,,,,,,,,
717,yes/no,Are there any people in the picture?,no,http://images.cocodataset.org/train2014/COCO_train2014_000000524518.jpg,0,512,0.0,-0.609375,no,0,,,,,,,,,
718,yes/no,Can they go?,no,http://images.cocodataset.org/train2014/COCO_train2014_000000524520.jpg,0,512,0.0,-0.142578125,no,0,,,,,,,,,
719,yes/no,Are the cars parked?,no,http://images.cocodataset.org/train2014/COCO_train2014_000000524520.jpg,0,10,0.2902410118609203,-0.298828125,yes,0,,,,,,,,,
720,yes/no,Are all the players wearing black shirts?,no,http://images.cocodataset.org/train2014/COCO_train2014_000000524522.jpg,0,512,0.0,-0.2373046875,no,0,,,,,,,,,
721,yes/no,Is one of the trains going through a tunnel?,yes,http://images.cocodataset.org/train2014/COCO_train2014_000000524525.jpg,0,38,0.5309909391804479,-0.169921875,yes,0,,,,,,,,,
722,yes/no,Is the door open?,no,http://images.cocodataset.org/train2014/COCO_train2014_000000131312.jpg,0,512,0.0,-0.482421875,no,0,,,,,,,,,
723,yes/no,Is the man on TV wearing a tie?,yes,http://images.cocodataset.org/train2014/COCO_train2014_000000131312.jpg,0,512,0.0,-0.451171875,no,0,,,,,,,,,
724,yes/no,Is everyone wearing glasses?,no,http://images.cocodataset.org/train2014/COCO_train2014_000000131315.jpg,0,512,0.0,-0.2080078125,no,0,,,,,,,,,
725,yes/no,Are both people of the same ethnic background?,no,http://images.cocodataset.org/train2014/COCO_train2014_000000131315.jpg,0,512,0.0,-0.11572265625,no,0,,,,,,,,,
726,yes/no,The man is wearing a helmet?,yes,http://images.cocodataset.org/train2014/COCO_train2014_000000262389.jpg,0,2,-0.0,-0.111328125,yes,0,,,,,,,,,
727,yes/no,Is this a government official's plane?,yes,http://images.cocodataset.org/train2014/COCO_train2014_000000000247.jpg,0,512,0.0,-0.4453125,no,0,,,,,,,,,
728,yes/no,Are the kids sitting?,no,http://images.cocodataset.org/train2014/COCO_train2014_000000393464.jpg,0,512,0.0,-0.111328125,no,0,,,,,,,,,
729,yes/no,Are these children playing a game?,yes,http://images.cocodataset.org/train2014/COCO_train2014_000000393464.jpg,0,2,-0.0,-0.18359375,yes,0,,,,,,,,,
730,yes/no,The zebras are in a field?,no,http://images.cocodataset.org/train2014/COCO_train2014_000000262393.jpg,0,512,0.0,-0.287109375,no,0,,,,,,,,,
731,yes/no,Have you ever been to this intersection?,no,http://images.cocodataset.org/train2014/COCO_train2014_000000000250.jpg,0,6,0.1981203125901445,-0.203125,no,0,,,,,,,,,
732,yes/no,Are some of the trees dead?,yes,http://images.cocodataset.org/train2014/COCO_train2014_000000131323.jpg,0,16,0.24024101186092028,-0.392578125,yes,0,,,,,,,,,
733,yes/no,Are the rocks for the giraffe to sit on?,no,http://images.cocodataset.org/train2014/COCO_train2014_000000131323.jpg,0,512,0.0,-0.29296875,no,0,,,,,,,,,
734,yes/no,Does someone have a green thumb?,yes,http://images.cocodataset.org/train2014/COCO_train2014_000000131330.jpg,0,49,0.41346684563229646,-0.267578125,yes,0,,,,,,,,,
735,yes/no,Is the seedling a hybrid?,yes,http://images.cocodataset.org/train2014/COCO_train2014_000000131330.jpg,0,64,0.4637335448627177,-0.203125,yes,0,,,,,,,,,
736,yes/no,Is there a tent in the snow?,yes,http://images.cocodataset.org/train2014/COCO_train2014_000000524547.jpg,0,512,0.0,-0.111328125,yes,0,,,,,,,,,
737,yes/no,Is this terminal safe at night?,yes,http://images.cocodataset.org/train2014/COCO_train2014_000000000260.jpg,0,28,0.3556688670778046,-0.193359375,yes,0,,,,,,,,,
738,yes/no,Is the woman by herself?,yes,http://images.cocodataset.org/train2014/COCO_train2014_000000000260.jpg,0,512,0.0,-0.1337890625,yes,0,,,,,,,,,
739,yes/no,Is it a clear day?,yes,http://images.cocodataset.org/train2014/COCO_train2014_000000524551.jpg,0,6,0.1981203125901445,-0.10693359375,yes,0,,,,,,,,,
740,yes/no,Is this person prone on his back or on his knees?,no,http://images.cocodataset.org/train2014/COCO_train2014_000000393480.jpg,0,119,0.5997129028486098,-0.43359375,kne,0,,,,,,,,,
741,yes/no,Is the skier on the ground?,yes,http://images.cocodataset.org/train2014/COCO_train2014_000000393480.jpg,0,512,0.0,-0.193359375,yes,0,,,,,,,,,
742,yes/no,Is the subject of the photo facing downhill?,yes,http://images.cocodataset.org/train2014/COCO_train2014_000000393480.jpg,0,512,0.0,-0.5625,no,0,,,,,,,,,
743,yes/no,Is this man attached to his surfboard?,yes,http://images.cocodataset.org/train2014/COCO_train2014_000000131339.jpg,0,512,0.0,-0.6640625,no,0,,,,,,,,,
744,yes/no,Is this man riding a surfboard?,yes,http://images.cocodataset.org/train2014/COCO_train2014_000000131339.jpg,0,512,0.0,-0.10693359375,yes,0,,,,,,,,,
745,yes/no,Is he wearing the right type of suit?,yes,http://images.cocodataset.org/train2014/COCO_train2014_000000131339.jpg,0,512,0.0,-0.68359375,no,0,,,,,,,,,
746,yes/no,Is the man riding a white board?,no,http://images.cocodataset.org/train2014/COCO_train2014_000000131339.jpg,0,512,0.0,-0.15625,no,0,,,,,,,,,
747,yes/no,Is the woman surfing?,yes,http://images.cocodataset.org/train2014/COCO_train2014_000000131339.jpg,0,2,-0.0,-0.1513671875,yes,0,,,,,,,,,
748,yes/no,Is the boy in the middle being attacked?,no,http://images.cocodataset.org/train2014/COCO_train2014_000000524557.jpg,0,512,0.0,-0.427734375,no,0,,,,,,,,,
749,yes/no,Does the boy have his head stuck in the net?,no,http://images.cocodataset.org/train2014/COCO_train2014_000000524557.jpg,0,512,0.0,-0.251953125,no,0,,,,,,,,,
750,yes/no,Does the guy on the right look happy?,yes,http://images.cocodataset.org/train2014/COCO_train2014_000000131342.jpg,0,512,0.0,-0.0986328125,yes,0,,,,,,,,,
751,yes/no,Are there multiple vegetables on the plate?,yes,http://images.cocodataset.org/train2014/COCO_train2014_000000393488.jpg,0,24,0.2397869792568112,-0.11572265625,yes,0,,,,,,,,,
752,yes/no,Is there meat on the plate?,yes,http://images.cocodataset.org/train2014/COCO_train2014_000000393488.jpg,0,26,0.4625549647676366,-0.2470703125,yes,0,,,,,,,,,
753,yes/no,Is this a brand new phone?,no,http://images.cocodataset.org/train2014/COCO_train2014_000000393489.jpg,0,19,0.20214869657408938,-0.7734375,yes,0,,,,,,,,,
754,yes/no,Does this phone fold closed?,no,http://images.cocodataset.org/train2014/COCO_train2014_000000393489.jpg,0,4,0.125,-0.54296875,no,0,,,,,,,,,
755,yes/no,Is the phone broken?,no,http://images.cocodataset.org/train2014/COCO_train2014_000000393489.jpg,0,60,0.5418348926314491,-0.75390625,yes,0,,,,,,,,,
756,yes/no,Is the phone light on?,no,http://images.cocodataset.org/train2014/COCO_train2014_000000393489.jpg,0,4,0.125,-0.2470703125,no,0,,,,,,,,,
757,yes/no,Is the display on?,no,http://images.cocodataset.org/train2014/COCO_train2014_000000393489.jpg,0,32,0.3652410118609203,-0.212890625,no,0,,,,,,,,,
758,yes/no,Is the person using skype?,no,http://images.cocodataset.org/train2014/COCO_train2014_000000393489.jpg,0,26,0.3902410118609203,-0.283203125,no,0,,,,,,,,,
759,yes/no,Is the phone on?,no,http://images.cocodataset.org/train2014/COCO_train2014_000000393489.jpg,0,42,0.5073517362914002,-0.34765625,no,0,,,,,,,,,
760,yes/no,Is the background clear?,yes,http://images.cocodataset.org/train2014/COCO_train2014_000000393489.jpg,0,2,-0.0,-0.4453125,no,0,,,,,,,,,
761,yes/no,Is this an inside stadium?,yes,http://images.cocodataset.org/train2014/COCO_train2014_000000336077.jpg,0,512,0.0,-0.59765625,no,0,,,,,,,,,
762,yes/no,Is the stadium crowded?,yes,http://images.cocodataset.org/train2014/COCO_train2014_000000336077.jpg,0,16,0.24024101186092028,-0.169921875,yes,0,,,,,,,,,
763,yes/no,Is the stadium full?,yes,http://images.cocodataset.org/train2014/COCO_train2014_000000336077.jpg,0,46,0.5654452445071266,-0.298828125,yes,0,,,,,,,,,
764,yes/no,Is there a baseball player holding a bat?,yes,http://images.cocodataset.org/train2014/COCO_train2014_000000336077.jpg,0,4,0.125,-0.15625,yes,0,,,,,,,,,
765,yes/no,Is this bathroom all white?,no,http://images.cocodataset.org/train2014/COCO_train2014_000000546179.jpg,0,26,0.3902410118609203,-0.451171875,yes,0,,,,,,,,,
766,yes/no,Has the bathroom been renovated recently?,no,http://images.cocodataset.org/train2014/COCO_train2014_000000546179.jpg,0,512,0.0,-0.81640625,no,0,,,,,,,,,
767,yes/no,Are there towels on the ground?,no,http://images.cocodataset.org/train2014/COCO_train2014_000000546179.jpg,0,512,0.0,-0.203125,no,0,,,,,,,,,
768,yes/no,Does this look clean?,yes,http://images.cocodataset.org/train2014/COCO_train2014_000000546179.jpg,0,24,0.3684628474025113,-0.1201171875,yes,0,,,,,,,,,
769,yes/no,Is the shower curtain open?,no,http://images.cocodataset.org/train2014/COCO_train2014_000000546179.jpg,0,512,0.0,-0.41015625,no,0,,,,,,,,,
770,yes/no,Does this bike have training wheels?,yes,http://images.cocodataset.org/train2014/COCO_train2014_000000393493.jpg,0,22,0.4324289523296623,-0.1376953125,yes,0,,,,,,,,,
771,yes/no,Is the picnic table red?,yes,http://images.cocodataset.org/train2014/COCO_train2014_000000393493.jpg,0,2,-0.0,-0.1201171875,yes,0,,,,,,,,,
772,yes/no,Is this a clean room?,no,http://images.cocodataset.org/train2014/COCO_train2014_000000131351.jpg,0,512,0.0,-0.70703125,no,0,,,,,,,,,
773,yes/no,Is this bathroom clean?,yes,http://images.cocodataset.org/train2014/COCO_train2014_000000131351.jpg,0,512,0.0,-0.8046875,no,0,,,,,,,,,
774,yes/no,Is the room clean?,no,http://images.cocodataset.org/train2014/COCO_train2014_000000131351.jpg,0,2,-0.0,-0.7421875,yes,0,,,,,,,,,
775,yes/no,Is there a mirror in the bathroom?,no,http://images.cocodataset.org/train2014/COCO_train2014_000000131351.jpg,0,512,0.0,-0.11572265625,no,0,,,,,,,,,
776,yes/no,Is there a green plant in this room?,no,http://images.cocodataset.org/train2014/COCO_train2014_000000131351.jpg,0,512,0.0,-0.1884765625,no,0,,,,,,,,,
777,yes/no,Is this room clean?,no,http://images.cocodataset.org/train2014/COCO_train2014_000000131351.jpg,0,512,0.0,-0.625,no,0,,,,,,,,,
778,yes/no,Is the cat trying to catch a bird?,no,http://images.cocodataset.org/train2014/COCO_train2014_000000524572.jpg,0,512,0.0,-0.1376953125,no,0,,,,,,,,,
779,yes/no,Is the writing in French?,no,http://images.cocodataset.org/train2014/COCO_train2014_000000393503.jpg,0,512,0.0,-0.1748046875,no,0,,,,,,,,,
780,yes/no,Is this a traveling circus?,no,http://images.cocodataset.org/train2014/COCO_train2014_000000393503.jpg,0,512,0.0,-0.7109375,no,0,,,,,,,,,
781,yes/no,Are there long lenses?,yes,http://images.cocodataset.org/train2014/COCO_train2014_000000414639.jpg,0,512,0.0,-0.75390625,no,0,,,,,,,,,
782,yes/no,Is everyone wearing long sleeves?,yes,http://images.cocodataset.org/train2014/COCO_train2014_000000131366.jpg,0,32,0.5,-0.6171875,yes,0,,,,,,,,,
783,yes/no,Are the woman wearing short dresses?,yes,http://images.cocodataset.org/train2014/COCO_train2014_000000131366.jpg,0,8,0.25,-0.462890625,yes,0,,,,,,,,,
784,yes/no,Is the lady smiling?,yes,http://images.cocodataset.org/train2014/COCO_train2014_000000131366.jpg,0,68,0.6359328551562923,-0.111328125,yes,0,,,,,,,,,
785,yes/no,Do they play for Red Sox?,no,http://images.cocodataset.org/train2014/COCO_train2014_000000131366.jpg,0,512,0.0,-0.1376953125,no,0,,,,,,,,,
786,yes/no,Is this a mixed race group?,no,http://images.cocodataset.org/train2014/COCO_train2014_000000131366.jpg,0,512,0.0,-0.1650390625,no,0,,,,,,,,,
787,yes/no,Are these people getting reading to go play sports?,yes,http://images.cocodataset.org/train2014/COCO_train2014_000000131366.jpg,0,48,0.3968903918891826,-0.2470703125,yes,0,,,,,,,,,
788,yes/no,Is there any females?,yes,http://images.cocodataset.org/train2014/COCO_train2014_000000131366.jpg,0,4,0.125,-0.111328125,yes,0,,,,,,,,,
789,yes/no,Is this a shop?,no,http://images.cocodataset.org/train2014/COCO_train2014_000000131366.jpg,0,512,0.0,-0.1025390625,no,0,,,,,,,,,
790,yes/no,Are they happy?,yes,http://images.cocodataset.org/train2014/COCO_train2014_000000131366.jpg,0,4,0.125,-0.111328125,yes,0,,,,,,,,,
791,yes/no,Are the trying to fix the train?,yes,http://images.cocodataset.org/train2014/COCO_train2014_000000497565.jpg,0,16,0.375,-0.2177734375,yes,0,,,,,,,,,
792,yes/no,Is the train black?,yes,http://images.cocodataset.org/train2014/COCO_train2014_000000497565.jpg,0,4,0.125,-0.1376953125,yes,0,,,,,,,,,
793,yes/no,Is this an evening scene?,yes,http://images.cocodataset.org/train2014/COCO_train2014_000000101431.jpg,0,28,0.3125,-0.1337890625,yes,0,,,,,,,,,
794,yes/no,Is this a desert scene?,yes,http://images.cocodataset.org/train2014/COCO_train2014_000000101431.jpg,0,512,0.0,-0.427734375,no,0,,,,,,,,,
795,yes/no,Is this a city street?,yes,http://images.cocodataset.org/train2014/COCO_train2014_000000262442.jpg,0,14,0.3509193652572005,-0.15625,yes,0,,,,,,,,,
796,yes/no,Is she wearing a bonnet?,yes,http://images.cocodataset.org/train2014/COCO_train2014_000000021895.jpg,0,512,0.0,-0.314453125,no,0,,,,,,,,,
797,yes/no,Was the woman's collar treated with starch?,yes,http://images.cocodataset.org/train2014/COCO_train2014_000000021895.jpg,0,71,0.4797414263141776,-0.341796875,yes,0,,,,,,,,,
798,yes/no,Is it going to storm?,no,http://images.cocodataset.org/train2014/COCO_train2014_000000131373.jpg,0,512,0.0,-0.142578125,no,0,,,,,,,,,
799,yes/no,Does this room have a low ceiling?,no,http://images.cocodataset.org/train2014/COCO_train2014_000000109277.jpg,0,512,0.0,-0.1796875,no,0,,,,,,,,,
800,yes/no,Is a person wearing a hooded sweatshirt?,no,http://images.cocodataset.org/train2014/COCO_train2014_000000131376.jpg,0,512,0.0,-0.111328125,no,0,,,,,,,,,
801,yes/no,Is he wearing a helmet?,no,http://images.cocodataset.org/train2014/COCO_train2014_000000131376.jpg,0,512,0.0,-0.12451171875,no,0,,,,,,,,,
802,counting,How many tattoos can be seen on this man's body?,1,http://images.cocodataset.org/train2014/COCO_train2014_000000393227.jpg,0,512,0.0,-0.5,1,0,,,,,,,,,
803,counting,How many pieces of furniture which are used for sleeping are featured in this picture?,2,http://images.cocodataset.org/train2014/COCO_train2014_000000131074.jpg,0,20,0.3007048827786958,-0.32421875,two,0,,,,,,,,,
804,counting,How many people are in this image?,1,http://images.cocodataset.org/train2014/COCO_train2014_000000393230.jpg,0,512,0.0,-0.11572265625,1,0,,,,,,,,,
805,counting,How many sheeps are this?,3,http://images.cocodataset.org/train2014/COCO_train2014_000000131093.jpg,0,512,0.0,-0.30859375,3,0,,,,,,,,,
806,counting,How many giraffes are there?,2,http://images.cocodataset.org/train2014/COCO_train2014_000000000025.jpg,0,512,0.0,-0.1611328125,2,0,,,,,,,,,
807,counting,How many animals are in this photo?,2,http://images.cocodataset.org/train2014/COCO_train2014_000000000025.jpg,0,512,0.0,-0.1513671875,2,0,,,,,,,,,
808,counting,How many people are on the boat?,5,http://images.cocodataset.org/train2014/COCO_train2014_000000262171.jpg,0,512,0.0,-0.9296875,6,0,,,,,,,,,
809,counting,How many people are wearing shorts in the forefront of this photo?,4,http://images.cocodataset.org/train2014/COCO_train2014_000000524325.jpg,0,512,0.0,-2.03125,5,0,,,,,,,,,
810,counting,How many planes are in the picture?,2,http://images.cocodataset.org/train2014/COCO_train2014_000000131118.jpg,0,512,0.0,-0.169921875,2,0,,,,,,,,,
811,counting,How many trees are in this photo?,3,http://images.cocodataset.org/train2014/COCO_train2014_000000524338.jpg,0,512,0.0,-1.4453125,3,0,,,,,,,,,
812,counting,How many flowers are painted on the vase?,3,http://images.cocodataset.org/train2014/COCO_train2014_000000131128.jpg,0,22,0.19024101186092027,-0.83203125,3,0,,,,,,,,,
813,counting,How many elephants are in the water?,2,http://images.cocodataset.org/train2014/COCO_train2014_000000370986.jpg,0,512,0.0,-0.921875,2,0,,,,,,,,,
814,counting,How many tails can you see in this picture?,3,http://images.cocodataset.org/train2014/COCO_train2014_000000370986.jpg,0,512,0.0,-0.890625,3,0,,,,,,,,,
815,counting,How many tusks are visible?,2,http://images.cocodataset.org/train2014/COCO_train2014_000000262204.jpg,0,512,0.0,-0.369140625,2,0,,,,,,,,,
816,counting,How many trees on the table?,3,http://images.cocodataset.org/train2014/COCO_train2014_000000458763.jpg,0,512,0.0,-0.1982421875,3,0,,,,,,,,,
817,counting,How many horns are in the picture?,0,http://images.cocodataset.org/train2014/COCO_train2014_000000458763.jpg,0,512,0.0,-0.6953125,0,0,,,,,,,,,
818,counting,How many Giraffes are in this image?,2,http://images.cocodataset.org/train2014/COCO_train2014_000000000072.jpg,0,512,0.0,-0.1474609375,2,0,,,,,,,,,
819,counting,How many stairs are there?,6,http://images.cocodataset.org/train2014/COCO_train2014_000000393290.jpg,0,512,0.0,-0.6640625,6,0,,,,,,,,,
820,counting,How many windows are there?,3,http://images.cocodataset.org/train2014/COCO_train2014_000000393291.jpg,0,512,0.0,-0.36328125,2,0,,,,,,,,,
821,counting,How many birds are in the sink?,2,http://images.cocodataset.org/train2014/COCO_train2014_000000393292.jpg,0,512,0.0,-0.1796875,2,0,,,,,,,,,
822,counting,How many tennis players are in the photo?,1,http://images.cocodataset.org/train2014/COCO_train2014_000000262221.jpg,0,512,0.0,-0.2470703125,1,0,,,,,,,,,
823,counting,How many black sheep are there?,10,http://images.cocodataset.org/train2014/COCO_train2014_000000524375.jpg,0,512,0.0,-1.8671875,2,0,,,,,,,,,
824,counting,How many lunches is this?,1,http://images.cocodataset.org/train2014/COCO_train2014_000000524377.jpg,0,512,0.0,-0.232421875,1,0,,,,,,,,,
825,counting,How many hot dogs are shown?,1,http://images.cocodataset.org/train2014/COCO_train2014_000000524377.jpg,0,512,0.0,-0.111328125,1,0,,,,,,,,,
826,counting,How many pickle spears are there?,0,http://images.cocodataset.org/train2014/COCO_train2014_000000524377.jpg,0,512,0.0,-0.1474609375,0,0,,,,,,,,,
827,counting,How many people are eating this hotdog?,1,http://images.cocodataset.org/train2014/COCO_train2014_000000524377.jpg,0,512,0.0,-0.302734375,1,0,,,,,,,,,
828,counting,How many sauces are there?,1,http://images.cocodataset.org/train2014/COCO_train2014_000000524377.jpg,0,512,0.0,-0.203125,1,0,,,,,,,,,
829,counting,How many kinds of meat products are here?,1,http://images.cocodataset.org/train2014/COCO_train2014_000000524377.jpg,0,512,0.0,-0.83203125,2,0,,,,,,,,,
830,counting,How many rolls of toilet paper are on the toilet tank?,2,http://images.cocodataset.org/train2014/COCO_train2014_000000262159.jpg,0,512,0.0,-0.18359375,2,0,,,,,,,,,
831,counting,How many layers are in this cake?,7,http://images.cocodataset.org/train2014/COCO_train2014_000000000092.jpg,0,512,0.0,-1.859375,9,0,,,,,,,,,
832,counting,How many people can eat this cake?,1,http://images.cocodataset.org/train2014/COCO_train2014_000000000092.jpg,0,512,0.0,-0.439453125,1,0,,,,,,,,,
833,counting,How many vehicles are shown?,2,http://images.cocodataset.org/train2014/COCO_train2014_000000000094.jpg,0,512,0.0,-0.1650390625,2,0,,,,,,,,,
834,counting,How many lamps are there?,2,http://images.cocodataset.org/train2014/COCO_train2014_000000524386.jpg,0,512,0.0,-0.193359375,2,0,,,,,,,,,
835,counting,How many lamps are in the room?,2,http://images.cocodataset.org/train2014/COCO_train2014_000000524386.jpg,0,512,0.0,-0.1884765625,2,0,,,,,,,,,
836,counting,How many pictures on the wall?,4,http://images.cocodataset.org/train2014/COCO_train2014_000000524386.jpg,0,512,0.0,-0.2216796875,4,0,,,,,,,,,
837,counting,How many TVs are on?,1,http://images.cocodataset.org/train2014/COCO_train2014_000000524386.jpg,0,512,0.0,-0.11572265625,1,0,,,,,,,,,
838,counting,How many pictures are on the wall?,4,http://images.cocodataset.org/train2014/COCO_train2014_000000524386.jpg,0,512,0.0,-0.2578125,4,0,,,,,,,,,
839,counting,How many men in the picture are wearing sunglasses?,1,http://images.cocodataset.org/train2014/COCO_train2014_000000131172.jpg,0,512,0.0,-0.640625,1,0,,,,,,,,,
840,counting,How many people can be seen?,2,http://images.cocodataset.org/train2014/COCO_train2014_000000393317.jpg,0,512,0.0,-0.30859375,2,0,,,,,,,,,
841,counting,How many green lights are there?,1,http://images.cocodataset.org/train2014/COCO_train2014_000000393317.jpg,0,512,0.0,-0.76171875,0,0,,,,,,,,,
842,counting,How many lights does the plane have?,5,http://images.cocodataset.org/train2014/COCO_train2014_000000131174.jpg,0,512,0.0,-1.3203125,4,0,,,,,,,,,
843,counting,How many planes are in this photo?,1,http://images.cocodataset.org/train2014/COCO_train2014_000000131174.jpg,0,512,0.0,-0.1337890625,1,0,,,,,,,,,
844,counting,How many people are standing in this image?,3,http://images.cocodataset.org/train2014/COCO_train2014_000000546151.jpg,0,512,0.0,-1.0,2,0,,,,,,,,,
845,counting,How many poles is the person holding?,2,http://images.cocodataset.org/train2014/COCO_train2014_000000021826.jpg,0,512,0.0,-0.12890625,2,0,,,,,,,,,
846,counting,How many bodies of water are in this scene?,1,http://images.cocodataset.org/train2014/COCO_train2014_000000000109.jpg,0,512,0.0,-0.212890625,1,0,,,,,,,,,
847,counting,How many light post is there?,4,http://images.cocodataset.org/train2014/COCO_train2014_000000000109.jpg,0,512,0.0,-1.8046875,5,0,,,,,,,,,
848,counting,How many people are in the picture?,3,http://images.cocodataset.org/train2014/COCO_train2014_000000000113.jpg,0,512,0.0,-0.1650390625,3,0,,,,,,,,,
849,counting,How many pigeons are there?,6,http://images.cocodataset.org/train2014/COCO_train2014_000000262260.jpg,0,512,0.0,-1.375,6,0,,,,,,,,,
850,counting,How many bells are there?,1,http://images.cocodataset.org/train2014/COCO_train2014_000000131190.jpg,0,512,0.0,-0.2080078125,1,0,,,,,,,,,
851,counting,How many clock faces does this building have?,1,http://images.cocodataset.org/train2014/COCO_train2014_000000131190.jpg,0,512,0.0,-0.65625,2,0,,,,,,,,,
852,counting,How many flags are by the building's entrance?,0,http://images.cocodataset.org/train2014/COCO_train2014_000000131190.jpg,0,512,0.0,-0.5703125,1,0,,,,,,,,,
853,counting,How many windows are shown?,5,http://images.cocodataset.org/train2014/COCO_train2014_000000131190.jpg,0,512,0.0,-1.7578125,5,0,,,,,,,,,
854,counting,How many windows are pictured?,4,http://images.cocodataset.org/train2014/COCO_train2014_000000131190.jpg,0,512,0.0,-1.7109375,5,0,,,,,,,,,
855,counting,How many sheep can you see?,2,http://images.cocodataset.org/train2014/COCO_train2014_000000131197.jpg,0,512,0.0,-0.11572265625,2,0,,,,,,,,,
856,counting,How many people are there?,1,http://images.cocodataset.org/train2014/COCO_train2014_000000262273.jpg,0,512,0.0,-0.11572265625,1,0,,,,,,,,,
857,counting,How many people are in the image?,1,http://images.cocodataset.org/train2014/COCO_train2014_000000262273.jpg,0,512,0.0,-0.10693359375,1,0,,,,,,,,,
858,counting,How many birds are there?,3,http://images.cocodataset.org/train2014/COCO_train2014_000000436929.jpg,0,512,0.0,-0.251953125,3,0,,,,,,,,,
859,counting,How many men are playing baseball?,5,http://images.cocodataset.org/train2014/COCO_train2014_000000284012.jpg,0,512,0.0,-1.6875,4,0,,,,,,,,,
860,counting,How many pots are hanging under the shelf?,2,http://images.cocodataset.org/train2014/COCO_train2014_000000000138.jpg,0,512,0.0,-0.27734375,2,0,,,,,,,,,
861,counting,How many zebras are there?,13,http://images.cocodataset.org/train2014/COCO_train2014_000000262285.jpg,0,512,0.0,-1.3984375,1,0,,,,,,,,,
862,counting,How many zebras can you see eating?,3,http://images.cocodataset.org/train2014/COCO_train2014_000000000154.jpg,0,512,0.0,-0.330078125,1,0,,,,,,,,,
863,counting,How many kinds of animals are in this photo?,1,http://images.cocodataset.org/train2014/COCO_train2014_000000000154.jpg,0,512,0.0,-0.1474609375,1,0,,,,,,,,,
864,counting,How many different types of animals are in this scene?,1,http://images.cocodataset.org/train2014/COCO_train2014_000000000154.jpg,0,512,0.0,-0.1337890625,1,0,,,,,,,,,
865,counting,How many animals are there?,3,http://images.cocodataset.org/train2014/COCO_train2014_000000000154.jpg,0,512,0.0,-0.12451171875,3,0,,,,,,,,,
866,counting,How many arrows can be seen?,1,http://images.cocodataset.org/train2014/COCO_train2014_000000393242.jpg,0,512,0.0,-0.8671875,1,0,,,,,,,,,
867,counting,How many stripes are at the bottom of the picture?,5,http://images.cocodataset.org/train2014/COCO_train2014_000000393242.jpg,0,512,0.0,-0.9296875,5,0,,,,,,,,,
868,counting,How many potted plants do you see?,3,http://images.cocodataset.org/train2014/COCO_train2014_000000415089.jpg,0,512,0.0,-0.609375,3,0,,,,,,,,,
869,counting,How many chairs are there?,1,http://images.cocodataset.org/train2014/COCO_train2014_000000415089.jpg,0,512,0.0,-0.515625,2,0,,,,,,,,,
870,counting,How many kids in this photo?,3,http://images.cocodataset.org/train2014/COCO_train2014_000000393384.jpg,0,512,0.0,-0.890625,2,0,,,,,,,,,
871,counting,How many animals?,5,http://images.cocodataset.org/train2014/COCO_train2014_000000393386.jpg,0,512,0.0,-0.77734375,5,0,,,,,,,,,
872,counting,How many laptops are on the coffee table?,3,http://images.cocodataset.org/train2014/COCO_train2014_000000137918.jpg,0,512,0.0,-0.169921875,3,0,,,,,,,,,
873,counting,How many people are in the picture?,50,http://images.cocodataset.org/train2014/COCO_train2014_000000438196.jpg,0,512,0.0,-0.90234375,1,0,,,,,,,,,
874,counting,How many knobs are there?,4,http://images.cocodataset.org/train2014/COCO_train2014_000000524471.jpg,0,512,0.0,-1.0703125,3,0,,,,,,,,,
875,counting,How many buses are there?,1,http://images.cocodataset.org/train2014/COCO_train2014_000000393403.jpg,0,512,0.0,-0.482421875,1,0,,,,,,,,,
876,counting,How many decks does this bus have?,2,http://images.cocodataset.org/train2014/COCO_train2014_000000393403.jpg,0,512,0.0,-0.15625,2,0,,,,,,,,,
877,counting,How many windows?,11,http://images.cocodataset.org/train2014/COCO_train2014_000000283700.jpg,0,512,0.0,-0.625,0,0,,,,,,,,,
878,counting,How many steps does it take to get to the top?,2,http://images.cocodataset.org/train2014/COCO_train2014_000000257513.jpg,0,512,0.0,-0.49609375,2,0,,,,,,,,,
879,counting,How many ski boards are in the picture?,5,http://images.cocodataset.org/train2014/COCO_train2014_000000000201.jpg,0,512,0.0,-0.76953125,5,0,,,,,,,,,
880,counting,How many blue stripes are on the babies shirt?,many,http://images.cocodataset.org/train2014/COCO_train2014_000000131279.jpg,0,512,0.0,-1.5234375,5,0,,,,,,,,,
881,counting,How many babies are in this photo?,2,http://images.cocodataset.org/train2014/COCO_train2014_000000131279.jpg,0,512,0.0,-0.1474609375,2,0,,,,,,,,,
882,counting,How many balls are on the ground?,6,http://images.cocodataset.org/train2014/COCO_train2014_000000554301.jpg,0,512,0.0,-1.4296875,7,0,,,,,,,,,
883,counting,How many glasses are there?,2,http://images.cocodataset.org/train2014/COCO_train2014_000000262359.jpg,0,512,0.0,-0.482421875,2,0,,,,,,,,,
884,counting,How many horses are on the picture?,3,http://images.cocodataset.org/train2014/COCO_train2014_000000524508.jpg,0,512,0.0,-0.3203125,3,0,,,,,,,,,
885,counting,How many horses are in the picture?,3,http://images.cocodataset.org/train2014/COCO_train2014_000000524508.jpg,0,512,0.0,-0.427734375,3,0,,,,,,,,,
886,counting,How many kids?,1,http://images.cocodataset.org/train2014/COCO_train2014_000000393438.jpg,0,512,0.0,-0.41015625,0,0,,,,,,,,,
887,counting,How many black umbrellas?,3,http://images.cocodataset.org/train2014/COCO_train2014_000000393442.jpg,0,512,0.0,-0.427734375,3,0,,,,,,,,,
888,counting,How many skis are on the ground?,4,http://images.cocodataset.org/train2014/COCO_train2014_000000131299.jpg,0,512,0.0,-1.2578125,4,0,,,,,,,,,
889,counting,How many water jugs are visible?,2,http://images.cocodataset.org/train2014/COCO_train2014_000000524522.jpg,0,512,0.0,-1.0703125,2,0,,,,,,,,,
890,counting,How many trains are there?,3,http://images.cocodataset.org/train2014/COCO_train2014_000000524525.jpg,0,512,0.0,-0.3984375,3,0,,,,,,,,,
891,counting,How many kids are there?,5,http://images.cocodataset.org/train2014/COCO_train2014_000000393464.jpg,0,512,0.0,-0.11572265625,5,0,,,,,,,,,
892,counting,How many rocks?,2,http://images.cocodataset.org/train2014/COCO_train2014_000000262393.jpg,0,512,0.0,-0.1611328125,0,0,,,,,,,,,
893,counting,How many zebras are there?,2,http://images.cocodataset.org/train2014/COCO_train2014_000000262393.jpg,0,512,0.0,-0.1884765625,2,0,,,,,,,,,
894,counting,How many floors do you think the highest building has?,50,http://images.cocodataset.org/train2014/COCO_train2014_000000000250.jpg,0,512,0.0,-1.0,2,0,,,,,,,,,
895,counting,How many people are surfing?,1,http://images.cocodataset.org/train2014/COCO_train2014_000000131339.jpg,0,512,0.0,-0.10693359375,1,0,,,,,,,,,
896,counting,How many kids are wearing black and white?,5,http://images.cocodataset.org/train2014/COCO_train2014_000000524557.jpg,0,512,0.0,-1.3671875,5,0,,,,,,,,,
897,counting,How many men are wearing hats?,0,http://images.cocodataset.org/train2014/COCO_train2014_000000131342.jpg,0,512,0.0,-0.111328125,0,0,,,,,,,,,
898,counting,How many holes are on the phone case?,1,http://images.cocodataset.org/train2014/COCO_train2014_000000393489.jpg,0,512,0.0,-0.640625,1,0,,,,,,,,,
899,counting,How many phones do you see?,1,http://images.cocodataset.org/train2014/COCO_train2014_000000393489.jpg,0,512,0.0,-0.1884765625,1,0,,,,,,,,,
900,counting,How many cookies can be seen?,2,http://images.cocodataset.org/train2014/COCO_train2014_000000000009.jpg,0,512,0.0,-0.341796875,2,0,,,,,,,,,
901,counting,How many girls are visible?,2,http://images.cocodataset.org/train2014/COCO_train2014_000000393493.jpg,0,512,0.0,-0.2216796875,1,0,,,,,,,,,
902,counting,How many colors are in the tile?,1,http://images.cocodataset.org/train2014/COCO_train2014_000000131351.jpg,0,512,0.0,-0.69140625,2,0,,,,,,,,,
903,counting,How many people are standing next to each other?,4,http://images.cocodataset.org/train2014/COCO_train2014_000000131366.jpg,0,512,0.0,-0.169921875,4,0,,,,,,,,,
904,counting,How many rackets?,8,http://images.cocodataset.org/train2014/COCO_train2014_000000131366.jpg,0,512,0.0,-1.296875,4,0,,,,,,,,,
905,counting,How many people are in this photo?,4,http://images.cocodataset.org/train2014/COCO_train2014_000000131366.jpg,0,512,0.0,-0.1474609375,4,0,,,,,,,,,
906,counting,How many girls are in the picture?,4,http://images.cocodataset.org/train2014/COCO_train2014_000000131366.jpg,0,512,0.0,-0.1650390625,4,0,,,,,,,,,
907,counting,How many people don't have a skateboard?,4,http://images.cocodataset.org/train2014/COCO_train2014_000000131366.jpg,0,512,0.0,-0.6953125,0,0,,,,,,,,,
908,counting,How many of the four main individuals are wearing baseball caps?,0,http://images.cocodataset.org/train2014/COCO_train2014_000000131366.jpg,0,512,0.0,-0.15625,0,0,,,,,,,,,
909,counting,How many racquets?,8,http://images.cocodataset.org/train2014/COCO_train2014_000000131366.jpg,0,512,0.0,-1.1875,4,0,,,,,,,,,
910,counting,How many legs are in the image?,8,http://images.cocodataset.org/train2014/COCO_train2014_000000131366.jpg,0,512,0.0,-0.369140625,8,0,,,,,,,,,
911,counting,How many passengers does this bus carry?,30,http://images.cocodataset.org/train2014/COCO_train2014_000000262442.jpg,0,512,0.0,-1.7421875,2,0,,,,,,,,,
912,counting,How many open umbrellas are there on the beach?,3,http://images.cocodataset.org/train2014/COCO_train2014_000000131374.jpg,0,512,0.0,-1.40625,2,0,,,,,,,,,
913,counting,How many umbrellas do you see?,3,http://images.cocodataset.org/train2014/COCO_train2014_000000131374.jpg,0,512,0.0,-0.92578125,3,0,,,,,,,,,
914,counting,How many striped objects are in the photo?,4,http://images.cocodataset.org/train2014/COCO_train2014_000000131374.jpg,0,512,0.0,-1.4453125,3,0,,,,,,,,,
915,location,Where is the giraffe?,near tree,http://images.cocodataset.org/train2014/COCO_train2014_000000000025.jpg,0,46,0.3806159941832506,-1.375,zoo,0,,,,,,,,,
916,location,Where are the two blue coolers?,left,http://images.cocodataset.org/train2014/COCO_train2014_000000262172.jpg,0,52,0.38487825543534665,-0.462890625,floor,0,,,,,,,,,
917,location,Where are the trucks?,dock,http://images.cocodataset.org/train2014/COCO_train2014_000000262184.jpg,0,32,0.3652410118609203,-1.3125,dock,0,,,,,,,,,
918,location,Where is Brooklyn Avenue?,bottom,http://images.cocodataset.org/train2014/COCO_train2014_000000131126.jpg,0,70,0.518769814145841,-1.8203125,nyc,0,,,,,,,,,
919,location,Where is the bird?,on cliff,http://images.cocodataset.org/train2014/COCO_train2014_000000262201.jpg,0,68,0.4314493719256533,-0.92578125,on,0,,,,,,,,,
920,location,Where is the mirror?,wall,http://images.cocodataset.org/train2014/COCO_train2014_000000262207.jpg,0,62,0.42809989459782083,-0.83984375,wall,0,,,,,,,,,
921,location,Where is the sink located?,bathroom,http://images.cocodataset.org/train2014/COCO_train2014_000000393291.jpg,0,36,0.3339962154988633,-0.87109375,bathroom,0,,,,,,,,,
922,location,Where is the soap?,shower,http://images.cocodataset.org/train2014/COCO_train2014_000000393291.jpg,0,31,0.30555575871142643,-1.1640625,shower,0,,,,,,,,,
923,location,Where is the human?,on top of hill,http://images.cocodataset.org/train2014/COCO_train2014_000000524375.jpg,0,44,0.3864794920301295,-0.5078125,hill,0,,,,,,,,,
924,location,Where is the light coming from?,window,http://images.cocodataset.org/train2014/COCO_train2014_000000262159.jpg,0,26,0.24784110196553272,-0.828125,window,0,,,,,,,,,
925,location,Where is the television?,wall,http://images.cocodataset.org/train2014/COCO_train2014_000000524386.jpg,0,22,0.23112610345653306,-1.4921875,living,0,,,,,,,,,
926,location,Where is the street sign?,pole,http://images.cocodataset.org/train2014/COCO_train2014_000000393317.jpg,0,48,0.36037661244327984,-1.2109375,on,0,,,,,,,,,
927,location,Where are the women walking?,crosswalk,http://images.cocodataset.org/train2014/COCO_train2014_000000393317.jpg,0,40,0.3682139435399609,-1.390625,side,0,,,,,,,,,
928,location,Where is the woman standing?,crosswalk,http://images.cocodataset.org/train2014/COCO_train2014_000000393317.jpg,0,43,0.3551201143835381,-1.109375,side,0,,,,,,,,,
929,location,Where was this shot at?,florist,http://images.cocodataset.org/train2014/COCO_train2014_000000262283.jpg,0,52,0.42501416555835975,-0.9453125,flower,0,,,,,,,,,
930,location,Where is the cupcake?,plate,http://images.cocodataset.org/train2014/COCO_train2014_000000393375.jpg,0,46,0.38771840184182477,-0.91015625,on,0,,,,,,,,,
931,location,Where was this picture taken?,parking lot,http://images.cocodataset.org/train2014/COCO_train2014_000000393384.jpg,0,50,0.3630613052122863,-1.390625,beach,0,,,,,,,,,
932,location,Where is the laptop?,on table,http://images.cocodataset.org/train2014/COCO_train2014_000000137918.jpg,1,34,0.38389249808533055,-0.72265625,table,1,17.0,0.16911764705882354,0.8409160494198367,,,,,,
933,location,Where are the two upside down glasses?,nightstand,http://images.cocodataset.org/train2014/COCO_train2014_000000393394.jpg,0,41,0.3255941463458353,-1.8984375,table,0,,,,,,,,,
934,location,Where is the open door?,nowhere,http://images.cocodataset.org/train2014/COCO_train2014_000000393403.jpg,0,30,0.2659969408193185,-1.765625,on,0,,,,,,,,,
935,location,Where are the buns?,by plates,http://images.cocodataset.org/train2014/COCO_train2014_000000524486.jpg,0,60,0.4305301888230381,-1.203125,on,0,,,,,,,,,
936,location,Where is the table lamp?,on table,http://images.cocodataset.org/train2014/COCO_train2014_000000448671.jpg,0,65,0.4735616337955697,-1.328125,desk,0,,,,,,,,,
937,location,Where is the cup?,on table,http://images.cocodataset.org/train2014/COCO_train2014_000000393428.jpg,0,46,0.37835606358239876,-1.03125,table,0,,,,,,,,,
938,location,Where do you think all these are located?,restaurant,http://images.cocodataset.org/train2014/COCO_train2014_000000262359.jpg,0,53,0.39496624378823836,-0.3515625,restaurant,0,,,,,,,,,
939,location,Where is the room?,restaurant,http://images.cocodataset.org/train2014/COCO_train2014_000000262359.jpg,0,56,0.4165637068318436,-0.58203125,restaurant,0,,,,,,,,,
940,location,Where is the cat?,bed,http://images.cocodataset.org/train2014/COCO_train2014_000000393432.jpg,0,40,0.3691645801655411,-0.546875,bed,0,,,,,,,,,
941,location,Where is number 8?,left,http://images.cocodataset.org/train2014/COCO_train2014_000000524557.jpg,0,57,0.4075943328458392,-1.0703125,left,0,,,,,,,,,
942,location,Where is the shower located?,in bathroom,http://images.cocodataset.org/train2014/COCO_train2014_000000546179.jpg,0,35,0.27078213096635917,-1.1484375,bathroom,0,,,,,,,,,
943,location,Where is the cat sitting?,stump,http://images.cocodataset.org/train2014/COCO_train2014_000000524572.jpg,0,51,0.41067098861200974,-0.9296875,st,0,,,,,,,,,
944,location,Where is this?,beach,http://images.cocodataset.org/train2014/COCO_train2014_000000131373.jpg,0,46,0.36511203288551336,-0.2421875,beach,0,,,,,,,,,
945,reasoning,Why is the man on the street?,homeless,http://images.cocodataset.org/train2014/COCO_train2014_000000524314.jpg,0,71,0.4790216015075169,-0.48828125,home,0,,,,,,,,,
946,reasoning,Why are the birds only appearing as black silhouettes?,shadows,http://images.cocodataset.org/train2014/COCO_train2014_000000262260.jpg,1,35,0.3324418421712738,-2.0625,shadow,1,17.0,0.19195046439628483,0.9975025463691152,,,,,,
947,reasoning,Why are there so many clothes on the bed?,laundry,http://images.cocodataset.org/train2014/COCO_train2014_000000131208.jpg,0,4,0.125,-1.1015625,laundry,0,,,,,,,,,
948,reasoning,Why is the man cooking so many hot dogs?,party,http://images.cocodataset.org/train2014/COCO_train2014_000000524486.jpg,0,60,0.44115146343117523,-1.5859375,party,0,,,,,,,,,
949,reasoning,Why is the girl holding an umbrella?,sun,http://images.cocodataset.org/train2014/COCO_train2014_000000000036.jpg,0,16,0.22406015629507225,-1.078125,shade,0,,,,,,,,,
950,reasoning,Why would someone not like the fruit at the front?,they don't like oranges,http://images.cocodataset.org/train2014/COCO_train2014_000000039288.jpg,0,59,0.4261974654635546,-2.390625,it,0,,,,,,,,,
951,reasoning,Why is the top light on?,to stop traffic,http://images.cocodataset.org/train2014/COCO_train2014_000000524520.jpg,0,60,0.47569074995485405,-0.4765625,stop,0,,,,,,,,,
952,reasoning,Why is the man in mid-air?,snowboarding,http://images.cocodataset.org/train2014/COCO_train2014_000000524547.jpg,0,49,0.40206459171520714,-1.59375,snow,0,,,,,,,,,
953,classification,What kind of room is this?,living room,http://images.cocodataset.org/train2014/COCO_train2014_000000262172.jpg,0,53,0.37588891796757085,-0.462890625,living,0,,,,,,,,,
954,classification,What kind of trees are on the table?,christmas,http://images.cocodataset.org/train2014/COCO_train2014_000000458763.jpg,0,0,0.9906015629507201,-0.58203125,christmas,0,,,,,,,,,
955,classification,What kind of food is shown?,hot dog,http://images.cocodataset.org/train2014/COCO_train2014_000000524377.jpg,0,74,0.49989142639512407,-0.6640625,hot,0,,,,,,,,,
956,classification,What kind of sauce is in the largest ramekin?,butter,http://images.cocodataset.org/train2014/COCO_train2014_000000524377.jpg,0,88,0.5202312707109099,-1.1953125,may,0,,,,,,,,,
957,classification,What kind of toppings are on the hot dogs?,onions,http://images.cocodataset.org/train2014/COCO_train2014_000000524377.jpg,1,69,0.49336039338359433,-0.60546875,on,1,16.0,0.08125,0.949701216438411,,,,,,
958,classification,What kind of meat is this?,hot dog,http://images.cocodataset.org/train2014/COCO_train2014_000000524377.jpg,0,74,0.5160244553129706,-1.171875,hot,0,,,,,,,,,
959,classification,What kind of potato are the fries?,sweet,http://images.cocodataset.org/train2014/COCO_train2014_000000524377.jpg,1,93,0.5561066041458583,-1.140625,sweet,1,15.0,0.05654761904761906,0.9500685975366211,,,,,,
960,classification,What kind of plants are these?,flowers,http://images.cocodataset.org/train2014/COCO_train2014_000000393306.jpg,0,79,0.5086735145888988,-0.83984375,flowers,0,,,,,,,,,
961,classification,What kind of aircraft is this?,cargo plane,http://images.cocodataset.org/train2014/COCO_train2014_000000393311.jpg,0,74,0.4486132300064493,-0.369140625,cargo,0,,,,,,,,,
962,classification,What kind of lamp is on the floor?,floor lamp,http://images.cocodataset.org/train2014/COCO_train2014_000000524386.jpg,0,63,0.4539172858808694,-1.3828125,floor,0,,,,,,,,,
963,classification,What kind of hat is the man with the girls wearing?,baseball cap,http://images.cocodataset.org/train2014/COCO_train2014_000000131172.jpg,0,101,0.5579860038494306,-0.283203125,baseball,0,,,,,,,,,
964,classification,What kind of celebration is this?,birthday,http://images.cocodataset.org/train2014/COCO_train2014_000000000113.jpg,0,32,0.3976041234006801,-0.8671875,anniversary,0,,,,,,,,,
965,classification,What kind of court is at the edge of the field?,soccer,http://images.cocodataset.org/train2014/COCO_train2014_000000000149.jpg,0,60,0.4475110241530382,-0.48828125,soccer,0,,,,,,,,,
966,classification,What kind of nut is shown?,peanut,http://images.cocodataset.org/train2014/COCO_train2014_000000393379.jpg,0,16,0.17234793668577192,-0.84765625,peanut,0,,,,,,,,,
967,classification,What kind of animals are in there?,cows,http://images.cocodataset.org/train2014/COCO_train2014_000000131245.jpg,0,72,0.5333730738465083,-0.267578125,cows,0,,,,,,,,,
968,classification,What kind of siding is on this house?,tile,http://images.cocodataset.org/train2014/COCO_train2014_000000524471.jpg,1,50,0.45474296491559674,-0.482421875,tile,1,16.0,0.10277777777777777,0.886859507142915,,,,,,
969,classification,What kind of vehicle is the yellow one?,truck,http://images.cocodataset.org/train2014/COCO_train2014_000000283700.jpg,0,56,0.46269971001377863,-0.54296875,truck,0,,,,,,,,,
970,classification,What kind of room is this?,kitchen,http://images.cocodataset.org/train2014/COCO_train2014_000000393418.jpg,0,0,0.998585585846516,-0.09423828125,kitchen,0,,,,,,,,,
971,classification,What kind of pizza is this?,cheese,http://images.cocodataset.org/train2014/COCO_train2014_000000131300.jpg,0,65,0.505606282408625,-0.2421875,cheese,0,,,,,,,,,
972,classification,What kind of trees are in this photo?,pine,http://images.cocodataset.org/train2014/COCO_train2014_000000393480.jpg,0,14,0.1875,-0.54296875,pine,0,,,,,,,,,
973,classification,What kind of suit is he wearing?,swim,http://images.cocodataset.org/train2014/COCO_train2014_000000131339.jpg,1,44,0.9829077092763391,-1.015625,swim,1,18.0,0.014814814814814815,0.9656336071428252,,,,,,
974,classification,What kind of passenger does the bus carry?,children,http://images.cocodataset.org/train2014/COCO_train2014_000000262415.jpg,0,42,0.4049146216260603,-0.96875,school,0,,,,,,,,,
975,classification,What kind of id is that?,old id,http://images.cocodataset.org/train2014/COCO_train2014_000000393489.jpg,0,63,0.48135046476368637,-1.1875,un,0,,,,,,,,,
976,classification,What kind of phone is this?,pharos,http://images.cocodataset.org/train2014/COCO_train2014_000000393489.jpg,0,43,0.4553112091457658,-0.9296875,ph,0,,,,,,,,,
977,classification,What kind of animal is on the beach?,horse,http://images.cocodataset.org/train2014/COCO_train2014_000000131373.jpg,0,73,0.4796698675902325,-0.1337890625,horse,0,,,,,,,,,
978,comparison,Which hand holds the umbrella?,right,http://images.cocodataset.org/train2014/COCO_train2014_000000131101.jpg,0,44,0.3944548827786958,-0.58203125,right,0,,,,,,,,,
979,comparison,Which direction is Brooklyn Ave?,north,http://images.cocodataset.org/train2014/COCO_train2014_000000131126.jpg,0,76,0.539613643345966,-1.8359375,north,0,,,,,,,,,
980,comparison,Which hand is the man holding up?,left,http://images.cocodataset.org/train2014/COCO_train2014_000000393306.jpg,0,44,0.46044279530415383,-0.734375,right,0,,,,,,,,,
981,comparison,Which floor lamp is not lit?,one in corner,http://images.cocodataset.org/train2014/COCO_train2014_000000524386.jpg,0,57,0.4435139099884125,-1.8359375,left,0,,,,,,,,,
982,comparison,Which buses are double deckers?,0,http://images.cocodataset.org/train2014/COCO_train2014_000000000149.jpg,0,0,0.9992941796073589,-0.53515625,0,0,,,,,,,,,
983,comparison,Which way can you not turn?,left,http://images.cocodataset.org/train2014/COCO_train2014_000000393419.jpg,0,71,0.48236743090894135,-0.267578125,left,0,,,,,,,,,
984,comparison,Which baby is still an infant?,neither,http://images.cocodataset.org/train2014/COCO_train2014_000000131279.jpg,0,84,0.5090896790895094,-2.0,left,0,,,,,,,,,
985,comparison,Which man is controlling the kite?,no,http://images.cocodataset.org/train2014/COCO_train2014_000000474858.jpg,1,53,0.44103031055393477,-2.140625,none,1,17.0,0.13289760348583876,0.9774178175281716,,,,,,
986,comparison,Which vehicle is the smallest?,car,http://images.cocodataset.org/train2014/COCO_train2014_000000131299.jpg,0,97,0.5460464499467913,-0.80078125,car,0,,,,,,,,,
987,comparison,Which hand is the person holding the phone in?,left,http://images.cocodataset.org/train2014/COCO_train2014_000000393489.jpg,0,76,0.5467169886907323,-0.439453125,left,0,,,,,,,,,
988,comparison,Which room is this?,bedroom,http://images.cocodataset.org/train2014/COCO_train2014_000000131352.jpg,0,46,0.32984029287188354,-0.1376953125,bedroom,0,,,,,,,,,
989,comparison,Which two are actually playing?,0,http://images.cocodataset.org/train2014/COCO_train2014_000000131366.jpg,0,8,0.25,-1.1015625,0,0,,,,,,,,,
990,comparison,Which direction is the turn lane going?,right,http://images.cocodataset.org/train2014/COCO_train2014_000000262442.jpg,0,54,0.4451428926771861,-0.6640625,left,0,,,,,,,,,
991,comparison,Which way is the man's hat facing?,down,http://images.cocodataset.org/train2014/COCO_train2014_000000131376.jpg,0,38,0.3326532820337237,-0.671875,down,0,,,,,,,,,
992,person identification,Who made the cock?,rolex,http://images.cocodataset.org/train2014/COCO_train2014_000000000064.jpg,0,512,0.0,-3.09375,rolex,0,,,,,,,,,
993,person identification,Whose logo is on the official's chair?,wilson,http://images.cocodataset.org/train2014/COCO_train2014_000000262221.jpg,0,0,0.9913421671953554,-0.203125,wilson,0,,,,,,,,,
994,person identification,Who is in the photo?,zebras,http://images.cocodataset.org/train2014/COCO_train2014_000000000154.jpg,0,75,0.45138861160875626,-1.3828125,zebra,0,,,,,,,,,
995,person identification,Who is going to eat this pizza?,people,http://images.cocodataset.org/train2014/COCO_train2014_000000000194.jpg,0,65,0.4187829503756319,-1.4375,people,0,,,,,,,,,
996,person identification,Who is the woman the picture on wall?,none,http://images.cocodataset.org/train2014/COCO_train2014_000000131312.jpg,0,76,0.5813855554254292,-0.98046875,mother,0,,,,,,,,,
997,person identification,Who is the pilot?,man,http://images.cocodataset.org/train2014/COCO_train2014_000000000247.jpg,0,72,0.4345152297610801,-1.2890625,man,0,,,,,,,,,
998,time-related,What game would you play when you saw this as a child?,tag,http://images.cocodataset.org/train2014/COCO_train2014_000000524375.jpg,0,36,0.31055356164229186,-2.71875,sheep,0,,,,,,,,,
999,time-related,Were people moving when this picture was taken?,no,http://images.cocodataset.org/train2014/COCO_train2014_000000474858.jpg,0,6,0.1981203125901445,-0.546875,no,0,,,,,,,,,
