image_id,question_type,question,ground_truth,full_answer,full_correct,high_answer,high_correct,low_answer,low_correct,random_answer,random_correct
0,object identification,What is this photo taken looking through?,net,i don't know what this photo is taken looking through.,False,"this photo appears to be taken looking through a net or fence, likely at a baseball game. the perspective and the way the net is visible in the foreground suggest that the photographer is standing behind a protective netting commonly found around baseball fields.",True,"the photo appears to be taken looking through a net or fence, likely at a baseball field. the person in the picture is wearing a baseball uniform and appears to be a player, possibly preparing to catch or throw a ball.",True,"this photo appears to be taken through a fence or a net, as there are visible lines and patterns that suggest a barrier between the photographer and the subject.",True
1,object identification,What is this man riding on?,skateboard,the man is riding on a skateboard.,True,the man is riding a skateboard.,True,the man is riding a skateboard.,True,the man is riding a skateboard.,True
2,object identification,What is this person doing?,skiing,"the person in the picture is skiing. they are standing on skis and holding ski poles, moving across the snow-covered ground.",True,"the person in the picture is cross-country skiing. they are standing on skis and holding ski poles, which are commonly used in cross-country skiing to help with balance and propulsion. the snowy landscape and the person's attire, including a jacket and hat",True,"the person in the picture is cross-country skiing. they are standing on skis and holding ski poles, which are commonly used in cross-country skiing to help with balance and propulsion. the setting appears to be a snowy area, likely a park or a",True,"the person in the picture is skiing. they are standing on skis and holding ski poles, which are commonly used in cross-country skiing. the setting appears to be a snowy outdoor area, likely a park or a ski trail.",True
3,object identification,What is this?,bear,this is a black bear.,True,"this is an image of a black bear. the bear appears to be in a natural setting, possibly a grassy-covered area.",True,this is a picture of a black bear. the bear is standing in a grassy field.,True,this is a picture of a black bear. the bear is sitting in a grassy area with its tongue sticking out.,True
4,object identification,What is this device?,refrigerator,the is a refrigerator.,True,"the device in the picture is a refrigerator. it is a large, stainless steel appliance typically used for storing food and beverages at a cool temperature.",True,the device in the picture is a refrigerator. it is a large appliance used for storing food and beverages at a cool temperature to keep them fresh.,True,the device in the picture is a refrigerator. it is a large appliance used for storing food and beverages at a cold temperature to keep them fresh.,True
5,object identification,What is this animal?,elephant,the this animal is an elephant.,True,"the animal in the picture is an elephant. elephants are large mammals known for their distinctive features such as their large ears, tusks, and trunk.",True,"this is an elephant. elephants are large mammals known for their distinctive long trunks, tusks, and big ears. they are knowned for their intelligence and social behavior.",True,"the animal in the picture is an elephant. elephants are large mammals known for their distinctive features such as their large ears, tusks, and trunk.",True
6,object identification,What is this person wearing on head?,hat,the person in the picture is wearing a flat cap.,False,the person in the picture is wearing a helmet on their head.,False,the person in the picture is wearing a flat cap on their head.,False,the person in the picture is wearing a hat on their head.,True
7,object identification,What is this man laying on?,surfboard,the man is laying on a surfboard.,True,the man is laying on a surfboard in the water.,True,the man is laying on a surfboard.,True,the man appears to be laying on a surfboard in the water.,True
8,object identification,What is this person holding?,hot dog,the person is holding a hot dog.,True,the person is holding a hot dog with a bun.,True,the person is holding a piece of bread or a sandwich.,False,the person is holding a sandwich.,False
9,object identification,What is this person standing on?,sand,the person is standing on the sand of the beach.,True,the person is standing on a sandy beach.,True,the person in the picture is standing on a beach.,False,the person is standing on a sandy beach.,True
10,object identification,What is this cake made with?,chocolate,"the cake in the picture appears to be a chocolate cake. it is likely made with ingredients such as flour, sugar, eggs, butter, and cocoa powder. the presence of chocolate chunks on top suggests that it might may also contain chocolate chips or pieces",True,"the cake in the picture appears to be a chocolate cake. it is likely made with ingredients such as flour, sugar, eggs, butter, and cocoa powder. the texture and appearance suggest it might could be a chocolate sponge cake or a chocolate cake with",True,"the cake in the picture appears to be a chocolate cake. it is topped with chocolate shavings and has a rich, dark appearance, which is characteristic of chocolate cakes. the texture looks moist and dense, typical of chocolate cakes made with cocoa powder and",True,"the cake in the picture appears to be a chocolate cake. it is likely made with ingredients such as flour, sugar, eggs, butter, and cocoa powder. the presence of chocolate shavings on top suggests it might is a chocolate-flavored cake.",True
11,object identification,What is this person doing?,snowboarding,"the person in the picture is snowboarding. they are in mid-air, performing a jump or trick off a snow ramp.",True,"the person in the picture is snowboarding. they are in mid-air, performing a trick over a snow ramp.",True,"the person in the picture is performing a snowboarding trick. they are in mid-air, likely after launching off a ramp or jump, and appear to be executing a spin or rotation.",True,"the person in the picture is performing a snowboarding trick. they are in mid-air, with their snowboard visible beneath them, suggesting they are either launching off a jump or executing a flip or spin.",True
12,other,What position is this man playing?,pitcher,the man in the picture is playing the position of a pitcher in a baseball game.,True,the man in the picture is playing the position of a pitcher in a baseball game.,True,"the man in the picture appears to be a baseball player, likely a pitcher or a catcher, given his stance and the presence of a baseball cap and glove. however, without more context, it's difficult to determine his exact position.",True,the man in the picture is playing the position of a pitcher in a baseball game.,True
13,other,What is the person doing?,skiing,the person in the picture is skiing down a snow-covered slope.,True,the person in the picture is skiing down a snowy slope.,True,the person in the picture is skiing down a snowy slope.,True,the person in the picture is skiing down a snowy slope.,True
14,other,What is in the person's hand?,frisbee,the person is holding a frisbee in their hand.,True,the person is holding a frisbee.,True,the person is holding a frisbee.,True,the person is holding a frisbee.,True
15,other,Is the dog looking at a tennis ball or frisbee?,frisbee,the dog is looking at a frisbee.,True,the dog is looking at a frisbee.,True,the dog is looking at a frisbee.,True,the dog is looking at a frisbee.,True
16,other,What is the white streak?,contrail,"the white streak in the the image is a contrail, which is a trail of condensed water vapor left behind by an aircraft as it flies through the atmosphere.",True,"the white streaks in the image appears to be a contrail, which is a trail of condensed water vapor formed by the the exhaust of an aircraft. it is commonly seen in the sky when the aircraft is flying at high altitudes.",True,"the white streak in the image is likely a contrail, which is a trail of condensed water vapor formed by the exhaust of an aircraft. it is created when the exhaust from the aircraft's engines mixes with the cold, dry air at high altitudes",True,"the white streak in the image is a contrail, which is a trail of condensed water vapor left behind by an aircraft as it flies through the atmosphere. contrails form when the aircraft exhaustss into the cold, high-altitude air, causing",True
17,other,What is the child doing?,brushing teeth,the child is brushing their teeth.,False,the child is brushing their teeth.,False,the child appears to be brushing their teeth.,False,the child is brushing their teeth.,False
18,other,What is the business man doing in the picture?,frowning,the business man in the picture is walking down the street.,False,"the business man in the picture is standing and looking to his left. he is wearing a suit and tie, which suggests a formal or professional setting.",False,"the business man in the picture is standing outdoors, possibly in a city or commercial area. he appears to be looking off to the side, possibly at something or someone outside of the frame.",False,"the business man in the picture is standing and appears to be in a professional setting. he is wearing a suit and tie, which suggests a formal or business environment.",False
19,other,What is the man riding on?,motorcycle,the man is riding a dirt bike.,False,the man is riding a dirt bike.,False,the man is riding a dirt bike.,False,the man is riding a dirt bike.,False
20,other,What is on the pillow?,gray,the pillow in the picture is covered with a decorative pillowcase.,False,the pillow in the picture has has a decorative pillowcase with a floral pattern.,False,the pillow in the picture has a decorative pillow with a green and yellow design.,False,the pillow in the picture has has a decorative pillow sham with a floral pattern.,False
21,other,What is sitting on the bench?,purse,a handbag is sitting on the bench.,False,there is a bag sitting on the bench.,False,there is a pillow sitting on the bench.,False,there is a bag sitting on the bench.,False
22,other,What is the man doing?,skiing,the man is skiing on the snow.,True,the man is skiing in the snow.,True,the man is cross-country skiing. he is standing on a pair of skis and appears to be gliding through the snowy landscape.,True,"the man is skiing in a snowy outdoor setting. he is holding ski poles and appears to be in motion, likely gliding across the snow.",True
23,other,What is the person wearing?,skis,"the person is wearing a blue jacket, black pants, and ski boots. they are also holding ski poles in their hands.",False,the person is wearing a blue jacket.,False,the person is wearing a blue jacket and black pants.,False,"the person is wearing a blue shirt, black pants, and white ski boots. they are also holding ski poles and are on skis.",True
24,other,What is she holding?,poles,the woman is holding ski poles.,True,she is holding a ski pole.,False,she is holding ski poles.,True,the person in the picture is holding a ski pole.,False
25,other,What is the dog riding on?,surfboard,the dog is riding on a surfboard.,True,the dog is riding on a surfboard.,True,the dog appears to be riding on a surfboard.,True,the dog is riding on a surfboard.,True
26,other,What is in the water?,dog,there is a dog in the water.,True,"in the water, there is a person lying on a surfboard. the person appears to be paddling or waiting for a wave to ride. the water is calm, and the background shows a coastal area with some structures.",False,there is a dog in the water.,True,"in the water, there is a surfboard with a person lying on it. the person appears to be resting or possibly waiting for a wave to ride.",False
27,other,"What does the green light, on the TV, indicate?",on,the green light on the tv indicates that the tv is turned on and functioning properly. it is a common indicator of power and readiness for use.,True,the green light on the tv screen indicates that the tv is turned on and functioning properly. it is a common indicator that the device is operational and ready for use.,True,the green light on the tv screen indicates that the tv is turned on and functioning properly. it is a common indicator of the tv's power status.,True,the green light on the tv indicates that the tv is turned on and functioning properly.,True
28,other,What room of the house is this?,office,"it is unknown what room of the house this is. it could be a living room, a meeting room, a conference room, or a computer room, or a classroom.",False,"the room in the picture appears to be a conference room or a meeting room. this is indicated by the large screen displaying a computer interface, a table, and chairs arranged around it. the setting is typically used for meetings, presentations, or discussions.",False,"the room in the picture appears to be a conference room or a meeting room. this is indicated by the large screen displaying a presentation, a laptop on a table, and the general setup of the room.",False,"the room in the picture appears to be a conference room or a meeting room. it has has a large screen displaying a web application, tables, and chairs arranged for a meeting or presentation.",False
29,other,What is the size of the TV?,large,the size of the tv is not specified in the image.,False,"the tv in the picture is large, covering a significant portion of the wall. it appears to be a flat-screen television, likely used for presentations or entertainment purposes.",True,the tv is large.,True,the tv is large.,True
30,other,How big is the TV?,very big,it is unknown how big the tv is.,False,"the tv in the picture appears to be quite large, likely a flat-screen television. the size is difficult to determine precisely without a reference object, but it seems to be at least 40 inches or possibly larger. the screen is displaying a web",False,"the tv in the picture appears to be quite large, likely a flat-screen television or a projector screen displaying a large image. the size is not specified, but it seems to be a standard size for a classroom or meeting room setting.",False,"the tv in the picture appears to be relatively large, but it is difficult to determine the exact size without a reference object. it is large enough to display the content clearly in the room.",False
31,other,What companion object to the TV can be seen in the bottom right of the picture?,laptop,"in the bottom right of the picture, there is a laptop.",True,there is a remote control in the bottom right of the picture.,False,there is a laptop in the the bottom right of the picture.,True,there is a laptop in the the bottom right of the picture.,True
32,other,What is the small computer on the left called?,laptop,i am not sure what the small computer on the left is called. it could be a laptop or a desktop.,True,the small computer on the left is called a laptop.,True,the small computer on the left is a laptop.,True,the small computer on the left is called a laptop.,True
33,other,What is above the TV?,vent,"i don't know what is above the tv. it could be a ceiling, a vent, or a light.",True,"above the tv, there is a window with a view of the outside.",False,there is a ceiling light above the tv.,False,"above the tv, there are two vents.",True
34,other,What is on the display?,document,"the image shows a projector screen displaying a webpage titled ""outlook web app."" the screen is in a dark room, and there is a laptop on a table in front of the screen. the room appears to be a conference room or a meeting room",False,"the display shows a web page with a green background and some text or logo in the center. the text or logo appears to be a combination of letters and numbers, possibly a code or a password.",False,the display shows a login screen for outlook web app.,False,"the display shows a web page with a green background and some text that appears to be ""out."" the page also has some other text that appears to be ""out."" the page also has some text that appears to be ""out."" the page also",False
35,other,Is it a monitor or a screen projection?,screen projection,it is a screen projection.,True,"the image shows a screen projection. the content displayed on the screen appears to be a website or a web page, which is typically projected from a computer or a projector.",True,"the image shows a screen projection. the content displayed on the screen appears to be a presentation or a presentation, likely from a software application like microsoft outlook.",True,"the image shows a screen projection. the content displayed on the screen appears to be a computer interface, which is typically projected from a computer or other a projector.",True
36,other,What is on the TV screen?,computer,"the tv screen is displaying a webpage, specifically the outlook web app.",False,the tv screen shows a website with a green background and a white text box. the text box contains some text that appears to be a greeting or a message.,False,the tv screen shows a login page for outlook web app.,False,the tv screen shows a login page with a username and password field.,False
37,other,What is the title of the presentation in the picture?,outlook web app,i don't know the title of the presentation in the picture.,False,"the title of the presentation is ""the future of the internet.""",False,"the title of the presentation is ""outlook web app.""",True,"the title of the presentation is ""how to work app.""",False
38,other,What is the man playing?,wii,the man is playing a video game using a wii remote.,True,the man is playing a video game using a wii remote.,True,the man appears to be playing a video game on a gaming console.,False,"the man appears to be playing a video game, likely using a nintendo wii console, as suggested by the motion-sensing controller in his hand.",True
39,other,What does the man have on his face?,glasses,the man has glasses on his face.,True,the man has glasses on his face.,True,the man has glasses on his face.,True,the man has glasses on his face.,True
40,other,What is in front of the giraffes?,tree,"in front of the giraffes, there is a fallen tree trunk.",True,"in front of the giraffes, there is a log.",False,there is a tree in front of the giraffes.,True,there is a tree trunk in front of the giraffes.,True
41,other,What do these giraffes have in common?,eating,"the two giraffes in the picture have a common feature: they are both standing near a tree. the giraffe in the foreground is eating from the tree, while the other giraffe in the background is standing closer to the tree.",True,"the giraffes in the picture share several common features:

1. **long neck**: all the giraffes have long necks, which is characteristic of the species.
2. **patterned**: they all have the same pattern of light brown",False,"the giraffes in the picture have several common features:

1. **long neck**: both giraffes have long necks, which is characteristic of the species.
2
2. **patterned**: they both have a similar pattern of light",False,"the giraffes in the picture have several common features:

1. **long neck**: both giraffes have long necks, which is characteristic of the species.
2: 2:",False
42,other,What is the giraffe standing behind?,tree,the giraffe is standing behind a fallen tree trunk.,True,the giraffe is standing behind a tree.,True,the giraffe is standing behind a tree.,True,the giraffe is standing behind a tree.,True
43,other,What is on the ground next to the giraffe on the right?,log,there is a log on the the ground next to the giraffe on the the right.,True,there is a log on the the ground next to the giraffe on the the right.,True,there is a log on the the ground next to the giraffe.,True,there is a log on the the ground next to the giraffe on the the right.,True
44,other,How is the man sitting?,cross legged,"the man is sitting on the ground, surrounded by stuffed animals.",False,the man is sitting on the ground with his legs crossed.,False,the man is sitting on a bench.,False,the man is sitting on the ground with his legs crossed.,False
45,other,"What does the word in the upper-left corner, behind the window, translate to in English?",automatic,"the word in the upper-left corner, behind the window, translates to ""automatic"" in english.",True,"the word in the upper-left corner of the image, behind the window, is ""banana.""",False,"the word in the upper-left corner, behind the window, is ""automatique."" it translates to ""automatic"" in english.",True,"the word in the upper-left corner, behind the window, is ""aut...ati"". it appears to be a mix of letters and numbers, and it's not clear what it translates to in english.",False
46,other,What type of watercraft is that?,raft,the watercraft in the picture is a motorized inflatable raft.,True,"the watercraft in the picture appears to be a small, inflatable raft or a similar type of floating platform. these types of watercraft are often used for recreational activities such as floating, swimming, or even as a platform for other other water-based activities",True,the watercraft in the picture is a motorized inflatable raft.,True,the watercraft in the picture is a raft.,True
47,other,What is the vase sitting on?,railing,the vase is sitting on a white railing or ledge.,True,the vase is sitting on a white railing.,True,the vase is sitting on a table.,False,the vase is sitting on a white railing.,True
48,other,Is the sun to the right or left of this flower?,left,it is ambiguous whether the sun is to the right or left of the flower.,True,the sun is to the left of the flower.,True,the sun is to the left of the flower.,True,the sun is to the left of the flower.,True
49,other,What is the zebra eating?,grass,the zebra is eating grass.,True,the zebra is eating grass.,True,the zebra in the image is eating grass.,True,the zebra is eating grass.,True
50,other,What is the tree covered with?,wire,the tree is covered with a net.,False,the tree in the picture is covered with leaves.,False,the tree in the picture is covered with a net or mesh-like material.,False,the tree in the picture is covered with a network of wires or cables.,True
51,other,What is the animal eating?,grass,"the animal in the picture is a zebra, and it is eating grass.",True,"the animal in the picture is a zebra. zebras typically graze on grass, which is what it appears to be doing in the image.",True,the animal in the picture is a zebra. zebras are herbivores and primarily eat grass.,True,"the animal in the picture is a zebra. zebras typically graze on grass, so it is likely eating grass in the image.",True
52,other,How old is animal?,10 years,"it is unknown how old the animal is. it can be a young, old, or adult.",False,"the image shows a young zebra, likely a foal, based on its size and the fact that it is still grazing close to its mother.",False,"the image shows a zebra grazing in a grassy field. the age of the zebra cannot be determined from the image alone. zebras can be of various ages, ranging from young foals to adult.",False,"the image shows a single zebra grazing in a grassy field. the zebra appears to be an adult, as indicated by its size and the fact that it is fully grown. zebras typically reach maturity at around 4-5 years of",False
53,other,What is the man holding?,knife,the man is holding a knife.,True,"the man is holding a knife, which he is using to cut a cake.",True,the man is holding a child.,False,the man is holding a knife.,True
54,other,What is the man cutting?,cake,the man is cutting a cake.,True,the man is cutting a cake.,True,the man is cutting a piece of cake.,True,the man is cutting a cake.,True
55,other,What is the fruit?,banana,the fruit in the picture is bananas.,True,the fruit in the picture appears to be bananas. they are sliced and placed around a chocolate dessert.,True,the fruit in the picture is bananas.,True,"the fruit in the picture appears to be bananas. they are sliced and placed on top of a dessert, possibly a chocolate cake or a similar pastry.",True
56,other,What is the name of the type of person that would make this food?,chef,i don't know the name of the type of person that would make this food.,False,"the dish in the picture appears to be a chocolate dessert with caramelized bananas, possibly a chocolate fondant with banana caramel. the person who would make this type of food is likely a pastry chef or a chef specializing in desserts.",True,the dish in the picture appears to be a chocolate dessert with caramelized bananas and a scoop of ice cream. this type of person who would make this food is likely a chef or a pastry chef.,True,the dish in the picture appears to be a chocolate dessert with caramelized bananas and a drizzle of caramel sauce. this person who would make this type of food is likely a pastry chef or a chef specializing in desserts.,True
57,other,What type of ice cream is on the plate?,vanilla,i am not sure what type of ice cream is on the plate. it could be vanilla or chocolate.,True,there is no ice cream on the plate.,False,there is a scoop of vanilla ice cream on the plate.,True,there is vanilla ice cream on the plate.,True
58,other,Is this an indoor or outdoor photo?,outdoor,the photo is an outdoor photo.,True,this is an outdoor photo.,True,this is an outdoor photo.,True,this is an outdoor photo.,True
59,other,What's missing from this hot dog?,mustard,the hot dog is missing some toppings.,False,"the hot dog in the picture is missing several common toppings. typically, a hot dog would have condiments such as ketchup, mustard, relish, onions, and possibly pickles or sauerkraut. the hot dog in the picture",True,"the hot dog in the picture is missing some toppings. it appears to be a plain hot dog with no visible condiments, sauces, or vegetables.",False,the hot dog in the picture is missing the top bun.,False
60,other,What is the hog dog sitting on?,bun,the hot dog is sitting on a bun.,True,the hot dog is sitting on a napkin.,False,the hot dog is sitting on a bun.,True,"the hot dog is sitting on a piece of white paper, which is likely a napkin or a hot dog wrapper.",False
61,other,What is the sky full of?,clouds,the sky is full of clouds.,True,the sky in the picture is full of clouds.,True,the sky in the picture is full of clouds.,True,the sky in the picture is full of clouds.,True
62,other,What is the color of the carpet?,brown,the carpet in the image is red.,False,the carpet in the image has a pattern of red and white.,False,the carpet in the image is red.,False,the carpet in the image has a pattern of red and white.,False
63,other,What shape are the windows on the side of the plane?,square,the windows on the side of the plane are square.,True,the windows on the side of the plane are rectangular.,False,the windows on the side of the plane are rectangular.,False,the windows on the side of the plane are rectangular.,False
64,other,What is the website on the sign?,wmatacom,the website on the sign is wwwwmata.com.,False,"the website on the sign is ""www.7-1.com"".",False,the website on the sign is wwwwmata.com.,False,the website on the sign is ata.co.,False
65,other,What is the bear called?,teddy,the image shows a teddy bear.,True,the bear in the picture is a teddy bear.,True,the bear in the picture is a teddy bear.,True,the bear in the picture is a teddy bear.,True
66,other,What type of tree is the man standing next to?,elm,"i don't know what type of tree the man is standing next to. it could be a maple, oak, or a pine tree.",False,the man is standing next to a tree with a metal fence around it.,False,the man is standing next to a tree with a trunk.,False,the man is standing next to a tree with a trunk.,False
67,other,What pattern is on the pants?,stripes,the pants have a striped pattern.,False,the pants in the picture have a striped pattern.,False,the pants in the picture have a striped pattern.,False,the pants in the picture have a pinstripe pattern.,False
68,other,What sport is this person playing?,baseball,the person in the picture is playing baseball.,True,the person in the picture is playing baseball.,True,the person in the picture is playing baseball.,True,the person in the picture is playing baseball.,True
69,other,What is the position of the player behind the batter called?,catcher,the position of the player behind the batter is called the catcher.,True,the player behind the batter is called the catcher.,True,the position of the player behind the batter is called the catcher.,True,the player behind the batter is called the catcher.,True
70,other,What are they drinking?,beer,"i am not sure what they are drinking. it can be beer, wine, or soda.",True,the individuals in the image are drinking beer.,True,"the people in the picture appear to be playing a video game, possibly using motion-sensing controllers. they are not drinking anything.",False,the people in the picture appear to be drinking from cans.,False
71,other,What brand of beer is visible?,sierra nevada,i don't know what brand of beer is visible.,False,there is no existence of any beer brand in the image.,False,there is no existence of any beer or its brand in the image.,False,there is no beer visible in the image.,False
72,other,What logo is on the man's shirt?,nike,the logo on the man's shirt is nike.,True,"the logo on the man's shirt is ""livestrong.""",False,"the man's shirt has a logo that appears to be a stylized ""m "" or "" o "" with a dot above it. it could be a part of a larger logo or a specific design element.",False,the logo on the man's shirt is nike.,True
73,other,What direction is the bird looking?,right,"it is ambiguous what direction the bird is looking. it can be looking left, right, or straight ahead.",True,the bird is looking to the right.,True,the bird is looking to the right.,True,the bird is looking to the left.,False
74,other,What time of day is it?,morning,it is not possible to determine the exact time of day from the image.,False,"the image shows elephants gathered near a body of water, likely a river or a lake. the lighting suggests it is daytime, but the exact time of day cannot be determined from the image alone.",False,"the image shows a group of elephants standing near a body of water, with trees in the the background. the lighting suggests it is daytime, but it is not possible to determine the exact time of day from the image alone.",False,"the image shows a group of elephants standing in a river, with some of them partially submerged in water. the lighting suggests it is daytime, but the exact time of day cannot be determined from the image alone.",False
75,other,What type of plane is this?,propeller,"the plane in the picture appears to be a small, single-engine aircraft, likely a light aircraft or a private plane. the design, with a single propeller and a relatively compact size, suggests it could be used for general aviation purposes, such as",True,"the plane in the picture appears to be a small, single-engine aircraft, likely a training or general aviation type. the design, with its high-wing and single propeller, suggests it could be a model like the cessna 172",True,the plane in the picture is a piper pa-31 navajo. this,False,"the plane in the picture appears to be a pilatus pc-12. this, which is a twin-engine turboprop aircraft. it is commonly used for various roles including training, utility, and medical evacuation. the distinctive design with its high",False
76,other,What is in the picture?,clock,"the image shows a street scene with a large rolex clock mounted on a pole. the clock is prominently displayed in the foreground, and it is situated on a sidewalk near a road. there are several cars parked along the street, and a few trees-lined",True,"the picture shows a street scene with a clock mounted on a pole. the clock is black with white roman numerals markings. in the background, there is a building with a brick facade and a tree. there is also a car parked on the street",True,"the picture shows a street clock with the brand name ""rolex"" on it. the clock is mounted on a pole and is located outdoors, possibly in a public area or near a building. there is a tree and some buildings in the the background",True,"the picture shows a street clock mounted on a black pole. the clock is round with roman numerals markings. in the background, there is a tree, a building with a red roof, and a parked car. the setting appears to be a quiet",True
77,other,What time is the clock showing?,6:10,the clock is showing 1:50.,False,the clock is showing 10:00.,False,the clock is showing 10:10.,False,the clock is showing 10:00.,False
78,other,What are the vases sitting on?,table,the vases are sitting on a wooden table.,True,the vases are sitting on a table.,True,the vases are sitting on a table.,True,the vases are sitting on a table.,True
79,other,What is the table made of?,wood,the table is made of wood.,True,the table in the picture appears to be made of wood.,True,the table in the picture appears to be made of wood.,True,the table in the picture appears to be made of wood.,True
80,other,What is the green stuff on this pizza?,spinach,the green stuff on the pizza is broccoli.,False,"the green stuff on the pizza appears to be broccoli rabe, also known as rapini. it is a leafyy vegetable that is often used in italian cuisine.",False,"the green stuff on the pizza appears to be broccoli rabe, also known as rapini. it is a leafyy vegetable that is often used in italian cuisine.",False,"the green stuff on the pizza appears to be broccoli rabe, also known as rapini. it is a leafy vegetable that is often used in italian cuisine.",False
81,other,Is it thick or thin crust?,thick,the pizza in the picture has a thick crust.,True,the pizza in the picture has a thick crust.,True,the pizza in the picture has has a thick crust.,True,the pizza in the picture has a thin crust.,False
82,other,What is the orange thing?,bag,the orange thing in the picture is a plastic bag.,True,the orange thing in the picture is a plastic bag.,True,the orange thing in the picture is a deflated balloon.,False,the orange object in the picture appears to be a plastic bag or a piece of packaging. it is not a banana.,True
83,other,Is this train headed towards or from the orange building?,from,i don't know if the train is headed towards or from the orange building.,True,the train in the image is headed towards the orange building. the direction of the train tracks and the position of the train suggest that it is moving towards the building.,False,"the train in the picture appears to be moving towards the orange building. the direction of the train's movement is towards the right side of the image, which is the direction of the orange building.",False,"the train in the image appears to be moving towards the orange building. the direction of the train's movement is from the left side of the image towards the right, which is the direction of the orange building.",True
84,other,What is the giraffe eating?,leaves,"it is unknown what the giraffe is eating. it could be leaves, grass, or trees.",True,the giraffe in the image is eating leaves from a tree.,True,the giraffe in the image is eating leaves from a tree.,True,the giraffe in the image is eating leaves from a tree.,True
85,other,What is on the woman's neck?,necklace,the woman is wearing a necklace on her neck.,True,the woman is wearing a necklace.,True,the woman is wearing a necklace.,True,the woman is wearing a necklace.,True
86,other,What item is folded up and sitting on the edge of the shower stall?,towel,"i am not sure what item is folded up and sitting on the edge of the shower stall. it could be a towel, a bath mat, or a bath towel.",True,there is a towel folded up and sitting on the edge of the shower stall.,True,the folded-up item on the edge of the shower stall is a shower curtain.,False,the folded-up item on the edge of the shower stall is a towel.,True
87,other,What pattern is on the shower curtain?,solid,there is no shower curtain in the image.,False,"the shower curtain in the picture has a simple, solid color pattern without any distinct patterns or designs.",True,"the shower curtain in the picture has a simple, solid color pattern without any visible patterns.",True,"the shower curtain in the picture has a simple, solid color pattern. it appears to be a solid black color.",True
88,other,What are the colors of the countertop?,brown,the colors of the countertop are brown and white.,True,the countertop is brown.,True,the countertop is brown.,True,the countertop is brown.,True
89,other,What is the person on the right called?,referee,the person on the right is called the umpire or referee.,True,the person on the right is a tennis umpire.,False,the person on the right is a tennis umpire or line judge.,False,the person on the right is a tennis umpire or line judge.,False
90,other,What time does the clock say?,8:00,the clock in the picture shows the time as 10:10.,False,the clock in the picture shows the time as 10:10.,False,the clock in the picture shows the time as 10:10.,False,the clock in the picture shows the time as 10:10.,False
91,other,What is the last letter over the plane?,e,"the last letter over the plane is ""e"".",True,"the last letter over the plane is ""e"".",True,"the last letter on the plane is ""e "".",True,"the last letter on the plane is ""e"".",True
92,other,What is the number on the mailbox?,24,the number on the mailbox is 2.,False,the number on the mailbox is 10.,False,the number on the mailbox is 2.,False,the number on the mailbox is 94.,False
93,other,What are the animals doing?,grazing,"the animals, which appear to be sheep, are grazing on the grass in a field.",True,"the animals in the picture appear to be grazing on the grassy-covered hillside. they are spread out across the field, with some closer to the foreground and others further in the background. the animals seem to be enjoying the open space and the available",True,the animals in the picture are sheep. they are grazing on a grassy-covered hillside.,True,"the animals in the picture appear to be grazing on the grassy hill. they are spread out across the field, with some closer to the foreground and others further back.",True
94,other,What breed of livestock is shown?,sheep,the breed of livestock shown in the picture is sheep.,True,the image shows a group of sheep grazing on a grassy field.,True,the image shows a group of sheep grazing on a grassy-covered hill.,True,the image shows a group of sheep grazing on a grassy-covered hill.,True
95,other,What language is the sign written in?,spanish,the sign is written in turkish.,False,the sign is written in turkish.,False,the sign is written in turkish.,False,the sign is written in turkish.,False
96,other,How has the cheese been prepared?,melted,the cheese appears to be melted and spread over the hot dog. it is likely that the cheese was melted and then spread over the hot dog to create a creamy and gooey topping.,True,the cheese has been prepared as a sauce.,False,the cheese appears to be melted and spread on the hot dog bun.,True,the cheese has been melted and served in a small white dish.,True
97,other,What is the cutting board used for in this scene?,plate,"it is unknown what the cutting board is used for in this scene. it could be used for cutting food, serving food, or cutting meat.",False,the cutting board is not visible in the image.,False,the cutting board is not visible in the image.,False,the cutting board is not visible in the image.,False
98,other,Of what meal is this kind of food typical?,lunch,the kind of food shown in the picture is typical of a hot dog meal.,False,"the meal in the picture appears to be a hot dog with toppings, served with a side of sweet potato fries and a small cup of condiment. this type of meal is typical for lunch or dinner.",True,"the meal in the picture appears to be a hot dog with toppings, served with sweet potato fries and a side of butter. this type of meal is typical for a casual dining experience, such as a lunch or dinner at a fast-food restaurant or a",True,"the meal in the picture appears to be a hot dog with fries, which is typical of a casual dining experience, such as a fast-food restaurant or a casual eatery. this",False
99,other,What type of food is shown?,hot dog,"the image shows a hot dog with toppings, such as grilled onions, and a side of sweet potato fries. there is also a small cup of mayonnaise or mustard sauce.",True,"the image shows a plate of food that includes a hot dog with toppings, sweet potato fries, and a small cup of sauce. the hot dog appears to be topped with onions and possibly a sauce.",True,"the image shows a hot dog with caramelized onions on a bun, accompanied by sweet potato fries and a small dish of butter.",True,"the image shows a plate of food that includes a hot dog, fries, and a small cup of condiment. the hot dog is topped with what appears to be caramelized onions, and the fries are seasoned.",True
100,other,What is the topping on the hot dog?,peppers,the topping on the hot dog is onions.,False,the hot dog is topped with onions.,False,the hot dog is topped with onions.,False,the hot dog is topped with onions.,False
101,other,What topping is on the hot dog?,onions,the hot dog is topped with grilled onions.,True,"the hot dog is topped with a red sauce, which appears to be a type of chili or ketchup.",False,the hot dog is topped with onions.,True,the hot dog is topped with onions.,True
102,other,What is in the small container?,butter,"the small container in the picture contains a creamy sauce, likely mayonnae or a similar condiment.",False,"the small container appears to contain a creamy sauce, possibly mayonnaise or a similar condiment.",False,"the small container appears to contain a creamy sauce, possibly mayonnaise or a similar condiment.",False,"the small container appears to contain a white sauce, possibly a type of butter or a dipping sauce.",True
103,other,What are the components of this dish?,butter,the dish consists of a hot dog with grilled onions and a side of sweet potato fries. there is also a small cup of mayonnaise on the plate.,False,"the dish in the picture appears to be a hot dog with toppings. the components of this dish include:

1. a hot dog in a bun.
2. grilled onions.
3. grilled sweet potato fries.
4. a small cup of",False,"the dish in the picture consists of the following components:

1. a hot dog in a bun, topped with grilled onions.
2. a side of sweet potato fries.
 3. a small bowl of mayonnaise or a similar condiment.",False,"the dish in the picture appears to be a hot dog with a side of sweet potato fries. the hot dog is placed in a bun, and there is a small cup of condiment, likely mayonnae, on the plate. the sweet potato",False
104,other,How delicious does this look?,very,"the food in the picture looks quite delicious. the hot dog is topped with grilled onions and appears to be served on a toasted bun. the side of sweet potato fries looks appetizinging as well, and the small bowl of sauce adds to the overall",False,"the dish in the picture looks very appetizing! it features a hot dog with toppings, sweet potato fries, and a side of sauce. the presentation is neat and the colors are vibrant, making it look very appealing. enjoy your meal!",True,"the food in the picture looks very appetizing! the hot dog with grilled onions and a side of crispy sweet potato fries and a small bowl of butter looks very tasty. the presentation is also very appealing, making it look even more delicious.",True,"the dish in the picture looks quite appetizinging! it features a hot dog with toppings, a side of roasted sweet potatoes, and a small dish of butter. the presentation is simple yet inviting, making it look very tasty. enjoy your meal!",True
105,other,What two vegetables are in the white bowl?,none,i cannot determine the vegetables in the white bowl.,False,the white bowl contains two vegetables: carrots and potatoes.,False,the white bowl contains two vegetables: a carrot and a potato.,False,the white bowl contains two vegetables: a potato and a carrot.,False
106,other,What type of filling is in the dish on the bottom left?,mayonnaise,i type of filling is in the dish on the bottom left is mayonnaise.,True,"the dish on the bottom left appears to contain a filling that resembles a creamy, white sauce, possibly a type of cheese or a sauce like mayonnaise or aioli.",True,"the dish on the bottom left contains a filling that appears to be a creamy, yellow substance, possibly a type of cheese or sauce.",False,"the dish on the bottom left appears to contain a filling that resembles a sausage or a similar type of meat. it is served in a bun, which is a common way to serve sausages.",False
107,other,What is the yellow stuff in a bowl?,butter,the yellow stuff in the bowl is mayonnaise.,False,"the yellow stuff in the bowl appears to be a type of condiment, possibly mustard or mayonnaise. it is commonly served with hot dogs and other is used to add flavor to the dish.",False,the yellow stuff in the bowl appears to be a type of butter or spread. it is commonly served with hot dogs and other is often used to add flavor and moisture to the hot dog.,True,the yellow stuff in the bowl appears to be butter.,True
108,other,What is the hot dog sitting on top of?,bun,the hot dog is sitting on top of a bun.,True,the hot dog is sitting on top of a bun.,True,the hot dog is sitting on top of a bun.,True,the hot dog is sitting on top of a bun.,True
109,other,What are the orange things?,sweet potato fries,the orange things in the picture are sweet potato fries.,True,the orange things in the picture are sweet potato fries.,True,the orange things in the picture are sweet potato fries.,True,the orange things in the picture are sweet potato fries.,True
110,other,Are the carrots diced or cut long ways?,long ways,the carrots are cut long ways.,True,the carrots in the picture are cut long ways.,True,the carrots in the picture are cut long ways.,True,the carrots in the picture are cut long ways.,True
111,other,What is in the cup?,mayo,"the cup contains a creamy condiment, likely mayonnaise or a similar spread.",True,"the cup contains a creamy white sauce, likely a type of mayonnaise or aioli.",True,"the cup in the picture contains a creamy sauce, likely a type of mayonnaise or aioli.",True,"the cup in the picture contains a white sauce, which could be mayonnaise or a similar condiment.",True
112,other,What is the orange root called?,sweet potato,"i am not sure what the orange root is called. it could be sweet potato, carrot, or sweet potato fries.",True,the orange root in the picture is called sweet potato.,True,the orange root in the picture is called sweet potato.,True,the orange root in the picture is called a sweet potato.,True
113,other,What is the blackened meat on the bread?,hot dog,the blackened meat on the bread is a hot dog.,True,"the blackened meat on the bread appears to be a sausage, possibly a type of hot dog or bratwurst. it is cooked and has blackened seasoning on it.",True,"the blackened meat on the bread appears to be a sausage, possibly a grilled or smoked sausage.",False,"the blackened meat on the bread appears to be a sausage, possibly a hot dog or a similar type of grilled or smoked sausage.",True
114,other,What is on the sandwich?,hot dog,the sandwich on the plate contains a grilled hot dog with grilled onions and possibly some other sauce or cheese.,True,"the sandwich in the picture appears to have a sausage or hot dog inside, topped with what looks like onions or some type of sautéed vegetables. there is also a side of what seems to be sweet potato fries.",True,"the sandwich in the picture has a sausage, which appears to be a hot dog, placed on a bun. there are also some toppings on the sausage, which look like sautéed onions.",True,"the sandwich in the picture appears to have a sausage, possibly a hot dog, with some toppings. the toppings include what looks like sauerkraut and possibly onions. there is also a side of fries and a small cup of what seems to",True
115,other,What animal is on the plate?,pig,there is no animal on the plate.,False,"there is no animal on the plate. the plate contains a hot dog, sweet potato fries, and a small cup of sauce.",False,"there is no animal on the plate. the plate contains a hot dog, fries, and a small bowl of sauce.",False,"there is no animal on the plate. the plate contains a hot dog, fries, and a small container of sauce.",False
116,other,What is on the hotdog?,onions,the hotdog is topped with grilled onions.,True,the hotdog in the picture is topped with onions and a creamy sauce.,True,the hotdog in the picture is topped with sautéed onions.,True,the hotdog in the picture is topped with grilled onions.,True
117,other,What two vegetables can be seen on the pizza?,none,there is no pizza in the image.,False,there are two vegetables on the pizza.,False,there are two vegetables on the pizza: carrots and onions.,False,there are two vegetables on the pizza.,False
118,other,What condiment is on the potatoes?,butter,"i don't know what condiment is on the potatoes. it can be mayonnaise, mustard, or butter.",True,"the potatoes are topped with a white condiment, which appears to be mayonnaise.",False,"the potatoes are topped with a green herb, likely parsley or cilantro.",False,"the potatoes are topped with a white condiment, which appears to be butter.",True
119,other,What sauces are shown?,butter,"i am not sure what sauces are shown. it can be mayonnae, mustard, or cheese.",False,"the image shows a plate with a hot dog, fries, and a small cup of sauce. the sauce in the cup appears to be a creamy, white sauce, possibly mayonnaise or a similar condiment.",False,the sauces shown in the picture are mustard and mayonnaise.,False,the sauces shown in the image are a white sauce in a small bowl and a yellow sauce in a larger bowl.,False
120,other,What is mainly featured?,hot dog,"the main feature of the image is a hot dog with toppings, including onions and possibly cheese, served on a bun. the hot dog is placed on a white plate, accompanied by a side of sweet potato fries and a small bowl of mayonnaise",True,"the image features a plate of food, which includes a hot dog with toppings, a side of sweet potato fries, and a small cup of condiment. the hot dog is placed in a bun with onions and possibly other. the sweet potato fries are",True,"the main feature in the picture is a hot dog with onions on a bun, accompanied by sweet potato fries and a small bowl of butter.",True,"the main feature in the picture is a plate of food. the plate contains a grilled sausage on a bun, sweet potato fries, and a small cup of butter. the plate is placed on a table, and there is a white napkin in the",False
121,other,What is the pattern on the vase?,floral,the pattern on the vase is floral.,True,the vase has a floral pattern with roses.,True,the vase has a floral pattern.,True,the vase has a floral pattern.,True
122,other,What is the primary color of the bathroom?,yellow,the primary color of the bathroom is yellow.,True,the primary color of the bathroom is yellow.,True,the primary color of the bathroom is yellow.,True,the primary color of the bathroom is yellow.,True
123,other,What is printed on the orange sign?,pizza,"the orange sign has the word ""peace"" on it.",False,"the orange sign has the word ""hotel"" printed on it.",False,"the orange sign has the word ""peace"" on it.",False,"the orange sign has the word ""peace"" printed on it.",False
124,other,What is the name of the hotel?,peace way,"the name of the hotel is ""peace way hotel.""",True,"the name of the hotel is ""the way hotel.""",False,"the name of the hotel is ""peace way hotel.""",True,"the name of the hotel is ""flag way hotel.""",False
125,other,What mode of transportation is pictured?,car,the mode of transportation pictured is a car.,True,the picture shows a street scene with a car driving down the road.,True,"the image shows a street scene with various signs and buildings. there are no visible modes of transportation such as cars, buses, or bicycles in the the image.",True,the picture shows a street scene with a car and a truck.,True
126,other,What airline is this?,everts air cargo,"the airline in the picture is ""everts air cargo.""",True,"the airplane in the picture is from ""air cargo.""",False,"the airplane in the picture is from ""air cargo.""",False,"the airline in the picture is ""air cargo"".",False
127,other,The plane's stand resembles what letter?,a,"the plane's stand resembles the letter ""l"".",True,"the plane's stand resembles the letter ""t"".",True,"the plane's stand resembles the letter ""a"".",True,"the plane's stand resembles the letter ""t"".",True
128,other,What type of plane is this?,cargo,the plane in the picture is a cargo plane. this,True,"the plane in the picture is a douglas dc-6. this douglas dc-6 is a twin-engine, short- to medium-range, twin-turboprop airliner that was commonly used for regional and domestic flights. it was known to be",False,"the plane in the picture is a douglas dc-6, which is a four-engine turboprop aircraft. it was commonly used for cargo transport, as indicated by the ""air cargo"" text on the side of the plane.",True,"the plane in the picture is a douglas dc-6, which is a twin-engine turboprop aircraft. it was commonly used for cargo and passenger transport. the ""air cargo"" marking indicates that it is used for cargo transport.",True
129,other,What is written on the picture?,dutchsimba,the picture is copyrighted by dutchsimba.,True,"the picture is watermarked with ""© dutchshuba.""",False,"the picture shows a row of aircraft with the text ""air cargo"" written on them. the aircraft appear to be cargo planes, likely used for transporting goods rather than passengers.",False,"the picture has the text ""dutch shooting"" written on it.",False
130,other,What shipping company is represented in the scene?,everts air cargo,the shipping company represented in the scene is everts air cargo.,True,the shipping company represented in the scene is go.,False,the shipping company represented in the scene is air cargo.,False,the scene shows a fedex plane on the runway.,False
131,other,What airline is this plane from?,everts air cargo,"the plane in the picture is from ""everts air cargo.""",True,"the plane in the picture is from ""air cargo.""",False,"the plane in the picture is from ""air cargo.""",False,the plane in the picture is from everts air cargo.,True
132,other,How does the man get down from the machine?,stairs,"the man likely uses the stairs to get down from the airplane. the stairs are positioned next to the airplane, providing the man can easily climb up to the airplane's door and then use the stairs to descend safely to the ground.",True,the man is using a ladder to get down from the machine.,False,the man is using a ladder to climb down from the machine.,False,the man is using a ladder to get down from the machine.,False
133,other,What is the picture of on wall?,abstract,"i don't know what the picture on the wall is. it could be a painting, a picture, a frame, a picture frame, a picture of a bird, a picture of a bird on a branch, a picture of a bird in a",False,"the picture on the wall appears to be a framed piece of art or a photograph. it is rectangular and hangs above a piece of furniture, possibly a side table or a cabinet. the exact content of the picture is not clear from the image.",False,"the picture on the wall appears to be a painting or abstract artwork. it features a mix of colors and shapes, giving it an abstract appearance.",True,the picture on the wall appears to be a framed piece of artwork or a photograph. it is rectangular and has mounted on the wall above the couch.,False
134,other,What is on the carpet?,rug,the there is a rug on the carpet.,True,the carpet in the picture has a circular pattern.,False,there is a carpet on the floor in the image.,False,the carpet in the picture has a pattern of circles and dots.,False
135,other,What are the ladies doing?,texting,the ladies are sitting on a bench and looking at their phones.,False,"the ladies in the picture appear to be sitting at a table, possibly engaged in conversation or enjoying a meal. they are dressed casually, and the setting looks like an outdoor event or gathering.",False,"the two ladies in the picture are sitting at a picnic table. one of them is looking at her phone, while the other other is looking in the opposite direction.",False,"the two ladies in the picture are sitting on a bench, engaged in conversation. they appear to be enjoying each other's company and having a pleasant discussion.",False
136,other,What is written on the street?,nothing,"the street is written as ""somerset.""",False,"the street is written as ""s spruce st.""",False,"the street sign in the image reads ""e 30 st.""",False,"the street sign in the image reads ""s. spruce st.""",False
137,other,Urban or suburban?,urban,the is an urban setting.,True,"the image depicts an urban environment. the presence of multiple buildings, a bus, and a busy street with several cars and pedestrians indicates an urban setting.",True,"the image appears to be taken in an urban area. the presence of tall buildings, a busy street with multiple lanes, and a bus suggests a city environment. additionally, the infrastructure, such as traffic lights and street signs, is typical of an urban",True,"the image depicts an urban environment. the presence of multiple buildings, a bus, and a busy street with several cars and pedestrians indicates an urban setting.",True
138,other,What type of vehicle is on the left?,bus,"the the left of the image, there is a bus.",True,the vehicle on the left is a bus.,True,the vehicle on the left is a bus.,True,the vehicle on the left is a bus.,True
139,other,What is being held green?,light,"i don't know what is being held green. it can be a traffic light, a stoplight, a traffic signal, a sign, a light, a street light, a traffic light, a traffic signal, a traffic light, a traffic light",True,the image shows a green traffic light at an intersection.,True,the image shows a green traffic light at an intersection.,True,the traffic light in the the image is displaying a green light.,True
140,other,What time of day is it?,afternoon,it is not possible to determine the exact time of day from the image.,False,"the time of day appears to be either early morning or late afternoon, as the lighting suggests it is not midday. the sky is overcast, and the streetlights are on, indicating it is not bright daylight.",True,"the time of day appears to be either early morning or late afternoon, as the sky is overcast and the lighting is not very bright.",True,"the time of day appears to be either late afternoon or early evening. the sky is overcast, and the lighting suggests that it is not the middle of the day.",True
141,other,What country name is written as the highest word on the bus?,guatemala,the country name written as the highest word on the bus is guatemala.,True,"the country name written as the highest word on the bus is ""india.""",False,"the highest word on the bus is ""honduras.""",False,"the country name written as the highest word on the bus is ""india.""",False
142,other,What is the skier standing on?,skis,the skier is standing on a snow-covered slope.,False,"the skier is standing on a snow-covered slope, likely on a ski lift or a ski run. the snow appears to be well-groomeded, which is typical for ski resorts.",False,the skier is standing on a snowy slope.,False,the skier is standing on a snow-covered slope.,False
143,other,What is the person doing?,skiing,the person in the picture is skiing down a snow-covered slope. they are holding ski poles and appear to be enjoying the downhill ride.,True,the person in the picture appears to be skiing down a snow-covered slope.,True,"the person in the picture appears to be skiing down a snowy slope. they are holding ski poles and are in a dynamic pose, suggesting they are in motion.",True,the person in the picture appears to be snowboarding down a snowy slope.,False
144,other,What infrastructure would one drive on to go perpendicular to the water?,boat,the infrastructure that one would drive on to go perpendicular to the water is a bridge.,False,the infrastructure that one would drive on to go perpendicular to the water is a bridge.,False,"the infrastructure that one would drive on to go perpendicular to the water is a bridge. in the image, there is a bridge visible in the background, which is a structure that allows vehicles and pedestrians to cross over the water.",False,the infrastructure that one would drive on to go perpendicular to the water is a bridge.,False
145,other,What pizza topping is this?,cheese,"it is ambiguous what pizza topping is on the pizza. it could be cheese, pepperoni, or no toppings.",True,"the pizza in the picture appears to be a classic margherita pizza. it is topped with fresh tomatoes, mozzarella cheese, and fresh basil leaves.",True,the pizza in the picture has no visible toppings. it appears to be a plain pizza.,False,the pizza in the picture appears to be topped with cheese and possibly some herbs or spices. it looks like a classic cheese pizza.,True
146,other,What is in the vase next to the flowers?,paper,"i am not sure. it can be origami, paper, or flowers.",True,there is a vase with flowers in it.,False,there is a vase with flowers in it.,False,there is a vase with flowers in it.,False
147,other,Are these flowers real or silk?,real,"the flowers in the picture appear to be real. they are sunflowers and other other flowers arrangements, which are typically made from real flowers.",True,the flowers in the picture appear to be real. they are arranged in a vase and have natural-looking petals and stems.,True,"the flowers in the picture appear to be real. they have a natural look and texture, which is typical of real flowers arrangements.",True,the flowers in the picture appear to be real. they have a natural look and are arranged in a way that suggests they are fresh.,True
148,other,England's Queen mother and these blooms share what syllable?,sun,"the queen mother and sunflowers share the syllable ""sun.""",True,the blooms that share the syllable with england's queen mother are sunflowers.,True,the flowers in the picture are sunflowers. the queen mother of england is known to be have a love for sunflowers.,True,"the blooms that share the syllable ""sun"" with england's queen mother are sunflowers.",True
149,other,What emblem is on the cake?,words,"i am not sure what emblem is on the cake. it can be 'happy birthday', 'birthday', 'birthday cake', 'birthday cake', 'birthday cake', 'birthday cake', 'birthday cake', 'birthday cake', 'birthday cake', '",False,the cake has a heart-shaped emblem on it.,False,the cake has a heart-shaped emblem on it.,False,there is no cake in the image.,False
150,other,Are they outside or in?,inside,i am not sure if they are outside or in.,False,the people are inside.,True,the people in the picture are standing indoors.,False,the people in the picture are inside.,True
151,other,What are the initials on the cake?,md,"i don't know what the initials on the cake are. it can be 'jw', 'jw', 'jw', 'jw', 'jw', 'jw', 'jw', 'jw', 'jw",False,"the initials on the cake are ""jw.""",False,"the initials on the cake are ""jw.""",False,"the initials on the cake are ""jw.""",False
152,other,What utensil is in the pan?,knife,the utensil in the pan is a knife.,True,there is a knife in the pan.,True,there is a knife in the pan.,True,there is a knife in the pan.,True
153,other,What is the red vegetable in the clear dish?,tomato,the red vegetable in the the clear dish is watermelon.,False,the red vegetable in the clear dish appears to be a tomato.,True,the red vegetable in the clear dish is watermelon.,False,the red vegetable in the clear dish appears to be a tomato.,True
154,other,What tree is on the left?,evergreen,"i don't know what tree is on the left. it could be a pine tree, oak tree, or a tree.",False,"the tree on the left appears to be an oak tree, identifiable by its broad, flat-topped crown and distinctive bark.",False,"the tree on the left appears to be a deciduous tree, likely an oak or a maple, based on its broad leaves and overall shape. however, without more specific details, it's difficult to identify the exact species.",False,"the tree on the left appears to be a deciduous tree, likely an oak or a maple, based on its broad leaves and overall shape. however, without more specific details, it's difficult to identify the exact species.",False
155,other,What is the material right around the clock?,wood,the material right around the clock is wood.,True,the material right around the clock is brick.,False,the material right around the clock is wood.,True,the material right around the clock is wood.,True
156,other,How tall is this building?,100 feet,it is unknown how tall the building is. it can be anywhere from 10 feet to 100 feet.,True,"the building in the picture appears to be a clock tower, which is typically shorter than a typical skyscraper. however, without specific measurements, it's difficult to provide an exact height. clock towers can range from a few stories to around 10",False,"the building in the picture appears to be a clock tower, which is typically shorter than a typical skyscraper. however, without specific measurements, it's difficult to give an exact height. clock towers can range from a few stories to about 10",False,"the building in the picture appears to be a tower or gatehouse, which are typically quite tall. however, without specific measurements or a reference point, it's difficult to provide an exact height. tower-like structures can range from a few meters to several",False
157,other,What materials are on the roof?,shingles,the roof of the building is covered with shingles.,True,the roof of the building in the picture appears to be covered with shingles.,True,the roof in the picture appears to be covered with shingles.,True,the roof appears to be covered with red tiles.,False
158,other,What is in gold at the top of the building?,clock,"i don't know what is in gold at the top of the building. it could be a bell, a clock, or a weather vane.",True,"the gold text at the top of the building reads ""sands end house.""",False,"at the top of the building, there is a gold-colored clock face.",True,"at the top of the building, there is a gold-colored clock.",True
159,other,What are on both side of the building?,trees,i am not sure.,False,there are trees on both side of the building.,True,there are trees on both side of the building.,True,there are trees on both side of the building.,True
160,other,What is around the tree?,building,"i don't know what is around the tree. it can be a fence, a building, a clock tower, a house, a gate, a wall, a tower, a clock, a church, a tower, a building, a clock tower",True,"the image shows a clock tower with a weathervane on top, surrounded by trees branches.",False,"the image shows a clock tower surrounded by trees. the clock tower is part of a building with a red and white striped facade. the trees around the tower appears to be a mix of deciduous trees types, with green leaves.",True,"the image shows a building with a clock tower and a red brick structure. the building appears to be a historical or architectural landmark, possibly a manor house or a similar type of building. the surrounding area includes trees-lined pathways, suggesting a well-m",True
161,other,What is the woman doing in this photo?,petting sheep,"the woman in the photo is petting or grooming a sheep. she appears to be taking care of the the sheep, possibly cleaning or brushing its wool.",False,"in the photo, the woman is shearing a sheep. she is using a shearing tool to remove the wool from the sheep's body.",False,the woman is shearing a sheep. she is using a shearing machine to remove the wool from the sheep's back.,False,"in the photo, a woman is shearing a sheep. she is using a shearing tool to remove the wool from the sheep's back.",False
162,other,What are the sheep standing on?,hay,the sheep are standing on a bed of hay.,True,the sheep are standing on hay.,True,the sheep are standing on hay.,True,the sheep are standing on hay.,True
163,other,What is the woman feeding the animal?,hay,the woman is feeding the sheep.,False,the woman is feeding the sheep.,False,the woman is feeding a sheep.,False,the woman is feeding the sheep.,False
164,other,What type of silverware is on the plates?,knife and spoon,there is a knife and a spoon on the plate.,False,there is a knife on the the plate.,False,there is a silver knife on the plate.,False,there is a knife and a spoon on the plates.,False
165,other,What is the man holding in his left hand?,ski pole,the man is holding a ski pole in his left hand.,True,the man is holding a ski pole in his left hand.,True,the man is holding a ski pole in his left hand.,True,the man is holding a ski pole in his left hand.,True
166,other,What is the color of the zipper?,black,i don't know the color of the zipper.,False,the color of the zipper is black.,True,the person in the picture is wearing a black jacket with a zipper.,True,the color of the zipper is black.,True
167,other,Are the boots a solid color or patterned?,patterned,the boots are patterneded.,True,the boots are solid black.,False,the boots in the picture are solid black.,False,the boots in the picture are solid black.,False
168,other,What are the people doing in the street?,walking,"the people are walking down the street, with one woman walking a dog.",True,"the people in the street appear to be walking and standing. some are carrying bags, and there is a bicycle visible in the background. the scene suggests a typical urban street scene with pedestrians going about their day.",True,"the people in the street appear to be walking and engaging in various activities. one person is walking a dog, another is pushing a stroller, and others are walking or standing. the scene seems to be a typical day in a city with people going",True,"the people in the street appear to be walking and standing. one person is walking a dog, while others are walking or standing on the sidewalk.",True
169,other,What is floating near the bird?,ice,"i don't know what is floating near the bird. it can be water, ice, snow, or water.",True,there is a piece of ice floating near the bird in the picture.,True,there is a piece of ice floating near the bird in the picture.,True,there is a piece of ice floating near the bird.,True
170,other,What brand of soda is advertised?,pepsi,the brand of soda advertised in the picture is pepsi.,True,the brand of soda advertised in the image is coca-cola.,False,the brand of soda advertised is pepsi.,True,the brand of soda advertised is pepsi.,True
171,other,What Mexican food restaurant chain is advertised?,del taco,i is not clear,False,"the mexican food restaurant chain advertised in the image is ""el pollo l.""",False,"the mexican food restaurant chain advertised in the image is ""taco bell.""",False,"the mexican food restaurant chain advertised in the image is ""el pollo l.""",False
172,other,How is the turnout?,good,the turnout is good.,True,"the turnout at the baseball game appears to be moderate. there are a few spectators in the stands, and the field is not packed. the atmosphere seems to be a mix of casual and possibly a practice game or a minor league game, given the relatively",False,"the turnout appears to be good, with many people in the stands watching the baseball game.",True,the turnout is good.,True
173,other,What is the large sculpture next to the oversized cola bottle?,building,there is no existence of a large sculpture in the image description.,False,the large sculpture next to the oversized cola bottle is a statue of a baseball player.,False,the large sculpture is a statue of a baseball player.,False,the large sculpture next to the oversized cola bottle is a statue of a baseball player.,False
174,other,What time is it?,1:50,the time is 10:10.,False,the clock in the image shows the time as 10:10.,False,the time on the clock in the image is 10:10.,False,the time shown on the clock in the image is 10:10.,False
175,other,What continent might this be?,africa,"the image depicts a group of zebras in a savanna-like environment, which is characteristic of the african continent. the dry grassland and the presence of zebras, which are native to africa, strongly suggest that this scene is set in africa.",True,"the image depicts a herd of zebras in a savanna-like environment, which is characteristic of the african continent. therefore, it is likely that this scene is set in africa.",True,"the image depicts a savanna landscape with zebras, which is characteristic of the african continent. the presence of zebras and the type of grassland are typical of regions in africa, particularly the the african savanna.",True,"the image depicts a savanna landscape with zebras, which is characteristic of the african continent. therefore, it is likely that this scene is set in africa.",True
176,other,What type of fruit is on the plate?,banana,the fruit on the plate is bananas.,True,there are bananas on the plate.,True,there are bananas on the plate.,True,there are bananas on the plate.,True
177,other,What is in the blue chair?,teddy bears,"i am not sure what is in the blue chair. it could be a doll, a teddy bear, a stuffed animal, a toy, a dollhouse, a dollhouse furniture, a dollhouse, a dollhouse furniture, a dollhouse",False,"in the blue chair, there are two dolls.",False,there is a blue chair in the image.,False,there is a doll in the blue chair.,False
178,other,What type of footwear is the person wearing?,socks,the person is wearing socks.,True,the person is wearing white shoes.,False,the person is wearing shoes.,False,the person is wearing white shoes.,False
179,other,What are the animals doing?,eating,"the animals in the picture are giraffes. they are gathered around a feeding station, likely eating or drinking from it.",True,the animals in the picture are giraffes. they appear to be standing and possibly interacting with each other or with a feeding station.,False,"the animals in the picture are giraffes. they appear to be interacting with each other, possibly nuzzling or grooming each other.",False,the animals in the picture are giraffes. they appear to be standing and possibly interacting with each other.,False
180,other,What type of animal is in the picture?,giraffe,the picture shows giraffes.,True,the animals in the picture are giraffes.,True,the animals in the picture are giraffes.,True,the picture shows giraffes.,True
181,other,What does the front of the bus say at the top?,special,"the front of the bus says ""special.""",True,"the front of the bus says ""leyland"".",False,"the front of the bus says ""special"" at the top.",True,"the front of the bus says ""lowe.""",False
182,other,What direction are the animals heading?,right,"it is ambiguous what direction the animals are heading. they could be heading left, right, or straight ahead.",True,the animals in the image are heading to the right.,True,the animals are heading to the left.,False,the animals in the image are heading to the right.,True
183,other,Is the zebra walking or standing still?,walking,the zebra is walking in the grass.,True,the zebra appears to be walking in the image.,True,"the zebra in the foreground appears to be walking, as indicated by the position of its legs and the direction it is facing.",True,the zebra appears to be walking.,True
184,other,Number of animals?,3,there are three zebras in the picture.,False,there are three zebras in the image.,False,there are three zebras in the picture.,False,there are three zebras in the image.,False
185,other,What is on the plate?,cupcake,there is a cupcake on the plate.,True,there is a cupcake on the plate.,True,there is a cake on the plate.,False,there is a cupcake on the plate.,True
186,other,What are the pink pieces of paper called?,post-its,the pink pieces of paper are called post-it notes or post-it notes.,False,the pink pieces of paper are called post-it notes or sticky notes.,False,the pink pieces of paper are called post-it notes or sticky notes.,False,the pink pieces of paper are called post-it notes or sticky notes.,False
187,other,What is the green stuff?,broccoli,the green stuff in the picture is broccoli.,True,the green stuff in the picture appears to be broccoli.,True,the green stuff in the picture appears to be broccoli.,True,the green stuff in the picture appears to be broccoli.,True
188,other,Is this a finger food or dish?,dish,it is ambiguous whether the food is a finger food or a dish.,True,"the image shows a dish, not finger food. the dish appears to be a stir-fry containing chicken, broccoli, and possibly other nuts or vegetables.",True,"the image shows a dish containing various ingredients, including meat, vegetables, and possibly some fried items. it appears to be a cooked meal rather than a finger food. finger foods typically consist of small, bite-sized items that are easy to eat with the",True,"the image shows a dish, not finger food. the dish appears to be a stir-fry or a similar type of meal, containing ingredients such as chicken, broccoli, and possibly peanuts or cashews.",True
189,other,What ICING IS USED ON THIS CAKE?,vanilla,"i don't know what type of icing is used on this cake. it could be buttercream, cream cheese, or white.",False,"the cake in the picture appears to be frosted with a white, creamy frosting. this",False,the cake in the picture is frosted with buttercream icing. buttercream is a popular choice for cakes due to its smooth texture and ability to hold decorations well.,False,the cake in the picture is frosted with what appears to be buttercream icing. buttercream is a popular choice for cakes due to its smooth texture and ability to hold decorations well.,False
190,other,What is the figure on the cupcake?,soldier,the figure on the cupcake is a toy soldier.,True,"the figure on the cupcake appears to be a small, dark-colored figurine or decoration. it is placed on top of the cupcake, which is covered in frosting. the exact details of the figure are not clear, but it could be a",False,the figure on the cupcake is a small toy soldier.,True,"the figure on the cupcake appears to be a small, black, and white figurine. it is standing on the top of the cupcake, which is covered in white frosting. the exact details of the figure are not clear, but it seems",False
191,other,What flavor is the cupcake?,vanilla,"it is unknown what flavor the cupcake is. it could be vanilla, chocolate, or strawberry.",True,"the cupcake in the picture appears to be a vanilla or plain flavor, as it is topped with white frosting.",True,"the cupcake in the picture appears to be a vanilla or plain flavor, as indicated by the the white frosting.",True,the cupcake in the picture appears to be a vanilla flavor. the creamy white frosting and the simple decoration on top are characteristic of vanilla cupcakes.,True
192,other,What is the woman doing?,cutting tie,the woman is cutting a man's tie with a pair of giant scissors.,False,the woman is wearing a military uniform and appears to be presenting a medal or award to a man.,False,the woman is cutting a ribbon with scissors.,False,the woman is standing in front of a flag and holding a flag.,False
193,other,What room is this?,living room,"it is ambiguous what room this is. it could be a living room, parlor, or sitting room.",True,"the image appears to be of a living room or a similar interior space. the presence of a chandelier, arched windows, a red upholstered chair, and potted plants suggests a well-decorateded, possibly historic or elegant room.",True,"this is a dining room. the room features large arched windows, a chandelier, and a table with chairs, which are typical elements of a dining room.",False,"this is a living room. the room features large arched windows, a fan, and several pieces of furniture, including chairs and a table. the overall decor suggests a classic and elegant style.",True
194,other,What is the boy doing?,herding,the boy is herdingng cattle.,True,"the boy appears to be herding cattle. he is holding a rope or stick, which is commonly used by herders to guide and control the animals.",True,the boy appears to be standing and looking towards the camera. he is wearing traditional clothing and is surrounded by cattle.,False,"the boy appears to be herding cattle. he is holding a stick, which is commonly used to guide and control livestock.",True
195,other,What animal is on the walls?,fish,the animal on the walls is a fish.,True,there is no animal on the walls in the picture.,False,there are fish on the walls.,True,there is no animal on the walls in the picture.,False
196,other,Sunny or overcast?,overcast,"the image shows a snowy landscape with a church steeple in the the foreground. the sky appears overcast, with no visible sunlight.",True,"the sky in the picture appears to be overcast. the lighting is diffused, and there are no strong shadows, which is typical of overcast conditions.",True,the sky appears to be overcast in the picture.,True,the sky appears to be overcast in the picture.,True
197,other,What is the color of the roof shingles?,gray,the color of the roof shingles is brown.,False,the roof shingles are brown.,False,the roof shingles are brown.,False,the roof shingles are brown.,False
198,other,What symbol sits atop the tower?,cross,the symbol atop the tower is a cross.,True,the symbol atop the tower is a cross.,True,the symbol atop the tower is a cross.,True,the symbol atop the tower is a cross.,True
199,other,What is the grate for?,toaster oven,"the grate in the image is likely a cooling rack or a wire rack used for baking or cooking. it is placed inside the toaster oven, which is a small kitchen appliance used for cooking food quickly by using infrared heat. the grate allows the food to",True,"the grate in the image is likely part of an oven or a toaster oven. it is used to hold the food being cooked, allowing heat to circulate evenly around the food. this is a common feature in many kitchen appliances designed for baking or to",True,"the grate in the image is likely part of a toaster oven or a similar small kitchen appliance. the grate is used to hold the food items, such as bread or pastries, during the toasting or baking process. it allows the food to be",True,"the grate in the image is likely part of a toaster oven or a similar small kitchen appliance. the grate is used to hold the food items, such as bread or bagels, while they are being toasted or baked. the heating element underneath the grate",True
200,other,What time is it?,11:55,the time on the clock is approximately 10:10.,False,the time on the clock is 10:10.,False,the time on the clock is 10:10.,False,the time on the clock is 10:10.,False
201,other,What is the brown object with a clock on it?,birdhouse,the brown object with a clock on it is a clock tower.,False,the brown object with a clock on it is a cuckoo clock. cuckoo clocks are a type of mechanical clock that originated in germany and are knowned for their distinctive cuckoo bird that chimes the hour.,False,the brown object with a clock on it is a clock tower.,False,the brown object with a clock on it is a cuckoo clock. cuckoo clocks are a type of mechanical clock that originated in germany and are knowned for their distinctive chime and the appearance of a cuckoo bird at the certain time of,False
202,other,What number bus is this?,892,i don't know what number bus is this. it can be 892 or 892.,True,the bus in the picture is number 894.,False,the number on the bus is 892.,True,"the bus in the picture has the number ""12"" on the front.",False
203,other,What is the woman holding?,hair dryer,the woman is holding a hair dryer.,True,the woman is holding a dog.,False,the woman is holding a white cat.,False,"the woman is holding a white object, which appears to be a piece of fabric or a small piece of clothing.",False
204,other,What shape is at the bottom of the pole?,rectangle,the shape at the bottom of the pole is a square.,False,"at the bottom of the pole, there is a square shape.",False,"at the bottom of the pole, there is a heart shape.",False,"at the bottom of the pole, there is a square shape.",False
205,other,What type of bed is in the picture?,bunk bed,the picture shows a bunk bed.,True,the bed in the picture is a bunk bed.,True,the bed in the picture is a bunk bed.,True,the bed in the picture is a bunk bed. bunk beds consist of two or more beds stacked one above the other.,True
206,other,What is he cooking?,hot dogs,the man is cooking hot dogs on the grill.,True,he is cooking hot dogs.,True,he is cooking hot dogs on a grill.,True,he is cooking hot dogs on a grill.,True
207,other,Is this a new or ancient clock?,ancient,"the image shows an ancient clock, specifically the prague astronomical clock, also known as the prague orloj. this",True,"the clock in the picture appears to be ancient. it is a medieval astronomical clock, which is typically characterized by its ornate design and the inclusion of astronomical elements such as zodiac signs and planetary symbols. these clocks were often built during the middle ages",True,"the clock in the picture appears to be ancient. it has has a medieval design with intricate details and is mounted on a stone structure, which is characteristic of historical and older clocks.",True,"the clock in the picture appears to be ancient. it is part of the prague astronomical clock, which is one of the oldest astronomical clocks in the world. the intricate details and the style of the clock suggest that it is several centuries old.",True
208,other,What time does the clock read?,12:55,the clock in the picture reads approximately 12:10.,False,the clock in the picture reads approximately 12:10.,False,the clock in the picture reads approximately 12:15.,False,the clock in the picture reads approximately 12:15.,False
209,other,What mountain was this taken at?,lookout,"it is unknown which mountain this picture was taken at. it could be a ski resort, a mountain in the snow, or a mountain in the the snow.",False,the image shows a ski resort with a ski lift and a variety of snowboards and skis. the specific mountain is not identifiable from the image alone.,False,the image shows a ski resort with a lift and several snowboards leaning against a rack. the specific mountain is not identifiable from the image alone.,False,the image shows a snow-covered mountain with a ski lift and several snowboards leaning against a rack. the specific mountain is not identifiable from the image alone.,False
210,other,What is the black thing he is wearing?,apron,the man is wearing a black apron.,True,"the person in the picture is wearing an apron, which is typically black in color. aprons is a piece of clothing worn over the clothes to protect them from dirt, dust, and other.",True,the person in the picture is wearing a black apron.,True,the person in the picture is wearing an apron.,True
211,other,What is the man doing in the picture?,cooking,"the man in the picture is working in a kitchen, likely a restaurant kitchen, as he is wearing an apron and appears to be handling a piece of equipment, possibly a grill or oven. the steam coming from the equipment suggests that he is cooking",True,"the man in the picture appears to be working in a kitchen, possibly in a restaurant or a commercial kitchen. he is standing in front of a large piece of equipment, which looks like a steamer or a large cooking appliance. the environment suggests he",True,"the man in the picture appears to be working in a kitchen, possibly a restaurant kitchen. he is standing in front of a stove or oven, and there is steam coming out, indicating that he might cooking or preparing food.",True,"the man in the picture appears to be working in a kitchen, possibly a restaurant kitchen. he is standing in front of a large piece of equipment, which could be a steamer or a large oven, and seems to be adjusting a control or opening",False
212,other,What is the cartoon man presenting to the cartoon woman?,ring,the cartoon man in the image is presenting a ring to the cartoon woman.,True,the cartoon man is presenting a ring to the cartoon woman.,True,the cartoon man is presenting a flower to the cartoon woman.,False,the cartoon man is presenting a flower to the cartoon woman.,False
213,other,What does the sign with the white arrow say?,one way,"the sign with the white arrow says ""one way.""",True,"the sign with the white arrow says ""one way.""",True,"the sign with the white arrow says ""one way.""",True,"the sign with the white arrow says ""one way.""",True
214,other,"What is above the ""No Left Turn"" sign?",one way,"i am not sure. it can be a traffic light, a stop light, a one way sign, or a street sign.",True,"there is a traffic light above the ""no left turn"" sign.",False,"there is a traffic light above the ""no left turn"" sign.",False,"the sign above the ""no left turn"" sign is a one-way sign.",False
215,other,What is the sign says?,stop,"the sign says ""stop.""",True,"the sign says ""stop.""",True,"the sign says ""stop.""",True,"the sign says ""stop.""",True
216,other,What gender are both of the children likely to be?,female,both children are likely to be girls.,False,both children appear to be boys.,False,both of the children are likely to be boys.,False,both children are likely to be boys.,False
217,other,What is the one girl doing to the other girl's hair?,brushing,the girl on the left is brushing the hair of the other girl on the right.,True,the girl on the left is playing with the hair of the girl on the right.,False,the girl on the left is brushing the hair of the girl on the right.,True,the girl on the left is brushing the hair of the girl on the right.,True
218,other,Something new to wear with a men's shirt?,tie,i don't know,False,"the person in the picture is holding a shirt and a tie. it looks like they are preparing to wear the shirt and tie together. the tie is a plaid pattern, which can be a nice addition to a men's outfit.",True,"the man in the picture is wearing a striped shirt and holding a pair of patterneded pants. it looks like he is preparing to wear them together. the pants have a bold, colorful pattern that contrasts with the more subdued stripes of the shirt.",False,"it looks like you're holding a men's shirt. if you're looking for something new to wear with it, here are a few ideas:

1. **layering**: add a cardigan or a sweater over the shirt for a more casual look",False
219,other,How much did they pay for the hot dogs?,1,it is unknown how much they paid for the hot dogs.,False,the image shows a hot dog with condiments on a table. there is no visible price tag or any indication of the cost of the hot dog in the image.,False,"the image shows a table with a hot dog, a napkin, a cup, and some other other items. there is no visible price tag or receipt to determine how much was was paid for the hot dogs.",False,the image shows a hand holding a hot dog with a bun. the background includes a table with a cup and some papers. there is no visible price tag or indication of the cost of the hot dog in the image.,False
220,other,What is in the man's hand?,tennis racket,the man is holding a tennis racket in his hand.,True,the man is holding a tennis racket in his hand.,True,the man is holding a tennis racket in his hand.,True,the man is holding a tennis racket in his hand.,True
221,other,What silverware is on the table?,knife and fork,the silverware on the table includes a knife and a fork.,False,there is a fork and a knife on the table.,False,there is a fork and a knife on the table.,False,there is a fork and a knife on the table.,False
222,other,What type of animal is it?,cat,the animal in the picture is a cat.,True,the animal in the picture is a cat.,True,the animal in the picture is a cat.,True,the animal in the picture is a cat.,True
223,other,What is the man standing on?,sand,the man is standing on the sand of the beach.,True,the man is standing on a sandy beach.,True,the man is standing on a beach.,False,the man is standing on the sand.,True
224,other,What are these men standing in front of?,ocean,the men are standing on a beach in front of the ocean.,True,"the men are standing on a beach in front of the ocean. they appear to be preparing for some water-based activity, possibly windsurfing or kiteboarding, as there are surfboards and kites visible in the background.",True,the men are standing on a beach.,False,"the men are standing on a beach. in the background, there are people engaged in kiteboarding activities, with kites flying over the ocean.",True
225,other,What is the temperature outside?,cold,"it is unknown what the temperature outside is. it could be cold, warm, or cool.",True,"the temperature outside appears to be cool, as indicated by the the individuals wearing wets suits, which are typically worn for water activities in cooler temperatures.",False,the temperature outside is not visible in the image.,False,"the temperature outside appears to be cool, as indicated by the people wearing wetsuits, which are typically worn for water activities in cooler temperatures.",False
226,other,What is lying on the ground?,surfboard,there is a surfboard lying on the ground.,True,there is a surfboard lying on the ground in the image.,True,there is a surfboard lying on the ground in the image.,True,there are several surfboards and cones lying on the ground.,True
227,other,What is flying in the air?,kites,"in the air, there are kites flying.",True,"in the picture, there are several kites flying in the air.",True,there are kites flying in the air.,True,"in the picture, there are several kites flying in the air.",True
228,other,What brand of shoes is the skateboarder wearing?,none,"it is unknown what brand of shoes the skateboarder is wearing. it could be nike, adidas, or v may not be wearing any shoes.",False,the skateboarder is wearing nike shoes.,False,the skateboarder is wearing nike shoes.,False,the skateboarder is wearing nike shoes.,False
229,other,What type of clouds are visible in this photo?,cumulus,i can't tell what type of clouds are visible in this photo.,False,"the photo shows a cloudy sky with a mix of white and gray clouds. the clouds appear to be cumulus clouds, which are typically white and fluffy.",True,"the clouds in the photo appear to be cumulus clouds, which are white, fluffy, and often puffy. they are typically associated with fair weather and are often seen in the daytime sky.",True,"the clouds in the photo appear to be cumulus clouds, which are white, fluffy, and often puffy. they are typically associated with fair weather and are often seen in the daytime.",True
230,other,What is the man doing?,standing,"the man is standing on the beach, holding a surfboard and looking out towards the ocean.",True,"the man appears to be standing on the beach, possibly preparing to go kiteboarding or windsurfing. he is holding a kiteboard and is dressed in a wets suit, which is typical attire for water sports in windy conditions.",True,"the man appears to be standing on a beach, possibly preparing to engage in a water sport or activity. the presence of kites in the background suggests that he might involved in kiteboarding or another kite-related activity.",True,"the man appears to be preparing for kiteboarding or windsurfing. he is holding a kite and standing near the water, which is typical for these water sports.",True
231,other,Is the person on the right male or female?,male,the person on the right is male.,True,the person on the right is male.,True,the person on the right appears to be male.,True,the person on the right appears to be male.,True
232,other,What object is painted on the surfboard?,star,"i am not sure what object is painted on the surfboard. it could be a kite, a logo, a design, a picture, a symbol, a logo, a picture, a design, a symbol, a logo, a picture, a",False,there is a red and white design painted on the surfboard.,False,the surfboard has a black and white design.,False,the surfboard has a red and white stripe painted on it.,False
233,other,What does the train ride along?,tracks,the train in the picture rides along train tracks.,True,the train rides along tracks.,True,the train rides along a track.,False,the train rides along tracks.,True
234,other,What is turned on?,light,"the image shows a lit candle or lamp with a decorative cut-out design, casting a warm glow. the light is illuminating the surrounding area, creating a cozy and inviting atmosphere.",True,"the image shows a lit candle with a decorative holder that has cut-out designs resembling pumpkins. the candle is casting a warm glow, and there are fruits, including a pear and an orange, placed nearby on a wooden surface.",False,"the image shows a lit candle with a decorative holder. the candle is casting a warm glow, and the holder has intricate designs.",False,"the image shows a lit candle with a decorative holder. the candle is casting a warm glow, and the holder has intricate cut-out designs.",False
235,other,What is the name of the yellow fruit pictured?,banana,the yellow fruit pictured is a pear.,False,the yellow fruit pictured is a banana.,True,the yellow fruit pictured is a banana.,True,the yellow fruit pictured is a banana.,True
236,other,What shape are the plates?,round,the plates in the picture are round.,True,the plates in the picture are round.,True,the plates in the picture are round.,True,the plates in the picture are round.,True
237,other,What indicates that this is for a party?,many plates,"the presence of multiple pizzas, cups, and plates on the table indicates that this is for a party. the setup suggests that the food is meant to be be shared among a group of people, which is typical for a party setting.",False,"the presence of multiple pizzas, glasses, and plates on the table suggests that this is for a party. the setup is casual and communal, typical of a gathering where people share food and drinks.",False,"the presence of multiple plates, glasses, and a tablecloth suggests that this is set up for a party or a group gathering. the two pizzas also indicate that it is a shared meal, which is common in party settings.",False,"the presence of multiple pizzas, glasses, and plates on the table suggests that this is for a party. the setup is casual and communal, typical of a gathering where people share food and drinks.",False
238,other,What two utensils are next to the plate?,fork and knife,i am not sure.,False,there are two forks next to the plate.,False,there are two forks next to the plate.,False,there are two forks next to the plate.,False
239,other,How lucky is it that no one was walking on the sidewalk at that time?,very,it is unknown how lucky it is that no one is walking on the sidewalk at that time.,False,it is not clear from the image whether there is anyone walking on the sidewalk at that time.,False,it is not clear from the image whether there is anyone walking on the sidewalk at that time.,False,it is fortunate that no one is walking on the sidewalk at that time. this,False
240,other,What traffic light is on?,red,"i don't know which traffic light is on. it can be red, green, or yellow.",True,the traffic light in the picture is on red.,True,the traffic light in the picture is showing a red light.,True,the traffic light in the picture is showing a green light.,False
241,other,What number does the battery have on his shirt?,11,"i don't know what number does the battery have on his shirt. it can be 11, 33 or 11 or 33.",True,"the batter has the number ""2 on his shirt.",False,"the batter has the number ""1"" on his shirt.",False,"the batter has the number ""2 on his shirt.",False
242,other,What team is the batter from?,yankees,i don't know which team the batter is from.,False,the batter is from the los angeles dodgers. this is evident from the team's uniform and logo visible on the the batter's jersey.,False,"the batter is from the oakland athletics, as indicated by the team's logo on the batter's helmet.",False,"the batter is from the new york yankees, as indicated by the team's logo on the batter's helmet.",True
243,other,What objects are directly above the TV set?,pictures,i,False,there are pictures above the tv set.,True,there are two pictures above the the tv set.,True,there are two pictures above the the tv set.,True
244,other,What print is this woman's dress?,dots,the woman's dress has a polka dot print.,False,the woman's dress has a polka dot print.,False,the woman's dress has a polka dot print.,False,the woman's dress has a black and white polka dot print.,False
245,other,What is on the handlebars?,bird,there is a bird on the the handlebars of the motorcycle.,True,there is a bird on the handlebars.,True,"the image shows a person wearing a helmet and standing next to a motorcycle. the handlebars of the motorcycle are visible, and there is a mirror attached to the handlebars. the mirror is a convex mirror, which is commonly used on motorcycles to provide",False,the person in the image is holding a bird on the handlebars of a bicycle.,True
246,other,What bird is on the man's bike?,parrot,"i don't't know what bird is on the man's bike. it can be a parrot, a grey bird, a white bird, a grey and white bird, a grey and white parrot, a grey and white bird, a grey",True,the bird on the man's bike is a grey parrot.,True,there is no bird on the man's bike.,False,the bird on the man's bike is a parrot.,True
247,other,What is the fence made of?,metal,the fence in the picture is made of metal.,True,"the fence in the picture appears to be made of metal, likely steel or another type of metal, and it is designed to enclose the area where the animals are kept.",True,"the fence in the picture appears to be made of metal, likely steel or another type of metal, and it is designed to be be sturdy and secure.",True,"the fence in the picture appears to be made of metal, likely steel or another type of metal, and it is designed to be be sturdy and secure.",True
248,other,What is the name of the street that starts with a color?,greenwich,the name of the street that starts with a color is greenwich st.,True,"the name of the street that starts with a color is ""greenwich st.""",True,"the name of the street that starts with a color is ""greenwich"".",True,"the name of the street that starts with a color is ""greenwich st.""",True
249,other,How can you tell the giraffe is in captivity?,fence,"the giraffe is in captivity because it is standing in a fenced area, which is a common feature of zoos and wildlife parks. the presence of the fence indicates that the giraffe is not free to roam in its natural habitat. additionally, the",True,"the giraffe appears to be in captivity because it is standing in a fenced area with a defined boundary. the presence of a fence and the controlled environment suggest that this is a zoo or a wildlife park. additionally, the giraffe is not in its",True,"the giraffe appears to be in captivity because it is standing in an enclosed area with rocks and trees in the background. the presence of a fence or barrier is not visible in the image, but the giraffe is surrounded by a natural-looking environment that",True,"the giraffe appears to be in captivity because it is standing in an enclosed area with a fence or barrier visible in the background. additionally, the environment looks like a zoo or a wildlife park, which is typical for captive animals.",True
250,other,What is the name of the store behind the lady?,pike place fish,"the name of the store behind the lady is ""pike place fish.""",True,"the store behind the lady is called ""pike place market.""",False,"the store behind the lady is called ""pike place fish.""",True,"the store behind the lady is called ""dye place fish.""",False
251,other,What does the lady have in her mouth?,fish,"the lady has a piece of food in her mouth, possibly a fish or a fish stick.",True,"the lady has a piece of food in her mouth, which appears to be a piece of fish.",True,"the lady in the picture has a piece of food in her mouth, which appears to be a piece of fruit, possibly an apple.",False,the lady in the picture has a piece of paper or a napkin in her mouth.,False
252,other,What are the popsicle sticks used for?,labels,"the popsicle sticks are used as markers or labels to identify the plants in the the small pots. they are inserted into the soil of each pot, and the sticks are labeled with the names or descriptions of the plants species or varieties. this",True,"the popsicle sticks in the image are likely used as markers or labels for the plants. they can be used to identify the type of plant, the date of planting, or any other other relevant information. this",True,the popsicle sticks are used to label the plants in the the planters.,False,"the popsicle sticks are likely used as markers or labels to identify the plants or the contents of the pots. they can help in keeping track of different plant varieties, stages of growth, or other any other specific information related to the plants.",True
253,other,What is the structure in the background?,teepee,"the structure in the background is a teepee, which is a type of tent traditionally used by native american tribes. it is made of a conical-shaped frame covered with a waterproof material.",True,"the structure in the background appears to be a teepee or a similar type of tent. it is set up on the snow, likely for a winter event or gathering.",True,"the structure in the background appears to be a ski jump or a similar snow sports feature. it is likely part of a ski resort or a competition area, given its design and the presence of snow.",False,"the structure in the background appears to be a teepee, which is a type of conical tent traditionally used by native american tribes.",True
254,other,What are these people doing?,snowboarding,the people in the picture are snowboarding.,True,"the people in the picture are skiing. they are on a snow-covered slope, and one person is in mid-air, performing a jump or trick. the setting appears to be a ski resort or a ski park, with a tent and a ramp visible",False,"the people in the picture are participating in a snowboarding event. they are on a snow-covered slope, and one person is in mid-air, performing a jump or trick. the event appears to be a competition or a freestyle snowboarding event.",True,"the people in the picture are snowboarding. they are performing tricks on a snow-covered slope, with one person in mid-air after launching off a ramp.",True
255,other,What is the white structure behind the ramp?,teepee,i am not sure. it could be a tent or a teepee.,True,the white structure behind the ramp appears to be a tent or a temporary shelter.,False,the white structure in the background appears to be a snowboard or ski jump ramp. it is designed to help athletes launch into the air during their tricks or jumps.,False,the white structure behind the ramp appears to be a teepee or a similar type of tent.,True
256,other,What is on the ground?,snow,the ground is covered in snow.,True,the ground is covered in snow.,True,the ground is covered in snow.,True,the ground is covered in snow.,True
257,other,What is the man wearing?,shorts,the man is wearing a pair of gray shorts.,True,the man is wearing a red shirt and black shorts.,True,the man is wearing a pair of black shorts.,True,the man is wearing a white shirt and black shorts.,True
258,other,What sport are they playing?,soccer,the are playing soccer.,True,they are playing soccer.,True,they are playing soccer.,True,they are playing soccer.,True
259,other,Color is the goaltenders shirt?,white,the color of the goaltender's shirt is yellow.,False,the goalkeeper's shirt is black.,False,the goalkeeper's shirt is white.,True,the goalkeeper's shirt is white.,True
260,other,Are they coworkers or best friends?,best friends,it is ambiguous whether they are coworkers or best friends.,True,"it's difficult to determine whether they are coworkers or best friends based solely on the image. they could be either, as both relationships can involve socializing and dressing up for events.",True,"based on the image, it is difficult to determine whether they are coworkers or best friends. they could be either, as both scenarios are plausible.",True,"based on the image, it is difficult to definitively determine whether they are coworkers or best friends. they are dressed in suits and appear to be at a formal event, which could suggest a professional relationship. however, the relaxed and happy expressions on their",True
261,other,What is in the glass in the lower right?,wine,"the glass in the lower right contains a red liquid, which appears to be a type of cocktail or mixed drink.",False,"the glass in the lower right contains a red beverage, likely a cocktail or a mixed drink.",False,"the glass in the lower right contains a red liquid, which appears to be wine.",True,"the glass in the lower right contains a red liquid, which appears to be a type of juice or cocktail.",False
262,other,The wall is made out of?,brick,the wall in the picture is made of bricks.,True,the wall in the picture appears to be made of brick.,True,the wall in the picture is made of bricks.,True,the wall in the picture is made of bricks.,True
263,other,What does the sign in the background say?,no parking,i don't know what the sign in the background says.,False,"the sign in the background says ""cub"".",False,"the sign in the background says ""school bus.""",False,"the sign in the background says ""c 00000000000000000000000000000000000000000",False
264,other,What is behind the mirror?,bus,the mirror is reflecting the back of a yellow school bus.,True,"behind the mirror, there is a yellow vehicle, likely a construction or agricultural machine, parked on a paved area. the vehicle has a license plate and some markings on it.",False,the mirror in the image reflects the rear view of a school bus.,True,"behind the mirror, there is a yellow vehicle, likely a school bus, as indicated by the visible features such as the door and the the overall shape of the vehicle.",True
265,other,How healthy does this meal look?,very,"the meal looks very healthy. it includes a variety of vegetables such as broccoli, peas, and carrots, which are rich in vitamins, minerals, and fiber. the presence of meat suggests a good source of protein. the overall appearance of the meal is",True,"the meal in the picture appears to be quite healthy. it includes a variety of vegetables such as broccoli, green beans, and carrots, which are rich in vitamins, minerals, and fiber. there are also some pieces of meat, which provide protein.",False,"this meal appears to be quite healthy. it includes a variety of vegetables such as broccoli and peas, which are rich in vitamins and minerals. the presence of meat suggests a good source of protein. the bread and potatoes provide carbohydrates, which are essential for",False,"the meal in the picture appears to be quite healthy. it includes a variety of vegetables such as broccoli and peas, which are rich in vitamins and minerals. there are also some pieces of meat, which provide protein. the presence of a side of potatoes",False
266,other,What meat is used in the main dish?,beef,"i am not sure what meat is used in the main dish. it can be beef, pork, or chicken.",True,the main dish appears to be a beef roast.,True,the main dish appears to be a beef stew.,True,the main dish appears to be a meatloaf.,False
267,other,What is the man reaching for?,phone,"the man is reaching for a gps phone, specifically a pharos gps phone 600.",True,the man is reaching for a piece of paper.,False,the man is reaching for a gps phone.,True,the man is reaching for a phone.,True
268,other,What language is the text on the sign?,english,the text on the sign is in english.,True,the text on the sign is in english.,True,the text on the sign is in english.,True,the text on the sign is in english.,True
269,other,What is the man holding?,phone,the man is holding a silver gps phone.,True,the man is holding a gps device.,False,the man is holding a gps phone.,True,the man is holding a phone.,True
270,other,What does this phone case look like?,silver,"the phone case is a silver or metallic-looking gps phone, specifically a pharos gps phone 600. it has has a rectangular shape with a screen in the center, buttons below the screen, and a camera on the top left corner.",True,"the phone case in the picture appears to be a protective cover for a smartphone. it is rectangular with a slightly curved top edge. the case has a metallic or plastic material and has a logo or brand name ""pharos"" on the front.",False,"the phone in the the image appears to be a model from the brand ""pharos."" the design is relatively simple, with a rectangular shape and a screen that takes up a significant portion of the front face. the buttons are located below the screen",False,"the phone in the picture appears to be a pharos gps phone 60. it has has a rectangular shape with a screen on the front, and buttons on the sides. the case is metallic and has has a logo or text on the back",False
271,other,What is the brand of the phone?,pharos,the brand of the phone is pharos.,True,the phone is a pharos gf phone 600.,True,the phone is a pharos gps phone 600.,True,the phone is a pharo.,False
272,other,What does this controller go with?,phone,"i don't know what this controller goes with. it could be for a gps, a game, or a phone.",True,"the controller in the picture is for a gps phone, specifically a pharos gps phone 600. this",True,"the device in the picture is a pharos gps phone 600, which is a handheld gps device. it is designed to be be used with a gps receiver to provide location information, such as latitude and longitude coordinates, and can also be",True,"the controller in the picture is for a gps phone, specifically the ""pharos gps iphone 60"" model. this",True
273,other,What brand is the phone?,pharos,the phone in the picture is a pharos gps phone 600.,True,the phone in the picture is a pharos gps phone.,True,the phone in the picture is a pharos gps phone 600.,True,the phone in the picture is a pharo gps phone 600.,False
274,other,What is the person holding in their hand?,cell phone,the person is holding a silver and black gps phone in their hand.,False,the person is holding a phone.,False,the person is holding a phone.,False,the person is holding a phone.,False
275,other,What is the person holding?,phone,"the person is holding a gps phone, specifically a pharos gps phone 660.",True,the person is holding a gps device.,False,"the person is holding a device, which appears to be a gps phone. the device is labeled ""pharos gps phone 600.""",True,the person is holding a smartphone.,True
276,other,What's on the other side of the shower curtain?,shower,"i don't know what's on the other side of the shower curtain. it can be a shower, a bathtub, a shower curtain, a shower head, a shower curtain, a shower curtain, a shower curtain, a shower curtain, a shower",True,"the image shows a bathroom with a shower area, a toilet, and a sink. the shower curtain is closed, so the view on the the other side of the shower curtain is not visible.",True,"the image shows a bathroom with a shower area. the shower curtain is closed, and there is a white towel hanging on the left side of the shower curtain. the bathroom also has a toilet and a sink. the walls are tiled, and there is",True,"the image shows a bathroom with a shower area. the shower curtain is drawn, obscuring the view of the shower itself.",True
277,other,What is the green stuff?,broccoli,the green stuff in the picture is broccoli.,True,the green stuff in the image appears to be broccoli.,True,the green stuff in the picture is broccoli.,True,the green stuff in the image appears to be broccoli.,True
278,other,What is the floor made of?,tile,the floor is made of black tiles.,True,the floor is made of tiles.,True,the floor in the picture is covered with white tiles.,True,the floor is made of black tiles.,True
279,other,What is the ratio of white tiles to blue?,many more white,"it is ambiguous to determine the ratio of white tiles to blue. it could be 1:1, 1:2, 1:10, or 1:100.",False,the image shows a bathroom with white tiles and blue tiles. the ratio of white tiles to blue tiles is approximately 1:1.,False,the image shows a bathroom with white tiles and blue accent tiles. the ratio of white tiles to blue tiles is approximately 10:1.,False,the image shows a bathroom with white tiles and blue tiles. the ratio of white tiles to blue tiles is approximately 3:1.,False
280,other,What power tool is present?,drill,"i don't know what power tool is present. it can be drill, screwdriver, or wrench.",True,there is a drill in the picture.,True,there is a drill in the bathroom.,True,there is a drill in the bathroom.,True
281,other,What fruit is present?,watermelon,the fruit present in the image is watermelon.,True,there is a watermelon in the picture.,True,there are oranges in the picture.,False,there are bananas in the picture.,False
282,other,What do you think the cat is looking at?,bird,"it is ambiguous what the cat is looking at. it could be looking at a bird, a person, or a tree.",True,"the cat appears to be looking off to the side, possibly at something in the distance. its posture and gaze suggest it is focused on something outside the frame of the image.",False,"the cat appears to be looking off to the side, possibly at something in the distance. its gaze is directed towards the right side of the image, and its ears are perked up, indicating it is focused on something.",False,"the cat appears to be looking off to the side, possibly at something in the distance. its gaze is directed towards the right side of the image, and its ears are perked up, indicating it is focused on something.",False
283,other,What utensil is sitting next to the food?,fork,a fork is sitting next to the food.,True,there is a fork sitting next to the food.,True,there is a fork sitting next to the food.,True,there is a fork,True
284,other,What is in the jug?,beer,"the jug in the picture contains a dark liquid, which appears to be beer.",True,"the jug in the picture contains a dark liquid, which appears to be beer.",True,"the jug in the picture contains a dark liquid, which appears to be beer.",True,"the jug in the picture contains a beverage, likely beer, given the context of the setting.",True
285,other,What is the name of this crusted food?,pizza,the crusted food in the picture is a pizza.,True,the crusted food in the picture is a pizza.,True,the crusted food in the picture is a pizza.,True,the crusted food in the picture is a pizza.,True
286,other,What animal is on the flatbed?,cow,the animal on the flatbed is a cow.,True,the animal on the flatbed appears to be a horse.,False,the animal on the flatbed is a cow.,True,the animal on the flatbed is a cow.,True
287,other,What room of the house is this?,kitchen,the room in the picture is a kitchen.,True,this is a kitchen.,True,this is a kitchen.,True,this is a kitchen.,True
288,other,What is the floor made out of?,wood,the floor is made out of wood.,True,the floor in the picture is made of wood.,True,the floor in the picture appears to be made of wood.,True,the floor in the picture appears to be made of wood.,True
289,other,What do you use the stove for?,cooking,the stove is used for cooking food. it is a kitchen appliance that provides heat to cook various dishes.,True,"the stove in the image is used for cooking food. it has multiple burnersers and a griddle, which are typically used for boiling, sautéing, and grilling various types of food.",True,"the stove in the image is used for cooking food. it has has multiple burners and a griddle, which are typically used for frying, boiling, and otherering. the presence of pots and pans on the stove further indicates its use for cooking",True,"the stove in the image is used for cooking food. it is a common appliance found in kitchens, and it is used to heat up and cook various types of food, such as meats, vegetables, and grains. the stove in the image appears to",True
290,other,What is the batter wearing on his ankles?,guards,the batter is wearing shin guards on his ankles.,True,the batter is wearing black socks on his ankles.,False,the batter is wearing shin guards on his ankles.,True,the batter is wearing black socks on his ankles.,False
291,other,What is the crouching man in the mask called?,catcher,the the crouching man in the mask is called a catcher.,True,the man in the mask is called the catcher.,True,the crouching man in the mask is called the catcher.,True,the crouching man in the mask is called a catcher.,True
292,other,What are the two women carrying?,rackets,"i am not sure what are the two women carrying. it can be tennis rackets, tennis balls, tennis bags, tennis rackets and tennis balls, tennis rackets and tennis bags.",True,the two women are carrying tennis rackets.,True,the two women are carrying tennis rackets.,True,the two women are carrying tennis rackets.,True
293,other,What are these people holding?,tennis rackets,the people in the picture are holding tennis rackets.,True,the people in the picture are holding tennis rackets.,True,the people in the picture are holding tennis rackets.,True,the people in the picture are holding tennis rackets.,True
294,other,What is the woman wearing on her neck?,collar,the woman is not wearing anything on her neck.,False,the woman is wearing a necklace.,False,the woman is wearing a necklace.,False,the woman is wearing a necklace.,False
295,other,What sports are they playing?,tennis,the sports they are playing are tennis.,True,the people in the picture are playing tennis.,True,they are playing tennis.,True,"the individuals in the picture are playing tennis. they are holding tennis rackets and are dressed in tennis attire, which includes skirts and blouses.",True
296,other,What is the approximate time period of this photo?,1950s,the approximate time period of this photo is the 1940s.,False,"the photo appears to be from the mid-20th century, likely the 1950s or 1960s. this",True,"the photo appears to be from the mid-20th century, likely the 1950s or 1960s. this",True,"the photo appears to be from the mid-20th century, likely the 1940s or 1950s. this",True
297,other,What are the ladies doing?,playing tennis,the ladies are posing for a picture on a tennis court. they are holding tennis rackets and appear to be ready to play or have just finished a game.,False,"the ladies are standing together on a tennis court, holding tennis rackets. they appear to be posing for a photograph.",False,"the ladies are standing together, possibly posing for a photo. they are dressed in tennis attire, suggesting they might are tennis players or are about to play a game.",False,"the ladies in the picture appear to be holding tennis rackets and standing on a tennis court. they seem to be posing for a photograph, possibly after a tennis match or practice session.",False
298,other,"What three letter word, best describes the liquid container on the ground between the two people?",jug,i,False,the liquid container on the ground between the two people is a water bottle.,False,the liquid container on the ground between the two people is a water bottle.,False,the liquid container on the ground between the two people is a water bottle.,False
299,other,What does the wall say on the far left?,nothing,i am not sure,False,"the wall in the image has the text ""tennis club.""",False,"the wall in the image has the text ""wall"" on it.",False,"the wall in the image has the text ""wimbledon"" on it.",False
300,other,What is the woman wearing?,skirt,the woman is wearing a skirt.,True,the woman is wearing a white dress.,False,the woman is wearing a white skirt and a white shirt.,True,the woman is wearing a white dress and a white hat.,False
301,other,What type of photo is this?,black and white,this is a black and white photograph of four women holding tennis rackets.,True,this is a black and white photograph of four women standing together on a tennis court. they are holding tennis rackets and appear to be posing for a group photo.,True,"this is a black and white photograph of four women standing together, likely at a tennis event. they are dressed in traditional tennis attire, including skirts and blouses, and are holding tennis rackets. the background appears to be a tennis court with a",True,"this is a black and white photograph of four women standing together on a tennis court. they are dressed in vintage tennis outfits and are holding tennis rackets. the setting and attire suggest that this photo was from a past era, likely the mid-2",True
302,other,What sport is this?,tennis,the is tennis.,True,the sport in the picture is tennis.,True,the sport in the picture is tennis.,True,the sport in the picture is tennis.,True
303,other,What are the people holding?,tennis rackets,the people in the picture are holding tennis rackets.,True,the people in the picture are holding tennis rackets.,True,the people in the picture are holding tennis rackets.,True,the people in the picture are holding tennis rackets.,True
304,other,What is the group of people holding in their hand?,tennis rackets,the group of people is holding tennis rackets in their hands.,True,the group of people is holding tennis rackets.,True,the group of people is holding tennis rackets.,True,the group of people is holding tennis rackets.,True
305,other,Is the game live or on television?,live,it is unknown if the game is live or on television.,True,"the game is not live or on television. it appears to be a posed photograph of four women holding tennis rackets, likely taken during a tennis match or practice session.",True,the game is on television.,False,"the image shows a group of four women standing together on a tennis court, each holding a tennis racket. they appear to be posing for a photograph rather than actively playing the game. there is no indication in the image that the game is being broadcasted",False
306,other,How would you call for more information about the bus?,877-pwp-green,"to call for more information about the bus, you would need to dial the phone number provided on the side of the bus. in this case, the phone number is 877-pwp-green.",True,"to call for more information about the bus, you would need to locate the phone number or contact information provided on the bus or in the area where the bus is parked. if the bus has is parked in a public area, you may also be able",False,there is no bus in the the image.,False,"to call for more information about the bus, you can use the phone number provided on the bus.",False
307,other,What pattern does the woman have on?,polka dot,"the woman in the picture is wearing a polka dot pattern on her hat and tie. the hat has a polka dot ribbon around it, and the tie has a similar polka dot pattern.",True,the woman in the picture is wearing a polka dot pattern on her necktie.,True,the woman is wearing a hat with a polka dot pattern.,True,the woman in the picture is wearing a patterned.,False
308,other,What is running across the beach?,horse,a person is riding a horse across the beach.,True,there is a horse running across the beach.,True,there is a dog running across the beach.,False,there is a horse running across the beach.,True
309,other,What is causing the smoke?,grill,"the smoke in the image is likely caused by a grill or barbecue set up on the beach. the smoke is risinging from the grill, indicating that it is being used to cook food.",True,"the smoke in the picture is likely coming from a portable grill or barbecue. the person standing near the grill is probably cooking food, and the smoke is a result of the heat and the food being cooked.",True,there is no evidence in the image that there is any fire or smoke.,False,"the smoke in the image is likely coming from a barbecue grill. the people around the grill are gathered, and the presence of a grill and the smoke suggests that they are cooking food on the beach.",True
310,other,What ethnicity is the man?,african american,the man in the picture appears to be of african ethnicity.,False,the man in the picture appears to be of african descent.,False,the man in the picture appears to be of african ethnicity.,False,the man in the picture appears to be of asian ethnicity.,False
311,other,Is the man wearing shorts or pants?,shorts,the man is wearing shorts.,True,the man is wearing shorts.,True,the man is wearing shorts.,True,the man is wearing shorts.,True
312,color recognition,What color is the players shirt?,orange,the player's shirt is orange.,True,the player's shirt is orange.,True,the player is wearing an orange shirt.,True,the player's shirt is orange.,True
313,color recognition,What color is the snow?,white,the snow is white.,True,the snow in the picture is white.,True,the snow in the picture is white.,True,the snow in the picture is white.,True
314,color recognition,What color is the persons headwear?,red,the person's headwear is red.,True,the person is wearing a red and white striped hat.,True,the person in the picture is wearing a red headwear.,True,the person is wearing a red headwear.,True
315,color recognition,What color is the toothbrush?,white and purple,the toothbrush is white.,False,the toothbrush in the picture is purple.,False,the toothbrush in the picture is blue.,False,the toothbrush in the picture is white.,False
316,color recognition,What colors are shown in this picture?,black and white,the picture is in black and white.,True,the picture is in black and white.,True,the picture is in black and white.,True,the picture is in black and white.,True
317,color recognition,What color is his hat?,blue,the man's hat is blue.,True,the person in the picture is wearing a blue hat.,True,the person in the picture is wearing a blue hat.,True,the person in the picture is wearing a blue hat.,True
318,color recognition,What color is the jacket?,green,the jacket is green.,True,the jacket is green.,True,the jacket in the picture is green.,True,the jacket is green.,True
319,color recognition,What color is the sky?,gray,the sky is gray.,True,the sky in the picture is gray.,True,the sky in the picture is gray.,True,the sky in the picture is gray.,True
320,color recognition,What color is his coat?,blue,the person is wearing a blue coat.,True,the person in the picture is wearing a blue coat.,True,the person in the picture is wearing a blue coat.,True,the person in the picture is wearing a blue coat.,True
321,color recognition,What color is the bear?,black,the bear in the picture is black.,True,the bear in the picture is black.,True,the bear in the picture is black.,True,the bear in the picture is black.,True
322,color recognition,What color are the leaves?,green,the leaves are green.,True,the leaves in the picture are green.,True,the leaves are green.,True,the leaves in the picture are green.,True
323,color recognition,What color is the umbrella?,pink,the umbrella is pink.,True,the umbrella is pink.,True,the umbrella is pink.,True,the umbrella is pink.,True
324,color recognition,What color is the vase?,white,the vase is white.,True,the vase is white.,True,the vase is white.,True,the vase is white.,True
325,color recognition,What color is the napkin?,white,the napkin is white.,True,the napkin is white.,True,the napkin is white.,True,the napkin is white.,True
326,color recognition,What color is the refrigerator?,silver,the refrigerator is silver.,True,the refrigerator is silver.,True,the refrigerator is silver.,True,the refrigerator is silver.,True
327,color recognition,What color is the plane?,red,the plane in the picture is red.,True,the plane in the picture is primarily red.,True,the plane in the picture is red.,True,the plane in the picture is red.,True
328,color recognition,What color horse is closer to the camera?,black,the color of the horse closer to the camera is black.,True,the closer horse to the camera is black.,True,the closer horse to the camera is black.,True,the closer horse to the camera is black.,True
329,color recognition,What color is the girl's shirt?,blue,the girl is wearing a blue shirt.,True,the girl is wearing a green shirt.,False,the girl is wearing a green shirt.,False,the girl is wearing a green shirt.,False
330,color recognition,What color are the flowers?,yellow and white,"the flowers in the vase are a mix of white, yellow, and pink.",False,the flowers in the vase are yellow and white.,True,"the flowers in the picture are a mix of white, yellow, and orange colors.",False,the flowers in the vase are yellow and white.,True
331,color recognition,What colors are the flowers?,yellow and white,the flowers in the vase are yellow and white.,True,the flowers in the vase are yellow and white.,True,"the flowers in the picture are white, yellow, and orange.",False,the flowers in the vase are white and yellow.,False
332,color recognition,What color is the animal?,gray,the animal in the picture is gray.,True,the animal in the picture is gray.,True,the animal in the picture is gray.,True,the animal in the picture is gray.,True
333,color recognition,What color is the plane?,red and white,the plane is red and white.,True,the plane in the picture is red.,False,the plane in the picture is red.,False,the plane in the picture is red.,False
334,color recognition,What color are the seats?,tan,the seats are brown.,False,the seats in the picture are brown.,False,the seats in the picture are beige.,False,the seats in the picture are beige or light brown.,False
335,color recognition,What color is the middle vase?,blue,the middle vase is blue.,True,the middle vase is blue.,True,the middle vase is blue.,True,the middle vase is blue.,True
336,color recognition,What color is the window frame?,white,the window frame is white.,True,the window frame is white.,True,the window frame is white.,True,the window frame is white.,True
337,color recognition,What color is the sign?,white,the sign is white.,True,the sign in the picture is white with black text.,True,the sign in the picture is white.,True,the sign in the picture is white with black text.,True
338,color recognition,What color is the tray?,white,the tray is white.,True,the tray is white.,True,the tray is white.,True,the tray is white.,True
339,color recognition,What color is the bathroom?,yellow,the bathroom is yellow.,True,the bathroom is yellow.,True,the bathroom has a yellow door and a yellow wall.,True,the bathroom is yellow.,True
340,color recognition,What color is the wall?,yellow,the wall is yellow.,True,the wall in the picture is yellow.,True,the wall is yellow.,True,the wall in the picture is yellow.,True
341,color recognition,What color are the bathroom walls?,yellow,the bathroom walls are yellow.,True,the bathroom walls are yellow.,True,the bathroom walls are yellow.,True,the bathroom walls are yellow.,True
342,color recognition,What color is the sofa?,gray,the sofa is beige.,False,the sofa is beige.,False,the sofa is beige.,False,the sofa is beige or light brown.,False
343,color recognition,What color is the man's shirt in the front of the photo?,black,the man's shirt in the front of the photo is black.,True,the man's shirt in the front of the photo is black.,True,the man in the front of the the photo is wearing a black shirt.,True,the man in the front of the the photo is wearing a black shirt.,True
344,color recognition,What color is the traffic signal?,green,the traffic signal is green.,True,the traffic signal in the picture is green.,True,the traffic signal in the picture is yellow.,False,the traffic signal in the picture is yellow.,False
345,color recognition,What color is the woman's sweater?,gray,the woman's sweater is gray.,True,the woman is wearing a gray sweater.,True,the woman is wearing a gray sweater.,True,the woman is wearing a gray sweater.,True
346,color recognition,What color are the chairs?,blue,the chairs in the picture are blue.,True,the chairs in the picture are blue.,True,the chairs in the picture are blue.,True,the chairs in the picture are blue.,True
347,color recognition,What color is the building?,red,the building is red.,True,the building in the picture is red.,True,the building in the picture is primarily red with white trim.,True,the building in the picture is primarily red with white accents.,True
348,color recognition,What color are the flowers?,red,the flowers in the picture are red.,True,the flowers in the picture are white.,False,the image shows a building with a clock tower and a clock. the flowers in the image are white.,False,the flowers in the picture are white.,False
349,color recognition,What color is the clock tower in this photo?,white,the clock tower in the photo is white.,True,the clock tower in the photo is white.,True,the clock tower in the photo is red.,False,the clock tower in the photo is red.,False
350,color recognition,What color plate is this?,white,the plate in the picture is white.,True,the plate in the picture is white.,True,the plate in the picture is white.,True,the plate in the picture is white.,True
351,color recognition,What color are the skis?,yellow,the skis are yellow.,True,the skis are yellow.,True,the skis in the picture are black.,False,the skis are yellow.,True
352,color recognition,What color is the man's hat?,black,the man's hat is black.,True,the man is wearing a black hat.,True,the man is wearing a black hat.,True,the man is wearing a black hat.,True
353,color recognition,What color is the woman's shorts?,black,the woman's shorts are black.,True,the woman is wearing black shorts.,True,the woman is wearing black shorts.,True,the woman is wearing black shorts.,True
354,color recognition,What color is the girl's hair?,red,the girl has red hair.,True,the girl has blonde hair.,False,the girl has red hair.,True,the girl has black hair.,False
355,color recognition,What color is the catcher's pants?,gray,the color of the catcher's pants is not specified in the image.,False,the catcher's pants are black.,False,the catcher's pants are white.,False,the catcher's pants are white.,False
356,color recognition,What color flowers are on the top right?,purple,the flowers on the top right are pink.,False,the flowers on the top right are purple.,True,the flowers on the top right are purple.,True,the flowers on the top right are pink.,False
357,color recognition,What color is the cloth?,gray,the cloth is gray.,True,the cloth is white.,False,the cloth is white.,False,the cloth is white.,False
358,color recognition,What color is the milk carton?,blue,the milk carton is blue.,True,the milk carton is white.,False,the milk carton is white.,False,the milk carton is white with blue text.,True
359,color recognition,What color is the building?,red,the building in the picture is red.,True,the building in the picture is red.,True,the building in the picture is red.,True,the building in the picture is red.,True
360,color recognition,What color is this girl's shirt?,red,the girl's shirt is red.,True,the girl is wearing a red shirt.,True,the girl is wearing a red shirt.,True,the girl is wearing a red shirt.,True
361,color recognition,What color is the girls hot dog?,red,the girl's hot dog is red.,True,the girl is holding a hot dog that is red in color.,True,the girl is holding a hot dog with a red bun.,True,the girl is holding a hot dog that is red in color.,True
362,color recognition,What color are the girl's lips?,red,the girl's lips are red.,True,the girl's lips are red.,True,the girl's lips are red.,True,the girl's lips are red.,True
363,color recognition,What color is the school bus?,blue yellow,the school bus in the picture is blue and yellow.,False,the school bus is blue and yellow.,False,the school bus in the picture is blue and yellow.,False,the school bus in the picture is blue and yellow.,False
364,color recognition,What color is the bus?,blue and yellow,the bus is blue and yellow.,True,the bus is blue and yellow.,True,the bus in the picture is blue and yellow.,True,the bus in the picture is blue and yellow.,True
365,color recognition,What color are the stakes in the dirt?,yellow,the stakes in the dirt are yellow.,True,the stakes in the dirt are yellow.,True,the stakes in the dirt are yellow.,True,the stakes in the dirt are yellow.,True
366,color recognition,What color shirt is the man standing in the background wearing?,yellow,the man standing in the background is wearing a yellow shirt.,True,the man standing in the background is wearing a yellow shirt.,True,the man standing in the background is wearing a yellow shirt.,True,the man standing in the background is wearing a yellow shirt.,True
367,color recognition,What color are the majority of sheep?,black,the majority of the sheep are black.,True,the majority of the sheep are black.,True,the majority of the sheep are black.,True,the majority of the sheep are black.,True
368,color recognition,What color are the flowers?,pink,the flowers are pink.,True,the flowers in the picture are pink.,True,the flowers in the picture are pink.,True,the flowers in the picture are pink.,True
369,color recognition,What color is the bus?,red and yellow,the bus is red and yellow.,True,the bus in the picture is red and yellow.,True,the bus in the picture is yellow and red.,False,the bus in the picture is red and yellow.,True
370,color recognition,What color are the girls earrings?,silver,the girls earrings are silver.,True,the girls are wearing earrings.,False,the girls are wearing silver earrings.,True,the girl on the right is wearing a silver hoop earring.,True
371,color recognition,What color is the plate?,white,the plate is white.,True,the plate is white.,True,the plate is white.,True,the plate is white.,True
372,color recognition,What color is the car?,orange,the car in the picture is orange.,True,the car in the picture is orange.,True,the car is red.,False,the car in the picture is orange.,True
373,color recognition,What color is the sign?,black and white,the sign is black and white.,True,the sign is white.,False,the sign is black and white.,True,the sign is black and white.,True
374,color recognition,What color is the girl's brush?,blue,the girl's brush is blue.,True,the girl is holding a red brush.,False,the girl's brush is blue.,True,the girl is holding a blue brush.,True
375,color recognition,What color is the comb?,blue,the comb in the picture is blue.,True,the comb in the picture is pink.,False,the comb is blue.,True,the comb is black.,False
376,color recognition,What color is the table?,brown,the table is light brown.,True,the table is light brown.,True,the table is white.,False,the table is light brown.,True
377,color recognition,What color is the knife handle?,silver,the knife handle is silver.,True,the knife handle is brown.,False,the knife handle is silver.,True,the knife handle is silver.,True
378,color recognition,What color eyes does the cat have?,blue,the cat has green eyes.,False,the cat has green eyes.,False,the cat has blue eyes.,True,the cat has blue eyes.,True
379,color recognition,What color is the umbrella?,pink,the umbrella is pink.,True,the umbrella is pink.,True,the umbrella is pink.,True,the umbrella is pink.,True
380,color recognition,What color is the man's skin?,white,the man's skin is tan.,False,the man's skin appears to be white.,True,the man's skin is tan.,False,the man's skin is dark.,False
381,color recognition,What color is the shirt of the man standing?,black,the man standing is wearing a black shirt.,True,the man standing is wearing a black shirt.,True,the man standing is wearing a black shirt.,True,the man standing is wearing a black shirt.,True
382,color recognition,What color is the board?,white,the board is white with some orange designs on it.,True,the board in the picture is white with some orange designs on it.,True,the board in the picture is white.,True,the board in the picture is white.,True
383,color recognition,What colors are in the kite?,"black, blue, red, orange, yellow","the kite in the picture is multicolored, featuring a combination of red, yellow, blue, and green.",False,"the kite in the picture is red, yellow, blue, and green.",False,"the kite in the picture has has multiple colors, including red, blue, yellow, green, and purple.",False,"the kite in the picture has the colors of the rainbow, which are red, orange, yellow, green, blue, and purple.",False
384,color recognition,What color is the train's bumper?,red,the train's bumper is red.,True,the train's bumper is red.,True,the train's bumper is red.,True,the train's bumper is red.,True
385,color recognition,What color dresses are the women wearing?,orange,the women are wearing orange dresses.,True,the women in the picture are wearing orange dresses.,True,the women in the picture are wearing orange dresses.,True,the women in the picture are wearing orange dresses.,True
386,color recognition,What color is the plate?,white,the plate is white.,True,the plate is white.,True,the plate is white.,True,the plate is white.,True
387,color recognition,What color is the picket fence?,white,the picket fence is white.,True,the picket fence is white.,True,the picket fence is white.,True,the picket fence is white.,True
388,color recognition,What color is this airplane?,"red, white, and blue",the airplane in the picture is primarily blue and white with some red accents.,False,the airplane in the picture is primarily blue with white accents.,False,"the airplane in the picture is primarily white with blue and red accents. the tail section features a blue and red stripe, and the nose of the plane has a blue and red design.",False,the airplane in the picture is primarily blue with white accents.,False
389,color recognition,What color is the woman's shirt?,red,the woman is wearing a red shirt.,True,the woman is wearing a red shirt.,True,the woman is wearing a black shirt.,False,the woman is wearing a red shirt.,True
390,color recognition,What color is the lighted sign?,blue,the lighted sign is blue.,True,the lighted sign in the picture is blue.,True,the lighted sign is blue.,True,the lighted sign in the picture is blue.,True
391,color recognition,What color is the surfboard?,red,the surfboard is red.,True,the surfboard is red.,True,the surfboard is white.,False,the surfboard is red.,True
392,color recognition,What color is the bus in the mirror?,yellow,the bus in the mirror is yellow.,True,the bus in the mirror is yellow.,True,the bus in the mirror is yellow.,True,the bus in the mirror is yellow.,True
393,color recognition,What color is the phone?,gray,the phone is silver.,False,the phone is gray.,True,the phone is gray.,True,the phone is silver.,False
394,color recognition,What color is the shower curtain?,white,the shower curtain is white.,True,the shower curtain is white.,True,the shower curtain is white.,True,the shower curtain is white.,True
395,color recognition,What color are the dishes?,pink and yellow,the dishes are pink and yellow.,True,"the dishes in the picture are yellow, pink, and blue.",False,"the dishes are yellow, pink, and blue.",False,"the dishes in the picture are yellow, pink, and blue.",False
396,color recognition,What color is the water in the bathtub?,clear,the water in the bathtub is clear.,True,the water in the bathtub is white.,False,the water in the bathtub is white.,False,the water in the bathtub is white.,False
397,color recognition,What color are these mattresses?,white,the mattresses in the picture are red.,False,the mattresses in the picture are white.,True,the mattresses in the picture are red.,False,the mattresses in the picture are white.,True
398,color recognition,What color are the items on the truck?,white,the items on the truck are white.,True,the items on the truck are green.,False,the items on the truck are white.,True,the items on the truck are green.,False
399,color recognition,What color is the locomotive?,black,the locomotive is black.,True,the locomotive in the picture is black.,True,the locomotive is black.,True,the locomotive in the picture is black.,True
400,color recognition,What color is the sky?,orange,the sky is orange in the picture.,True,the sky in the picture is orange.,True,the sky in the picture is orange.,True,the sky in the picture is orange.,True
401,color recognition,What color is the carpet in the middle of the floor?,blue,the carpet in the middle of the the floor is blue.,True,the carpet in the middle of the floor is blue.,True,the carpet in the middle of the floor is red.,False,the carpet in the middle of the floor is blue.,True
402,color recognition,What color hat is this man wearing?,black,the man is wearing a black hat.,True,the man is wearing a black hat.,True,the man is wearing a black hat.,True,the man is wearing a black hat.,True
403,color recognition,What color are the shoelaces?,red,the shoelaces are red.,True,the shoelaces are black.,False,the shoelaces are red.,True,the shoelaces are black.,False
404,color recognition,What color is the guy's shirt?,white,the guy's shirt is white.,True,the guy's shirt is black with a white pattern.,True,the guy's shirt is white.,True,the guy's shirt is black and white.,True
405,yes/no,Is this man a professional baseball player?,yes,"yes, the man in the picture appears to be a professional baseball player. he is wearing a uniform with a team logo, which is typically worn by professional athletes. additionally, he is on the the mound, which is a common position for a pitcher",True,"yes, the man appears to be a professional baseball player. he is wearing a uniform and is on the pitcher's mound, which are typical characteristics of a professional baseball player.",True,"based on the image, it is difficult to definitively determine if the man is a professional baseball player. however, he is wearing a baseball cap and a glove, which are common attire for baseball players. the setting appears to be a baseball field,",False,"yes, the man in the picture appears to be a professional baseball player. he is wearing a uniform that is typical of professional baseball teams, and he is on a baseball field, which suggests that he is involved in a professional game or practice.",True
406,yes/no,Is the dog waiting?,yes,"yes, the dog appears to be waiting. the dog is standing and looking at the the person holding the frisbee, possibly anticipating the next move or waiting for the frisbee to be thrown.",True,"the dog appears to be waiting, as it is standing and looking forward, possibly in anticipation of a command or a reward.",False,"yes, the dog appears to be waiting or looking up at the person holding the frisbee.",True,"yes, the dog appears to be waiting. its mouth is open, and it is looking up, possibly anticipating the frisbee being thrown.",True
407,yes/no,Is the sky blue?,yes,"yes, the sky in the picture is blue.",True,"yes, the sky in the picture is blue.",True,"yes, the sky in the picture is blue.",True,"yes, the sky in the picture is blue.",True
408,yes/no,Is there snow on the mountains?,yes,"yes, there is snow on the mountains in the picture.",True,"yes, there is snow on the mountains in the picture.",True,"yes, there is snow on the mountains in the picture.",True,"yes, there is snow on the mountains in the picture.",True
409,yes/no,Is the window open?,yes,i don't know if the window is open.,False,the window in the picture appears to be closed.,False,the window in the picture appears to be closed.,False,"yes, the window appears to be open.",True
410,yes/no,Is she brushing?,yes,"yes, she appears to be brushing her teeth.",True,"yes, it appears that she is brushing her teeth.",True,"yes, it appears that she is brushing her teeth.",True,"yes, she appears to be brushing her teeth.",True
411,yes/no,Is the man smiling?,no,"no, the man is not smiling. he appears to be making a serious or stern expression.",True,the man in the picture is not smiling.,True,the man in the picture is not smiling.,True,the man appears to be smiling.,False
412,yes/no,Does his tie pair well with his suit?,no,i don't know if his tie pairs well with his suit.,True,"the tie in the picture pairs well with the suit. the tie has a subtle pattern that complements the solid color of the suit, creating a balanced and professional look.",False,the tie in the picture pairs well with the suit. the tie has a subtle pattern that complements the striped suit without overpowering it. the overall look is professional and well-coordinated.,False,"the tie in the picture pairs well with the suit. the tie has a subtle, patterned that complements the suit's checkered design without overpowering it. the overall look is professional and well-coordinated.",False
413,yes/no,Does the man look happy?,no,"no, the man does not look happy. he appears to be frowning or making a displeased expression.",True,the man appears to be looking away and has a neutral expression on his face. he does not appear to be happy.,True,the man appears to have a neutral expression on his face.,False,the man appears to be looking away and has a neutral expression on his face. it's difficult to determine his exact emotions from this image alone.,False
414,yes/no,Is this photo in color?,no,"no, the photo is in black and white.",True,"no, the photo is in black and white.",True,"no, the photo is in black and white.",True,"no, the photo is not in color. it is a black and white image.",True
415,yes/no,Is the man wearing a plain tie?,no,"no, the man is not wearing a plain tie. he is wearing a tie with a pattern on it.",True,"no, the man is wearing a tie with a pattern.",True,"no, the man is not wearing a plain tie. he is wearing a tie with a pattern.",True,"no, the man is not wearing a plain tie. he is wearing a tie with a pattern on it.",True
416,yes/no,"Judging from the dress, was this taken in a Latin American country?",yes,"it is difficult to definitively determine the location of the photograph based solely on the the clothing of the individuals and the dog. however, the style of clothing and the architecture of the buildings in the background may suggest that the photograph was taken in a latin",False,"based on the dress and the style of the photograph, it is likely that this image was from a latin american country. the clothing style, particularly the hats and the general attire, is commonly seen in latin american countries.",False,"based on the dress and the setting, it is likely that this photograph was from a latin american country. the attire, including the hats and the the style of the buildings in the background, are reminiscent of latin american fashion and architecture.",False,"based on the dress, it is likely that this photograph was taken in a latin american country. the attire, including the traditional clothing and the style of the hats, is commonly associated with latin american cultures.",False
417,yes/no,Are the men on the sidewalk?,no,"no, the men are not on the sidewalk. they are standing in the middle of the street.",True,"yes, the men are on the sidewalk.",False,"the men are not on the sidewalk. they are standing in the street, with a dog between them.",True,the men are not on the sidewalk. they are standing on the street.,True
418,yes/no,Was this photo taken recently?,no,"no, the photo appears to be an old black and white photograph. the clothing style, the presence of a dog, and the overall aesthetic suggest it is from an earlier time period.",True,"no, this photo appears to be an old black and white image. the style of clothing and the quality of the the photograph suggest it was taken many years ago.",True,"no, this photo appears to be an old black and white photograph. the clothing style, architecture, and overall quality of the image suggest it was taken many decades ago.",True,"no, this photo appears to be an older photograph, possibly from the mid-20th century or earlier. the clothing style of the individuals, the style of the buildings, and the overall quality of the image suggest it is not recent.",True
419,yes/no,Does the guy have a tattoo?,yes,"yes, the guy has a tattoo on his left arm.",True,"yes, the guy has a tattoo on his arm.",True,"yes, the guy in the picture has a tattoo on his left arm.",True,there is no existence of a tattoo in the image description.,False
420,yes/no,Is the man's visor providing his face enough protection?,no,it is ambiguous whether the man's visor provides enough protection.,True,"the man in the image is wearing a visor, which can provide some protection from the sun. however, it is not a full face shield, so it may not provide as much protection as a helmet or a full face shield would.",True,there is no existence of a visor or any protective gear in the image description.,True,there is no existence of a visor in the image description.,True
421,yes/no,Is the man riding on a dirt path?,yes,"yes, the man is riding on a dirt path.",True,"yes, the man is riding on a dirt path.",True,"yes, the man is riding on a dirt path.",True,"yes, the man is riding on a dirt path.",True
422,yes/no,Are the walls done in a summery color?,yes,"yes, the walls in the picture are painted in a summery color.",True,"yes, the walls in the picture are painted in a summery color, which appears to be a light yellow or beige.",True,"yes, the walls in the picture are done in a summery color.",True,"yes, the walls in the picture are done in a summery color.",True
423,yes/no,Is the curtain patterned?,no,"yes, the curtain in the picture has a patterned.",False,"yes, the curtain in the picture has has a patterned.",False,"yes, the curtain in the picture has a pattern.",False,"yes, the curtain in the picture has has a patterned.",False
424,yes/no,Are the windows the same size?,yes,i don't know if the windows are the same size.,False,"the windows in the image are not the same size. the window on the left is larger and rectangular, while the window on the right is smaller and square.",False,the windows in the image are not the same size. the window on the left is larger and has a different shape compared to the window on the right.,False,"the windows in the image are not the same size. the window on the left is larger and rectangular, while the window on the right is smaller and more square-shaped.",False
425,yes/no,Is there a shadow of a tree in the foreground?,no,there is no existence of a shadow of a tree in the image.,True,there is no existence of a shadow of a tree in the foreground.,True,there is no existence of a shadow of a tree in the foreground.,True,there is no existence of a shadow of a tree in the foreground.,True
426,yes/no,Did someone forget his luggage in the snow?,no,there is no existence of luggage in the image description.,True,"no, the person in the picture is skiing. they are holding ski poles and wearing skis, which indicates they are engaged in the activity of skiing.",True,"no, it appears that the person in the picture is cross-country skiing. they are wearing appropriate gear and holding ski poles, which suggests they are engaged in the activity rather than having forgotten their luggage.",True,"no, the person in the picture is cross-country skiing. they are wearing appropriate gear and using ski poles to navigate the snowy terrain. there is no indication that they have forgotten any luggage.",True
427,yes/no,Is it daytime?,yes,"yes, it is daytime in the picture.",True,"yes, it appears to be daytime in the picture. the lighting suggests that the sun is out, although the exact time of day is not clear.",True,"yes, it appears to be daytime in the picture. the lighting suggests that the sun is out, although it might be overcast.",True,"yes, it appears to be daytime in the picture. the lighting suggests that the sun is out, although it might be overcast.",True
428,yes/no,Is the person wearing a hat?,no,"yes, the person is wearing a hat.",False,"yes, the person is wearing a hat.",False,"yes, the person is wearing a hat.",False,"yes, the person is wearing a hat.",False
429,yes/no,Is the dog wearing a collar?,yes,i don't know if the dog is wearing a collar.,False,"yes, the dog is wearing a collar.",True,the dog in the picture is not wearing a collar.,False,the dog in the picture is not wearing a collar.,False
430,yes/no,Is it a clear day?,yes,"yes, it appears to be a clear day in the picture. the sky is visible and there are no signs of clouds or precipitation.",True,"the image shows a person lying on a surfboard in the water. the sky appears to be clear, suggesting that it is a clear day.",False,"yes, it appears to be a clear day in the picture. the sky is visible and there are no signs of clouds or precipitation.",True,"yes, it appears to be a clear day in the picture. the sky is visible and there are no signs of clouds or rain.",True
431,yes/no,Is there a body of water here?,yes,"yes, there is a body of water in the picture. the dog is surfing on a surfboard in the water.",True,"yes, there is a body of water in the picture. it appears to be a calm sea or ocean with a person on a surfboard.",True,"yes, there is a body of water in the picture. the image shows a dog swimming in the water.",True,"yes, there is a body of water in the picture. the image shows a person on a surfboard in the water, with the shoreline and some structures visible in the background.",True
432,yes/no,Is the light on?,no,"no, the light is not on. the room appears to be dimlyly, with the main source of light coming from the projection screen.",True,"yes, the light is on. the screen in the background is illuminated, indicating that the room is well-lit.",False,"yes, the light is on. the screen in the background is illuminated, indicating that the room is well-lit.",False,"yes, the light is on.",False
433,yes/no,Is the room messy?,no,"no, the room appears to be tidy and organized. the table is clean, and the laptop is neatly placed on it. the screen is also clear and free of any visible clutter.",True,"the room appears to be tidy and organized. the table is clear, and there are no visible signs of clutter or disarray.",True,"the room appears to be tidy and organized. the tables are clean, and the projector screen is set up properly.",False,"the room appears to be relatively tidy. the tables are clear, and there are no visible clutter or disorganization.",True
434,yes/no,Is this a TV screen?,yes,"yes, it appears to be a tv screen.",True,"yes, it appears to be a tv screen. the image shows a large display with a computer interface on it, which is typical of a tv screen in a conference room or meeting area.",True,"no, this is not a tv screen. it appears to be a projector screen displaying a computer-generated image. the image on the screen is from an application, likely a web application, and the surrounding environment suggests it is in a meeting room or classroom",False,"yes, it appears to be a tv screen. the image shows a projection of a computer screen onto a larger display, which is common in settings like classrooms or meeting rooms.",True
435,yes/no,Is there a laptop in the image?,yes,"yes, there is a laptop in the image.",True,"yes, there is a laptop in the image.",True,"yes, there is a laptop in the image.",True,"yes, there is a laptop in the image.",True
436,yes/no,Is the animal a mammal?,yes,"yes, the animal in the picture is a mammal.",True,"yes, the animal in the picture is a mammal. it appears to be a bear, specifically a black bear.",True,"yes, the animal in the picture is a mammal. it appears to be a bear, which is a type of mammal.",True,"yes, the animal in the picture is a mammal. it appears to be a bear, specifically a black bear.",True
437,yes/no,Are there rocks in the picture?,yes,"yes, there are rocks in the picture.",True,"yes, there are rocks in the picture. the sheep are standing on a rocky terrain.",True,"yes, there are rocks in the picture.",True,"yes, there are rocks in the picture. the sheep are standing on a rocky terrain.",True
438,yes/no,Has the sheep recently been shaved?,no,it is ambiguous whether the sheep has been recently shaved.,False,"the sheep in the picture appear to have recently been shaved. their wool is short and smooth, indicating that they have been sheared recently.",False,"the sheep in the picture appear to have recently been shaved. their wool is short and smooth, which is typical after shearing.",False,"the sheep in the picture appear to have recently been shaved. their wool is short and clean, indicating that they have been shearedd recently.",False
439,yes/no,Are there three sheep?,yes,"yes, there are three sheep in the picture.",True,"yes, there are three sheep in the picture.",True,"yes, there are three sheep in the picture.",True,"yes, there are three sheep in the picture.",True
440,yes/no,Is the man having a good time?,yes,"yes, the man appears to be having a good time. he is smiling and seems to be enjoying the activity he is engaged in.",True,"the man appears to be focused and engaged, possibly playing a video game or participating in an activity that requires concentration.",False,"the man appears to be focused on something in front of him, possibly a computer or a device. it's not possible to determine from the image whether he is having a good time or not.",False,"the man appears to be focused and engaged, possibly playing a video game or participating in an activity that requires concentration.",False
441,yes/no,Could this photo be from a zoo?,yes,i don't know if the photo is from a zoo.,False,"yes, it is likely that this photo was taken in a zoo. the presence of a fenced area, the arrangement of the trees branches, and the overall setting suggest a controlled environment typical of a zoo.",True,"yes, it is likely that this photo was taken in a zoo. the presence of a long-neckeded animal, which resembles a giraffe, in a controlled environment with trees-like structures and a clear sky suggests a zoo setting. zoos often",True,"yes, it is likely that this photo was taken in a zoo. the presence of a fence and the controlled environment suggest that this is a zoo setting.",True
442,yes/no,Are the animals eating?,yes,"yes, the giraffe in the the image appears to be eating from a tree.",True,"yes, the animals in the picture appear to be eating. they are standing near trees branches and seem to be feeding on the the leaves.",True,"yes, the animals in the picture appear to be eating. they are reaching up to a tree, which is a common behavior for giraffes as they feed on leaves, flowers, and fruits from trees and shrubs.",True,"yes, the animals in the picture appear to be eating. they are standing near a tree, which suggests that they might are feeding on the tree.",True
443,yes/no,Is there a zebra?,no,"no, there is no zebra in the picture. the image shows a giraffe standing near a tree and a fallen log.",True,"no, there is no zebra in the picture. the image shows giraffes and trees.",True,"no, there is no zebra in the picture. the image shows a giraffe standing near a tree.",True,"no, there is no zebra in the picture. the image shows a long-neckeded animal, which is a giraffe.",True
444,yes/no,Is the giraffe eating the tree?,yes,i don't know if the giraffe is eating the tree.,False,"yes, the giraffe appears to be eating the tree. it is reaching up to the the branches of the tree, which is a common behavior for giraffes as they feed on leaves, flowers buds, and fruits.",True,"the giraffe appears to be reaching up to a tree, possibly to eat the leaves. however, it is not actively eating the tree in the image.",False,"yes, the giraffe appears to be eating the tree. it is reaching up with its long neck to feed on the leaves.",True
445,yes/no,Are both giraffes standing?,no,"no, only one giraffe is standing in the picture. the other giraffe is lying down on the ground.",True,"yes, both giraffes are standing in the image.",False,"yes, both giraffes in the picture are standing.",False,"yes, both giraffes are standing in the image.",False
446,yes/no,Are they at a zoo?,yes,i don't know if they are at a zoo.,False,"the animals in the picture appear to be giraffes, and they are in an environment that resembles a zoo or a wildlife park. the presence of a fence and the structured environment suggest that this is not a natural habitat but rather a controlled environment like",False,"the image shows a giraffe in a natural setting with trees and foliage in the background. while it is possible that this could be a zoo, it is not definitive. the giraffe appears to be in a habitat that resembles a natural environment, which",False,"the image shows a group of giraffes in a natural setting, surrounded by trees and foliage. while it is possible that they are in a zoo, it is not definitive from the the image alone. zoos often replicate natural habitats for animals,",False
447,yes/no,Are some of the trees dead?,yes,"yes, some of the trees in the picture appear to be dead or dying. the branches and trunks of these trees are bare, and the leaves are sparse or missing altogether.",True,"yes, some of the trees in the picture appear to be dead or fallen.",True,"yes, some of the trees in the picture appear to be dead. the branches and trunks of these trees are bare and without leaves.",True,"yes, some of the trees in the picture appear to be dead or fallen.",True
448,yes/no,Are any of the animals eating?,yes,"yes, the giraffe in the the image appears to be eating from a tree.",True,"yes, one of the giraffes appears to be eating from a tree.",True,"yes, the giraffe in the image appears to be eating leaves from a tree.",True,"yes, one of the giraffes appears to be eating leaves from a tree.",True
449,yes/no,Is the giraffe in the shade?,no,"no, the giraffe is not in the shade. it is standing in the sunlight, near a tree and a fallen log.",True,"the giraffe is not in the shade. it is standing in the sunlight, with the sun shining on its body and the surrounding area.",True,"the giraffe is not in the shade. it is standing in the sunlight, with the sun shining on its body and the surrounding trees.",True,"the giraffe is not in the shade. it is standing in the sunlight, with the trees and trees branches visible behind it.",True
450,yes/no,Are these giraffes living free range?,yes,it is ambiguous whether these giraffes are living free range.,False,"the giraffes in the picture appear to be in a controlled environment, such as a zoo or a wildlife park. they are not in a free-range setting. the presence of barriers, trees trunks, and the way they are positioned suggest they",False,"the image shows a giraffe in what appears to be a controlled environment, such as a zoo or a wildlife park. the presence of a fence and the structured environment suggest that the giraffe is not living in a free-range setting.",False,"the giraffes in the picture appear to be in a controlled environment, such as a zoo or a wildlife park. they are not in a free-range setting where they would roam freely in the wild.",False
451,yes/no,Is there a rock near the giraffe?,no,there is no existence of a rock in the image description.,True,"yes, there is a rock near the giraffe in the image.",False,there is no existence of a rock in the image description.,True,there is no existence of a rock in the image description.,True
452,yes/no,Are they moving?,yes,it is ambiguous whether they are moving. it could be yes or no.,True,"yes, it appears that they are moving. the presence of multiple cardboard boxes and other seems to be in the process of packing or unpacking.",True,"yes, it appears that they are moving. the room is filled with boxes, furniture, and other appear to be moving boxes, indicating that they are in the the process of packing up their belongings.",True,"yes, it appears that they are moving. the room is filled with boxes and other seems to be a lot of unpackeded items, which is typical when someone is in the process of moving.",True
453,yes/no,Is this man angry?,no,"no, the man is not angry. he appears to be smiling and holding an umbrella, possibly to protect himself from rain or sun.",True,"the man appears to be smiling, so he does not seem to be angry.",True,"the man appears to be smiling, not angry.",True,"the man appears to be smiling and looking towards the camera, so he does not seem to be angry.",True
454,yes/no,Are there flowers in the vase?,yes,"yes, there are flowers in the vase.",True,"yes, there are flowers arrangements in the vase.",True,"yes, there are flowers arrangements in the vase.",True,"yes, there are flowers arrangements in the vase.",True
455,yes/no,Are the flowers open?,yes,"yes, the flowers in the vase are open.",True,the flowers in the vase appear to be open.,False,the flowers in the image appear to be open.,False,the flowers in the vase appear to be open.,False
456,yes/no,Are all the flowers white?,no,"no, not all the flowers are white. the bouquet includes both white and pink flowers.",True,"no, the flowers in the the vase are not all white. there are also red flowers in the the vase.",True,"no, the flowers in the the image are not all white. there are both white and red flowers in the vase.",True,"no, the flowers in the the vase are not all white. there are also pink flowers in the the vase.",True
457,yes/no,Is the man standing on both foot?,no,"no, the man is standing on one foot.",True,the man appears to be standing on both feet.,False,"the man is standing on one foot, with his other foot raiseded in the air.",False,"the man is standing on one foot, with his other foot raiseded in the air.",False
458,yes/no,Was this picture likely taken recently?,no,"no, the picture was likely taken recently.",True,"no, the picture was likely taken recently. the clothing and accessories, such as the man's suit and the woman's dress and basket, suggest a historical or themed event rather than a contemporary setting.",True,"no, the picture does not appear to be recent. the clothing style, including the hats and the the overall aesthetic, suggests a historical or period setting, possibly from the early to mid-20th century. the setting also looks like a re",True,"no, this picture was not likely taken recently. the clothing and style of the individuals, along with the vintage suitcase and overall setting, suggest a historical or reenactment context.",True
459,yes/no,Do the gentleman's socks match his shoes and belt?,no,i don't know,True,"yes, the gentleman's socks match his shoes and belt.",False,"the gentleman's socks do not match his shoes and belt. the socks are pink, while the shoes and belt are black.",True,"yes, the gentleman's socks match his shoes and belt.",False
460,yes/no,Are the zebras facing the same direction?,yes,"yes, the zebras are facing the same direction.",True,"the zebras are not facing the same direction. one zebra is facing to the left, while the other other is facing to the right.",False,"no, the zebras are not facing the same direction. one zebra is facing towards the left, while the other is facing towards the right.",False,"yes, the zebras are facing the same direction.",True
461,yes/no,Is this a horse?,no,"no, this is not a horse. it is a zebra.",True,"no, this is not a horse. it is a zebra.",True,"no, this is not a horse. it is a zebra.",True,"no, this is not a horse. it is a zebra. the zebra is grazing on the grass.",True
462,yes/no,Are they drinking wine at the child's party?,yes,"yes, it appears that they are drinking wine at the child's party.",True,"yes, it appears that wine is being poured at the child's party.",True,"no, they are not drinking wine at the child's party. the image shows a man and a child sitting at a table, and there is no indication of wine being present.",False,"yes, it appears that wine is being served at the child's party.",True
463,yes/no,Is the man wearing glasses?,yes,"yes, the man is wearing glasses.",True,"yes, the man is wearing glasses.",True,"yes, the man is wearing glasses.",True,"yes, the man is wearing glasses.",True
464,yes/no,Is this a good dessert?,yes,i don't know if it's a good dessert.,False,"the dessert in the picture appears to be a chocolate cake with caramelized bananas on top, drizzled with a caramel sauce. this looks like a delicious and indulgent treat, combining the rich flavors of chocolate and the sweetness of caramelized bananas.",False,"the dessert in the picture appears to be a chocolate mousse or cake with caramelized bananas and a scoop of ice cream. the presentation looks appetizing, with a rich and indulgent appearance. it seems like a delicious and decadent dessert option.",False,"the dessert in the picture appears to be a chocolate cake or brownie topped with caramelized bananas and a scoop of ice cream. the presentation looks appetizing, and the combination of chocolate, bananas, and ice cream is generally considered a delicious and popular",False
465,yes/no,Are those kites in the air?,yes,"yes, those are kites flying in the air.",True,"yes, the kites are in the air.",True,"yes, the kites are in the air.",True,"yes, the kites are in the air.",True
466,yes/no,Is this a hot dog?,yes,"yes, it appears to be a hot dog.",True,"yes, it appears to be a hot dog. the person is holding a bun with a sausage inside, which is characteristic of a hot dog.",True,"yes, it appears to be a hot dog. the sausage is placed inside a bun, which is a common way to serve a hot dog.",True,"yes, this appears to be a hot dog. it is placed inside a bun and held by a hand.",True
467,yes/no,Is there ketchup on the hot dog?,no,"no, there is no ketchup on the hot dog.",True,there is no ketchup on the hot dog.,True,there is no ketchup on the hot dog.,True,"yes, there is ketchup on the hot dog.",False
468,yes/no,Has this hot dog been grilled?,no,i don't know if this hot dog has been grilled.,True,"yes, the hot dog appears to have been grilled. the edges of the bun are slightly charred, which is a common sign of grilling.",False,"the hot dog in the picture appears to be grilled. the sausage has a slightly charred and crispy exterior, which is characteristic of grilled hot dogs.",False,"the hot dog in the picture appears to be grilled. the sausage has a slightly charred and slightly crispy texture, which is typical of grilled hot dogs.",False
469,yes/no,Have you tried a hot dog like this before?,yes,i don't know if i have tried a hot dog like this before.,False,"yes, i have tried hot dogs before. they are a popular food item in many countries and can be enjoyed in various ways, such as with different types of buns, condiments, and toppings. hot dogs are typically made from a sausage that",True,"yes, i have tried a hot dog like this before. it looks delicious!",True,"yes, i have tried hot dogs before. they are a popular fast food item in many countries and come in various styles and toppings. the one in the picture looks like a classic hot dog with a sausage in a bun.",True
470,yes/no,Is this a toy-sized truck?,no,"no, this is not a toy-sized truck. the truck in the picture appears to be a full-sized forklift or crane, which is typically used for heavy lifting and moving tasks.",True,"no, this is not a toy-sized truck. it appears to be a full-sized forklift, which is commonly used for lifting and moving heavy loads in industrial settings.",True,"no, this is not a toy-sized truck. it appears to be a full-sized forklift, which is commonly used in industrial settings for lifting and moving heavy loads.",True,"no, this is not a toy-sized truck. it appears to be a full-sized forklift, which is commonly used for lifting and moving heavy loads in industrial settings.",True
471,yes/no,Is there a carpet on the floor?,yes,"yes, there is a carpet on the floor in the kitchen.",True,"no, there is no carpet on the floor. the floor appears to be tiled with a patterned.",False,"yes, there is a carpet on the floor in the image.",True,"yes, there is a carpet on the floor in the image.",True
472,yes/no,Is this plane landing?,no,i don't know if the plane is landing.,True,"the plane in the picture appears to be in the process of landing. the landing gear is down, and the plane is on the ground, which suggests that it is either landing or has just landed.",False,"the plane in the picture appears to be stationary on the ground, not in the process of landing. it is parked on a tarmac with a clear blue sky in the background.",True,"the plane in the picture appears to be on the ground, likely preparing for takeoff or having just landed. the position of the wheels and the overall orientation of the plane suggest it is not in mid-flight.",True
473,yes/no,Is the plane taking off?,no,"no, the plane is not taking off. it is stationary on the tarmac.",True,the plane is not taking off. it appears to be stationary on the tarmac.,True,the plane is not taking off. it appears to be stationary on the ground.,True,the plane is not taking off. it appears to be stationary on the tarmac.,True
474,yes/no,Are these airliners?,yes,"yes, these are airliners. the image shows two airplanes on the tarmac, with one being a smaller, possibly regional jet, and the other being a larger, commercial airliner.",True,"no, these are not airliners. they appear to be small, private propeller aircraft, likely used for short-haul flights or private travel.",False,"yes, the aircraft in the picture are airliners. the smaller aircraft in the foreground is a turboprop, likely used for regional or short-haul flights, while the larger aircraft in the background is a jet, typically used for longer flights.",True,"no, these are not airliners. the aircraft in the picture appear to be small, propeller-driven planes, likely used for regional or private flights. they do not have the typical large, jet engines and passenger cabins associated with airliners.",False
475,yes/no,Are this cargo planes?,yes,i don't know if these are cargo planes.,False,"the planes in the picture do not appear to be cargo planes. they look more like small, private or regional aircraft, possibly used for passenger transport or general aviation purposes. cargo planes typically have a larger, more robust design and are often used for transporting",False,"the aircraft in the picture are not cargo planes. the smaller aircraft in the foreground appears to be a passenger turboprop, likely used for regional or short-haul flights. the larger aircraft in the the background is a commercial jetliner, which is",False,"the planes in the picture are not cargo planes. the smaller plane in the foreground appears to be a small, possibly private or charter aircraft, while the larger plane in the the background is a commercial passenger jet. cargo planes typically have a more robust and",False
476,yes/no,Is this bear a normal size?,no,"the bear in the picture is not a normal size. it appears to be quite large, possibly oversized, compared to typical teddy bears.",True,"the bear in the picture appears to be quite large, possibly oversized, compared to the the typical size of a teddy bear. it is sitting on a bus stop schedule board, which suggests it might is not a normal-sized bear.",True,the bear in the picture appears to be significantly larger than a typical teddy bear. it is much taller and seems to be almost as tall as the bus stop sign behind it.,False,"the bear in the picture appears to be quite large, possibly oversized, compared to typical teddy bears. it is sitting on a bus stop sign, which is typically a smaller structure. the bear's size makes it stand out significantly in the image.",False
477,yes/no,Is there a flower arrangement on the lawn?,yes,there is no existence of a flower arrangement on the lawn.,False,"yes, there is a flower arrangement on the lawn.",True,there is a flower arrangement on the lawn.,False,"yes, there is a flower arrangement on the lawn.",True
478,yes/no,Are they playing polo?,no,i don't know if they are playing polo.,True,"no, they are not playing polo. the image shows two horses in mid-air, likely performing a jump or a trick, rather than engaging in a polo match. polo involves mounted players hitting a ball with a long-handledled mallet, which",True,"the image shows two people playing polo on a grassy field. polo is a team sport played on horseback, where players use long-handled mallets to hit a small ball towards the opposing team's goal. the players are wearing polo shirts",False,"no, they are not playing polo. the image shows a person riding a horse in what appears to be an equestrian event, possibly a show jumping competition. the rider is in mid-air, suggesting that they are jumping over an obstacle. polo",True
479,yes/no,Is this man reading a cell phone screen?,no,"no, the man is not reading a cell phone screen. he is reading a newspaper.",True,"no, the man is not reading a cell phone screen. he appears to be reading a newspaper or a book.",True,"no, the man is not reading a cell phone screen. he appears to be reading a newspaper or a book.",True,"no, the man is not reading a cell phone screen. he appears to be reading a newspaper or a book.",True
480,yes/no,Is there a stop sign in the picture?,yes,there is no existence of a stop sign in the the image.,False,"yes, there is a stop sign in the picture. it is located in front of the building.",True,there is no existence of a stop sign in the the image.,False,"no, there is no stop sign in the picture. the image shows a street sign with the names ""acholi"" and ""brooklyn ave.""",False
481,yes/no,Is the man unhappy?,no,"no, the man is not unhappy. he is smiling and holding bananas, which suggests he is happy or enjoying the moment.",True,"the man appears to be happy and excited, as indicated by his wide smile and the fact that he is holding bananas, which are often associated with celebration or a fun event.",False,"the man appears to be happy and excited, as indicated by his wide smile and the way he is holding up the bananas.",False,"the man appears to be happy and excited, as indicated by his wide smile and the way he is holding up bananas.",False
482,yes/no,Are the men going to share the bananas?,no,i don't know if the men are going to share the bananas.,True,"the men appear to be sharing the bananas. they are holding bananas together, which suggests they might are going to share them.",False,"the men appear to be holding bananas and smiling, suggesting they might be sharing them.",False,"the men appear to be holding bananas and smiling, suggesting they might be sharing or enjoying them together.",False
483,yes/no,Do the painted flowers match the real ones?,no,i,False,"the painted flowers in the vase does not match the real ones. the real flowers in the vase is yellow, while the painted flower is white.",True,"the painted flowers in the vase does not match the real ones. the real flowers in the vase is yellow, while the painted flower is white.",True,the painted flowers in the vase matches the real ones.,False
484,yes/no,Will the birds go into the water?,no,i don't know if the bird will go into the water.,True,"the birds in the image are perched on the edge of a rocky cliff. it is unlikely that they would go into the water, as they are not shown in the image to be be in the water or to be in a position that would allow",True,"the bird in the picture is perched on a rock. while birds species can vary in their behavior, many birds species do not typically venture into water unless they are looking for food, such as fish or insects, or are taking a bath, or",True,"the birds in the picture are perched on a rocky outcrop. it is unlikely that they would go into the water, as they are not near any visible water body and their natural habitat is on land.",True
485,yes/no,Is this bird afraid of the ledge?,no,it is ambiguous whether the bird is afraid of the ledge.,False,"the bird appears to be perched confidently on the ledge, suggesting that it is not afraid.",True,"the bird appears to be perched calmly on the ledge, suggesting that it is not afraid. birds often perch on ledges to rest, look for food, or survey their surroundings, and they typically do not show signs of fear unless they sense a",True,"the bird appears to be standing calmly on the ledge, so it does not seem to be afraid.",True
486,yes/no,Are the mountains high?,yes,"yes, the mountains in the the background of the image appear to be high. the snow-covered peaks and the steep, rugged terrain suggest that they are part of a mountain range with significant elevation.",True,"yes, the mountains in the the background of the image appear to be high, with snow-covered peaks.",True,"yes, the mountains in the the background of the image appear to be high. they are covered in snow, which suggests that they are at a high altitude.",True,"yes, the mountains in the the background of the image appear to be high, with snow-covered peaks.",True
487,yes/no,Is there a person standing in front of the television?,yes,"yes, there is a person standing in front of the television.",True,"yes, there is a person standing in front of the television.",True,"yes, there is a person standing in front of the television.",True,"yes, there is a person standing in front of the television.",True
488,yes/no,Is there enough room under the armchairs for a cat to hide?,yes,i don't know if there is enough room under the armchairs for a cat to hide.,False,the image shows a living room with two armchairs. the space under the armchairs appears to be relatively small and not very spacious. it is unlikely that a cat would have enough room to comfortably hide under the armchairs.,False,"yes, there is enough room under the the armchairs for a cat to hide. the armchairs are positioned close to each other, creating a small space underneath them.",True,"yes, there is enough room under the the armchairs for a cat to hide. the armchairs are positioned close to each other, and the space between them appears to be wide enough for a cat to fit comfortably.",True
489,yes/no,Are there numbers on the clock face?,no,"no, there are no numbers on the clock face. the clock face has roman numerals markers.",True,"yes, there are numbers on the clock face. the numbers are in roman numerals format.",False,"no, there are no numbers on the clock face. the clock face is marked with roman numerals.",True,"no, there are no numbers on the clock face.",True
490,yes/no,Is there a big tree behind the clock?,yes,"yes, there is a big tree behind the clock.",True,"yes, there is a big tree behind the clock in the picture.",True,"yes, there is a big tree behind the clock.",True,"yes, there is a big tree behind the clock in the picture.",True
491,yes/no,Is this a wedding?,no,"no, it is not a wedding. the image shows a collection of decorative items, including a vase, a blue glass sculpture, a ceramic figurine, a tin with a painting, and three metal christmas trees decorations. these items are typically used for",True,"no, this does not appear to be a wedding. the items on the table include a variety of decorative objects such as vases, a figurine, and christmas tree ornaments. there is no indication of a wedding setup, such as wedding attire,",True,"no, this does not appear to be a wedding scene. the image shows a collection of decorative items, including a vase, a candle holder, and some christmas tree decorations. the setting looks more like a home or a festive decoration setup rather than a",True,"no, this does not appear to be a wedding. the image shows a collection of decorative items, including vases, figurines, and a christmas tree decoration, arranged on a table. there is no indication of a wedding ceremony or attire in the",True
492,yes/no,Does the crust look burnt?,yes,"yes, the crust of the pizza looks burnt.",True,"yes, the crust of the pizza in the picture appears to be burnt.",True,"the crust of the pizza in the picture appears to be slightly darkened, which could be interpreted as burnt. however, the overall appearance of the pizza is still appetizingizing.",False,"the crust of the pizza in the picture appears to be slightly darkened, which could be interpreted as burnt. however, the overall appearance of the pizza is still appetizingizing.",False
493,yes/no,Does this pizza have a deep dish crust?,yes,"yes, the pizza in the picture has a deep dish crust.",True,"yes, the pizza in the picture appears to have a deep dish crust. the crust is thick and puffy, which is characteristic of a deep dish pizza.",True,"yes, the pizza in the picture has a deep dish crust. the crust is thick and appears to be baked in a pan, which is characteristic of deep dish pizza.",True,"yes, the pizza in the picture has a deep dish crust. the crust is thick and appears to be baked in a deep dish pan, giving it a characteristic dome shape.",True
494,yes/no,Is the banana freshly peeled?,yes,i don't know if the banana is freshly peeled.,False,there is no existence of a freshly peeled banana in the image.,False,i don't't know if the banana is freshly peeled.,False,i don't't know if the banana is freshly peeled.,False
495,yes/no,Is the banana closed?,no,"no, the banana is not closed. it is peeled and sitting on the table.",True,the banana in the picture is closed.,False,"no, the banana is not closed. it is peeled, revealing the inside of the peel.",True,"no, the banana is not closed. it is peeled, revealing the inside of the peel.",True
496,yes/no,Does this photo show train tracks?,yes,"yes, the photo shows train tracks.",True,"yes, the photo shows train tracks.",True,"yes, the photo shows train tracks.",True,"yes, the photo shows train tracks.",True
497,yes/no,Does this train work?,yes,i don't know if the train works.,False,"the train in the picture appears to be a passenger train. it is on the tracks, and there are no visible signs of it being stationary or in a state of disrepair. however, without more context or a closer look, it's not possible",False,"the train in the picture appears to be in motion, as indicated by the slight blur of the wheels and the position of the train on the tracks. it is likely that the train is in operation.",False,"the train in the image appears to be stationary and not in operation. it is parked on the tracks, and there are no visible signs of movement or activity.",False
498,yes/no,Are the giraffes under the trees?,yes,"yes, the giraffes are under the trees.",True,"yes, the giraffes are under the trees.",True,"yes, the giraffes are under the trees.",True,"yes, the giraffes are under the trees.",True
499,yes/no,Are there 3 elephants?,yes,"yes, there are three elephants in the picture.",True,"yes, there are three elephants in the picture.",True,"yes, there are three elephants in the picture.",True,"yes, there are three elephants in the picture.",True
500,yes/no,Are all of the elephants full grown?,no,"no, not all of the elephants are full grown. there are two smaller elephants that appear to be younger, likely calves, and one larger elephant that is likely an adult.",True,"no, not all of the elephants are full grown. there are two smaller elephants that appear to be calves, and one larger elephant that is likely an adult.",True,"in the picture, one of the elephants appears to be a full-grown adult, while the other appears to be a younger elephant, possibly a calf.",False,"no, not all of the elephants are full grown. in the image, there is one adult elephant and one baby elephant. the other adult elephant is larger and appears to be fully grown, while the baby elephant is smaller and appears to be younger.",True
501,yes/no,Are the elephants in the jungle?,yes,"yes, the elephants are in the jungle.",True,the elephants are not in the jungle. they are in a grassy field.,False,"yes, the elephants are in the jungle. the background of the image shows dense vegetation and trees, which is characteristic of a jungle environment.",True,"yes, the elephants are in a jungle. the background shows dense green foliage, which is typical of a jungle environment.",True
502,yes/no,Is the woman eating the pizza?,no,"no, the woman is not eating the pizza. she is holding a plate with a pizza on it, and it appears that she is posing for a photo.",True,the woman is not eating the pizza. she is holding it on a plate and smiling.,True,"no, the woman is not eating the pizza. she is sitting on a staircase, and the pizza is placed on a table in front of her.",True,"the woman is holding a plate with a pizza on it, but she is not eating it.",True
503,yes/no,Are there any reflections in this picture?,no,"yes, there are reflections in the picture. the mirror above the sink is reflecting the bathroom's interior, including the shower area, sink, and some of the bathroom's decor.",False,"yes, there are reflections in the picture. the bathroom mirror reflects the shower area and part of the bathroom.",False,"no, there are no reflections in this picture.",True,"yes, there are reflections in the picture. the mirror above the sink is reflecting the bathroom's interior, including the shower area and some of the bathroom fixtures.",False
504,yes/no,Is the water on?,no,it is ambiguous whether the water is on.,False,the water in the sink is not on.,True,the water is not on. the faucets are closed.,True,the water in the sink appears to be off.,False
505,yes/no,Is this photo outdoors?,yes,"yes, the photo is outdoors. the scene shows a large metal sink or washstand situated on a wooden pier or dock, with a view of the ocean and a beach in the background.",True,"yes, the photo is outdoors. the background shows a pier with the ocean and waves visible, indicating that the scene is taking place near a coastal area.",True,"yes, the photo is outdoors. the background shows a beach with waves and buildings, indicating an outdoor setting.",True,"yes, the photo is outdoors. the background shows a beach with waves and a pier, indicating an outdoor setting.",True
506,yes/no,Are the clock and owl made in the same artistic fashion?,no,i don't know if the clock and owl are made in the same artistic fashion.,True,"the clock and owl appear to be made in different artistic fashions. the clock has a more ornate and detailed design with intricate carvings and a classic, possibly antique style. the owl, on the other, has a simpler and more",False,"yes, the clock and owl appear to be made in the same artistic fashion. both have intricate designs and a vintage look, suggesting that they are part of the same decorative theme.",False,"yes, the clock and owl appear to be made in the same artistic fashion. both items have a similar ornate and decorative design, with intricate details and a vintage look.",False
507,yes/no,Is that owl a candle?,yes,"yes, the owl in the picture is a candle. it appears to be a decorative ceramic owl that is designed to hold a candle inside it.",True,"yes, the owl in the picture is a candle. it appears to be a decorative candle holder shaped like an owl.",True,"yes, the owl in the picture is a candle. it appears to be a decorative candle holder shaped like an owl.",True,"yes, the owl in the picture is a candle. it appears to be a decorative candle holder shaped like an owl.",True
508,yes/no,Does this planes tail have 4 colors?,no,"no, the plane's tail has three colors: blue, white, and red.",True,"no, the plane's tail in the picture has three colors: blue, white, and red. these are the colors of the french flag, which is the national flag of france.",True,"no, the tail of the air france a380 does not have four colors. the tail features the air france logo, which includes the air france name and a stylized bird, but are primarily in the colors of the french flag (blue",True,"no, the tail of the airplane in the picture does not have four colors. the tail features the air france logo, which typically includes the air france logo and the french flag colors (blue, white, and red.",True
509,yes/no,Is this plane landing?,no,"no, the plane is not landing. it appears to be in flight, as indicated by its position in the the sky and the the angle of its wings.",True,"the plane in the picture is an airbus a380, which is operated by air france. based on the image, it appears to be in flight rather than landing. the plane is flying against a backdrop of clouds, and there are no visible",True,"the plane in the picture is an airbus a380, which is operated by air france. based on the visible features such as the landing gear being down and the plane's position relative to the ground, it appears that the plane is likely in",False,"the plane in the picture appears to be in mid-flight, not in the process of landing. the position of the flaps and the overall orientation of the aircraft suggest it is in a cruising or climbing phase rather than preparing to land.",True
510,yes/no,Is this plane taking off?,no,i don't know if the plane is taking off.,True,"the plane in the picture appears to be in mid-flight, not taking off. it is likely cruising at a higher altitude.",True,the plane in the picture appears to be in mid-flight rather than taking off. the angle and position of the plane suggest it is already airborne and possibly climbing or cruising.,False,"the image shows an air france airbus a380 in mid-flight, with its landing gear retracted. it does not appear to be taking off, as the landing gear is not extended and the plane is already airborne.",True
511,yes/no,Are these wings strong?,yes,i don't know if the wings are strong.,False,"yes, the wings of the aircraft in the picture appear to be strong and well-constructed. the design of the the wings, with their curved shape and the placement of the engines, suggests that they are built to handle the weight and aerodynamic forces",True,"yes, the wings of the aircraft in the picture appear to be strong and well-constructed. the design of the the airbus a380, in particular, is known to be be robust and capable of handling the weight of the aircraft and its",True,the image shows an air france airbus a380 aircraft in flight. the wings of the a380 are designed to be be very strong and capable of supporting the weight of the the aircraft and its passengers. the a380 has,False
512,yes/no,Is that a bicycle?,yes,"yes, that is a bicycle. the person in the picture is sitting on a vintage-style bicycle, which appears to be from an earlier time period, possibly the early 2 century. the bicycle has a large front wheel and a smaller rear wheel,",True,"yes, that is a bicycle. the image shows a person riding a bicycle on a path surrounded by trees.",True,"yes, that is a bicycle. the person is standing next to it, and the bicycle has has a saddlebag attached to the back.",True,"yes, that is a bicycle. the person is standing next to it, and the bicycle has has a saddlebag attached to the back.",True
513,yes/no,Is this a cow farm?,yes,it is ambiguous whether it is a cow farm or not.,False,"yes, it appears to be a cow farm. the image shows a group of cows grazing on a grassy-covered hill.",True,"no, this is not a cow farm. the image shows a flock of sheep grazing on a grassy-covered hill.",False,"yes, the image shows a group of cows grazing on a grassy-covered hill. it appears to be a cow farm.",True
514,yes/no,Is this a prairie?,yes,"yes, the image appears to be a prairie. the open grassland, the presence of grazing animals, and the rolling hills are characteristic features of a prairie landscape.",True,"yes, this appears to be a prairie. the open grassland and the presence of grazing animals, such as sheep, are characteristic features of a prairie landscape.",True,"yes, this appears to be a prairie. the open grassland and the presence of grazing animals are characteristic features of a prairie landscape.",True,"yes, this appears to be a prairie. prairies are vast, open grasslands typically found in north america, characterized by their flat terrain and low vegetation. the image shows a large, open field with grass and a few scattered trees st",True
515,yes/no,Is there a village in the background?,no,there is no existence of a village in the image.,True,there is no existence of a village in the image description.,True,there is no existence of a village in the image description.,True,there is no existence of a village in the image description.,True
516,yes/no,Would you be able to find a mosque in this city?,yes,"yes, you would be able to find a mosque in this city. the image shows a mosque with a prominent dome and minarets, which are characteristic features of islamic architecture. the presence of such a structure indicates that the city has a significant muslim",True,"yes, there is a mosque in the city shown in the picture. the mosque is located in the background of the image, with its distinctive domes and minarets visible.",True,"yes, there is a mosque in the city. the sign in the image indicates the direction to ""fatih mosque"" and ""sultanahmet mosque.""",True,"yes, there is a mosque in the city. the mosque is visible in the background of the image.",True
517,yes/no,Is there ketchup?,no,"no, there is no ketchup in the picture.",True,"no, there is no ketchup visible in the image.",True,"no, there is no ketchup in the picture.",True,"no, there is no ketchup in the picture. the dish appears to include a sausage in a bun, fries, and a small container of what looks like mayonnaise or a similar spread.",True
518,yes/no,Is the hotdog well seasoned?,yes,"yes, the hotdog appears to be well seasoned. it is topped with what looks like sauerkraut or a similar topping, and it is placed on a bun.",True,"the hotdog in the picture appears to be well seasoned. it has has a reddish-brown color, which suggests that it has been cooked with some seasoning, possibly including ketchup, mustard, or other other condiments. the toppings on the",False,"the hotdog in the picture appears to be well seasoned. the sausage is topped with what looks like sauerkraut or a similar topping, and there are visible seasonings on the hotdog itself. the overall presentation suggests that the hotdog",False,"the hotdog in the picture appears to be well seasoned. it has has a generous amount of toppings, including what looks like sauerkraut or a similar condiment, and it is placed on a bun. the overall presentation suggests that it",False
519,yes/no,Is this a healthy meal?,no,"no, this is not a healthy meal. the plate contains a hot dog with toppings, which is typically high in calories, fat, and sodium. the side of sweet potato fries also adds to the calorie and fat content. the creamy dipping sauce further",True,"based on the image, the meal appears to be a hot dog with toppings and sweet potato fries. while sweet potato fries are generally considered healthier than regular fries due to their lower fat content and higher fiber, the overall meal still contains processed meat (the",False,"this meal appears to be a hot dog with fries and a side of butter. while it is a common and popular meal, it is generally considered to be be unhealthy due to the high levels of sodium, saturated fat, and calories. hot dogs are",False,"the meal in the picture appears to be a hot dog with a side of sweet potato fries and a small dish of butter. while sweet potato fries are generally considered healthier than regular fries due to their lower fat content and higher fiber, the overall meal still",False
520,yes/no,Is there a spoon in this photo?,no,"no, there is no spoon in the photo.",True,"no, there is no spoon in the photo.",True,"no, there is no spoon in the photo.",True,"no, there is no spoon in the photo.",True
521,yes/no,Is this breakfast?,no,"no, this is not breakfast. the image shows a hot dog with toppings, a side of sweet potato fries, and a small container of mayonnae, which are typically associated with lunch or dinner.",True,"no, this is not breakfast. the dish appears to be a hot dog with toppings, possibly bacon and onions, along with sweet potato fries and a side of mayonnae. this.",True,"no, this is not breakfast. the dish appears to be a hot dog with toppings, possibly served with a side of sweet potato fries and a dipping sauce. this",True,"no, this is not breakfast. the dish appears to be a hot dog with toppings, possibly bacon and onions, served with sweet potato fries and a side of mayonnae. this",True
522,yes/no,Is there a drink in this picture?,no,"no, there is no drink in this picture. the image shows a plate with a hot dog, sweet potato fries, and a small container of mayonnaise.",True,"no, there is no drink in this picture. the image shows a plate of food, including a hot dog with toppings, sweet potato fries, and a small cup of condiment.",True,"no, there is no drink visible in the picture. the image shows a plate with a hot dog, a side of sweet potato fries, and a small bowl of butter.",True,"no, there is no drink visible in the picture. the image shows a plate with a hot dog, fries, and a small cup of butter.",True
523,yes/no,Do these hot dogs look like they taste good?,yes,i don't know if these hot dogs look like they taste good.,False,"the hot dogs in the picture appear to be well-prepared. they are served with a side of fries and a small cup of condiment, which suggests they are likely to be tasty. the presentation looks appetizing, and the toppings on the hot",False,"the hot dogs in the picture appear to be well-prepared. they are served on a bun with a side of sweet potato fries and a small dish of condiment, likely mustard. the presentation looks appetizing, suggesting that they might taste good.",False,the hot dogs in the picture appear to be well-prepared. they are served on a bun with what looks like sautéed onions and possibly some other mustard or sauce. the fries on the side also seem to be cooked to a nice golden,False
524,yes/no,Are those tomatoes on the sandwich?,no,"no, there are no tomatoes on the sandwich. the sandwich appears to have a hot dog with grilled onions and possibly some cheese or mustard, along with a side of sweet potato fries.",True,"no, there are no tomatoes on the sandwich in the picture. the sandwich appears to have a side of fries and a small cup of sauce.",True,"no, there are no tomatoes on the sandwich. the sandwich appears to have a sausage in a bun with some toppings, possibly onions or herbs, and there are also some roasted sweet potato fries on the side.",True,"no, there are no tomatoes on the sandwich in the picture. the sandwich appears to have a sausage inside a bun, and there are some fries or sweet potato fries on the side.",True
525,yes/no,Are the fries plain?,no,"no, the fries in the picture are not plain. they appear to be seasoned or cooked with a different type of seasoning, possibly a spicy or savory seasoning, giving them a distinct appearance from typical plain fries.",True,"the fries in the picture are not plain. they appear to be seasoned or cooked with a different preparation method, possibly with a sauce or seasoning.",True,the fries in the picture are not plain. they appear to be seasoned or topped with some type of sauce or seasoning.,True,"the fries in the picture are not plain. they appear to be seasoned, as indicated by the visible herbs or spices on top.",True
526,yes/no,Does this breakfast dish primarily carbohydrates?,yes,it is ambiguous whether this breakfast dish primarily consists of carbohydrates.,False,"yes, the breakfast dish primarily consists of carbohydrates. the dish includes a sausage, which is a protein, but appears to be a bread roll, and sweet potato fries, which are also carbohydrates. the presence of these items suggests that the dish is rich",True,"yes, the breakfast dish primarily consists of carbohydrates. the hot dog is made of bread and sausage, which are both high in carbohydrates. the sweet potato fries also provide a significant amount of carbohydrates. the butter is a source of fats, but the overall",True,"yes, the breakfast dish primarily consists of carbohydrates. the dish includes a hot dog with bacon, which is a source of protein and fat, but is primarily carbohydrates. the hot dog is served on a bun, which is also a source of carbohydrates.",True
527,yes/no,Has someone started eating?,no,it is ambiguous whether someone has started eating.,False,"no, it appears that no one has started eating yet. the hot dog is still in the bun, and the fries are untouched.",True,"based on the image, it appears that someone has started eating. the hot dog is partially eaten, and there are some crumbs on the plate.",False,there is no evidence in the image that someone has started eating.,True
528,yes/no,Would this be good for dessert?,no,"no, this would not be good for dessert. the image shows a hot dog with toppings, sweet potato fries, and a small cup of mayonnaise, which are all savory foods typically associated with lunch or dinner, not dessert. desserts usually",True,"no, this dish is not suitable for dessert. it appears to be a meal consisting of a hot dog with toppings, sweet potato fries, and a side of sauce. desserts typically include sweet items like cakes, pies, or ice cream, which",True,"no, this dish is not suitable for dessert. it appears to be a meal consisting of a hot dog with toppings, sweet potato fries, and a side of butter. desserts typically include sweet and indulgent items like cakes, pies, or ice",True,"no, this dish is not suitable for dessert. it appears to be a meal consisting of hot dogs, fries, and a side of a creamy sauce. desserts typically include sweet items like cakes, pies, or ice cream, which are not present",True
529,yes/no,Is there a butter plate on the table?,yes,"yes, there is a butter plate on the table.",True,"yes, there is a butter plate on the table.",True,"yes, there is a butter plate on the table.",True,"yes, there is a butter plate on the table.",True
530,yes/no,Does this have lettuce?,no,"no, this does not have lettuce.",True,"no, this dish does not have lettuce. it appears to be a hot dog with toppings, possibly onions, and a side of sweet potato fries with a dipping sauce.",True,"no, this dish does not have lettuce. it appears to be a hot dog with grilled onions and a side of sweet potato fries, along with a small dish of butter.",True,"no, this dish does not have lettuce. it appears to be a hot dog with onions and a side of sweet potato fries with a small cup of sauce.",True
531,yes/no,Does the food look good?,yes,i don't know if the food looks good.,False,"the food in the picture looks quite appetizinging! there are hot dogs with toppings, roasted sweet potato fries, and a side of what appears to be a creamy sauce. the presentation is neat and the colors are vibrant, suggesting a delicious meal.",False,"the food in the picture looks quite appetizingizing. the hot dog is topped with grilled onions, and there are sweet potato fries on the side, along with a small dish of butter. the presentation is neat and the colors are appealing, suggesting that",False,"the food in the picture looks appetizing. the hot dog is topped with what appears to be sauerkraut and possibly some kind of sauce, and there are fries on the side. the presentation is simple but clean, which can make the",False
532,yes/no,Is this meat?,yes,"yes, the plate contains meat. there is a hot dog in a bun and some grilled meat, which appears to be a sausage or a similar type of meat.",True,"yes, the dish in the picture appears to contain meat. there is a sausage in a bun, which is typically made of meat. additionally, there are what look like fried or roasted pieces of meat on the the side.",True,"yes, the dish in the picture contains meat. there is a hot dog on a bun, which is typically made from processed meat. additionally, there are roasted carrots, which are a vegetable.",True,"yes, the dish in the picture appears to contain meat. the main item looks like a hot dog, which typically consists of a sausage. the side dish also looks like it might could be meat, possibly a type of fried or roasted meat.",True
533,yes/no,Would this typically be eaten for breakfast?,no,"no, this meal would not typically be eaten for breakfast. it appears to be a hot dog with toppings and a side of sweet potato fries, which are more commonly associated with lunch or dinner.",True,"no, this dish is not typically eaten for breakfast. it appears to be a meal consisting of a hot dog, sweet potato fries, and a side of mayonnae, which are more commonly associated with lunch or dinner.",True,"no, this dish is not typically eaten for breakfast. it appears to be a hot dog with toppings, which is more commonly associated with lunch or dinner. the side of sweet potato fries and the presence of a condiment also suggest it is a meal",True,"no, this dish is not typically eaten for breakfast. it appears to be a meal that includes a hot dog with toppings, sweet potato fries, and a side of butter. these items are more commonly associated with lunch or dinner rather than breakfast.",True
534,yes/no,Is that bacon from a delicatessen?,yes,i cannot determine if that is bacon from a delicatessen.,False,"the dish in the picture appears to be a hot dog with toppings, possibly onions and bacon, served with a side of sweet potato fries and a small cup of sauce. while it looks appetizing, it's not clear if it's from a delic",False,"the image shows a hot dog with caramelized onions and a side of sweet potato fries. there is also a small bowl of butter. based on the presentation and the items visible, it appears to be a gourmet or upscale version of a hot dog,",False,"the image shows a plate with a hot dog, fries, and a small cup of condiment. the hot dog appears to be a traditional hot dog with a bun and some toppings. the fries are seasoned and look like they might be from a del",False
535,yes/no,Is the man wearing formal clothes?,no,"no, the man is not wearing formal clothes. he is wearing a casual blue t-shirt.",True,"the man is wearing a blue shirt and shorts, which are considered casual attire.",False,the man is not wearing formal clothes. he is wearing a casual blue shirt.,True,the man is wearing a casual blue t-shirt.,False
536,yes/no,Is there a deodorant on the sink?,no,i don't know if there is a deodorant on the sink.,True,"yes, there is a deodorant on the sink.",False,there is no existence of a deodorant in the image description.,True,"yes, there is a deodorant on the sink.",False
537,yes/no,Is there a full roll of toilet paper in the bathroom?,yes,"yes, there is a full roll of toilet paper in the bathroom.",True,there is no existence of a full roll of toilet paper in the image description.,False,there is no existence of a full roll of toilet paper in the image description.,False,there is no existence of a full roll of toilet paper in the image description.,False
538,yes/no,Would someone be able to watch you change from the outside?,yes,"yes, someone could potentially watch you change from the outside of the bathroom. the bathroom door is open, which allows visibility into the room.",True,"no, the door is closed and there is a curtain partially covering the window.",False,"yes, someone could potentially watch you change from the outside if they have a clear view of the bathroom door and window. the bathroom door is open, and there is a window near the door that might could be used to observe the bathroom from the outside",True,"no, someone would not be able to watch you change from the outside. the bathroom door is closed, and there are no windows or glass doors that would allow visibility from the outside.",False
539,yes/no,Does the shower have a glass door?,no,"no, the shower in the picture does not have a glass door. it has has a white bathtub with a showerhead and a faucet, but is enclosed by white tiles with some decorative tiles on the wall.",True,"no, the shower in the picture does not have a glass door.",True,there is no existence of a glass door in the image description.,True,"no, the shower in the picture does not have a glass door. it has a solid, white shower stall with a tiled wall.",True
540,yes/no,Is the towel rack silver?,no,there is no towel rack in the image.,True,"yes, the towel rack in the picture is silver.",False,"yes, the towel rack in the picture is silver.",False,"no, the towel rack is not silver. it appears to be yellow.",True
541,yes/no,Is there a shower curtain?,yes,"no, there is no shower curtain in the picture.",False,there is no existence of a shower curtain in the image description.,False,there is no existence of a shower curtain in the image description.,False,"no, there is no shower curtain in the picture.",False
542,yes/no,Is the toilet lid down?,yes,"yes, the toilet lid is down in the picture.",True,the toilet lid is down in the picture.,False,"yes, the toilet lid is down in the picture.",True,the toilet lid is down in the picture.,False
543,yes/no,Does this cake look like it chocolate?,yes,"yes, the cake in the picture appears to be chocolate. it has has a chocolate glaze on top and a layered appearance, which is characteristic of chocolate cakes.",True,"yes, the cake in the picture appears to be chocolate. it has has a dark brown color and is topped with what looks like chocolate shavings or sprinkles.",True,"yes, the cake in the picture appears to be chocolate. it has has a dark brown color and is topped with what looks like grated chocolate or coconut flakes, which are common toppings for chocolate cakes.",True,"yes, the cake in the picture appears to be chocolate. it has has a dark, rich color and is topped with a chocolate glaze, which are typical characteristics of chocolate cakes.",True
544,yes/no,Is this a small town?,yes,"yes, the image appears to depict a small town. the street is narrow, and the buildings are closely packed together, which is characteristic of smaller towns. additionally, the presence of a sign for a hotel and other a restaurant suggests that this is a",True,"yes, the image depicts a small town. the street is narrow, the buildings are close together, and the overall scene has a compact and intimate feel typical of smaller towns.",True,"the image depicts a street scene in a town with multiple buildings and signs. the architecture and the presence of various businesses suggest it is a small town. the buildings are relatively close together, and the the street appears to be narrow, which is typical of",False,"yes, the image depicts a small town. the street is narrow, the buildings are close together, and the overall scene has a compact, intimate feel typical of smaller towns.",True
545,yes/no,Will these planes be used to transport people?,no,it is ambiguous whether these planes will be used to transport people.,False,"no, these planes are not used to transport people. they are cargo planes, specifically designed for transporting goods and packages. the presence of the ladder and the ground support equipment indicates that they are being loaded or unloaded, which is typical for cargo planes.",True,"no, these planes are not used to transport people. they are cargo planes, specifically designed for transporting goods and packages. the presence of cargo loading equipment and the lack of passenger windows further indicate that these planes are intended for cargo transport.",True,"no, these planes are not used to transport people. they appear to be cargo planes, specifically designed for transporting goods rather than passengers. the presence of cargo containers and the overall design of the aircraft suggest that they are used for freight transportation.",True
546,yes/no,Is the room carpeted?,yes,"yes, the room is carpeteded.",True,"yes, the room has a carpet.",True,"yes, the room has a carpet.",True,"yes, the room has a carpet.",True
547,yes/no,Is there a fireplace?,no,"no, there is no fireplace in the picture.",True,there is no existence of a fireplace in the image description.,True,"no, there is no fireplace in the picture.",True,"no, there is no fireplace in the picture.",True
548,yes/no,Are stains on the floor?,no,there is no existence of stains on the floor in the image.,True,there are no stains on the floor.,True,there are no stains on the the floor.,True,there are no stains visible on the floor in the image.,True
549,yes/no,Are these boys at home?,no,it is ambiguous whether there are boys at home.,False,"no, there are no boys in the picture. the image shows a living room with furniture, a television, and some decorative items.",True,"no, there are no boys in the picture. the image shows a living room with a couch, a television, a futon, and some decorative items on the walls.",True,"no, there are no boys in the picture. the image shows a living room with furniture, decorations, and a television.",True
550,yes/no,Is this a 60's motif?,no,"no, this is not a 60's motif. the room has a modern and contemporary design with neutral colors and minimalistic furniture.",True,"the room in the picture does not have a 60s motif. the decor includes modern furniture, a flat-screen tv, and contemporary art pieces. the style is more contemporary and minimalist, with a focus on clean lines furniture and a neutral color",True,"the room in the picture does not have a 60s motif. the decor includes modern furniture, a flat-screen tv, and contemporary art, which are more indicative of a contemporary style rather than a 60s aesthetic.",True,"the room in the picture does not have a 60s motif. the decor includes modern furniture, a flat-screen tv, and contemporary art, which are more indicative of a contemporary style rather than a 60s aesthetic.",True
551,yes/no,Is the light green?,yes,"yes, the traffic light in the the image is green.",True,the traffic light in the picture appears to be green.,False,"yes, the traffic light in the the image is green.",True,the traffic light in the picture appears to be green.,False
552,yes/no,Is it raining?,no,it is ambiguous whether it is raining or not.,True,"yes, it appears to be raining in the picture. the ground is wet, and there are raindrops visible in the air.",False,"yes, it appears to be raining in the picture. the ground is wet, and there are raindrops visible in the air.",False,"yes, it appears to be raining in the picture. the ground is wet, and there are raindrops visible in the air.",False
553,yes/no,Is this woman crossing a street?,yes,"yes, the women are crossing a street.",True,"yes, the woman appears to be crossing a street. she is walking on the the sidewalk, which is adjacent to the street where vehicles are passing.",True,"yes, the woman appears to be crossing a street. she is standing near the crosswalk, which is indicated by the the white lines on the road.",True,"yes, the woman appears to be crossing a street. she is on the sidewalk, and there is a crosswalk visible in the background.",True
554,yes/no,Is this in the United States?,yes,i don't know if this is the united states.,False,"yes, the image appears to be taken in the united states. the street signs, the style of the vehicles, and the overall urban environment suggest a u.s. city.",True,"yes, the image appears to be taken in the united states. the street signs, the style of the buildings, and the overall urban environment suggest that this is likely a city in the u.s.",True,"yes, the image appears to be taken in the united states. the street signs, the style of the vehicles, and the overall urban environment suggest that this is likely a city in the u.s.",True
555,yes/no,Is there anyone in the cockpit?,yes,"yes, there is a person in the the cockpit of the airplane.",True,there is no one in the cockpit.,False,there is no one in the cockpit.,False,"yes, there appears to be a person in the the cockpit of the airplane.",True
556,yes/no,Is the bus stopped?,yes,"yes, the bus appears to be stopped. it is parked on the side of the street, and there are people standing or sitting nearby.",True,"yes, the bus appears to be stopped. the bus is parked on the side of the street, and there are people standing and sitting nearby.",True,"yes, the bus appears to be stopped. the people standing near the bus and the overall scene suggest that the bus is not in motion.",True,"yes, the bus appears to be stopped. the people sitting on the sidewalk and the person standing near the bus suggest that it is not in motion.",True
557,yes/no,Is this an ocean area?,yes,it is ambiguous whether the area is an ocean area.,False,"the image shows a waterfront area with a river or lake, not an ocean. the presence of benches, pathways, and people walking their dog suggests it is a recreational area.",False,"no, this is not an ocean area. the image shows a river with a riverbank and a bridge in the background. the water appears to be a river rather than an ocean.",False,"no, this is not an ocean area. the image shows a river or a large body of water with a riverbank and a bridge in the background. the water appears to be a river rather than an ocean.",False
558,yes/no,Is the ground near the waterfront squishy?,no,"yes, the ground near the waterfront appears to be squishy, as indicated by the grassy and the presence of benches and people walking along the path.",False,"the ground near the waterfront appears to be grassy, which is typically squishy or soft to the touch.",False,"the ground near the waterfront appears to be solid and firm, typical of a paved riverside path.",False,the ground near the waterfront appears to be solid and not squishy. it looks like a typical paved area near a river or lake.,True
559,yes/no,Is the water calm?,yes,"yes, the water appears to be calm in the image.",True,"yes, the water appears to be calm in the picture.",True,"yes, the water appears to be calm in the image.",True,"yes, the water appears to be calm in the image.",True
560,yes/no,Is this a cheese pizza?,yes,i don't know if it is a cheese pizza.,False,"yes, it appears to be a cheese pizza.",True,"no, it is not a cheese pizza. the pizza in the picture appears to have toppings, but it is not a cheese pizza.",False,"yes, the pizza in the picture appears to be a cheese pizza.",True
561,yes/no,Is there more than one vase on the table?,yes,"yes, there are two vases on the table.",True,there is only one vase on the table.,False,"yes, there are two vases on the table.",True,there is only one vase on the table.,False
562,yes/no,Is there a cake here?,yes,"yes, there is a cake in the picture.",True,"yes, there is a cake in the picture. it is placed on a table in front of the two people.",True,"yes, there is a cake in the image. it is located on the table in the foreground.",True,"yes, there is a cake in the picture. it is placed on a table in front of the two people standing behind it.",True
563,yes/no,Are there any pens on the table?,no,"no, there are no pens on the table.",True,there are no pens on the table.,True,there are no pens on the table.,True,there are no pens on the table.,True
564,yes/no,Is this image tilted?,yes,"yes, the image appears to be tilted.",True,"yes, the image appears to be tilted.",True,"yes, the image appears to be tilted. the perspective and alignment of the objects in the image suggest that the camera was not held straight.",True,"yes, the image appears to be tilted.",True
565,yes/no,Does this image contain a pie pan?,yes,"yes, the image contains a pie pan.",True,"yes, the image contains a pie pan.",True,"yes, the image contains a pie pan.",True,"yes, the image contains a pie pan.",True
566,yes/no,Is this a large house?,yes,it is ambiguous whether the house is large or not.,False,"yes, the house in the picture appears to be quite large. it has has a prominent clock tower and a substantial structure, suggesting it is a significant building.",True,"yes, the house in the picture appears to be quite large. it has has a prominent clock tower and a substantial structure, suggesting it is a significant building.",True,"yes, the house in the picture appears to be quite large. it has has a prominent clock tower and a substantial structure, suggesting it is a significant building.",True
567,yes/no,Is there a fountain in front of the building?,no,"no, there is no fountain in front of the building.",True,there is no existence of a fountain in the image description.,True,there is no existence of a fountain in the image description.,True,there is no existence of a fountain in the image description.,True
568,yes/no,Is the sun shining?,yes,"yes, it appears to be a sunny day. the sky is clear and bright, and the shadows on the building and ground suggest that the sun is shining.",True,"yes, the sun is shining in the picture.",True,"yes, the sun is shining in the picture. the sky is clear and bright, indicating a sunny day.",True,"yes, the sun is shining in the picture. the sky is clear and bright, indicating a sunny day.",True
569,yes/no,Is this a church?,yes,it is ambiguous whether this is a church. it could be either a church or a house.,False,"no, this is not a church. it appears to be a clock tower, possibly part of a historical building or a public structure. the architecture and design suggest it might could be a part of a castle or a similar historic building.",False,"yes, the building in the picture appears to be a church. the clock tower and the architectural style are characteristic of many church buildings.",True,"yes, the building in the picture appears to be a church. it has has a clock tower, which is a common feature in many churches.",True
570,yes/no,Are there clouds visible?,no,"no, there are no clouds visible in the image. the sky appears to be clear and blue.",True,"no, there are no clouds visible in the image. the sky appears to be clear.",True,"no, there are no clouds visible in the image. the sky appears to be clear.",True,"no, there are no clouds visible in the image. the sky appears to be clear.",True
571,yes/no,Is this a sunny day?,yes,"yes, it is a sunny day. the sky is clear and bright, indicating good weather.",True,"yes, it appears to be a sunny day in the picture. the sky is clear, and the lighting suggests that the sun is shining.",True,"yes, it appears to be a sunny day in the picture. the lighting and shadows suggest that the sun is shining.",True,"yes, it appears to be a sunny day in the picture. the lighting and shadows suggest that the sun is shining.",True
572,yes/no,Are the hedges well-groomed?,no,i don't know if the hedges are well-groomed.,True,"the hedges in the picture appear to be well-groomed, with a neat and uniform appearance.",False,"the hedges in the image appear to be well-groomed. they are neatly trimmed and maintain a consistent shape, which is typical of well-maintained hedges.",False,"the hedges in the picture appear to be well-groomed. they are neatly trimmed and maintain a consistent shape, which is typical of well-maintained hedges.",False
573,yes/no,Does the building in the back have an elevator?,no,i don't know if the building in the back has an elevator.,True,"the building in the picture does not appear to have an elevator. it is a multi-story structure with a clock tower, and there are no visible elevators shafts or elevators doors.",True,"the building in the picture appears to be a historical or traditional structure, possibly a church or a town hall, given the clock tower and the architectural style. it does not look like it has a modern building with an elevator.",True,"the building in the picture does not appear to have an elevator. it is a traditional, possibly historical building with a clock tower and a gatehouse, which typically do not have modern amenities like elevators.",True
574,yes/no,Do you a phone booth?,no,"no, there is no phone booth in the picture.",True,"no, there is no phone booth in the picture. the image shows a building with a clock tower and an archway entrance.",True,"no, there is no phone booth in the picture. the image shows a building with a clock tower and a clock face.",True,"no, there is no phone booth in the picture. the image shows a building with a clock tower.",True
575,yes/no,Are the buildings tall?,yes,"yes, the buildings in the picture appear to be tall. the clock tower, in particular, rises significantly above the the surrounding structures, indicating its height.",True,"the buildings in the picture appear to be relatively tall, especially the one with the clock tower. the clock tower stands prominently above the other-story building, indicating its height.",False,"yes, the buildings in the picture appear to be tall. the clock tower, in particular, rises significantly above the the surrounding structures.",True,"the buildings in the picture appear to be relatively tall, especially the one with the clock tower. the clock tower is quite prominent and stands out against the surrounding trees line.",False
576,yes/no,Is the clock between two arches?,no,"no, the clock is not between two arches. the clock is located on top of the a tower, which is part of the building.",True,"yes, the clock is located between two arches in the image.",False,"yes, the clock is located between two arches.",False,"yes, the clock is located between two arches in the image.",False
577,yes/no,Are there any entrance gates at the bottom of the tower?,no,there is no existence of any entrance gates at the bottom of the tower.,True,"yes, there are entrance gates at the bottom of the tower.",False,there are no entrance gates at the bottom of the tower.,True,"yes, there are entrance gates at the bottom of the tower.",False
578,yes/no,Is the building a high rise?,no,"no, the building in the picture is not a high rise. it is a two-story building with a clock tower on top.",True,"the building in the picture is not a high-rise. it appears to be a single-story structure with a clock tower on top. the clock tower is relatively tall compared to the rest of the building, but it does not have multiple floors.",True,"the building in the picture is not a high-rise. it appears to be a multi-story structure with a clock tower, but it is not excessively tall compared to surrounding structures. the clock tower is relatively modest in height, and the building itself has a",True,"the building in the picture is not a high-rise. it appears to be a two-story structure with a prominent clock tower. the architecture suggests it could be a historical or significant building, possibly a town hall or a similar institution.",True
579,yes/no,Is part of this tower made of wood?,yes,"yes, part of the tower is made of wood.",True,"the tower in the picture appears to be made of brick or stone, not wood. the structure has a red brick facade and a prominent clock face, which are typical features of brick or stone construction.",False,"yes, part of the tower in the picture appears to be made of wood. the structure has a red and white striped pattern, which is characteristic of timber framing, a traditional building technique that uses wooden beams and posts.",True,"yes, part of the tower in the picture appears to be made of wood. the structure has a red brick base and a wooden upper section.",True
580,yes/no,Can the tree tell time?,no,"no, the tree cannot tell time. the tree in the picture is a natural object and does not have the ability to tell time. the clock tower with the clock face is the only object in the image that can tell time.",True,"no, the tree in the picture cannot tell time. the tree is a natural object and does not have the ability to tell time. the clock tower in the the background is the actual time-telling object.",True,"no, the tree cannot tell time. the image shows a clock tower with a clock face, but the tree itself does not have the ability to tell time.",True,"no, the tree cannot tell time. the image shows a clock tower with a clock face, which is used to display the time. trees do not have the ability to tell time as they lack the necessary biological and technological mechanisms.",True
581,yes/no,Is the emblem a sun face clock?,yes,i don't know if the emblem is a sun face clock.,False,"yes, the emblem on the the tower appears to be a sun face clock.",True,the emblem in the picture is not a sun face clock. it appears to be a traditional clock tower with a clock face on the top floor. the design is more reminiscent of a classic clock tower rather than a sun face clock.,False,"yes, the emblem in the picture appears to be a sun face clock.",True
582,yes/no,Is the ram's fleece dirty?,no,i don't know if the ram's fleece is dirty.,True,"yes, the ram's fleece appears to be dirty.",False,the ram's fleece appears to be dirty.,False,"yes, the ram's fleece appears to be dirty.",False
583,yes/no,Is there a travel guide on the table?,yes,"yes, there is a travel guide on the table.",True,"yes, there is a travel guide on the table.",True,"yes, there is a travel guide on the table.",True,"yes, there is a travel guide on the table.",True
584,yes/no,Is there snow?,yes,"yes, there is snow in the picture. the person is skiing on a snowy surface.",True,"yes, there is snow in the picture. the person is skiing on a snowy surface.",True,"yes, there is snow in the picture. the person is standing on a snow-covered landscape.",True,"yes, there is snow in the picture. the person is skiing on a snowy surface.",True
585,yes/no,Is it summer?,no,"no, it is not summer. the person in the picture is skiing in a snowy landscape, which typically occurs in winter.",True,"no, it is not summer. the image shows a person skiing in a snowy landscape, which typically occurs in winter.",True,"it is not summer. the image shows a person in a snowy landscape, which suggests that it is winter.",True,"no, it is not summer. the image shows a person skiing in a snowy landscape, which typically occurs in winter.",True
586,yes/no,Is the picture in color?,yes,"yes, the picture is in color.",True,"yes, the picture is in color.",True,"yes, the picture is in color.",True,"yes, the picture is in color.",True
587,yes/no,Is there a dog in the photo?,yes,"yes, there is a dog in the photo. it is being walked by a woman on the sidewalk.",True,"no, there is no dog in the photo.",False,"yes, there is a dog in the photo.",True,"yes, there is a dog in the photo. the dog is being walked by a person on the sidewalk.",True
588,yes/no,Is the dog on a leash?,yes,"yes, the dog is on a leash.",True,the dog in the picture is not on a leash.,False,"yes, the dog is on a leash.",True,"yes, the dog is on a leash.",True
589,yes/no,Are all of the birds in flight?,no,"no, not all of the birds are in flight. there are two birds standing on the ice, and one bird is flying above the the ice.",True,"no, not all of the birds are in flight. some of the birds appear to be perched on the the ice or the water.",True,"no, not all of the birds are in flight. one bird is on the the ground, while the other other is flying above the water.",True,"no, not all of the birds are in flight. there are two birds on the ice, and one bird is flying above them.",True
590,yes/no,Are there three birds in the picture?,yes,"yes, there are three birds in the picture.",True,"yes, there are three birds in the picture.",True,"yes, there are three birds in the picture.",True,there are two birds in the picture.,False
591,yes/no,Is this a dog?,no,"no, it is not a dog. the image shows birds on a frozen body of water.",True,"no, this is not a dog. the image shows a snowy landscape with a bird flying over the water and another bird perched on the ice.",True,"no, this is not a dog. the image shows a bird flying over a frozen body of water.",True,"no, this is not a dog. the image shows a snowy landscape with birds on the frozen water.",True
592,yes/no,Is this a winter scene?,yes,"yes, the scene appears to be a winter scene. the presence of snow and ice on the ground, as well as the birds flying over a frozen body of water, suggests that it is winter.",True,"yes, this is a winter scene. the presence of snow and ice on the ground and water indicates that it is winter.",True,"yes, this is a winter scene. the presence of snow and ice on the ground and water indicates that it is winter.",True,"yes, this is a winter scene. the presence of snow and ice on the ground and water indicates that it is winter.",True
593,yes/no,Is the water frozen?,yes,"yes, the water appears to be frozen. the presence of ice and snow on the the surface of the water indicates that it is frozen.",True,"the water in the picture appears to be frozen, with ice patches visible on the surface.",False,"yes, the water appears to be frozen. the surface of the water is covered with ice, and there are ice chunks floating on the water's surface.",True,"yes, the water appears to be frozen. the surface of the water is covered with ice, and there are visible cracks and patterns on the ice.",True
594,yes/no,Is that a laptop on the chair?,yes,"yes, there is a laptop on the chair in the picture.",True,"yes, there is a laptop on the chair in the picture.",True,"no, there is no laptop on the chair.",False,"yes, there is a laptop on the chair in the picture.",True
595,yes/no,Is Cingular a sponsor of this field?,yes,"yes, cingular is a sponsor of the field. the advertisement for cingular is visible on the scoreboard in the image.",True,"no, cingular is not a sponsor of this field. the visible sponsor in the the image is ""now the new at&t.""",False,"yes, cingular is now the new at&t, and it appears to be a sponsor of this field.",True,"yes, cingular is a sponsor of this field. the advertisement for cingular is visible in the the image.",True
596,yes/no,Is this a conventional kitchen?,no,it is ambiguous whether this is a conventional kitchen.,False,"yes, this appears to be a conventional kitchen. the layout includes a stove, refrigerator, sink, and various storage cabinets. the design elements, such as the tiled backsplash and the arrangement of appliances and utensils, are typical of a standard kitchen",False,"yes, this appears to be a conventional kitchen. it includes essential elements such as a refrigerator, stove, sink, and various storage and decorative items. the layout and design are typical of a standard kitchen setup.",False,"yes, this appears to be a conventional kitchen layout. the design includes essential elements such as a stove, refrigerator, sink, and storage areas. the layout is functional and typical of a standard kitchen setup.",False
597,yes/no,Is the area lit?,yes,"yes, the area is well-lit. the flowers are illuminated, suggesting that there is sufficient lighting in the space.",True,the area is not lit.,False,"the area in the picture is not well-lit. the lighting appears to be dim, and the details of the flowers arrangement are not clearly visible.",False,"the area in the image is not well-lit. the lighting appears to be dim, and the details of the flowers arrangements are not clearly visible.",False
598,yes/no,Are the vases identical?,no,i don't know if the vases are identical.,True,the vases in the picture appear to be identical. they are all transparent and have a similar shape and size.,False,"the vases in the picture appear to be identical. they are all tall, slender, and transparent, with a similar shape and size.",False,the vases in the picture appear to be identical. they are all transparent and have a similar shape and size.,False
599,yes/no,Are these the normal size pieces of pizza?,yes,i don't know if these are the normal size pieces of pizza.,False,"the pieces of pizza in the picture appear to be of a normal size. they are cut into standard triangular slices, which is typical for a pizza of this size.",False,"the pizza in the picture appears to be cut into larger pieces than what is typically considered ""normal"" size. the slices are quite substantial, which might be more common in certain regions or for specific types of pizza.",False,"the pizza in the picture appears to be a large, possibly extra-large size, with the pieces being significantly larger than what you would typically find in a standard pizza. the size of the pizza and the generous portion of toppings suggest it is not a standard",False
600,yes/no,Could you eat all of this pizza?,no,it is ambiguous whether you could eat all of this pizza.,False,"it looks like there are two large pizzas on the table. depending on how hungry you are and how much you typically eat, it might be possible to eat all of this pizza. however, it's important to listen to your body and not强迫 yourself",True,"it looks like there are two slices of pizza in the picture. if you're hungry and enjoy pizza, you might be able to eat both slices comfortably. however, it's important to listen to your body and not overeat if you feel full.",True,"it looks like the person in the picture is enjoying a large pizza. while it's possible to eat a large pizza, it's important to consider factors like portion size, personal eating habits, and overall health. eating a large pizza in one sitting might",False
601,yes/no,Is there broccoli on a slice of pizza?,yes,"no, there is no broccoli on a slice of pizza.",False,"no, there is no broccoli on a slice of pizza in the picture. the pizza has visible toppings include cheese, tomato sauce, and possibly some herbs or vegetables, but there is no broccoli.",False,"no, there is no broccoli on the slice of pizza in the picture.",False,"no, there is no broccoli on a slice of pizza in the picture.",False
602,yes/no,Is there an animal that seems to stick out?,no,there is no existence of any animal sticking out in the the image.,True,there is no existence of any animal sticking out in the the image.,True,there is no existence of any animal sticking out in the the image.,True,there is no existence of any animal sticking out in the the image.,True
603,yes/no,Is this in a zoo?,no,"no, this is not in a zoo. the image shows a group of zebras in a natural savanna or grassland environment, which is typical of their natural habitat.",True,"no, this is not in a zoo. the image shows a group of zebras in a savanna or grassland environment, which is typical of their natural habitat in africa.",True,"no, this is not in a zoo. the image shows a group of animals, likely zebras, grazing in a vast, open grassland with a clear sky and some trees lines in the background. this is characteristic of a natural habitat, such",True,"no, this is not in a zoo. the image shows a group of zebras grazing in a grassy field, which is typical of their natural habitat in the wild.",True
604,yes/no,Is this in a desert?,yes,"no, this is not in a desert. the image shows a savanna landscape with dry grass and scattered trees, which is typical of grasslands found in regions like africa.",False,"no, this is not in a desert. the image shows a group of zebras grazing in a grassyland, which is typical of savannas found in regions like africa.",False,"no, this is not in a desert. the image shows a savanna landscape with grasslands and scattered trees, which is typical of regions like the serengeti or the etosha national park in namibia. deserts are characterized by",False,"no, this is not in a desert. the image shows a savanna landscape with grasslands and scattered trees, which is typical of regions like the serengeti or the etosha national park in namibia. deserts are characterized by",False
605,yes/no,Is this a banana toast?,yes,"yes, it appears to be banana toast. the toast is topped with slices of banana and a spread, possibly chocolate or peanut butter.",True,"yes, it appears to be a banana toast. the toast is topped with slices of banana and spread with a chocolate spread.",True,"yes, it appears to be a banana toast. the plate has slices of banana, and there is a carton of silk soy milk and a jar of peanut butter nearby.",True,"yes, it appears to be a banana toast. the toast is topped with sliced bananas and a spread, possibly peanut butter or a similar nut butter.",True
606,yes/no,Are the people playing a game?,no,i don't know if the people are playing a game.,True,"yes, the people in the picture appear to be playing a game. they are sitting on the floor with a game controller in their hands.",False,"yes, the people in the picture appear to be playing a game. they are standing in front of a television, which is displaying a game interface, and they seem to be actively engaged in the game.",False,"yes, the person in the image appears to be playing a game on a gaming console.",False
607,yes/no,Is the TV turned on?,yes,"yes, the tv is turned on.",True,"yes, the tv in the picture appears to be turned on.",True,"yes, the tv is turned on.",True,"yes, the tv is turned on.",True
608,yes/no,Is this person watching a movie?,yes,i don't know if the person is watching a movie.,False,"yes, the person appears to be watching a movie. the tv is on, and the person is sitting in front of it, which suggests they are engaged in watching a movie or some other form of entertainment.",True,"yes, the person appears to be watching a movie on the television.",True,"yes, the person appears to be watching a movie on the television.",True
609,yes/no,Is one of the giraffes eating?,yes,"yes, one of the giraffes is eating from a trough.",True,"yes, one of the giraffes appears to be eating from a feeding station.",True,"yes, one of the giraffes appears to be eating something from the ground.",True,"yes, one of the giraffes appears to be eating from a feeding station.",True
610,yes/no,Is it daytime?,yes,"yes, it is daytime.",True,"yes, it is daytime. the image shows a motorcycle parked outdoors with clear visibility and natural light.",True,"yes, it is daytime. the sky is clear and bright, indicating that the photo was taken during the day.",True,"yes, it is daytime. the image shows a clear sky and the lighting suggests it is daytime.",True
611,yes/no,Are the kickstands down?,yes,"yes, the kickstands of the motorcycles are down.",True,"yes, the kickstands of the motorcycles in the picture are down.",True,"yes, the kickstands of the motorcycles in the picture are down.",True,"yes, the kickstands of the motorcycles in the picture are down.",True
612,yes/no,Do you see any motorcycle helmets?,yes,"yes, there is a motorcycle helmet in the image.",True,"no, there are no motorcycle helmets visible in the image.",False,"no, there are no motorcycle helmets visible in the image.",False,"no, there are no motorcycle helmets visible in the image.",False
613,yes/no,Is the kite high in the air?,yes,"yes, the kite is high in the air.",True,"yes, the kite is high in the air.",True,"yes, the kite is high in the air.",True,"yes, the kite is high in the air.",True
614,yes/no,Is the sky clear?,no,"no, the sky is not clear. it is filled with clouds.",True,the sky in the picture is not clear. it appears to be overcast with a mix of clouds and a grayish-blue hue.,True,the sky in the picture is not clear. it is filled with clouds.,True,the sky in the picture is not clear. it appears to be cloudy with some blue patches visible.,True
615,yes/no,Are the people flying kites?,yes,"yes, people are flying kites in the field.",True,"yes, the people in the picture are flying kites.",True,"yes, the people in the picture are flying kites.",True,"yes, the people in the picture are flying kites.",True
616,yes/no,Can you see any fish?,no,"no, i cannot see any fish in the image.",True,there is no existence of any fish in the image description.,True,there is no existence of any fish in the image description.,True,there is no existence of any fish in the image description.,True
617,yes/no,Is this man swimming?,no,"no, the man is not swimming. he appears to be surfing or bodyboarding, as he is on a surfboard or a similar board in the water.",True,"no, the person in the the image is not swimming. they are standing in the water, which appears to be choppy and wavy.",True,"no, the man is not swimming. he is riding a surfboard on the waves.",True,"the person in the picture appears to be in the water, but it is not clear if they are swimming or surfing. the person is wearing a wet suit, which is typically worn for water activities like surfing.",True
618,yes/no,Is he turning?,no,"no, he is not turning. the person appears to be paddling on a surfboard and preparing to catch a wave.",True,the dog appears to be turning as it swims through the water. the position of its body and the direction of its movement suggest a change in its path.,False,"yes, the surfer appears to be turning on the wave. the position of the surfboard and the surfer's body orientation suggest a maneuver.",False,the person in the image appears to be turning on the surfboard. the positioning of the surfboard and the water splashing suggest a change in direction.,False
619,yes/no,Does the man have short hair?,yes,"yes, the man in the picture has short hair.",True,"yes, the man in the picture appears to have short hair.",True,"yes, the man in the picture has short hair.",True,"yes, the man appears to have short hair.",True
620,yes/no,Is the bus featured in this picture typical?,no,"no, the bus featured in this picture is not typical. it is a vintage or classic bus, which is often characterized by its distinctive design, color scheme, and historical significance. the bus in the picture has a blue and yellow color scheme, which",True,"the bus in the picture appears to be a vintage or classic model, likely from the early to mid-20th century. it has has distinctive features such as a rounded front, large windows, and a classic design that are characteristic of buses from",False,"the bus in the picture appears to be a vintage or classic model, likely from the mid-20th century. it has has a distinctive design with a combination of blue and yellow colors, and it seems to be a single-deck bus.",False,"the bus in the picture appears to be a vintage or classic model, likely from the mid-22nd century. it has has distinctive features such as a high front grille, rounded body, and a classic design that are characteristic of buses from that",False
621,yes/no,Is this the latest make and model?,no,"no, this is not the latest make and model. the bus in the picture appears to be an older model, possibly from the mid-2entieth century, based on its design and features.",True,"no, this is not the latest make and model. the bus appears to be a vintage or classic model, likely from the mid-20th century. the design and features, such as the round headlights and the overall body style, are characteristic",True,"no, this is not the latest make and model. the bus in the picture appears to be a vintage or classic model, likely from the mid-20th century. the design, including the body style, headlights, and overall aesthetic, suggests",True,"no, this is not the latest make and model. the bus in the picture appears to be a vintage or classic model, likely from the mid-20th century. the design, including the rounded front and the style of the windows and body",True
622,yes/no,Are there any building in the area?,yes,"yes, there is a building in the area.",True,"yes, there is a building in the background of the image.",True,"yes, there is a building in the background of the image.",True,"yes, there is a building in the background of the image. it appears to be a house with a dark roof and a chimney.",True
623,yes/no,Is there a fence in the background?,no,"no, there is no fence in the background. the image shows three zebras grazing in a grassy field.",True,there is no existence of a fence in the image description.,True,there is no existence of a fence in the image description.,True,there is no fence in the background.,True
624,yes/no,Is the zebra's tail up?,no,"yes, the zebra's tail is up in the the image.",False,"yes, the zebra's tail is up in the image.",False,"yes, the zebra's tail is up in the image.",False,"yes, the zebra's tail is up in the image.",False
625,yes/no,Are they the same type of animal?,yes,"yes, they are the same type of animal.",True,"yes, all the animals in the picture are zebras.",True,"yes, the animals in the picture are zebras. they are characterized by their distinctive black and white stripes.",True,"yes, the animals in the picture are zebras. they are characterized by their distinctive black and white stripes.",True
626,yes/no,Are all zebras facing the same way?,no,"no, not all zebras are facing the same way.",True,"no, the zebras are not all facing the same way. in the image, one zebra is facing left, another is facing right, and the third is facing forward.",True,"no, the zebras in the foreground is facing to the right, while the zebras in the the background is facing to the left.",True,"no, the zebras in the top left and bottom right images are facing to the right, while the zebra in the top right and bottom left image are facing to the left.",True
627,yes/no,Are the zebras running?,no,"no, the zebras are not running. they appear to be walking or grazing in the the grassy field.",True,the zebras in the image appear to be grazing on the grass. they are not running.,True,the zebras in the picture appear to be walking rather than running.,False,the zebras in the image appear to be walking rather than running.,False
628,yes/no,Is he going to fall?,no,i don't know if he is going to fall.,True,"it's difficult to say definitively without more context, but the rider appears to be in control and maintaining balance while in mid-air. however, the outcome depends on various factors such as the rider's skill, the bike's performance, and the terrain",False,"it's difficult to determine with certainty from the image alone, but the rider appears to be in control and maintaining balance while navigating the jump. however, without more context or a wider view of the track and the rider's body language, it's not",True,"it's difficult to say definitively from the image alone, but the rider appears to be in control and maintaining a good posture. however, the outcome depends on various factors such as the rider's skill, the bike's performance, and the specific conditions",False
629,yes/no,Are the traffic lights facing the same direction?,no,"no, the traffic lights are not facing the same direction. one is facing left and the other other is facing right.",True,"the traffic lights are not facing the same direction. the traffic light on the left is facing towards the left side of the image, while the traffic light on the right is facing towards the right side of the image.",True,"the traffic lights are not facing the same direction. one traffic light is facing to the left, and the other other is facing to the right.",True,"no, the traffic lights are not facing the same direction. one traffic light is facing towards the left, while the other is facing towards the right.",True
630,yes/no,Is this cake made with fondant?,no,"no, the cake in the picture is not made with fondant. it appears to be a chocolate cupcake with some toppings, possibly including nuts or caramel sauce, but it does not have the smooth, glossy finish typically associated with fondant.",True,"no, the cake in the picture does not appear to be made with fondant. it looks like a simple chocolate cupcake with a paper plate and a plastic fork.",True,"no, the cake in the picture is not made with fondant. it appears to be a chocolate cake with chocolate frosting and possibly some decorative elements on top.",True,"no, the cake in the picture does not appear to be made with fondant. it looks like a standard cupcake with chocolate frosting and a candle on top.",True
631,yes/no,Is there a fork on the plate?,no,"no, there is no fork on the plate.",True,there is no existence of a fork in the image description.,True,there is no existence of a fork in the image description.,True,"yes, there is a fork on the plate.",False
632,yes/no,Is this black and white?,yes,"yes, the image is in black and white.",True,"yes, the image is in black and white.",True,"yes, the image is in black and white.",True,"yes, the image is in black and white.",True
633,yes/no,Is a military person in the picture?,yes,"yes, a military person is in the the picture.",True,"yes, there is a military person in the picture.",True,"yes, there is a military person in the picture.",True,"yes, there is a military person in the picture.",True
634,yes/no,Are they smiling?,yes,"yes, they are smiling.",True,"yes, both individuals in the picture are smiling.",True,"yes, both individuals in the picture are smiling.",True,"the individuals in the the image appear to be engaged in a formal ceremony, possibly a military or governmental event. the person on the left is handing over an object to the person on the right, who is dressed in military uniform. the expressions of the",False
635,yes/no,Is this an old building?,yes,"yes, the building appears to be old. the architectural style, the chandelier, the furniture, and the overall decor suggest that it is a historic or vintage building.",True,"yes, the building appears to be quite old. the architectural style, the style of the furniture, and the overall decor suggest a historical or vintage setting. the presence of arched windows, ornate chandeliers, and classic furniture styles are indicative",True,"yes, the building appears to be old. the architectural style, with its arched windows and classic design, suggests it might is from an earlier period.",True,"yes, the building appears to be quite old. the architectural style, with its arched windows and ornate details, suggests it could be from the late 19th or early 2th century. the interior design also has a classic,",True
636,yes/no,Is the room almost full?,no,"no, the room is not almost full. the room appears to be empty except for the furniture and plants.",True,"the room appears to be almost full. there are several pieces of furniture and decorative items, including a red couch, a chandelier, and potted plants. the space is well-decorateded, but there is still some room for additional items",False,"the room appears to be almost full. there are several chairs and plantsers visible, and the space seems to be well-utilized.",False,"the room appears to be almost full. there are several pieces of furniture and decorative items, and the space seems to be well-utilized.",False
637,yes/no,Are the people on a soft surface?,no,"no, the people are not on a soft surface. they are on a concrete or asphalt surface.",True,"the people in the picture are on a hard surface, likely a concrete or asphalt surface.",False,"the people in the picture are on a hard surface, likely a concrete or asphalt surface.",False,"the people in the picture are on a hard surface, likely a concrete or asphalt surface.",False
638,yes/no,Has the grass been mowed recently?,no,"no, the grass has not been mowed recently. the sheep are grazing in a field with tall, uncut grass.",True,"the grass in the picture appears to be tall and uncut, suggesting that it has has not been mowed recently.",True,"the grass in the picture appears to be tall and uncut, suggesting that it has has not been mowed recently.",True,"the grass in the picture appears to be tall and uncut, suggesting that it has has not been mowed recently.",True
639,yes/no,Is this scene in America?,no,"no, this scene is not in america. it appears to be in a rural or pastoral setting, possibly in a region where cattle hering is a common practice. the attire of the person and the presence of cattle suggest a cultural or geographical context different",True,"no, this scene is not in america. it appears to be a traditional pastoral scene, likely in a region where cattle herding is a common practice. the attire and the presence of cattle suggest it could be in africa, possibly in a country like",True,"no, this scene is not in america. it appears to be in a rural area, possibly in africa, where cattle herds are common. the attire and the presence of cattle suggest a traditional or pastoral lifestyle.",True,"no, this scene is not in america. it appears to be in a rural area, possibly in africa, where traditional clothing and livestock are common.",True
640,yes/no,Are all the laptops on?,yes,"yes, all three laptops on the the table are turned on.",True,"yes, all the laptops in the picture appear to be on.",True,"yes, all the laptops in the picture appear to be on.",True,"yes, all the laptops in the picture appear to be on.",True
641,yes/no,Is this a hotel room?,yes,i don't know if this is a hotel room.,False,"yes, this appears to be a hotel room. the presence of two neatly made beds, a nightstand, and decorative elements such as the vase with flowers and the lamp suggest a hotel setting.",True,"yes, this appears to be a hotel room. the presence of a neatly made bed, a bedside table with a lamp and a vase of flowers, and the overall decor suggest a hotel setting.",True,"yes, this appears to be a hotel room. the presence of two beds, a nightstand with a lamp, and decorative elements such as the vase with flowers and the wall art suggest a hotel setting.",True
642,yes/no,Is this a hotel?,yes,i don't know if this is a hotel.,False,"yes, this appears to be a hotel room. the presence of two neatly made beds, a nightstand, and decorative elements such as the vase with flowers and the patterned on the bedspread suggest a hotel setting.",True,"yes, the image appears to be taken in a hotel room. the decor, including the bed, lamp, and flowers, is typical of a hotel setting.",True,"yes, the image appears to be of a hotel room. the decor, furniture, and overall setup are typical of a hotel room.",True
643,yes/no,Is an elephant walking down the street?,yes,"yes, an elephant is walking down the street.",True,"yes, there is an elephant walking down the street in the image.",True,"yes, there is an elephant walking down the street in the picture.",True,"yes, there is an elephant walking down the street in the image.",True
644,yes/no,Is the guy in the yellow shirt wearing a tie?,yes,"yes, the guy in the yellow shirt is wearing a tie.",True,there is no existence of a tie in the image description.,False,the guy in the yellow shirt is not wearing a tie.,False,the guy in the yellow shirt is not wearing a tie.,False
645,yes/no,Is this a church?,yes,"yes, the image shows a church. the presence of the cross on the steeple and the architectural style are characteristic of a church.",True,"yes, the structure in the picture appears to be a church. it has has a tall steeple and a stone base, which are typical features of a church.",True,"yes, the structure in the picture appears to be a church. it has has a bell tower with a cross on top, which is a common feature of churches.",True,"yes, the structure in the picture appears to be a church. it has has a steeple with a cross on top, which is a common feature of churches.",True
646,yes/no,Is there snow in the picture?,yes,"yes, there is snow in the picture. the background shows a snowy mountain landscape.",True,"yes, there is snow in the picture. the ground appears to be covered with snow, and the trees branches are also covered with snow.",True,"yes, there is snow in the picture. the background shows a snowy mountain.",True,"yes, there is snow in the picture. the ground appears to be covered in snow, and there are snow-covered trees branches visible.",True
647,yes/no,Is there a clock on the church tower?,no,there is no existence of a clock on the church tower.,True,there is no existence of a clock on the church tower in the image description.,True,there is no existence of a clock on the church tower in the image description.,True,there is no existence of a clock on the church tower in the image.,True
648,yes/no,Is there a clock?,no,"no, there is no clock visible in the image.",True,"no, there is no clock in the picture.",True,"no, there is no clock in the picture.",True,"no, there is no clock in the picture.",True
649,yes/no,Is this person wearing a backpack?,yes,"yes, the person in the picture is wearing a backpack.",True,"yes, the person in the image appears to be wearing a backpack.",True,"yes, the person in the picture is wearing a backpack.",True,"yes, the person in the picture appears to be wearing a backpack.",True
650,yes/no,Is there a street light in the photo?,yes,"yes, there is a street light in the photo.",True,"yes, there is a street light in the photo. it is located towards the top right corner of the image.",True,"yes, there is a street light in the photo. it is located in the upper middle part of the image.",True,"yes, there is a street light in the photo.",True
651,yes/no,Is the sun up?,no,it is ambiguous whether the sun is up or not.,True,"no, the sun is not up in the image. the scene appears to be nighttime, as indicated by the dark surroundings and the the streetlights being on.",True,"no, the sun is not up in the picture. the image appears to be taken at night, as indicated by the dark sky and the illuminated streetlights.",True,"no, the sun is not up in the image. the scene appears to be set during nighttime or early morning, as the streetlights are on and there is no visible sunlight.",True
652,yes/no,Is the oven on?,yes,"yes, the oven is on. the light inside the oven is illuminated, indicating that it is turned on.",True,"yes, the oven appears to be on. the light inside the oven is illuminated, indicating that it is turned on.",True,"yes, the oven appears to be on. the light inside the oven is illuminated, indicating that it is turned on.",True,"yes, the oven appears to be on. the light inside the oven is illuminated, indicating that it is turned on.",True
653,yes/no,Is there a window in this scene?,yes,"yes, there is a window in the scene.",True,"yes, there is a window in the scene. it is located on the left side of the image, above the microwave oven.",True,"yes, there is a window in the scene. it is located above the toaster oven and allows light to enter the room.",True,"yes, there is a window in the scene. it is located on the left side of the image, above the toaster oven.",True
654,yes/no,Is this toast done?,no,i don't know if the toast is done.,True,"the toaster oven appears to be in use, with the interior light on, suggesting that it is currently in operation. however, it is not possible to determine if the toast is done just by looking at the the image.",True,"the image shows an oven with the light on, but it appears to be in the process of cooking something. the light inside the the oven suggests that it is currently being used.",False,"the image shows an oven with a light on, indicating that it is in use. however, it is not possible to determine from the image alone whether the toast is done. you would need to check the toast for doneness by looking at it or",True
655,yes/no,Is the microwave on?,no,i don't know if the microwave is on.,True,"yes, the microwave is on. the light inside the microwave is illuminated, indicating that it is turned on.",False,"yes, the microwave in the picture appears to be on. the light inside the microwave is illuminated, indicating that it is turned on.",False,"yes, the microwave in the picture appears to be on. the light inside the microwave is illuminated, indicating that it is turned on.",False
656,yes/no,Is the toaster on?,yes,"yes, the toaster oven in the picture appears to be on. the light inside the toaster oven is illuminated, indicating that it is turned on.",True,"yes, the toaster appears to be on. the light inside the toaster is illuminated, indicating that it is turned on.",True,"yes, the toaster is on. the light inside the toaster is illuminated, indicating that it is turned on.",True,"yes, the toaster in the picture appears to be on. the light inside the toaster is illuminated, indicating that it is turned on.",True
657,yes/no,Is this a one way street?,yes,"yes, it appears to be a one-way street. the bus is driving down a narrow street, and the sign on the pole indicates a no-entry sign, which is typically used to indicate that vehicles cannot enter the street from that direction.",True,"yes, the one-way street is indicated by the red and white sign with a black arrow pointing to the left.",True,"yes, the one-way street is indicated by the red and white sign with a black arrow pointing to the left.",True,"yes, the one-way street sign is visible in the image.",True
658,yes/no,Are there people boarding the bus?,no,"no, there are no people boarding the bus in the image.",True,there is no existence of people boarding the bus in the image description.,True,there is no existence of people boarding the bus in the image description.,True,there is no existence of people boarding the bus in the image.,True
659,yes/no,Is there a hardware store in the area?,no,i don't know.,True,there is no existence of a hardware store in the the image.,True,there is no existence of a hardware store in the the image.,True,there is no existence of a hardware store in the the image.,True
660,yes/no,Are the drying the animal with a blow dryer?,yes,"yes, it appears that the women are using a blow dryer to dry the animal.",True,"yes, it appears that the person on the the right is using a blow dryer to dry the animal.",True,"yes, the person in the image is using a blow dryer to dry the animal.",True,"yes, the person in the image is using a blow dryer to dry the animal.",True
661,yes/no,Is this a hotel?,no,"no, it is not a hotel. the image shows a tow truck towing a bus, which suggests that it is a roadside assistance or towing service.",True,"no, this is not a hotel. it appears to be a scene with a tow truck and a bus, possibly indicating a roadside assistance or towing situation.",True,"the image shows a tow truck and a bus parked in front of a building. while it is not possible to definitively determine if this is a hotel from the image alone, the presence of a tow truck and a bus suggests that it might could be",True,"no, this is not a hotel. it appears to be a scene with a tow truck and a bus parked in front of a building. the tow truck is likely there to assist with a vehicle that is in need of towing.",True
662,yes/no,Can you see the man's shadow?,yes,"yes, the man's shadow is visible on the blue tennis court.",True,"yes, the man's shadow is visible on the ground.",True,"yes, the man's shadow is visible on the ground.",True,"yes, the man's shadow is visible on the court.",True
663,yes/no,Is this lacrosse?,no,"no, this is not lacrosse. the image shows a person playing tennis, as indicated by the tennis racket and the blue tennis court.",True,"no, this is not lacrosse. the image shows a person standing on a blue tennis court with a tennis racket. the sport in the picture is tennis.",True,"no, this is not lacrosse. the image shows a person playing tennis, as indicated by the tennis racket and the tennis court in the background.",True,"no, this is not lacrosse. the image shows a person playing tennis, as indicated by the tennis racket and the portion of the tennis court visible.",True
664,yes/no,The color of the court is green?,no,the color of the court is blue.,False,the color of the court is blue.,False,the color of the court is blue.,False,the color of the court is blue.,False
665,yes/no,Is this pizza nutritious enough to eat for a full dinner?,yes,i can't tell,False,"the dish in the picture appears to be a type of pizza with various toppings, including what looks like meat, cheese, and possibly vegetables. while it can be a tasty and convenient meal, the nutritional value of this pizza depends on the specific ingredients used",False,"the pizza in the picture appears to be quite hearty, with a generous amount of toppings. however, to determine if it is nutritious enough for a full dinner, we need to consider several factors:

1. **protein**: the pizza has looks to",False,"the pizza in the picture appears to be a tortilla pizza with toppings that include meat, cheese, and possibly some vegetables. while it can be a tasty and convenient meal, its nutritional value depends on the specific ingredients used.

here few factors to consider",False
666,yes/no,Are both beds made?,yes,it is ambiguous whether both beds are made.,False,"yes, both beds appear to be made.",True,"yes, both beds are made. the top bunk has a blanket with red, green, yellow, and white stripes, and the bottom bunk has a white sheet.",True,"the top bed appears to be made, while the bottom bed is not made.",False
667,yes/no,Is there a ladder in the picture?,yes,"yes, there is a ladder in the picture. it is located in the middle of the bunk bed, connecting the top bunk to the bottom bunk.",True,"yes, there is a ladder in the picture. it is used to access the upper bunk bed.",True,"yes, there is a ladder in the picture. it is located in the middle of the bunk bed, providing little bit lower than the top bunk.",True,"yes, there is a ladder in the picture. it is located in the middle of the bunk bed, connecting the top bunk to the bottom bunk.",True
668,yes/no,Is this vehicle parked in a residential driveway?,yes,"yes, the vehicle is parked in a residential driveway.",True,"yes, the vehicle appears to be parked in a residential driveway. the surroundings include a house, a fence, and a tree, which are typical features of a residential area.",True,"yes, the vehicle appears to be parked in a residential driveway. the setting includes a house with a metal exterior and a tree in the the background, which are typical features of a residential area.",True,"yes, the vehicle appears to be parked in a residential driveway. the setting includes a house with a modern design, a fence, and a tree in the the background, which are typical features of a residential area.",True
669,yes/no,Is the color of the car very common for vehicles?,no,i don't know if the color of of car is very common for vehicles.,True,"the car in the picture has a unique color, which is not very common for vehicles. it appears to be a shade of orange or copper. this",True,"the car in the picture has a unique color, which is not very common for vehicles. it appears to be a shade of red or orange, which is not a typical color for most cars.",True,"the color of the car in the picture is a shade of orange. while orange is not as common as some other popular colors like black, white, or silver, it is still a relatively common color for vehicles. it is often used by car manufacturers",True
670,yes/no,Are all the people looking at the same thing?,no,there is no existence of people looking at something in the image.,True,it is not possible to determine from the image whether all the people are looking at the the same thing.,True,it is ambiguous whether all the people are looking at the same thing.,False,it is not possible to determine from the image whether all the people are looking at the the same thing.,True
671,yes/no,Do these ski boards have personality?,yes,"yes, the snowboards in the picture have a lot of personality. each snowboard has a unique design and color scheme, which makes them stand out and adds character to the scene. the vibrant colors and artistic patterns on the the snowboards suggest that",True,"the ski boards in the picture do have a unique and colorful design, which can be seen as a form of personality. the vibrant colors and patterns make them stand out and add a personal touch to each board.",False,"yes, the ski boards in the picture do have a distinct personality. each board has a unique design and color scheme, which can be seen as a reflection of the individual who owns it. the vibrant colors and patterns make them stand out, suggesting that",True,"the ski boards in the picture do have a certain level of personality. each board has a unique design and color scheme, which can reflect the rider's style and preferences. the vibrant colors and patterns make them stand out and add a personal touch to the",False
672,yes/no,Is the woman wearing a dress?,no,"no, the woman is not wearing a dress. she is wearing a black shirt and gray pants.",True,the woman is not wearing a dress. she is wearing a black shirt and green pants.,True,the woman is not wearing a dress. she is wearing a black shirt and pants.,True,the woman is not wearing a dress. she is wearing a black shirt and green pants.,True
673,yes/no,Are they playing a game?,yes,"yes, they are playing a game.",True,"yes, they appear to be playing a game. the person on the left is in a stance that suggests they are actively participating in the game, while the person on the the right is observing or waiting for their turn.",True,"yes, they appear to be playing a game. the person on the right is holding a remote control, which is commonly used for playing video games.",True,"yes, they appear to be playing a game. the person on the right is holding a remote control, which is commonly used for gaming.",True
674,yes/no,Will the bent person fall forward?,no,it is ambiguous whether the bent person will fall forward.,False,"the person in the image appears to be bending forward in a controlled manner, likely as part of a dance or exercise routine. they are not falling forward but maintaining balance.",True,"the person in the image appears to be bending forward, possibly in a playful or exaggerated manner. it is not clear from the image alone whether they will fall forward or not.",True,"the person in the image appears to be bending over, possibly to pick something up or to adjust something on the floor. based on the posture and the the fact that they are bending forward with their knees slightly bent, it is unlikely that they will fall",False
675,yes/no,Is there a man and a woman?,yes,"yes, there is a man and a woman in the picture.",True,"yes, there is a man and a woman in the picture.",True,"yes, there is a man and a woman in the picture.",True,"yes, there is a man and a woman in the picture.",True
676,yes/no,Is this photo to blurry?,no,"no, the photo is not blurry. it is clear and in focus.",True,the photo is not blurry. it appears to be a clear image of two people walking in a living room.,True,the photo is not blurry. it appears to be a clear image of two people in a living room.,True,"the photo is slightly blurry, particularly due to motion or low lighting conditions. the subjects appear to be in motion, which can cause a blur effect. the background details are also not very sharp.",True
677,yes/no,Would you get a ticket if you disobeyed this sign?,yes,"yes, if you disobeyed this ""stop"" sign, you would likely receive a traffic citation or a fine.",True,"yes, if you disobeyed this ""stop"" sign, you would likely receive a traffic citation or a fine. it is important to obey traffic signs to ensure safety on the roads.",True,"yes, if you disobeyed this ""stop"" sign, you would likely receive a traffic citation or a fine. disobeying a stop sign is a traffic violation and can lead to penalties.",True,"yes, disobeying a stop sign is a traffic violation. if you are caught by law enforcement, you could receive a fine and points on your driving record. it's important to always obey traffic signs to ensure safety on the roads.",True
678,yes/no,Is the red stop sign on a wooden pole?,no,"no, the stop sign in the picture is not on a wooden pole. it is on a metal pole.",True,"yes, the red stop sign is on a wooden pole.",False,"yes, the red stop sign is on a wooden pole.",False,"yes, the red stop sign is on a wooden pole.",False
679,yes/no,Can you see the sun in the picture?,yes,"yes, the sun is visible in the picture, shining brightly behind some trees branches.",True,"yes, the sun is visible in the picture, shining brightly behind the stop sign and the buildings.",True,"yes, the sun is visible in the picture. it is shining brightly through the clouds, creating a lens flare effect.",True,"yes, the sun is visible in the picture. it is shining brightly through the clouds, creating a lens flare effect.",True
680,yes/no,Are they twins?,no,it is ambiguous whether they are twins.,False,"the two children in the picture do not appear to be twins. they have different hair colors and styles, and their clothing and accessories also differ.",True,"based on the image, it is difficult to determine if they are twins. they appear to be of similar age and have similar features, but there are no definitive indicators such as matching clothing or accessories that would confirm they are twins.",True,"based on the image, it is difficult to determine if the two children are twins. they appear to be of similar age and have similar hair color, but there are no other other visible physical similarities that would definitively confirm they are twins.",True
681,yes/no,Is one of the children a boy?,yes,"yes, one of the children is a boy.",True,"yes, one of the children appears to be a boy.",True,"yes, one of the children is a boy.",True,"yes, one of the children appears to be a boy.",True
682,yes/no,Are these teenagers?,no,"no, these are not teenagers. the children in the picture appear to be toddlers or young children.",True,"no, these are not teenagers. the children in the picture appear to be toddlers or young children.",True,"no, these are not teenagers. the individuals in the picture appear to be young children.",True,"no, these are not teenagers. the children in the picture appear to be toddlers or young children.",True
683,yes/no,Are both of the children smiling?,no,the children are not smiling.,True,"the children in the picture appear to be engaged in play and exploration, but they are not visibly smiling.",True,"yes, both of the children are smiling.",False,the children in the picture are not smiling.,True
684,yes/no,Is this child wearing socks?,no,"no, the child is not wearing socks.",True,"no, the child is not wearing socks.",True,"yes, the child is wearing socks.",False,the child in the image is not wearing socks.,True
685,yes/no,Is the man's shirt a solid color?,no,"no, the man's shirt is not a solid color. it appears to be striped.",True,"no, the man's shirt is not a solid color. it has has a striped pattern.",True,"no, the man's shirt is not a solid color. it has has a striped pattern.",True,"no, the man's shirt is not a solid color. it appears to be a striped pattern.",True
686,yes/no,Is this man tan?,yes,"yes, the man appears to be tan.",True,the man in the picture appears to have a tan complexion.,False,the man in the picture appears to have a tan complexion.,False,"yes, the man appears to be tan.",True
687,yes/no,The tablecloths are white?,yes,"yes, the tablecloths in the picture are white.",True,"yes, the tablecloths in the picture are white.",True,"yes, the tablecloths in the picture are white.",True,"yes, the tablecloths in the picture are white.",True
688,yes/no,Are the pictures colorful?,yes,"yes, the pictures in the background are colorful.",True,the pictures are not colorful. they are in black and white.,False,the pictures are not very colorful.,False,the pictures are not colorful. they appear to be grayscale or black and white.,False
689,yes/no,Do you a mirror in the background?,no,"no, there is no mirror in the background.",True,"no, there is no mirror in the background of the image.",True,"no, there is no mirror in the background of the image.",True,"yes, there is a mirror in the background of the image.",False
690,yes/no,Is there food on the table?,no,"no, there is no food on the table.",True,"no, there is no food on the table. the table is set with a white tablecloth, a plate, a fork, and a knife.",True,"no, there is no food on the table. the table is set with a white tablecloth, a water bottle, two wine glasses, a fork, and a knife. there are also plates and a small dish, but no food items are visible",True,"no, there is no food on the table. the table is set with a white tablecloth, a plate, a fork, a knife, and a glass.",True
691,yes/no,Is there a pillow present in the picture?,yes,"yes, there is a pillow in the picture.",True,"yes, there is a pillow in the picture.",True,"yes, there is a pillow in the picture.",True,"yes, there is a pillow in the picture.",True
692,yes/no,Is she wearing a bathing suit?,yes,"yes, she is wearing a bathing suit.",True,"yes, she is wearing a bathing suit.",True,"yes, she is wearing a bathing suit.",True,"yes, she is wearing a bathing suit.",True
693,yes/no,Are they surrounded by trees?,yes,"yes, the horses are surrounded by trees.",True,"yes, the horses are surrounded by trees. the background of the image is filled with trees, indicating that the horses are in a foresteded area.",True,"yes, the horses are surrounded by trees. the background of the image shows a forested with trees.",True,"yes, the horses are surrounded by trees. the background of the image is filled with trees and greenery, indicating that the horses are in a foresteded area.",True
694,yes/no,Is there a puddle of water on the dirt?,yes,"yes, there is a puddle of water on the dirt in the the image.",True,"yes, there is a puddle of water on the dirt in the picture.",True,"yes, there is a puddle of water on the dirt in the the image.",True,"yes, there is a puddle of water on the dirt in the picture.",True
695,yes/no,Are these men on a boat?,no,"no, the men are not on a boat. they are on a beach, standing near the ocean with their surfboards and kites.",True,"no, the men are not on a boat. they are standing on the beach with their kiteboards.",True,"no, the men are not on a boat. they are standing on a beach, and there are kites flying in the background.",True,"no, the men are not on a boat. they are standing on a beach with surfboards and kites.",True
696,yes/no,Are the boys happy?,yes,i don't know if the boys are happy.,False,"the image shows a group of people on a beach, likely engaged in water sports such as windsurfing. the expressions of the individuals are not clearly visible, but they appear to be focused on their activity. it is not possible to determine their happiness",False,"the boys appear to be enjoying themselves, as they are standing on the beach and looking out at the kite surfers.",False,"the boys appear to be focused and engaged in their activity, which suggests they might be happy and enjoying themselves.",False
697,yes/no,Is the man in the forefront trying to get signal on a cell phone?,no,it is ambiguous whether the man in the forefront is trying to get a signal on a cell phone.,False,"the man in the forefront appears to be holding a surfboard and looking towards the water, possibly preparing to go surfing or observing the conditions. there is no visible cell phone in his hand, so it is unlikely that he is trying to get signal on",True,"the man in the forefront is not trying to get signal on a cell phone. he appears to be standing on the the beach, possibly observing the kite surfers in the background.",True,"the man in the forefront appears to be standing on the beach, possibly observing the surroundings or preparing for some activity. there is no visible cell phone or indication of him trying to get signal.",True
698,yes/no,Was this photo taken recently?,yes,i don't know if the photo was taken recently.,False,"the photo appears to be digitally altered, with parts of the image obscured or missing. it is difficult to determine if the photo was taken recently based on this altered appearance.",False,"the photo appears to be recent, as the individuals are wearing modern clothing and the kiteboarding equipment looks contemporary. the sky is clear, and the overall scene looks like it could be from a recent day.",False,"the photo appears to be from a past event, as indicated by the clothing style and the design of the surfboards. the clothing style and the design of the surfboards suggest that the photo might is from a time when these specific styles were in v",False
699,yes/no,Is this  a beach?,yes,"yes, the image shows a beach.",True,"yes, this appears to be a beach. the presence of surfboards and people in wets suits suggests that it is a location where water sports, such as surfing, are popular.",True,"yes, it appears to be a beach. the presence of people in wetsuits and the kite flying in the background suggest that it is a beach where kiteboarding or kitesurfing is taking place.",True,"yes, this appears to be a beach. the presence of surfboards and people standing near the water suggests that it is a location where water activities, such as surfing, are common.",True
700,yes/no,Is the guy making a performance?,no,it is ambiguous whether the guy is making a performance.,False,"the guy in the picture appears to be preparing for or taking a break from windsurfing. he is standing on the beach with a windsurfing board and gear, and there are other other people in the background also involved in windsurfing activities",False,"the person in the foreground appears to be kiteboarding, which involves riding on a board while being pulled by a kite. it's not clear if they are performing a specific trick or routine, but they seem to be enjoying the activity.",True,"the person in the image appears to be preparing for a water sport activity, possibly windsurfing or kiteboarding, given the the presence of boards and the ocean in the background. there is no indication that they are performing a specific act or making a",True
701,yes/no,Is he doing a trick?,no,"no, the man in the wets suit is not doing a trick. he appears to be standing on the beach, possibly preparing to go windsurfing or just taking a break.",True,the person in the foreground appears to be preparing to windsurf or is in the process of adjusting his equipment. he is not currently performing a trick.,True,"the person in the foreground appears to be standing on the beach, possibly preparing to kite surf or observing others kite surfing. there is no indication of a trick being performed at this moment.",True,the person in the foreground appears to be preparing to kite surf or windsurf. they are holding a kite and standing on the beach with their equipment. there is no indication that they are currently performing a trick.,True
702,yes/no,Is the man in the foreground barefooted?,yes,"yes, the man in the foreground is barefoot.",True,"yes, the man in the foreground is barefoot.",True,"yes, the man in the foreground appears to be barefoot.",True,"yes, the man in the foreground is barefoot.",True
703,yes/no,Is this busy metropolis?,no,"no, the image does not depict a busy metropolis. it shows a beach scene with people engaged in water sports activities, such as windsurfing and kiteboarding.",True,"the image depicts a beach scene with people engaged in water sports, specifically kiteboarding and windsurfing. the presence of multiple individuals and equipment suggests it is a popular spot for these activities. however, it does not appear to be a busy metropolis",True,"the image does not depict a busy metropolis. instead, it shows a beach scene with people engaged in kite flying. the sky is clear, and the environment appears to be a coastal area rather than an urban setting.",True,the image depicts a beach scene with several people and surfboards. it does not appear to be a busy metropolis. the setting seems more like a coastal area with people engaged in water sports activities.,True
704,yes/no,What is the man on a skateboard?,no,i don't know if the man is on a skateboard.,True,the man in the image is standing on a skateboard on a beach.,False,the man in the image is standing on a skateboard.,False,"the man in the picture is standing on a skateboard on a beach. he appears to be holding a kite, suggesting that he might might be preparing to kite surf or is taking a break from it.",False
705,yes/no,Are there waves in the picture?,yes,"yes, there are waves in the picture.",True,"yes, there are waves in the picture. the waves are visible in the background of the image, indicating that the person is likely at a beach or near the water.",True,"yes, there are waves visible in the picture. the water appears to be choppy, indicating the presence of waves.",True,"yes, there are waves visible in the picture. the water appears to be choppy, indicating the presence of waves.",True
706,yes/no,Did the man just steal the boy's kite?,no,it is ambiguous whether the man just stole the boy's kite. it could be yes or no.,True,"the man in the image appears to be holding a kite, but it is not clear if he stole it from the boy.",True,there is no existence of a stolen kite in the image.,True,"the image shows a man and a child in a grassy field, with the kite on the ground. it is not possible to determine from the image alone whether the man stole the kite.",True
707,yes/no,Is this a steam engine train?,yes,"yes, the train in the picture is a steam engine train. this",True,"yes, the steam engine train is depicted in the image. the train has a visible steam locomotive with a red and black color scheme, and steam is visible coming from the engine.",True,"yes, the steam engine train is depicted in the image. the train has a classic design with a large steam engine and a red caboose.",True,"yes, the steam engine train is depicted in the image. the train has a classic design with a steam locomotive at the front, and a person is standing on the platform next to it.",True
708,yes/no,Are the umbrellas wet?,yes,"yes, the umbrellas in the picture appear to be wet. the wetness is evident from the droplets and the overall appearance of the umbrellas.",True,"yes, the umbrellas appear to be wet. the water droplets and the overall appearance suggest that they have been exposed to rain.",True,"yes, the umbrellas appear to be wet. the rain is visible on the surface of the umbrellas, indicating that it is currently raining or has has been raining recently.",True,"yes, the umbrellas in the picture appear to be wet. the water droplets and the overall appearance suggest that they have been exposed to rain.",True
709,yes/no,Is there snow on the ground?,yes,"yes, there is snow on the ground in the picture.",True,"yes, there is snow on the ground in the picture.",True,"yes, there is snow on the ground in the picture.",True,"yes, there is snow on the ground in the picture.",True
710,yes/no,Does this oven look new?,no,"no, the oven in the picture does not look new. it appears to be old and worn, with visible rust and signs of aging.",True,"no, the oven in the picture does not look new. it appears to be old and worn, with visible rust and signs of aging.",True,"no, the oven in the picture does not look new. it appears to be old and worn, with visible signs of rust and discoloration. the interior of the oven door is also dirty, indicating it has has not been cleaned recently.",True,"the oven in the picture does not appear to be new. it has has visible signs of wear and tear, such as rust and discoloration, which suggest that it has been used for a significant amount of time.",True
711,yes/no,Does the oven have a digital buttons?,no,there is no existence of digital buttons in the image description.,True,"no, the oven in the picture does not have digital buttons. it appears to be an older model with traditional knobs and a manual control panel.",True,"no, the oven in the picture does not have digital buttons. it has has traditional knobs for controlling the temperature and settings.",True,"no, the oven in the picture does not have digital buttons. it has has a traditional knob and button control panel.",True
712,yes/no,Is this oven greasy?,yes,"yes, the oven appears to be greasy. the door and the interior walls of the oven have a noticeable amount of grease, which is evident from the stains and the overall appearance of the oven.",True,"yes, the oven in the picture appears to be greasy. the interior walls and racks have visible grease stains, indicating that it may need cleaning.",True,"yes, the oven in the picture appears to be greasy. the interior and exterior surfaces show signs of oil and grease buildup, which is common in ovens that are frequently used for cooking.",True,"yes, the oven in the picture appears to be greasy. the interior walls and the oven door have visible grease stains, indicating that it has not been cleaned recently.",True
713,yes/no,Is the pizza on a baking tray?,yes,there is no existence of a baking tray in the image description.,False,"yes, the pizza is on a baking tray inside the oven.",True,"no, the pizza is not on a baking tray. it appears to be on a piece of aluminum foil inside the oven.",False,"yes, the pizza is on a baking tray inside the oven.",True
714,yes/no,Do you like chocolate cake?,yes,i don't know if i like chocolate cake.,False,"as an ai, i don't have personal preferences or tastes, but i can tell you that chocolate cake is a popular dessert enjoyed by many people for its rich, sweet, and chocolatey flavor. it's often made with cocoa powder, chocolate chips",False,"as an ai, i don't have personal preferences or tastes, but i can tell you that chocolate cake is a popular dessert enjoyed by many people for its rich, sweet flavor and creamy texture. it's made with cocoa powder, sugar, eggs,",False,"as an ai, i don't have personal preferences or tastes, but i can tell you that chocolate cake is a popular dessert enjoyed by many people for its rich, sweet flavor and creamy texture. it's made with cocoa powder, sugar, eggs,",False
715,yes/no,Are there any water glasses on the table?,yes,"yes, there are water glasses on the table.",True,"yes, there are water glasses on the table.",True,"yes, there are water glasses on the table.",True,"yes, there are water glasses on the table.",True
716,yes/no,Are there tomatoes on the pizza?,yes,"yes, there are tomatoes on the pizza.",True,"yes, there are tomatoes on the pizza in the picture.",True,"yes, there are tomatoes on the pizza in the picture.",True,"yes, there are tomatoes on the pizza in the picture.",True
717,yes/no,Are there any people in the picture?,no,"no, there are no people in the picture.",True,"no, there are no people in the picture. the image shows a table with two pizzas, glasses, and some other other items.",True,"no, there are no people in the picture. the image shows a table with two pizzas, plates, glasses, and some other other items.",True,"no, there are no people in the picture. the image shows a table with a tablecloth, two pizzas, glasses, and some other other items.",True
718,yes/no,Can they go?,no,"no, they cannot go. the traffic light is showing a red light, indicating that vehicles must stop.",True,"no, they cannot go. the traffic light is showing a red light, which means vehicles must stop.",True,"no, they cannot go. the traffic light is showing a red light, which means vehicles must stop.",True,"no, they cannot go. the traffic light is showing a red light, indicating that vehicles must stop.",True
719,yes/no,Are the cars parked?,no,"yes, the cars in the picture appear to be parked.",False,"yes, the cars appear to be parked.",False,the cars are not parked. they are driving on the road.,True,"yes, the cars appear to be parked.",False
720,yes/no,Are all the players wearing black shirts?,no,"no, not all the players are wearing black shirts. the batter is wearing a green jersey, the catcher is wearing a white jersey, and the umpire is wearing a black shirt.",True,"no, not all the players are wearing black shirts. the batter is wearing a green shirt, the catcher is wearing a white shirt, and the umpire is wearing a black shirt.",True,"no, not all the players are wearing black shirts. the batter is wearing a green shirt, the catcher is wearing a white shirt, and the umpire is wearing a black shirt.",True,"no, not all the players are wearing black shirts. the batter is wearing a white uniform, the catcher is wearing a white and blue uniform, and the umpire is wearing a black uniform.",True
721,yes/no,Is one of the trains going through a tunnel?,yes,"yes, one of the trains is going through a tunnel in the image.",True,"yes, one of the trains is going through a tunnel.",True,"yes, one of the trains is going through a tunnel in the image.",True,"yes, one of the trains is going through a tunnel in the image.",True
722,yes/no,Is the door open?,no,"no, the door is closed.",True,"yes, the door is open in the picture.",False,the door in the picture appears to be closed.,False,the door in the picture appears to be closed.,False
723,yes/no,Is the man on TV wearing a tie?,yes,"yes, the man on tv is wearing a tie.",True,"yes, the man on tv is wearing a tie.",True,"yes, the man on tv is wearing a tie.",True,"yes, the man on tv is wearing a tie.",True
724,yes/no,Is everyone wearing glasses?,no,"no, not everyone in the picture is wearing glasses.",True,"no, not everyone is wearing glasses.",True,"no, not everyone in the picture is wearing glasses. the man and the woman in the foreground are wearing glasses, but the other people in the background are not.",True,"no, not everyone in the picture is wearing glasses.",True
725,yes/no,Are both people of the same ethnic background?,no,"no, the man is of hispanic background and the woman is of african american background.",True,"no, the two people in the picture are not of the same ethnic background.",True,"no, the man appears to be of hispanic background, while the woman appears to be of african american background.",True,"the two people in the picture do not appear to be of the same ethnic background. the person on the left has a lighter complexion, while the person on the right has a darker complexion.",True
726,yes/no,The man is wearing a helmet?,yes,"yes, the man is wearing a helmet.",True,"yes, the man is wearing a helmet.",True,"yes, the man is wearing a helmet.",True,"yes, the man is wearing a helmet.",True
727,yes/no,Is this a government official's plane?,yes,i don't know if it is a government official's plane.,False,"the plane in the picture appears to be a small, single-engine aircraft, likely used for personal or recreational flying. the markings and colors suggest it might could be a vintage or restored aircraft, possibly used for historical or commemorative purposes. there is no",False,"the plane in the picture does not appear to be a government official's plane. it has has a distinctive color scheme with a red, white, and blue design, which is not typical for government aircraft. additionally, the registration number and the overall appearance",False,"the plane in the picture appears to be a small, single-engine aircraft, likely used for general aviation purposes. it does not have the distinctive markings or livery typically associated with government officials' planes. the plane's design and markings suggest it might is",False
728,yes/no,Are the kids sitting?,no,"no, the kids are not sitting. they are running and playing in the dirt.",True,the kids are not sitting. they are standing and running in the image.,True,"the kids are standing, not sitting.",True,the kids are not sitting. they appear to be running or playing in the the image.,True
729,yes/no,Are these children playing a game?,yes,"yes, the children appear to be playing a game. they are running and chasing a ball, which suggests that they are engaged in a game of some sort.",True,"yes, it appears that the children are playing a game. they are running and seem to be be engaged in some form of outdoor activity.",True,"yes, it appears that the children are playing a game. they are standing in a line and seem to be be engaged in some form of activity, possibly a game or a race.",True,"yes, it appears that the children are playing a game. they are running and seem to be be engaged in some form of outdoor activity.",True
730,yes/no,The zebras are in a field?,no,"the zebras are in an enclosure, not a field.",True,"the zebras are in an enclosure, not a field.",True,the zebras are in a zoo enclosure.,False,"the zebras are not in a field. they are in an enclosure, likely at a zoo or wildlife park, surrounded by fences and vegetation.",True
731,yes/no,Have you ever been to this intersection?,no,i have not been to this intersection.,True,"as an ai, i don't have the capability to physically visit places. however, i can provide information about the intersection at greenwich st. this",False,i have never been to this intersection.,False,"as an ai, i don't have the capability to physically visit places. however, i can provide information about the intersection you mentioned. the intersection of greenwich st and vesey st is located in lower manhattan, new york city. it's a busy",False
732,yes/no,Are some of the trees dead?,yes,i don't know if some of the trees are dead.,False,"yes, some of the trees in the picture appear to be dead. the branches and leaves are sparse and appear to be dry or withered.",True,"yes, some of the trees in the picture appear to be dead or dried out. the branches and leaves in the foreground are brown and dry, indicating that they are not alive.",True,"yes, some of the trees in the picture appear to be dead. the branches and leaves are dry and brown, indicating that they are not alive.",True
733,yes/no,Are the rocks for the giraffe to sit on?,no,it is ambiguous whether the rocks are for the giraffe to sit on.,False,"the rocks in the image do not appear to be intended for the giraffe to sit on. they are more likely part of the enclosure's landscape design, providing to provide a naturalistic environment for the giraffe to roam and interact with. giraff",True,"the rocks in the image are not for the giraffe to sit on. they are likely part of the enclosure's design to create a more naturalistic environment for the giraffe. giraffes typically do not sit on rocks, as they are primarily",True,"the rocks in the image do not appear to be designed for the giraffe to sit on. they seem to be part of the enclosure's landscape, possibly serving as a naturalistic element to mimic the giraffe's natural habitat. giraffes typically",True
734,yes/no,Does someone have a green thumb?,yes,i don't know if someone has a green thumb.,False,"yes, it appears that someone has a green thumb. the image shows a small plant with a wooden label that says ""happy trails,"" which suggests that the plant is thriving and being cared for well.",True,"the image shows a plant with a wooden label that reads ""pepper mild bush."" there is no visible hand or green thumb in the the image.",False,"yes, it appears that someone has a green thumb. the image shows a plant with a small green sprout, which suggests that the plant is growing well and being taken care of properly. a green thumb is a term used to describe someone who has",True
735,yes/no,Is the seedling a hybrid?,yes,"yes, the seedling is a hybrid. the wooden stick with the label ""hybrid broccoli"" indicates that the seedling is a hybrid broccoli.",True,"the seedling in the image appears to be a hybrid. the label on the stick indicates ""hybrid,"" which suggests that the plant is a hybrid variety.",False,"the seedling in the picture is labeled as ""hybrid mmbo bc 101."" this",False,"the image shows a seedling with a wooden label in a pot. the label appears to have some text or code on it, but it is not clear from the image whether the seedling is a hybrid or not. to identify the type of seed",False
736,yes/no,Is there a tent in the snow?,yes,"yes, there is a tent in the snow.",True,"yes, there is a tent in the snow in the image.",True,"yes, there is a tent in the snow.",True,"yes, there is a tent in the snow in the picture.",True
737,yes/no,Is this terminal safe at night?,yes,it is ambiguous whether the terminal is safe at night.,False,"the image shows a person standing at an airport terminal at night, with luggage and a trolley. the area appears to be well-lit and seems to be a common area in an airport, which is typically safe during nighttime hours. however, it",False,i don't know if this terminal is safe at night.,False,"the image shows a person standing in what appears to be an airport terminal at night. the area looks well-lit and appears to be a secure area, as it is part of an airport terminal. however, it's always a good idea to be",False
738,yes/no,Is the woman by herself?,yes,"yes, the woman is by herself in the image.",True,"yes, the woman appears to be by herself in the picture.",True,i don't't know if the woman is by herself. it can be both yes or no.,True,"yes, the woman appears to be by herself in the image.",True
739,yes/no,Is it a clear day?,yes,"yes, it is a clear day. the sky is blue and there are no visible clouds.",True,"yes, it is a clear day. the sky is blue and there are no visible clouds.",True,"yes, it appears to be a clear day in the picture. the sky is blue and there are no visible clouds.",True,"yes, it appears to be a clear day in the picture. the sky is blue, and there are no visible clouds.",True
740,yes/no,Is this person prone on his back or on his knees?,no,"the person is sitting on the snow, with their snowboard placed in front of them.",True,the person in the picture is sitting on their knees in the snow.,True,"the person in the picture is sitting on the snow, not prone on their back or knees.",True,the person in the picture is sitting on their knees in the snow.,True
741,yes/no,Is the skier on the ground?,yes,"yes, the skier is on the ground.",True,"yes, the skier is on the ground.",True,"yes, the skier is on the ground in the image.",True,"yes, the skier is on the ground.",True
742,yes/no,Is the subject of the photo facing downhill?,yes,"yes, the subject of the photo is facing downhill. the person is sitting on the snow with a snowboard, looking towards the snow-covered mountains and the downhill slope.",True,"yes, the subject of the photo appears to be facing downhill. the snowboarder is sitting on the snow with the snowboard positioned in front of them, and the direction they are facing suggests they are looking down the slope.",True,"yes, the subject of the photo appears to be facing downhill.",True,"yes, the subject of the photo is facing downhill.",True
743,yes/no,Is this man attached to his surfboard?,yes,"yes, the man appears to be attached to his surfboard.",True,"yes, the man appears to be attached to his surfboard.",True,"yes, the man appears to be attached to his surfboard.",True,"yes, the man appears to be attached to his surfboard.",True
744,yes/no,Is this man riding a surfboard?,yes,"yes, the man is riding a surfboard.",True,"yes, the man is riding a surfboard.",True,"yes, the man is riding a surfboard.",True,"yes, the man is riding a surfboard.",True
745,yes/no,Is he wearing the right type of suit?,yes,i don't know if he is wearing the right type of suit.,False,"the person in the the image is wearing a wets suit, which is appropriate for surfing. wets suits provide insulation against cold water and can help protect against sunburn, abrasions, and marine stings.",False,"the person in the image is wearing a wets suit, which is appropriate for surfing. wets suits are designed to provide insulation against cold water and are commonly used in surfing to help maintain body temperature and buoyancy.",False,"the surfer in the picture is wearing a wets suit, which is appropriate for surfing. wets suits provide insulation against cold water temperatures and offer some protection against the sun and minor abrasions. they are designed to be be worn in water,",False
746,yes/no,Is the man riding a white board?,no,"no, the man is not riding a white board. the board he is riding is red.",True,"no, the man is not riding a white board. the board he is riding is red.",True,the man is riding a blue board.,False,"no, the man is not riding a white board. the board he is riding is red.",True
747,yes/no,Is the woman surfing?,yes,"no, the person in the picture is a man surfing.",False,"yes, the woman is surfing.",True,there is no existence of a woman in the image description.,False,"no, the person in the picture is not surfing. they are standing on a surfboard, but they are not actively riding a wave.",False
748,yes/no,Is the boy in the middle being attacked?,no,it is ambiguous whether the boy in the the middle is being attacked.,False,the boy in the middle appears to be being attacked by another player.,True,the boy in the middle appears to be being attacked by another boy.,True,the boy in the middle appears to be being attacked by another player.,True
749,yes/no,Does the boy have his head stuck in the net?,no,"no, the boy does not have his head stuck in the net.",True,"no, the boy is not sticking his head in the net. he appears to be standing near the goalpost, possibly preparing to defend or waiting for the ball to come his way.",True,"no, the boy does not have his head stuck in the net. he appears to be standing near the goalpost, possibly preparing to take a corner kick or free kick.",True,"no, the boy is not sticking his head in the net. he appears to be playing soccer, and the ball is in the air near him.",True
750,yes/no,Does the guy on the right look happy?,yes,"yes, the guy on the right appears to be happy. he is smiling widely and hasing, which are common indicators of happiness.",True,"yes, the guy on the right appears to be happy. he is smiling widely and holding a drink.",True,"the guy on the right appears to be happy, as he is smiling widely.",False,"yes, the guy on the right appears to be happy. he is smiling and holding a drink.",True
751,yes/no,Are there multiple vegetables on the plate?,yes,"yes, there are multiple vegetables on the plate.",True,"yes, there are multiple vegetables on the plate. you can see broccoli, carrots, and possibly other other vegetables as well.",True,"yes, there are multiple vegetables on the plate. you can see broccoli, peas, and possibly other other vegetables like carrots or green beans.",True,"yes, there are multiple vegetables on the plate.",True
752,yes/no,Is there meat on the plate?,yes,"yes, there is meat on the plate.",True,"yes, there is meat on the plate.",True,"yes, there is meat on the plate. the plate contains a serving of meat with gravy, along with vegetables such as broccoli and peas.",True,"yes, there is meat on the plate.",True
753,yes/no,Is this a brand new phone?,no,there is no existence of the phone being brand new.,True,"the phone in the picture appears to be an older model, specifically a pharos pda (600. the design and features suggest it is not a brand new model, as it looks quite dated compared to modern smartphones. the presence of a",True,"the phone in the picture appears to be an older model, specifically the pharos gps phone 600. it is not a brand new phone, as it looks like it has been used and possibly has some signs of wear and tear. the",True,"the phone in the picture appears to be an older model, specifically a pharsa gps phone 600. the design and features suggest it is not a brand new phone. it looks like it might was released around the 2 2",True
754,yes/no,Does this phone fold closed?,no,"no, the phone in the picture does not fold closed. it appears to be a standard smartphone with a rectangular shape and a screen that is not folded.",True,"the phone in the picture does not appear to be foldable. it looks like a standard, non-folding mobile phone.",True,"no, the phone in the picture does not fold closed. it appears to be a standard clamshell or flip phone design, which means typically have a hinge mechanism that allows the phone to open and close.",True,"no, the phone in the picture does not fold closed. it appears to be a single-piece device, similar to a smartphone.",True
755,yes/no,Is the phone broken?,no,there is no existence of the phone being broken in the image information.,True,"the phone in the picture appears to be intact and not broken. the screen is visible, and there are no visible cracks or damage.",True,"the phone in the picture appears to be intact and not broken. it is being held in a way that shows the front and side buttons, and there are no visible cracks or damage.",True,the phone appears to be intact and not broken. there are no visible cracks or damage to the screen or body of the the phone.,True
756,yes/no,Is the phone light on?,no,there is no existence of a light being on in the the image description.,True,"the phone in the picture appears to be off. the screen is dark, and there are no visible lights or indicators that the phone is powered on.",True,"the phone in the picture appears to be off, as there is no visible screen illumination or visible display.",True,"the phone in the picture appears to be off, as there is no visible screen illumination.",True
757,yes/no,Is the display on?,no,i don't know if the display is on.,True,the display on the device is not on.,True,the display on the gps phone is not on.,True,the display on the phone is not on.,True
758,yes/no,Is the person using skype?,no,there is no existence of skype in the image.,True,"the person in the the image is not using skype. they are holding a device labeled ""phaross"" and a piece of paper.",True,"the person is not using skype. they are holding a pharos gps phone 600, which is a device designed for gps navigation and communication, not for video calls or other other.",True,"the person in the the image is holding a mobile phone, but it is not clear if they are using skype. the phone is a pharos gps phone 600.",True
759,yes/no,Is the phone on?,no,i don't know if the phone is on.,True,"the phone in the picture is not on. the screen is off, and the reflection of the surroundings can be seen on the screen.",True,"the phone in the picture is not on. the screen is dark, and the buttons are not illuminated.",True,"the phone in the picture appears to be off. the screen is dark, and there are no visible indicators that the phone is powered on, such as a lit screen or a visible display.",True
760,yes/no,Is the background clear?,yes,the background is not clear.,False,the background is not clear.,False,the background is not clear.,False,the background is not clear.,False
761,yes/no,Is this an inside stadium?,yes,"yes, the image is taken inside a stadium.",True,"yes, the image appears to be taken inside a stadium. the presence of a baseball field, players, and a crowd in the stands suggests that this is a baseball game taking place in a stadium.",True,"yes, the image appears to be taken inside a stadium. the presence of a large crowd, the baseball field, and the structure of the the stadium are all indicative of a sports event taking place in a stadium.",True,"yes, the image appears to be taken inside a stadium. the presence of a baseball field, players, and a crowd in the stands suggests that this is a baseball game taking place in a stadium.",True
762,yes/no,Is the stadium crowded?,yes,"yes, the stadium is crowded.",True,"yes, the stadium appears to be crowded. the stands are filled with spectators, many of whom are wearing red, which suggests that the team playing is likely the home team.",True,"yes, the stadium is crowded. the stands are filled with spectators, and many of them are wearing red clothing, which suggests a possible home game for a team with red as one of their colors.",True,"yes, the stadium is crowded. the stands are filled with spectators, and the atmosphere appears lively and energetic.",True
763,yes/no,Is the stadium full?,yes,"yes, the stadium appears to be full. the stands are packed with spectators, and the field is well-lit, indicating that it is a daytime game.",True,"yes, the stadium appears to be full. the stands are packed with spectators wearing red, which suggests a high attendance.",True,"yes, the stadium appears to be full. the stands are packed with spectators, and the atmosphere looks lively.",True,"yes, the stadium appears to be full. the stands are packed with spectators, and the atmosphere looks lively.",True
764,yes/no,Is there a baseball player holding a bat?,yes,"yes, there is a baseball player holding a bat in the image.",True,"yes, there is a baseball player holding a bat in the image.",True,"yes, there is a baseball player holding a bat in the image.",True,"yes, there is a baseball player holding a bat in the image.",True
765,yes/no,Is this bathroom all white?,no,"no, the bathroom is not all white. it has a white shower curtain, white tiles on the the walls, and a white toilet. however, there are also brown tiles on the the floor and a brown border on the the wall.",True,"the bathroom is not entirely white. it has white tiles on the walls and floor, but the toilet and some fixtures are not white.",True,"the bathroom is not entirely white. it has white tiles on the walls and a white shower curtain, but there are also some brown tiles on the the floor and a brown border on the the wall.",True,"the bathroom is not entirely white. it has white tiles on the walls and a white shower curtain, but the floor tiles are a different color.",True
766,yes/no,Has the bathroom been renovated recently?,no,it is ambiguous whether the bathroom has been renovated recently.,True,"the bathroom appears to be in a state of disrepair and has not been renovated recently. the tiles are dirty, the shower curtain is dirty, and the overall cleanliness of the bathroom is poor.",True,there is no existence of renovation in the image description.,True,it is ambiguous whether the bathroom has been renovated recently.,True
767,yes/no,Are there towels on the ground?,no,"no, there are no towels on the the ground.",True,there are no towels on the ground.,True,"yes, there are towels on the ground in the image.",False,there are no towels on the ground.,True
768,yes/no,Does this look clean?,yes,"yes, the bathroom appears to be clean.",True,"the bathroom appears to be clean. the surfaces, including the sink, countertop, and toilet, look tidy and free of visible dirt or stains. the shower curtain is also pulled back, which suggests that the bathroom is well-maintained.",False,"the bathroom appears to be clean. the shower curtain is pulled closed, and the towels and other appear neatly arranged. the overall environment looks tidy.",False,"the bathroom appears to be clean. the surfaces, including the sink, toilet, and shower area, look tidy and free of visible dirt or grime. the lighting is also bright, which helps in maintaining a clean and fresh appearance.",False
769,yes/no,Is the shower curtain open?,no,"yes, the shower curtain is open in the picture.",False,the shower curtain is closed.,False,the shower curtain is closed.,False,the shower curtain is closed.,False
770,yes/no,Does this bike have training wheels?,yes,"yes, the bike in the the image has training wheels.",True,"yes, the bike in the picture has training wheels.",True,"yes, the bike in the picture has training wheels.",True,"yes, the bike in the picture has training wheels.",True
771,yes/no,Is the picnic table red?,yes,"yes, the picnic table in the the image is red.",True,"yes, the picnic table in the picture is red.",True,"yes, the picnic table in the picture is red.",True,"yes, the picnic table in the picture is red.",True
772,yes/no,Is this a clean room?,no,"no, the room appears to be in the process of being remodeled or renovated. there are tools and boxes scattered around, indicating that work is being done.",True,"the room appears to be in the process of being renovated or cleaned. there are tools on the floor, which suggests that work is either in progress or has has been recently done. the tiles and fixtures are clean, but the overall state of the room",True,"the bathroom appears to be in the process of being renovated or newly installed. there are some boxes and tools visible, which suggests that work is either ongoing or has has been recently completed. the room is not yet fully cleaned or organized.",True,"the room appears to be in the process of being renovated or remodeled. there are tools and construction materials visible, indicating that it is not currently clean.",True
773,yes/no,Is this bathroom clean?,yes,"no, the bathroom is not clean. there are tools and boxes scattered around, indicating that some work or renovation is in progress.",False,"the bathroom appears to be in the process of renovation or construction. there are tools and materials visible, such as a drill and a box, which suggests that work is ongoing. the tiles and fixtures are not yet fully installed or finished, indicating that the",False,"the bathroom appears to be in the process of being renovated or remodeled. there are tools and materials on the floor, and the walls have some visible damage or paint residue. the bathroom is not yet fully completed or cleaned.",False,"the bathroom appears to be in the process of being renovated or installed. there are boxes, tools, and some unfinished elements like the bathtub and toilet. it is not yet clean and appears to be under construction.",False
774,yes/no,Is the room clean?,no,"the room appears to be in the process of being remodeled or renovated. there are tools and boxes scattered around, indicating that work is being done. the bathroom fixtures, such as the toilet, sink, and bathtub, are in place, but the",True,"the room appears to be in the process of being renovated or remodeled. there are tools and construction materials visible, indicating that work is either in progress or has has been recently completed. the room is not yet fully finished and may not be considered clean",True,"the room appears to be in the process of being renovated or remodeled. there are tools and materials scattered around, such as a paintbrush and a box, which suggests that work is either in progress or has has been recently done. the room is",True,"the room appears to be in the process of being renovated or installed. there are various tools and materials scattered around, indicating that construction or installation work is ongoing. the room is not yet clean, as it is still under construction.",True
775,yes/no,Is there a mirror in the bathroom?,no,"no, there is no mirror in the bathroom.",True,there is no existence of a mirror in the image description.,True,there is no existence of a mirror in the image description.,True,there is no existence of a mirror in the image description.,True
776,yes/no,Is there a green plant in this room?,no,"no, there is no green plant in the this room.",True,there is no existence of a green plant in the the image description.,True,there is no existence of a green plant in the the image description.,True,there is no existence of a green plant in the the image description.,True
777,yes/no,Is this room clean?,no,"no, the room is not clean. there are tools and boxes scattered around, indicating that some work or renovation is in progress.",True,"the room appears to be in the process of being renovated or remodeled. there are tools and construction materials visible, indicating that work is either in progress or has has been recently completed. the room is not yet fully cleaned or finished.",True,"the room appears to be in the process of being renovated or remodeled. there are tools and materials scattered around, such as a paintbrush and a box, which suggests that work is either in progress or has has been recently done. the room is",True,"the room appears to be in the process of being renovated or remodeled. there are tools and materials scattered around, and the fixtures are not yet installed or finished. it does not look clean in the the traditional sense.",True
778,yes/no,Is the cat trying to catch a bird?,no,i don't know if the cat is trying to catch a bird.,True,"the cat in the picture is sitting on a log in a natural setting, such as a garden or a forest. there is no visible indication in the static image that the cat is trying to catch a bird. cats often sit in such positions to observe",True,the cat in the picture appears to be sitting calmly and looking off to the side. there is no visible indication that the cat is trying to catch a bird. the cat's posture and gaze suggest it might is observing something or simply resting.,True,"the cat in the picture appears to be sitting calmly on a wooden surface, possibly a stump or a log. there is no visible indication that the cat is trying to catch a bird. the cat's posture and gaze do not suggest any aggressive or hunting",True
779,yes/no,Is the writing in French?,no,"no, the writing in the image is not in french. it appears to be in japanese.",True,"no, the writing in the image is not in french. it appears to be in japanese.",True,"no, the writing in the image is not in french. it appears to be in japanese.",True,"no, the writing in the image is not in french. it appears to be in japanese.",True
780,yes/no,Is this a traveling circus?,no,"no, this does not appear to be a traveling circus. the image shows a large truck with a cow on display, which suggests it might is a mobile dairy promotion or educational event. the presence of people in aprons-like clothing and the text in",True,"no, this is not a traveling circus. the image shows a mobile food truck with japanese text on it. the truck appears to be set up for serving food, possibly selling fresh and safe dairy products. the presence of a cow in the background further",True,"no, this is not a traveling circus. the image shows a mobile dairy truck with a sign that reads ""新鮮で安全な牛乳"" (which translates to ""fresh and safe milk."" the truck appears to be a mobile dairy shop or",True,"no, this does not appear to be a traveling circus. the image shows a food truck with a menu and some people standing around it. food trucks are typically mobile restaurants that serve food and drinks, often found at events venues, festivals, or in",True
781,yes/no,Are there long lenses?,yes,"yes, there is a long lens in the picture.",True,"yes, there are long lenses visible in the image.",True,"yes, there are long lenses visible in the image.",True,"yes, there are long lenses visible in the image. the lenses are being used by photographers to capture the action from a distance.",True
782,yes/no,Is everyone wearing long sleeves?,yes,"yes, everyone in the picture is wearing long sleeves.",True,"no, not everyone is wearing long sleeves. the person on the the left is wearing a sleeveless top, while the other others are wearing long-sleeved tops.",False,"no, not everyone is wearing long sleeves. the individuals in the image are wearing short-sleeved tops and short skirts, which are typical attire for playing tennis.",False,"no, not everyone is wearing long sleeves. the person on the the left is wearing a short-sleeved shirt, while the other others are wearing long-sleeve shirts.",False
783,yes/no,Are the woman wearing short dresses?,yes,"yes, the women in the picture are wearing short dresses.",True,"yes, the woman in the middle of the group is wearing a short dress.",True,"yes, the women in the picture are wearing short dresses.",True,"yes, the woman in the middle of the image is wearing a short dress.",True
784,yes/no,Is the lady smiling?,yes,"yes, the lady is smiling.",True,"yes, the lady in the middle is smiling.",True,the lady in the middle is smiling.,False,"yes, the lady in the middle is smiling.",True
785,yes/no,Do they play for Red Sox?,no,"no, the women in the picture do not play for the red sox. they are tennis players, as indicated by their tennis rackets and attire.",True,"no, the individuals in the picture are not playing for the red sox. they are posing for a photograph on a tennis court, holding tennis rackets.",True,"no, the individuals in the picture are not playing for the red sox. they appear to be tennis players, as indicated by their attire and the presence of tennis rackets.",True,"no, the individuals in the picture are not playing for the red sox. they appear to be tennis players, as indicated by their attire and the presence of tennis rackets.",True
786,yes/no,Is this a mixed race group?,no,"no, the group in the picture is not mixed race. they are all women, and the photograph appears to be from the 1940s or 1950s.",True,"no, the mixed race group is not depicted in the image. the group consists of four women, and their race cannot be determined from the the image.",True,"no, the mixed race group is not present in the image. the group consists of four women, all of whom appear to be of the similar race.",True,"no, the mixed race group is a group of people who have different racial backgrounds. the group in the picture appears to be all white.",True
787,yes/no,Are these people getting reading to go play sports?,yes,"yes, it appears that these people are getting ready to go play tennis. they are holding tennis rackets and wearing appropriate tennis attire.",True,"yes, it appears that these people are getting ready to play tennis. they are holding tennis rackets and are dressed in tennis attire, which is typical for playing the sport.",True,"yes, it appears that these people are getting ready to play tennis. they are dressed in tennis attire and are holding tennis rackets.",True,"yes, it appears that these people are getting ready to play tennis. they are dressed in tennis attire and are holding tennis rackets.",True
788,yes/no,Is there any females?,yes,"yes, there are females in the picture.",True,"yes, there are females in the picture.",True,"yes, there are females in the picture.",True,"yes, there are females in the picture.",True
789,yes/no,Is this a shop?,no,"no, this is not a shop. it appears to be a black and white photograph of four women holding tennis rackets and standing on a tennis court.",True,"no, this is not a shop. it appears to be a photograph of four women standing on a tennis court, holding tennis rackets.",True,"no, this is not a shop. it appears to be a black and white photograph of four women holding tennis rackets and standing in front of a tennis court.",True,"no, this is not a shop. it appears to be a black and white photograph of a group of people, possibly tennis players, standing together on a tennis court.",True
790,yes/no,Are they happy?,yes,"yes, they appear to be happy.",True,"the individuals in the image appear to be happy. they are standing together, smiling, and holding tennis rackets, suggesting they are enjoying a tennis match or practice.",False,"the individuals in the image appear to be posing for a photograph, which suggests they might be happy or at least comfortable. however, without more context, it's difficult to determine their exact emotions.",False,"the individuals in the image appear to be posing for a photograph, which suggests they might be happy or at least comfortable. however, without more context, it's difficult to determine their exact emotions.",False
791,yes/no,Are the trying to fix the train?,yes,"yes, it appears that people are trying to fix the train. there are several individuals standing near the train tracks, and one person is holding a tool, which suggests that they might are working on the train.",True,"it appears that the image shows a steam locomotive parked on the tracks, surrounded by some people. while it's not entirely clear from the image alone, it is possible that the people are involved in some sort of maintenance or inspection work on the train",False,"it appears that the people in the image are inspecting or possibly working on the train. they are standing near the locomotive, which suggests they might are involved in some form of maintenance or inspection.",False,"it's not clear from the image whether the people are trying to fix the train. they could be working on it, inspecting it, or simply observing it.",False
792,yes/no,Is the train black?,yes,"yes, the train in the picture is black.",True,"yes, the train in the picture is black.",True,"yes, the train in the picture is black.",True,"yes, the train in the picture is black.",True
793,yes/no,Is this an evening scene?,yes,"yes, it appears to be an evening scene. the sky is orange, which is typical of the sky during sunset.",True,"yes, this appears to be an evening scene. the warm, orange hues of the sky suggest that the sun is setting, which typically occurs in the late afternoon or early evening.",True,"yes, this appears to be an evening scene. the warm, orange hues of the sky suggest that the sun is either setting or has has already set, creating a twilight or sunset atmosphere.",True,"yes, this appears to be an evening scene. the sky is painted in warm hues of orange and pink, which are typical colors of a sunset. the silhouette of the mountain and the plane in the sky further suggest that the sun is setting.",True
794,yes/no,Is this a desert scene?,yes,i don't know if it is a desert scene.,False,"the image depicts a mountainous landscape with a plane flying over it, set against a vibrant orange sky. while the desert scene typically features open, flat terrain with sand dunes and sparse vegetation, this image more closely resembles a mountainous region. the",False,"the image depicts a silhouette of two mountains against a vibrant orange sky. while the desert scene typically includes arid landscapes, sand dunes, and sparse vegetation, this image more closely resembles a mountainous region. the orange sky could be indicative of sunrise",False,"the image depicts a mountainous landscape with a plane flying in the foreground against a vibrant orange sky. while the specific of the landscape is not explicitly stated, the presence of mountains and the overall scene suggest a possible desert-like environment. deserts often feature",False
795,yes/no,Is this a city street?,yes,"yes, the image shows a city street with a bus parked on the side of the road.",True,"yes, the image shows a city street with a bus parked on the side of the road. the presence of buildings and the layout of the street suggest an urban environment.",True,"yes, the image shows a city street with a bus parked on the side of the road.",True,"yes, the image shows a city street with a bus parked on the side. the presence of buildings, a street sign, and other other vehicles in the the background supports this observation.",True
796,yes/no,Is she wearing a bonnet?,yes,"no, she is not wearing a bonnet. she is wearing a straw hat with a polka-dotted ribbon.",False,"yes, the person in the picture is wearing a bonnet.",True,"no, she is not wearing a bonnet. she is wearing a hat with a decorative ribbon.",False,"no, she is not wearing a bonnet. she is wearing a hat with a decorative bow.",False
797,yes/no,Was the woman's collar treated with starch?,yes,"the woman's collar appears to be treated with starch, as it stands upright and has a stiff, formal appearance. this",False,"the woman's collar appears to be treated with starch. the collar is stiff and upright, which is characteristic of starched.",False,"yes, the woman's collar appears to be starched, which was a common style for women's clothing in the early 2 00s.",True,"yes, the woman's collar appears to be starched.",True
798,yes/no,Is it going to storm?,no,it is ambiguous whether it is going to storm.,False,"based on the image, it does not appear to be storming. the sky is clear, and the waves are relatively calm. there are no visible signs of a storm, such as dark clouds or lightning.",True,"based on the image, it does not appear to be going to storm. the sky is clear with no visible signs of clouds that typically precede a storm. the waves are moderate, and there is no indication of strong winds or rough seas that are",True,"based on the image, it does not appear to be stormy. the sky is clear, and the waves are relatively calm. there are no visible signs of a storm, such as dark clouds or lightning.",True
799,yes/no,Does this room have a low ceiling?,no,"no, the room does not have a low ceiling. the ceiling appears to be high, as indicated by the large area covered by the green curtains and the presence of a person standing under it.",True,"no, the room does not have a low ceiling. the ceiling appears to be quite high, as indicated by the visible height of the curtains and the space above the chairs.",True,"no, the room in the picture does not have a low ceiling. the ceiling appears to be high, as indicated by the large area covered by the green curtains and the space above the chairs.",True,"no, the room does not have a low ceiling. the ceiling appears to be quite high, as indicated by the large area covered by the ceiling and the the presence of a chandelier.",True
800,yes/no,Is a person wearing a hooded sweatshirt?,no,"no, the person is not wearing a hooded sweatshirt. they are wearing a white t-shirt.",True,there is no existence of a hooded sweatshirt in the image description.,True,there is no existence of a hooded sweatshirt in the image description.,True,there is no existence of a hooded sweatshirt in the image description.,True
801,yes/no,Is he wearing a helmet?,no,"no, he is not wearing a helmet.",True,"no, he is not wearing a helmet.",True,"no, he is not wearing a helmet.",True,i am not sure if he is wearing a helmet.,True
802,counting,How many tattoos can be seen on this man's body?,1,i can't be sure,False,the man has one tattoo on his left arm.,False,there is no existence of any tattoos on the man's body in the image.,False,the man in the picture has one visible tattoo on his left arm.,False
803,counting,How many pieces of furniture which are used for sleeping are featured in this picture?,2,there are two beds in the the picture.,False,there are two pieces of furniture used for sleeping in the picture.,False,there are two beds in the the picture.,False,"in the picture, there are two beds.",False
804,counting,How many people are in this image?,1,there is one person in the image.,False,there is one person in the image.,False,there is one person in the image.,False,there is one person in the image.,False
805,counting,How many sheeps are this?,3,there are three sheep in the picture.,False,there are three sheep in the picture.,False,there are three sheep in the picture.,False,there are three sheep in the picture.,False
806,counting,How many giraffes are there?,2,there are two giraffes in the picture.,False,there are three giraffes in the picture.,False,there are two giraffes in the picture.,False,there are three giraffes in the picture.,False
807,counting,How many animals are in this photo?,2,there is one giraffe in the photo.,False,there are three animals in the photo.,False,there is one animal in the photo.,False,there are two animals in the photo.,False
808,counting,How many people are on the boat?,5,there are six people on the boat.,False,there are three people on the boat.,False,there are five people on the boat.,False,there are three people on the boat.,False
809,counting,How many people are wearing shorts in the forefront of this photo?,4,there are 10 people wearing shorts in the forefront of this photo.,False,"in the forefront of the photo, there are six people wearing shorts.",False,"in the forefront of the photo, there are three people wearing shorts.",False,"in the forefront of the photo, there are three people wearing shorts.",False
810,counting,How many planes are in the picture?,2,there are two planes in the picture.,False,there are two planes in the picture.,False,there are two planes in the picture.,False,there are three planes in the picture.,False
811,counting,How many trees are in this photo?,3,i am not sure,False,there is one tree in the photo.,False,there is one tree in the photo.,False,there is one tree in the photo.,False
812,counting,How many flowers are painted on the vase?,3,there are 3 flowers painted on the vase.,True,there are 3 flowers painted on the vase.,True,there are three flowers painted on the vase.,False,there are two blue flowers painted on the vase.,False
813,counting,How many elephants are in the water?,2,there are two elephants in the water.,False,there are three elephants in the water.,False,there are no elephants in the water.,False,there are two elephants in the water.,False
814,counting,How many tails can you see in this picture?,3,i can see three tails in this picture.,False,"in the picture, you can see the tails of three elephants.",False,"in the picture, you can see three tails of the elephants.",False,"in the picture, you can see three tails of the elephants.",False
815,counting,How many tusks are visible?,2,there are two tusks visible in the image.,False,there are two tusks visible in the image.,False,there are two tusks visible in the picture.,False,there are two tusks visible in the image.,False
816,counting,How many trees on the table?,3,there are three trees on the table.,False,there are three trees on the table.,False,there are three christmas trees decorations on the table.,False,there are two trees on the table.,False
817,counting,How many horns are in the picture?,0,there are no horns in the picture.,False,there are no horns in the picture.,False,there are two horns in the picture.,False,there are no horns in the picture.,False
818,counting,How many Giraffes are in this image?,2,there are two giraffes in the image.,False,there are three giraffes in the image.,False,there are three giraffes in the image.,False,there are two giraffes in the image.,False
819,counting,How many stairs are there?,6,i is unclear how many stairs there are. it could be 5 or 6.,True,there are three stairs in the picture.,False,there are six stairs in the picture.,False,there are six stairs in the image.,False
820,counting,How many windows are there?,3,i is ambiguous. it can be 1 or 2.,False,there are two windows in the picture.,False,there are two windows in the picture.,False,there are two windows in the picture. one is located above the the sink and the other other is above the the shower.,False
821,counting,How many birds are in the sink?,2,there are two birds in the sink.,False,there are two birds in the sink.,False,there are two birds in the sink.,False,there are two birds in the sink.,False
822,counting,How many tennis players are in the photo?,1,there is 1 tennis player in the photo.,True,there is one tennis player in the photo.,False,there is one tennis player in the photo.,False,there is one tennis player in the photo.,False
823,counting,How many black sheep are there?,10,"it is ambiguous how many black sheep are there. it can be 0, 1, 2, 3, 4, 5, 6, 7, 8, 9, 10, 11",True,there are 10 black sheep in the picture.,True,there are 3 black sheep in the picture.,False,there are 10 black sheep in the picture.,True
824,counting,How many lunches is this?,1,it is ambiguous how many lunches this is. it could be one or two.,False,this is a single lunch.,False,this is a single lunch.,False,this is a single lunch.,False
825,counting,How many hot dogs are shown?,1,there is one hot dog shown in the picture.,False,there is one hot dog shown in the picture.,False,there is one hot dog shown in the picture.,False,there is one hot dog shown in the picture.,False
826,counting,How many pickle spears are there?,0,there are no pickle spears in the image.,False,there are two pickle spears in the image.,False,there are two pickle spears in the image.,False,there are two pickle spears in the picture.,False
827,counting,How many people are eating this hotdog?,1,"it is ambiguous how many people are eating this hotdog. it can be one, two, or three.",False,there is no one eating the hotdog in the picture.,False,there is no one eating the hotdog in the picture.,False,there is no one eating the hotdog in the picture.,False
828,counting,How many sauces are there?,1,there is one sauce in the picture.,False,there is one sauce in the picture.,False,there is one sauce in the picture.,False,there is one sauce in the picture.,False
829,counting,How many kinds of meat products are here?,1,i am not sure,False,"there are two kinds of meat products in the picture. one is the hot dog, and the other is the bacon.",False,"there is one kind of meat product in the picture, which is the hot dog.",False,"there are two kinds of meat products in the picture. one is the sausage in the bun, and the other is the fried meat in the fries.",False
830,counting,How many rolls of toilet paper are on the toilet tank?,2,there are two rolls of toilet paper on the toilet tank.,False,there are two rolls of toilet paper on the toilet tank.,False,there are two rolls of toilet paper on the toilet tank.,False,there are two rolls of toilet paper on the toilet tank.,False
831,counting,How many layers are in this cake?,7,"it is ambiguous how many layers are in the cake. it can be seen 5, 6, 7, 8, 9, 10, 11, 12, 12, 13,",True,"the cake in the picture appears to have multiple layers. it looks like it might be a multi-layered cake, possibly with at least three distinct layers visible.",False,"the cake in the picture appears to have multiple layers. it looks like it might has least 5 layers, but could be more. the layers are visible through the transparent chocolate glaze.",False,"the cake in the picture appears to have multiple layers. it looks like it might be a multi-layered cake, possibly with at least three or four layers. the exact number of layers cannot be determined with certainty without a closer inspection.",False
832,counting,How many people can eat this cake?,1,it is ambiguous how many people can eat this cake.,False,it is ambiguous how many people can eat this cake.,False,it is ambiguous how many people can eat this cake.,False,"the image shows a single slice of cake on a plate. therefore, one person can eat this cake.",False
833,counting,How many vehicles are shown?,2,there is one vehicle shown in the picture.,False,there are two vehicles shown in the picture.,False,there are no vehicles shown in the image.,False,there are two vehicles shown in the picture.,False
834,counting,How many lamps are there?,2,there is one lamp in the the image.,False,there are two lamps in the the image.,False,there is one lamp in the the picture.,False,there is one lamp in the the image.,False
835,counting,How many lamps are in the room?,2,there are two lamps in the room.,False,there are two lamps in the room.,False,there is one lamp in the the room.,False,there are two lamps in the room.,False
836,counting,How many pictures on the wall?,4,there are four pictures on the wall.,False,there are three pictures on the wall in the image.,False,there are four pictures on the wall.,False,there are three pictures on the wall in the image.,False
837,counting,How many TVs are on?,1,i is on.,False,there is one tv on in the picture.,False,there is one tv on in the picture.,False,there is one tv on in the picture.,False
838,counting,How many pictures are on the wall?,4,there are four pictures on the wall.,False,there are three pictures on the wall.,False,there are four pictures on the wall.,False,there are three pictures on the wall.,False
839,counting,How many men in the picture are wearing sunglasses?,1,i am not sure,False,there are two men in the picture who are wearing sunglasses.,False,there are two men in the picture wearing sunglasses.,False,there is one man in the picture who is wearing sunglasses.,False
840,counting,How many people can be seen?,2,i can't be seen,False,there are two people visible in the image.,False,there are two people visible in the image.,False,there are two people visible in the image.,False
841,counting,How many green lights are there?,1,there is one green light in the picture.,False,there are two green lights in the picture.,False,there are two green lights in the picture.,False,there is one green light visible in the image.,False
842,counting,How many lights does the plane have?,5,the plane has 4 lights.,False,the plane in the picture has four lights visible.,False,the plane in the picture has four lights.,False,the plane in the picture has four lights.,False
843,counting,How many planes are in this photo?,1,there is one plane in the photo.,False,there is one plane in the photo.,False,there is one plane in the photo.,False,there is one plane in the photo.,False
844,counting,How many people are standing in this image?,3,there are three people standing in the image.,False,there is one person standing in the image.,False,there are two people standing in the image.,False,there are two people standing in the image.,False
845,counting,How many poles is the person holding?,2,the person is holding two poles.,False,the person in the picture is holding two ski poles.,False,the person is holding two poles.,False,the person is holding two poles.,False
846,counting,How many bodies of water are in this scene?,1,there is one body of water in the scene.,False,there is one body of water in the scene.,False,there is one body of water in the scene.,False,there is one body of water in the scene.,False
847,counting,How many light post is there?,4,there are three light posts in the picture.,False,there are two light posts in the picture.,False,there is one light post in the picture.,False,there are two light posts in the picture.,False
848,counting,How many people are in the picture?,3,there are two people in the picture.,False,there are two people in the the picture.,False,there are three people in the picture.,False,there are three people in the picture.,False
849,counting,How many pigeons are there?,6,there are five pigeons in the picture.,False,there are three pigeons in the picture.,False,there are six pigeons in the picture.,False,there are two pigeons in the picture.,False
850,counting,How many bells are there?,1,there is one bell on the the clock tower.,False,there is one bell in the tower.,False,there is one bell in the clock tower.,False,there is one bell in the the clock tower.,False
851,counting,How many clock faces does this building have?,1,i don't know how many clock faces this building has. it can be 1 or 2.,True,the building in the picture has two clock faces.,False,the building in the picture has one clock face.,False,the building in the picture has one clock face.,False
852,counting,How many flags are by the building's entrance?,0,there are no flags by the building's entrance.,False,there are two flags by the building's entrance.,False,there are no flags by the building's entrance.,False,there are two flags by the building's entrance.,False
853,counting,How many windows are shown?,5,"it is ambiguous how many windows are shown. it can be seen 4, 5, 6, 3, 2, 1, 2, 2, 1, 2, 1, 2,",True,there are two windows shown in the picture.,False,there are two windows shown in the picture.,False,there are two windows shown in the picture.,False
854,counting,How many windows are pictured?,4,"it is ambiguous how many windows are pictured. it can be 4, 5, 6, 7, or 3.",True,there are two windows pictured.,False,there are two windows pictured.,False,there are two windows pictured.,False
855,counting,How many sheep can you see?,2,there are two sheep in the picture.,False,there are two sheep visible in the picture.,False,there are two sheep visible in the picture.,False,there are two sheep visible in the picture.,False
856,counting,How many people are there?,1,there is one person in the picture.,False,there is one person in the the picture.,False,there is one person in the picture.,False,there is one person in the picture.,False
857,counting,How many people are in the image?,1,there is one person in the image.,False,there is one person in the the image.,False,there is one person in the the image.,False,there is one person in the the image.,False
858,counting,How many birds are there?,3,there are three birds in the picture.,False,there are two birds in the picture.,False,there are two birds in the picture.,False,there are two birds in the picture.,False
859,counting,How many men are playing baseball?,5,there are six men playing baseball in the picture.,False,there are four men playing baseball in the image.,False,there are two men playing baseball in the image.,False,there are three men playing baseball in the picture.,False
860,counting,How many pots are hanging under the shelf?,2,there are two pots hanging under the shelf.,False,there are two pots hanging under the shelf.,False,there are two pots hanging under the shelf.,False,there are two pots hanging under the shelf.,False
861,counting,How many zebras are there?,13,there are 11 zebras in the picture.,False,there are 10 zebras in the picture.,False,there are 10 zebras in the picture.,False,there are six zebras in the picture.,False
862,counting,How many zebras can you see eating?,3,i can see three zebras eating.,False,"in the image, there are three zebras visible.",False,there are three zebras visible in the picture.,False,"in the image, there are two zebras that appear to be eating.",False
863,counting,How many kinds of animals are in this photo?,1,"there is only one kind of animal in the photo, which is zebras.",False,there are two kinds of animals in the photo: zebras and a cat.,False,"there is only one kind of animal in the photo, which is zebras.",False,"there are three kinds of animals in the photo: zebras, elephants, and giraffes.",False
864,counting,How many different types of animals are in this scene?,1,"there is only one type of animal in this scene, which is a zebra.",False,"there is only one type of animal in this scene, which is the zebra.",False,"there is only one type of animal in this scene, which is the zebra.",False,"there is only one type of animal in this scene, which is the zebra.",False
865,counting,How many animals are there?,3,there are three zebras in the picture.,False,there are three zebras in the picture.,False,there are three zebras in the picture.,False,there are four zebras in the picture.,False
866,counting,How many arrows can be seen?,1,i can see two arrows,False,there are two arrows in the picture.,False,there are two arrows visible in the image.,False,there are two arrows in the picture.,False
867,counting,How many stripes are at the bottom of the picture?,5,there are 5 stripes at the bottom of the picture.,True,"at the bottom of the picture, there are 10 stripes.",False,"at the bottom of the picture, there are four stripes.",False,"at the bottom of the picture, there are three white stripes.",False
868,counting,How many potted plants do you see?,3,i see two potted plants in the picture.,False,"in the picture, there are two potted plants visible.",False,there are three potted plants visible in the picture.,False,"in the picture, i see two potted plants.",False
869,counting,How many chairs are there?,1,there is one chair in the the image.,False,there are two chairs in the picture.,False,there are three chairs in the picture.,False,there are two chairs in the picture.,False
870,counting,How many kids in this photo?,3,it is ambiguous how many kids are in the photo. it can be seen 2 or 3.,True,there are no kids in the photo.,False,there are two kids in the photo.,False,there are two kids in the photo.,False
871,counting,How many animals?,5,there are five animals in the picture.,False,there are two animals in the picture.,False,there are four animals in the picture.,False,there are four animals in the picture.,False
872,counting,How many laptops are on the coffee table?,3,there are three laptops on the coffee table.,False,there are two laptops on the coffee table.,False,there are four laptops on the coffee table.,False,there are three laptops on the coffee table.,False
873,counting,How many people are in the picture?,50,"it is ambiguous how many people are in the picture. it can be seen as 10, 12, 13, 14, 15, 16, 17, 18, 1",False,there are 10 people in the picture.,False,there are 10 people in the picture.,False,there are 13 people in the picture.,False
874,counting,How many knobs are there?,4,there are two knobs in the picture.,False,there is one knob visible in the image.,False,there are two knobs in the picture.,False,there are two knobs visible in the image.,False
875,counting,How many buses are there?,1,there is one bus in the picture.,False,there is one bus in the picture.,False,there is one bus in the picture.,False,there is one bus in the picture.,False
876,counting,How many decks does this bus have?,2,the bus in the picture has two decks.,False,the bus in the picture has two decks. it is a double-decker bus.,False,the bus in the picture has two decks.,False,the bus in the picture has two decks. it is a double-decker bus.,False
877,counting,How many windows?,11,it is ambiguous how many windows there are.,False,"the image shows a bus and a truck. the bus has two visible windows, and the truck has one visible window.",False,there are two windows visible in the image.,False,"the image shows a yellow truck and a black bus. the yellow truck has has two visible windows, one on the front and one on the the side. the black bus has has three visible windows, one on the front and two on the side.",False
878,counting,How many steps does it take to get to the top?,2,"it is ambiguous how many steps it takes to get to the top. it can be 2, 3, 4, 5, 6, 7, 8, 9, 10, 11,",True,"to get to the top bunk, you need to climb two steps steps.",False,"to get to the top bunk, you need to climb 4 steps.",False,"to get to the top bunk, you need to climb 4 steps.",False
879,counting,How many ski boards are in the picture?,5,there are 5 ski boards in the picture.,True,there are five ski boards in the picture.,False,there are five ski boards in the picture.,False,there are six ski boards in the picture.,False
880,counting,How many blue stripes are on the babies shirt?,many,i cannot determine the number of blue stripes on the baby's shirt.,False,the baby in the striped shirt has 6 blue stripes.,False,the baby on the right is wearing a shirt with blue stripes. there are at least three visible blue stripes on the shirt.,False,the baby in the striped shirt has 6 blue stripes.,False
881,counting,How many babies are in this photo?,2,there are two babies in the photo.,False,there are two babies in the photo.,False,there are two babies in the photo.,False,there are two babies in the photo.,False
882,counting,How many balls are on the ground?,6,there are 6 balls on the ground.,True,there are 10 balls on the ground.,False,there is no existence of a ball in the image description.,False,there are five balls on the ground.,False
883,counting,How many glasses are there?,2,there are two glasses on the table.,False,there are two glasses in the picture.,False,there are two glasses in the picture.,False,there are two glasses in the picture.,False
884,counting,How many horses are on the picture?,3,there are three horses in the the image.,False,there are three horses in the picture.,False,there are three horses in the picture.,False,there are three horses in the picture.,False
885,counting,How many horses are in the picture?,3,there are three horses in the picture.,False,there are three horses in the picture.,False,there are three horses in the picture.,False,there are three horses in the picture.,False
886,counting,How many kids?,1,there is one kid in the picture.,False,there are two kids in the picture.,False,there is one child in the the image.,False,there are two kids in the picture.,False
887,counting,How many black umbrellas?,3,there are three black umbrellas in the picture.,False,there is one black umbrella in the picture.,False,there are two black umbrellas in the picture.,False,there are three black umbrellas in the picture.,False
888,counting,How many skis are on the ground?,4,there are 4 skis on the ground.,True,there are four skis on the ground.,False,there are no skis on the ground.,False,there are four skis on the ground.,False
889,counting,How many water jugs are visible?,2,i can't tell how many water jugs are visible,False,there are two water jugs visible in the image.,False,there are two water jugs visible in the image.,False,there are two water jugs visible in the image.,False
890,counting,How many trains are there?,3,there are two trains in the picture.,False,there are three trains in the picture.,False,there is one train in the picture.,False,there are two trains in the picture.,False
891,counting,How many kids are there?,5,there are five kids in the picture.,False,there are five kids in the picture.,False,there are five kids in the picture.,False,there are five kids in the picture.,False
892,counting,How many rocks?,2,there are two rocks in the picture.,False,there are two rocks in the picture.,False,there are two rocks in the picture.,False,there is one rock in the the image.,False
893,counting,How many zebras are there?,2,there are two zebras in the picture.,False,there are three zebras in the picture.,False,there are two zebras in the picture.,False,there are two zebras in the picture.,False
894,counting,How many floors do you think the highest building has?,50,"it is ambiguous how many floors the highest building has. it could be 50, 100, 2, 1000, 10000, 100000, 10",True,"the highest building in the picture appears to be a skyscraper, which typically has have hundreds of floors. however, without specific information about the building, it's difficult to give an exact number. skyscrapers in new york city often have between",False,"the highest building in the picture appears to be a skyscraper, which typically has have between 30 to 50 floors. however, without specific information about the building, it's difficult to give an exact number.",True,"the building in the background appears to be a skyscraper, which typically has have many floors. however, without a clear view of the entire building, it's difficult to determine the exact number of floors. skyscrapers buildings can range from",False
895,counting,How many people are surfing?,1,i is surfing.,False,there is one person surfing in the picture.,False,there is one person surfing in the picture.,False,there is one person surfing in the picture.,False
896,counting,How many kids are wearing black and white?,5,there are 5 kids wearing black and white.,True,there are two kids wearing black and white.,False,there are two kids wearing black and white.,False,there are two kids wearing black and white.,False
897,counting,How many men are wearing hats?,0,there is no existence of any hats in the image description.,False,there are no men wearing hats in the picture.,False,there are no men wearing hats in the picture.,False,there are no men wearing hats in the picture.,False
898,counting,How many holes are on the phone case?,1,there is no phone case in the image.,False,the phone case has two holes.,False,the phone case has two holes.,False,the phone case has two holes.,False
899,counting,How many phones do you see?,1,i see one phone in the picture.,False,"in the picture, there is one phone visible.",False,"in the picture, i see one phone.",False,"in the picture, there is one phone visible.",False
900,counting,How many cookies can be seen?,2,there are two cookies visible in the image.,False,there are two cookies in the picture.,False,there is one cookie in the the yellow container.,False,there are two cookies visible in the image.,False
901,counting,How many girls are visible?,2,there is one girl visible in the picture.,False,there is one girl visible in the picture.,False,there are two girls visible in the picture.,False,there is one girl visible in the picture.,False
902,counting,How many colors are in the tile?,1,"the tile in the bathroom has has one color, which is black.",False,the tile in the bathroom has two colors: white and blue.,False,there are two colors in the tile: white and blue.,False,the tile in the bathroom has two colors: black and white.,False
903,counting,How many people are standing next to each other?,4,there are four people standing next to each other.,False,there are four people standing next to each other.,False,there are four people standing next to each other.,False,there are four people standing next to each other.,False
904,counting,How many rackets?,8,there are four tennis rackets in the picture.,False,there are four tennis rackets in the picture.,False,there are four tennis rackets in the picture.,False,there are three tennis rackets in the picture.,False
905,counting,How many people are in this photo?,4,there are four people in the photo.,False,there are four people in the photo.,False,there are four people in the photo.,False,there are four people in the photo.,False
906,counting,How many girls are in the picture?,4,there are four girls in the picture.,False,there are four girls in the picture.,False,there are four girls in the picture.,False,there are four girls in the picture.,False
907,counting,How many people don't have a skateboard?,4,there is no skateboard in the image.,False,"there are four people in the picture, and all of them are holding tennis rackets. therefore, the number of people who do not have a skateboard is four.",False,"there are four people in the picture, and all of them are holding tennis rackets.",False,"there are four people in the picture, and all of them are holding tennis rackets. therefore, none of them are holding a skateboard.",False
908,counting,How many of the four main individuals are wearing baseball caps?,0,none of the four main individuals are wearing baseball caps.,False,none of the four main individuals are wearing baseball caps.,False,none of the four main individuals are wearing baseball caps.,False,none of the four main individuals are wearing baseball caps.,False
909,counting,How many racquets?,8,there are four racquets in the picture.,False,there are four racquets in the picture.,False,there are four racquets in the picture.,False,there are four racquets in the picture.,False
910,counting,How many legs are in the image?,8,there are 8 legs in the image.,True,there are 8 legs in the image.,True,there are 8 legs in the image.,True,there are 8 legs in the image.,True
911,counting,How many passengers does this bus carry?,30,it is unknown how many passengers does this bus carry. it can carry 2 or 10.,False,"the bus in the picture is a small, compact bus, likely designed for short-distance or local transit. it appears to be a shuttle or a small city bus, which typically carries a small number of passengers, usually up to 2.",False,"the bus in the picture appears to be a city transit bus, and it is likely designed to carry a moderate number of passengers. however, without a clear view of the interior or specific markings indicating the seating capacity, it's difficult to provide an exact",False,"the bus in the picture is a small, compact bus, likely designed for short-distance transportation or sightseeing tours. it appears to have a seating capacity of around 10-15 passengers, including the driver. however, the exact number can",False
912,counting,How many open umbrellas are there on the beach?,3,there are three open umbrellas on the beach.,False,there are two open umbrellas,False,there are three open umbrellas on the beach.,False,there are three open umbrellas on the beach.,False
913,counting,How many umbrellas do you see?,3,there are three umbrellas in the picture.,False,there are two umbrellas in the picture.,False,there are three umbrellas in the picture.,False,there are three umbrellas in the picture.,False
914,counting,How many striped objects are in the photo?,4,there are 5 striped objects in the photo.,False,there are two striped objects in the photo.,False,there are two striped objects in the photo.,False,there are two striped objects in the photo.,False
915,location,Where is the giraffe?,near tree,"the giraffe is in a natural environment, likely a zoo or a wildlife reserve. it is standing near a tree and a fallen log, surrounded by greenery and trees branches.",False,"the giraffe is in a natural setting, likely a zoo or wildlife park. the background shows trees and a log, indicating an outdoor enclosure.",False,"the giraffe is in a natural setting, likely a zoo or a wildlife reserve. it is standing near a tree, surrounded by greenery and trees trunks.",False,"the giraffe is in a natural setting, likely a zoo or a wildlife reserve. it is standing near trees branches and logs, surrounded by greenery.",True
916,location,Where are the two blue coolers?,left,i don't know where the two blue coolers are.,False,the two blue coolers are located on the floor in the middle of the room.,False,"the two blue coolers are located on the floor near the center of the image. they are placed side by side, with one slightly to the left of the the other.",True,"the two blue coolers are located on the floor in the room. they are placed next to each other, with one slightly behind the other.",False
917,location,Where are the trucks?,dock,"the trucks are parked on a concrete surface, likely near a body of water, such as a river or a lake. the trucks appear to be construction or heavy-duty vehicles, possibly used for industrial or commercial purposes.",False,the trucks are on a dock or near a body of water.,True,"the trucks are on a dock or near a waterfront area. the background shows a body of water and some structures, possibly buildings or bridges, in the distance.",True,"the trucks are parked on a concrete surface, likely at a dock or loading area. the background shows a body of water, suggesting they might be near a port or harbor.",True
918,location,Where is Brooklyn Avenue?,bottom,"brooklyn avenue is located in the brooklyn neighborhood of the city of new york, united states.",False,brooklyn avenue is located in the brooklyn neighborhood of new york city.,False,the image shows a street sign indicating the intersection of brooklyn avenue and athol avenue. the sign is mounted on a pole in front of a building.,False,"the image shows a street sign indicating brooklyn avenue. the sign is located at the intersection of brooklyn avenue and another street, but the name of the other street is not visible in the image.",False
919,location,Where is the bird?,on cliff,the bird is perched on a rock in the middle of a rocky landscape.,False,the bird is perched on a rock in the image.,False,the bird is perched on a rock in the image.,False,the bird is perched on a rock in the center of the image.,False
920,location,Where is the mirror?,wall,the mirror is on the wall to the right of the man.,True,the mirror is located on the wall above the window.,True,the mirror is on the wall to the right of the person standing in front of the television.,True,the mirror is located on the wall behind the person standing in the living room.,True
921,location,Where is the sink located?,bathroom,the sink is located in the bathroom.,True,"the sink is located on the left side of the image, near the bottom.",False,"the sink is located on the left side of the image, near the bottom.",False,"the sink is located on the left side of the image, near the bottom.",False
922,location,Where is the soap?,shower,i don't know where the soap is.,False,"the soap is placed on the the edge of the bathtub, to the right of the sink.",False,"the soap is located on the right side of the shower, near the shower head.",True,the soap is located on the countertop to the left of the sink.,False
923,location,Where is the human?,on top of hill,"the human is standing on the hill, overseeing the sheep.",False,there is no human in the picture.,False,the human is standing on the hill in the background.,False,the human is standing on the hill.,False
924,location,Where is the light coming from?,window,"the light is coming from a window or a door that is open, allowing natural light to enter the bathroom.",True,the light is coming from the window on the left side of the image.,True,the light in the image is coming from a window above the the sink.,True,"the light in the image is coming from the left side of the bathroom. it appears to be natural light, possibly from a window or a door that is not fully visible in the image.",True
925,location,Where is the television?,wall,"the television is located in the living room, placed on a stand or a small table. it is positioned against the wall, and it is turned on, displaying a screen with some content.",True,"the television is located in the living room, positioned on a stand or table. it is placed against the wall, and there is a sofa and a chair nearby.",True,the television is located in the living room.,False,"the television is located in the living room, positioned on a stand or entertainment center. it is placed against the wall, and there is a sofa and a chair in front of it.",True
926,location,Where is the street sign?,pole,"the street sign is located at the intersection of the street, indicating the name of the street.",False,the street sign in the picture is located at the intersection of the street. it is mounted on a pole and displays the name of the street.,True,the street sign in the picture is located at the intersection of two streets. it is positioned above the traffic lights and is visible to drivers and pedestrians. the sign indicates the names of the intersecting streets.,False,"the street sign in the picture is located at the intersection of two streets. the sign is positioned on a pole above the the road, indicating the names of the intersecting streets. the sign is visible in the upper middle part of the image.",True
927,location,Where are the women walking?,crosswalk,"the women are walking on the sidewalk, crossing the street.",False,the two women are walking on a sidewalk in an urban area. the sidewalk is adjacent to a street with cars parked along the curb and a bus stop nearby. the area appears to be a city street with buildings and traffic lights in the the background.,False,the women are walking on the the sidewalk on the right side of the street.,False,"the women are walking on the sidewalk, which is located on the left side of the image.",False
928,location,Where is the woman standing?,crosswalk,"the woman is standing on the the sidewalk, near the crosswalk.",True,the woman is standing on the the sidewalk.,False,the woman is standing on the the sidewalk.,False,"the woman is standing on the the sidewalk, near the crosswalk.",True
929,location,Where was this shot at?,florist,"this image appears to have been taken at a flower shop or a florist's. the display features various colorful flower arrangements in vases, which is typical of a flower shop where customers can purchase fresh flowers. the setting includes multiple vases with different",True,the image appears to be taken in a flower shop or a floral arrangement store. the presence of various colorful flower arrangements in vases suggests a retail environment where flowers are sold.,False,"the image appears to be taken inside a flower shop or a florist's. the background shows shelves with various types of flowers, indicating a retail environment where flowers are sold.",True,the image appears to be taken inside a flower shop or a floral arrangement store. the presence of various colorful flower arrangements in vases suggests a retail environment dedicated to selling flowers.,False
930,location,Where is the cupcake?,plate,the cupcake is on a paper plate on the desk.,True,the cupcake is on a paper plate on a desk.,True,"the cupcake is on the desk, surrounded by books, a laptop, and other other items.",False,the cupcake is on a white plate on the desk.,True
931,location,Where was this picture taken?,parking lot,"it is ambiguous where this picture was taken. it could be a parking lot, a beach, or a parking garage.",True,this picture appears to have been taken at an airport or a large open area with aircraft. the presence of airplanes and the layout suggest it could be an airport runway or a similar facility. the mountains in the the background could be part of the san francisco,False,"this picture appears to have been taken at a dock or waterfront area. the presence of boats, the open space, and the distant mountains in the background suggest it could be a location of a marina or a harbor. the specific location is not identifiable",False,"this picture appears to be taken on a rooftop or an open area with a view of mountains in the background. the setting looks like it could be a part of a city or an industrial area, possibly near a port or a dock, given the presence",False
932,location,Where is the laptop?,on table,the laptop is on a wooden table.,False,the laptop is on a wooden table.,False,the laptop is on a wooden table.,False,the laptop is on a wooden table.,False
933,location,Where are the two upside down glasses?,nightstand,there is no existence of upside down glasses in the image description.,False,there are no upside-down glasses in the image.,False,there are no upside-down glasses in the image.,False,there are no upside-down glasses in the image.,False
934,location,Where is the open door?,nowhere,there is no open door in the image.,False,"the image shows a double-decker bus parked on a street. the open door is located on the left side of the bus, facing the viewer.",False,"the image shows a double-decker bus parked on a street. the open door is located on the lower deck of the bus, on the right side of the bus as you look at it.",False,"the image shows a double-decker bus on a city street. the open door is located on the side of the bus, near the front.",False
935,location,Where are the buns?,by plates,the buns are in a container on the table next to the the man.,False,the buns are on a tray in the foreground of the image.,False,the buns are on the grill next to the hot dogs.,False,the buns are in a container on the right side of the grill.,False
936,location,Where is the table lamp?,on table,the table lamp is on a table to the left of the man.,False,the table lamp is on a table in the background of the image.,False,the table lamp is on a table next to the man.,False,the table lamp is on a table to the left of the man in the image.,False
937,location,Where is the cup?,on table,"the cup is on the left side of the image, placed on the a table.",False,the cup is on the table to the left of the hot dog.,False,the cup is on the table.,False,"the cup is on the table, to the left of the hot dog.",False
938,location,Where do you think all these are located?,restaurant,"it is ambiguous where all these are located. it could be a restaurant, dining room, or dining table.",True,"the image depicts a restaurant setting with tables, chairs, and dining utensils. the tables are covered with white tablecloths, and there are plates, forks, knives, and a water bottle on the one of the tables. the restaurant appears to",True,"the image depicts a restaurant setting with tables set for dining. the tables are covered with white tablecloths, and each table has wine glasses, a water bottle, and cutlery. the background shows large windows, suggesting a view of the outside",True,"the image depicts a restaurant setting with tables set for dining. the tables are covered with white tablecloths, and each table has a plate, a fork, a knife, and a glass. there are also bottles and glasses on the tables, suggesting",True
939,location,Where is the room?,restaurant,"the room appears to be a restaurant or dining area. the presence of tables, chairs, tablecloths, and dining utensils such as plates, forks, and knives, along with wine glasses and a bottle, suggests that it is a place where",True,"the room appears to be a restaurant or dining area. the tables are set with white tablecloths, plates, forks, knives, and glasses, indicating a formal dining setting. the presence of chairs and the overall arrangement suggest it is a place where",True,"the room appears to be a restaurant or dining area. the tables are set with white tablecloths, wine glasses, and cutlery, indicating a formal dining setting. the presence of a water bottle and a menu on the table further supports this",True,"the room appears to be a restaurant or dining area. the table is set with a white tablecloth, plates, utensils, and a water bottle, indicating it is prepared for a meal. the background shows other of other tables and chairs, suggesting",True
940,location,Where is the cat?,bed,"the cat is lying on a bed or couch, surrounded by pillows.",True,the cat is lying on a couch.,False,"the cat is lying on a bed in a bedroom. the bed has pillows and a blanket, and there is a window in the the background.",True,the cat is lying on a bed in a room. the bed has a patterned blanket and pillows.,True
941,location,Where is number 8?,left,"number 8 is located on the left side of the image, wearing a white jersey and black shorts.",True,"number 8 is located in the center of the image, standing near the goalpost.",False,"number 8 is on the left side of the image, standing near the goal post.",True,"number 8 is located on the left side of the image, standing near the goalpost.",True
942,location,Where is the shower located?,in bathroom,the shower is located in the bathroom.,False,the shower is located in the bathroom.,False,the shower is located in the bathroom.,False,the shower is located in the bathroom.,False
943,location,Where is the cat sitting?,stump,the cat is sitting on a wooden stump.,True,the cat is sitting on a tree stump.,True,"the cat is sitting on a wooden surface, likely a tree stump or a log, in an outdoor setting. the background features green foliage, indicating that the cat is in a garden or a wooded area.",True,the cat is sitting on a tree stump.,True
944,location,Where is this?,beach,"it is ambiguous where this is. it could be a beach, ocean, or shore.",True,"this image depicts a person riding a horse on a beach with the ocean in the background. the setting appears to be a coastal area with waves crashing onto the shore. the sky is overcast, giving the scene a somewhat moody atmosphere.",True,"this image depicts a beach scene with a person standing in the shallow water, facing the ocean. the waves are crashing onto the shore, and the sky appears to be clear with some clouds. the location of this beach is not specified in the the image",True,"this image depicts a person riding a horse on a beach. the ocean waves are visible in the background, and the sky appears to be clear. the setting suggests a coastal area with sandy shores and a calm sea.",True
945,reasoning,Why is the man on the street?,homeless,"it is unknown why the man is on the street. it could be because he is homeless, or he is just sitting there.",True,"the man appears to be sitting on the street with a few stuffed animals, including a large brown dog and a smaller white bear. he is wearing a red jacket and seems to be be in a state of distress or discomfort. the presence of the stuffed",False,the man is on the street because he is walking.,False,the man appears to be sitting on the street with a stuffed animal and a cup in front of him. it is possible that he is homeless and is asking for help or donations.,True
946,reasoning,Why are the birds only appearing as black silhouettes?,shadows,"the birds are only appearing as black silhouettes because the image is taken during the golden hour, which is the time of day when the sun is low in the sky, casting long shadows and creating a warm, golden light. this is a time",True,"the birds are appearing as black silhouettes because the image has a high-contrast, low-saturation effect applied to it. this the image has a high-contrast, low-saturation effect applied to it.",False,"the birds appear as black silhouettes because the image is a black and white photograph. in black and white photography, colors are not present, and the contrast between the birds and the background is high, making the birds appear as a dark shape against",False,the birds are appearing as black silhouettes because the image has been edited to show them as such. this: the birds are appearing as black silhouettes because the image has been edited to show them as such.,False
947,reasoning,Why are there so many clothes on the bed?,laundry,"it is unclear why there are so many clothes on the bed. it could be because the person is packing or unpacking, or they are just messy.",False,"the presence of multiple clothes on the bed suggests that the person might is either in the process of organizing, folding, or packing their clothes. it could also indicate that they are preparing for a trip or have recently returned from one. the clothes are spread",False,the image shows a person lying on a bed with a large pile of clothes on top of them. this,False,the image shows a cluttereded bed with a lot of clothes on it. this,False
948,reasoning,Why is the man cooking so many hot dogs?,party,"the man is cooking so many hot dogs to serve a large group of people, likely for a gathering or event. the presence of multiple hot dogs on the grill, along with the bread and cups, suggests that he is preparing a meal for a group",False,"the man is cooking a large number of hot dogs, likely for a gathering or event. this is a large number of hot dogs, likely for a gathering or event.",False,"the man is cooking a large number of hot dogs, likely for a gathering or event. the presence of multiple hot dogs on the grill suggests that he is preparing food for a group of people, such as a picnic, a party, or a community",True,"the man is cooking a large number of hot dogs, likely for a gathering or event. this the image, it appears that he is preparing food for a group of people, possibly a picnic, a barbecue, or a party. the presence of multiple",True
949,reasoning,Why is the girl holding an umbrella?,sun,the girl is holding an umbrella to protect herself from the sun.,True,"the girl is holding an umbrella to protect herself from the sun. the bright pink umbrella is likely providing her from the sun's rays, providing she is standing in a sunny area.",True,the girl is holding an umbrella to protect herself from the sun or rain.,True,"the girl is holding an umbrella to protect herself from the sun. the bright sunlight and the fact that she is wearing a swimsuit suggest that it is a sunny day, and the umbrella is being used to shield her from the sun's rays.",True
950,reasoning,Why would someone not like the fruit at the front?,they don't like oranges,"it is ambiguous why someone would not like the fruit at the front. it could be because of its color, size, shape, or taste.",False,"the fruit at the front, which appears to be an orange, might not be liked by someone who dislikes bitter or sour flavors. oranges are known to have a slightly bitter taste, which some people might find unpleasant.",False,"the fruit at the front appears to be a pear, which some people might not like because it is not sweet or has a strong flavor.",False,"the fruit at the front appears to be an orange, and someone might not like it for several reasons. firstly, the orange seems to be overly ripe, which can make it less flavorful and less enjoyable to eat. secondly, the orange has is not",False
951,reasoning,Why is the top light on?,to stop traffic,"the top light on the traffic signal is red, indicating that vehicles must stop at the intersection.",False,"the top light on the traffic signal is red. traffic lights typically have three colors: red, yellow, and green. the red light is used to indicate that vehicles or pedestrians should stop.",False,"the top light on the traffic signal is red, indicating that vehicles must stop. this: the top light on the traffic signal is red, indicating that vehicles must stop.",False,the top light on the traffic signal is red. this,False
952,reasoning,Why is the man in mid-air?,snowboarding,"the man is in mid-air because he is performing a snowboarding trick. he is likely airborne after launching off a ramp or jump, showcasing his skills and possibly competing in a snowboarding event.",True,the man is in mid-air because he is performing a snowboarding trick.,True,"the man is in mid-air because he is performing a snowboarding trick. snowboarders often jump off ramps or natural features to execute aerial maneuvers, which can include spins, flips, and grabs. the image captures a moment of the trick, showcasing",True,"the man is in mid-air because he is performing a snowboarding trick. snowboarders often jump off ramps or natural features to execute aerial maneuvers, which can include flips, spins, and grabs. the image shows the snowboarder in the air",True
953,classification,What kind of room is this?,living room,"the room in the picture appears to be a living room or a storage room. it is filled with various boxes, furniture, and household items. the presence of boxes suggests that it might might be a room in the the process of being unpackeded",True,this is a living room.,True,this is a living room.,True,"this is a living room. it appears to be a cluttereded with various items such as boxes, furniture, and other. the room has a sofa, a table, and some other. there is also a window on the floor.",True
954,classification,What kind of trees are on the table?,christmas,the trees on the table are christmas trees.,True,there are trees decorations on the table.,False,there are two trees on the table.,False,there are trees decorations on the table.,False
955,classification,What kind of food is shown?,hot dog,"the image shows a hot dog with toppings, such as grilled onions and possibly cheese, served on a bun. the hot dog is accompanied by a side of sweet potato fries. there is also a small bowl of mayonnaise or mustard sauce on the",True,"the image shows a plate of food that includes a hot dog with toppings, such as onions and possibly a sauce, and a side of sweet potato fries. there is also a small cup of what appears to be a creamy condiment, possibly mayonna",True,"the image shows a hot dog with caramelized onions on a bun, accompanied by sweet potato fries and a small dish of butter.",True,"the food shown in the picture is a hot dog with toppings, served with a side of sweet potato fries. the hot dog appears to be topped with onions and possibly bacon, and there is a small cup of condiment on the side.",True
956,classification,What kind of sauce is in the largest ramekin?,butter,"i is unclear what kind of sauce is in the largest ramekin. it could be mayonnaise, mustard, or cheese.",False,"the largest ramekin contains a white sauce, which could be mayonnaise or a similar condiment.",False,"the largest ramekin contains a white sauce, which could be mayonnaise or a similar spread.",False,the largest ramekin contains a white sauce.,False
957,classification,What kind of toppings are on the hot dogs?,onions,the hot dogs are topped with onions.,True,the hot dogs are topped with bacon.,False,the hot dogs are topped with onions.,True,the hot dogs are topped with onions.,True
958,classification,What kind of meat is this?,hot dog,the meat in the picture is a hot dog.,True,"the dish in the picture appears to be a hot dog with toppings. the meat in the hot dog bun is likely a sausage, which is commonly used in hot dogs. the toppings on the sausage include what looks like bacon and possibly sauerkra",True,"the meat in the picture appears to be a sausage, likely a hot dog. it is served in a bun with some toppings, possibly onions, and is accompanied by a side of sweet potato fries.",True,"the meat in the picture appears to be sausage, specifically a hot dog sausage. it is served in a bun with toppings and accompanied by a side of fries.",True
959,classification,What kind of potato are the fries?,sweet,the fries in the picture are sweet potato fries.,True,the fries in the picture appear to be sweet potato fries. they have a darker color and a slightly different texture compared to regular potato fries.,True,"the fries in the picture appear to be sweet potato fries. they have a reddish-brown color, which is characteristic of sweet potatoes.",True,"the fries in the picture appear to be sweet potato fries. they have a reddish-brown color, which is characteristic of sweet potatoes.",True
960,classification,What kind of plants are these?,flowers,i am not sure what kind of plants these are. they could be flowers.,True,"the plants in the picture appear to be withered or dying. they are in a vase, and the flowers looks like it could be a type of dr flower, but it's hard to identify the exact species without more information.",True,"the plants in the picture appear to be withered or dead. they have drooping, yellowing leaves, which suggests they are not healthy. without more specific information or a closer look, it's difficult to identify the exact species of these plants.",False,"the plants in the picture appear to be withered or dried flowers. they are in a vase, and the flowers heads are yellowish-brown, indicating they are not currently in bloom. the exact species of the flowers is difficult to determine from the",True
961,classification,What kind of aircraft is this?,cargo plane,"the aircraft in the picture is a cargo plane. the text on the side of the plane reads ""certs air cargo,"" indicating that it is used for transporting goods and cargo.",True,the aircraft in the picture is a douglas dc-6. this douglas dc-6 is a four-engine jet transport aircraft that was commonly used for commercial passenger service. it was known for its distinctive twin-tail design and was produced from 19,False,"the aircraft in the picture is a douglas dc-6, which is a four-engine turboprop transport aircraft. it was commonly used for cargo and freight transport, as indicated by the ""air cargo"" text on the aircraft.",False,"the aircraft in the picture is a douglas dc-6, which is a four-engine, propeller-driven, twin-turboprop aircraft. it was commonly used for cargo and freight transport, as indicated by the ""air cargo"" branding on the",False
962,classification,What kind of lamp is on the floor?,floor lamp,"i don't know what kind of lamp is on the floor. it could be a floor lamp, a table lamp, or a standard lamp.",True,there is a lamp on the floor.,False,there is a lamp on the floor.,False,there is a lamp on the floor.,False
963,classification,What kind of hat is the man with the girls wearing?,baseball cap,the man with the girls is wearing a baseball cap.,True,the man with the girls is wearing a hat.,False,the man with the girls is wearing a baseball cap.,True,the man with the girls is wearing a baseball cap.,True
964,classification,What kind of celebration is this?,birthday,"it is unknown what kind of celebration this is. it could be a birthday, anniversary, or retirement.",True,it is a birthday celebration.,True,"the image shows two people standing together, one wearing a striped shirt and the other wearing a shirt with a design on it. the setting appears to be indoors, possibly in a kitchen or a similar environment. there is no clear indication of a specific celebration",False,it is a birthday celebration.,True
965,classification,What kind of court is at the edge of the field?,soccer,"i is not sure what kind of court is at the edge of the field. it could be a tennis court, baseball field, or a soccer field.",True,there is a tennis court at the edge of the field.,False,there is no existence of a court in the image description.,False,there is a tennis court at the edge of the field.,False
966,classification,What kind of nut is shown?,peanut,i am not sure what kind of nut is shown. it could be peanut or almond.,True,the nut shown in the picture is a cashew nut.,False,the nut shown in the picture is a cashew nut.,False,the nut shown in the picture is a cashew nut.,False
967,classification,What kind of animals are in there?,cows,the animals in the picture are cows.,True,the animals in the picture are cows.,True,the animals in the picture are cows.,True,the animals in the picture are cows.,True
968,classification,What kind of siding is on this house?,tile,"it is unknown what kind of siding is on this house. it could be tile, white, or white tile.",True,"the image shows a kitchen countertop with various appliances. there is a microwave oven on the left side and a toaster oven on the the right side. the countertop is tiled, and there is a plastic bag with food items on the the left side",True,"the siding on the house in the picture appears to be a combination of light-colored tiles and a white or off-white paneling. the tiles are likely ceramic or porcelain, while the paneling could be vinyl or a similar material. the combination gives the",True,the image shows a kitchen setting with a toaster oven and a microwave on a countertop. there is no visible siding on a house in this image.,False
969,classification,What kind of vehicle is the yellow one?,truck,the the yellow vehicle is a tow truck.,True,the yellow vehicle in the picture is a tow truck.,True,the yellow vehicle in the picture is a tow truck.,True,the yellow vehicle in the picture is a tow truck.,True
970,classification,What kind of room is this?,kitchen,the room in the picture is a commercial kitchen.,True,this is a kitchen.,True,this is a kitchen.,True,this is a kitchen.,True
971,classification,What kind of pizza is this?,cheese,"it is ambiguous what kind of pizza this is. it could be cheese, pepperoni, or supreme.",True,the pizza in the image appears to be a cheese pizza. it has has a thin crust and is topped with melted cheese.,True,"the image shows a pizza that appears to be a deep-dish pizza, often referred to as a ""deep dish"" or ""chicago-style"" pizza. this is characterized by its thick, high-rising crust and a deep dish pan. the pizza",False,the pizza in the image appears to be a cheese pizza. it has has a thin crust and is topped with melted cheese.,True
972,classification,What kind of trees are in this photo?,pine,the i see in the photo are pine trees.,True,the trees in the photo are evergreen trees.,False,"the trees in the photo are tall, evergreen trees, likely pine trees. they are situated on the the left side of the image, standing out against the snowy landscape.",True,"the trees in the photo are evergreen trees. they are tall and have a conical shape, which is typical of evergreen trees.",False
973,classification,What kind of suit is he wearing?,swim,the man is wearing a pair of gray board shorts.,False,the person in the image is wearing a red wetsuit.,False,the person in the picture is wearing a wets suit.,False,the person in the picture is wearing a red wetsuit.,False
974,classification,What kind of passenger does the bus carry?,children,the bus carries school children.,True,"the bus in the picture is carrying passengers, but it is not specified what kind of passengers they are.",False,the bus is carrying passengers.,False,the bus in the picture is a school bus.,False
975,classification,What kind of id is that?,old id,i is a gps phone.,False,"the device in the picture is a pharos gf phone 600. it appears to be a gps phone, combining gps functionality with a mobile phone.",False,the device in the picture is a pharos gps phone 600. it is a handheld gps device that also functions as a phone.,False,"the image shows a person holding a smartphone with a camera facing the screen. the phone has a physical keypad and a screen that appears to be displaying a menu or interface. the brand name ""pharos"" is visible on the phone, suggesting it",False
976,classification,What kind of phone is this?,pharos,the phone in the picture is a pharos gps phone 600.,True,the phone in the picture is a pharos gps phone.,True,the phone in the picture is a pharos gps phone 600. it is a smartphone that includes gps capabilities.,True,the phone in the picture is a pharos gps phone 100. it is a smartphone/pda (personal digital assistant) device made by pharos science & applications inc.,True
977,classification,What kind of animal is on the beach?,horse,the animal on the beach is a horse.,True,there is a horse on the beach.,True,there is a dog on the beach.,False,there is a dog on the beach.,False
978,comparison,Which hand holds the umbrella?,right,i don't know which hand holds the umbrella. it can be left or right hand.,True,the person is holding the umbrella with their right hand.,True,the person is holding the umbrella with their right hand.,True,the person is holding the umbrella with their right hand.,True
979,comparison,Which direction is Brooklyn Ave?,north,brooklyn avenue is located to the right of the street sign.,False,brooklyn ave is to the left.,False,brooklyn ave is to the left.,False,brooklyn ave is to the right.,False
980,comparison,Which hand is the man holding up?,left,it is ambiguous which hand the man is holding up. it can be either left or right.,True,the man is holding up his right hand.,False,the man is holding up his right hand.,False,the man is holding up his right hand.,False
981,comparison,Which floor lamp is not lit?,one in corner,the floor lamp that is not lit is the one located to the right of the television.,False,the floor lamp that is not lit is the one located on the left side of the image.,False,the floor lamp that is not lit is the one located to the right of the television.,False,the floor lamp that is not lit is the one on the right side of the room.,False
982,comparison,Which buses are double deckers?,0,there is no existence of buses in the image description.,False,there is no existence of double-decker buses in the image description.,False,there is no existence of buses in the image description.,False,there is no existence of double-decker buses in the image.,False
983,comparison,Which way can you not turn?,left,you can not turn left.,True,you cannot turn left.,True,you cannot turn left.,True,you cannot turn left.,True
984,comparison,Which baby is still an infant?,neither,it is ambiguous which baby is still an infant. it can be the baby on the left or the baby on the right.,False,the baby on the right is still an infant.,False,the baby on the right is still an infant.,False,the baby on the right is still an infant.,False
985,comparison,Which man is controlling the kite?,no,it is ambiguous which man is controlling the kite. it can be the man in the wets suit or the man in the hoodie.,False,"the man in the foreground, wearing a black wets suit, is controlling the kite.",False,"the man in the foreground, wearing a black wets suit, is controlling the kite.",False,"the man in the foreground, wearing a black wets suit, is controlling the kite.",False
986,comparison,Which vehicle is the smallest?,car,the the smallest vehicle is the green car.,True,the smallest vehicle in the picture is the brown car.,True,the smallest vehicle in the picture is the green car.,True,the smallest vehicle in the picture is the silver suv.,False
987,comparison,Which hand is the person holding the phone in?,left,the person is holding the phone in their right hand.,False,the person is holding the phone in their right hand.,False,the person is holding the phone in their right hand.,False,the person is holding the phone in their right hand.,False
988,comparison,Which room is this?,bedroom,the room in the picture is a bedroom.,True,this is a bedroom.,True,this is a bedroom.,True,this is a bedroom.,True
989,comparison,Which two are actually playing?,0,it is ambiguous which two are actually playing. it could be the two on the left or the two on the right.,False,the two individuals in the middle of the image appear to be actively playing tennis. they are holding tennis rackets and seem to be engaged in the game.,False,the two individuals in the middle of the image appear to be actively playing tennis. they are holding tennis rackets and seem to be engaged in the game.,False,the two individuals in the middle of the image appear to be actively playing tennis. they are holding tennis rackets and seem to be engaged in the game.,False
990,comparison,Which direction is the turn lane going?,right,the turn lane is going to the right.,True,the turn lane is going to the right.,True,the turn lane is going to the left.,False,the turn lane is going to the left.,False
991,comparison,Which way is the man's hat facing?,down,the man's hat is facing forward.,False,the man's hat is facing forward.,False,the man's hat is facing forward.,False,the man's hat is facing forward.,False
992,person identification,Who made the cock?,rolex,i don't know who made the clock.,False,the clock in the picture is made by rolex. the rolex logo is visible on the clock face.,True,the clock in the picture is made by rolex. rolex is a swiss luxury watchmaker known for its high-end timepieces.,True,the clock in the picture is a rolex. rolex is a swiss luxury watchmaker known for its precision timepieces and luxury watches.,True
993,person identification,Whose logo is on the official's chair?,wilson,"i don't know whose logo is on the official's chair. it could be wilson, nike, or us open.",True,"the logo on the official's chair is for wilson, a well-known sports equipment company.",True,"the logo on the official's chair is for wilson, a well-known sports equipment company.",True,"the logo on the official's chair is that of wilson, a well-known sports equipment company.",True
994,person identification,Who is in the photo?,zebras,the photo features three zebras in a grassy field.,True,the photo shows a zebra grazing in a grassy field.,False,the photo shows three zebras grazing in a grassy field.,True,the photo shows a group of zebras grazing in a grassy field.,True
995,person identification,Who is going to eat this pizza?,people,"it is unknown who is going to eat this pizza. it could be a man, a woman, or a person.",False,"the pizza in the picture is topped with various ingredients, including what appears to be meat, vegetables, and possibly cheese. it looks like it's ready to be served and eaten.",False,"the pizza in the picture appears to be a spicy or gourmet style pizza, topped with what looks like mushrooms, cheese, and possibly some green chili peppers. it looks quite appetizingizing. it's difficult to determine who will eat the pizza without more",False,"the pizza in the picture is topped with various ingredients, including what appears to be meat, cheese, and possibly vegetables. it looks like it's ready to be served and eaten.",False
996,person identification,Who is the woman the picture on wall?,none,i am not sure who the woman in the picture is. it could be marilyn monroe or a woman in a magazine.,False,the woman in the picture on the wall appears to be marilyn monroe.,False,"the woman in the picture on the wall appears to be a portrait of a woman. the style and pose suggest it might could be a formal portrait, possibly from a bygone era. without more context or additional information, it's difficult to identify her",False,"the woman in the picture on the wall appears to be a portrait of a person, but it is not possible to identify her based on the image alone.",False
997,person identification,Who is the pilot?,man,i don't know who the pilot is. it could be anyone.,False,"the image shows a small, blue and white airplane with a propeller. the pilot is not visible in the image.",False,the image shows a small airplane parked on the tarmac. the pilot is not visible in the image.,False,the image shows a small airplane parked on a tarmac. there is no visible pilot in the image.,False
998,time-related,What game would you play when you saw this as a child?,tag,"as a child, when you see a herd of sheep grazing on a grassy-covered hill, you might might play a game of ""follow the leader"" or ""herding the sheep."" in these games, you would try to follow the leader or",False,"when you see a field of sheep as a child, a common game to play is ""follow the leader."" in this game, one child is chosen to be the the ""leader"" and the rest of the the children follow the leader around the field",False,"if you saw this scene as a child, you might likely play a game of ""follow the leader"" or ""follow the herd."" in these games, one person is chosen to lead the group, and the rest of the group follows their lead",False,"when you see a group of sheep grazing in a field, a fun game to play could be ""follow the leader."" in this game, one person is chosen to be the ""leader"" and the rest of the the group follows behind them. the",False
999,time-related,Were people moving when this picture was taken?,no,"no, the people in the picture are not moving. they are standing on the beach, and the image captures a moment of stillness.",True,the picture shows people standing on a beach with surfboards. it is not possible to determine from the still image whether they were moving at the time the picture was taken.,True,the picture shows people standing on a beach with kites in the air. it is not possible to determine from the still image alone whether the people were moving or not at the exact moment the the picture was taken.,True,"the picture shows people standing on the beach, with some holding surfboards and others standing near the water. it appears that they are preparing to engage in water sports, likely windsurfing or kiteboarding, given the presence of the boards and the activity",False
