image_id,question_type,question,ground_truth,image_url,n_clusters,n_noise,attention_entropy,token_confidence,predicted_token,cluster_count
0,object identification,What is this photo taken looking through?,net,http://images.cocodataset.org/train2014/COCO_train2014_000000458752.jpg,0,0,0.4287305549585919,-0.609375,I,0
1,object identification,What is this man riding on?,skateboard,http://images.cocodataset.org/train2014/COCO_train2014_000000393227.jpg,0,0,0.8593234888421744,-0.03173828125,The,0
2,object identification,What is this person doing?,skiing,http://images.cocodataset.org/train2014/COCO_train2014_000000393230.jpg,0,0,0.8534409949741535,-0.111328125,The,0
3,object identification,What is this?,bear,http://images.cocodataset.org/train2014/COCO_train2014_000000137045.jpg,0,0,0.9191081365769529,-0.375,This,0
4,object identification,What is this device?,refrigerator,http://images.cocodataset.org/train2014/COCO_train2014_000000131113.jpg,0,0,0.9244443839521453,-0.29296875,The,0
5,object identification,What is this animal?,elephant,http://images.cocodataset.org/train2014/COCO_train2014_000000262204.jpg,0,0,0.8424803306447322,-0.271484375,The,0
6,object identification,What is this person wearing on head?,hat,http://images.cocodataset.org/train2014/COCO_train2014_000000000086.jpg,0,0,0.8604882603157253,0.0,The,0
7,object identification,What is this man laying on?,surfboard,http://images.cocodataset.org/train2014/COCO_train2014_000000471373.jpg,0,0,0.8609369029818539,-0.2373046875,The,0
8,object identification,What is this person holding?,hot dog,http://images.cocodataset.org/train2014/COCO_train2014_000000393428.jpg,0,0,0.8626108461091456,-0.2275390625,The,0
9,object identification,What is this person standing on?,sand,http://images.cocodataset.org/train2014/COCO_train2014_000000474858.jpg,0,0,0.8589346215849651,-0.6640625,The,0
10,object identification,What is this cake made with?,chocolate,http://images.cocodataset.org/train2014/COCO_train2014_000000393445.jpg,0,0,0.8599724625186033,-1.1484375,The,0
11,object identification,What is this person doing?,snowboarding,http://images.cocodataset.org/train2014/COCO_train2014_000000524551.jpg,0,0,0.8477880873088094,-0.1474609375,The,0
12,other,What position is this man playing?,pitcher,http://images.cocodataset.org/train2014/COCO_train2014_000000458752.jpg,0,0,0.8580103783660643,-0.232421875,The,0
13,other,What is the person doing?,skiing,http://images.cocodataset.org/train2014/COCO_train2014_000000262146.jpg,0,0,0.8539145549220428,-0.06884765625,The,0
14,other,What is in the person's hand?,frisbee,http://images.cocodataset.org/train2014/COCO_train2014_000000524291.jpg,0,0,0.856104939004466,-0.96875,The,0
15,other,Is the dog looking at a tennis ball or frisbee?,frisbee,http://images.cocodataset.org/train2014/COCO_train2014_000000524291.jpg,0,0,0.8224513314000038,-0.58203125,The,0
16,other,What is the white streak?,contrail,http://images.cocodataset.org/train2014/COCO_train2014_000000393221.jpg,0,0,0.8515923304612499,-0.169921875,The,0
17,other,What is the child doing?,brushing teeth,http://images.cocodataset.org/train2014/COCO_train2014_000000393223.jpg,0,0,0.8534678842577846,-0.30859375,The,0
18,other,What is the business man doing in the picture?,frowning,http://images.cocodataset.org/train2014/COCO_train2014_000000393224.jpg,0,0,0.8230565600232912,-0.38671875,The,0
19,other,What is the man riding on?,motorcycle,http://images.cocodataset.org/train2014/COCO_train2014_000000131084.jpg,0,0,0.8551322661508988,-0.048095703125,The,0
20,other,What is on the pillow?,gray,http://images.cocodataset.org/train2014/COCO_train2014_000000131074.jpg,0,0,0.8524754321379885,-0.95703125,The,0
21,other,What is sitting on the bench?,purse,http://images.cocodataset.org/train2014/COCO_train2014_000000131074.jpg,0,0,0.8234565997186719,-1.2890625,A,0
22,other,What is the man doing?,skiing,http://images.cocodataset.org/train2014/COCO_train2014_000000393230.jpg,0,0,0.85141411003758,-0.048095703125,The,0
23,other,What is the person wearing?,skis,http://images.cocodataset.org/train2014/COCO_train2014_000000393230.jpg,0,0,0.8518609227839535,-0.1376953125,The,0
24,other,What is she holding?,poles,http://images.cocodataset.org/train2014/COCO_train2014_000000393230.jpg,0,0,0.9260204923536557,-0.765625,The,0
25,other,What is the dog riding on?,surfboard,http://images.cocodataset.org/train2014/COCO_train2014_000000131087.jpg,0,0,0.859955138955157,-0.12451171875,The,0
26,other,What is in the water?,dog,http://images.cocodataset.org/train2014/COCO_train2014_000000131087.jpg,0,0,0.4239359248441477,-0.68359375,There,0
27,other,"What does the green light, on the TV, indicate?",on,http://images.cocodataset.org/train2014/COCO_train2014_000000131075.jpg,0,0,0.9121081776320121,-0.83203125,The,0
28,other,What room of the house is this?,office,http://images.cocodataset.org/train2014/COCO_train2014_000000131075.jpg,0,0,0.6273577842008169,-0.68359375,It,0
29,other,What is the size of the TV?,large,http://images.cocodataset.org/train2014/COCO_train2014_000000131075.jpg,0,0,0.8544455723036708,-0.90625,The,0
30,other,How big is the TV?,very big,http://images.cocodataset.org/train2014/COCO_train2014_000000131075.jpg,0,0,0.6283573797296091,-1.0546875,It,0
31,other,What companion object to the TV can be seen in the bottom right of the picture?,laptop,http://images.cocodataset.org/train2014/COCO_train2014_000000131075.jpg,0,0,0.4204607624278437,-0.60546875,In,0
32,other,What is the small computer on the left called?,laptop,http://images.cocodataset.org/train2014/COCO_train2014_000000131075.jpg,0,0,0.8575020090305271,-0.671875,I,0
33,other,What is above the TV?,vent,http://images.cocodataset.org/train2014/COCO_train2014_000000131075.jpg,0,0,0.8539814414746444,-0.8671875,I,0
34,other,What is on the display?,document,http://images.cocodataset.org/train2014/COCO_train2014_000000131075.jpg,0,0,0.8458021947756584,-0.8828125,The,0
35,other,Is it a monitor or a screen projection?,screen projection,http://images.cocodataset.org/train2014/COCO_train2014_000000131075.jpg,0,0,0.5534700865651819,-0.5625,It,0
36,other,What is on the TV screen?,computer,http://images.cocodataset.org/train2014/COCO_train2014_000000131075.jpg,0,0,0.8545367293595983,-0.7421875,The,0
37,other,What is the title of the presentation in the picture?,outlook web app,http://images.cocodataset.org/train2014/COCO_train2014_000000131075.jpg,0,0,0.8599904785676957,-0.5546875,I,0
38,other,What is the man playing?,wii,http://images.cocodataset.org/train2014/COCO_train2014_000000524311.jpg,0,0,0.8444048124471195,-0.5703125,The,0
39,other,What does the man have on his face?,glasses,http://images.cocodataset.org/train2014/COCO_train2014_000000524311.jpg,0,0,0.8449458444345227,-0.212890625,The,0
40,other,What is in front of the giraffes?,tree,http://images.cocodataset.org/train2014/COCO_train2014_000000000025.jpg,0,0,0.4160863290943237,-1.4453125,In,0
41,other,What do these giraffes have in common?,eating,http://images.cocodataset.org/train2014/COCO_train2014_000000000025.jpg,0,0,0.8263821586058439,-1.1015625,The,0
42,other,What is the giraffe standing behind?,tree,http://images.cocodataset.org/train2014/COCO_train2014_000000000025.jpg,0,0,0.8587234395025163,-0.53515625,The,0
43,other,What is on the ground next to the giraffe on the right?,log,http://images.cocodataset.org/train2014/COCO_train2014_000000000025.jpg,0,0,0.6250908399187693,-1.1328125,There,0
44,other,How is the man sitting?,cross legged,http://images.cocodataset.org/train2014/COCO_train2014_000000524314.jpg,0,0,0.8461492919876245,-0.193359375,The,0
45,other,"What does the word in the upper-left corner, behind the window, translate to in English?",automatic,http://images.cocodataset.org/train2014/COCO_train2014_000000524314.jpg,0,0,0.8575830181400765,-0.203125,The,0
46,other,What type of watercraft is that?,raft,http://images.cocodataset.org/train2014/COCO_train2014_000000262171.jpg,0,0,0.8569153917896444,-0.6328125,The,0
47,other,What is the vase sitting on?,railing,http://images.cocodataset.org/train2014/COCO_train2014_000000000030.jpg,0,0,0.8598794354262213,-0.392578125,The,0
48,other,Is the sun to the right or left of this flower?,left,http://images.cocodataset.org/train2014/COCO_train2014_000000000030.jpg,0,0,0.8841722188878912,-0.86328125,It,0
49,other,What is the zebra eating?,grass,http://images.cocodataset.org/train2014/COCO_train2014_000000240304.jpg,0,0,0.8585573603626981,-0.9921875,The,0
50,other,What is the tree covered with?,wire,http://images.cocodataset.org/train2014/COCO_train2014_000000240304.jpg,0,0,0.8580953802891839,-0.85546875,The,0
51,other,What is the animal eating?,grass,http://images.cocodataset.org/train2014/COCO_train2014_000000000034.jpg,0,0,0.8559327031181742,-0.357421875,The,0
52,other,How old is animal?,10 years,http://images.cocodataset.org/train2014/COCO_train2014_000000000034.jpg,0,0,0.8618281370070595,-0.84765625,It,0
53,other,What is the man holding?,knife,http://images.cocodataset.org/train2014/COCO_train2014_000000393251.jpg,0,0,0.8455382314655143,-0.341796875,The,0
54,other,What is the man cutting?,cake,http://images.cocodataset.org/train2014/COCO_train2014_000000393251.jpg,0,0,0.8457112676272736,-0.1884765625,The,0
55,other,What is the fruit?,banana,http://images.cocodataset.org/train2014/COCO_train2014_000000262180.jpg,0,0,0.8431382229049842,-0.1376953125,The,0
56,other,What is the name of the type of person that would make this food?,chef,http://images.cocodataset.org/train2014/COCO_train2014_000000262180.jpg,0,0,0.4615572430370209,-0.9296875,I,0
57,other,What type of ice cream is on the plate?,vanilla,http://images.cocodataset.org/train2014/COCO_train2014_000000262180.jpg,0,0,0.8464796175128774,-0.83203125,I,0
58,other,Is this an indoor or outdoor photo?,outdoor,http://images.cocodataset.org/train2014/COCO_train2014_000000524325.jpg,0,0,0.9287161573839539,-0.5078125,The,0
59,other,What's missing from this hot dog?,mustard,http://images.cocodataset.org/train2014/COCO_train2014_000000043697.jpg,0,0,0.857555726294182,-0.6484375,The,0
60,other,What is the hog dog sitting on?,bun,http://images.cocodataset.org/train2014/COCO_train2014_000000043697.jpg,0,0,0.8574853745669943,-0.54296875,The,0
61,other,What is the sky full of?,clouds,http://images.cocodataset.org/train2014/COCO_train2014_000000262184.jpg,0,0,0.8593991002429774,-0.341796875,The,0
62,other,What is the color of the carpet?,brown,http://images.cocodataset.org/train2014/COCO_train2014_000000131113.jpg,0,0,0.8604593362503421,-0.2421875,The,0
63,other,What shape are the windows on the side of the plane?,square,http://images.cocodataset.org/train2014/COCO_train2014_000000262187.jpg,0,0,0.7905674183952712,-0.30859375,The,0
64,other,What is the website on the sign?,wmatacom,http://images.cocodataset.org/train2014/COCO_train2014_000000262191.jpg,0,0,0.9254391675281264,-0.1474609375,The,0
65,other,What is the bear called?,teddy,http://images.cocodataset.org/train2014/COCO_train2014_000000262191.jpg,0,0,0.8574387608329265,-0.439453125,The,0
66,other,What type of tree is the man standing next to?,elm,http://images.cocodataset.org/train2014/COCO_train2014_000000524338.jpg,0,0,0.8581755760732334,-0.83984375,I,0
67,other,What pattern is on the pants?,stripes,http://images.cocodataset.org/train2014/COCO_train2014_000000213863.jpg,0,0,0.8572100627770419,-0.111328125,The,0
68,other,What sport is this person playing?,baseball,http://images.cocodataset.org/train2014/COCO_train2014_000000213863.jpg,0,0,0.8583896299290831,-0.08544921875,The,0
69,other,What is the position of the player behind the batter called?,catcher,http://images.cocodataset.org/train2014/COCO_train2014_000000213863.jpg,0,0,0.9125210858681446,-0.00787353515625,The,0
70,other,What are they drinking?,beer,http://images.cocodataset.org/train2014/COCO_train2014_000000393268.jpg,0,0,0.9268185824690077,-0.88671875,I,0
71,other,What brand of beer is visible?,sierra nevada,http://images.cocodataset.org/train2014/COCO_train2014_000000393268.jpg,0,0,0.4094287307321052,-0.421875,I,0
72,other,What logo is on the man's shirt?,nike,http://images.cocodataset.org/train2014/COCO_train2014_000000131127.jpg,0,0,0.8462362959546916,-0.421875,The,0
73,other,What direction is the bird looking?,right,http://images.cocodataset.org/train2014/COCO_train2014_000000262201.jpg,0,0,0.9238399363376528,-1.0234375,It,0
74,other,What time of day is it?,morning,http://images.cocodataset.org/train2014/COCO_train2014_000000370986.jpg,0,0,0.6689226843280376,-0.6171875,It,0
75,other,What type of plane is this?,propeller,http://images.cocodataset.org/train2014/COCO_train2014_000000131133.jpg,0,0,0.8594544666510949,-0.451171875,The,0
76,other,What is in the picture?,clock,http://images.cocodataset.org/train2014/COCO_train2014_000000000064.jpg,0,0,0.8456328758114663,-0.341796875,The,0
77,other,What time is the clock showing?,6:10,http://images.cocodataset.org/train2014/COCO_train2014_000000000064.jpg,0,0,0.854603842343537,-0.49609375,The,0
78,other,What are the vases sitting on?,table,http://images.cocodataset.org/train2014/COCO_train2014_000000458763.jpg,0,0,0.8581188490985364,-0.298828125,The,0
79,other,What is the table made of?,wood,http://images.cocodataset.org/train2014/COCO_train2014_000000458763.jpg,0,0,0.8576077011759704,-0.640625,The,0
80,other,What is the green stuff on this pizza?,spinach,http://images.cocodataset.org/train2014/COCO_train2014_000000567990.jpg,0,0,0.850072150828541,-0.451171875,The,0
81,other,Is it thick or thin crust?,thick,http://images.cocodataset.org/train2014/COCO_train2014_000000567990.jpg,0,0,0.8592503329887056,-0.6484375,The,0
82,other,What is the orange thing?,bag,http://images.cocodataset.org/train2014/COCO_train2014_000000393286.jpg,0,0,0.8443174737186104,-0.451171875,The,0
83,other,Is this train headed towards or from the orange building?,from,http://images.cocodataset.org/train2014/COCO_train2014_000000000071.jpg,0,0,0.8553920264161672,-0.94140625,I,0
84,other,What is the giraffe eating?,leaves,http://images.cocodataset.org/train2014/COCO_train2014_000000000072.jpg,0,0,0.7433837752232111,-0.94921875,It,0
85,other,What is on the woman's neck?,necklace,http://images.cocodataset.org/train2014/COCO_train2014_000000393290.jpg,0,0,0.855337535825556,-0.2470703125,The,0
86,other,What item is folded up and sitting on the edge of the shower stall?,towel,http://images.cocodataset.org/train2014/COCO_train2014_000000393291.jpg,0,0,0.42686869215823187,-0.98046875,I,0
87,other,What pattern is on the shower curtain?,solid,http://images.cocodataset.org/train2014/COCO_train2014_000000393291.jpg,0,0,0.7473630462054617,-0.9609375,There,0
88,other,What are the colors of the countertop?,brown,http://images.cocodataset.org/train2014/COCO_train2014_000000393291.jpg,0,0,0.8503646707203475,-0.203125,The,0
89,other,What is the person on the right called?,referee,http://images.cocodataset.org/train2014/COCO_train2014_000000262221.jpg,0,0,0.8470661647234682,-0.51953125,The,0
90,other,What time does the clock say?,8:00,http://images.cocodataset.org/train2014/COCO_train2014_000000000078.jpg,0,0,0.8520476141612326,-0.404296875,The,0
91,other,What is the last letter over the plane?,e,http://images.cocodataset.org/train2014/COCO_train2014_000000000081.jpg,0,0,0.8433905060818061,-0.41015625,The,0
92,other,What is the number on the mailbox?,24,http://images.cocodataset.org/train2014/COCO_train2014_000000000086.jpg,0,0,0.8562062239733667,-0.052001953125,The,0
93,other,What are the animals doing?,grazing,http://images.cocodataset.org/train2014/COCO_train2014_000000524375.jpg,0,0,0.8503088449725208,-0.12890625,The,0
94,other,What breed of livestock is shown?,sheep,http://images.cocodataset.org/train2014/COCO_train2014_000000524375.jpg,0,0,0.8577269504387386,-0.48828125,The,0
95,other,What language is the sign written in?,spanish,http://images.cocodataset.org/train2014/COCO_train2014_000000131160.jpg,0,0,0.8554878887614279,-0.7578125,The,0
96,other,How has the cheese been prepared?,melted,http://images.cocodataset.org/train2014/COCO_train2014_000000524377.jpg,0,0,0.8560674520484419,-0.93359375,The,0
97,other,What is the cutting board used for in this scene?,plate,http://images.cocodataset.org/train2014/COCO_train2014_000000524377.jpg,0,0,0.8835581559688617,-0.98046875,It,0
98,other,Of what meal is this kind of food typical?,lunch,http://images.cocodataset.org/train2014/COCO_train2014_000000524377.jpg,0,0,0.8163555953247236,-1.125,The,0
99,other,What type of food is shown?,hot dog,http://images.cocodataset.org/train2014/COCO_train2014_000000524377.jpg,0,0,0.855114363586678,-0.12890625,The,0
100,other,What is the topping on the hot dog?,peppers,http://images.cocodataset.org/train2014/COCO_train2014_000000524377.jpg,0,0,0.8414871880046183,-0.640625,The,0
101,other,What topping is on the hot dog?,onions,http://images.cocodataset.org/train2014/COCO_train2014_000000524377.jpg,0,0,0.8573059196451468,-0.89453125,The,0
102,other,What is in the small container?,butter,http://images.cocodataset.org/train2014/COCO_train2014_000000524377.jpg,0,0,0.8546374832400918,-0.287109375,The,0
103,other,What are the components of this dish?,butter,http://images.cocodataset.org/train2014/COCO_train2014_000000524377.jpg,0,0,0.8553318126613412,-0.12451171875,The,0
104,other,How delicious does this look?,very,http://images.cocodataset.org/train2014/COCO_train2014_000000524377.jpg,0,0,0.8508697009253103,-0.90625,The,0
105,other,What two vegetables are in the white bowl?,none,http://images.cocodataset.org/train2014/COCO_train2014_000000524377.jpg,0,0,0.4219185381662712,-0.6640625,I,0
106,other,What type of filling is in the dish on the bottom left?,mayonnaise,http://images.cocodataset.org/train2014/COCO_train2014_000000524377.jpg,0,0,0.8524267810153839,-0.79296875,I,0
107,other,What is the yellow stuff in a bowl?,butter,http://images.cocodataset.org/train2014/COCO_train2014_000000524377.jpg,0,0,0.8419448348349954,-0.380859375,The,0
108,other,What is the hot dog sitting on top of?,bun,http://images.cocodataset.org/train2014/COCO_train2014_000000524377.jpg,0,0,0.8124387191785182,-0.1796875,The,0
109,other,What are the orange things?,sweet potato fries,http://images.cocodataset.org/train2014/COCO_train2014_000000524377.jpg,0,0,0.8476055774952176,-0.07275390625,The,0
110,other,Are the carrots diced or cut long ways?,long ways,http://images.cocodataset.org/train2014/COCO_train2014_000000524377.jpg,0,0,0.8450392409334948,-0.1201171875,The,0
111,other,What is in the cup?,mayo,http://images.cocodataset.org/train2014/COCO_train2014_000000524377.jpg,0,0,0.8481336906809113,-0.330078125,The,0
112,other,What is the orange root called?,sweet potato,http://images.cocodataset.org/train2014/COCO_train2014_000000524377.jpg,0,0,0.41932054207702196,-0.8046875,I,0
113,other,What is the blackened meat on the bread?,hot dog,http://images.cocodataset.org/train2014/COCO_train2014_000000524377.jpg,0,0,0.8109105631183897,-0.546875,The,0
114,other,What is on the sandwich?,hot dog,http://images.cocodataset.org/train2014/COCO_train2014_000000524377.jpg,0,0,0.8470472694346188,-0.625,The,0
115,other,What animal is on the plate?,pig,http://images.cocodataset.org/train2014/COCO_train2014_000000524377.jpg,0,0,0.746504608566912,-0.77734375,There,0
116,other,What is on the hotdog?,onions,http://images.cocodataset.org/train2014/COCO_train2014_000000524377.jpg,0,0,0.8557348208216922,-0.75390625,The,0
117,other,What two vegetables can be seen on the pizza?,none,http://images.cocodataset.org/train2014/COCO_train2014_000000524377.jpg,0,0,0.5675772792132204,-0.142578125,There,0
118,other,What condiment is on the potatoes?,butter,http://images.cocodataset.org/train2014/COCO_train2014_000000524377.jpg,0,0,0.4016653020957414,-0.7421875,I,0
119,other,What sauces are shown?,butter,http://images.cocodataset.org/train2014/COCO_train2014_000000524377.jpg,0,0,0.8556037703780662,-0.8125,I,0
120,other,What is mainly featured?,hot dog,http://images.cocodataset.org/train2014/COCO_train2014_000000524377.jpg,0,0,0.9256805529102992,-0.27734375,The,0
121,other,What is the pattern on the vase?,floral,http://images.cocodataset.org/train2014/COCO_train2014_000000393306.jpg,0,0,0.8564169152433442,-0.4765625,The,0
122,other,What is the primary color of the bathroom?,yellow,http://images.cocodataset.org/train2014/COCO_train2014_000000262159.jpg,0,0,0.84851693860911,-0.1201171875,The,0
123,other,What is printed on the orange sign?,pizza,http://images.cocodataset.org/train2014/COCO_train2014_000000000094.jpg,0,0,0.8538792487438733,-1.1328125,The,0
124,other,What is the name of the hotel?,peace way,http://images.cocodataset.org/train2014/COCO_train2014_000000000094.jpg,0,0,0.85281236956446,-0.302734375,The,0
125,other,What mode of transportation is pictured?,car,http://images.cocodataset.org/train2014/COCO_train2014_000000000094.jpg,0,0,0.854827426134141,-0.85546875,The,0
126,other,What airline is this?,everts air cargo,http://images.cocodataset.org/train2014/COCO_train2014_000000393311.jpg,0,0,0.925143829287045,-0.76171875,The,0
127,other,The plane's stand resembles what letter?,a,http://images.cocodataset.org/train2014/COCO_train2014_000000393311.jpg,0,0,0.85651064416273,-0.546875,The,0
128,other,What type of plane is this?,cargo,http://images.cocodataset.org/train2014/COCO_train2014_000000393311.jpg,0,0,0.8589163080664692,-0.94921875,The,0
129,other,What is written on the picture?,dutchsimba,http://images.cocodataset.org/train2014/COCO_train2014_000000393311.jpg,0,0,0.8563772834790317,-0.314453125,The,0
130,other,What shipping company is represented in the scene?,everts air cargo,http://images.cocodataset.org/train2014/COCO_train2014_000000393311.jpg,0,0,0.8458051330271085,-0.515625,The,0
131,other,What airline is this plane from?,everts air cargo,http://images.cocodataset.org/train2014/COCO_train2014_000000393311.jpg,0,0,0.8581057553179983,-0.83203125,The,0
132,other,How does the man get down from the machine?,stairs,http://images.cocodataset.org/train2014/COCO_train2014_000000393311.jpg,0,0,0.8174894832065033,-0.2373046875,The,0
133,other,What is the picture of on wall?,abstract,http://images.cocodataset.org/train2014/COCO_train2014_000000524386.jpg,0,0,0.4155157751832378,-0.83203125,I,0
134,other,What is on the carpet?,rug,http://images.cocodataset.org/train2014/COCO_train2014_000000524386.jpg,0,0,0.8420188442671592,-0.57421875,The,0
135,other,What are the ladies doing?,texting,http://images.cocodataset.org/train2014/COCO_train2014_000000131172.jpg,0,0,0.8444755802329258,-0.470703125,The,0
136,other,What is written on the street?,nothing,http://images.cocodataset.org/train2014/COCO_train2014_000000393317.jpg,0,0,0.8553271681235703,-0.70703125,The,0
137,other,Urban or suburban?,urban,http://images.cocodataset.org/train2014/COCO_train2014_000000393317.jpg,0,0,0.9229336051505315,-0.375,The,0
138,other,What type of vehicle is on the left?,bus,http://images.cocodataset.org/train2014/COCO_train2014_000000393317.jpg,0,0,0.8384560305541328,-0.53515625,The,0
139,other,What is being held green?,light,http://images.cocodataset.org/train2014/COCO_train2014_000000393317.jpg,0,0,0.42677333993499106,-0.79296875,I,0
140,other,What time of day is it?,afternoon,http://images.cocodataset.org/train2014/COCO_train2014_000000393317.jpg,0,0,0.5680483072687568,-0.53515625,It,0
141,other,What country name is written as the highest word on the bus?,guatemala,http://images.cocodataset.org/train2014/COCO_train2014_000000546151.jpg,0,0,0.8025597896033513,-0.32421875,The,0
142,other,What is the skier standing on?,skis,http://images.cocodataset.org/train2014/COCO_train2014_000000021826.jpg,0,0,0.8577906540290006,-0.10693359375,The,0
143,other,What is the person doing?,skiing,http://images.cocodataset.org/train2014/COCO_train2014_000000021826.jpg,0,0,0.8536361250115765,-0.0771484375,The,0
144,other,What infrastructure would one drive on to go perpendicular to the water?,boat,http://images.cocodataset.org/train2014/COCO_train2014_000000000109.jpg,0,0,0.799431610765291,-1.1015625,The,0
145,other,What pizza topping is this?,cheese,http://images.cocodataset.org/train2014/COCO_train2014_000000000110.jpg,0,0,0.5415539970242946,-0.90234375,It,0
146,other,What is in the vase next to the flowers?,paper,http://images.cocodataset.org/train2014/COCO_train2014_000000305853.jpg,0,0,0.45064656769497524,-1.0078125,I,0
147,other,Are these flowers real or silk?,real,http://images.cocodataset.org/train2014/COCO_train2014_000000305853.jpg,0,0,0.8552865557781768,-0.8203125,The,0
148,other,England's Queen mother and these blooms share what syllable?,sun,http://images.cocodataset.org/train2014/COCO_train2014_000000305853.jpg,0,0,0.9083839607528196,-0.8046875,The,0
149,other,What emblem is on the cake?,words,http://images.cocodataset.org/train2014/COCO_train2014_000000000113.jpg,0,0,0.42285187165414295,-0.68359375,I,0
150,other,Are they outside or in?,inside,http://images.cocodataset.org/train2014/COCO_train2014_000000000113.jpg,0,0,0.4154675747663212,-1.0703125,I,0
151,other,What are the initials on the cake?,md,http://images.cocodataset.org/train2014/COCO_train2014_000000000113.jpg,0,0,0.41038715730743575,-0.6328125,I,0
152,other,What utensil is in the pan?,knife,http://images.cocodataset.org/train2014/COCO_train2014_000000262261.jpg,0,0,0.8556665270239291,-1.0234375,The,0
153,other,What is the red vegetable in the clear dish?,tomato,http://images.cocodataset.org/train2014/COCO_train2014_000000262261.jpg,0,0,0.7965383027004795,-0.93359375,The,0
154,other,What tree is on the left?,evergreen,http://images.cocodataset.org/train2014/COCO_train2014_000000131190.jpg,0,0,0.41680267225155104,-0.5,I,0
155,other,What is the material right around the clock?,wood,http://images.cocodataset.org/train2014/COCO_train2014_000000131190.jpg,0,0,0.8497878222954991,-0.9453125,The,0
156,other,How tall is this building?,100 feet,http://images.cocodataset.org/train2014/COCO_train2014_000000131190.jpg,0,0,0.5580742489751974,-0.671875,It,0
157,other,What materials are on the roof?,shingles,http://images.cocodataset.org/train2014/COCO_train2014_000000131190.jpg,0,0,0.8561375914971442,-0.6640625,The,0
158,other,What is in gold at the top of the building?,clock,http://images.cocodataset.org/train2014/COCO_train2014_000000131190.jpg,0,0,0.8565933382531578,-0.8359375,I,0
159,other,What are on both side of the building?,trees,http://images.cocodataset.org/train2014/COCO_train2014_000000131190.jpg,0,0,0.41251028225290937,-0.9140625,I,0
160,other,What is around the tree?,building,http://images.cocodataset.org/train2014/COCO_train2014_000000131190.jpg,0,0,0.41558058626781874,-0.69921875,I,0
161,other,What is the woman doing in this photo?,petting sheep,http://images.cocodataset.org/train2014/COCO_train2014_000000131197.jpg,0,0,0.8473735433019953,-0.392578125,The,0
162,other,What are the sheep standing on?,hay,http://images.cocodataset.org/train2014/COCO_train2014_000000131197.jpg,0,0,0.8579514296036167,-0.052001953125,The,0
163,other,What is the woman feeding the animal?,hay,http://images.cocodataset.org/train2014/COCO_train2014_000000131197.jpg,0,0,0.8555605680832676,-0.6640625,The,0
164,other,What type of silverware is on the plates?,knife and spoon,http://images.cocodataset.org/train2014/COCO_train2014_000000000127.jpg,0,0,0.5660201121006658,-0.703125,There,0
165,other,What is the man holding in his left hand?,ski pole,http://images.cocodataset.org/train2014/COCO_train2014_000000262273.jpg,0,0,0.8285797666245529,-0.34765625,The,0
166,other,What is the color of the zipper?,black,http://images.cocodataset.org/train2014/COCO_train2014_000000262273.jpg,0,0,0.41781009947184516,-0.90625,I,0
167,other,Are the boots a solid color or patterned?,patterned,http://images.cocodataset.org/train2014/COCO_train2014_000000262273.jpg,0,0,0.8292964174705201,-0.427734375,The,0
168,other,What are the people doing in the street?,walking,http://images.cocodataset.org/train2014/COCO_train2014_000000524420.jpg,0,0,0.8420167902914533,-0.1796875,The,0
169,other,What is floating near the bird?,ice,http://images.cocodataset.org/train2014/COCO_train2014_000000436929.jpg,0,0,0.4081332302460628,-0.53515625,I,0
170,other,What brand of soda is advertised?,pepsi,http://images.cocodataset.org/train2014/COCO_train2014_000000284012.jpg,0,0,0.8569665590727792,-0.392578125,The,0
171,other,What Mexican food restaurant chain is advertised?,del taco,http://images.cocodataset.org/train2014/COCO_train2014_000000284012.jpg,0,0,0.8589267100182058,-0.828125,I,0
172,other,How is the turnout?,good,http://images.cocodataset.org/train2014/COCO_train2014_000000284012.jpg,0,0,0.8504098555647295,-0.734375,The,0
173,other,What is the large sculpture next to the oversized cola bottle?,building,http://images.cocodataset.org/train2014/COCO_train2014_000000284012.jpg,0,0,0.5284966412935085,-0.05615234375,There,0
174,other,What time is it?,1:50,http://images.cocodataset.org/train2014/COCO_train2014_000000000138.jpg,0,0,0.9530879175752333,-0.5703125,The,0
175,other,What continent might this be?,africa,http://images.cocodataset.org/train2014/COCO_train2014_000000262285.jpg,0,0,0.857482871151689,-0.890625,The,0
176,other,What type of fruit is on the plate?,banana,http://images.cocodataset.org/train2014/COCO_train2014_000000000142.jpg,0,0,0.8480427545362276,-0.45703125,The,0
177,other,What is in the blue chair?,teddy bears,http://images.cocodataset.org/train2014/COCO_train2014_000000131215.jpg,0,0,0.4524493443121916,-1.203125,I,0
178,other,What type of footwear is the person wearing?,socks,http://images.cocodataset.org/train2014/COCO_train2014_000000131215.jpg,0,0,0.8387333730489819,-0.035888671875,The,0
179,other,What are the animals doing?,eating,http://images.cocodataset.org/train2014/COCO_train2014_000000000144.jpg,0,0,0.8503252039044867,-0.12451171875,The,0
180,other,What type of animal is in the picture?,giraffe,http://images.cocodataset.org/train2014/COCO_train2014_000000000144.jpg,0,0,0.847154337855556,-0.1201171875,The,0
181,other,What does the front of the bus say at the top?,special,http://images.cocodataset.org/train2014/COCO_train2014_000000131225.jpg,0,0,0.7885683228790359,-0.36328125,The,0
182,other,What direction are the animals heading?,right,http://images.cocodataset.org/train2014/COCO_train2014_000000000154.jpg,0,0,0.7700073031356667,-0.93359375,It,0
183,other,Is the zebra walking or standing still?,walking,http://images.cocodataset.org/train2014/COCO_train2014_000000000154.jpg,0,0,0.854997447957008,-0.6484375,The,0
184,other,Number of animals?,3,http://images.cocodataset.org/train2014/COCO_train2014_000000000154.jpg,0,0,0.8736322439628792,-0.314453125,There,0
185,other,What is on the plate?,cupcake,http://images.cocodataset.org/train2014/COCO_train2014_000000393375.jpg,0,0,0.7480300192799686,-0.90234375,There,0
186,other,What are the pink pieces of paper called?,post-its,http://images.cocodataset.org/train2014/COCO_train2014_000000393375.jpg,0,0,0.8455215931865095,-0.2080078125,The,0
187,other,What is the green stuff?,broccoli,http://images.cocodataset.org/train2014/COCO_train2014_000000393379.jpg,0,0,0.8492366264352453,-0.341796875,The,0
188,other,Is this a finger food or dish?,dish,http://images.cocodataset.org/train2014/COCO_train2014_000000393379.jpg,0,0,0.8973318777358259,-0.58203125,It,0
189,other,What ICING IS USED ON THIS CAKE?,vanilla,http://images.cocodataset.org/train2014/COCO_train2014_000000262308.jpg,0,0,0.8491946269252679,-0.9453125,I,0
190,other,What is the figure on the cupcake?,soldier,http://images.cocodataset.org/train2014/COCO_train2014_000000262308.jpg,0,0,0.8501147082172682,-0.5078125,The,0
191,other,What flavor is the cupcake?,vanilla,http://images.cocodataset.org/train2014/COCO_train2014_000000262308.jpg,0,0,0.7019633939405849,-0.76171875,It,0
192,other,What is the woman doing?,cutting tie,http://images.cocodataset.org/train2014/COCO_train2014_000000000165.jpg,0,0,0.8530832006508442,-0.111328125,The,0
193,other,What room is this?,living room,http://images.cocodataset.org/train2014/COCO_train2014_000000415089.jpg,0,0,0.8749974113315694,-0.96484375,It,0
194,other,What is the boy doing?,herding,http://images.cocodataset.org/train2014/COCO_train2014_000000131245.jpg,0,0,0.8548256432200492,-0.11572265625,The,0
195,other,What animal is on the walls?,fish,http://images.cocodataset.org/train2014/COCO_train2014_000000393394.jpg,0,0,0.858251741881066,-0.90625,The,0
196,other,Sunny or overcast?,overcast,http://images.cocodataset.org/train2014/COCO_train2014_000000393396.jpg,0,0,0.8523607496843343,-0.88671875,The,0
197,other,What is the color of the roof shingles?,gray,http://images.cocodataset.org/train2014/COCO_train2014_000000393396.jpg,0,0,0.8316438555375636,-0.36328125,The,0
198,other,What symbol sits atop the tower?,cross,http://images.cocodataset.org/train2014/COCO_train2014_000000393396.jpg,0,0,0.8567100943920267,-0.1884765625,The,0
199,other,What is the grate for?,toaster oven,http://images.cocodataset.org/train2014/COCO_train2014_000000524471.jpg,0,0,0.8485338563338274,-0.6953125,The,0
200,other,What time is it?,11:55,http://images.cocodataset.org/train2014/COCO_train2014_000000262329.jpg,0,0,0.9276256101159848,-0.8671875,The,0
201,other,What is the brown object with a clock on it?,birdhouse,http://images.cocodataset.org/train2014/COCO_train2014_000000262329.jpg,0,0,0.9132494625426251,-0.287109375,The,0
202,other,What number bus is this?,892,http://images.cocodataset.org/train2014/COCO_train2014_000000393403.jpg,0,0,0.4102405518476321,-0.7890625,I,0
203,other,What is the woman holding?,hair dryer,http://images.cocodataset.org/train2014/COCO_train2014_000000524476.jpg,0,0,0.8537201259397567,-0.2216796875,The,0
204,other,What shape is at the bottom of the pole?,rectangle,http://images.cocodataset.org/train2014/COCO_train2014_000000257513.jpg,0,0,0.8209871014545058,-0.95703125,The,0
205,other,What type of bed is in the picture?,bunk bed,http://images.cocodataset.org/train2014/COCO_train2014_000000257513.jpg,0,0,0.8484394730449093,-0.2275390625,The,0
206,other,What is he cooking?,hot dogs,http://images.cocodataset.org/train2014/COCO_train2014_000000524486.jpg,0,0,0.9236984700599477,-0.60546875,The,0
207,other,Is this a new or ancient clock?,ancient,http://images.cocodataset.org/train2014/COCO_train2014_000000458785.jpg,0,0,0.9284394597314043,-0.85546875,The,0
208,other,What time does the clock read?,12:55,http://images.cocodataset.org/train2014/COCO_train2014_000000458785.jpg,0,0,0.8534535435880506,-0.52734375,The,0
209,other,What mountain was this taken at?,lookout,http://images.cocodataset.org/train2014/COCO_train2014_000000000201.jpg,0,0,0.6076984008868273,-0.625,It,0
210,other,What is the black thing he is wearing?,apron,http://images.cocodataset.org/train2014/COCO_train2014_000000393418.jpg,0,0,0.8462138386694539,-0.1650390625,The,0
211,other,What is the man doing in the picture?,cooking,http://images.cocodataset.org/train2014/COCO_train2014_000000393418.jpg,0,0,0.850791639505454,-0.12890625,The,0
212,other,What is the cartoon man presenting to the cartoon woman?,ring,http://images.cocodataset.org/train2014/COCO_train2014_000000393419.jpg,0,0,0.9110112283649566,-0.10693359375,The,0
213,other,What does the sign with the white arrow say?,one way,http://images.cocodataset.org/train2014/COCO_train2014_000000393419.jpg,0,0,0.805301723011994,-0.019775390625,The,0
214,other,"What is above the ""No Left Turn"" sign?",one way,http://images.cocodataset.org/train2014/COCO_train2014_000000393419.jpg,0,0,0.855341980809853,-0.8828125,I,0
215,other,What is the sign says?,stop,http://images.cocodataset.org/train2014/COCO_train2014_000000393422.jpg,0,0,0.8504480358527823,-0.035888671875,The,0
216,other,What gender are both of the children likely to be?,female,http://images.cocodataset.org/train2014/COCO_train2014_000000131279.jpg,0,0,0.35900625939914294,-0.609375,Both,0
217,other,What is the one girl doing to the other girl's hair?,brushing,http://images.cocodataset.org/train2014/COCO_train2014_000000131279.jpg,0,0,0.8134812543929891,-0.212890625,The,0
218,other,Something new to wear with a men's shirt?,tie,http://images.cocodataset.org/train2014/COCO_train2014_000000448671.jpg,0,0,0.848926166844191,-1.296875,I,0
219,other,How much did they pay for the hot dogs?,1,http://images.cocodataset.org/train2014/COCO_train2014_000000393428.jpg,0,0,0.9469958507998911,-0.8671875,It,0
220,other,What is in the man's hand?,tennis racket,http://images.cocodataset.org/train2014/COCO_train2014_000000554301.jpg,0,0,0.854836276195545,-0.1376953125,The,0
221,other,What silverware is on the table?,knife and fork,http://images.cocodataset.org/train2014/COCO_train2014_000000262359.jpg,0,0,0.8571274087499567,-0.76171875,The,0
222,other,What type of animal is it?,cat,http://images.cocodataset.org/train2014/COCO_train2014_000000393432.jpg,0,0,0.8609851609939817,-0.1611328125,The,0
223,other,What is the man standing on?,sand,http://images.cocodataset.org/train2014/COCO_train2014_000000474858.jpg,0,0,0.8565650973415609,-0.330078125,The,0
224,other,What are these men standing in front of?,ocean,http://images.cocodataset.org/train2014/COCO_train2014_000000474858.jpg,0,0,0.8383928116399925,-0.169921875,The,0
225,other,What is the temperature outside?,cold,http://images.cocodataset.org/train2014/COCO_train2014_000000474858.jpg,0,0,0.2829294193161039,-0.75,It,0
226,other,What is lying on the ground?,surfboard,http://images.cocodataset.org/train2014/COCO_train2014_000000474858.jpg,0,0,0.7373549288026571,-0.96875,There,0
227,other,What is flying in the air?,kites,http://images.cocodataset.org/train2014/COCO_train2014_000000474858.jpg,0,0,0.38651333426291573,-1.390625,In,0
228,other,What brand of shoes is the skateboarder wearing?,none,http://images.cocodataset.org/train2014/COCO_train2014_000000474858.jpg,0,0,0.8941021437182848,-0.8046875,It,0
229,other,What type of clouds are visible in this photo?,cumulus,http://images.cocodataset.org/train2014/COCO_train2014_000000474858.jpg,0,0,0.8513617651126847,-0.7578125,I,0
230,other,What is the man doing?,standing,http://images.cocodataset.org/train2014/COCO_train2014_000000474858.jpg,0,0,0.8448662914549542,-0.369140625,The,0
231,other,Is the person on the right male or female?,male,http://images.cocodataset.org/train2014/COCO_train2014_000000474858.jpg,0,0,0.822813723312748,-0.59765625,The,0
232,other,What object is painted on the surfboard?,star,http://images.cocodataset.org/train2014/COCO_train2014_000000474858.jpg,0,0,0.4262243274713103,-0.859375,I,0
233,other,What does the train ride along?,tracks,http://images.cocodataset.org/train2014/COCO_train2014_000000165859.jpg,0,0,0.8581275487806129,-0.05615234375,The,0
234,other,What is turned on?,light,http://images.cocodataset.org/train2014/COCO_train2014_000000039288.jpg,0,0,0.8602950177172267,-0.76171875,The,0
235,other,What is the name of the yellow fruit pictured?,banana,http://images.cocodataset.org/train2014/COCO_train2014_000000039288.jpg,0,0,0.8463485873863195,-0.15625,The,0
236,other,What shape are the plates?,round,http://images.cocodataset.org/train2014/COCO_train2014_000000524518.jpg,0,0,0.8441444699572126,-0.1337890625,The,0
237,other,What indicates that this is for a party?,many plates,http://images.cocodataset.org/train2014/COCO_train2014_000000524518.jpg,0,0,0.8474783436737424,-0.232421875,The,0
238,other,What two utensils are next to the plate?,fork and knife,http://images.cocodataset.org/train2014/COCO_train2014_000000524518.jpg,0,0,0.8534501116352042,-1.03125,I,0
239,other,How lucky is it that no one was walking on the sidewalk at that time?,very,http://images.cocodataset.org/train2014/COCO_train2014_000000524520.jpg,0,0,0.7015817087123029,-0.51953125,It,0
240,other,What traffic light is on?,red,http://images.cocodataset.org/train2014/COCO_train2014_000000524520.jpg,0,0,0.856378281476915,-0.83984375,I,0
241,other,What number does the battery have on his shirt?,11,http://images.cocodataset.org/train2014/COCO_train2014_000000524522.jpg,0,0,0.8479835248663037,-0.84765625,I,0
242,other,What team is the batter from?,yankees,http://images.cocodataset.org/train2014/COCO_train2014_000000524522.jpg,0,0,0.4179269280346031,-0.796875,I,0
243,other,What objects are directly above the TV set?,pictures,http://images.cocodataset.org/train2014/COCO_train2014_000000131312.jpg,0,0,0.40614566097785193,-1.265625,I,0
244,other,What print is this woman's dress?,dots,http://images.cocodataset.org/train2014/COCO_train2014_000000131315.jpg,0,0,0.8568330530929823,-0.7421875,The,0
245,other,What is on the handlebars?,bird,http://images.cocodataset.org/train2014/COCO_train2014_000000262389.jpg,0,0,0.739903224997842,-1.359375,There,0
246,other,What bird is on the man's bike?,parrot,http://images.cocodataset.org/train2014/COCO_train2014_000000262389.jpg,0,0,0.4262367496206678,-0.80078125,I,0
247,other,What is the fence made of?,metal,http://images.cocodataset.org/train2014/COCO_train2014_000000262393.jpg,0,0,0.8574759091368341,-0.2216796875,The,0
248,other,What is the name of the street that starts with a color?,greenwich,http://images.cocodataset.org/train2014/COCO_train2014_000000000250.jpg,0,0,0.8293565007223883,-0.58203125,The,0
249,other,How can you tell the giraffe is in captivity?,fence,http://images.cocodataset.org/train2014/COCO_train2014_000000131323.jpg,0,0,0.9145297130508468,-1.609375,The,0
250,other,What is the name of the store behind the lady?,pike place fish,http://images.cocodataset.org/train2014/COCO_train2014_000000262399.jpg,0,0,0.750584558054156,-0.169921875,The,0
251,other,What does the lady have in her mouth?,fish,http://images.cocodataset.org/train2014/COCO_train2014_000000262399.jpg,0,0,0.8374556990301528,-0.380859375,The,0
252,other,What are the popsicle sticks used for?,labels,http://images.cocodataset.org/train2014/COCO_train2014_000000131330.jpg,0,0,0.8501756953457816,-0.341796875,The,0
253,other,What is the structure in the background?,teepee,http://images.cocodataset.org/train2014/COCO_train2014_000000524547.jpg,0,0,0.8556541877343513,-0.298828125,The,0
254,other,What are these people doing?,snowboarding,http://images.cocodataset.org/train2014/COCO_train2014_000000524551.jpg,0,0,0.8469467731732141,-0.3515625,The,0
255,other,What is the white structure behind the ramp?,teepee,http://images.cocodataset.org/train2014/COCO_train2014_000000524551.jpg,0,0,0.46827070774527996,-0.7890625,I,0
256,other,What is on the ground?,snow,http://images.cocodataset.org/train2014/COCO_train2014_000000393480.jpg,0,0,0.8533269018816112,-0.53515625,The,0
257,other,What is the man wearing?,shorts,http://images.cocodataset.org/train2014/COCO_train2014_000000131339.jpg,0,0,0.8481069385015853,-0.039794921875,The,0
258,other,What sport are they playing?,soccer,http://images.cocodataset.org/train2014/COCO_train2014_000000524557.jpg,0,0,0.8505986754823546,-0.51953125,The,0
259,other,Color is the goaltenders shirt?,white,http://images.cocodataset.org/train2014/COCO_train2014_000000524557.jpg,0,0,0.8574441190682159,-0.10693359375,The,0
260,other,Are they coworkers or best friends?,best friends,http://images.cocodataset.org/train2014/COCO_train2014_000000131342.jpg,0,0,0.5914893234150898,-0.59765625,It,0
261,other,What is in the glass in the lower right?,wine,http://images.cocodataset.org/train2014/COCO_train2014_000000131342.jpg,0,0,0.852987295925834,-0.2216796875,The,0
262,other,The wall is made out of?,brick,http://images.cocodataset.org/train2014/COCO_train2014_000000131342.jpg,0,0,0.856966845251311,-0.048095703125,The,0
263,other,What does the sign in the background say?,no parking,http://images.cocodataset.org/train2014/COCO_train2014_000000262415.jpg,0,0,0.41839521027065557,-0.625,I,0
264,other,What is behind the mirror?,bus,http://images.cocodataset.org/train2014/COCO_train2014_000000262415.jpg,0,0,0.849766444473007,-1.421875,The,0
265,other,How healthy does this meal look?,very,http://images.cocodataset.org/train2014/COCO_train2014_000000393488.jpg,0,0,0.851126417204466,-1.0546875,The,0
266,other,What meat is used in the main dish?,beef,http://images.cocodataset.org/train2014/COCO_train2014_000000393488.jpg,0,0,0.4095390391277203,-0.796875,I,0
267,other,What is the man reaching for?,phone,http://images.cocodataset.org/train2014/COCO_train2014_000000393489.jpg,0,0,0.8559673037824216,-0.357421875,The,0
268,other,What language is the text on the sign?,english,http://images.cocodataset.org/train2014/COCO_train2014_000000393489.jpg,0,0,0.9243651369031067,-0.18359375,The,0
269,other,What is the man holding?,phone,http://images.cocodataset.org/train2014/COCO_train2014_000000393489.jpg,0,0,0.8581551810538749,-0.060302734375,The,0
270,other,What does this phone case look like?,silver,http://images.cocodataset.org/train2014/COCO_train2014_000000393489.jpg,0,0,0.9301975264563243,-0.65625,The,0
271,other,What is the brand of the phone?,pharos,http://images.cocodataset.org/train2014/COCO_train2014_000000393489.jpg,0,0,0.926218250040861,-0.38671875,The,0
272,other,What does this controller go with?,phone,http://images.cocodataset.org/train2014/COCO_train2014_000000393489.jpg,0,0,0.85644375873869,-1.1171875,I,0
273,other,What brand is the phone?,pharos,http://images.cocodataset.org/train2014/COCO_train2014_000000393489.jpg,0,0,0.8585163776706896,-0.41015625,The,0
274,other,What is the person holding in their hand?,cell phone,http://images.cocodataset.org/train2014/COCO_train2014_000000393489.jpg,0,0,0.9245266433359318,-0.064453125,The,0
275,other,What is the person holding?,phone,http://images.cocodataset.org/train2014/COCO_train2014_000000393489.jpg,0,0,0.8579840628011765,-0.039794921875,The,0
276,other,What's on the other side of the shower curtain?,shower,http://images.cocodataset.org/train2014/COCO_train2014_000000546179.jpg,0,0,0.923620322394601,-0.98046875,I,0
277,other,What is the green stuff?,broccoli,http://images.cocodataset.org/train2014/COCO_train2014_000000000009.jpg,0,0,0.850294208298774,-0.2080078125,The,0
278,other,What is the floor made of?,tile,http://images.cocodataset.org/train2014/COCO_train2014_000000131351.jpg,0,0,0.8606957237290792,-0.1611328125,The,0
279,other,What is the ratio of white tiles to blue?,many more white,http://images.cocodataset.org/train2014/COCO_train2014_000000131351.jpg,0,0,0.5297796258409407,-0.95703125,It,0
280,other,What power tool is present?,drill,http://images.cocodataset.org/train2014/COCO_train2014_000000131351.jpg,0,0,0.8564001430018061,-0.84765625,I,0
281,other,What fruit is present?,watermelon,http://images.cocodataset.org/train2014/COCO_train2014_000000131352.jpg,0,0,0.9229022147603131,-0.78125,The,0
282,other,What do you think the cat is looking at?,bird,http://images.cocodataset.org/train2014/COCO_train2014_000000524572.jpg,0,0,0.8302251267946716,-0.6953125,It,0
283,other,What utensil is sitting next to the food?,fork,http://images.cocodataset.org/train2014/COCO_train2014_000000112497.jpg,0,0,0.7283050084472911,-0.75,A,0
284,other,What is in the jug?,beer,http://images.cocodataset.org/train2014/COCO_train2014_000000112497.jpg,0,0,0.8413114252135206,-0.8125,The,0
285,other,What is the name of this crusted food?,pizza,http://images.cocodataset.org/train2014/COCO_train2014_000000112497.jpg,0,0,0.8494495514394516,-0.08544921875,The,0
286,other,What animal is on the flatbed?,cow,http://images.cocodataset.org/train2014/COCO_train2014_000000393503.jpg,0,0,0.8532434387261174,-0.49609375,The,0
287,other,What room of the house is this?,kitchen,http://images.cocodataset.org/train2014/COCO_train2014_000000393508.jpg,0,0,0.8751452742804461,-0.59765625,The,0
288,other,What is the floor made out of?,wood,http://images.cocodataset.org/train2014/COCO_train2014_000000393508.jpg,0,0,0.8749676644520764,-0.1650390625,The,0
289,other,What do you use the stove for?,cooking,http://images.cocodataset.org/train2014/COCO_train2014_000000393508.jpg,0,0,0.8756419235682258,-0.380859375,The,0
290,other,What is the batter wearing on his ankles?,guards,http://images.cocodataset.org/train2014/COCO_train2014_000000414639.jpg,0,0,0.8432927477669052,-0.2177734375,The,0
291,other,What is the crouching man in the mask called?,catcher,http://images.cocodataset.org/train2014/COCO_train2014_000000414639.jpg,0,0,0.9090165619375113,-0.1376953125,The,0
292,other,What are the two women carrying?,rackets,http://images.cocodataset.org/train2014/COCO_train2014_000000131366.jpg,0,0,0.4655158968020667,-1.1640625,I,0
293,other,What are these people holding?,tennis rackets,http://images.cocodataset.org/train2014/COCO_train2014_000000131366.jpg,0,0,0.8487521243255712,-0.4453125,The,0
294,other,What is the woman wearing on her neck?,collar,http://images.cocodataset.org/train2014/COCO_train2014_000000131366.jpg,0,0,0.8444437920552493,-1.1875,The,0
295,other,What sports are they playing?,tennis,http://images.cocodataset.org/train2014/COCO_train2014_000000131366.jpg,0,0,0.8469119555402511,-0.8046875,The,0
296,other,What is the approximate time period of this photo?,1950s,http://images.cocodataset.org/train2014/COCO_train2014_000000131366.jpg,0,0,0.8218443993372767,-1.1171875,The,0
297,other,What are the ladies doing?,playing tennis,http://images.cocodataset.org/train2014/COCO_train2014_000000131366.jpg,0,0,0.8476877796037589,-0.15625,The,0
298,other,"What three letter word, best describes the liquid container on the ground between the two people?",jug,http://images.cocodataset.org/train2014/COCO_train2014_000000131366.jpg,0,0,0.45997884043824305,-1.0546875,I,0
299,other,What does the wall say on the far left?,nothing,http://images.cocodataset.org/train2014/COCO_train2014_000000131366.jpg,0,0,0.8513560352685043,-0.68359375,I,0
300,other,What is the woman wearing?,skirt,http://images.cocodataset.org/train2014/COCO_train2014_000000131366.jpg,0,0,0.8465766258132692,-0.29296875,The,0
301,other,What type of photo is this?,black and white,http://images.cocodataset.org/train2014/COCO_train2014_000000131366.jpg,0,0,0.7981834033978896,-0.984375,This,0
302,other,What sport is this?,tennis,http://images.cocodataset.org/train2014/COCO_train2014_000000131366.jpg,0,0,0.9255075793200062,-0.1748046875,The,0
303,other,What are the people holding?,tennis rackets,http://images.cocodataset.org/train2014/COCO_train2014_000000131366.jpg,0,0,0.8466560974223214,-0.1982421875,The,0
304,other,What is the group of people holding in their hand?,tennis rackets,http://images.cocodataset.org/train2014/COCO_train2014_000000131366.jpg,0,0,0.9134921409753453,-0.26171875,The,0
305,other,Is the game live or on television?,live,http://images.cocodataset.org/train2014/COCO_train2014_000000131366.jpg,0,0,0.5874013360643917,-1.1484375,It,0
306,other,How would you call for more information about the bus?,877-pwp-green,http://images.cocodataset.org/train2014/COCO_train2014_000000262442.jpg,0,0,0.9155465239236668,-0.05615234375,To,0
307,other,What pattern does the woman have on?,polka dot,http://images.cocodataset.org/train2014/COCO_train2014_000000021895.jpg,0,0,0.8581017110794792,-0.00787353515625,The,0
308,other,What is running across the beach?,horse,http://images.cocodataset.org/train2014/COCO_train2014_000000131373.jpg,0,0,0.7690073005637845,-0.8671875,A,0
309,other,What is causing the smoke?,grill,http://images.cocodataset.org/train2014/COCO_train2014_000000131374.jpg,0,0,0.8564645868450104,-1.015625,The,0
310,other,What ethnicity is the man?,african american,http://images.cocodataset.org/train2014/COCO_train2014_000000109277.jpg,0,0,0.8524797511495671,-0.8046875,The,0
311,other,Is the man wearing shorts or pants?,shorts,http://images.cocodataset.org/train2014/COCO_train2014_000000131376.jpg,0,0,0.855322112053974,-0.1796875,The,0
312,color recognition,What color is the players shirt?,orange,http://images.cocodataset.org/train2014/COCO_train2014_000000458752.jpg,0,0,0.8558542294946905,-0.019775390625,The,0
313,color recognition,What color is the snow?,white,http://images.cocodataset.org/train2014/COCO_train2014_000000262146.jpg,0,0,0.8527563677843302,-0.0986328125,The,0
314,color recognition,What color is the persons headwear?,red,http://images.cocodataset.org/train2014/COCO_train2014_000000262146.jpg,0,0,0.8563365178086517,-0.111328125,The,0
315,color recognition,What color is the toothbrush?,white and purple,http://images.cocodataset.org/train2014/COCO_train2014_000000393223.jpg,0,0,0.8558111897788931,-0.302734375,The,0
316,color recognition,What colors are shown in this picture?,black and white,http://images.cocodataset.org/train2014/COCO_train2014_000000524297.jpg,0,0,0.8585439211470558,-0.53515625,The,0
317,color recognition,What color is his hat?,blue,http://images.cocodataset.org/train2014/COCO_train2014_000000393227.jpg,0,0,0.8496078653700432,-0.232421875,The,0
318,color recognition,What color is the jacket?,green,http://images.cocodataset.org/train2014/COCO_train2014_000000131084.jpg,0,0,0.847580076293439,-0.060302734375,The,0
319,color recognition,What color is the sky?,gray,http://images.cocodataset.org/train2014/COCO_train2014_000000393230.jpg,0,0,0.8509953597220222,-0.2578125,The,0
320,color recognition,What color is his coat?,blue,http://images.cocodataset.org/train2014/COCO_train2014_000000393230.jpg,0,0,0.8532065143764267,-0.1796875,The,0
321,color recognition,What color is the bear?,black,http://images.cocodataset.org/train2014/COCO_train2014_000000137045.jpg,0,0,0.8506654388900594,-0.03173828125,The,0
322,color recognition,What color are the leaves?,green,http://images.cocodataset.org/train2014/COCO_train2014_000000262171.jpg,0,0,0.8507241110064331,-0.2373046875,The,0
323,color recognition,What color is the umbrella?,pink,http://images.cocodataset.org/train2014/COCO_train2014_000000131101.jpg,0,0,0.8490224454203898,-0.142578125,The,0
324,color recognition,What color is the vase?,white,http://images.cocodataset.org/train2014/COCO_train2014_000000000030.jpg,0,0,0.8528134528499507,-0.0277099609375,The,0
325,color recognition,What color is the napkin?,white,http://images.cocodataset.org/train2014/COCO_train2014_000000043697.jpg,0,0,0.8572515542106157,-0.08544921875,The,0
326,color recognition,What color is the refrigerator?,silver,http://images.cocodataset.org/train2014/COCO_train2014_000000131113.jpg,0,0,0.8516197683937432,-0.05615234375,The,0
327,color recognition,What color is the plane?,red,http://images.cocodataset.org/train2014/COCO_train2014_000000262187.jpg,0,0,0.8400450811456907,-0.019775390625,The,0
328,color recognition,What color horse is closer to the camera?,black,http://images.cocodataset.org/train2014/COCO_train2014_000000000049.jpg,0,0,0.9253944472180713,-0.2470703125,The,0
329,color recognition,What color is the girl's shirt?,blue,http://images.cocodataset.org/train2014/COCO_train2014_000000393268.jpg,0,0,0.8529668186997891,-0.12451171875,The,0
330,color recognition,What color are the flowers?,yellow and white,http://images.cocodataset.org/train2014/COCO_train2014_000000131128.jpg,0,0,0.848284317593824,-0.03173828125,The,0
331,color recognition,What colors are the flowers?,yellow and white,http://images.cocodataset.org/train2014/COCO_train2014_000000131128.jpg,0,0,0.8491315891899993,-0.03173828125,The,0
332,color recognition,What color is the animal?,gray,http://images.cocodataset.org/train2014/COCO_train2014_000000262204.jpg,0,0,0.84884249669445,-0.035888671875,The,0
333,color recognition,What color is the plane?,red and white,http://images.cocodataset.org/train2014/COCO_train2014_000000131133.jpg,0,0,0.8495698045800449,-0.01177978515625,The,0
334,color recognition,What color are the seats?,tan,http://images.cocodataset.org/train2014/COCO_train2014_000000262207.jpg,0,0,0.8480325306988064,-0.27734375,The,0
335,color recognition,What color is the middle vase?,blue,http://images.cocodataset.org/train2014/COCO_train2014_000000458763.jpg,0,0,0.8570500431508195,-0.1474609375,The,0
336,color recognition,What color is the window frame?,white,http://images.cocodataset.org/train2014/COCO_train2014_000000393291.jpg,0,0,0.8581653331765082,-0.6171875,The,0
337,color recognition,What color is the sign?,white,http://images.cocodataset.org/train2014/COCO_train2014_000000131160.jpg,0,0,0.8417650264232955,-0.08544921875,The,0
338,color recognition,What color is the tray?,white,http://images.cocodataset.org/train2014/COCO_train2014_000000524377.jpg,0,0,0.84768267660772,-0.08154296875,The,0
339,color recognition,What color is the bathroom?,yellow,http://images.cocodataset.org/train2014/COCO_train2014_000000262159.jpg,0,0,0.850119622524164,-0.32421875,The,0
340,color recognition,What color is the wall?,yellow,http://images.cocodataset.org/train2014/COCO_train2014_000000262159.jpg,0,0,0.8518355073106277,-0.06884765625,The,0
341,color recognition,What color are the bathroom walls?,yellow,http://images.cocodataset.org/train2014/COCO_train2014_000000262159.jpg,0,0,0.854414996798753,-0.3359375,The,0
342,color recognition,What color is the sofa?,gray,http://images.cocodataset.org/train2014/COCO_train2014_000000524386.jpg,0,0,0.8404134004564717,-0.12890625,The,0
343,color recognition,What color is the man's shirt in the front of the photo?,black,http://images.cocodataset.org/train2014/COCO_train2014_000000131172.jpg,0,0,0.8328088348379394,-0.023681640625,The,0
344,color recognition,What color is the traffic signal?,green,http://images.cocodataset.org/train2014/COCO_train2014_000000393317.jpg,0,0,0.8531412117589878,-0.169921875,The,0
345,color recognition,What color is the woman's sweater?,gray,http://images.cocodataset.org/train2014/COCO_train2014_000000000110.jpg,0,0,0.855240203417412,-0.111328125,The,0
346,color recognition,What color are the chairs?,blue,http://images.cocodataset.org/train2014/COCO_train2014_000000000113.jpg,0,0,0.8512687879628467,-0.2421875,The,0
347,color recognition,What color is the building?,red,http://images.cocodataset.org/train2014/COCO_train2014_000000131190.jpg,0,0,0.8508664606044584,-0.08154296875,The,0
348,color recognition,What color are the flowers?,red,http://images.cocodataset.org/train2014/COCO_train2014_000000131190.jpg,0,0,0.8507918271822078,-0.6640625,The,0
349,color recognition,What color is the clock tower in this photo?,white,http://images.cocodataset.org/train2014/COCO_train2014_000000131190.jpg,0,0,0.8276521255949215,-0.15625,The,0
350,color recognition,What color plate is this?,white,http://images.cocodataset.org/train2014/COCO_train2014_000000000127.jpg,0,0,0.8456287426504685,-0.035888671875,The,0
351,color recognition,What color are the skis?,yellow,http://images.cocodataset.org/train2014/COCO_train2014_000000262273.jpg,0,0,0.854411981515336,-0.1337890625,The,0
352,color recognition,What color is the man's hat?,black,http://images.cocodataset.org/train2014/COCO_train2014_000000262273.jpg,0,0,0.8554170535942266,-0.111328125,The,0
353,color recognition,What color is the woman's shorts?,black,http://images.cocodataset.org/train2014/COCO_train2014_000000524420.jpg,0,0,0.8553880095125376,-0.08984375,The,0
354,color recognition,What color is the girl's hair?,red,http://images.cocodataset.org/train2014/COCO_train2014_000000131208.jpg,0,0,0.8551811759474021,-0.1474609375,The,0
355,color recognition,What color is the catcher's pants?,gray,http://images.cocodataset.org/train2014/COCO_train2014_000000284012.jpg,0,0,0.8452345385746287,-0.1884765625,The,0
356,color recognition,What color flowers are on the top right?,purple,http://images.cocodataset.org/train2014/COCO_train2014_000000262283.jpg,0,0,0.8474663771531825,-0.60546875,The,0
357,color recognition,What color is the cloth?,gray,http://images.cocodataset.org/train2014/COCO_train2014_000000524428.jpg,0,0,0.8484111002139387,-0.3515625,The,0
358,color recognition,What color is the milk carton?,blue,http://images.cocodataset.org/train2014/COCO_train2014_000000000142.jpg,0,0,0.8572854719224676,-0.10693359375,The,0
359,color recognition,What color is the building?,red,http://images.cocodataset.org/train2014/COCO_train2014_000000000149.jpg,0,0,0.8386450141422901,-0.2470703125,The,0
360,color recognition,What color is this girl's shirt?,red,http://images.cocodataset.org/train2014/COCO_train2014_000000109986.jpg,0,0,0.8582062848940437,-0.01177978515625,The,0
361,color recognition,What color is the girls hot dog?,red,http://images.cocodataset.org/train2014/COCO_train2014_000000109986.jpg,0,0,0.8571928092971535,-0.2578125,The,0
362,color recognition,What color are the girl's lips?,red,http://images.cocodataset.org/train2014/COCO_train2014_000000109986.jpg,0,0,0.8536526909102438,-0.0277099609375,The,0
363,color recognition,What color is the school bus?,blue yellow,http://images.cocodataset.org/train2014/COCO_train2014_000000131225.jpg,0,0,0.854924543252147,-0.2216796875,The,0
364,color recognition,What color is the bus?,blue and yellow,http://images.cocodataset.org/train2014/COCO_train2014_000000131225.jpg,0,0,0.8444606012456016,-0.023681640625,The,0
365,color recognition,What color are the stakes in the dirt?,yellow,http://images.cocodataset.org/train2014/COCO_train2014_000000262299.jpg,0,0,0.8510883938105211,-0.060302734375,The,0
366,color recognition,What color shirt is the man standing in the background wearing?,yellow,http://images.cocodataset.org/train2014/COCO_train2014_000000262299.jpg,0,0,0.9187653334671477,-0.08984375,The,0
367,color recognition,What color are the majority of sheep?,black,http://images.cocodataset.org/train2014/COCO_train2014_000000393386.jpg,0,0,0.8557425667761714,-0.212890625,The,0
368,color recognition,What color are the flowers?,pink,http://images.cocodataset.org/train2014/COCO_train2014_000000262329.jpg,0,0,0.8495479930315748,-0.142578125,The,0
369,color recognition,What color is the bus?,red and yellow,http://images.cocodataset.org/train2014/COCO_train2014_000000393403.jpg,0,0,0.8463493631451015,-0.039794921875,The,0
370,color recognition,What color are the girls earrings?,silver,http://images.cocodataset.org/train2014/COCO_train2014_000000524476.jpg,0,0,0.8563164262341728,-0.470703125,The,0
371,color recognition,What color is the plate?,white,http://images.cocodataset.org/train2014/COCO_train2014_000000000194.jpg,0,0,0.8496877369152644,-0.314453125,The,0
372,color recognition,What color is the car?,orange,http://images.cocodataset.org/train2014/COCO_train2014_000000393412.jpg,0,0,0.8474586998235538,-0.2177734375,The,0
373,color recognition,What color is the sign?,black and white,http://images.cocodataset.org/train2014/COCO_train2014_000000393419.jpg,0,0,0.8463726525814249,-0.06884765625,The,0
374,color recognition,What color is the girl's brush?,blue,http://images.cocodataset.org/train2014/COCO_train2014_000000131279.jpg,0,0,0.853686188334462,-0.064453125,The,0
375,color recognition,What color is the comb?,blue,http://images.cocodataset.org/train2014/COCO_train2014_000000131279.jpg,0,0,0.847528710647833,-0.111328125,The,0
376,color recognition,What color is the table?,brown,http://images.cocodataset.org/train2014/COCO_train2014_000000393428.jpg,0,0,0.8591226577140605,-0.1201171875,The,0
377,color recognition,What color is the knife handle?,silver,http://images.cocodataset.org/train2014/COCO_train2014_000000262359.jpg,0,0,0.8566584840678845,-0.546875,The,0
378,color recognition,What color eyes does the cat have?,blue,http://images.cocodataset.org/train2014/COCO_train2014_000000393432.jpg,0,0,0.929842439379593,-0.341796875,The,0
379,color recognition,What color is the umbrella?,pink,http://images.cocodataset.org/train2014/COCO_train2014_000000000036.jpg,0,0,0.8481979033430069,-0.023681640625,The,0
380,color recognition,What color is the man's skin?,white,http://images.cocodataset.org/train2014/COCO_train2014_000000474858.jpg,0,0,0.8562254586907908,-0.546875,The,0
381,color recognition,What color is the shirt of the man standing?,black,http://images.cocodataset.org/train2014/COCO_train2014_000000474858.jpg,0,0,0.8227797459408862,-0.09423828125,The,0
382,color recognition,What color is the board?,white,http://images.cocodataset.org/train2014/COCO_train2014_000000474858.jpg,0,0,0.8439776398594326,-0.2578125,The,0
383,color recognition,What colors are in the kite?,"black, blue, red, orange, yellow",http://images.cocodataset.org/train2014/COCO_train2014_000000393438.jpg,0,0,0.8555662809492992,-0.314453125,The,0
384,color recognition,What color is the train's bumper?,red,http://images.cocodataset.org/train2014/COCO_train2014_000000165859.jpg,0,0,0.8570860615635386,-0.287109375,The,0
385,color recognition,What color dresses are the women wearing?,orange,http://images.cocodataset.org/train2014/COCO_train2014_000000393442.jpg,0,0,0.8577316764163655,-0.2216796875,The,0
386,color recognition,What color is the plate?,white,http://images.cocodataset.org/train2014/COCO_train2014_000000393445.jpg,0,0,0.8482764206923873,-0.03173828125,The,0
387,color recognition,What color is the picket fence?,white,http://images.cocodataset.org/train2014/COCO_train2014_000000524525.jpg,0,0,0.8549377635080354,-0.08544921875,The,0
388,color recognition,What color is this airplane?,"red, white, and blue",http://images.cocodataset.org/train2014/COCO_train2014_000000000247.jpg,0,0,0.8490630788871978,-0.06884765625,The,0
389,color recognition,What color is the woman's shirt?,red,http://images.cocodataset.org/train2014/COCO_train2014_000000262399.jpg,0,0,0.8550313565645798,-0.064453125,The,0
390,color recognition,What color is the lighted sign?,blue,http://images.cocodataset.org/train2014/COCO_train2014_000000000260.jpg,0,0,0.8488301775636851,-0.302734375,The,0
391,color recognition,What color is the surfboard?,red,http://images.cocodataset.org/train2014/COCO_train2014_000000131339.jpg,0,0,0.8550238109498082,-0.039794921875,The,0
392,color recognition,What color is the bus in the mirror?,yellow,http://images.cocodataset.org/train2014/COCO_train2014_000000262415.jpg,0,0,0.8472466204238314,-0.1884765625,The,0
393,color recognition,What color is the phone?,gray,http://images.cocodataset.org/train2014/COCO_train2014_000000393489.jpg,0,0,0.8578997964828027,-0.0771484375,The,0
394,color recognition,What color is the shower curtain?,white,http://images.cocodataset.org/train2014/COCO_train2014_000000546179.jpg,0,0,0.8560672675106488,-0.06884765625,The,0
395,color recognition,What color are the dishes?,pink and yellow,http://images.cocodataset.org/train2014/COCO_train2014_000000000009.jpg,0,0,0.8483476432633306,-0.1201171875,The,0
396,color recognition,What color is the water in the bathtub?,clear,http://images.cocodataset.org/train2014/COCO_train2014_000000131351.jpg,0,0,0.8485010579018528,-0.169921875,The,0
397,color recognition,What color are these mattresses?,white,http://images.cocodataset.org/train2014/COCO_train2014_000000131352.jpg,0,0,0.8464300608091158,-0.298828125,The,0
398,color recognition,What color are the items on the truck?,white,http://images.cocodataset.org/train2014/COCO_train2014_000000393503.jpg,0,0,0.8368984115588157,-0.357421875,The,0
399,color recognition,What color is the locomotive?,black,http://images.cocodataset.org/train2014/COCO_train2014_000000497565.jpg,0,0,0.8581243027188166,-0.0439453125,The,0
400,color recognition,What color is the sky?,orange,http://images.cocodataset.org/train2014/COCO_train2014_000000101431.jpg,0,0,0.8507356318408221,-0.03173828125,The,0
401,color recognition,What color is the carpet in the middle of the floor?,blue,http://images.cocodataset.org/train2014/COCO_train2014_000000109277.jpg,0,0,0.9144335833759722,-0.08154296875,The,0
402,color recognition,What color hat is this man wearing?,black,http://images.cocodataset.org/train2014/COCO_train2014_000000131376.jpg,0,0,0.8584633864847061,-0.1611328125,The,0
403,color recognition,What color are the shoelaces?,red,http://images.cocodataset.org/train2014/COCO_train2014_000000131376.jpg,0,0,0.8552864645266447,-0.314453125,The,0
404,color recognition,What color is the guy's shirt?,white,http://images.cocodataset.org/train2014/COCO_train2014_000000131376.jpg,0,0,0.8544815832259718,-0.06884765625,The,0
405,yes/no,Is this man a professional baseball player?,yes,http://images.cocodataset.org/train2014/COCO_train2014_000000458752.jpg,0,0,0.7381590947029647,-0.72265625,Yes,0
406,yes/no,Is the dog waiting?,yes,http://images.cocodataset.org/train2014/COCO_train2014_000000524291.jpg,0,0,0.8345613364932526,-0.703125,Yes,0
407,yes/no,Is the sky blue?,yes,http://images.cocodataset.org/train2014/COCO_train2014_000000393221.jpg,0,0,0.7347173179409765,-0.08984375,Yes,0
408,yes/no,Is there snow on the mountains?,yes,http://images.cocodataset.org/train2014/COCO_train2014_000000393221.jpg,0,0,0.7065068824381587,-0.12890625,Yes,0
409,yes/no,Is the window open?,yes,http://images.cocodataset.org/train2014/COCO_train2014_000000393223.jpg,0,0,0.8024232926291536,-0.90234375,I,0
410,yes/no,Is she brushing?,yes,http://images.cocodataset.org/train2014/COCO_train2014_000000393223.jpg,0,0,0.8101198711800752,-0.41015625,Yes,0
411,yes/no,Is the man smiling?,no,http://images.cocodataset.org/train2014/COCO_train2014_000000393224.jpg,0,0,0.6726618889399993,-0.59765625,No,0
412,yes/no,Does his tie pair well with his suit?,no,http://images.cocodataset.org/train2014/COCO_train2014_000000393224.jpg,0,0,0.4200371269684276,-0.65625,I,0
413,yes/no,Does the man look happy?,no,http://images.cocodataset.org/train2014/COCO_train2014_000000393224.jpg,0,0,0.7217826042633441,-0.9609375,No,0
414,yes/no,Is this photo in color?,no,http://images.cocodataset.org/train2014/COCO_train2014_000000393224.jpg,0,0,0.7147983245233763,-0.09423828125,No,0
415,yes/no,Is the man wearing a plain tie?,no,http://images.cocodataset.org/train2014/COCO_train2014_000000393224.jpg,0,0,0.24497376496338744,-0.283203125,No,0
416,yes/no,"Judging from the dress, was this taken in a Latin American country?",yes,http://images.cocodataset.org/train2014/COCO_train2014_000000524297.jpg,0,0,0.6026073572495462,-0.83203125,It,0
417,yes/no,Are the men on the sidewalk?,no,http://images.cocodataset.org/train2014/COCO_train2014_000000524297.jpg,0,0,0.7280868325060185,-0.54296875,No,0
418,yes/no,Was this photo taken recently?,no,http://images.cocodataset.org/train2014/COCO_train2014_000000524297.jpg,0,0,0.8361454035042005,-0.1748046875,No,0
419,yes/no,Does the guy have a tattoo?,yes,http://images.cocodataset.org/train2014/COCO_train2014_000000393227.jpg,0,0,0.8104406677770045,-0.330078125,Yes,0
420,yes/no,Is the man's visor providing his face enough protection?,no,http://images.cocodataset.org/train2014/COCO_train2014_000000393227.jpg,0,0,0.9457936531309824,-1.09375,It,0
421,yes/no,Is the man riding on a dirt path?,yes,http://images.cocodataset.org/train2014/COCO_train2014_000000131084.jpg,0,0,0.8037173344918027,-0.1201171875,Yes,0
422,yes/no,Are the walls done in a summery color?,yes,http://images.cocodataset.org/train2014/COCO_train2014_000000131074.jpg,0,0,0.7519262377510281,-0.3203125,Yes,0
423,yes/no,Is the curtain patterned?,no,http://images.cocodataset.org/train2014/COCO_train2014_000000131074.jpg,0,0,0.8203679318350462,-0.87109375,Yes,0
424,yes/no,Are the windows the same size?,yes,http://images.cocodataset.org/train2014/COCO_train2014_000000131074.jpg,0,0,0.4139401143422169,-1.0625,I,0
425,yes/no,Is there a shadow of a tree in the foreground?,no,http://images.cocodataset.org/train2014/COCO_train2014_000000393230.jpg,0,0,0.21555494096812472,-0.65625,There,0
426,yes/no,Did someone forget his luggage in the snow?,no,http://images.cocodataset.org/train2014/COCO_train2014_000000393230.jpg,0,0,0.3426345711126496,-0.9609375,There,0
427,yes/no,Is it daytime?,yes,http://images.cocodataset.org/train2014/COCO_train2014_000000393230.jpg,0,0,0.42572477301215955,-0.36328125,Yes,0
428,yes/no,Is the person wearing a hat?,no,http://images.cocodataset.org/train2014/COCO_train2014_000000393230.jpg,0,0,0.5271968286532771,-0.94921875,Yes,0
429,yes/no,Is the dog wearing a collar?,yes,http://images.cocodataset.org/train2014/COCO_train2014_000000131087.jpg,0,0,0.42002192580555064,-1.015625,I,0
430,yes/no,Is it a clear day?,yes,http://images.cocodataset.org/train2014/COCO_train2014_000000131087.jpg,0,0,0.6968226362356933,-0.51953125,Yes,0
431,yes/no,Is there a body of water here?,yes,http://images.cocodataset.org/train2014/COCO_train2014_000000131087.jpg,0,0,0.7244894201885161,-0.06884765625,Yes,0
432,yes/no,Is the light on?,no,http://images.cocodataset.org/train2014/COCO_train2014_000000131075.jpg,0,0,0.9275720656908162,-0.49609375,No,0
433,yes/no,Is the room messy?,no,http://images.cocodataset.org/train2014/COCO_train2014_000000131075.jpg,0,0,0.31208323672664184,-0.375,No,0
434,yes/no,Is this a TV screen?,yes,http://images.cocodataset.org/train2014/COCO_train2014_000000131075.jpg,0,0,0.778667346538223,-0.3515625,Yes,0
435,yes/no,Is there a laptop in the image?,yes,http://images.cocodataset.org/train2014/COCO_train2014_000000131075.jpg,0,0,0.7586930876076946,-0.0157470703125,Yes,0
436,yes/no,Is the animal a mammal?,yes,http://images.cocodataset.org/train2014/COCO_train2014_000000137045.jpg,0,0,0.8314108532219587,-0.287109375,Yes,0
437,yes/no,Are there rocks in the picture?,yes,http://images.cocodataset.org/train2014/COCO_train2014_000000131093.jpg,0,0,0.640129417816741,-0.08154296875,Yes,0
438,yes/no,Has the sheep recently been shaved?,no,http://images.cocodataset.org/train2014/COCO_train2014_000000131093.jpg,0,0,0.7327055085504472,-0.9453125,It,0
439,yes/no,Are there three sheep?,yes,http://images.cocodataset.org/train2014/COCO_train2014_000000131093.jpg,0,0,0.4799239366443782,-0.12451171875,Yes,0
440,yes/no,Is the man having a good time?,yes,http://images.cocodataset.org/train2014/COCO_train2014_000000524311.jpg,0,0,0.6534948216338334,-0.77734375,Yes,0
441,yes/no,Could this photo be from a zoo?,yes,http://images.cocodataset.org/train2014/COCO_train2014_000000000025.jpg,0,0,0.42469389340689095,-0.96484375,I,0
442,yes/no,Are the animals eating?,yes,http://images.cocodataset.org/train2014/COCO_train2014_000000000025.jpg,0,0,0.7412703709257628,-1.4453125,Yes,0
443,yes/no,Is there a zebra?,no,http://images.cocodataset.org/train2014/COCO_train2014_000000000025.jpg,0,0,0.06441036573498862,-0.1474609375,No,0
444,yes/no,Is the giraffe eating the tree?,yes,http://images.cocodataset.org/train2014/COCO_train2014_000000000025.jpg,0,0,0.5284267958345148,-1.2578125,I,0
445,yes/no,Are both giraffes standing?,no,http://images.cocodataset.org/train2014/COCO_train2014_000000000025.jpg,0,0,0.8929081674567455,-1.1171875,No,0
446,yes/no,Are they at a zoo?,yes,http://images.cocodataset.org/train2014/COCO_train2014_000000000025.jpg,0,0,0.4219154141864359,-0.83984375,I,0
447,yes/no,Are some of the trees dead?,yes,http://images.cocodataset.org/train2014/COCO_train2014_000000000025.jpg,0,0,0.5792216719882366,-0.7734375,Yes,0
448,yes/no,Are any of the animals eating?,yes,http://images.cocodataset.org/train2014/COCO_train2014_000000000025.jpg,0,0,0.5754011906184489,-1.0078125,Yes,0
449,yes/no,Is the giraffe in the shade?,no,http://images.cocodataset.org/train2014/COCO_train2014_000000000025.jpg,0,0,0.8720307084592135,-1.359375,No,0
450,yes/no,Are these giraffes living free range?,yes,http://images.cocodataset.org/train2014/COCO_train2014_000000000025.jpg,0,0,0.6337245664143998,-0.671875,It,0
451,yes/no,Is there a rock near the giraffe?,no,http://images.cocodataset.org/train2014/COCO_train2014_000000000025.jpg,0,0,0.4358624594627655,-1.21875,There,0
452,yes/no,Are they moving?,yes,http://images.cocodataset.org/train2014/COCO_train2014_000000262172.jpg,0,0,0.8712709048303294,-0.73828125,It,0
453,yes/no,Is this man angry?,no,http://images.cocodataset.org/train2014/COCO_train2014_000000131101.jpg,0,0,0.7479283645063418,-0.68359375,No,0
454,yes/no,Are there flowers in the vase?,yes,http://images.cocodataset.org/train2014/COCO_train2014_000000000030.jpg,0,0,0.3992610104612131,-0.052001953125,Yes,0
455,yes/no,Are the flowers open?,yes,http://images.cocodataset.org/train2014/COCO_train2014_000000000030.jpg,0,0,0.4419965418010802,-0.302734375,Yes,0
456,yes/no,Are all the flowers white?,no,http://images.cocodataset.org/train2014/COCO_train2014_000000000030.jpg,0,0,0.6141713560062045,-0.07275390625,No,0
457,yes/no,Is the man standing on both foot?,no,http://images.cocodataset.org/train2014/COCO_train2014_000000524320.jpg,0,0,0.10960307716880537,-0.267578125,No,0
458,yes/no,Was this picture likely taken recently?,no,http://images.cocodataset.org/train2014/COCO_train2014_000000524320.jpg,0,0,0.8781426560509462,-0.8046875,No,0
459,yes/no,Do the gentleman's socks match his shoes and belt?,no,http://images.cocodataset.org/train2014/COCO_train2014_000000524320.jpg,0,0,0.9107945283217411,-1.1171875,I,0
460,yes/no,Are the zebras facing the same direction?,yes,http://images.cocodataset.org/train2014/COCO_train2014_000000240304.jpg,0,0,0.7263152623715723,-0.9765625,Yes,0
461,yes/no,Is this a horse?,no,http://images.cocodataset.org/train2014/COCO_train2014_000000000034.jpg,0,0,0.10817750312711813,-0.019775390625,No,0
462,yes/no,Are they drinking wine at the child's party?,yes,http://images.cocodataset.org/train2014/COCO_train2014_000000393251.jpg,0,0,0.6683480902582473,-0.7265625,Yes,0
463,yes/no,Is the man wearing glasses?,yes,http://images.cocodataset.org/train2014/COCO_train2014_000000393251.jpg,0,0,0.7173012801171748,-0.1025390625,Yes,0
464,yes/no,Is this a good dessert?,yes,http://images.cocodataset.org/train2014/COCO_train2014_000000262180.jpg,0,0,0.39696052778877033,-1.125,I,0
465,yes/no,Are those kites in the air?,yes,http://images.cocodataset.org/train2014/COCO_train2014_000000524325.jpg,0,0,0.7192095412061054,-0.2177734375,Yes,0
466,yes/no,Is this a hot dog?,yes,http://images.cocodataset.org/train2014/COCO_train2014_000000043697.jpg,0,0,0.7441807826643845,-0.10693359375,Yes,0
467,yes/no,Is there ketchup on the hot dog?,no,http://images.cocodataset.org/train2014/COCO_train2014_000000043697.jpg,0,0,0.285340665425267,-0.67578125,No,0
468,yes/no,Has this hot dog been grilled?,no,http://images.cocodataset.org/train2014/COCO_train2014_000000043697.jpg,0,0,0.42027892036418363,-0.80078125,I,0
469,yes/no,Have you tried a hot dog like this before?,yes,http://images.cocodataset.org/train2014/COCO_train2014_000000043697.jpg,0,0,0.4374426441575169,-0.32421875,I,0
470,yes/no,Is this a toy-sized truck?,no,http://images.cocodataset.org/train2014/COCO_train2014_000000262184.jpg,0,0,0.17498470788303452,-0.023681640625,No,0
471,yes/no,Is there a carpet on the floor?,yes,http://images.cocodataset.org/train2014/COCO_train2014_000000131113.jpg,0,0,0.7130784739913536,-1.3046875,Yes,0
472,yes/no,Is this plane landing?,no,http://images.cocodataset.org/train2014/COCO_train2014_000000262187.jpg,0,0,0.8579893849542789,-1.0546875,I,0
473,yes/no,Is the plane taking off?,no,http://images.cocodataset.org/train2014/COCO_train2014_000000262187.jpg,0,0,0.771367600584662,-0.73828125,No,0
474,yes/no,Are these airliners?,yes,http://images.cocodataset.org/train2014/COCO_train2014_000000131118.jpg,0,0,0.8019869990628514,-0.07275390625,Yes,0
475,yes/no,Are this cargo planes?,yes,http://images.cocodataset.org/train2014/COCO_train2014_000000131118.jpg,0,0,0.9226067676065428,-0.6640625,I,0
476,yes/no,Is this bear a normal size?,no,http://images.cocodataset.org/train2014/COCO_train2014_000000262191.jpg,0,0,0.8567034252859389,-1.25,The,0
477,yes/no,Is there a flower arrangement on the lawn?,yes,http://images.cocodataset.org/train2014/COCO_train2014_000000000049.jpg,0,0,0.9137032713212005,-0.3984375,There,0
478,yes/no,Are they playing polo?,no,http://images.cocodataset.org/train2014/COCO_train2014_000000000049.jpg,0,0,0.39120564382168455,-1.0703125,I,0
479,yes/no,Is this man reading a cell phone screen?,no,http://images.cocodataset.org/train2014/COCO_train2014_000000524338.jpg,0,0,0.24618110125820789,-0.2216796875,No,0
480,yes/no,Is there a stop sign in the picture?,yes,http://images.cocodataset.org/train2014/COCO_train2014_000000131126.jpg,0,0,0.8794144770743936,-0.380859375,There,0
481,yes/no,Is the man unhappy?,no,http://images.cocodataset.org/train2014/COCO_train2014_000000131127.jpg,0,0,0.1590254397454427,-0.2373046875,No,0
482,yes/no,Are the men going to share the bananas?,no,http://images.cocodataset.org/train2014/COCO_train2014_000000131127.jpg,0,0,0.4123988759978758,-0.80078125,I,0
483,yes/no,Do the painted flowers match the real ones?,no,http://images.cocodataset.org/train2014/COCO_train2014_000000131128.jpg,0,0,0.418642567184887,-0.75,I,0
484,yes/no,Will the birds go into the water?,no,http://images.cocodataset.org/train2014/COCO_train2014_000000262201.jpg,0,0,0.8447618407019353,-0.6953125,I,0
485,yes/no,Is this bird afraid of the ledge?,no,http://images.cocodataset.org/train2014/COCO_train2014_000000262201.jpg,0,0,0.7484091294377955,-0.8125,It,0
486,yes/no,Are the mountains high?,yes,http://images.cocodataset.org/train2014/COCO_train2014_000000131133.jpg,0,0,0.7843524970949749,-0.212890625,Yes,0
487,yes/no,Is there a person standing in front of the television?,yes,http://images.cocodataset.org/train2014/COCO_train2014_000000262207.jpg,0,0,0.7801030153340404,-0.0157470703125,Yes,0
488,yes/no,Is there enough room under the armchairs for a cat to hide?,yes,http://images.cocodataset.org/train2014/COCO_train2014_000000262207.jpg,0,0,0.8493337624093396,-0.89453125,I,0
489,yes/no,Are there numbers on the clock face?,no,http://images.cocodataset.org/train2014/COCO_train2014_000000000064.jpg,0,0,0.4560249342178563,-0.74609375,No,0
490,yes/no,Is there a big tree behind the clock?,yes,http://images.cocodataset.org/train2014/COCO_train2014_000000000064.jpg,0,0,0.3690716818780926,-0.07275390625,Yes,0
491,yes/no,Is this a wedding?,no,http://images.cocodataset.org/train2014/COCO_train2014_000000458763.jpg,0,0,0.4669957674844645,-0.18359375,No,0
492,yes/no,Does the crust look burnt?,yes,http://images.cocodataset.org/train2014/COCO_train2014_000000567990.jpg,0,0,0.7375400847237458,-0.203125,Yes,0
493,yes/no,Does this pizza have a deep dish crust?,yes,http://images.cocodataset.org/train2014/COCO_train2014_000000567990.jpg,0,0,0.4235437992099419,-0.53515625,Yes,0
494,yes/no,Is the banana freshly peeled?,yes,http://images.cocodataset.org/train2014/COCO_train2014_000000393286.jpg,0,0,0.7776683093598495,-1.015625,I,0
495,yes/no,Is the banana closed?,no,http://images.cocodataset.org/train2014/COCO_train2014_000000393286.jpg,0,0,0.41850171270460945,-0.1982421875,No,0
496,yes/no,Does this photo show train tracks?,yes,http://images.cocodataset.org/train2014/COCO_train2014_000000000071.jpg,0,0,0.8525439484923586,-0.01177978515625,Yes,0
497,yes/no,Does this train work?,yes,http://images.cocodataset.org/train2014/COCO_train2014_000000000071.jpg,0,0,0.8325998829054235,-0.83984375,I,0
498,yes/no,Are the giraffes under the trees?,yes,http://images.cocodataset.org/train2014/COCO_train2014_000000000072.jpg,0,0,0.8664488772851439,-0.10693359375,Yes,0
499,yes/no,Are there 3 elephants?,yes,http://images.cocodataset.org/train2014/COCO_train2014_000000393228.jpg,0,0,0.793278993481159,-0.09423828125,Yes,0
500,yes/no,Are all of the elephants full grown?,no,http://images.cocodataset.org/train2014/COCO_train2014_000000393228.jpg,0,0,0.3714629803597951,-0.2275390625,No,0
501,yes/no,Are the elephants in the jungle?,yes,http://images.cocodataset.org/train2014/COCO_train2014_000000393228.jpg,0,0,0.8413008143967503,-0.4765625,Yes,0
502,yes/no,Is the woman eating the pizza?,no,http://images.cocodataset.org/train2014/COCO_train2014_000000393290.jpg,0,0,0.9328289101610462,-1.1953125,No,0
503,yes/no,Are there any reflections in this picture?,no,http://images.cocodataset.org/train2014/COCO_train2014_000000393291.jpg,0,0,0.8154617960208868,-0.671875,Yes,0
504,yes/no,Is the water on?,no,http://images.cocodataset.org/train2014/COCO_train2014_000000393292.jpg,0,0,0.36226022771959354,-1.234375,It,0
505,yes/no,Is this photo outdoors?,yes,http://images.cocodataset.org/train2014/COCO_train2014_000000393292.jpg,0,0,0.8940388021752179,-0.29296875,Yes,0
506,yes/no,Are the clock and owl made in the same artistic fashion?,no,http://images.cocodataset.org/train2014/COCO_train2014_000000000078.jpg,0,0,0.8529529084100074,-1.28125,I,0
507,yes/no,Is that owl a candle?,yes,http://images.cocodataset.org/train2014/COCO_train2014_000000000078.jpg,0,0,0.8554755080582533,-0.5,Yes,0
508,yes/no,Does this planes tail have 4 colors?,no,http://images.cocodataset.org/train2014/COCO_train2014_000000000081.jpg,0,0,0.6861635576511754,-0.462890625,No,0
509,yes/no,Is this plane landing?,no,http://images.cocodataset.org/train2014/COCO_train2014_000000000081.jpg,0,0,0.8898240657743937,-1.1171875,No,0
510,yes/no,Is this plane taking off?,no,http://images.cocodataset.org/train2014/COCO_train2014_000000000081.jpg,0,0,0.8577501212035917,-0.77734375,I,0
511,yes/no,Are these wings strong?,yes,http://images.cocodataset.org/train2014/COCO_train2014_000000000081.jpg,0,0,0.5690448177967392,-0.85546875,I,0
512,yes/no,Is that a bicycle?,yes,http://images.cocodataset.org/train2014/COCO_train2014_000000000086.jpg,0,0,0.7476433481966107,-0.01177978515625,Yes,0
513,yes/no,Is this a cow farm?,yes,http://images.cocodataset.org/train2014/COCO_train2014_000000524375.jpg,0,0,0.5291016025529875,-1.265625,It,0
514,yes/no,Is this a prairie?,yes,http://images.cocodataset.org/train2014/COCO_train2014_000000524375.jpg,0,0,0.4297591998535678,-0.796875,Yes,0
515,yes/no,Is there a village in the background?,no,http://images.cocodataset.org/train2014/COCO_train2014_000000524375.jpg,0,0,0.10721039382325813,-0.90625,There,0
516,yes/no,Would you be able to find a mosque in this city?,yes,http://images.cocodataset.org/train2014/COCO_train2014_000000131160.jpg,0,0,0.8254999176556499,-0.5078125,Yes,0
517,yes/no,Is there ketchup?,no,http://images.cocodataset.org/train2014/COCO_train2014_000000524377.jpg,0,0,0.1641300946265328,-0.369140625,No,0
518,yes/no,Is the hotdog well seasoned?,yes,http://images.cocodataset.org/train2014/COCO_train2014_000000524377.jpg,0,0,0.7637476802808424,-0.546875,Yes,0
519,yes/no,Is this a healthy meal?,no,http://images.cocodataset.org/train2014/COCO_train2014_000000524377.jpg,0,0,0.9296638803742873,-0.375,No,0
520,yes/no,Is there a spoon in this photo?,no,http://images.cocodataset.org/train2014/COCO_train2014_000000524377.jpg,0,0,0.14627094328264412,-0.27734375,No,0
521,yes/no,Is this breakfast?,no,http://images.cocodataset.org/train2014/COCO_train2014_000000524377.jpg,0,0,0.06477399098502024,-0.035888671875,No,0
522,yes/no,Is there a drink in this picture?,no,http://images.cocodataset.org/train2014/COCO_train2014_000000524377.jpg,0,0,0.11837634744369481,-0.18359375,No,0
523,yes/no,Do these hot dogs look like they taste good?,yes,http://images.cocodataset.org/train2014/COCO_train2014_000000524377.jpg,0,0,0.8597776547574857,-0.5,I,0
524,yes/no,Are those tomatoes on the sandwich?,no,http://images.cocodataset.org/train2014/COCO_train2014_000000524377.jpg,0,0,0.3355059992437331,-0.3203125,No,0
525,yes/no,Are the fries plain?,no,http://images.cocodataset.org/train2014/COCO_train2014_000000524377.jpg,0,0,0.6978565900863418,-0.52734375,No,0
526,yes/no,Does this breakfast dish primarily carbohydrates?,yes,http://images.cocodataset.org/train2014/COCO_train2014_000000524377.jpg,0,0,0.6468777679854835,-1.140625,It,0
527,yes/no,Has someone started eating?,no,http://images.cocodataset.org/train2014/COCO_train2014_000000524377.jpg,0,0,0.8811380449452683,-1.171875,It,0
528,yes/no,Would this be good for dessert?,no,http://images.cocodataset.org/train2014/COCO_train2014_000000524377.jpg,0,0,0.720612679458824,-0.1650390625,No,0
529,yes/no,Is there a butter plate on the table?,yes,http://images.cocodataset.org/train2014/COCO_train2014_000000524377.jpg,0,0,0.5395655137177895,-0.515625,Yes,0
530,yes/no,Does this have lettuce?,no,http://images.cocodataset.org/train2014/COCO_train2014_000000524377.jpg,0,0,0.046021169278381784,-0.1982421875,No,0
531,yes/no,Does the food look good?,yes,http://images.cocodataset.org/train2014/COCO_train2014_000000524377.jpg,0,0,0.41297727683659285,-0.94921875,I,0
532,yes/no,Is this meat?,yes,http://images.cocodataset.org/train2014/COCO_train2014_000000524377.jpg,0,0,0.3799745493185078,-0.30859375,Yes,0
533,yes/no,Would this typically be eaten for breakfast?,no,http://images.cocodataset.org/train2014/COCO_train2014_000000524377.jpg,0,0,0.5978881651751032,-0.1796875,No,0
534,yes/no,Is that bacon from a delicatessen?,yes,http://images.cocodataset.org/train2014/COCO_train2014_000000524377.jpg,0,0,0.42325245944707507,-0.7421875,I,0
535,yes/no,Is the man wearing formal clothes?,no,http://images.cocodataset.org/train2014/COCO_train2014_000000393306.jpg,0,0,0.12978670280919372,-0.251953125,No,0
536,yes/no,Is there a deodorant on the sink?,no,http://images.cocodataset.org/train2014/COCO_train2014_000000262159.jpg,0,0,0.7883740019414099,-1.3203125,I,0
537,yes/no,Is there a full roll of toilet paper in the bathroom?,yes,http://images.cocodataset.org/train2014/COCO_train2014_000000262159.jpg,0,0,0.8650068909631622,-0.85546875,Yes,0
538,yes/no,Would someone be able to watch you change from the outside?,yes,http://images.cocodataset.org/train2014/COCO_train2014_000000262159.jpg,0,0,0.8647696420793702,-0.392578125,Yes,0
539,yes/no,Does the shower have a glass door?,no,http://images.cocodataset.org/train2014/COCO_train2014_000000262159.jpg,0,0,0.9247030905365419,-0.5,No,0
540,yes/no,Is the towel rack silver?,no,http://images.cocodataset.org/train2014/COCO_train2014_000000262159.jpg,0,0,0.7382902706094027,-0.7890625,There,0
541,yes/no,Is there a shower curtain?,yes,http://images.cocodataset.org/train2014/COCO_train2014_000000262159.jpg,0,0,0.8884576577833853,-1.015625,No,0
542,yes/no,Is the toilet lid down?,yes,http://images.cocodataset.org/train2014/COCO_train2014_000000262159.jpg,0,0,0.7108915930837625,-0.1884765625,Yes,0
543,yes/no,Does this cake look like it chocolate?,yes,http://images.cocodataset.org/train2014/COCO_train2014_000000000092.jpg,0,0,0.741115475714855,-0.369140625,Yes,0
544,yes/no,Is this a small town?,yes,http://images.cocodataset.org/train2014/COCO_train2014_000000000094.jpg,0,0,0.8594797448921448,-0.375,Yes,0
545,yes/no,Will these planes be used to transport people?,no,http://images.cocodataset.org/train2014/COCO_train2014_000000393311.jpg,0,0,0.6427724511724359,-0.90625,It,0
546,yes/no,Is the room carpeted?,yes,http://images.cocodataset.org/train2014/COCO_train2014_000000524386.jpg,0,0,0.6656614629398531,-0.1884765625,Yes,0
547,yes/no,Is there a fireplace?,no,http://images.cocodataset.org/train2014/COCO_train2014_000000524386.jpg,0,0,0.7322968208787018,-0.58203125,No,0
548,yes/no,Are stains on the floor?,no,http://images.cocodataset.org/train2014/COCO_train2014_000000524386.jpg,0,0,0.7368710406012152,-1.0703125,There,0
549,yes/no,Are these boys at home?,no,http://images.cocodataset.org/train2014/COCO_train2014_000000524386.jpg,0,0,0.2978083897192135,-1.1796875,It,0
550,yes/no,Is this a 60's motif?,no,http://images.cocodataset.org/train2014/COCO_train2014_000000524386.jpg,0,0,0.6122873732683272,-0.1650390625,No,0
551,yes/no,Is the light green?,yes,http://images.cocodataset.org/train2014/COCO_train2014_000000393317.jpg,0,0,0.45910406693142697,-0.2216796875,Yes,0
552,yes/no,Is it raining?,no,http://images.cocodataset.org/train2014/COCO_train2014_000000393317.jpg,0,0,0.8914695141432777,-0.92578125,It,0
553,yes/no,Is this woman crossing a street?,yes,http://images.cocodataset.org/train2014/COCO_train2014_000000393317.jpg,0,0,0.4457930467108544,-0.83984375,Yes,0
554,yes/no,Is this in the United States?,yes,http://images.cocodataset.org/train2014/COCO_train2014_000000393317.jpg,0,0,0.4212642802915984,-0.79296875,I,0
555,yes/no,Is there anyone in the cockpit?,yes,http://images.cocodataset.org/train2014/COCO_train2014_000000131174.jpg,0,0,0.7370184906288193,-0.671875,Yes,0
556,yes/no,Is the bus stopped?,yes,http://images.cocodataset.org/train2014/COCO_train2014_000000546151.jpg,0,0,0.6968528912113975,-0.2578125,Yes,0
557,yes/no,Is this an ocean area?,yes,http://images.cocodataset.org/train2014/COCO_train2014_000000000109.jpg,0,0,0.5873660099626681,-0.94140625,It,0
558,yes/no,Is the ground near the waterfront squishy?,no,http://images.cocodataset.org/train2014/COCO_train2014_000000000109.jpg,0,0,0.8079873096099403,-1.09375,Yes,0
559,yes/no,Is the water calm?,yes,http://images.cocodataset.org/train2014/COCO_train2014_000000000109.jpg,0,0,0.5665705366359565,-0.1611328125,Yes,0
560,yes/no,Is this a cheese pizza?,yes,http://images.cocodataset.org/train2014/COCO_train2014_000000000110.jpg,0,0,0.5551993014080184,-1.03125,I,0
561,yes/no,Is there more than one vase on the table?,yes,http://images.cocodataset.org/train2014/COCO_train2014_000000305853.jpg,0,0,0.7003930232632731,-0.12890625,Yes,0
562,yes/no,Is there a cake here?,yes,http://images.cocodataset.org/train2014/COCO_train2014_000000000113.jpg,0,0,0.7321524982507276,-0.10693359375,Yes,0
563,yes/no,Are there any pens on the table?,no,http://images.cocodataset.org/train2014/COCO_train2014_000000000113.jpg,0,0,0.021500737750119285,-0.1201171875,No,0
564,yes/no,Is this image tilted?,yes,http://images.cocodataset.org/train2014/COCO_train2014_000000262260.jpg,0,0,0.7653706256620972,-0.83203125,Yes,0
565,yes/no,Does this image contain a pie pan?,yes,http://images.cocodataset.org/train2014/COCO_train2014_000000262261.jpg,0,0,0.6015877632220306,-0.03173828125,Yes,0
566,yes/no,Is this a large house?,yes,http://images.cocodataset.org/train2014/COCO_train2014_000000131190.jpg,0,0,0.6536035711821844,-1.2109375,It,0
567,yes/no,Is there a fountain in front of the building?,no,http://images.cocodataset.org/train2014/COCO_train2014_000000131190.jpg,0,0,0.28908251980861094,-0.71875,No,0
568,yes/no,Is the sun shining?,yes,http://images.cocodataset.org/train2014/COCO_train2014_000000131190.jpg,0,0,0.6692745649766343,-0.60546875,Yes,0
569,yes/no,Is this a church?,yes,http://images.cocodataset.org/train2014/COCO_train2014_000000131190.jpg,0,0,0.6145660552733585,-1.15625,It,0
570,yes/no,Are there clouds visible?,no,http://images.cocodataset.org/train2014/COCO_train2014_000000131190.jpg,0,0,0.3342143434513799,-0.59765625,No,0
571,yes/no,Is this a sunny day?,yes,http://images.cocodataset.org/train2014/COCO_train2014_000000131190.jpg,0,0,0.6396970508706136,-0.2080078125,Yes,0
572,yes/no,Are the hedges well-groomed?,no,http://images.cocodataset.org/train2014/COCO_train2014_000000131190.jpg,0,0,0.40753957431753984,-1.2109375,I,0
573,yes/no,Does the building in the back have an elevator?,no,http://images.cocodataset.org/train2014/COCO_train2014_000000131190.jpg,0,0,0.2500231941535585,-1.1015625,I,0
574,yes/no,Do you a phone booth?,no,http://images.cocodataset.org/train2014/COCO_train2014_000000131190.jpg,0,0,0.8639353754613658,-0.5546875,No,0
575,yes/no,Are the buildings tall?,yes,http://images.cocodataset.org/train2014/COCO_train2014_000000131190.jpg,0,0,0.45812027093929947,-0.95703125,Yes,0
576,yes/no,Is the clock between two arches?,no,http://images.cocodataset.org/train2014/COCO_train2014_000000131190.jpg,0,0,0.34187671445027756,-0.9296875,No,0
577,yes/no,Are there any entrance gates at the bottom of the tower?,no,http://images.cocodataset.org/train2014/COCO_train2014_000000131190.jpg,0,0,0.3746305668905996,-0.8125,There,0
578,yes/no,Is the building a high rise?,no,http://images.cocodataset.org/train2014/COCO_train2014_000000131190.jpg,0,0,0.6857809088960697,-0.3515625,No,0
579,yes/no,Is part of this tower made of wood?,yes,http://images.cocodataset.org/train2014/COCO_train2014_000000131190.jpg,0,0,0.7254557388867778,-0.283203125,Yes,0
580,yes/no,Can the tree tell time?,no,http://images.cocodataset.org/train2014/COCO_train2014_000000131190.jpg,0,0,0.7616131890394555,-0.81640625,No,0
581,yes/no,Is the emblem a sun face clock?,yes,http://images.cocodataset.org/train2014/COCO_train2014_000000131190.jpg,0,0,0.4491625225654832,-0.95703125,I,0
582,yes/no,Is the ram's fleece dirty?,no,http://images.cocodataset.org/train2014/COCO_train2014_000000131197.jpg,0,0,0.41627608433415897,-1.359375,I,0
583,yes/no,Is there a travel guide on the table?,yes,http://images.cocodataset.org/train2014/COCO_train2014_000000000127.jpg,0,0,0.7160378099924432,-0.1337890625,Yes,0
584,yes/no,Is there snow?,yes,http://images.cocodataset.org/train2014/COCO_train2014_000000262273.jpg,0,0,0.8389668038743047,-0.06884765625,Yes,0
585,yes/no,Is it summer?,no,http://images.cocodataset.org/train2014/COCO_train2014_000000262273.jpg,0,0,0.8345106921308577,-0.470703125,No,0
586,yes/no,Is the picture in color?,yes,http://images.cocodataset.org/train2014/COCO_train2014_000000524420.jpg,0,0,0.6914457394294623,-0.09423828125,Yes,0
587,yes/no,Is there a dog in the photo?,yes,http://images.cocodataset.org/train2014/COCO_train2014_000000524420.jpg,0,0,0.7265429206306474,-0.05615234375,Yes,0
588,yes/no,Is the dog on a leash?,yes,http://images.cocodataset.org/train2014/COCO_train2014_000000524420.jpg,0,0,0.6845028522539663,-0.05615234375,Yes,0
589,yes/no,Are all of the birds in flight?,no,http://images.cocodataset.org/train2014/COCO_train2014_000000436929.jpg,0,0,0.6838957413708393,-0.26171875,No,0
590,yes/no,Are there three birds in the picture?,yes,http://images.cocodataset.org/train2014/COCO_train2014_000000436929.jpg,0,0,0.764294835192789,-0.2080078125,Yes,0
591,yes/no,Is this a dog?,no,http://images.cocodataset.org/train2014/COCO_train2014_000000436929.jpg,0,0,0.045780051021961525,-0.01177978515625,No,0
592,yes/no,Is this a winter scene?,yes,http://images.cocodataset.org/train2014/COCO_train2014_000000436929.jpg,0,0,0.778142161201432,-0.10693359375,Yes,0
593,yes/no,Is the water frozen?,yes,http://images.cocodataset.org/train2014/COCO_train2014_000000436929.jpg,0,0,0.7395971739629241,-0.7421875,Yes,0
594,yes/no,Is that a laptop on the chair?,yes,http://images.cocodataset.org/train2014/COCO_train2014_000000131208.jpg,0,0,0.40999358839168953,-0.203125,Yes,0
595,yes/no,Is Cingular a sponsor of this field?,yes,http://images.cocodataset.org/train2014/COCO_train2014_000000284012.jpg,0,0,0.6867446807931024,-1.03125,Yes,0
596,yes/no,Is this a conventional kitchen?,no,http://images.cocodataset.org/train2014/COCO_train2014_000000000138.jpg,0,0,0.5747474676425792,-1.296875,It,0
597,yes/no,Is the area lit?,yes,http://images.cocodataset.org/train2014/COCO_train2014_000000262283.jpg,0,0,0.8794864201214756,-0.380859375,Yes,0
598,yes/no,Are the vases identical?,no,http://images.cocodataset.org/train2014/COCO_train2014_000000262283.jpg,0,0,0.7796203100146063,-1.2890625,I,0
599,yes/no,Are these the normal size pieces of pizza?,yes,http://images.cocodataset.org/train2014/COCO_train2014_000000524428.jpg,0,0,0.434489724582994,-1.1484375,I,0
600,yes/no,Could you eat all of this pizza?,no,http://images.cocodataset.org/train2014/COCO_train2014_000000524428.jpg,0,0,0.703927061597475,-0.68359375,It,0
601,yes/no,Is there broccoli on a slice of pizza?,yes,http://images.cocodataset.org/train2014/COCO_train2014_000000524428.jpg,0,0,0.7335175372383638,-1.15625,No,0
602,yes/no,Is there an animal that seems to stick out?,no,http://images.cocodataset.org/train2014/COCO_train2014_000000262285.jpg,0,0,0.5755337826473431,-0.08544921875,There,0
603,yes/no,Is this in a zoo?,no,http://images.cocodataset.org/train2014/COCO_train2014_000000262285.jpg,0,0,0.9663294030367918,-0.27734375,No,0
604,yes/no,Is this in a desert?,yes,http://images.cocodataset.org/train2014/COCO_train2014_000000262285.jpg,0,0,0.967601075803885,-0.9453125,No,0
605,yes/no,Is this a banana toast?,yes,http://images.cocodataset.org/train2014/COCO_train2014_000000000142.jpg,0,0,0.7933819939026896,-0.05615234375,Yes,0
606,yes/no,Are the people playing a game?,no,http://images.cocodataset.org/train2014/COCO_train2014_000000131215.jpg,0,0,0.4128438362133816,-1.2421875,I,0
607,yes/no,Is the TV turned on?,yes,http://images.cocodataset.org/train2014/COCO_train2014_000000131215.jpg,0,0,0.7361994799862324,-0.08544921875,Yes,0
608,yes/no,Is this person watching a movie?,yes,http://images.cocodataset.org/train2014/COCO_train2014_000000131215.jpg,0,0,0.25927640821535386,-0.99609375,I,0
609,yes/no,Is one of the giraffes eating?,yes,http://images.cocodataset.org/train2014/COCO_train2014_000000000144.jpg,0,0,0.45107791713659817,-0.142578125,Yes,0
610,yes/no,Is it daytime?,yes,http://images.cocodataset.org/train2014/COCO_train2014_000000393362.jpg,0,0,0.7684595445943287,-0.1982421875,Yes,0
611,yes/no,Are the kickstands down?,yes,http://images.cocodataset.org/train2014/COCO_train2014_000000393362.jpg,0,0,0.7730032815152958,-0.1884765625,Yes,0
612,yes/no,Do you see any motorcycle helmets?,yes,http://images.cocodataset.org/train2014/COCO_train2014_000000393362.jpg,0,0,0.7636844986951846,-0.32421875,Yes,0
613,yes/no,Is the kite high in the air?,yes,http://images.cocodataset.org/train2014/COCO_train2014_000000000149.jpg,0,0,0.6888910374239432,-0.8828125,Yes,0
614,yes/no,Is the sky clear?,no,http://images.cocodataset.org/train2014/COCO_train2014_000000000149.jpg,0,0,0.5540938871073974,-0.314453125,No,0
615,yes/no,Are the people flying kites?,yes,http://images.cocodataset.org/train2014/COCO_train2014_000000000149.jpg,0,0,0.6415183242263595,-0.12890625,Yes,0
616,yes/no,Can you see any fish?,no,http://images.cocodataset.org/train2014/COCO_train2014_000000471373.jpg,0,0,0.9099427779399654,-1.1171875,No,0
617,yes/no,Is this man swimming?,no,http://images.cocodataset.org/train2014/COCO_train2014_000000471373.jpg,0,0,0.7768962583808255,-0.439453125,No,0
618,yes/no,Is he turning?,no,http://images.cocodataset.org/train2014/COCO_train2014_000000471373.jpg,0,0,0.6893472924452718,-0.79296875,No,0
619,yes/no,Does the man have short hair?,yes,http://images.cocodataset.org/train2014/COCO_train2014_000000471373.jpg,0,0,0.6272970880642745,-0.3203125,Yes,0
620,yes/no,Is the bus featured in this picture typical?,no,http://images.cocodataset.org/train2014/COCO_train2014_000000131225.jpg,0,0,0.8969544910728273,-1.2265625,No,0
621,yes/no,Is this the latest make and model?,no,http://images.cocodataset.org/train2014/COCO_train2014_000000131225.jpg,0,0,0.47305430321574554,-0.11572265625,No,0
622,yes/no,Are there any building in the area?,yes,http://images.cocodataset.org/train2014/COCO_train2014_000000131225.jpg,0,0,0.6306588994916308,-0.18359375,Yes,0
623,yes/no,Is there a fence in the background?,no,http://images.cocodataset.org/train2014/COCO_train2014_000000000154.jpg,0,0,0.912195864660619,-0.76953125,No,0
624,yes/no,Is the zebra's tail up?,no,http://images.cocodataset.org/train2014/COCO_train2014_000000000154.jpg,0,0,0.8506080785465803,-0.76171875,Yes,0
625,yes/no,Are they the same type of animal?,yes,http://images.cocodataset.org/train2014/COCO_train2014_000000000154.jpg,0,0,0.8812376328389881,-0.05615234375,Yes,0
626,yes/no,Are all zebras facing the same way?,no,http://images.cocodataset.org/train2014/COCO_train2014_000000000154.jpg,0,0,0.23255194681943359,-0.451171875,No,0
627,yes/no,Are the zebras running?,no,http://images.cocodataset.org/train2014/COCO_train2014_000000000154.jpg,0,0,0.8550491677636118,-0.6171875,No,0
628,yes/no,Is he going to fall?,no,http://images.cocodataset.org/train2014/COCO_train2014_000000262299.jpg,0,0,0.423749580828497,-0.7421875,I,0
629,yes/no,Are the traffic lights facing the same direction?,no,http://images.cocodataset.org/train2014/COCO_train2014_000000393242.jpg,0,0,0.9049708318644979,-0.75,No,0
630,yes/no,Is this cake made with fondant?,no,http://images.cocodataset.org/train2014/COCO_train2014_000000393375.jpg,0,0,0.8675123872553374,-0.87890625,No,0
631,yes/no,Is there a fork on the plate?,no,http://images.cocodataset.org/train2014/COCO_train2014_000000262308.jpg,0,0,0.09892908732536902,-0.251953125,No,0
632,yes/no,Is this black and white?,yes,http://images.cocodataset.org/train2014/COCO_train2014_000000262308.jpg,0,0,0.23938847575933608,-0.060302734375,Yes,0
633,yes/no,Is a military person in the picture?,yes,http://images.cocodataset.org/train2014/COCO_train2014_000000000165.jpg,0,0,0.8069926091767667,-0.019775390625,Yes,0
634,yes/no,Are they smiling?,yes,http://images.cocodataset.org/train2014/COCO_train2014_000000000165.jpg,0,0,0.8765837481551028,-0.1513671875,Yes,0
635,yes/no,Is this an old building?,yes,http://images.cocodataset.org/train2014/COCO_train2014_000000415089.jpg,0,0,0.7934225479483932,-0.76171875,Yes,0
636,yes/no,Is the room almost full?,no,http://images.cocodataset.org/train2014/COCO_train2014_000000415089.jpg,0,0,0.882004516086614,-0.67578125,No,0
637,yes/no,Are the people on a soft surface?,no,http://images.cocodataset.org/train2014/COCO_train2014_000000393384.jpg,0,0,0.35844538341579424,-0.30859375,No,0
638,yes/no,Has the grass been mowed recently?,no,http://images.cocodataset.org/train2014/COCO_train2014_000000393386.jpg,0,0,0.7526550430413486,-0.71875,No,0
639,yes/no,Is this scene in America?,no,http://images.cocodataset.org/train2014/COCO_train2014_000000131245.jpg,0,0,0.9024064819725071,-0.2177734375,No,0
640,yes/no,Are all the laptops on?,yes,http://images.cocodataset.org/train2014/COCO_train2014_000000137918.jpg,0,0,0.7998003080493616,-0.341796875,Yes,0
641,yes/no,Is this a hotel room?,yes,http://images.cocodataset.org/train2014/COCO_train2014_000000393394.jpg,0,0,0.4334501137321534,-0.9921875,I,0
642,yes/no,Is this a hotel?,yes,http://images.cocodataset.org/train2014/COCO_train2014_000000393394.jpg,0,0,0.48159104104504374,-1.1875,I,0
643,yes/no,Is an elephant walking down the street?,yes,http://images.cocodataset.org/train2014/COCO_train2014_000000438196.jpg,0,0,0.4006456694573738,-0.0439453125,Yes,0
644,yes/no,Is the guy in the yellow shirt wearing a tie?,yes,http://images.cocodataset.org/train2014/COCO_train2014_000000438196.jpg,0,0,0.5537060634201053,-1.078125,Yes,0
645,yes/no,Is this a church?,yes,http://images.cocodataset.org/train2014/COCO_train2014_000000393396.jpg,0,0,0.8320888743486528,-0.375,Yes,0
646,yes/no,Is there snow in the picture?,yes,http://images.cocodataset.org/train2014/COCO_train2014_000000393396.jpg,0,0,0.7863230831140313,-0.1884765625,Yes,0
647,yes/no,Is there a clock on the church tower?,no,http://images.cocodataset.org/train2014/COCO_train2014_000000393396.jpg,0,0,0.4216404524348592,-0.73828125,There,0
648,yes/no,Is there a clock?,no,http://images.cocodataset.org/train2014/COCO_train2014_000000393396.jpg,0,0,0.4541913407052015,-0.451171875,No,0
649,yes/no,Is this person wearing a backpack?,yes,http://images.cocodataset.org/train2014/COCO_train2014_000000524470.jpg,0,0,0.7944740607570886,-0.1982421875,Yes,0
650,yes/no,Is there a street light in the photo?,yes,http://images.cocodataset.org/train2014/COCO_train2014_000000524470.jpg,0,0,0.7811475588915111,-0.404296875,Yes,0
651,yes/no,Is the sun up?,no,http://images.cocodataset.org/train2014/COCO_train2014_000000524470.jpg,0,0,0.8496080224577078,-0.88671875,It,0
652,yes/no,Is the oven on?,yes,http://images.cocodataset.org/train2014/COCO_train2014_000000524471.jpg,0,0,0.8518356112434367,-0.27734375,Yes,0
653,yes/no,Is there a window in this scene?,yes,http://images.cocodataset.org/train2014/COCO_train2014_000000524471.jpg,0,0,0.6735429980142772,-0.251953125,Yes,0
654,yes/no,Is this toast done?,no,http://images.cocodataset.org/train2014/COCO_train2014_000000524471.jpg,0,0,0.8562680232422912,-0.58203125,I,0
655,yes/no,Is the microwave on?,no,http://images.cocodataset.org/train2014/COCO_train2014_000000524471.jpg,0,0,0.8145508449180552,-1.09375,I,0
656,yes/no,Is the toaster on?,yes,http://images.cocodataset.org/train2014/COCO_train2014_000000524471.jpg,0,0,0.8473564107040689,-0.546875,Yes,0
657,yes/no,Is this a one way street?,yes,http://images.cocodataset.org/train2014/COCO_train2014_000000393403.jpg,0,0,0.7938913284865843,-0.53515625,Yes,0
658,yes/no,Are there people boarding the bus?,no,http://images.cocodataset.org/train2014/COCO_train2014_000000393403.jpg,0,0,0.9332135605446833,-0.515625,No,0
659,yes/no,Is there a hardware store in the area?,no,http://images.cocodataset.org/train2014/COCO_train2014_000000393403.jpg,0,0,0.40884493641950614,-0.59765625,I,0
660,yes/no,Are the drying the animal with a blow dryer?,yes,http://images.cocodataset.org/train2014/COCO_train2014_000000524476.jpg,0,0,0.7968939041820522,-0.169921875,Yes,0
661,yes/no,Is this a hotel?,no,http://images.cocodataset.org/train2014/COCO_train2014_000000283700.jpg,0,0,0.9026818455585319,-0.6640625,No,0
662,yes/no,Can you see the man's shadow?,yes,http://images.cocodataset.org/train2014/COCO_train2014_000000262336.jpg,0,0,0.4672063301576768,-0.6484375,Yes,0
663,yes/no,Is this lacrosse?,no,http://images.cocodataset.org/train2014/COCO_train2014_000000262336.jpg,0,0,0.7461634712266834,-0.0771484375,No,0
664,yes/no,The color of the court is green?,no,http://images.cocodataset.org/train2014/COCO_train2014_000000262336.jpg,0,0,0.8567881888396057,-0.78125,The,0
665,yes/no,Is this pizza nutritious enough to eat for a full dinner?,yes,http://images.cocodataset.org/train2014/COCO_train2014_000000000194.jpg,0,0,0.9273416796024575,-0.94921875,I,0
666,yes/no,Are both beds made?,yes,http://images.cocodataset.org/train2014/COCO_train2014_000000257513.jpg,0,0,0.8997722174103117,-1.015625,It,0
667,yes/no,Is there a ladder in the picture?,yes,http://images.cocodataset.org/train2014/COCO_train2014_000000257513.jpg,0,0,0.7065710065226498,-0.052001953125,Yes,0
668,yes/no,Is this vehicle parked in a residential driveway?,yes,http://images.cocodataset.org/train2014/COCO_train2014_000000393412.jpg,0,0,0.7617423009458658,-0.11572265625,Yes,0
669,yes/no,Is the color of the car very common for vehicles?,no,http://images.cocodataset.org/train2014/COCO_train2014_000000393412.jpg,0,0,0.8316609671543295,-1.359375,I,0
670,yes/no,Are all the people looking at the same thing?,no,http://images.cocodataset.org/train2014/COCO_train2014_000000458785.jpg,0,0,0.4347828405374598,-0.92578125,There,0
671,yes/no,Do these ski boards have personality?,yes,http://images.cocodataset.org/train2014/COCO_train2014_000000000201.jpg,0,0,0.8693359325164494,-0.91015625,Yes,0
672,yes/no,Is the woman wearing a dress?,no,http://images.cocodataset.org/train2014/COCO_train2014_000000131277.jpg,0,0,0.06494539726620539,-0.314453125,No,0
673,yes/no,Are they playing a game?,yes,http://images.cocodataset.org/train2014/COCO_train2014_000000131277.jpg,0,0,0.71344144193076,-0.421875,Yes,0
674,yes/no,Will the bent person fall forward?,no,http://images.cocodataset.org/train2014/COCO_train2014_000000131277.jpg,0,0,0.5956800207129549,-0.77734375,It,0
675,yes/no,Is there a man and a woman?,yes,http://images.cocodataset.org/train2014/COCO_train2014_000000131277.jpg,0,0,0.5886871173021937,-0.11572265625,Yes,0
676,yes/no,Is this photo to blurry?,no,http://images.cocodataset.org/train2014/COCO_train2014_000000131277.jpg,0,0,0.2973736121410637,-0.052001953125,No,0
677,yes/no,Would you get a ticket if you disobeyed this sign?,yes,http://images.cocodataset.org/train2014/COCO_train2014_000000393422.jpg,0,0,0.8204534407493032,-1.2890625,Yes,0
678,yes/no,Is the red stop sign on a wooden pole?,no,http://images.cocodataset.org/train2014/COCO_train2014_000000393422.jpg,0,0,0.6605688166108632,-0.5625,No,0
679,yes/no,Can you see the sun in the picture?,yes,http://images.cocodataset.org/train2014/COCO_train2014_000000393422.jpg,0,0,0.5483492353954715,-0.298828125,Yes,0
680,yes/no,Are they twins?,no,http://images.cocodataset.org/train2014/COCO_train2014_000000131279.jpg,0,0,0.8985304251160223,-0.91015625,It,0
681,yes/no,Is one of the children a boy?,yes,http://images.cocodataset.org/train2014/COCO_train2014_000000131279.jpg,0,0,0.7821724497962963,-0.369140625,Yes,0
682,yes/no,Are these teenagers?,no,http://images.cocodataset.org/train2014/COCO_train2014_000000131279.jpg,0,0,0.20544072528609328,-0.0439453125,No,0
683,yes/no,Are both of the children smiling?,no,http://images.cocodataset.org/train2014/COCO_train2014_000000131279.jpg,0,0,0.8561389209635605,-1.625,The,0
684,yes/no,Is this child wearing socks?,no,http://images.cocodataset.org/train2014/COCO_train2014_000000131279.jpg,0,0,0.7142285297334817,-0.38671875,No,0
685,yes/no,Is the man's shirt a solid color?,no,http://images.cocodataset.org/train2014/COCO_train2014_000000448671.jpg,0,0,0.5592503963028433,-0.2177734375,No,0
686,yes/no,Is this man tan?,yes,http://images.cocodataset.org/train2014/COCO_train2014_000000554301.jpg,0,0,0.7948721065073745,-0.2421875,Yes,0
687,yes/no,The tablecloths are white?,yes,http://images.cocodataset.org/train2014/COCO_train2014_000000262359.jpg,0,0,0.7667898627782275,-0.0986328125,Yes,0
688,yes/no,Are the pictures colorful?,yes,http://images.cocodataset.org/train2014/COCO_train2014_000000262359.jpg,0,0,0.7551030834361172,-0.2275390625,Yes,0
689,yes/no,Do you a mirror in the background?,no,http://images.cocodataset.org/train2014/COCO_train2014_000000262359.jpg,0,0,0.43564887750620357,-0.80859375,No,0
690,yes/no,Is there food on the table?,no,http://images.cocodataset.org/train2014/COCO_train2014_000000262359.jpg,0,0,0.16317916543081154,-0.26171875,No,0
691,yes/no,Is there a pillow present in the picture?,yes,http://images.cocodataset.org/train2014/COCO_train2014_000000393432.jpg,0,0,0.8623307350438825,-0.1796875,Yes,0
692,yes/no,Is she wearing a bathing suit?,yes,http://images.cocodataset.org/train2014/COCO_train2014_000000000036.jpg,0,0,0.8830509845659915,-0.03173828125,Yes,0
693,yes/no,Are they surrounded by trees?,yes,http://images.cocodataset.org/train2014/COCO_train2014_000000524508.jpg,0,0,0.8094497706247673,-0.193359375,Yes,0
694,yes/no,Is there a puddle of water on the dirt?,yes,http://images.cocodataset.org/train2014/COCO_train2014_000000524508.jpg,0,0,0.8311002780797687,-0.169921875,Yes,0
695,yes/no,Are these men on a boat?,no,http://images.cocodataset.org/train2014/COCO_train2014_000000474858.jpg,0,0,0.08966643492848372,-0.05615234375,No,0
696,yes/no,Are the boys happy?,yes,http://images.cocodataset.org/train2014/COCO_train2014_000000474858.jpg,0,0,0.8520062609821201,-0.890625,I,0
697,yes/no,Is the man in the forefront trying to get signal on a cell phone?,no,http://images.cocodataset.org/train2014/COCO_train2014_000000474858.jpg,0,0,0.1463648238781991,-1.171875,It,0
698,yes/no,Was this photo taken recently?,yes,http://images.cocodataset.org/train2014/COCO_train2014_000000474858.jpg,0,0,0.11633737687270657,-0.87890625,I,0
699,yes/no,Is this  a beach?,yes,http://images.cocodataset.org/train2014/COCO_train2014_000000474858.jpg,0,0,0.6663758131717833,-0.0277099609375,Yes,0
700,yes/no,Is the guy making a performance?,no,http://images.cocodataset.org/train2014/COCO_train2014_000000474858.jpg,0,0,0.8813903724845727,-1.015625,It,0
701,yes/no,Is he doing a trick?,no,http://images.cocodataset.org/train2014/COCO_train2014_000000474858.jpg,0,0,0.42099303013885375,-0.2373046875,No,0
702,yes/no,Is the man in the foreground barefooted?,yes,http://images.cocodataset.org/train2014/COCO_train2014_000000474858.jpg,0,0,0.6753500550270696,-1.0546875,Yes,0
703,yes/no,Is this busy metropolis?,no,http://images.cocodataset.org/train2014/COCO_train2014_000000474858.jpg,0,0,0.8407757597901888,-0.287109375,No,0
704,yes/no,What is the man on a skateboard?,no,http://images.cocodataset.org/train2014/COCO_train2014_000000474858.jpg,0,0,0.4227144053489116,-1.2109375,I,0
705,yes/no,Are there waves in the picture?,yes,http://images.cocodataset.org/train2014/COCO_train2014_000000474858.jpg,0,0,0.6957441477955175,-0.298828125,Yes,0
706,yes/no,Did the man just steal the boy's kite?,no,http://images.cocodataset.org/train2014/COCO_train2014_000000393438.jpg,0,0,0.6533373675875185,-0.94921875,It,0
707,yes/no,Is this a steam engine train?,yes,http://images.cocodataset.org/train2014/COCO_train2014_000000165859.jpg,0,0,0.6799671976088386,-0.0771484375,Yes,0
708,yes/no,Are the umbrellas wet?,yes,http://images.cocodataset.org/train2014/COCO_train2014_000000393442.jpg,0,0,0.8287103644316903,-0.5703125,Yes,0
709,yes/no,Is there snow on the ground?,yes,http://images.cocodataset.org/train2014/COCO_train2014_000000131299.jpg,0,0,0.7532504729121631,-0.07275390625,Yes,0
710,yes/no,Does this oven look new?,no,http://images.cocodataset.org/train2014/COCO_train2014_000000131300.jpg,0,0,0.883789351348875,-0.3515625,No,0
711,yes/no,Does the oven have a digital buttons?,no,http://images.cocodataset.org/train2014/COCO_train2014_000000131300.jpg,0,0,0.36671367603510735,-0.462890625,There,0
712,yes/no,Is this oven greasy?,yes,http://images.cocodataset.org/train2014/COCO_train2014_000000131300.jpg,0,0,0.8934506163039766,-0.7265625,Yes,0
713,yes/no,Is the pizza on a baking tray?,yes,http://images.cocodataset.org/train2014/COCO_train2014_000000131300.jpg,0,0,0.5728241438165799,-0.439453125,There,0
714,yes/no,Do you like chocolate cake?,yes,http://images.cocodataset.org/train2014/COCO_train2014_000000393445.jpg,0,0,0.40001347158732453,-0.404296875,I,0
715,yes/no,Are there any water glasses on the table?,yes,http://images.cocodataset.org/train2014/COCO_train2014_000000524518.jpg,0,0,0.8646261568311737,-0.2216796875,Yes,0
716,yes/no,Are there tomatoes on the pizza?,yes,http://images.cocodataset.org/train2014/COCO_train2014_000000524518.jpg,0,0,0.8380845452706022,-0.2080078125,Yes,0
717,yes/no,Are there any people in the picture?,no,http://images.cocodataset.org/train2014/COCO_train2014_000000524518.jpg,0,0,0.6339502847026117,-0.796875,No,0
718,yes/no,Can they go?,no,http://images.cocodataset.org/train2014/COCO_train2014_000000524520.jpg,0,0,0.8688810779198191,-1.03125,No,0
719,yes/no,Are the cars parked?,no,http://images.cocodataset.org/train2014/COCO_train2014_000000524520.jpg,0,0,0.8597277539682037,-1.109375,Yes,0
720,yes/no,Are all the players wearing black shirts?,no,http://images.cocodataset.org/train2014/COCO_train2014_000000524522.jpg,0,0,0.3828058198969093,-0.2421875,No,0
721,yes/no,Is one of the trains going through a tunnel?,yes,http://images.cocodataset.org/train2014/COCO_train2014_000000524525.jpg,0,0,0.7004670855762037,-0.1748046875,Yes,0
722,yes/no,Is the door open?,no,http://images.cocodataset.org/train2014/COCO_train2014_000000131312.jpg,0,0,0.9440418477765219,-1.140625,No,0
723,yes/no,Is the man on TV wearing a tie?,yes,http://images.cocodataset.org/train2014/COCO_train2014_000000131312.jpg,0,0,0.6609234219098447,-0.416015625,Yes,0
724,yes/no,Is everyone wearing glasses?,no,http://images.cocodataset.org/train2014/COCO_train2014_000000131315.jpg,0,0,0.9063895697232734,-0.6328125,No,0
725,yes/no,Are both people of the same ethnic background?,no,http://images.cocodataset.org/train2014/COCO_train2014_000000131315.jpg,0,0,0.25486551103768956,-0.330078125,No,0
726,yes/no,The man is wearing a helmet?,yes,http://images.cocodataset.org/train2014/COCO_train2014_000000262389.jpg,0,0,0.8100671797553222,-0.09423828125,Yes,0
727,yes/no,Is this a government official's plane?,yes,http://images.cocodataset.org/train2014/COCO_train2014_000000000247.jpg,0,0,0.41373792879242755,-0.9140625,I,0
728,yes/no,Are the kids sitting?,no,http://images.cocodataset.org/train2014/COCO_train2014_000000393464.jpg,0,0,0.9631440912998919,-0.18359375,No,0
729,yes/no,Are these children playing a game?,yes,http://images.cocodataset.org/train2014/COCO_train2014_000000393464.jpg,0,0,0.6338610396614937,-0.43359375,Yes,0
730,yes/no,The zebras are in a field?,no,http://images.cocodataset.org/train2014/COCO_train2014_000000262393.jpg,0,0,0.8586873268949056,-1.0546875,The,0
731,yes/no,Have you ever been to this intersection?,no,http://images.cocodataset.org/train2014/COCO_train2014_000000000250.jpg,0,0,0.48603303749399335,-0.357421875,I,0
732,yes/no,Are some of the trees dead?,yes,http://images.cocodataset.org/train2014/COCO_train2014_000000131323.jpg,0,0,0.4136120295377308,-1.1796875,I,0
733,yes/no,Are the rocks for the giraffe to sit on?,no,http://images.cocodataset.org/train2014/COCO_train2014_000000131323.jpg,0,0,0.8535587911080031,-1.234375,It,0
734,yes/no,Does someone have a green thumb?,yes,http://images.cocodataset.org/train2014/COCO_train2014_000000131330.jpg,0,0,0.43161271053451467,-0.79296875,I,0
735,yes/no,Is the seedling a hybrid?,yes,http://images.cocodataset.org/train2014/COCO_train2014_000000131330.jpg,0,0,0.8120046267006427,-0.5078125,Yes,0
736,yes/no,Is there a tent in the snow?,yes,http://images.cocodataset.org/train2014/COCO_train2014_000000524547.jpg,0,0,0.741984253319822,-0.1650390625,Yes,0
737,yes/no,Is this terminal safe at night?,yes,http://images.cocodataset.org/train2014/COCO_train2014_000000000260.jpg,0,0,0.6566516578560937,-1.1484375,It,0
738,yes/no,Is the woman by herself?,yes,http://images.cocodataset.org/train2014/COCO_train2014_000000000260.jpg,0,0,0.7948900748082943,-0.515625,Yes,0
739,yes/no,Is it a clear day?,yes,http://images.cocodataset.org/train2014/COCO_train2014_000000524551.jpg,0,0,0.7854290955993636,-0.0986328125,Yes,0
740,yes/no,Is this person prone on his back or on his knees?,no,http://images.cocodataset.org/train2014/COCO_train2014_000000393480.jpg,0,0,0.9169916347012975,-0.26171875,The,0
741,yes/no,Is the skier on the ground?,yes,http://images.cocodataset.org/train2014/COCO_train2014_000000393480.jpg,0,0,0.5287260361217624,-0.671875,Yes,0
742,yes/no,Is the subject of the photo facing downhill?,yes,http://images.cocodataset.org/train2014/COCO_train2014_000000393480.jpg,0,0,0.419404744995544,-0.482421875,Yes,0
743,yes/no,Is this man attached to his surfboard?,yes,http://images.cocodataset.org/train2014/COCO_train2014_000000131339.jpg,0,0,0.7063643203281706,-0.1748046875,Yes,0
744,yes/no,Is this man riding a surfboard?,yes,http://images.cocodataset.org/train2014/COCO_train2014_000000131339.jpg,0,0,0.7523950376022213,-0.060302734375,Yes,0
745,yes/no,Is he wearing the right type of suit?,yes,http://images.cocodataset.org/train2014/COCO_train2014_000000131339.jpg,0,0,0.7123315568957171,-1.15625,I,0
746,yes/no,Is the man riding a white board?,no,http://images.cocodataset.org/train2014/COCO_train2014_000000131339.jpg,0,0,0.3859892436558096,-0.232421875,No,0
747,yes/no,Is the woman surfing?,yes,http://images.cocodataset.org/train2014/COCO_train2014_000000131339.jpg,0,0,0.35589726879442896,-0.48828125,No,0
748,yes/no,Is the boy in the middle being attacked?,no,http://images.cocodataset.org/train2014/COCO_train2014_000000524557.jpg,0,0,0.41467404873235875,-0.828125,It,0
749,yes/no,Does the boy have his head stuck in the net?,no,http://images.cocodataset.org/train2014/COCO_train2014_000000524557.jpg,0,0,0.27728956350375944,-0.6484375,No,0
750,yes/no,Does the guy on the right look happy?,yes,http://images.cocodataset.org/train2014/COCO_train2014_000000131342.jpg,0,0,0.8241716663826931,-0.546875,Yes,0
751,yes/no,Are there multiple vegetables on the plate?,yes,http://images.cocodataset.org/train2014/COCO_train2014_000000393488.jpg,0,0,0.7085086544421405,-0.019775390625,Yes,0
752,yes/no,Is there meat on the plate?,yes,http://images.cocodataset.org/train2014/COCO_train2014_000000393488.jpg,0,0,0.7685536841162469,-0.142578125,Yes,0
753,yes/no,Is this a brand new phone?,no,http://images.cocodataset.org/train2014/COCO_train2014_000000393489.jpg,0,0,0.9151802704075331,-1.3984375,There,0
754,yes/no,Does this phone fold closed?,no,http://images.cocodataset.org/train2014/COCO_train2014_000000393489.jpg,0,0,0.8110038217062068,-0.451171875,No,0
755,yes/no,Is the phone broken?,no,http://images.cocodataset.org/train2014/COCO_train2014_000000393489.jpg,0,0,0.7587467054383514,-0.94140625,There,0
756,yes/no,Is the phone light on?,no,http://images.cocodataset.org/train2014/COCO_train2014_000000393489.jpg,0,0,0.7655854820091907,-1.2109375,There,0
757,yes/no,Is the display on?,no,http://images.cocodataset.org/train2014/COCO_train2014_000000393489.jpg,0,0,0.8526016483305848,-1.5234375,I,0
758,yes/no,Is the person using skype?,no,http://images.cocodataset.org/train2014/COCO_train2014_000000393489.jpg,0,0,0.7588919928793593,-0.6640625,There,0
759,yes/no,Is the phone on?,no,http://images.cocodataset.org/train2014/COCO_train2014_000000393489.jpg,0,0,0.8556626413016211,-1.453125,I,0
760,yes/no,Is the background clear?,yes,http://images.cocodataset.org/train2014/COCO_train2014_000000393489.jpg,0,0,0.8531053972814745,-1.359375,The,0
761,yes/no,Is this an inside stadium?,yes,http://images.cocodataset.org/train2014/COCO_train2014_000000336077.jpg,0,0,0.7780300570494335,-0.09423828125,Yes,0
762,yes/no,Is the stadium crowded?,yes,http://images.cocodataset.org/train2014/COCO_train2014_000000336077.jpg,0,0,0.7221141523154201,-0.18359375,Yes,0
763,yes/no,Is the stadium full?,yes,http://images.cocodataset.org/train2014/COCO_train2014_000000336077.jpg,0,0,0.7434515473726148,-0.5,Yes,0
764,yes/no,Is there a baseball player holding a bat?,yes,http://images.cocodataset.org/train2014/COCO_train2014_000000336077.jpg,0,0,0.3333940617548459,-0.0277099609375,Yes,0
765,yes/no,Is this bathroom all white?,no,http://images.cocodataset.org/train2014/COCO_train2014_000000546179.jpg,0,0,0.5909664320095941,-0.298828125,No,0
766,yes/no,Has the bathroom been renovated recently?,no,http://images.cocodataset.org/train2014/COCO_train2014_000000546179.jpg,0,0,0.6627831034097095,-0.6328125,It,0
767,yes/no,Are there towels on the ground?,no,http://images.cocodataset.org/train2014/COCO_train2014_000000546179.jpg,0,0,0.0535525620176424,-0.27734375,No,0
768,yes/no,Does this look clean?,yes,http://images.cocodataset.org/train2014/COCO_train2014_000000546179.jpg,0,0,0.8942799506202243,-0.470703125,Yes,0
769,yes/no,Is the shower curtain open?,no,http://images.cocodataset.org/train2014/COCO_train2014_000000546179.jpg,0,0,0.7627604377038133,-1.0703125,Yes,0
770,yes/no,Does this bike have training wheels?,yes,http://images.cocodataset.org/train2014/COCO_train2014_000000393493.jpg,0,0,0.806708049158812,-0.341796875,Yes,0
771,yes/no,Is the picnic table red?,yes,http://images.cocodataset.org/train2014/COCO_train2014_000000393493.jpg,0,0,0.8165989393807316,-0.369140625,Yes,0
772,yes/no,Is this a clean room?,no,http://images.cocodataset.org/train2014/COCO_train2014_000000131351.jpg,0,0,0.8868886666559936,-1.234375,No,0
773,yes/no,Is this bathroom clean?,yes,http://images.cocodataset.org/train2014/COCO_train2014_000000131351.jpg,0,0,0.855165662205946,-1.3828125,No,0
774,yes/no,Is the room clean?,no,http://images.cocodataset.org/train2014/COCO_train2014_000000131351.jpg,0,0,0.9188794293081176,-1.4296875,The,0
775,yes/no,Is there a mirror in the bathroom?,no,http://images.cocodataset.org/train2014/COCO_train2014_000000131351.jpg,0,0,0.4213158430817672,-0.74609375,No,0
776,yes/no,Is there a green plant in this room?,no,http://images.cocodataset.org/train2014/COCO_train2014_000000131351.jpg,0,0,0.9270590799300998,-0.87109375,No,0
777,yes/no,Is this room clean?,no,http://images.cocodataset.org/train2014/COCO_train2014_000000131351.jpg,0,0,0.7178060193384618,-0.67578125,No,0
778,yes/no,Is the cat trying to catch a bird?,no,http://images.cocodataset.org/train2014/COCO_train2014_000000524572.jpg,0,0,0.4378531518885888,-0.83984375,I,0
779,yes/no,Is the writing in French?,no,http://images.cocodataset.org/train2014/COCO_train2014_000000393503.jpg,0,0,0.8060945569622392,-0.283203125,No,0
780,yes/no,Is this a traveling circus?,no,http://images.cocodataset.org/train2014/COCO_train2014_000000393503.jpg,0,0,0.9376776568737681,-0.75390625,No,0
781,yes/no,Are there long lenses?,yes,http://images.cocodataset.org/train2014/COCO_train2014_000000414639.jpg,0,0,0.8354446782709887,-0.83203125,Yes,0
782,yes/no,Is everyone wearing long sleeves?,yes,http://images.cocodataset.org/train2014/COCO_train2014_000000131366.jpg,0,0,0.8027017624138286,-0.6171875,Yes,0
783,yes/no,Are the woman wearing short dresses?,yes,http://images.cocodataset.org/train2014/COCO_train2014_000000131366.jpg,0,0,0.8094540914235246,-0.69140625,Yes,0
784,yes/no,Is the lady smiling?,yes,http://images.cocodataset.org/train2014/COCO_train2014_000000131366.jpg,0,0,0.7643650769865774,-0.60546875,Yes,0
785,yes/no,Do they play for Red Sox?,no,http://images.cocodataset.org/train2014/COCO_train2014_000000131366.jpg,0,0,0.8880130779980572,-0.4765625,No,0
786,yes/no,Is this a mixed race group?,no,http://images.cocodataset.org/train2014/COCO_train2014_000000131366.jpg,0,0,0.13337255238013798,-0.169921875,No,0
787,yes/no,Are these people getting reading to go play sports?,yes,http://images.cocodataset.org/train2014/COCO_train2014_000000131366.jpg,0,0,0.871997143094414,-0.87890625,Yes,0
788,yes/no,Is there any females?,yes,http://images.cocodataset.org/train2014/COCO_train2014_000000131366.jpg,0,0,0.7799344263255443,-0.15625,Yes,0
789,yes/no,Is this a shop?,no,http://images.cocodataset.org/train2014/COCO_train2014_000000131366.jpg,0,0,0.12922990876464646,-0.0771484375,No,0
790,yes/no,Are they happy?,yes,http://images.cocodataset.org/train2014/COCO_train2014_000000131366.jpg,0,0,0.8908685279199978,-0.5546875,Yes,0
791,yes/no,Are the trying to fix the train?,yes,http://images.cocodataset.org/train2014/COCO_train2014_000000497565.jpg,0,0,0.6764497936253684,-1.0703125,Yes,0
792,yes/no,Is the train black?,yes,http://images.cocodataset.org/train2014/COCO_train2014_000000497565.jpg,0,0,0.8470201194246242,-0.05615234375,Yes,0
793,yes/no,Is this an evening scene?,yes,http://images.cocodataset.org/train2014/COCO_train2014_000000101431.jpg,0,0,0.8212169932676026,-0.640625,Yes,0
794,yes/no,Is this a desert scene?,yes,http://images.cocodataset.org/train2014/COCO_train2014_000000101431.jpg,0,0,0.41717317737700066,-0.85546875,I,0
795,yes/no,Is this a city street?,yes,http://images.cocodataset.org/train2014/COCO_train2014_000000262442.jpg,0,0,0.6460871357845128,-0.052001953125,Yes,0
796,yes/no,Is she wearing a bonnet?,yes,http://images.cocodataset.org/train2014/COCO_train2014_000000021895.jpg,0,0,0.9257315385588488,-0.169921875,No,0
797,yes/no,Was the woman's collar treated with starch?,yes,http://images.cocodataset.org/train2014/COCO_train2014_000000021895.jpg,0,0,0.8480255881552733,-0.9921875,The,0
798,yes/no,Is it going to storm?,no,http://images.cocodataset.org/train2014/COCO_train2014_000000131373.jpg,0,0,0.41765086238002946,-0.81640625,It,0
799,yes/no,Does this room have a low ceiling?,no,http://images.cocodataset.org/train2014/COCO_train2014_000000109277.jpg,0,0,0.4572476023710105,-0.470703125,No,0
800,yes/no,Is a person wearing a hooded sweatshirt?,no,http://images.cocodataset.org/train2014/COCO_train2014_000000131376.jpg,0,0,0.1243446039454718,-0.314453125,No,0
801,yes/no,Is he wearing a helmet?,no,http://images.cocodataset.org/train2014/COCO_train2014_000000131376.jpg,0,0,0.24123223812313793,-0.375,No,0
802,counting,How many tattoos can be seen on this man's body?,1,http://images.cocodataset.org/train2014/COCO_train2014_000000393227.jpg,0,0,0.9551327974100655,-0.99609375,I,0
803,counting,How many pieces of furniture which are used for sleeping are featured in this picture?,2,http://images.cocodataset.org/train2014/COCO_train2014_000000131074.jpg,0,0,0.6662154083979923,-0.330078125,There,0
804,counting,How many people are in this image?,1,http://images.cocodataset.org/train2014/COCO_train2014_000000393230.jpg,0,0,0.42758862500430245,-0.43359375,There,0
805,counting,How many sheeps are this?,3,http://images.cocodataset.org/train2014/COCO_train2014_000000131093.jpg,0,0,0.6200023383901861,-0.53515625,There,0
806,counting,How many giraffes are there?,2,http://images.cocodataset.org/train2014/COCO_train2014_000000000025.jpg,0,0,0.6130457758695729,-0.09423828125,There,0
807,counting,How many animals are in this photo?,2,http://images.cocodataset.org/train2014/COCO_train2014_000000000025.jpg,0,0,0.618567270503954,-0.462890625,There,0
808,counting,How many people are on the boat?,5,http://images.cocodataset.org/train2014/COCO_train2014_000000262171.jpg,0,0,0.4212752795725248,-0.470703125,There,0
809,counting,How many people are wearing shorts in the forefront of this photo?,4,http://images.cocodataset.org/train2014/COCO_train2014_000000524325.jpg,0,0,0.5449237700913595,-1.0234375,There,0
810,counting,How many planes are in the picture?,2,http://images.cocodataset.org/train2014/COCO_train2014_000000131118.jpg,0,0,0.5527449076915214,-0.2080078125,There,0
811,counting,How many trees are in this photo?,3,http://images.cocodataset.org/train2014/COCO_train2014_000000524338.jpg,0,0,0.47046948297942714,-1.0703125,I,0
812,counting,How many flowers are painted on the vase?,3,http://images.cocodataset.org/train2014/COCO_train2014_000000131128.jpg,0,0,0.572376697071817,-0.314453125,There,0
813,counting,How many elephants are in the water?,2,http://images.cocodataset.org/train2014/COCO_train2014_000000370986.jpg,0,0,0.5615511507799799,-0.451171875,There,0
814,counting,How many tails can you see in this picture?,3,http://images.cocodataset.org/train2014/COCO_train2014_000000370986.jpg,0,0,0.8478585980553216,-0.8671875,I,0
815,counting,How many tusks are visible?,2,http://images.cocodataset.org/train2014/COCO_train2014_000000262204.jpg,0,0,0.7566329053122964,-0.828125,There,0
816,counting,How many trees on the table?,3,http://images.cocodataset.org/train2014/COCO_train2014_000000458763.jpg,0,0,0.41834028567146797,-0.357421875,There,0
817,counting,How many horns are in the picture?,0,http://images.cocodataset.org/train2014/COCO_train2014_000000458763.jpg,0,0,0.4938900717089231,-0.9609375,There,0
818,counting,How many Giraffes are in this image?,2,http://images.cocodataset.org/train2014/COCO_train2014_000000000072.jpg,0,0,0.5226564188574444,-0.060302734375,There,0
819,counting,How many stairs are there?,6,http://images.cocodataset.org/train2014/COCO_train2014_000000393290.jpg,0,0,0.8395301881546463,-1.1796875,I,0
820,counting,How many windows are there?,3,http://images.cocodataset.org/train2014/COCO_train2014_000000393291.jpg,0,0,0.7799126515069763,-1.140625,I,0
821,counting,How many birds are in the sink?,2,http://images.cocodataset.org/train2014/COCO_train2014_000000393292.jpg,0,0,0.42600569136271604,-0.32421875,There,0
822,counting,How many tennis players are in the photo?,1,http://images.cocodataset.org/train2014/COCO_train2014_000000262221.jpg,0,0,0.4381711104681962,-0.15625,There,0
823,counting,How many black sheep are there?,10,http://images.cocodataset.org/train2014/COCO_train2014_000000524375.jpg,0,0,0.5513714720647398,-0.96484375,It,0
824,counting,How many lunches is this?,1,http://images.cocodataset.org/train2014/COCO_train2014_000000524377.jpg,0,0,0.7242374866278342,-0.671875,It,0
825,counting,How many hot dogs are shown?,1,http://images.cocodataset.org/train2014/COCO_train2014_000000524377.jpg,0,0,0.7505511830261121,-0.6640625,There,0
826,counting,How many pickle spears are there?,0,http://images.cocodataset.org/train2014/COCO_train2014_000000524377.jpg,0,0,0.5613731807325995,-0.1884765625,There,0
827,counting,How many people are eating this hotdog?,1,http://images.cocodataset.org/train2014/COCO_train2014_000000524377.jpg,0,0,0.7295235259299758,-0.58984375,It,0
828,counting,How many sauces are there?,1,http://images.cocodataset.org/train2014/COCO_train2014_000000524377.jpg,0,0,0.749823977462293,-0.49609375,There,0
829,counting,How many kinds of meat products are here?,1,http://images.cocodataset.org/train2014/COCO_train2014_000000524377.jpg,0,0,0.3553375661759112,-1.0703125,I,0
830,counting,How many rolls of toilet paper are on the toilet tank?,2,http://images.cocodataset.org/train2014/COCO_train2014_000000262159.jpg,0,0,0.8846494356027989,-0.1474609375,There,0
831,counting,How many layers are in this cake?,7,http://images.cocodataset.org/train2014/COCO_train2014_000000000092.jpg,0,0,0.8636067218668099,-0.89453125,It,0
832,counting,How many people can eat this cake?,1,http://images.cocodataset.org/train2014/COCO_train2014_000000000092.jpg,0,0,0.8834238422308527,-0.6484375,It,0
833,counting,How many vehicles are shown?,2,http://images.cocodataset.org/train2014/COCO_train2014_000000000094.jpg,0,0,0.7413152845224359,-0.90234375,There,0
834,counting,How many lamps are there?,2,http://images.cocodataset.org/train2014/COCO_train2014_000000524386.jpg,0,0,0.7423862979038264,-0.58984375,There,0
835,counting,How many lamps are in the room?,2,http://images.cocodataset.org/train2014/COCO_train2014_000000524386.jpg,0,0,0.49194161635384964,-0.765625,There,0
836,counting,How many pictures on the wall?,4,http://images.cocodataset.org/train2014/COCO_train2014_000000524386.jpg,0,0,0.7461058684588826,-0.671875,There,0
837,counting,How many TVs are on?,1,http://images.cocodataset.org/train2014/COCO_train2014_000000524386.jpg,0,0,0.4094499662445279,-1.0078125,I,0
838,counting,How many pictures are on the wall?,4,http://images.cocodataset.org/train2014/COCO_train2014_000000524386.jpg,0,0,0.6122991550839008,-0.74609375,There,0
839,counting,How many men in the picture are wearing sunglasses?,1,http://images.cocodataset.org/train2014/COCO_train2014_000000131172.jpg,0,0,0.41317835418626186,-1.0078125,I,0
840,counting,How many people can be seen?,2,http://images.cocodataset.org/train2014/COCO_train2014_000000393317.jpg,0,0,0.41744982262592684,-1.109375,I,0
841,counting,How many green lights are there?,1,http://images.cocodataset.org/train2014/COCO_train2014_000000393317.jpg,0,0,0.4787228835746642,-0.796875,There,0
842,counting,How many lights does the plane have?,5,http://images.cocodataset.org/train2014/COCO_train2014_000000131174.jpg,0,0,0.8540907901648038,-0.984375,The,0
843,counting,How many planes are in this photo?,1,http://images.cocodataset.org/train2014/COCO_train2014_000000131174.jpg,0,0,0.4281580877312006,-0.212890625,There,0
844,counting,How many people are standing in this image?,3,http://images.cocodataset.org/train2014/COCO_train2014_000000546151.jpg,0,0,0.5874360087426718,-0.7421875,There,0
845,counting,How many poles is the person holding?,2,http://images.cocodataset.org/train2014/COCO_train2014_000000021826.jpg,0,0,0.8575170452468696,-0.142578125,The,0
846,counting,How many bodies of water are in this scene?,1,http://images.cocodataset.org/train2014/COCO_train2014_000000000109.jpg,0,0,0.4727088160016415,-0.6640625,There,0
847,counting,How many light post is there?,4,http://images.cocodataset.org/train2014/COCO_train2014_000000000109.jpg,0,0,0.7418439722533995,-0.59765625,There,0
848,counting,How many people are in the picture?,3,http://images.cocodataset.org/train2014/COCO_train2014_000000000113.jpg,0,0,0.4246778900396284,-0.3203125,There,0
849,counting,How many pigeons are there?,6,http://images.cocodataset.org/train2014/COCO_train2014_000000262260.jpg,0,0,0.7412455431697162,-0.73828125,There,0
850,counting,How many bells are there?,1,http://images.cocodataset.org/train2014/COCO_train2014_000000131190.jpg,0,0,0.5421907420485619,-0.6171875,There,0
851,counting,How many clock faces does this building have?,1,http://images.cocodataset.org/train2014/COCO_train2014_000000131190.jpg,0,0,0.4095051059054608,-0.99609375,I,0
852,counting,How many flags are by the building's entrance?,0,http://images.cocodataset.org/train2014/COCO_train2014_000000131190.jpg,0,0,0.5785771378857513,-0.2177734375,There,0
853,counting,How many windows are shown?,5,http://images.cocodataset.org/train2014/COCO_train2014_000000131190.jpg,0,0,0.6118422248749193,-0.98046875,It,0
854,counting,How many windows are pictured?,4,http://images.cocodataset.org/train2014/COCO_train2014_000000131190.jpg,0,0,0.6134437610920416,-1.1484375,It,0
855,counting,How many sheep can you see?,2,http://images.cocodataset.org/train2014/COCO_train2014_000000131197.jpg,0,0,0.6847921257564069,-0.41015625,There,0
856,counting,How many people are there?,1,http://images.cocodataset.org/train2014/COCO_train2014_000000262273.jpg,0,0,0.7490449397246213,-0.212890625,There,0
857,counting,How many people are in the image?,1,http://images.cocodataset.org/train2014/COCO_train2014_000000262273.jpg,0,0,0.5452541688373388,-0.052001953125,There,0
858,counting,How many birds are there?,3,http://images.cocodataset.org/train2014/COCO_train2014_000000436929.jpg,0,0,0.47846101663714524,-0.8203125,There,0
859,counting,How many men are playing baseball?,5,http://images.cocodataset.org/train2014/COCO_train2014_000000284012.jpg,0,0,0.6532448538972417,-0.58984375,There,0
860,counting,How many pots are hanging under the shelf?,2,http://images.cocodataset.org/train2014/COCO_train2014_000000000138.jpg,0,0,0.5662343950557488,-0.302734375,There,0
861,counting,How many zebras are there?,13,http://images.cocodataset.org/train2014/COCO_train2014_000000262285.jpg,0,0,0.7472107628548866,-0.765625,There,0
862,counting,How many zebras can you see eating?,3,http://images.cocodataset.org/train2014/COCO_train2014_000000000154.jpg,0,0,0.39248860338826475,-0.7734375,I,0
863,counting,How many kinds of animals are in this photo?,1,http://images.cocodataset.org/train2014/COCO_train2014_000000000154.jpg,0,0,0.8642202503190748,-0.1337890625,There,0
864,counting,How many different types of animals are in this scene?,1,http://images.cocodataset.org/train2014/COCO_train2014_000000000154.jpg,0,0,0.8618588717575942,-0.1376953125,There,0
865,counting,How many animals are there?,3,http://images.cocodataset.org/train2014/COCO_train2014_000000000154.jpg,0,0,0.9041477251457104,-0.0439453125,There,0
866,counting,How many arrows can be seen?,1,http://images.cocodataset.org/train2014/COCO_train2014_000000393242.jpg,0,0,0.415465119370209,-1.0546875,I,0
867,counting,How many stripes are at the bottom of the picture?,5,http://images.cocodataset.org/train2014/COCO_train2014_000000393242.jpg,0,0,0.5998234557961194,-0.7578125,There,0
868,counting,How many potted plants do you see?,3,http://images.cocodataset.org/train2014/COCO_train2014_000000415089.jpg,0,0,0.4147277340646662,-0.3515625,I,0
869,counting,How many chairs are there?,1,http://images.cocodataset.org/train2014/COCO_train2014_000000415089.jpg,0,0,0.7427678843630174,-0.8125,There,0
870,counting,How many kids in this photo?,3,http://images.cocodataset.org/train2014/COCO_train2014_000000393384.jpg,0,0,0.5758712859467278,-1.3671875,It,0
871,counting,How many animals?,5,http://images.cocodataset.org/train2014/COCO_train2014_000000393386.jpg,0,0,0.9154848939473123,-0.51953125,There,0
872,counting,How many laptops are on the coffee table?,3,http://images.cocodataset.org/train2014/COCO_train2014_000000137918.jpg,0,0,0.409689127823363,-0.0277099609375,There,0
873,counting,How many people are in the picture?,50,http://images.cocodataset.org/train2014/COCO_train2014_000000438196.jpg,0,0,0.5877663525052791,-0.96875,It,0
874,counting,How many knobs are there?,4,http://images.cocodataset.org/train2014/COCO_train2014_000000524471.jpg,0,0,0.7607287305388117,-0.54296875,There,0
875,counting,How many buses are there?,1,http://images.cocodataset.org/train2014/COCO_train2014_000000393403.jpg,0,0,0.748974256714931,-0.341796875,There,0
876,counting,How many decks does this bus have?,2,http://images.cocodataset.org/train2014/COCO_train2014_000000393403.jpg,0,0,0.8570906099846571,-0.6328125,The,0
877,counting,How many windows?,11,http://images.cocodataset.org/train2014/COCO_train2014_000000283700.jpg,0,0,0.886342176990164,-1.1171875,It,0
878,counting,How many steps does it take to get to the top?,2,http://images.cocodataset.org/train2014/COCO_train2014_000000257513.jpg,0,0,0.9014814661394612,-0.91015625,It,0
879,counting,How many ski boards are in the picture?,5,http://images.cocodataset.org/train2014/COCO_train2014_000000000201.jpg,0,0,0.43505781143744443,-0.32421875,There,0
880,counting,How many blue stripes are on the babies shirt?,many,http://images.cocodataset.org/train2014/COCO_train2014_000000131279.jpg,0,0,0.855468934171354,-1.09375,I,0
881,counting,How many babies are in this photo?,2,http://images.cocodataset.org/train2014/COCO_train2014_000000131279.jpg,0,0,0.43313848294603435,-0.08544921875,There,0
882,counting,How many balls are on the ground?,6,http://images.cocodataset.org/train2014/COCO_train2014_000000554301.jpg,0,0,0.4217047245999697,-0.58203125,There,0
883,counting,How many glasses are there?,2,http://images.cocodataset.org/train2014/COCO_train2014_000000262359.jpg,0,0,0.7314178943781631,-0.12890625,There,0
884,counting,How many horses are on the picture?,3,http://images.cocodataset.org/train2014/COCO_train2014_000000524508.jpg,0,0,0.5597039678936099,-0.1796875,There,0
885,counting,How many horses are in the picture?,3,http://images.cocodataset.org/train2014/COCO_train2014_000000524508.jpg,0,0,0.42815956406564654,-0.26171875,There,0
886,counting,How many kids?,1,http://images.cocodataset.org/train2014/COCO_train2014_000000393438.jpg,0,0,0.8844893921916286,-0.470703125,There,0
887,counting,How many black umbrellas?,3,http://images.cocodataset.org/train2014/COCO_train2014_000000393442.jpg,0,0,0.41730213990847825,-0.482421875,There,0
888,counting,How many skis are on the ground?,4,http://images.cocodataset.org/train2014/COCO_train2014_000000131299.jpg,0,0,0.43504681495279973,-0.08154296875,There,0
889,counting,How many water jugs are visible?,2,http://images.cocodataset.org/train2014/COCO_train2014_000000524522.jpg,0,0,0.3973766860517108,-0.9921875,I,0
890,counting,How many trains are there?,3,http://images.cocodataset.org/train2014/COCO_train2014_000000524525.jpg,0,0,0.7848223536996375,-0.5546875,There,0
891,counting,How many kids are there?,5,http://images.cocodataset.org/train2014/COCO_train2014_000000393464.jpg,0,0,0.7541307822567648,-0.1796875,There,0
892,counting,How many rocks?,2,http://images.cocodataset.org/train2014/COCO_train2014_000000262393.jpg,0,0,0.8843245858815074,-0.451171875,There,0
893,counting,How many zebras are there?,2,http://images.cocodataset.org/train2014/COCO_train2014_000000262393.jpg,0,0,0.7426943246587462,-0.203125,There,0
894,counting,How many floors do you think the highest building has?,50,http://images.cocodataset.org/train2014/COCO_train2014_000000000250.jpg,0,0,0.8804214030965318,-0.67578125,It,0
895,counting,How many people are surfing?,1,http://images.cocodataset.org/train2014/COCO_train2014_000000131339.jpg,0,0,0.8549068835686335,-1.296875,I,0
896,counting,How many kids are wearing black and white?,5,http://images.cocodataset.org/train2014/COCO_train2014_000000524557.jpg,0,0,0.4328977234229567,-0.79296875,There,0
897,counting,How many men are wearing hats?,0,http://images.cocodataset.org/train2014/COCO_train2014_000000131342.jpg,0,0,0.834330836104881,-0.064453125,There,0
898,counting,How many holes are on the phone case?,1,http://images.cocodataset.org/train2014/COCO_train2014_000000393489.jpg,0,0,0.9162161795579332,-0.6328125,There,0
899,counting,How many phones do you see?,1,http://images.cocodataset.org/train2014/COCO_train2014_000000393489.jpg,0,0,0.8542363141869928,-0.65625,I,0
900,counting,How many cookies can be seen?,2,http://images.cocodataset.org/train2014/COCO_train2014_000000000009.jpg,0,0,0.7407340691685038,-0.482421875,There,0
901,counting,How many girls are visible?,2,http://images.cocodataset.org/train2014/COCO_train2014_000000393493.jpg,0,0,0.7730621429029779,-0.302734375,There,0
902,counting,How many colors are in the tile?,1,http://images.cocodataset.org/train2014/COCO_train2014_000000131351.jpg,0,0,0.8574342605971061,-0.65625,The,0
903,counting,How many people are standing next to each other?,4,http://images.cocodataset.org/train2014/COCO_train2014_000000131366.jpg,0,0,0.5016440807329402,-0.1884765625,There,0
904,counting,How many rackets?,8,http://images.cocodataset.org/train2014/COCO_train2014_000000131366.jpg,0,0,0.7491548509552964,-0.482421875,There,0
905,counting,How many people are in this photo?,4,http://images.cocodataset.org/train2014/COCO_train2014_000000131366.jpg,0,0,0.4256863060458316,-0.58203125,There,0
906,counting,How many girls are in the picture?,4,http://images.cocodataset.org/train2014/COCO_train2014_000000131366.jpg,0,0,0.46601854712623725,-0.232421875,There,0
907,counting,How many people don't have a skateboard?,4,http://images.cocodataset.org/train2014/COCO_train2014_000000131366.jpg,0,0,0.42939689318972035,-0.828125,There,0
908,counting,How many of the four main individuals are wearing baseball caps?,0,http://images.cocodataset.org/train2014/COCO_train2014_000000131366.jpg,0,0,0.2855432864020474,-0.75390625,None,0
909,counting,How many racquets?,8,http://images.cocodataset.org/train2014/COCO_train2014_000000131366.jpg,0,0,0.7397240965939615,-0.451171875,There,0
910,counting,How many legs are in the image?,8,http://images.cocodataset.org/train2014/COCO_train2014_000000131366.jpg,0,0,0.42490296087216667,-0.369140625,There,0
911,counting,How many passengers does this bus carry?,30,http://images.cocodataset.org/train2014/COCO_train2014_000000262442.jpg,0,0,0.6667467401282322,-0.9921875,It,0
912,counting,How many open umbrellas are there on the beach?,3,http://images.cocodataset.org/train2014/COCO_train2014_000000131374.jpg,0,0,0.43786001545544395,-0.09423828125,There,0
913,counting,How many umbrellas do you see?,3,http://images.cocodataset.org/train2014/COCO_train2014_000000131374.jpg,0,0,0.4281852134784172,-0.9296875,There,0
914,counting,How many striped objects are in the photo?,4,http://images.cocodataset.org/train2014/COCO_train2014_000000131374.jpg,0,0,0.43272730032652473,-0.380859375,There,0
915,location,Where is the giraffe?,near tree,http://images.cocodataset.org/train2014/COCO_train2014_000000000025.jpg,0,0,0.8546524887553362,-0.2275390625,The,0
916,location,Where are the two blue coolers?,left,http://images.cocodataset.org/train2014/COCO_train2014_000000262172.jpg,0,0,0.47039075199632757,-0.92578125,I,0
917,location,Where are the trucks?,dock,http://images.cocodataset.org/train2014/COCO_train2014_000000262184.jpg,0,0,0.8427452746639307,-0.2470703125,The,0
918,location,Where is Brooklyn Avenue?,bottom,http://images.cocodataset.org/train2014/COCO_train2014_000000131126.jpg,0,0,0.7510255499942605,-1.015625,Bro,0
919,location,Where is the bird?,on cliff,http://images.cocodataset.org/train2014/COCO_train2014_000000262201.jpg,0,0,0.9258851819136058,-0.10693359375,The,0
920,location,Where is the mirror?,wall,http://images.cocodataset.org/train2014/COCO_train2014_000000262207.jpg,0,0,0.9230047891472996,-0.3984375,The,0
921,location,Where is the sink located?,bathroom,http://images.cocodataset.org/train2014/COCO_train2014_000000393291.jpg,0,0,0.8543338891611654,-0.064453125,The,0
922,location,Where is the soap?,shower,http://images.cocodataset.org/train2014/COCO_train2014_000000393291.jpg,0,0,0.9256658602475819,-1.03125,I,0
923,location,Where is the human?,on top of hill,http://images.cocodataset.org/train2014/COCO_train2014_000000524375.jpg,0,0,0.8330215147874618,-0.4765625,The,0
924,location,Where is the light coming from?,window,http://images.cocodataset.org/train2014/COCO_train2014_000000262159.jpg,0,0,0.856685164849657,-0.6328125,The,0
925,location,Where is the television?,wall,http://images.cocodataset.org/train2014/COCO_train2014_000000524386.jpg,0,0,0.9221553047773292,-0.1201171875,The,0
926,location,Where is the street sign?,pole,http://images.cocodataset.org/train2014/COCO_train2014_000000393317.jpg,0,0,0.8444785779068362,-0.416015625,The,0
927,location,Where are the women walking?,crosswalk,http://images.cocodataset.org/train2014/COCO_train2014_000000393317.jpg,0,0,0.8427521241574153,-0.142578125,The,0
928,location,Where is the woman standing?,crosswalk,http://images.cocodataset.org/train2014/COCO_train2014_000000393317.jpg,0,0,0.8438681232791757,-0.30859375,The,0
929,location,Where was this shot at?,florist,http://images.cocodataset.org/train2014/COCO_train2014_000000262283.jpg,0,0,0.7819246851388085,-1.015625,This,0
930,location,Where is the cupcake?,plate,http://images.cocodataset.org/train2014/COCO_train2014_000000393375.jpg,0,0,0.8519497053174994,-0.271484375,The,0
931,location,Where was this picture taken?,parking lot,http://images.cocodataset.org/train2014/COCO_train2014_000000393384.jpg,0,0,0.17148107224540712,-0.84375,It,0
932,location,Where is the laptop?,on table,http://images.cocodataset.org/train2014/COCO_train2014_000000137918.jpg,0,0,0.9225754974157223,-0.1884765625,The,0
933,location,Where are the two upside down glasses?,nightstand,http://images.cocodataset.org/train2014/COCO_train2014_000000393394.jpg,0,0,0.5474639473252427,-0.1376953125,There,0
934,location,Where is the open door?,nowhere,http://images.cocodataset.org/train2014/COCO_train2014_000000393403.jpg,0,0,0.7861913646084657,-0.515625,There,0
935,location,Where are the buns?,by plates,http://images.cocodataset.org/train2014/COCO_train2014_000000524486.jpg,0,0,0.8516445009242005,-0.1884765625,The,0
936,location,Where is the table lamp?,on table,http://images.cocodataset.org/train2014/COCO_train2014_000000448671.jpg,0,0,0.8451805106304153,-0.470703125,The,0
937,location,Where is the cup?,on table,http://images.cocodataset.org/train2014/COCO_train2014_000000393428.jpg,0,0,0.856892053515344,-0.10693359375,The,0
938,location,Where do you think all these are located?,restaurant,http://images.cocodataset.org/train2014/COCO_train2014_000000262359.jpg,0,0,0.5986583928058458,-0.94140625,It,0
939,location,Where is the room?,restaurant,http://images.cocodataset.org/train2014/COCO_train2014_000000262359.jpg,0,0,0.8324021222630263,-0.6953125,The,0
940,location,Where is the cat?,bed,http://images.cocodataset.org/train2014/COCO_train2014_000000393432.jpg,0,0,0.8582004617463286,-0.1611328125,The,0
941,location,Where is number 8?,left,http://images.cocodataset.org/train2014/COCO_train2014_000000524557.jpg,0,0,0.9541822520786725,-0.92578125,Number,0
942,location,Where is the shower located?,in bathroom,http://images.cocodataset.org/train2014/COCO_train2014_000000546179.jpg,0,0,0.8495226107940107,-0.5703125,The,0
943,location,Where is the cat sitting?,stump,http://images.cocodataset.org/train2014/COCO_train2014_000000524572.jpg,0,0,0.8524215628560127,-0.1982421875,The,0
944,location,Where is this?,beach,http://images.cocodataset.org/train2014/COCO_train2014_000000131373.jpg,0,0,0.8756833462949694,-1.125,It,0
945,reasoning,Why is the man on the street?,homeless,http://images.cocodataset.org/train2014/COCO_train2014_000000524314.jpg,0,0,0.6169466639734938,-0.75390625,It,0
946,reasoning,Why are the birds only appearing as black silhouettes?,shadows,http://images.cocodataset.org/train2014/COCO_train2014_000000262260.jpg,0,0,0.7862972849331049,-0.380859375,The,0
947,reasoning,Why are there so many clothes on the bed?,laundry,http://images.cocodataset.org/train2014/COCO_train2014_000000131208.jpg,0,0,0.8529975435482372,-0.92578125,It,0
948,reasoning,Why is the man cooking so many hot dogs?,party,http://images.cocodataset.org/train2014/COCO_train2014_000000524486.jpg,0,0,0.9164079713086516,-0.2470703125,The,0
949,reasoning,Why is the girl holding an umbrella?,sun,http://images.cocodataset.org/train2014/COCO_train2014_000000000036.jpg,0,0,0.8570674162975376,-0.1796875,The,0
950,reasoning,Why would someone not like the fruit at the front?,they don't like oranges,http://images.cocodataset.org/train2014/COCO_train2014_000000039288.jpg,0,0,0.8434223518347834,-1.171875,It,0
951,reasoning,Why is the top light on?,to stop traffic,http://images.cocodataset.org/train2014/COCO_train2014_000000524520.jpg,0,0,0.8575685711196557,-0.6640625,The,0
952,reasoning,Why is the man in mid-air?,snowboarding,http://images.cocodataset.org/train2014/COCO_train2014_000000524547.jpg,0,0,0.8582859917062168,-0.36328125,The,0
953,classification,What kind of room is this?,living room,http://images.cocodataset.org/train2014/COCO_train2014_000000262172.jpg,0,0,0.8612179565004968,-0.8828125,The,0
954,classification,What kind of trees are on the table?,christmas,http://images.cocodataset.org/train2014/COCO_train2014_000000458763.jpg,0,0,0.8471438149840979,-0.8046875,The,0
955,classification,What kind of food is shown?,hot dog,http://images.cocodataset.org/train2014/COCO_train2014_000000524377.jpg,0,0,0.8566181206878852,-0.10693359375,The,0
956,classification,What kind of sauce is in the largest ramekin?,butter,http://images.cocodataset.org/train2014/COCO_train2014_000000524377.jpg,0,0,0.8499186041713116,-0.86328125,I,0
957,classification,What kind of toppings are on the hot dogs?,onions,http://images.cocodataset.org/train2014/COCO_train2014_000000524377.jpg,0,0,0.8095110060587817,-0.392578125,The,0
958,classification,What kind of meat is this?,hot dog,http://images.cocodataset.org/train2014/COCO_train2014_000000524377.jpg,0,0,0.8563961713388369,-0.70703125,The,0
959,classification,What kind of potato are the fries?,sweet,http://images.cocodataset.org/train2014/COCO_train2014_000000524377.jpg,0,0,0.8560808885809471,-0.78125,The,0
960,classification,What kind of plants are these?,flowers,http://images.cocodataset.org/train2014/COCO_train2014_000000393306.jpg,0,0,0.41982382945015995,-0.890625,I,0
961,classification,What kind of aircraft is this?,cargo plane,http://images.cocodataset.org/train2014/COCO_train2014_000000393311.jpg,0,0,0.858793409368992,-0.5,The,0
962,classification,What kind of lamp is on the floor?,floor lamp,http://images.cocodataset.org/train2014/COCO_train2014_000000524386.jpg,0,0,0.43031246118503536,-0.71875,I,0
963,classification,What kind of hat is the man with the girls wearing?,baseball cap,http://images.cocodataset.org/train2014/COCO_train2014_000000131172.jpg,0,0,0.7450175828496768,-0.1748046875,The,0
964,classification,What kind of celebration is this?,birthday,http://images.cocodataset.org/train2014/COCO_train2014_000000000113.jpg,0,0,0.6201424716092057,-0.69921875,It,0
965,classification,What kind of court is at the edge of the field?,soccer,http://images.cocodataset.org/train2014/COCO_train2014_000000000149.jpg,0,0,0.855692517440397,-0.8125,I,0
966,classification,What kind of nut is shown?,peanut,http://images.cocodataset.org/train2014/COCO_train2014_000000393379.jpg,0,0,0.4150968485662077,-1.0078125,I,0
967,classification,What kind of animals are in there?,cows,http://images.cocodataset.org/train2014/COCO_train2014_000000131245.jpg,0,0,0.8579128153282252,-0.625,The,0
968,classification,What kind of siding is on this house?,tile,http://images.cocodataset.org/train2014/COCO_train2014_000000524471.jpg,0,0,0.7584759991272001,-0.88671875,It,0
969,classification,What kind of vehicle is the yellow one?,truck,http://images.cocodataset.org/train2014/COCO_train2014_000000283700.jpg,0,0,0.8395504997306018,-0.392578125,The,0
970,classification,What kind of room is this?,kitchen,http://images.cocodataset.org/train2014/COCO_train2014_000000393418.jpg,0,0,0.8608800805790502,-1.140625,The,0
971,classification,What kind of pizza is this?,cheese,http://images.cocodataset.org/train2014/COCO_train2014_000000131300.jpg,0,0,0.5625327780999724,-0.91015625,It,0
972,classification,What kind of trees are in this photo?,pine,http://images.cocodataset.org/train2014/COCO_train2014_000000393480.jpg,0,0,0.852791706507819,-0.74609375,The,0
973,classification,What kind of suit is he wearing?,swim,http://images.cocodataset.org/train2014/COCO_train2014_000000131339.jpg,0,0,0.855405682974031,-0.8046875,The,0
974,classification,What kind of passenger does the bus carry?,children,http://images.cocodataset.org/train2014/COCO_train2014_000000262415.jpg,0,0,0.8475761662585097,-0.703125,The,0
975,classification,What kind of id is that?,old id,http://images.cocodataset.org/train2014/COCO_train2014_000000393489.jpg,0,0,0.8538603544118543,-1.03125,I,0
976,classification,What kind of phone is this?,pharos,http://images.cocodataset.org/train2014/COCO_train2014_000000393489.jpg,0,0,0.8561383119371692,-0.8828125,The,0
977,classification,What kind of animal is on the beach?,horse,http://images.cocodataset.org/train2014/COCO_train2014_000000131373.jpg,0,0,0.8503353309701708,-0.68359375,The,0
978,comparison,Which hand holds the umbrella?,right,http://images.cocodataset.org/train2014/COCO_train2014_000000131101.jpg,0,0,0.8529877312797101,-0.8203125,I,0
979,comparison,Which direction is Brooklyn Ave?,north,http://images.cocodataset.org/train2014/COCO_train2014_000000131126.jpg,0,0,0.742204523349867,-1.0390625,Bro,0
980,comparison,Which hand is the man holding up?,left,http://images.cocodataset.org/train2014/COCO_train2014_000000393306.jpg,0,0,0.6110847454248054,-1.0234375,It,0
981,comparison,Which floor lamp is not lit?,one in corner,http://images.cocodataset.org/train2014/COCO_train2014_000000524386.jpg,0,0,0.8540292761142808,-0.86328125,The,0
982,comparison,Which buses are double deckers?,0,http://images.cocodataset.org/train2014/COCO_train2014_000000000149.jpg,0,0,0.5352563844162662,-0.1650390625,There,0
983,comparison,Which way can you not turn?,left,http://images.cocodataset.org/train2014/COCO_train2014_000000393419.jpg,0,0,0.8812910546570143,-0.99609375,You,0
984,comparison,Which baby is still an infant?,neither,http://images.cocodataset.org/train2014/COCO_train2014_000000131279.jpg,0,0,0.6842720075423909,-0.52734375,It,0
985,comparison,Which man is controlling the kite?,no,http://images.cocodataset.org/train2014/COCO_train2014_000000474858.jpg,0,0,0.5471147167162485,-0.859375,It,0
986,comparison,Which vehicle is the smallest?,car,http://images.cocodataset.org/train2014/COCO_train2014_000000131299.jpg,0,0,0.8503340095463853,-0.54296875,The,0
987,comparison,Which hand is the person holding the phone in?,left,http://images.cocodataset.org/train2014/COCO_train2014_000000393489.jpg,0,0,0.9247301176765182,-0.375,The,0
988,comparison,Which room is this?,bedroom,http://images.cocodataset.org/train2014/COCO_train2014_000000131352.jpg,0,0,0.9225961473626363,-0.69921875,The,0
989,comparison,Which two are actually playing?,0,http://images.cocodataset.org/train2014/COCO_train2014_000000131366.jpg,0,0,0.8942522744516023,-0.68359375,It,0
990,comparison,Which direction is the turn lane going?,right,http://images.cocodataset.org/train2014/COCO_train2014_000000262442.jpg,0,0,0.8514565065163812,-0.84765625,The,0
991,comparison,Which way is the man's hat facing?,down,http://images.cocodataset.org/train2014/COCO_train2014_000000131376.jpg,0,0,0.8459304657307728,-0.380859375,The,0
992,person identification,Who made the cock?,rolex,http://images.cocodataset.org/train2014/COCO_train2014_000000000064.jpg,0,0,0.9259565958010612,-0.77734375,I,0
993,person identification,Whose logo is on the official's chair?,wilson,http://images.cocodataset.org/train2014/COCO_train2014_000000262221.jpg,0,0,0.8549835819778387,-0.8046875,I,0
994,person identification,Who is in the photo?,zebras,http://images.cocodataset.org/train2014/COCO_train2014_000000000154.jpg,0,0,0.8523518682769204,-0.9453125,The,0
995,person identification,Who is going to eat this pizza?,people,http://images.cocodataset.org/train2014/COCO_train2014_000000000194.jpg,0,0,0.7983415982774917,-0.67578125,It,0
996,person identification,Who is the woman the picture on wall?,none,http://images.cocodataset.org/train2014/COCO_train2014_000000131312.jpg,0,0,0.41175474455268873,-0.78125,I,0
997,person identification,Who is the pilot?,man,http://images.cocodataset.org/train2014/COCO_train2014_000000000247.jpg,0,0,0.9265425870461501,-0.58203125,I,0
998,time-related,What game would you play when you saw this as a child?,tag,http://images.cocodataset.org/train2014/COCO_train2014_000000524375.jpg,0,0,0.4752337716264751,-1.140625,As,0
999,time-related,Were people moving when this picture was taken?,no,http://images.cocodataset.org/train2014/COCO_train2014_000000474858.jpg,0,0,0.8263355989748372,-0.96875,No,0
