image_id,question_type,question,ground_truth,image_url,n_clusters,n_noise,attention_entropy,token_confidence,predicted_token,cluster_count,cluster_0_n_points,cluster_0_avg_strength,cluster_1_n_points,cluster_1_avg_strength,cluster_2_n_points,cluster_2_avg_strength,cluster_3_n_points,cluster_3_avg_strength,cluster_4_n_points,cluster_4_avg_strength,cluster_5_n_points,cluster_5_avg_strength,cluster_6_n_points,cluster_6_avg_strength,cluster_0_entropy,cluster_1_entropy,cluster_2_entropy,cluster_3_entropy,cluster_4_entropy,cluster_5_entropy,cluster_6_entropy,cluster_7_n_points,cluster_7_avg_strength,cluster_8_n_points,cluster_8_avg_strength,cluster_9_n_points,cluster_9_avg_strength,cluster_7_entropy,cluster_8_entropy,cluster_9_entropy,cluster_10_n_points,cluster_10_avg_strength,cluster_10_entropy,cluster_11_n_points,cluster_11_avg_strength,cluster_11_entropy,cluster_12_n_points,cluster_12_avg_strength,cluster_13_n_points,cluster_13_avg_strength,cluster_14_n_points,cluster_14_avg_strength,cluster_12_entropy,cluster_13_entropy,cluster_14_entropy
0,object identification,What is this photo taken looking through?,net,http://images.cocodataset.org/train2014/COCO_train2014_000000458752.jpg,7,175,0.9953693839464793,-1.177734375,Net,7,89.0,0.002191001194703016,42.0,0.002134554400584345,27.0,0.002187076238065921,29.0,0.0021618789003305873,41.0,0.0021591191205334163,17.0,0.002168265255699211,15.0,0.002129535000603419,0.9385532162916382,0.9267142997036244,0.9303268625291959,0.94532734544673,0.9558339147320556,0.926262155095312,0.9018972358711528,,,,,,,,,,,,,,,,,,,,,,,,
1,object identification,What is this man riding on?,skateboard,http://images.cocodataset.org/train2014/COCO_train2014_000000393227.jpg,10,188,0.9701288981720592,-0.05364990234375,Sk,10,26.0,0.003722993207165388,48.0,0.0034061992126963553,24.0,0.0034945624250927298,24.0,0.003449425918602435,16.0,0.003659655369497503,205.0,0.003426964800512009,18.0,0.0035291872649528466,0.9986351928244434,0.969613256645819,0.9553810531234105,0.9745411476764104,0.954434002924965,0.9844008166662254,0.9435794406736079,12.0,0.003581994027448026,15.0,0.0033101967979631275,12.0,0.0031823799003270425,0.8112781244591328,0.9877812438119247,0.9206198357143051,,,,,,,,,,,,,,,
2,object identification,What is this person doing?,skiing,http://images.cocodataset.org/train2014/COCO_train2014_000000393230.jpg,3,260,0.9592898953360816,-0.71923828125,The,3,38.0,0.005979076695688321,21.0,0.004191479136630519,6.0,0.003130027789966359,,,,,,,,,0.9765110569681832,0.9785395778702867,0.9182958340544896,,,,,,,,,,,,,,,,,,,,,,,,,,,,
3,object identification,What is this?,bear,http://images.cocodataset.org/train2014/COCO_train2014_000000137045.jpg,3,282,0.9232972530020597,-1.1015625,Bear,3,23.0,0.005504748475283005,24.0,0.010239741225797948,49.0,0.009490188704427869,,,,,,,,,0.974497831240431,0.966465823449233,0.9516712087894449,,,,,,,,,,,,,,,,,,,,,,,,,,,,
4,object identification,What is this device?,refrigerator,http://images.cocodataset.org/train2014/COCO_train2014_000000131113.jpg,6,179,0.9988905024177704,-0.302001953125,Re,6,15.0,0.0018600395609308512,15.0,0.0018600395609308512,23.0,0.0018721544320594748,15.0,0.0018626388336543433,42.0,0.0018724046726011777,129.0,0.0018688166399878582,,,0.7835807040488099,0.7835807040488099,0.8851529531815774,0.9877812438119247,0.8458827827874528,0.8715516718540417,,,,,,,,,,,,,,,,,,,,,,,,,
5,object identification,What is this animal?,elephant,http://images.cocodataset.org/train2014/COCO_train2014_000000262204.jpg,5,120,0.9867824681353452,-0.020721435546875,Ele,5,139.0,0.0025477282218593204,176.0,0.0025236921769157985,40.0,0.0025310372312813776,25.0,0.0025579970059579436,21.0,0.002531555535142358,,,,,0.964073763957806,0.9281673214710631,0.9754441691958968,0.9697352853986261,0.9420864622689729,,,,,,,,,,,,,,,,,,,,,,,,,,
6,object identification,What is this person wearing on head?,hat,http://images.cocodataset.org/train2014/COCO_train2014_000000000086.jpg,4,229,0.9964507991116593,-0.27978515625,Hat,4,73.0,0.0020824618442165208,15.0,0.002035376241226857,101.0,0.002066162140047459,6.0,0.0020082059815397088,,,,,,,0.9697190208335855,0.9949490477321437,0.9562543450334109,1.0,,,,,,,,,,,,,,,,,,,,,,,,,,,
7,object identification,What is this man laying on?,surfboard,http://images.cocodataset.org/train2014/COCO_train2014_000000471373.jpg,6,244,0.997958812758579,-0.05572509765625,Sur,6,27.0,0.0021729653984490535,16.0,0.0021696011626798815,57.0,0.002164141173480733,42.0,0.0021318066919896704,20.0,0.002110931096921758,17.0,0.002178623283869919,,,0.9168740213914223,0.8950145145731531,0.952376962004857,0.9751373247579936,0.9372305632161296,0.6722948170756379,,,,,,,,,,,,,,,,,,,,,,,,,
8,object identification,What is this person holding?,hot dog,http://images.cocodataset.org/train2014/COCO_train2014_000000393428.jpg,10,173,0.9872736187529071,-0.20458984375,Hot,10,17.0,0.0026103884413844858,292.0,0.0026677564137794936,42.0,0.00266004401806401,16.0,0.0026969311702054774,17.0,0.0026195689119709316,35.0,0.0025932302378215283,37.0,0.002621674913133806,0.9770358764490155,0.9408659451042726,0.9449742286548782,1.0,0.6722948170756379,0.9198380805033344,0.9871132593856683,34.0,0.002618225428470474,17.0,0.0026175536867202483,16.0,0.002685511560451608,0.9817720041379431,0.9770358764490155,1.0,,,,,,,,,,,,,,,
9,object identification,What is this person standing on?,sand,http://images.cocodataset.org/train2014/COCO_train2014_000000474858.jpg,10,88,0.9939893287472947,-0.321533203125,Sand,10,23.0,0.0023988244484295677,15.0,0.0023368813485566135,127.0,0.002813004581077085,11.0,0.002666060301880903,17.0,0.0026354810019022373,11.0,0.0025339166602464797,40.0,0.0025760592621847022,0.9435232932310379,0.9473080736174853,0.9720820425475409,0.9940302114769565,0.932718552659954,0.9056185178648963,0.9459856468538564,12.0,0.0024742858030938407,7.0,0.0024840155168691686,44.0,0.0029286646236761026,0.9358932809493993,0.863120568566631,0.9888078552842768,,,,,,,,,,,,,,,
10,object identification,What is this cake made with?,chocolate,http://images.cocodataset.org/train2014/COCO_train2014_000000393445.jpg,1,104,0.9993036987820529,-0.1402587890625,Ch,1,16.0,0.0017845984162702792,,,,,,,,,,,,,0.954434002924965,,,,,,,,,,,,,,,,,,,,,,,,,,,,,,
11,object identification,What is this person doing?,snowboarding,http://images.cocodataset.org/train2014/COCO_train2014_000000524551.jpg,8,296,0.9968544226792794,-0.75634765625,The,8,17.0,0.002136596118157686,15.0,0.002207652640435866,17.0,0.0021071934192839555,72.0,0.0021616020245609443,15.0,0.002187103420889669,37.0,0.0021682503750532767,20.0,0.0021589176670526585,0.9967828263127351,0.9182958340544896,0.932718552659954,0.9797712660424107,0.9967916319816366,0.9719344776998713,0.9976834773764093,17.0,0.002138556298082601,,,,,0.9878171319090819,,,,,,,,,,,,,,,,,
12,other,What position is this man playing?,pitcher,http://images.cocodataset.org/train2014/COCO_train2014_000000458752.jpg,0,1152,1.0000000000000069,-0.121337890625,P,0,,,,,,,,,,,,,,,,,,,,,,,,,,,,,,,,,,,,,,,,,,,,,
13,other,What is the person doing?,skiing,http://images.cocodataset.org/train2014/COCO_train2014_000000262146.jpg,6,193,0.9799045007909518,-0.49609375,The,6,15.0,0.0033107046597771737,150.0,0.003243942866202564,18.0,0.0032436834291809,18.0,0.003231192017026755,37.0,0.003382497817573702,16.0,0.0038458835992562818,,,1.0,0.9800981053212598,0.977342973473178,0.9955380299191112,0.9867413814626288,0.8194483718728035,,,,,,,,,,,,,,,,,,,,,,,,,
14,other,What is in the person's hand?,frisbee,http://images.cocodataset.org/train2014/COCO_train2014_000000524291.jpg,7,223,0.952817874481336,-1.6845703125,A,7,26.0,0.0045553737043098775,24.0,0.004225768321513004,16.0,0.004122340425531915,24.0,0.004255319148936172,16.0,0.00440307328605201,25.0,0.004520094562647756,29.0,0.004410206244395535,0.9563658998837449,0.9252801481639047,0.9248008763572906,0.808014151084447,0.9320201587042914,0.8198746470064715,0.965701438886599,,,,,,,,,,,,,,,,,,,,,,,,
15,other,Is the dog looking at a tennis ball or frisbee?,frisbee,http://images.cocodataset.org/train2014/COCO_train2014_000000524291.jpg,0,484,0.9994526015418934,-1.13671875,F,0,,,,,,,,,,,,,,,,,,,,,,,,,,,,,,,,,,,,,,,,,,,,,
16,other,What is the white streak?,contrail,http://images.cocodataset.org/train2014/COCO_train2014_000000393221.jpg,5,201,0.9986497472987322,-1.9736328125,The,5,58.0,0.001834876309575711,22.0,0.001830405864341097,55.0,0.0018294455464758848,17.0,0.0018288053345657418,16.0,0.0018271547882349058,,,,,0.9281957285578685,0.9849226290193991,0.8779186173385731,0.8846148739279867,0.8194483718728035,,,,,,,,,,,,,,,,,,,,,,,,,,
17,other,What is the child doing?,brushing teeth,http://images.cocodataset.org/train2014/COCO_train2014_000000393223.jpg,0,0,0.0,-0.49462890625,The,0,,,,,,,,,,,,,,,,,,,,,,,,,,,,,,,,,,,,,,,,,,,,,
18,other,What is the business man doing in the picture?,frowning,http://images.cocodataset.org/train2014/COCO_train2014_000000393224.jpg,0,0,0.0,-0.87158203125,The,0,,,,,,,,,,,,,,,,,,,,,,,,,,,,,,,,,,,,,,,,,,,,,
19,other,What is the man riding on?,motorcycle,http://images.cocodataset.org/train2014/COCO_train2014_000000131084.jpg,9,222,0.9979396300460077,-0.669921875,D,9,24.0,0.00195550647617733,30.0,0.0019662425901641866,30.0,0.0019662425901641866,46.0,0.0019665093259154127,18.0,0.0019555064761773303,10.0,0.0019463040927600248,34.0,0.0019487400177822518,0.0,0.9877812438119247,0.9877812438119247,0.9300167775596904,0.9656336071428252,0.9709505944546686,0.8739810481273578,16.0,0.001949754986541514,16.0,0.001958382220995238,,,0.8112781244591328,0.886859507142915,,,,,,,,,,,,,,,,
20,other,What is on the pillow?,gray,http://images.cocodataset.org/train2014/COCO_train2014_000000131074.jpg,1,124,0.9988413653695952,-1.349609375,P,1,22.0,0.001850788354186457,,,,,,,,,,,,,0.9940302114769565,,,,,,,,,,,,,,,,,,,,,,,,,,,,,,
21,other,What is sitting on the bench?,purse,http://images.cocodataset.org/train2014/COCO_train2014_000000131074.jpg,2,202,0.8900846731327836,-0.927734375,Pur,2,16.0,0.007785612748765524,89.0,0.010995532854618547,,,,,,,,,,,0.9822177815287605,0.955492099876355,,,,,,,,,,,,,,,,,,,,,,,,,,,,,
22,other,What is the man doing?,skiing,http://images.cocodataset.org/train2014/COCO_train2014_000000393230.jpg,8,167,0.9654063421681897,-0.49462890625,The,8,28.0,0.003259260459245783,28.0,0.0036861733123243934,90.0,0.00358339976052857,25.0,0.0035094904728393385,17.0,0.003641707894689859,31.0,0.004043622144684082,33.0,0.004006755006498192,0.9546376694145866,0.9642747495647357,0.9741910465834747,0.9606389616258703,0.8919296718389884,0.9563105902868927,0.9804147862121301,18.0,0.0037484579070226807,,,,,0.9081700569267039,,,,,,,,,,,,,,,,,
23,other,What is the person wearing?,skis,http://images.cocodataset.org/train2014/COCO_train2014_000000393230.jpg,3,184,0.9991668833865947,-1.544921875,The,3,86.0,0.0018721844662648516,61.0,0.0018701337900866072,18.0,0.001870024547716446,,,,,,,,,0.939502774705141,0.8305697366491538,0.9910760598382222,,,,,,,,,,,,,,,,,,,,,,,,,,,,
24,other,What is she holding?,poles,http://images.cocodataset.org/train2014/COCO_train2014_000000393230.jpg,5,227,0.9941092479708582,-0.63818359375,Ski,5,16.0,0.002226999681541257,85.0,0.0021361957807461127,46.0,0.002212469266106896,51.0,0.002210437521010706,35.0,0.002186839238993624,,,,,0.8620485698650454,0.9520334622751733,0.954928169962496,0.9605655806293716,0.9337764614692843,,,,,,,,,,,,,,,,,,,,,,,,,,
25,other,What is the dog riding on?,surfboard,http://images.cocodataset.org/train2014/COCO_train2014_000000131087.jpg,3,274,0.9974147364092559,-0.1016845703125,Sur,3,20.0,0.0021581083870375896,18.0,0.0021902162695227397,16.0,0.002178749168635185,,,,,,,,,0.8173454221465103,0.8527924884900404,0.9886994082884974,,,,,,,,,,,,,,,,,,,,,,,,,,,,
26,other,What is in the water?,dog,http://images.cocodataset.org/train2014/COCO_train2014_000000131087.jpg,6,186,0.8831104394692321,-0.355712890625,Sur,6,25.0,0.012794714747780605,16.0,0.013742171908333907,15.0,0.015773174592251048,5.0,0.006166127589291859,4.0,0.004129103296400798,24.0,0.03478196040648726,,,0.9730265235413916,0.9362025230160499,0.8983958159908182,0.9709505944546686,1.0,0.8653251365268717,,,,,,,,,,,,,,,,,,,,,,,,,
27,other,"What does the green light, on the TV, indicate?",on,http://images.cocodataset.org/train2014/COCO_train2014_000000131075.jpg,8,273,0.9807962735408833,-0.92041015625,The,8,18.0,0.0029877137568563514,15.0,0.003002077425124957,16.0,0.0030807149710462417,20.0,0.0031171990422334305,17.0,0.0028395611135584708,25.0,0.00312106237369878,15.0,0.003201470613208348,0.952437502577629,0.9654013672997089,0.949701216438411,0.8927376486136671,0.9856676426534905,0.9396936940957177,0.8443536850036224,33.0,0.003083139201892068,,,,,0.9622607854879222,,,,,,,,,,,,,,,,,
28,other,What room of the house is this?,office,http://images.cocodataset.org/train2014/COCO_train2014_000000131075.jpg,4,129,0.9953887058606213,-0.42578125,Office,4,382.0,0.002303365264939122,34.0,0.00234321608637856,17.0,0.002218107330961375,12.0,0.0022418749449170773,,,,,,,0.9370894678122894,0.8646018696342279,0.9856676426534905,0.8734790278701756,,,,,,,,,,,,,,,,,,,,,,,,,,,
29,other,What is the size of the TV?,large,http://images.cocodataset.org/train2014/COCO_train2014_000000131075.jpg,4,270,0.998655051954039,-0.5,Lar,4,37.0,0.001836405745889368,105.0,0.0018401503963308612,31.0,0.0018399242471740054,41.0,0.001835918373389473,,,,,,,0.9448538353301538,0.9513403718825235,0.7706290693639405,0.9119337960078768,,,,,,,,,,,,,,,,,,,,,,,,,,,
30,other,How big is the TV?,very big,http://images.cocodataset.org/train2014/COCO_train2014_000000131075.jpg,1,129,0.9992770804085964,-0.7822265625,Lar,1,16.0,0.002459180333830321,,,,,,,,,,,,,0.8194483718728035,,,,,,,,,,,,,,,,,,,,,,,,,,,,,,
31,other,What companion object to the TV can be seen in the bottom right of the picture?,laptop,http://images.cocodataset.org/train2014/COCO_train2014_000000131075.jpg,4,162,0.9818756144508344,-0.59033203125,La,4,99.0,0.005444530679356165,21.0,0.006554059101992027,15.0,0.006417544503080067,19.0,0.006286856528840183,,,,,,,0.9632846213116083,0.8522643192882268,0.8616157143988104,0.9462035592964384,,,,,,,,,,,,,,,,,,,,,,,,,,,
32,other,What is the small computer on the left called?,laptop,http://images.cocodataset.org/train2014/COCO_train2014_000000131075.jpg,3,128,0.9695582684810242,-0.759765625,La,3,246.0,0.005950714196531338,16.0,0.004875298337462128,20.0,0.005137971169392274,,,,,,,,,0.9678297829978264,0.9056390622295665,0.8862106770924657,,,,,,,,,,,,,,,,,,,,,,,,,,,,
33,other,What is above the TV?,vent,http://images.cocodataset.org/train2014/COCO_train2014_000000131075.jpg,5,219,0.9816622223717695,-0.400634765625,Project,5,31.0,0.002799703004478579,59.0,0.002676430465238211,36.0,0.0026566920240868345,20.0,0.002721741680105556,20.0,0.0026694521819870002,,,,,0.9798574870755274,0.9770314889132166,0.9834113017225415,0.9074899102582407,1.0,,,,,,,,,,,,,,,,,,,,,,,,,,
34,other,What is on the display?,document,http://images.cocodataset.org/train2014/COCO_train2014_000000131075.jpg,8,216,0.9266853208724568,-1.2939453125,Out,8,19.0,0.005990078681735577,22.0,0.005142831746799641,16.0,0.004662586705028591,81.0,0.0074738076124555115,17.0,0.006532150072565041,25.0,0.009882950715879992,30.0,0.006427492356333124,0.9427556840016251,0.9737865837049762,0.9954133073923868,0.9506528851910147,0.925613407948596,0.9085622848793937,0.965209520043887,16.0,0.01081458648062736,,,,,0.9886994082884974,,,,,,,,,,,,,,,,,
35,other,Is it a monitor or a screen projection?,screen projection,http://images.cocodataset.org/train2014/COCO_train2014_000000131075.jpg,2,229,0.9622316021031769,-0.76123046875,Screen,2,44.0,0.006955286017373199,36.0,0.007559078232790252,,,,,,,,,,,0.9339919002440186,0.9164988161310741,,,,,,,,,,,,,,,,,,,,,,,,,,,,,
36,other,What is on the TV screen?,computer,http://images.cocodataset.org/train2014/COCO_train2014_000000131075.jpg,7,219,0.9314808000297616,-1.1357421875,Out,7,48.0,0.005302805365004606,23.0,0.005124799123935525,91.0,0.006856368777122341,17.0,0.006428369238552388,25.0,0.008914262311866494,35.0,0.0061306147523000195,16.0,0.009767072796150305,0.9732484478963532,0.9766815055062298,0.9576319064783356,0.925613407948596,0.9085622848793937,0.9527710679781886,0.9886994082884974,,,,,,,,,,,,,,,,,,,,,,,,
37,other,What is the title of the presentation in the picture?,outlook web app,http://images.cocodataset.org/train2014/COCO_train2014_000000131075.jpg,10,210,0.9506906510965499,-0.65673828125,Out,10,73.0,0.004555215702260972,24.0,0.005010800701391308,103.0,0.005718462179641523,15.0,0.006836753387675724,17.0,0.0060023502079909205,2.0,0.0024037348483170835,15.0,0.005542682398983746,0.9708477599078515,0.9807765320912628,0.9605542351160842,0.9182958340544896,0.8846148739279867,0.0,0.8830374409547587,26.0,0.006847283858599933,40.0,0.005391593370201337,17.0,0.007494707413552644,0.9162116854111507,0.9549704071500047,0.9975025463691153,,,,,,,,,,,,,,,
38,other,What is the man playing?,wii,http://images.cocodataset.org/train2014/COCO_train2014_000000524311.jpg,4,185,0.989198512465064,-0.35302734375,W,4,123.0,0.003928055671704834,18.0,0.003434069635433532,17.0,0.0031689803008032795,6.0,0.002414973575255667,,,,,,,0.9548625355552914,0.9081700569267039,0.925613407948596,0.9182958340544896,,,,,,,,,,,,,,,,,,,,,,,,,,,
39,other,What does the man have on his face?,glasses,http://images.cocodataset.org/train2014/COCO_train2014_000000524311.jpg,0,0,0.0,-0.35498046875,G,0,,,,,,,,,,,,,,,,,,,,,,,,,,,,,,,,,,,,,,,,,,,,,
40,other,What is in front of the giraffes?,tree,http://images.cocodataset.org/train2014/COCO_train2014_000000000025.jpg,4,233,0.9995900804694565,-1.154296875,Tree,4,31.0,0.0017879916747860275,34.0,0.0017898615978594783,28.0,0.001790052699887864,24.0,0.0017870746932788552,,,,,,,0.8893117242442141,0.790742732331392,0.9285249215482253,0.8112781244591328,,,,,,,,,,,,,,,,,,,,,,,,,,,
41,other,What do these giraffes have in common?,eating,http://images.cocodataset.org/train2014/COCO_train2014_000000000025.jpg,11,170,0.9990303144050613,-1.37890625,They,11,25.0,0.001835328758215242,30.0,0.0018389047884695587,16.0,0.0018345035204642458,16.0,0.0018464694678536884,72.0,0.0018328071984205299,25.0,0.0018313015979903805,25.0,0.001828858894247433,0.823675907222497,0.9930639563238245,0.8112781244591328,0.8387794678549646,0.934669041716249,0.9949956408022633,0.9548163081079344,44.0,0.0018246756890660208,15.0,0.001830487363409398,11.0,0.0018228751703365735,0.914662676981347,0.9877812438119247,0.9713067383178076,11.0,0.0018338283259407033,0.9940302114769565,,,,,,,,,,,,
42,other,What is the giraffe standing behind?,tree,http://images.cocodataset.org/train2014/COCO_train2014_000000000025.jpg,3,75,0.9965534563471107,-0.6728515625,Tree,3,449.0,0.0021164056701477502,47.0,0.0020594316509171887,16.0,0.0020603624077562524,,,,,,,,,0.9039259693394461,0.9911341653355019,0.8194483718728035,,,,,,,,,,,,,,,,,,,,,,,,,,,,
43,other,What is on the ground next to the giraffe on the right?,log,http://images.cocodataset.org/train2014/COCO_train2014_000000000025.jpg,4,320,0.9972186058642634,-0.91357421875,Log,4,17.0,0.0019782233756289857,18.0,0.002004522084556384,15.0,0.0020008575103615837,15.0,0.001984489078958137,,,,,,,0.9429842044464151,0.9915323997298832,0.0,0.9446232142545791,,,,,,,,,,,,,,,,,,,,,,,,,,,
44,other,How is the man sitting?,cross legged,http://images.cocodataset.org/train2014/COCO_train2014_000000524314.jpg,1,310,0.9508406368949615,-1.5029296875,S,1,28.0,0.00811022083251905,,,,,,,,,,,,,0.9620871761502205,,,,,,,,,,,,,,,,,,,,,,,,,,,,,,
45,other,"What does the word in the upper-left corner, behind the window, translate to in English?",automatic,http://images.cocodataset.org/train2014/COCO_train2014_000000524314.jpg,5,262,0.9849434178692317,-0.7265625,Autom,5,72.0,0.004279774100645927,26.0,0.003782005960983465,24.0,0.004873401664625485,28.0,0.005366173637131806,16.0,0.004589519659090471,,,,,0.9418441904006869,0.9205473661494111,0.8430574374588383,0.9143901321670581,0.8620485698650454,,,,,,,,,,,,,,,,,,,,,,,,,,
46,other,What type of watercraft is that?,raft,http://images.cocodataset.org/train2014/COCO_train2014_000000262171.jpg,4,219,0.9948414663159015,-0.72802734375,Bo,4,171.0,0.002287978802860355,19.0,0.0022523190519719966,12.0,0.002235515931424086,15.0,0.0022168019400871917,,,,,,,0.9342692737865382,0.9720048748581784,0.9358932809493993,0.9161314485121342,,,,,,,,,,,,,,,,,,,,,,,,,,,
47,other,What is the vase sitting on?,railing,http://images.cocodataset.org/train2014/COCO_train2014_000000000030.jpg,0,1152,1.0000000000000069,-1.18359375,F,0,,,,,,,,,,,,,,,,,,,,,,,,,,,,,,,,,,,,,,,,,,,,,
48,other,Is the sun to the right or left of this flower?,left,http://images.cocodataset.org/train2014/COCO_train2014_000000000030.jpg,1,224,0.9962357885125127,-0.63720703125,Left,1,23.0,0.0021873346863547378,,,,,,,,,,,,,0.9092514936535562,,,,,,,,,,,,,,,,,,,,,,,,,,,,,,
49,other,What is the zebra eating?,grass,http://images.cocodataset.org/train2014/COCO_train2014_000000240304.jpg,0,44,0.9994104771898874,-1.3359375,Gr,0,,,,,,,,,,,,,,,,,,,,,,,,,,,,,,,,,,,,,,,,,,,,,
50,other,What is the tree covered with?,wire,http://images.cocodataset.org/train2014/COCO_train2014_000000240304.jpg,4,300,0.9936811830155035,-0.50244140625,Le,4,26.0,0.002258570146092046,85.0,0.002227055911188046,18.0,0.0021893905679790282,15.0,0.002170368396564412,,,,,,,0.9236658308516223,0.9741006632501585,0.977342973473178,0.9446232142545791,,,,,,,,,,,,,,,,,,,,,,,,,,,
51,other,What is the animal eating?,grass,http://images.cocodataset.org/train2014/COCO_train2014_000000000034.jpg,0,1152,1.0000000000000069,-0.2154541015625,Gr,0,,,,,,,,,,,,,,,,,,,,,,,,,,,,,,,,,,,,,,,,,,,,,
52,other,How old is animal?,10 years,http://images.cocodataset.org/train2014/COCO_train2014_000000000034.jpg,12,224,0.9953227971756896,-0.9033203125,Young,12,69.0,0.0021626733189437537,16.0,0.0021006199613408144,7.0,0.0021033560753517377,57.0,0.0021878750433199576,15.0,0.0021438561752549776,27.0,0.0021349858651258866,30.0,0.002142598965945343,0.9478061240158323,0.9886085007312412,0.863120568566631,0.9599865486271771,0.9189900464321514,0.978535424197746,0.9340666504173057,21.0,0.0021475829028513955,17.0,0.0021459453613136355,10.0,0.002081938616755457,0.91874241485597,0.9603948809345499,0.9602297178607612,18.0,0.0021354223961361765,0.9915323997298832,19.0,0.0021627308571272605,0.9649618403823442,,,,,,,,,
53,other,What is the man holding?,knife,http://images.cocodataset.org/train2014/COCO_train2014_000000393251.jpg,7,195,0.9849646085566586,-1.681640625,Kn,7,282.0,0.002699513594712976,24.0,0.002694793437231866,21.0,0.002684539985896844,16.0,0.0026964246681260755,73.0,0.002628650376316032,14.0,0.002568489559423178,11.0,0.0025675574274836304,0.9324604770197668,1.0,0.9584114221179829,1.0,0.9717947348890998,0.9751060324573735,0.9922150607220183,,,,,,,,,,,,,,,,,,,,,,,,
54,other,What is the man cutting?,cake,http://images.cocodataset.org/train2014/COCO_train2014_000000393251.jpg,1,214,0.9972484232151256,-0.0655517578125,C,1,21.0,0.001996361044612773,,,,,,,,,,,,,0.9110594625551636,,,,,,,,,,,,,,,,,,,,,,,,,,,,,,
55,other,What is the fruit?,banana,http://images.cocodataset.org/train2014/COCO_train2014_000000262180.jpg,6,298,0.9945611367735838,-0.051605224609375,Ban,6,28.0,0.0024128631132522187,40.0,0.0022454604409857344,21.0,0.002219511525607506,15.0,0.0022952394677427097,31.0,0.0022604818952252116,39.0,0.0022975859227480503,,,0.9988520869152713,0.987279131679887,0.9722983600493944,0.8443536850036222,0.9725148269419542,0.8651425125127883,,,,,,,,,,,,,,,,,,,,,,,,,
56,other,What is the name of the type of person that would make this food?,chef,http://images.cocodataset.org/train2014/COCO_train2014_000000262180.jpg,9,315,0.9975587107714633,-0.31201171875,Che,9,17.0,0.0020035996875742866,9.0,0.0020056578279826825,17.0,0.0020112269137936385,15.0,0.0020029822454517665,19.0,0.00201936071017543,32.0,0.00201334369607029,19.0,0.0020032747180361173,0.9363348190250749,0.9182958340544896,0.9967828263127351,0.9018972358711528,0.8899149938380799,0.9760643898199118,0.9258628921382102,23.0,0.0020195726468307577,28.0,0.0020329281883939396,,,0.9982526816976661,0.9508516318093154,,,,,,,,,,,,,,,,
57,other,What type of ice cream is on the plate?,vanilla,http://images.cocodataset.org/train2014/COCO_train2014_000000262180.jpg,9,296,0.9992546894425499,-0.88427734375,Van,9,22.0,0.0018952309564200201,21.0,0.0018874033050222836,17.0,0.0018801097757199224,132.0,0.0018832807419528134,16.0,0.001874057159389143,35.0,0.0018818926384382762,33.0,0.0018752965375271168,0.9643787017331666,0.0,0.6722948170756379,0.6273849227755914,0.9755307720176266,0.7619232034436991,0.7381297735780009,23.0,0.0018811139572905368,15.0,0.0018773004162849387,,,0.8359625449963989,0.9018972358711528,,,,,,,,,,,,,,,,
58,other,Is this an indoor or outdoor photo?,outdoor,http://images.cocodataset.org/train2014/COCO_train2014_000000524325.jpg,1,88,0.9967219131056966,-0.05572509765625,Out,1,20.0,0.0020625256986722905,,,,,,,,,,,,,1.0,,,,,,,,,,,,,,,,,,,,,,,,,,,,,,
59,other,What's missing from this hot dog?,mustard,http://images.cocodataset.org/train2014/COCO_train2014_000000043697.jpg,4,226,0.9990842369331523,-1.3447265625,K,4,16.0,0.0018218881175531146,38.0,0.0018191906998606823,11.0,0.0018199342695471598,16.0,0.0018181682915417773,,,,,,,0.9772170014624824,0.9279081769370418,0.9922150607220183,0.886859507142915,,,,,,,,,,,,,,,,,,,,,,,,,,,
60,other,What is the hog dog sitting on?,bun,http://images.cocodataset.org/train2014/COCO_train2014_000000043697.jpg,5,202,0.9977583910964999,-1.255859375,P,5,16.0,0.001896115835440128,16.0,0.001896115835440128,16.0,0.0018943202712020221,18.0,0.001895317806889859,28.0,0.001896115835440129,,,,,0.0,0.0,0.8112781244591328,0.5032583347756457,0.0,,,,,,,,,,,,,,,,,,,,,,,,,,
61,other,What is the sky full of?,clouds,http://images.cocodataset.org/train2014/COCO_train2014_000000262184.jpg,2,155,0.9995578474826103,-0.07501220703125,Cloud,2,24.0,0.001817306920196076,49.0,0.0018216194662810208,,,,,,,,,,,0.6500224216483541,0.9852281360342515,,,,,,,,,,,,,,,,,,,,,,,,,,,,,
62,other,What is the color of the carpet?,brown,http://images.cocodataset.org/train2014/COCO_train2014_000000131113.jpg,2,259,0.8461368047803325,-1.2978515625,Blue,2,52.0,0.014602213872810901,26.0,0.01315682001284588,,,,,,,,,,,0.9738670217077267,0.9439287762440044,,,,,,,,,,,,,,,,,,,,,,,,,,,,,
63,other,What shape are the windows on the side of the plane?,square,http://images.cocodataset.org/train2014/COCO_train2014_000000262187.jpg,5,206,0.9990077019731819,-1.3544921875,Rect,5,82.0,0.0018432580658967594,15.0,0.0018310894938801067,15.0,0.0018640978406230815,15.0,0.0018448753328139374,16.0,0.0018538070031090953,,,,,0.9321387045137665,0.944623214254579,0.8443536850036222,0.9543063494363562,0.875,,,,,,,,,,,,,,,,,,,,,,,,,,
64,other,What is the website on the sign?,wmatacom,http://images.cocodataset.org/train2014/COCO_train2014_000000262191.jpg,0,228,0.9921010425516528,-1.466796875,w,0,,,,,,,,,,,,,,,,,,,,,,,,,,,,,,,,,,,,,,,,,,,,,
65,other,What is the bear called?,teddy,http://images.cocodataset.org/train2014/COCO_train2014_000000262191.jpg,12,259,0.9783166617611195,-0.25,Ted,12,43.0,0.0029949176649365205,15.0,0.002971777674480376,66.0,0.0029834167426305005,21.0,0.0029546007924386294,21.0,0.0029485294350159222,69.0,0.002972770869363117,21.0,0.0029596602569575536,0.9989834163601553,0.9709505944546686,0.9957995077102636,0.9182958340544896,0.9937866610055328,0.9775503608072462,0.9803153789223941,67.0,0.002933020665977502,97.0,0.002945034753337902,18.0,0.0029129866967704814,0.9658281267231187,0.9279347891310311,0.9182958340544896,15.0,0.002902361821280741,0.9967916319816366,20.0,0.0028899661332093757,1.0,,,,,,,,,
66,other,What type of tree is the man standing next to?,elm,http://images.cocodataset.org/train2014/COCO_train2014_000000524338.jpg,8,181,0.9959569074182463,-1.0263671875,Oak,8,16.0,0.0020336413327919673,104.0,0.0020409078837835683,17.0,0.0020243225187691265,15.0,0.0020180731610194885,122.0,0.002044318079641453,21.0,0.002051131777030251,29.0,0.0020399943122624557,0.954434002924965,0.9726814190880247,0.9771236998460402,0.9189900464321514,0.8980880681009121,0.9937866610055328,0.8420384869622277,54.0,0.0020415949213859496,,,,,0.8288713632524444,,,,,,,,,,,,,,,,,
67,other,What pattern is on the pants?,stripes,http://images.cocodataset.org/train2014/COCO_train2014_000000213863.jpg,8,294,0.993379990077059,-0.12078857421875,St,8,178.0,0.0020213799217019494,22.0,0.00202127753285677,22.0,0.00202127753285677,38.0,0.0020210110823532263,20.0,0.002021480035239464,20.0,0.002021480035239464,20.0,0.002021480035239464,0.26451736836297474,0.4394969869215134,0.4394969869215134,0.7424875695421236,0.0,0.0,0.0,22.0,0.00202127753285677,,,,,0.4394969869215134,,,,,,,,,,,,,,,,,
68,other,What sport is this person playing?,baseball,http://images.cocodataset.org/train2014/COCO_train2014_000000213863.jpg,1,185,0.9873005538959693,-0.01178741455078125,Baseball,1,289.0,0.002511004189974685,,,,,,,,,,,,,0.9605176498197495,,,,,,,,,,,,,,,,,,,,,,,,,,,,,,
69,other,What is the position of the player behind the batter called?,catcher,http://images.cocodataset.org/train2014/COCO_train2014_000000213863.jpg,2,160,0.993869477815675,-0.06402587890625,C,2,242.0,0.0032240117644888014,15.0,0.0031308909572826367,,,,,,,,,,,0.9689398345181169,0.9018972358711528,,,,,,,,,,,,,,,,,,,,,,,,,,,,,
70,other,What are they drinking?,beer,http://images.cocodataset.org/train2014/COCO_train2014_000000393268.jpg,10,151,0.9991548703362901,-0.1492919921875,Be,10,42.0,0.0019112258882538853,24.0,0.0018966042332876501,135.0,0.0018851544881695627,20.0,0.0018899693271552565,16.0,0.0018824642693989432,17.0,0.0018938082313784358,17.0,0.00189626513008127,0.899788699998318,0.8653251365268717,0.9133034311829793,0.9372305632161296,0.9886085007312413,0.9967828263127351,0.8739810481273578,49.0,0.0018957229827909745,42.0,0.0018922690135899046,29.0,0.001898520817252406,0.9461818777106994,0.8851951427681007,0.8420384869622277,,,,,,,,,,,,,,,
71,other,What brand of beer is visible?,sierra nevada,http://images.cocodataset.org/train2014/COCO_train2014_000000393268.jpg,0,126,0.9990180018027833,-1.6103515625,P,0,,,,,,,,,,,,,,,,,,,,,,,,,,,,,,,,,,,,,,,,,,,,,
72,other,What logo is on the man's shirt?,nike,http://images.cocodataset.org/train2014/COCO_train2014_000000131127.jpg,6,133,0.9884565482332254,-0.268310546875,N,6,97.0,0.0029563956540637325,15.0,0.003522803143438862,58.0,0.0035490963617979404,21.0,0.0033869563981603853,22.0,0.0033905360965500123,4.0,0.002305558111388714,,,0.9607969891262882,0.8649735207179273,0.9221932139697115,0.8889330869177119,0.8870666226667561,1.0,,,,,,,,,,,,,,,,,,,,,,,,,
73,other,What direction is the bird looking?,right,http://images.cocodataset.org/train2014/COCO_train2014_000000262201.jpg,3,293,0.997879439831844,-1.099609375,Right,3,18.0,0.0019943464613356924,83.0,0.0020023280260107073,15.0,0.0019894906612559185,,,,,,,,,0.7642045065086203,0.8568956744306394,0.9967916319816366,,,,,,,,,,,,,,,,,,,,,,,,,,,,
74,other,What time of day is it?,morning,http://images.cocodataset.org/train2014/COCO_train2014_000000370986.jpg,7,182,0.9975169274013816,-1.189453125,Af,7,33.0,0.0018913341420790696,65.0,0.0018939942477201373,52.0,0.0018918124476727612,64.0,0.001890081692827487,30.0,0.0018902700029506247,30.0,0.0018827202821517668,26.0,0.001879065300875821,0.883201085253722,0.7509410052934259,0.7768588836772262,0.8483185858984019,0.9286028014534383,0.9654013672997089,0.7793498372920851,,,,,,,,,,,,,,,,,,,,,,,,
75,other,What type of plane is this?,propeller,http://images.cocodataset.org/train2014/COCO_train2014_000000131133.jpg,5,203,0.9989362611383771,-1.6298828125,Small,5,147.0,0.0018835594789744492,15.0,0.001881434337765117,17.0,0.001865030705419521,19.0,0.001862670156061327,15.0,0.001876492483969862,,,,,0.8809722783521172,0.8830374409547587,0.8726389366057714,0.8614856395892379,0.9602297178607612,,,,,,,,,,,,,,,,,,,,,,,,,,
76,other,What is in the picture?,clock,http://images.cocodataset.org/train2014/COCO_train2014_000000000064.jpg,7,134,0.999104372507693,-1.3427734375,C,7,19.0,0.0018889155974248107,27.0,0.0018826165615156434,36.0,0.0018956512001791677,41.0,0.0018739966480313952,38.0,0.001876707317432539,31.0,0.0018703655301618046,18.0,0.0018760992421838828,0.8580597279744429,0.9008197382654823,0.0,0.9005076321154571,0.9943036614169108,0.6990551571554704,0.7642045065086203,,,,,,,,,,,,,,,,,,,,,,,,
77,other,What time is the clock showing?,6:10,http://images.cocodataset.org/train2014/COCO_train2014_000000000064.jpg,0,216,0.9956554387178163,-0.1903076171875,,0,,,,,,,,,,,,,,,,,,,,,,,,,,,,,,,,,,,,,,,,,,,,,
78,other,What are the vases sitting on?,table,http://images.cocodataset.org/train2014/COCO_train2014_000000458763.jpg,8,235,0.9988555663063415,-0.65966796875,Table,8,56.0,0.0019037425648763893,15.0,0.0018978938934021137,15.0,0.0019049122991712435,18.0,0.001939809372301082,25.0,0.0018900566736265861,17.0,0.0018887768466922148,16.0,0.0018850999245521379,0.9621241327960893,0.9500685975366211,0.9018972358711528,0.9910760598382222,0.8521747830210411,0.9770358764490155,0.8194483718728035,16.0,0.0018757786043900125,,,,,0.9592101522724051,,,,,,,,,,,,,,,,,
79,other,What is the table made of?,wood,http://images.cocodataset.org/train2014/COCO_train2014_000000458763.jpg,3,123,0.9937213189898167,-0.1346435546875,Wood,3,94.0,0.002873910715435772,93.0,0.003047851615127818,15.0,0.0026358346788610282,,,,,,,,,0.94561516262818,0.9462794298261291,0.9161314485121343,,,,,,,,,,,,,,,,,,,,,,,,,,,,
80,other,What is the green stuff on this pizza?,spinach,http://images.cocodataset.org/train2014/COCO_train2014_000000567990.jpg,8,177,0.8769519475803259,-0.6162109375,Bro,8,23.0,0.005878762277951781,15.0,0.007385673136963953,26.0,0.006156449216266457,75.0,0.009410421856221093,123.0,0.007596598791075034,29.0,0.010594852301586443,22.0,0.009950210796877506,0.9656642397714295,0.9602297178607612,0.9586439858163117,0.9373341344729175,0.9548923738774066,0.9684709375574955,0.9741707427017494,21.0,0.009678748796630852,,,,,0.9937866610055328,,,,,,,,,,,,,,,,,
81,other,Is it thick or thin crust?,thick,http://images.cocodataset.org/train2014/COCO_train2014_000000567990.jpg,1,54,0.9629413762759541,-0.00685882568359375,Th,1,17.0,0.02566273219814241,,,,,,,,,,,,,0.8091970544181966,,,,,,,,,,,,,,,,,,,,,,,,,,,,,,
82,other,What is the orange thing?,bag,http://images.cocodataset.org/train2014/COCO_train2014_000000393286.jpg,9,322,0.9935940030406085,-0.26904296875,Ban,9,34.0,0.0023385002161581342,15.0,0.0022726832011479765,29.0,0.002292074696038318,10.0,0.002335511644592682,15.0,0.002300606953790067,39.0,0.002359000214300879,15.0,0.0022763029468608397,0.945031226911602,1.0,0.9600464684307715,0.7219280948873623,0.9654013672997089,0.9607196766482259,0.9877812438119247,21.0,0.0023701947183108344,20.0,0.0023756520390156885,,,0.9803153789223941,0.9197173235750931,,,,,,,,,,,,,,,,
83,other,Is this train headed towards or from the orange building?,from,http://images.cocodataset.org/train2014/COCO_train2014_000000000071.jpg,4,270,0.9879163304565117,-0.7451171875,Tow,4,21.0,0.004606038278634111,16.0,0.0034877453311772735,17.0,0.004594373974581115,16.0,0.0043755350518405785,,,,,,,0.8667775371761242,0.9362025230160499,0.9038817882085971,0.8980898459737487,,,,,,,,,,,,,,,,,,,,,,,,,,,
84,other,What is the giraffe eating?,leaves,http://images.cocodataset.org/train2014/COCO_train2014_000000000072.jpg,0,1152,1.0000000000000069,-0.448486328125,Le,0,,,,,,,,,,,,,,,,,,,,,,,,,,,,,,,,,,,,,,,,,,,,,
85,other,What is on the woman's neck?,necklace,http://images.cocodataset.org/train2014/COCO_train2014_000000393290.jpg,4,194,0.9975397789801639,-0.2481689453125,Ne,4,55.0,0.0021285028182446374,43.0,0.0020700727666369146,17.0,0.0020907313864675205,4.0,0.0020604309315911803,,,,,,,0.5807982910246503,0.6702220044015215,0.8846148739279867,0.0,,,,,,,,,,,,,,,,,,,,,,,,,,,
86,other,What item is folded up and sitting on the edge of the shower stall?,towel,http://images.cocodataset.org/train2014/COCO_train2014_000000393291.jpg,6,140,0.9994510926704449,-0.81787109375,Tow,6,20.0,0.0017816076000452693,35.0,0.0017827210190010272,30.0,0.0017812161239740656,22.0,0.00178192789864898,15.0,0.0017824973183889125,25.0,0.0017816716597660119,,,0.9416915491145067,0.7587453606327068,0.9634437908666316,0.874587334195005,0.9500685975366211,0.9143172867352866,,,,,,,,,,,,,,,,,,,,,,,,,
87,other,What pattern is on the shower curtain?,solid,http://images.cocodataset.org/train2014/COCO_train2014_000000393291.jpg,2,130,0.9992935494060782,-0.434814453125,St,2,64.0,0.0018637902554054294,288.0,0.0018585846908251806,,,,,,,,,,,0.9730583746960446,0.9475817049084464,,,,,,,,,,,,,,,,,,,,,,,,,,,,,
88,other,What are the colors of the countertop?,brown,http://images.cocodataset.org/train2014/COCO_train2014_000000393291.jpg,7,215,0.9925402911980113,-0.94677734375,White,7,130.0,0.0024317225504629494,19.0,0.0023686840652805247,19.0,0.002383077792337252,8.0,0.0023295592980990595,15.0,0.002493482040597813,17.0,0.0023984413641047505,16.0,0.00233763941306045,0.9635884858001184,0.9892422967543257,0.9656476401164373,1.0,0.7835807040488099,0.9038817882085972,0.9618974703476992,,,,,,,,,,,,,,,,,,,,,,,,
89,other,What is the person on the right called?,referee,http://images.cocodataset.org/train2014/COCO_train2014_000000262221.jpg,3,102,0.9667218895884063,-0.771484375,Ref,3,449.0,0.0032496928376073327,43.0,0.003293660811614867,72.0,0.0032362657120790102,,,,,,,,,0.9431023285540584,0.9465112677087412,0.9718727922658995,,,,,,,,,,,,,,,,,,,,,,,,,,,,
90,other,What time does the clock say?,8:00,http://images.cocodataset.org/train2014/COCO_train2014_000000000078.jpg,0,37,0.9988640978951848,-0.17626953125,,0,,,,,,,,,,,,,,,,,,,,,,,,,,,,,,,,,,,,,,,,,,,,,
91,other,What is the last letter over the plane?,e,http://images.cocodataset.org/train2014/COCO_train2014_000000000081.jpg,6,170,0.9989876157079588,-1.4931640625,L,6,24.0,0.0018316859328754125,16.0,0.001831685932875412,26.0,0.0018480095879995367,37.0,0.0018398361504409436,22.0,0.001841839402569844,18.0,0.001844095729168606,,,0.0,0.0,0.6254181156238111,0.911274816211769,0.9940302114769565,0.9910760598382222,,,,,,,,,,,,,,,,,,,,,,,,,
92,other,What is the number on the mailbox?,24,http://images.cocodataset.org/train2014/COCO_train2014_000000000086.jpg,0,2,0.9933351881826894,-0.0855712890625,,0,,,,,,,,,,,,,,,,,,,,,,,,,,,,,,,,,,,,,,,,,,,,,
93,other,What are the animals doing?,grazing,http://images.cocodataset.org/train2014/COCO_train2014_000000524375.jpg,0,0,0.0,-0.72802734375,The,0,,,,,,,,,,,,,,,,,,,,,,,,,,,,,,,,,,,,,,,,,,,,,
94,other,What breed of livestock is shown?,sheep,http://images.cocodataset.org/train2014/COCO_train2014_000000524375.jpg,0,96,0.9952004863097841,-0.102783203125,She,0,,,,,,,,,,,,,,,,,,,,,,,,,,,,,,,,,,,,,,,,,,,,,
95,other,What language is the sign written in?,spanish,http://images.cocodataset.org/train2014/COCO_train2014_000000131160.jpg,4,182,0.9996261014422506,-0.63623046875,English,4,61.0,0.0017804793670429678,65.0,0.0017720651233932851,17.0,0.001766344324918647,12.0,0.001769960879395651,,,,,,,0.8702643756182887,0.9211524609267149,0.9975025463691153,0.9808340377961403,,,,,,,,,,,,,,,,,,,,,,,,,,,
96,other,How has the cheese been prepared?,melted,http://images.cocodataset.org/train2014/COCO_train2014_000000524377.jpg,3,160,0.9987912057637337,-1.1298828125,M,3,99.0,0.0019410719235877971,17.0,0.0018949811522035033,26.0,0.0018662984345962448,,,,,,,,,0.9694701602477371,0.9503435562077924,0.9910386727156582,,,,,,,,,,,,,,,,,,,,,,,,,,,,
97,other,What is the cutting board used for in this scene?,plate,http://images.cocodataset.org/train2014/COCO_train2014_000000524377.jpg,4,106,0.9992670070731458,-1.3642578125,C,4,24.0,0.0018231706761228448,26.0,0.0018224694566320284,16.0,0.0018208917127776915,82.0,0.001825171717108833,,,,,,,0.0,0.39124356362925566,0.8112781244591328,0.6037479667132386,,,,,,,,,,,,,,,,,,,,,,,,,,,
98,other,Of what meal is this kind of food typical?,lunch,http://images.cocodataset.org/train2014/COCO_train2014_000000524377.jpg,4,176,0.9993071718685862,-0.2462158203125,L,4,40.0,0.0018469091867668393,38.0,0.0018443944975130595,18.0,0.0018452616317384996,32.0,0.0018483507974166344,,,,,,,0.8534739433956113,0.2974722489192896,0.0,0.8620485698650454,,,,,,,,,,,,,,,,,,,,,,,,,,,
99,other,What type of food is shown?,hot dog,http://images.cocodataset.org/train2014/COCO_train2014_000000524377.jpg,9,170,0.9882950004867378,-0.9345703125,Hot,9,18.0,0.002477197122497706,107.0,0.0024387750774928782,20.0,0.0024021399029507066,25.0,0.0024215991820925207,99.0,0.0024569484898810025,18.0,0.0024833746714316156,284.0,0.0024621556609209522,0.9910760598382222,0.9504014374921127,0.9703227248076731,0.9934804071359582,0.9467130859257452,1.0,0.9323433150568028,16.0,0.002461753250162933,30.0,0.0024477508059127383,,,1.0,0.7987084225518546,,,,,,,,,,,,,,,,
100,other,What is the topping on the hot dog?,peppers,http://images.cocodataset.org/train2014/COCO_train2014_000000524377.jpg,2,123,0.989987613529682,-0.303466796875,On,2,236.0,0.0033699341575334973,8.0,0.0023928388179334636,,,,,,,,,,,0.9788791843261307,0.9463946303571862,,,,,,,,,,,,,,,,,,,,,,,,,,,,,
101,other,What topping is on the hot dog?,onions,http://images.cocodataset.org/train2014/COCO_train2014_000000524377.jpg,2,101,0.9900187896282128,-0.259521484375,On,2,236.0,0.003358246954492162,8.0,0.002379859112340549,,,,,,,,,,,0.9777375888003984,0.9463946303571862,,,,,,,,,,,,,,,,,,,,,,,,,,,,,
102,other,What is in the small container?,butter,http://images.cocodataset.org/train2014/COCO_train2014_000000524377.jpg,7,281,0.9980926904705172,-0.91064453125,May,7,24.0,0.001893371272179798,80.0,0.0019057092535931896,30.0,0.0019010133214488743,17.0,0.0018939594452956152,16.0,0.0019122978427994748,45.0,0.0019058461438838368,24.0,0.001901941794724557,0.8848616689990428,0.8935568344025465,0.9824567505740444,0.9967828263127351,1.0,0.9770113454669221,0.9808340377961404,,,,,,,,,,,,,,,,,,,,,,,,
103,other,What are the components of this dish?,butter,http://images.cocodataset.org/train2014/COCO_train2014_000000524377.jpg,0,34,0.9995381648729948,-1.6298828125,"
",0,,,,,,,,,,,,,,,,,,,,,,,,,,,,,,,,,,,,,,,,,,,,,
104,other,How delicious does this look?,very,http://images.cocodataset.org/train2014/COCO_train2014_000000524377.jpg,1,243,0.9971458428040352,-0.6748046875,Very,1,28.0,0.00193043134903515,,,,,,,,,,,,,0.8120406807941002,,,,,,,,,,,,,,,,,,,,,,,,,,,,,,
105,other,What two vegetables are in the white bowl?,none,http://images.cocodataset.org/train2014/COCO_train2014_000000524377.jpg,9,166,0.9994444342611797,-1.34375,On,9,17.0,0.001809227736541337,117.0,0.001814814978296931,16.0,0.0018159082649528507,43.0,0.001814681911457698,49.0,0.0018138073946384534,22.0,0.0018190357893117985,17.0,0.0018161036020409068,0.9771236998460401,0.9000077305850942,0.8950145145731531,0.8647150574098528,0.9705803427739507,0.8453509366224364,0.9360847109776411,74.0,0.0018141455853052807,27.0,0.0018110427798247268,,,0.8525448138086923,0.8669320582058664,,,,,,,,,,,,,,,,
106,other,What type of filling is in the dish on the bottom left?,mayonnaise,http://images.cocodataset.org/train2014/COCO_train2014_000000524377.jpg,7,221,0.9988807833476665,-2.3203125,On,7,29.0,0.0018117094769001456,36.0,0.0018117715637389119,15.0,0.0018089807603363813,23.0,0.0018117519928875605,18.0,0.0018104211749957512,6.0,0.0018074953327189064,23.0,0.001809814478603898,0.9001795585455602,0.9524375025776289,0.8830374409547587,0.9224409677146628,0.977342973473178,0.9182958340544896,0.9321883810995899,,,,,,,,,,,,,,,,,,,,,,,,
107,other,What is the yellow stuff in a bowl?,butter,http://images.cocodataset.org/train2014/COCO_train2014_000000524377.jpg,5,340,0.9977312185234676,-0.92431640625,Must,5,28.0,0.0019227837545715235,15.0,0.0019219071807403778,31.0,0.0019268986109710249,7.0,0.0019141323519771699,24.0,0.0019239969835697038,,,,,0.9840134433076082,1.0,0.9563105902868927,0.863120568566631,0.9558902111251072,,,,,,,,,,,,,,,,,,,,,,,,,,
108,other,What is the hot dog sitting on top of?,bun,http://images.cocodataset.org/train2014/COCO_train2014_000000524377.jpg,1,116,0.9994856789696076,-0.292236328125,Bun,1,48.0,0.001792818831024545,,,,,,,,,,,,,0.954434002924965,,,,,,,,,,,,,,,,,,,,,,,,,,,,,,
109,other,What are the orange things?,sweet potato fries,http://images.cocodataset.org/train2014/COCO_train2014_000000524377.jpg,2,123,0.9899573919044096,-0.469970703125,On,2,240.0,0.003362324843453903,8.0,0.0024026349275935786,,,,,,,,,,,0.9779934640938419,0.9463946303571862,,,,,,,,,,,,,,,,,,,,,,,,,,,,,
110,other,Are the carrots diced or cut long ways?,long ways,http://images.cocodataset.org/train2014/COCO_train2014_000000524377.jpg,4,91,0.9986453910862421,-0.88525390625,C,4,15.0,0.0018789113696362433,19.0,0.001874276239129444,23.0,0.0018755880685181615,73.0,0.0018851482498167577,,,,,,,0.9500685975366211,0.7424875695421236,0.9570850556153867,0.8514928222232888,,,,,,,,,,,,,,,,,,,,,,,,,,,
111,other,What is in the cup?,mayo,http://images.cocodataset.org/train2014/COCO_train2014_000000524377.jpg,7,288,0.9980813470174349,-1.07421875,May,7,26.0,0.0018963645312430658,83.0,0.0019063189021943816,30.0,0.001901503865154478,17.0,0.0018956826205073626,17.0,0.0019129057373748221,46.0,0.0019054945112547462,25.0,0.0019035849917759615,0.9439287762440044,0.9347743525213635,0.9824567505740444,0.9256134079485958,0.9975025463691153,0.8786544052274113,0.9661190960509454,,,,,,,,,,,,,,,,,,,,,,,,
112,other,What is the orange root called?,sweet potato,http://images.cocodataset.org/train2014/COCO_train2014_000000524377.jpg,5,394,0.9916409510385669,-0.53955078125,Car,5,23.0,0.002560765785959302,16.0,0.002389165230975062,35.0,0.002468190110304894,21.0,0.0025140041105180884,20.0,0.002473064432344356,,,,,0.940725014049597,0.9414280318460245,0.9699004261075989,0.9937866610055328,0.9008047485295136,,,,,,,,,,,,,,,,,,,,,,,,,,
113,other,What is the blackened meat on the bread?,hot dog,http://images.cocodataset.org/train2014/COCO_train2014_000000524377.jpg,9,169,0.9882398375073241,-0.57958984375,Hot,9,18.0,0.0024851506797750316,107.0,0.0024431031929912123,20.0,0.0024071156337186136,25.0,0.002424895376644081,101.0,0.0024581679222127084,18.0,0.0024879184934236756,278.0,0.002466177964364259,0.9910760598382222,0.9235606591282766,0.9703227248076731,0.9934804071359582,0.8691314880857961,1.0,0.925210028710199,16.0,0.002464565065763252,29.0,0.0024513046137353794,,,1.0,0.7952855406299332,,,,,,,,,,,,,,,,
114,other,What is on the sandwich?,hot dog,http://images.cocodataset.org/train2014/COCO_train2014_000000524377.jpg,2,123,0.9900213949621333,-0.384765625,On,2,238.0,0.0033573582506429907,8.0,0.0023864572537138904,,,,,,,,,,,0.9778826752372455,0.9463946303571862,,,,,,,,,,,,,,,,,,,,,,,,,,,,,
115,other,What animal is on the plate?,pig,http://images.cocodataset.org/train2014/COCO_train2014_000000524377.jpg,8,400,0.9962883558224304,-0.26318359375,Dog,8,17.0,0.0019842152562129078,15.0,0.0019833793998065676,12.0,0.0019790248575606317,15.0,0.0019769621796546628,19.0,0.001995731342354594,25.0,0.001993921975770411,21.0,0.001989993065473326,0.96039488093455,0.9189900464321514,0.9206198357143051,0.8830374409547587,0.9980008838722996,0.7219280948873623,0.9424257960378288,15.0,0.0019916301114304437,,,,,0.9182958340544896,,,,,,,,,,,,,,,,,
116,other,What is on the hotdog?,onions,http://images.cocodataset.org/train2014/COCO_train2014_000000524377.jpg,2,174,0.920980090615953,-0.37744140625,On,2,278.0,0.006362805433745405,17.0,0.008778600859121593,,,,,,,,,,,0.9719671937072555,0.9975025463691153,,,,,,,,,,,,,,,,,,,,,,,,,,,,,
117,other,What two vegetables can be seen on the pizza?,none,http://images.cocodataset.org/train2014/COCO_train2014_000000524377.jpg,9,140,0.9994820865539699,-0.6279296875,On,9,16.0,0.0017963697824808938,29.0,0.0018031989296357122,30.0,0.0018005095042132081,31.0,0.0018036828431093669,154.0,0.001802453865945928,15.0,0.0017993337252596513,28.0,0.0018018812463256903,0.9320201587042914,0.8464745117152447,0.9666164230148087,0.8783979055359579,0.9733241088720678,0.9877812438119247,0.9821410328348752,32.0,0.0018046369782480892,66.0,0.001800634208041616,,,0.9886085007312413,0.9178161027597831,,,,,,,,,,,,,,,,
118,other,What condiment is on the potatoes?,butter,http://images.cocodataset.org/train2014/COCO_train2014_000000524377.jpg,7,295,0.9980517995076604,-1.052734375,May,7,24.0,0.00190043461082576,85.0,0.0019093658798960108,30.0,0.0019032567590449852,17.0,0.001897014831218935,16.0,0.0019134164926341935,45.0,0.001907872539243538,25.0,0.0019047920076762433,0.9558902111251072,0.8766275046458699,0.9824567505740444,0.9256134079485958,1.0,0.9770113454669221,0.989944918526303,,,,,,,,,,,,,,,,,,,,,,,,
119,other,What sauces are shown?,butter,http://images.cocodataset.org/train2014/COCO_train2014_000000524377.jpg,6,280,0.9990250003638332,-1.51953125,Must,6,16.0,0.0018583109008192041,15.0,0.0018581718398920824,55.0,0.0018611770007067614,16.0,0.0018582513032790091,20.0,0.001864687837620065,15.0,0.0018638932037507985,,,0.9886085007312413,0.9543063494363562,0.8984773613980177,0.9965119062478288,0.9372305632161296,0.9182958340544896,,,,,,,,,,,,,,,,,,,,,,,,,
120,other,What is mainly featured?,hot dog,http://images.cocodataset.org/train2014/COCO_train2014_000000524377.jpg,9,170,0.9885059458528395,-0.91357421875,Hot,9,18.0,0.00246421707041447,107.0,0.0024265263318630267,20.0,0.0023918744802756027,26.0,0.0024104433880278464,100.0,0.0024440525252894495,18.0,0.002470309078005111,283.0,0.002448836365737736,0.9910760598382222,0.8975339810246752,0.9703227248076731,0.9892410142019504,0.9238877399729628,1.0,0.9117896266569352,16.0,0.002447464049540205,30.0,0.0024359907685778314,,,1.0,0.7987084225518546,,,,,,,,,,,,,,,,
121,other,What is the pattern on the vase?,floral,http://images.cocodataset.org/train2014/COCO_train2014_000000393306.jpg,4,250,0.999353418549462,-0.98291015625,Flor,4,78.0,0.0019067730815813182,30.0,0.0018695454975901763,19.0,0.0018619643802908795,16.0,0.0018529732801028725,,,,,,,0.9788740658741532,0.9809464023464665,0.9892422967543257,0.9772170014624825,,,,,,,,,,,,,,,,,,,,,,,,,,,
122,other,What is the primary color of the bathroom?,yellow,http://images.cocodataset.org/train2014/COCO_train2014_000000262159.jpg,9,277,0.996925918115593,-0.6904296875,Y,9,48.0,0.002012194248533128,18.0,0.0020129775953847896,18.0,0.0020080537008886293,25.0,0.0020118495759183955,118.0,0.0020193050653536616,21.0,0.002010867354886435,19.0,0.002021529622667594,0.9464427089777406,0.9915323997298832,1.0,0.9568830873849072,0.8779580527731434,0.978033486181519,0.858059727974443,15.0,0.002013246171448216,34.0,0.002014794433460913,,,0.9189900464321514,0.9636396664235356,,,,,,,,,,,,,,,,
123,other,What is printed on the orange sign?,pizza,http://images.cocodataset.org/train2014/COCO_train2014_000000000094.jpg,6,129,0.9658777009437939,-2.275390625,Peace,6,144.0,0.005495036757154296,35.0,0.004762505942021332,54.0,0.005192526262386398,43.0,0.0056270458910842,25.0,0.006603482636415284,16.0,0.004825315845003742,,,0.9801856347867175,0.9046915453994842,0.9544622973417617,0.9181591956124054,0.9085622848793937,0.8980898459737487,,,,,,,,,,,,,,,,,,,,,,,,,
124,other,What is the name of the hotel?,peace way,http://images.cocodataset.org/train2014/COCO_train2014_000000000094.jpg,6,132,0.977486840780364,-1.7021484375,Peace,6,145.0,0.004918679853323292,34.0,0.004197540612486444,53.0,0.004585408854813298,45.0,0.004883331848645228,26.0,0.0059377411255972365,16.0,0.004295664529395805,,,0.9808630388800381,0.9148212685648547,0.9579915118309678,0.9161702341941589,0.9010228122187913,0.8980898459737487,,,,,,,,,,,,,,,,,,,,,,,,,
125,other,What mode of transportation is pictured?,car,http://images.cocodataset.org/train2014/COCO_train2014_000000000094.jpg,4,204,0.9892552875615803,-0.1785888671875,Car,4,167.0,0.0025858340912070137,62.0,0.002531614750854044,11.0,0.002475546721976641,48.0,0.0026151789713511823,,,,,,,0.9581823519142363,0.9682552098438055,0.9922150607220183,0.9944375918151409,,,,,,,,,,,,,,,,,,,,,,,,,,,
126,other,What airline is this?,everts air cargo,http://images.cocodataset.org/train2014/COCO_train2014_000000393311.jpg,2,88,0.9968610023528933,-2.435546875,Fed,2,428.0,0.0019491150561562732,142.0,0.0019462308241418231,,,,,,,,,,,0.7935539727026172,0.9173795743775933,,,,,,,,,,,,,,,,,,,,,,,,,,,,,
127,other,The plane's stand resembles what letter?,a,http://images.cocodataset.org/train2014/COCO_train2014_000000393311.jpg,2,250,0.9334884792817583,-1.466796875,E,2,16.0,0.0045765027322404355,46.0,0.006034687574245664,,,,,,,,,,,0.8620485698650454,0.9486586303348535,,,,,,,,,,,,,,,,,,,,,,,,,,,,,
128,other,What type of plane is this?,cargo,http://images.cocodataset.org/train2014/COCO_train2014_000000393311.jpg,4,292,0.9924521013606709,-0.94140625,C,4,32.0,0.0026803086008859982,32.0,0.0029224156903621644,100.0,0.0027610165898629946,37.0,0.002757538921874023,,,,,,,0.9860084778732119,0.9616827539975185,0.9565124703840273,0.9548484380977801,,,,,,,,,,,,,,,,,,,,,,,,,,,
129,other,What is written on the picture?,dutchsimba,http://images.cocodataset.org/train2014/COCO_train2014_000000393311.jpg,0,1152,1.0000000000000069,-1.77734375,"""",0,,,,,,,,,,,,,,,,,,,,,,,,,,,,,,,,,,,,,,,,,,,,,
130,other,What shipping company is represented in the scene?,everts air cargo,http://images.cocodataset.org/train2014/COCO_train2014_000000393311.jpg,2,83,0.9967369695470834,-1.0263671875,Fed,2,403.0,0.001966007371770695,111.0,0.0019628006767567195,,,,,,,,,,,0.8889871633078941,0.9358769031657796,,,,,,,,,,,,,,,,,,,,,,,,,,,,,
131,other,What airline is this plane from?,everts air cargo,http://images.cocodataset.org/train2014/COCO_train2014_000000393311.jpg,2,81,0.9968220581188798,-2.591796875,Fed,2,431.0,0.0019547331200251276,136.0,0.0019515093240658162,,,,,,,,,,,0.825783704172932,0.9284256235781713,,,,,,,,,,,,,,,,,,,,,,,,,,,,,
132,other,How does the man get down from the machine?,stairs,http://images.cocodataset.org/train2014/COCO_train2014_000000393311.jpg,9,179,0.9974147862146063,-0.9921875,Lad,9,24.0,0.001904749396146596,25.0,0.0019066882315194587,17.0,0.001900904836441393,30.0,0.0019096902991935685,69.0,0.0019085155770602216,16.0,0.0019065475095972357,16.0,0.0019065475095972348,0.8920795639257109,0.9119170469093422,0.8919296718389884,0.9127624738942024,0.8787932206564454,0.5435644431995964,0.949701216438411,49.0,0.0019071553900095628,20.0,0.0019082830799713297,,,0.9185987785412881,0.9976834773764092,,,,,,,,,,,,,,,,
133,other,What is the picture of on wall?,abstract,http://images.cocodataset.org/train2014/COCO_train2014_000000524386.jpg,2,211,0.9890083591991229,-1.7451171875,Picture,2,153.0,0.003173552772543776,185.0,0.0031363614404526473,,,,,,,,,,,0.9823594477136196,0.9623619200327587,,,,,,,,,,,,,,,,,,,,,,,,,,,,,
134,other,What is on the carpet?,rug,http://images.cocodataset.org/train2014/COCO_train2014_000000524386.jpg,0,58,0.9997255566309841,-1.2607421875,R,0,,,,,,,,,,,,,,,,,,,,,,,,,,,,,,,,,,,,,,,,,,,,,
135,other,What are the ladies doing?,texting,http://images.cocodataset.org/train2014/COCO_train2014_000000131172.jpg,0,0,0.0,-0.54296875,The,0,,,,,,,,,,,,,,,,,,,,,,,,,,,,,,,,,,,,,,,,,,,,,
136,other,What is written on the street?,nothing,http://images.cocodataset.org/train2014/COCO_train2014_000000393317.jpg,5,158,0.9175382160782443,-0.36962890625,Som,5,30.0,0.005873673091731547,23.0,0.005867590598042349,44.0,0.008132152238522601,315.0,0.0078860614405428,26.0,0.007979204262853205,,,,,0.9225403154817576,0.9203009775994394,0.9014617417907118,0.9629018141227568,0.9162116854111507,,,,,,,,,,,,,,,,,,,,,,,,,,
137,other,Urban or suburban?,urban,http://images.cocodataset.org/train2014/COCO_train2014_000000393317.jpg,0,161,0.9977173560288707,-0.14306640625,Urban,0,,,,,,,,,,,,,,,,,,,,,,,,,,,,,,,,,,,,,,,,,,,,,
138,other,What type of vehicle is on the left?,bus,http://images.cocodataset.org/train2014/COCO_train2014_000000393317.jpg,2,150,0.9976775550490219,-0.278564453125,Car,2,25.0,0.002322330097087378,79.0,0.0027910494323177115,,,,,,,,,,,0.9612922645609548,0.955377306895217,,,,,,,,,,,,,,,,,,,,,,,,,,,,,
139,other,What is being held green?,light,http://images.cocodataset.org/train2014/COCO_train2014_000000393317.jpg,8,296,0.9864948404289473,-0.8857421875,Tra,8,21.0,0.0029511429149718283,15.0,0.0032144823638741793,19.0,0.0026779525775937874,15.0,0.002832531345011677,16.0,0.0027373156351812806,15.0,0.0029398258477462717,16.0,0.0028581035642232695,0.9517619850443704,0.9967916319816366,0.9427556840016251,0.8983958159908183,0.9414280318460244,0.9018972358711528,0.985056822321508,71.0,0.003004708936035366,,,,,0.9697505273399241,,,,,,,,,,,,,,,,,
140,other,What time of day is it?,afternoon,http://images.cocodataset.org/train2014/COCO_train2014_000000393317.jpg,8,206,0.9977306188089677,-1.0478515625,Af,8,44.0,0.0019317083399489883,56.0,0.0019302536591552532,142.0,0.0019242186688826432,27.0,0.001924305231931482,23.0,0.0019198694402202546,16.0,0.001924919829578218,18.0,0.0019212322436978004,0.9741707427017496,0.9101823813017114,0.9040262970424752,0.900139352733265,0.8851529531815774,1.0,0.9656336071428251,15.0,0.0019216010022858427,,,,,0.7219280948873623,,,,,,,,,,,,,,,,,
141,other,What country name is written as the highest word on the bus?,guatemala,http://images.cocodataset.org/train2014/COCO_train2014_000000546151.jpg,1,299,0.9942717765436476,-1.6845703125,Mexico,1,48.0,0.0022073133857999474,,,,,,,,,,,,,0.961476021730383,,,,,,,,,,,,,,,,,,,,,,,,,,,,,,
142,other,What is the skier standing on?,skis,http://images.cocodataset.org/train2014/COCO_train2014_000000021826.jpg,7,229,0.9287162951402897,-0.150390625,Snow,7,49.0,0.006161944038539549,33.0,0.007312389489335695,26.0,0.008041682477597133,15.0,0.007018107164054214,48.0,0.0070975874952567235,15.0,0.005605339716084338,8.0,0.004860036778656704,0.9585837507039077,0.9837745254370537,0.9041852211335144,0.9500685975366211,0.965753257943896,0.9446232142545791,1.0,,,,,,,,,,,,,,,,,,,,,,,,
143,other,What is the person doing?,skiing,http://images.cocodataset.org/train2014/COCO_train2014_000000021826.jpg,10,178,0.9812252860803201,-0.365478515625,The,10,83.0,0.0023187463777937446,17.0,0.0023220126323179563,61.0,0.002319644699678292,15.0,0.002306896227302663,11.0,0.002315155913801129,20.0,0.0023190597153340594,33.0,0.002311123818321108,0.9390002450016159,0.9774178175281716,0.9593174979407604,0.9018972358711528,0.9940302114769565,0.9630603734213402,0.973259728348879,17.0,0.0023077817070943528,17.0,0.002321775450230896,16.0,0.0023207229547195676,0.9519839065438831,0.9770358764490155,0.949701216438411,,,,,,,,,,,,,,,
144,other,What infrastructure would one drive on to go perpendicular to the water?,boat,http://images.cocodataset.org/train2014/COCO_train2014_000000000109.jpg,6,140,0.9985270081490388,-0.91943359375,Bridge,6,193.0,0.001946118334503472,76.0,0.0019261658176801559,21.0,0.0019067021718214758,16.0,0.0019076766363045191,18.0,0.0019107083035850977,15.0,0.0018881223823447822,,,0.9149195849668127,0.8615541829990959,0.8699155297736259,0.8194483718728035,0.9955380299191111,0.7219280948873623,,,,,,,,,,,,,,,,,,,,,,,,,
145,other,What pizza topping is this?,cheese,http://images.cocodataset.org/train2014/COCO_train2014_000000000110.jpg,7,310,0.9979691507104742,-0.97412109375,Che,7,16.0,0.001994822906054411,26.0,0.0020089221226742564,34.0,0.0019874145843660337,44.0,0.0019855715238161252,46.0,0.0019884671642332484,26.0,0.0019895465121046534,28.0,0.0020017304100776313,0.9320201587042914,0.6373141746897564,0.9238599484955687,0.9231839572833348,0.9669816205202292,0.9846016942256396,0.989385327528125,,,,,,,,,,,,,,,,,,,,,,,,
146,other,What is in the vase next to the flowers?,paper,http://images.cocodataset.org/train2014/COCO_train2014_000000305853.jpg,0,1152,1.0000000000000069,-0.94580078125,P,0,,,,,,,,,,,,,,,,,,,,,,,,,,,,,,,,,,,,,,,,,,,,,
147,other,Are these flowers real or silk?,real,http://images.cocodataset.org/train2014/COCO_train2014_000000305853.jpg,2,286,0.9769097985826748,-0.83544921875,Sil,2,16.0,0.004924738219895288,22.0,0.00835532863138765,,,,,,,,,,,0.9681390622295665,0.9431887805255736,,,,,,,,,,,,,,,,,,,,,,,,,,,,,
148,other,England's Queen mother and these blooms share what syllable?,sun,http://images.cocodataset.org/train2014/COCO_train2014_000000305853.jpg,0,0,0.0,-1.68359375,S,0,,,,,,,,,,,,,,,,,,,,,,,,,,,,,,,,,,,,,,,,,,,,,
149,other,What emblem is on the cake?,words,http://images.cocodataset.org/train2014/COCO_train2014_000000000113.jpg,8,221,0.9987862806962946,-1.4814453125,An,8,19.0,0.001924861528543119,32.0,0.0019129211642567097,37.0,0.0019031305607047251,9.0,0.0018892929573248486,12.0,0.001909207299955611,16.0,0.0019344214273187522,18.0,0.0019447533308879375,0.8280516427049736,0.936672685936848,0.9783172288481629,0.9656336071428252,0.9808340377961403,0.9463946303571862,0.8288713632524445,28.0,0.0019387576148270635,,,,,0.9728320725069937,,,,,,,,,,,,,,,,,
150,other,Are they outside or in?,inside,http://images.cocodataset.org/train2014/COCO_train2014_000000000113.jpg,4,239,0.9992878181453063,-0.74853515625,Inside,4,20.0,0.0019429052395314589,91.0,0.0019409782894386947,22.0,0.0019320652693732587,18.0,0.0019779757312197517,,,,,,,0.8911143594569009,0.9331840080398253,0.9849226290193992,0.0,,,,,,,,,,,,,,,,,,,,,,,,,,,
151,other,What are the initials on the cake?,md,http://images.cocodataset.org/train2014/COCO_train2014_000000000113.jpg,7,337,0.9984455376117652,-1.5732421875,S,7,30.0,0.0019404245824301927,18.0,0.0019375469279045714,30.0,0.0019416863232606563,17.0,0.0019431199420989868,21.0,0.001955603419488412,20.0,0.001954868194568405,18.0,0.0019437449530366772,0.9862448834374756,0.9656336071428252,0.8997894607974535,0.9770358764490155,0.9424257960378288,0.9197173235750933,0.9206198357143051,,,,,,,,,,,,,,,,,,,,,,,,
152,other,What utensil is in the pan?,knife,http://images.cocodataset.org/train2014/COCO_train2014_000000262261.jpg,3,296,0.9996159420721753,-0.96044921875,Kn,3,17.0,0.001761463568891757,9.0,0.0017595516832757839,25.0,0.001760893337891179,,,,,,,,,0.6722948170756379,0.9656336071428252,0.9568830873849072,,,,,,,,,,,,,,,,,,,,,,,,,,,,
153,other,What is the red vegetable in the clear dish?,tomato,http://images.cocodataset.org/train2014/COCO_train2014_000000262261.jpg,4,196,0.9858688957936923,-0.6416015625,Tom,4,180.0,0.002826212350375698,27.0,0.002750863566413706,25.0,0.0029668377287707963,18.0,0.0031504487903465483,,,,,,,0.9739730724032345,0.9547137606401549,0.9609640474436811,1.0,,,,,,,,,,,,,,,,,,,,,,,,,,,
154,other,What tree is on the left?,evergreen,http://images.cocodataset.org/train2014/COCO_train2014_000000131190.jpg,7,192,0.9918970301257866,-1.501953125,Oak,7,139.0,0.0022741331950851,76.0,0.002267277912166844,20.0,0.0022843419948313536,15.0,0.0022908974405139466,16.0,0.002268034169568144,60.0,0.002276124605172895,23.0,0.002275658939711055,0.9371358484346376,0.9108255445050673,0.9911594714322186,0.9967916319816366,0.9965119062478288,0.9785755656672137,0.9863237070924825,,,,,,,,,,,,,,,,,,,,,,,,
155,other,What is the material right around the clock?,wood,http://images.cocodataset.org/train2014/COCO_train2014_000000131190.jpg,4,194,0.9990430961997143,-0.347412109375,Br,4,62.0,0.0019898940132489183,29.0,0.0019104785468397468,10.0,0.0019295405980899877,29.0,0.0019815727461358237,,,,,,,0.9120385572075668,0.9759457518122127,0.8649735207179273,0.919572638673244,,,,,,,,,,,,,,,,,,,,,,,,,,,
156,other,How tall is this building?,100 feet,http://images.cocodataset.org/train2014/COCO_train2014_000000131190.jpg,5,150,0.9990513247433962,-1.0634765625,T,5,32.0,0.0019063819802909423,32.0,0.0019210464570624123,2.0,0.0018770530267480056,36.0,0.0019161582981385887,20.0,0.0019239793524167058,,,,,0.954434002924965,0.3372900666170139,0.0,0.6500224216483541,0.0,,,,,,,,,,,,,,,,,,,,,,,,,,
157,other,What materials are on the roof?,shingles,http://images.cocodataset.org/train2014/COCO_train2014_000000131190.jpg,11,214,0.9989152966058703,-1.2255859375,Br,11,17.0,0.0018382170323290347,9.0,0.001840294818055641,16.0,0.0018398532885887373,33.0,0.0018385287001880263,17.0,0.0018405545412714676,17.0,0.001843827053790873,20.0,0.001840648041629165,0.8846148739279867,0.7642045065086203,0.9463946303571862,0.8905215373805756,0.9770358764490155,0.8846148739279867,0.7298466991620975,16.0,0.0018448204950914067,17.0,0.001848502071675738,23.0,0.0018424448745901305,0.8194483718728035,0.9774178175281716,0.9982526816976661,22.0,0.0018438270537908736,0.6913698302025114,,,,,,,,,,,,
158,other,What is in gold at the top of the building?,clock,http://images.cocodataset.org/train2014/COCO_train2014_000000131190.jpg,0,1152,1.0000000000000069,-0.150390625,C,0,,,,,,,,,,,,,,,,,,,,,,,,,,,,,,,,,,,,,,,,,,,,,
159,other,What are on both side of the building?,trees,http://images.cocodataset.org/train2014/COCO_train2014_000000131190.jpg,6,172,0.9966147064938415,-1.30859375,C,6,52.0,0.0020243970320607063,56.0,0.002028751066881755,32.0,0.002033219681566516,68.0,0.002031993003025604,82.0,0.0020344912385906366,32.0,0.002025399605868186,,,0.7232321872603964,0.9852281360342515,0.0,0.8609632014161859,0.8528885094689013,0.886859507142915,,,,,,,,,,,,,,,,,,,,,,,,,
160,other,What is around the tree?,building,http://images.cocodataset.org/train2014/COCO_train2014_000000131190.jpg,1,231,0.9988734731804128,-1.6015625,F,1,29.0,0.0019292800380129693,,,,,,,,,,,,,0.8495139376597031,,,,,,,,,,,,,,,,,,,,,,,,,,,,,,
161,other,What is the woman doing in this photo?,petting sheep,http://images.cocodataset.org/train2014/COCO_train2014_000000131197.jpg,8,158,0.9985561211957569,-0.98291015625,In,8,34.0,0.0019078600975249585,75.0,0.0019051809651733234,147.0,0.001905937164411974,24.0,0.0019019001632681418,27.0,0.0019067248719522312,22.0,0.0019084793114737186,24.0,0.0019067248719522314,0.5225593745369408,0.7835807040488099,0.7357489038373404,0.9358932809493993,0.6620967530389115,0.4394969869215134,0.6500224216483541,20.0,0.0019047949884785954,,,,,1.0,,,,,,,,,,,,,,,,,
162,other,What are the sheep standing on?,hay,http://images.cocodataset.org/train2014/COCO_train2014_000000131197.jpg,7,250,0.9806132118356802,-0.1561279296875,Hay,7,15.0,0.002249381893422645,4.0,0.0022304441599887773,20.0,0.0022451735082151185,24.0,0.0022427186168440623,40.0,0.0022521874835609965,16.0,0.0022488558452717035,32.0,0.002279541987409914,0.7219280948873623,0.0,0.9709505944546686,1.0,0.7854752972273343,0.8112781244591328,0.0,,,,,,,,,,,,,,,,,,,,,,,,
163,other,What is the woman feeding the animal?,hay,http://images.cocodataset.org/train2014/COCO_train2014_000000131197.jpg,9,183,0.9188155678965838,-1.2587890625,Hay,9,134.0,0.005771605633233546,55.0,0.006503682659492946,44.0,0.006169076753636974,25.0,0.006815968841285296,21.0,0.0059933004464975985,20.0,0.006668867613073623,32.0,0.006502020552381829,0.9722460089995779,0.9429734168263386,0.963601827358994,0.8662260873101202,0.9314107237997671,0.9545258142257613,0.9797843315575092,25.0,0.007069049818004017,21.0,0.0074131695797366465,,,0.9256573443248606,0.9092748525610022,,,,,,,,,,,,,,,,
164,other,What type of silverware is on the plates?,knife and spoon,http://images.cocodataset.org/train2014/COCO_train2014_000000000127.jpg,4,259,0.9996874407872948,-0.55029296875,F,4,33.0,0.001802678337350794,30.0,0.0017985051258215814,42.0,0.0017973340715659353,21.0,0.0018045946079509431,,,,,,,0.8411112331892341,0.944623214254579,0.8869661898702036,0.8907082013105602,,,,,,,,,,,,,,,,,,,,,,,,,,,
165,other,What is the man holding in his left hand?,ski pole,http://images.cocodataset.org/train2014/COCO_train2014_000000262273.jpg,9,213,0.8602764249195323,-0.6748046875,Ski,9,30.0,0.007860103061155515,15.0,0.007891648857158208,31.0,0.010541786466048378,72.0,0.007815239854935561,19.0,0.007774059120178809,39.0,0.007845650126723173,8.0,0.007528092224654601,0.9756149631508354,0.9877812438119247,0.9341706470418897,0.9779203482211044,0.9796494552648446,0.9907494626244708,0.8112781244591328,22.0,0.00765844317242299,18.0,0.009183524312506752,,,0.9666425652015439,0.9915323997298832,,,,,,,,,,,,,,,,
166,other,What is the color of the zipper?,black,http://images.cocodataset.org/train2014/COCO_train2014_000000262273.jpg,4,258,0.997006501391607,-0.7998046875,Black,4,16.0,0.0018574909745124556,158.0,0.001852362036000764,23.0,0.0018542339246377922,13.0,0.0018580337324767698,,,,,,,0.8957541375001011,0.9247114491369053,0.992638795254511,0.9957274520849255,,,,,,,,,,,,,,,,,,,,,,,,,,,
167,other,Are the boots a solid color or patterned?,patterned,http://images.cocodataset.org/train2014/COCO_train2014_000000262273.jpg,3,161,0.8478076464664511,-0.37109375,Sol,3,25.0,0.0076667103366959265,206.0,0.011728900698169304,15.0,0.007720861172976984,,,,,,,,,0.9491134984839265,0.9644305396532804,0.9543063494363562,,,,,,,,,,,,,,,,,,,,,,,,,,,,
168,other,What are the people doing in the street?,walking,http://images.cocodataset.org/train2014/COCO_train2014_000000524420.jpg,2,254,0.9989593945938845,-1.37890625,In,2,18.0,0.0019284722107840717,15.0,0.0019254525389949429,,,,,,,,,,,0.9057125980138372,0.9446232142545791,,,,,,,,,,,,,,,,,,,,,,,,,,,,,
169,other,What is floating near the bird?,ice,http://images.cocodataset.org/train2014/COCO_train2014_000000436929.jpg,2,200,0.9996881840708468,-2.455078125,A,2,16.0,0.001817050035570311,18.0,0.0018154032619292285,,,,,,,,,,,0.954434002924965,0.9910760598382222,,,,,,,,,,,,,,,,,,,,,,,,,,,,,
170,other,What brand of soda is advertised?,pepsi,http://images.cocodataset.org/train2014/COCO_train2014_000000284012.jpg,3,270,0.8008209975345036,-0.5107421875,Pe,3,153.0,0.015783776154559895,16.0,0.009809048472310875,25.0,0.01107657286996378,,,,,,,,,0.945654836633506,0.9248008763572906,0.9598206673056707,,,,,,,,,,,,,,,,,,,,,,,,,,,,
171,other,What Mexican food restaurant chain is advertised?,del taco,http://images.cocodataset.org/train2014/COCO_train2014_000000284012.jpg,2,254,0.9985438087563213,-0.9912109375,T,2,17.0,0.0018958593794762405,74.0,0.0018888642624922665,,,,,,,,,,,0.8409160494198367,0.9423357218531139,,,,,,,,,,,,,,,,,,,,,,,,,,,,,
172,other,How is the turnout?,good,http://images.cocodataset.org/train2014/COCO_train2014_000000284012.jpg,10,214,0.988333729292593,-1.0673828125,Good,10,23.0,0.0023789663353083156,21.0,0.002401651916302285,18.0,0.002379084753702765,44.0,0.0023757730756488785,37.0,0.0023829125482909426,65.0,0.0023880308079481183,120.0,0.00237108411092772,0.9650095768458276,0.9526841246715825,0.7642045065086203,0.9620899647753106,0.9402224620909643,0.9426446340268784,0.9116759819418963,31.0,0.002374955389689839,15.0,0.0023586575806600974,14.0,0.0023578794026394246,0.8116006122155476,0.9182958340544896,0.9417346261113357,,,,,,,,,,,,,,,
173,other,What is the large sculpture next to the oversized cola bottle?,building,http://images.cocodataset.org/train2014/COCO_train2014_000000284012.jpg,5,257,0.9850421827933258,-0.626953125,Pe,5,25.0,0.0040431601841651845,29.0,0.0030028626056432003,17.0,0.004443513981589021,16.0,0.0032606699997175382,10.0,0.0027041022888832397,,,,,0.9321994845362634,0.9783709286251717,0.932718552659954,0.9724056781360315,0.9854752972273344,,,,,,,,,,,,,,,,,,,,,,,,,,
174,other,What time is it?,1:50,http://images.cocodataset.org/train2014/COCO_train2014_000000000138.jpg,0,152,0.9993648315389368,-0.1885986328125,,0,,,,,,,,,,,,,,,,,,,,,,,,,,,,,,,,,,,,,,,,,,,,,
175,other,What continent might this be?,africa,http://images.cocodataset.org/train2014/COCO_train2014_000000262285.jpg,7,183,0.9980454898538031,-0.10113525390625,Africa,7,70.0,0.0019130764005656823,19.0,0.0019142485569289978,10.0,0.0019050588510406113,19.0,0.0019142485569289978,21.0,0.0019096120273141086,24.0,0.0019075705216480034,42.0,0.0019113442139398955,0.8850244705827778,0.9649618403823442,0.8649735207179273,0.9649618403823442,0.9424257960378288,0.9949671891627881,0.9092211970129529,,,,,,,,,,,,,,,,,,,,,,,,
176,other,What type of fruit is on the plate?,banana,http://images.cocodataset.org/train2014/COCO_train2014_000000000142.jpg,10,274,0.9959153495945107,-0.0157470703125,Ban,10,41.0,0.002249966394984839,22.0,0.002182835447420647,21.0,0.0022207640627591447,26.0,0.002270000517698489,15.0,0.002125712938812094,18.0,0.0022054538806856334,17.0,0.0022904895335300853,0.9775277510816233,0.9747321513897027,0.9110594625551636,0.7471240742797937,0.9664572819896988,0.9910760598382222,0.9975025463691153,16.0,0.002187082277558439,20.0,0.0021802979223590636,16.0,0.0021810732772389926,0.8903195311147832,0.9854752972273343,0.8112781244591328,,,,,,,,,,,,,,,
177,other,What is in the blue chair?,teddy bears,http://images.cocodataset.org/train2014/COCO_train2014_000000131215.jpg,5,290,0.9993000185286443,-1.03125,D,5,18.0,0.0019017600354817024,55.0,0.0018795347202993822,17.0,0.001874810104968333,18.0,0.0018793672670456825,73.0,0.0018801168261305397,,,,,0.8929352898779308,0.9352955368119683,0.8409160494198367,0.977342973473178,0.8856818509065284,,,,,,,,,,,,,,,,,,,,,,,,,,
178,other,What type of footwear is the person wearing?,socks,http://images.cocodataset.org/train2014/COCO_train2014_000000131215.jpg,3,197,0.9978091468168897,-1.08203125,So,3,19.0,0.0019414757298178507,17.0,0.0019448787231043582,19.0,0.0019414757298178516,,,,,,,,,0.9258628921382102,0.8409160494198367,0.9258628921382102,,,,,,,,,,,,,,,,,,,,,,,,,,,,
179,other,What are the animals doing?,eating,http://images.cocodataset.org/train2014/COCO_train2014_000000000144.jpg,0,0,0.0,-0.69580078125,The,0,,,,,,,,,,,,,,,,,,,,,,,,,,,,,,,,,,,,,,,,,,,,,
180,other,What type of animal is in the picture?,giraffe,http://images.cocodataset.org/train2014/COCO_train2014_000000000144.jpg,9,246,0.9464222351084516,-0.0277252197265625,G,9,16.0,0.007773276846260711,17.0,0.005209087665272021,26.0,0.00657152460428894,15.0,0.004370412144720614,18.0,0.006020855589637309,5.0,0.0033085285392681443,27.0,0.0058382201681468565,0.8957541375001011,0.9429842044464151,0.9663243931957521,0.9473080736174851,0.9535998353544741,0.9709505944546686,0.9250476377446205,16.0,0.007750925021664076,19.0,0.006891239460255019,,,0.7743974703476992,0.899507835327561,,,,,,,,,,,,,,,,
181,other,What does the front of the bus say at the top?,special,http://images.cocodataset.org/train2014/COCO_train2014_000000131225.jpg,11,168,0.8727638817442895,-0.364013671875,Special,11,144.0,0.00803583894421233,55.0,0.006627484914168542,31.0,0.008927842176357868,65.0,0.008300964891295672,16.0,0.007392878459460308,24.0,0.009244599419889216,43.0,0.009050137381202328,0.9732035636923232,0.9445773952491437,0.9824483084128176,0.9469451511312565,0.886859507142915,0.9952467469708335,0.955721069493129,16.0,0.009187596205195867,16.0,0.0069711462947255965,17.0,0.00559242073985376,0.9886994082884974,0.8348683589017413,0.9664022887695614,18.0,0.010357176514937332,1.0,,,,,,,,,,,,
182,other,What direction are the animals heading?,right,http://images.cocodataset.org/train2014/COCO_train2014_000000000154.jpg,4,316,0.9983947878321627,-1.19921875,Right,4,15.0,0.0019300179385765856,49.0,0.0019288270323366326,22.0,0.0019372876793612057,16.0,0.0019248849121442006,,,,,,,0.7219280948873623,0.8606536876217237,0.9456603046006401,0.886859507142915,,,,,,,,,,,,,,,,,,,,,,,,,,,
183,other,Is the zebra walking or standing still?,walking,http://images.cocodataset.org/train2014/COCO_train2014_000000000154.jpg,6,215,0.9631674048680623,-0.11529541015625,Walk,6,15.0,0.005361707087610626,32.0,0.007738154706896124,23.0,0.006385397854810386,25.0,0.0071044284037265525,16.0,0.00536534955166471,17.0,0.007503353515645089,,,0.9543063494363562,0.9444732877807365,0.9230756314524025,0.9069758075430853,0.9886085007312412,0.9770358764490155,,,,,,,,,,,,,,,,,,,,,,,,,
184,other,Number of animals?,3,http://images.cocodataset.org/train2014/COCO_train2014_000000000154.jpg,1,156,0.9954138249903937,-0.0167388916015625,,1,21.0,0.002111732412124228,,,,,,,,,,,,,0.5916727785823275,,,,,,,,,,,,,,,,,,,,,,,,,,,,,,
185,other,What is on the plate?,cupcake,http://images.cocodataset.org/train2014/COCO_train2014_000000393375.jpg,6,105,0.8062708867968688,-0.42333984375,Cup,6,205.0,0.011743985734349666,25.0,0.008586119567163798,44.0,0.014983976781449342,17.0,0.008978296493701729,8.0,0.00934678058888235,23.0,0.011987636429156937,,,0.9680362445026552,0.9491134984839265,0.9344467407532037,0.9078505748471365,0.954434002924965,0.9375221328852416,,,,,,,,,,,,,,,,,,,,,,,,,
186,other,What are the pink pieces of paper called?,post-its,http://images.cocodataset.org/train2014/COCO_train2014_000000393375.jpg,8,124,0.9996334151375015,-0.56494140625,Post,8,30.0,0.0017849617581201097,16.0,0.0017821215280398525,72.0,0.0017845293355473388,24.0,0.0017847258912622333,64.0,0.0017823057990225691,20.0,0.001782917578685184,16.0,0.0017821215280398523,0.9031194643266948,0.886859507142915,0.8218041123359033,0.9276942711037669,0.6550281244591329,0.8649735207179273,0.886859507142915,20.0,0.0017845686466903161,,,,,0.9709505944546686,,,,,,,,,,,,,,,,,
187,other,What is the green stuff?,broccoli,http://images.cocodataset.org/train2014/COCO_train2014_000000393379.jpg,10,175,0.9978797096473679,-0.049560546875,Bro,10,216.0,0.001947781114447775,25.0,0.0019523809523809524,29.0,0.001952691607864021,53.0,0.0019467412156091407,44.0,0.0019495144495144494,66.0,0.0019445175695175694,21.0,0.0019442912300055154,0.8123568159811294,0.8554508105601306,0.362051251733998,0.9469050578459955,0.9741707427017496,0.9028988636094895,0.9095134728820529,15.0,0.0019498069498069496,18.0,0.0019550800800800803,42.0,0.001950228289514005,0.9709505944546686,0.9910760598382222,0.730243829715843,,,,,,,,,,,,,,,
188,other,Is this a finger food or dish?,dish,http://images.cocodataset.org/train2014/COCO_train2014_000000393379.jpg,0,242,0.9969700920613914,-0.1514892578125,D,0,,,,,,,,,,,,,,,,,,,,,,,,,,,,,,,,,,,,,,,,,,,,,
189,other,What ICING IS USED ON THIS CAKE?,vanilla,http://images.cocodataset.org/train2014/COCO_train2014_000000262308.jpg,1,180,0.9992845964838578,-1.2802734375,Van,1,74.0,0.002549689241573697,,,,,,,,,,,,,0.956682690112321,,,,,,,,,,,,,,,,,,,,,,,,,,,,,,
190,other,What is the figure on the cupcake?,soldier,http://images.cocodataset.org/train2014/COCO_train2014_000000262308.jpg,9,224,0.9705971039001566,-1.0673828125,Sold,9,17.0,0.0031479779711328375,16.0,0.0034593708077862253,36.0,0.003203664327102655,74.0,0.0033337310208870884,21.0,0.003374226711258209,78.0,0.003308693048695944,88.0,0.0033408969724149852,0.9363348190250746,1.0,0.9789763645567233,0.9922954458830789,0.9748830897462037,0.9896698830829884,0.9625476812153249,15.0,0.0030351030206319392,8.0,0.0031006900489800497,,,0.982798115178801,0.8112781244591328,,,,,,,,,,,,,,,,
191,other,What flavor is the cupcake?,vanilla,http://images.cocodataset.org/train2014/COCO_train2014_000000262308.jpg,6,248,0.9975526658389777,-0.685546875,Ch,6,16.0,0.0019167610419026041,22.0,0.0019231957170802007,16.0,0.0019167610419026041,16.0,0.0019167610419026041,56.0,0.001918783368386992,46.0,0.0019223004579250569,,,0.954434002924965,0.4394969869215134,0.954434002924965,0.954434002924965,0.863120568566631,0.5586293734521992,,,,,,,,,,,,,,,,,,,,,,,,,
192,other,What is the woman doing?,cutting tie,http://images.cocodataset.org/train2014/COCO_train2014_000000000165.jpg,10,201,0.9805205760553686,-0.69580078125,The,10,33.0,0.0030553880210231906,15.0,0.003444215419215584,41.0,0.003382410399020646,27.0,0.0033293345970223766,20.0,0.0031176887745971993,20.0,0.0035875955222990307,25.0,0.0030267561853381153,0.9808763586114922,0.8830374409547587,0.9480329863307361,0.9166740121655447,0.9481816004150758,0.8427376486136672,0.9865939378067345,11.0,0.0036573072939480905,4.0,0.0025583075403795043,6.0,0.002838881856120607,0.6840384356390417,1.0,0.9182958340544896,,,,,,,,,,,,,,,
193,other,What room is this?,living room,http://images.cocodataset.org/train2014/COCO_train2014_000000415089.jpg,6,154,0.9991246556997042,-0.349365234375,Living,6,26.0,0.0018637678607039895,223.0,0.001852808627934952,19.0,0.0018666303987638195,40.0,0.0018446348607790992,93.0,0.001853871181340334,33.0,0.0018538300414331517,,,0.7793498372920851,0.8934996713655458,0.9980008838722996,0.8229625623698156,0.8652750326148331,0.906603264480883,,,,,,,,,,,,,,,,,,,,,,,,,
194,other,What is the boy doing?,herding,http://images.cocodataset.org/train2014/COCO_train2014_000000131245.jpg,8,252,0.9819391305350263,-0.451416015625,The,8,15.0,0.003190986864976798,53.0,0.003373198700557575,41.0,0.003162281996918733,15.0,0.0032251847821158116,15.0,0.002994301606735288,15.0,0.0029825874030744116,27.0,0.0032870097458815553,0.9500685975366211,0.9344153627986266,0.9654673499805022,0.9602297178607612,0.944623214254579,0.9161314485121342,0.978535424197746,16.0,0.003266633224504603,,,,,0.9755307720176265,,,,,,,,,,,,,,,,,
195,other,What animal is on the walls?,fish,http://images.cocodataset.org/train2014/COCO_train2014_000000393394.jpg,1,288,0.9803304857440834,-1.2158203125,Fish,1,15.0,0.003860596877264643,,,,,,,,,,,,,0.9718495448242642,,,,,,,,,,,,,,,,,,,,,,,,,,,,,,
196,other,Sunny or overcast?,overcast,http://images.cocodataset.org/train2014/COCO_train2014_000000393396.jpg,4,232,0.9942685030860552,-0.1663818359375,Over,4,24.0,0.0019588208957029966,22.0,0.00195923342379616,26.0,0.001961031623176614,17.0,0.001958198059170182,,,,,,,0.808014151084447,0.9456603046006401,0.8175195311866704,0.8846148739279867,,,,,,,,,,,,,,,,,,,,,,,,,,,
197,other,What is the color of the roof shingles?,gray,http://images.cocodataset.org/train2014/COCO_train2014_000000393396.jpg,4,239,0.910718798421066,-0.689453125,Brown,4,18.0,0.010538717142681031,21.0,0.008422008169852238,19.0,0.011734540850588324,19.0,0.012512242834126523,,,,,,,0.9081700569267039,0.9115685036857714,0.8699773237111814,0.899507835327561,,,,,,,,,,,,,,,,,,,,,,,,,,,
198,other,What symbol sits atop the tower?,cross,http://images.cocodataset.org/train2014/COCO_train2014_000000393396.jpg,4,202,0.9749482201405216,-0.38037109375,Cross,4,102.0,0.005836162513045822,18.0,0.006469346171995451,9.0,0.00334376402144706,16.0,0.009231457984043005,,,,,,,0.9669992511870135,0.9081700569267038,0.9656336071428252,0.9886994082884974,,,,,,,,,,,,,,,,,,,,,,,,,,,
199,other,What is the grate for?,toaster oven,http://images.cocodataset.org/train2014/COCO_train2014_000000524471.jpg,0,146,0.9986264368405455,-1.91796875,B,0,,,,,,,,,,,,,,,,,,,,,,,,,,,,,,,,,,,,,,,,,,,,,
200,other,What time is it?,11:55,http://images.cocodataset.org/train2014/COCO_train2014_000000262329.jpg,0,98,0.9915214891931698,-0.1268310546875,,0,,,,,,,,,,,,,,,,,,,,,,,,,,,,,,,,,,,,,,,,,,,,,
201,other,What is the brown object with a clock on it?,birdhouse,http://images.cocodataset.org/train2014/COCO_train2014_000000262329.jpg,0,1152,1.0000000000000069,-1.0361328125,C,0,,,,,,,,,,,,,,,,,,,,,,,,,,,,,,,,,,,,,,,,,,,,,
202,other,What number bus is this?,892,http://images.cocodataset.org/train2014/COCO_train2014_000000393403.jpg,0,29,0.9969817968038182,-0.357177734375,,0,,,,,,,,,,,,,,,,,,,,,,,,,,,,,,,,,,,,,,,,,,,,,
203,other,What is the woman holding?,hair dryer,http://images.cocodataset.org/train2014/COCO_train2014_000000524476.jpg,0,1152,1.0000000000000069,-0.87158203125,H,0,,,,,,,,,,,,,,,,,,,,,,,,,,,,,,,,,,,,,,,,,,,,,
204,other,What shape is at the bottom of the pole?,rectangle,http://images.cocodataset.org/train2014/COCO_train2014_000000257513.jpg,5,193,0.9994025215039745,-1.5341796875,Round,5,16.0,0.002088270878565391,23.0,0.002072778185711991,15.0,0.0020247388280270257,22.0,0.0021914790713372014,31.0,0.0020660836687700864,,,,,1.0,0.9978904239542103,0.9877812438119247,0.9643787017331664,0.9244892323484993,,,,,,,,,,,,,,,,,,,,,,,,,,
205,other,What type of bed is in the picture?,bunk bed,http://images.cocodataset.org/train2014/COCO_train2014_000000257513.jpg,7,223,0.979964849180727,-0.20947265625,B,7,22.0,0.0033242464638695295,21.0,0.0031013561334039944,39.0,0.0033757654334139907,57.0,0.003088907085761285,40.0,0.0031216038406443715,16.0,0.0028741095715788855,20.0,0.0032021934193099525,0.9185661622343082,0.9060780454433018,0.9696132932618643,0.968798562691407,0.9828452235495582,0.9415787376332126,0.9304820237218406,,,,,,,,,,,,,,,,,,,,,,,,
206,other,What is he cooking?,hot dogs,http://images.cocodataset.org/train2014/COCO_train2014_000000524486.jpg,10,326,0.9909981299021483,-0.4130859375,Hot,10,18.0,0.0024750494086355833,19.0,0.0024267668265608644,33.0,0.0024407203651266914,17.0,0.002467624984743715,22.0,0.0024404871515158982,22.0,0.0024511216921681094,16.0,0.0023723071524002436,1.0,0.9894975386227151,0.9745630531045548,0.9774178175281716,0.998145975216737,0.9870296937811092,0.9320201587042914,17.0,0.002400986253226455,25.0,0.0023734615597736735,23.0,0.0023841691064257846,0.8739810481273578,0.9978754314918025,0.9909775756786534,,,,,,,,,,,,,,,
207,other,Is this a new or ancient clock?,ancient,http://images.cocodataset.org/train2014/COCO_train2014_000000458785.jpg,1,250,0.9193540805880104,-0.06402587890625,An,1,88.0,0.0072895539210343745,,,,,,,,,,,,,0.9766020528624247,,,,,,,,,,,,,,,,,,,,,,,,,,,,,,
208,other,What time does the clock read?,12:55,http://images.cocodataset.org/train2014/COCO_train2014_000000458785.jpg,0,21,0.9894164692363061,-0.1939697265625,,0,,,,,,,,,,,,,,,,,,,,,,,,,,,,,,,,,,,,,,,,,,,,,
209,other,What mountain was this taken at?,lookout,http://images.cocodataset.org/train2014/COCO_train2014_000000000201.jpg,8,210,0.9986221962854454,-1.375,M,8,80.0,0.001968471718406585,98.0,0.0019678633222533653,15.0,0.001942668563908318,18.0,0.0019577366411845432,7.0,0.001923009017623924,5.0,0.001950685077927197,15.0,0.0019399963925686918,0.8919572743831604,0.9094010561016498,0.9602297178607612,0.9206250851407773,0.9852281360342515,0.0,0.982798115178801,12.0,0.001947344863752663,,,,,0.920619835714305,,,,,,,,,,,,,,,,,
210,other,What is the black thing he is wearing?,apron,http://images.cocodataset.org/train2014/COCO_train2014_000000393418.jpg,5,202,0.9968077686112407,-0.1424560546875,A,5,22.0,0.0019411462581951121,22.0,0.0019411462581951121,81.0,0.0019379874778955336,23.0,0.0019348656927767427,30.0,0.0019365514567408887,,,,,0.9940302114769565,0.9940302114769565,0.9679884922470297,0.8865408928220899,0.9967916319816366,,,,,,,,,,,,,,,,,,,,,,,,,,
211,other,What is the man doing in the picture?,cooking,http://images.cocodataset.org/train2014/COCO_train2014_000000393418.jpg,7,294,0.9774629513905874,-0.84814453125,The,7,23.0,0.003444165131997073,15.0,0.003150344958616841,28.0,0.0032197268490952347,75.0,0.0032727330301339074,15.0,0.003077513764699828,22.0,0.0033356974684323193,15.0,0.0032409881293070345,0.9982526816976661,0.9877812438119247,0.9743259280978502,0.9665678165880088,1.0,0.9209928791942417,0.9189900464321514,,,,,,,,,,,,,,,,,,,,,,,,
212,other,What is the cartoon man presenting to the cartoon woman?,ring,http://images.cocodataset.org/train2014/COCO_train2014_000000393419.jpg,4,209,0.9986544149380226,-1.6513671875,A,4,33.0,0.00225168191742008,28.0,0.002376829674879813,48.0,0.0022616627769831105,32.0,0.002319694346156742,,,,,,,0.8695090836243207,0.9508516318093154,0.9013717020633444,0.9380410260035945,,,,,,,,,,,,,,,,,,,,,,,,,,,
213,other,What does the sign with the white arrow say?,one way,http://images.cocodataset.org/train2014/COCO_train2014_000000393419.jpg,0,263,0.85543149932384,-1.0556640625,One,0,,,,,,,,,,,,,,,,,,,,,,,,,,,,,,,,,,,,,,,,,,,,,
214,other,"What is above the ""No Left Turn"" sign?",one way,http://images.cocodataset.org/train2014/COCO_train2014_000000393419.jpg,4,194,0.9991896154341279,-1.3779296875,A,4,42.0,0.0018409806331636188,39.0,0.0018281229526760218,20.0,0.0018383373332680284,33.0,0.001838931015597519,,,,,,,0.8804176416550936,0.8483595044217703,0.7298466991620975,0.9456603046006401,,,,,,,,,,,,,,,,,,,,,,,,,,,
215,other,What is the sign says?,stop,http://images.cocodataset.org/train2014/COCO_train2014_000000393422.jpg,6,274,0.9991318276353942,-0.93505859375,The,6,43.0,0.0018967907294808667,41.0,0.0018961927424152303,32.0,0.0019188440278094375,10.0,0.0018919534989742422,15.0,0.0018881543955626466,24.0,0.001912017513866728,,,0.8613461021013987,0.9509227922403182,0.9025182662886329,0.9709505944546686,0.7835807040488099,0.7801071010409177,,,,,,,,,,,,,,,,,,,,,,,,,
216,other,What gender are both of the children likely to be?,female,http://images.cocodataset.org/train2014/COCO_train2014_000000131279.jpg,2,161,0.9940078071655036,-0.8310546875,Fem,2,292.0,0.0021922785338964576,123.0,0.00218337631470136,,,,,,,,,,,0.96674667177464,0.9298885716695091,,,,,,,,,,,,,,,,,,,,,,,,,,,,,
217,other,What is the one girl doing to the other girl's hair?,brushing,http://images.cocodataset.org/train2014/COCO_train2014_000000131279.jpg,1,248,0.9996149345285124,-0.8134765625,The,1,16.0,0.0017481846557474662,,,,,,,,,,,,,0.954434002924965,,,,,,,,,,,,,,,,,,,,,,,,,,,,,,
218,other,Something new to wear with a men's shirt?,tie,http://images.cocodataset.org/train2014/COCO_train2014_000000448671.jpg,9,150,0.9930995741709521,-0.92626953125,Yes,9,18.0,0.002141985621572327,16.0,0.0021559531340394587,19.0,0.0021459221361216376,15.0,0.0021536101964643264,280.0,0.0021438699484270535,37.0,0.0021448107853843366,15.0,0.002138561328193289,1.0,1.0,0.9649618403823442,0.9967916319816366,0.9427606859590829,0.6997722217733069,0.9877812438119247,18.0,0.00214333731632721,16.0,0.0021412534535800993,,,0.9915323997298832,0.985056822321508,,,,,,,,,,,,,,,,
219,other,How much did they pay for the hot dogs?,1,http://images.cocodataset.org/train2014/COCO_train2014_000000393428.jpg,3,186,0.9932270143820516,-1.228515625,$,3,173.0,0.003096935707182839,18.0,0.0030595161502327936,8.0,0.0023698711163688438,,,,,,,,,0.972181929716528,0.9388201415867106,0.985056822321508,,,,,,,,,,,,,,,,,,,,,,,,,,,,
220,other,What is in the man's hand?,tennis racket,http://images.cocodataset.org/train2014/COCO_train2014_000000554301.jpg,9,232,0.9799828341099582,-0.26953125,Tennis,9,15.0,0.00528648251650103,27.0,0.003929442642506385,16.0,0.004760689380699417,9.0,0.004969375598020197,8.0,0.0028313232164177814,15.0,0.003927562730836598,29.0,0.004139371023249257,0.9018972358711528,0.9593941740167473,0.9056390622295665,0.7642045065086203,0.985056822321508,0.9664572819896989,0.964741134868636,27.0,0.004371862763884589,12.0,0.0041620283050609564,,,0.977777592259756,0.9358932809493993,,,,,,,,,,,,,,,,
221,other,What silverware is on the table?,knife and fork,http://images.cocodataset.org/train2014/COCO_train2014_000000262359.jpg,3,228,0.9992969471532562,-0.79296875,F,3,18.0,0.0019336078002415618,15.0,0.0019092716772515946,118.0,0.0019451615038930995,,,,,,,,,0.9319131950454079,0.9446232142545791,0.9579030797782861,,,,,,,,,,,,,,,,,,,,,,,,,,,,
222,other,What type of animal is it?,cat,http://images.cocodataset.org/train2014/COCO_train2014_000000393432.jpg,8,171,0.9947887922970644,-0.0252227783203125,Cat,8,19.0,0.0021561481294583773,25.0,0.002196114085995478,30.0,0.002166024131002494,27.0,0.0021757873494490936,116.0,0.0021775281557655474,121.0,0.002171079810731355,129.0,0.002170374215754776,0.9462035592964384,0.9801625908629509,0.9854256351542897,0.9863434644379612,0.9490597300920108,0.9464914801384364,0.9448987347079721,27.0,0.002189235007555836,,,,,0.7910606023808818,,,,,,,,,,,,,,,,,
223,other,What is the man standing on?,sand,http://images.cocodataset.org/train2014/COCO_train2014_000000474858.jpg,10,90,0.9939896246545902,-0.251953125,Sand,10,23.0,0.002399602677064154,15.0,0.0023386513449701798,127.0,0.002811511389130353,11.0,0.002668476420062953,17.0,0.002636393631873068,11.0,0.0025337374674784083,40.0,0.0025748229224953267,0.9435232932310379,0.9473080736174853,0.9720820425475409,0.9940302114769565,0.932718552659954,0.9056185178648963,0.9372916291148631,12.0,0.0024763555470637207,7.0,0.0024842516537956875,44.0,0.002926353872131991,0.9358932809493993,0.863120568566631,0.9888078552842768,,,,,,,,,,,,,,,
224,other,What are these men standing in front of?,ocean,http://images.cocodataset.org/train2014/COCO_train2014_000000474858.jpg,10,288,0.9982016319167579,-0.765625,Sur,10,16.0,0.0020147016526914315,17.0,0.001985988758210424,7.0,0.0019485260419794368,16.0,0.0019600820814619797,15.0,0.0019712825504989043,15.0,0.0019476832083305676,12.0,0.0019948818926672413,0.954434002924965,0.9437600120884535,0.9852281360342515,0.9414280318460245,0.7219280948873623,0.9189900464321514,0.9182958340544896,9.0,0.0019358835372463995,23.0,0.0019806132686660052,21.0,0.001979605532781488,0.9656336071428251,0.8539309314862881,0.7609029801617622,,,,,,,,,,,,,,,
225,other,What is the temperature outside?,cold,http://images.cocodataset.org/train2014/COCO_train2014_000000474858.jpg,0,139,0.9962355649042461,-0.9853515625,Cold,0,,,,,,,,,,,,,,,,,,,,,,,,,,,,,,,,,,,,,,,,,,,,,
226,other,What is lying on the ground?,surfboard,http://images.cocodataset.org/train2014/COCO_train2014_000000474858.jpg,6,344,0.998000729810419,-0.286376953125,Sur,6,15.0,0.0020426152255352335,16.0,0.0020002373162917634,5.0,0.0019476887088298613,19.0,0.001990423484677486,26.0,0.002006756994636912,16.0,0.0019880536673842655,,,0.9182958340544896,0.8112781244591328,0.9709505944546686,0.9494520153879484,0.8345901684333654,0.9248008763572906,,,,,,,,,,,,,,,,,,,,,,,,,
227,other,What is flying in the air?,kites,http://images.cocodataset.org/train2014/COCO_train2014_000000474858.jpg,9,246,0.9925686583478827,-0.12408447265625,K,9,22.0,0.0023060078207726422,18.0,0.0023146133633805566,147.0,0.0023160778352463544,28.0,0.0023067067732540454,28.0,0.002306216019384124,15.0,0.0023384312845340775,21.0,0.0023117778965765674,0.9262190370370645,0.9915323997298832,0.9164436347401385,0.9438809259956873,0.9397387539970584,0.9967916319816366,0.7865834126456139,16.0,0.002314231665926174,26.0,0.002320485631909532,,,0.949701216438411,0.9194324237704885,,,,,,,,,,,,,,,,
228,other,What brand of shoes is the skateboarder wearing?,none,http://images.cocodataset.org/train2014/COCO_train2014_000000474858.jpg,2,120,0.997737006913485,-0.95361328125,N,2,18.0,0.002002871925217808,4.0,0.0019623784026239805,,,,,,,,,,,0.8527924884900406,0.0,,,,,,,,,,,,,,,,,,,,,,,,,,,,,
229,other,What type of clouds are visible in this photo?,cumulus,http://images.cocodataset.org/train2014/COCO_train2014_000000474858.jpg,0,46,0.998381214436476,-0.87841796875,C,0,,,,,,,,,,,,,,,,,,,,,,,,,,,,,,,,,,,,,,,,,,,,,
230,other,What is the man doing?,standing,http://images.cocodataset.org/train2014/COCO_train2014_000000474858.jpg,7,214,0.984393787600796,-0.5107421875,The,7,75.0,0.0030747951782184335,45.0,0.003280879502764602,29.0,0.003437916829581922,31.0,0.0031252049120476383,16.0,0.0028429703005918294,18.0,0.0028565451360781486,16.0,0.0029126766644080792,0.9305197288423352,0.9522144583225428,0.9118091828069348,0.9120989045142975,0.9886085007312413,0.937543317539375,0.9414280318460245,,,,,,,,,,,,,,,,,,,,,,,,
231,other,Is the person on the right male or female?,male,http://images.cocodataset.org/train2014/COCO_train2014_000000474858.jpg,4,227,0.9207490474468522,-0.0053863525390625,Male,4,30.0,0.007776327872021653,16.0,0.006270842395244308,17.0,0.006115190747895506,46.0,0.005733431674767225,,,,,,,0.8974172849677701,0.9414280318460245,0.92026989330702,0.96608671684951,,,,,,,,,,,,,,,,,,,,,,,,,,,
232,other,What object is painted on the surfboard?,star,http://images.cocodataset.org/train2014/COCO_train2014_000000474858.jpg,0,175,0.9969634253638203,-0.79736328125,T,0,,,,,,,,,,,,,,,,,,,,,,,,,,,,,,,,,,,,,,,,,,,,,
233,other,What does the train ride along?,tracks,http://images.cocodataset.org/train2014/COCO_train2014_000000165859.jpg,7,257,0.9985921618712076,-0.88037109375,Train,7,85.0,0.0019172985951919578,24.0,0.0019186136080485492,67.0,0.0019170327845547282,16.0,0.0019288702158157733,16.0,0.001909822229962356,34.0,0.0019055373566094205,16.0,0.0018922394737899719,0.6473021040826947,0.9553810531234105,0.8597807860268807,0.9886994082884974,0.5435644431995964,0.951208623061982,0.9463946303571862,,,,,,,,,,,,,,,,,,,,,,,,
234,other,What is turned on?,light,http://images.cocodataset.org/train2014/COCO_train2014_000000039288.jpg,9,91,0.9986031935143047,-0.55322265625,L,9,28.0,0.001891846280825429,275.0,0.001886306432197186,31.0,0.0018853614433130223,25.0,0.0018832759506031505,10.0,0.0018814239896290182,15.0,0.0018803951224211676,19.0,0.0018797256203146237,0.9143901321670581,0.8926338934650181,0.9870894389417636,0.931248557542997,0.8812908992306927,0.9877812438119246,0.9649618403823442,12.0,0.001876045820133435,15.0,0.0018803951224211672,,,0.9808340377961403,0.9654013672997089,,,,,,,,,,,,,,,,
235,other,What is the name of the yellow fruit pictured?,banana,http://images.cocodataset.org/train2014/COCO_train2014_000000039288.jpg,7,216,0.9921049863309321,-0.45458984375,Ban,7,51.0,0.0023864385709494416,81.0,0.0023510727093233505,99.0,0.002388308350893779,49.0,0.002394308818164124,24.0,0.002410606265364172,16.0,0.002502509749411174,17.0,0.002384829757224331,0.9014010565843118,0.9716150245143838,0.9339055278829534,0.9483990970746093,0.9745411476764105,1.0,0.9770358764490155,,,,,,,,,,,,,,,,,,,,,,,,
236,other,What shape are the plates?,round,http://images.cocodataset.org/train2014/COCO_train2014_000000524518.jpg,5,210,0.9945765168545756,-0.248779296875,Round,5,79.0,0.002047242366368228,221.0,0.002044107880470729,52.0,0.00203998105041299,34.0,0.0020269006031981883,11.0,0.0020238674560179443,,,,,0.9407959679863787,0.8712140522318533,0.9818265185561118,0.945026432916223,0.9056185178648963,,,,,,,,,,,,,,,,,,,,,,,,,,
237,other,What indicates that this is for a party?,many plates,http://images.cocodataset.org/train2014/COCO_train2014_000000524518.jpg,6,255,0.9988261054899727,-1.548828125,The,6,20.0,0.0018244040049020746,69.0,0.001828574673537027,85.0,0.0018293624645102267,44.0,0.001821891051727278,20.0,0.0018242989003966644,11.0,0.0018246142139128933,,,0.9763620978123273,0.8976560211188683,0.9383724247278328,0.8411519126954667,0.9835386311891134,0.9456603046006401,,,,,,,,,,,,,,,,,,,,,,,,,
238,other,What two utensils are next to the plate?,fork and knife,http://images.cocodataset.org/train2014/COCO_train2014_000000524518.jpg,2,234,0.9996549636963373,-0.888671875,F,2,17.0,0.001873645931373498,26.0,0.0018454275811057978,,,,,,,,,,,0.8919296718389884,0.841235728886631,,,,,,,,,,,,,,,,,,,,,,,,,,,,,
239,other,How lucky is it that no one was walking on the sidewalk at that time?,very,http://images.cocodataset.org/train2014/COCO_train2014_000000524520.jpg,0,127,0.9997097136999866,-1.0595703125,Very,0,,,,,,,,,,,,,,,,,,,,,,,,,,,,,,,,,,,,,,,,,,,,,
240,other,What traffic light is on?,red,http://images.cocodataset.org/train2014/COCO_train2014_000000524520.jpg,1,204,0.9900071891220583,-1.6298828125,Red,1,108.0,0.003423692878373322,,,,,,,,,,,,,0.9669750688625922,,,,,,,,,,,,,,,,,,,,,,,,,,,,,,
241,other,What number does the battery have on his shirt?,11,http://images.cocodataset.org/train2014/COCO_train2014_000000524522.jpg,0,142,0.9912331398564661,-0.17626953125,,0,,,,,,,,,,,,,,,,,,,,,,,,,,,,,,,,,,,,,,,,,,,,,
242,other,What team is the batter from?,yankees,http://images.cocodataset.org/train2014/COCO_train2014_000000524522.jpg,7,104,0.9990993116599273,-2.07421875,The,7,244.0,0.001830245071519152,30.0,0.001825660128436451,111.0,0.0018246376287235366,42.0,0.0018286280618217056,25.0,0.0018284733135440318,24.0,0.0018338248323406345,27.0,0.0018257858774514775,0.9101998651739034,0.8541375180665481,0.9271558646931194,0.9163233080744829,0.9787029057127591,0.9862707094162991,0.8843105939874624,,,,,,,,,,,,,,,,,,,,,,,,
243,other,What objects are directly above the TV set?,pictures,http://images.cocodataset.org/train2014/COCO_train2014_000000131312.jpg,2,218,0.9948610960044845,-1.61328125,Pictures,2,23.0,0.003168482743965403,19.0,0.006077568474819654,,,,,,,,,,,0.9893838764999123,0.8743862973701078,,,,,,,,,,,,,,,,,,,,,,,,,,,,,
244,other,What print is this woman's dress?,dots,http://images.cocodataset.org/train2014/COCO_train2014_000000131315.jpg,1,228,0.9979023534624241,-1.033203125,Pol,1,17.0,0.0031537962020024173,,,,,,,,,,,,,0.8919296718389884,,,,,,,,,,,,,,,,,,,,,,,,,,,,,,
245,other,What is on the handlebars?,bird,http://images.cocodataset.org/train2014/COCO_train2014_000000262389.jpg,7,233,0.9995180739815082,-1.4296875,Hel,7,15.0,0.0018321451940627475,6.0,0.0018252574301752939,18.0,0.001849173277006731,26.0,0.001855722539677493,25.0,0.0018459207218376543,31.0,0.001835533529523511,34.0,0.0018399445737588348,0.9709505944546686,0.0,0.8527924884900406,0.7793498372920851,0.8033437314357736,0.7088356733321961,0.8739810481273578,,,,,,,,,,,,,,,,,,,,,,,,
246,other,What bird is on the man's bike?,parrot,http://images.cocodataset.org/train2014/COCO_train2014_000000262389.jpg,5,206,0.9974009026677477,-0.230712890625,Par,5,15.0,0.0018445163571585226,11.0,0.0018481377631673712,16.0,0.00185920988143354,91.0,0.001850290753651704,22.0,0.0018489769934924552,,,,,0.9446232142545791,0.9940302114769565,0.9886994082884974,0.9394341123441695,0.9849226290193991,,,,,,,,,,,,,,,,,,,,,,,,,,
247,other,What is the fence made of?,metal,http://images.cocodataset.org/train2014/COCO_train2014_000000262393.jpg,5,269,0.9989579419601734,-0.257568359375,Metal,5,121.0,0.0019440535110504548,15.0,0.001888080582985026,19.0,0.001915258623656993,24.0,0.001913446675584048,37.0,0.0019415635347425455,,,,,0.9685922046103517,0.9473080736174851,0.9720048748581784,0.9807765320912628,0.986238261487513,,,,,,,,,,,,,,,,,,,,,,,,,,
248,other,What is the name of the street that starts with a color?,greenwich,http://images.cocodataset.org/train2014/COCO_train2014_000000000250.jpg,7,96,0.9775511159467087,-0.0855712890625,Green,7,174.0,0.0026963438447253863,42.0,0.002693785162869338,42.0,0.0026891228575917033,21.0,0.002675847140868946,135.0,0.002659224398210535,38.0,0.002665362152818173,37.0,0.0026666250455007236,0.883987670501877,0.8832403984108125,0.7254060683281442,0.931410723799767,0.8835154238422843,0.8937372840414128,0.9555424108064026,,,,,,,,,,,,,,,,,,,,,,,,
249,other,How can you tell the giraffe is in captivity?,fence,http://images.cocodataset.org/train2014/COCO_train2014_000000131323.jpg,5,323,0.9991699999588636,-1.3251953125,The,5,23.0,0.0019363258525083118,23.0,0.001946611780011676,23.0,0.001944483657079946,24.0,0.0019446166647631793,29.0,0.00194261237657101,,,,,0.9926387952545109,0.9321883810995899,0.941022554068431,0.9591479170272448,0.8890080606705109,,,,,,,,,,,,,,,,,,,,,,,,,,
250,other,What is the name of the store behind the lady?,pike place fish,http://images.cocodataset.org/train2014/COCO_train2014_000000262399.jpg,5,200,0.9993363500069693,-0.64990234375,P,5,15.0,0.00178888437845046,28.0,0.00179027709550534,151.0,0.0017908207339259548,39.0,0.0017910127950667288,19.0,0.0017918054648437937,,,,,0.8830374409547587,0.735406425268768,0.9121070094561866,0.9295868922159748,0.8314743880097293,,,,,,,,,,,,,,,,,,,,,,,,,,
251,other,What does the lady have in her mouth?,fish,http://images.cocodataset.org/train2014/COCO_train2014_000000262399.jpg,11,141,0.9989460455920744,-1.4990234375,A,11,59.0,0.0018141347324069404,22.0,0.0018139313405248257,22.0,0.0018139313405248257,12.0,0.0018135835109293272,16.0,0.0018140617766231378,2.0,0.0018097573853788438,35.0,0.0018135288519928916,0.759966225214106,0.8799053499499169,0.8799053499499169,0.8734790278701756,0.949701216438411,0.0,0.899110345273187,16.0,0.0018159748393983802,23.0,0.0018149975138501587,68.0,0.0018141461764514587,0.954434002924965,0.4262286569981449,0.7655794491775816,20.0,0.0018126269795417063,0.8173454221465103,,,,,,,,,,,,
252,other,What are the popsicle sticks used for?,labels,http://images.cocodataset.org/train2014/COCO_train2014_000000131330.jpg,1,30,0.998474706900491,-2.0703125,"
",1,536.0,0.0018914178455980578,,,,,,,,,,,,,0.936192141923435,,,,,,,,,,,,,,,,,,,,,,,,,,,,,,
253,other,What is the structure in the background?,teepee,http://images.cocodataset.org/train2014/COCO_train2014_000000524547.jpg,0,1152,1.0000000000000069,-0.57373046875,T,0,,,,,,,,,,,,,,,,,,,,,,,,,,,,,,,,,,,,,,,,,,,,,
254,other,What are these people doing?,snowboarding,http://images.cocodataset.org/train2014/COCO_train2014_000000524551.jpg,5,123,0.9992052346408351,-1.5869140625,The,5,176.0,0.0018206144538649876,18.0,0.0018170310407597068,158.0,0.001819486851760739,174.0,0.0018185210113386262,23.0,0.0018180755749168604,,,,,0.5144235566168708,0.8527924884900404,0.7934712969548932,0.771811437773928,0.7553754125614287,,,,,,,,,,,,,,,,,,,,,,,,,,
255,other,What is the white structure behind the ramp?,teepee,http://images.cocodataset.org/train2014/COCO_train2014_000000524551.jpg,0,84,0.9989612143621621,-0.353515625,Te,0,,,,,,,,,,,,,,,,,,,,,,,,,,,,,,,,,,,,,,,,,,,,,
256,other,What is on the ground?,snow,http://images.cocodataset.org/train2014/COCO_train2014_000000393480.jpg,3,290,0.9276791160455501,-0.10003662109375,Snow,3,23.0,0.011600525386338096,16.0,0.0077297449496029555,18.0,0.009610525798883865,,,,,,,,,0.8950252083920532,0.9248008763572906,0.8826232641893706,,,,,,,,,,,,,,,,,,,,,,,,,,,,
257,other,What is the man wearing?,shorts,http://images.cocodataset.org/train2014/COCO_train2014_000000131339.jpg,1,110,0.9991630002248557,-1.01171875,Short,1,78.0,0.0019453984531098483,,,,,,,,,,,,,0.9753996413318581,,,,,,,,,,,,,,,,,,,,,,,,,,,,,,
258,other,What sport are they playing?,soccer,http://images.cocodataset.org/train2014/COCO_train2014_000000524557.jpg,11,262,0.9835080625949738,-0.030242919921875,Soccer,11,28.0,0.0024454405637970643,25.0,0.002448669028799854,20.0,0.002447476605796312,17.0,0.0024469722476071383,17.0,0.0024447009656956265,20.0,0.0024477605160352508,21.0,0.002448658213171704,0.9417346261113357,0.9224447258666204,0.9835386311891134,0.9127332405984697,0.8739810481273578,0.7219280948873623,0.9803153789223941,17.0,0.0024454357921964093,15.0,0.0024442778837709335,37.0,0.002444329038768942,0.9603948809345499,0.9967916319816366,0.9239236183829735,13.0,0.0024417154118707668,0.99473723787795,,,,,,,,,,,,
259,other,Color is the goaltenders shirt?,white,http://images.cocodataset.org/train2014/COCO_train2014_000000524557.jpg,1,258,0.9237907008591345,-0.6123046875,Y,1,46.0,0.010172774747128464,,,,,,,,,,,,,0.9352219206904244,,,,,,,,,,,,,,,,,,,,,,,,,,,,,,
260,other,Are they coworkers or best friends?,best friends,http://images.cocodataset.org/train2014/COCO_train2014_000000131342.jpg,1,136,0.9987600355231637,-0.77685546875,Cow,1,16.0,0.0020974469953581733,,,,,,,,,,,,,0.954434002924965,,,,,,,,,,,,,,,,,,,,,,,,,,,,,,
261,other,What is in the glass in the lower right?,wine,http://images.cocodataset.org/train2014/COCO_train2014_000000131342.jpg,7,222,0.9993161442666216,-0.55224609375,W,7,34.0,0.0018475589067534267,51.0,0.0018449766643464395,29.0,0.0018380133507503742,150.0,0.0018517918890771008,20.0,0.0018611192329347063,17.0,0.0018545949250550336,19.0,0.0018383159502285609,0.9817720041379431,0.9618418438459436,0.9023829360554046,0.9264311507171143,0.9197173235750931,0.8702290979524684,0.9826301639446198,,,,,,,,,,,,,,,,,,,,,,,,
262,other,The wall is made out of?,brick,http://images.cocodataset.org/train2014/COCO_train2014_000000131342.jpg,7,202,0.9926006505453564,-0.0267181396484375,Br,7,154.0,0.0023228112564131764,15.0,0.002298859531889858,55.0,0.0022968286955288657,17.0,0.0023170426016336193,58.0,0.0023324713393841766,21.0,0.002318836169737596,17.0,0.002294428363632974,0.957618664674355,1.0,0.9835121748754833,0.9967828263127351,0.9689441146718063,0.9454604967945989,0.9327185526599537,,,,,,,,,,,,,,,,,,,,,,,,
263,other,What does the sign in the background say?,no parking,http://images.cocodataset.org/train2014/COCO_train2014_000000262415.jpg,9,206,0.9932900293211263,-2.103515625,The,9,19.0,0.002330290469602664,15.0,0.0022943157259888427,16.0,0.0023032680806151684,19.0,0.0023099224162330743,15.0,0.002289959960463051,42.0,0.0023196844702599337,118.0,0.002302046215978391,0.9649618403823442,0.8830374409547587,0.8950145145731531,0.9494520153879484,0.9018972358711528,0.9082109162795012,0.975479363529732,25.0,0.0023272855204302155,101.0,0.0023171561263278175,,,0.9607709666679638,0.94036725971473,,,,,,,,,,,,,,,,
264,other,What is behind the mirror?,bus,http://images.cocodataset.org/train2014/COCO_train2014_000000262415.jpg,4,148,0.9975629780620571,-0.896484375,School,4,301.0,0.0019548330423557673,46.0,0.001953226831338961,10.0,0.001950438944466084,15.0,0.0019482696633371386,,,,,,,0.8669402243075117,0.8973867890167153,0.0,0.9664572819896989,,,,,,,,,,,,,,,,,,,,,,,,,,,
265,other,How healthy does this meal look?,very,http://images.cocodataset.org/train2014/COCO_train2014_000000393488.jpg,5,121,0.9832891525658406,-0.333740234375,Very,5,308.0,0.002816489953725561,58.0,0.0027612040587599064,20.0,0.0027091452571039384,44.0,0.0027650411565807533,23.0,0.0026426833501407387,,,,,0.9581929852221752,0.909243120091178,0.9463946303571862,0.953834721281586,0.9766815055062298,,,,,,,,,,,,,,,,,,,,,,,,,,
266,other,What meat is used in the main dish?,beef,http://images.cocodataset.org/train2014/COCO_train2014_000000393488.jpg,15,193,0.9671297819884779,-0.59716796875,Be,15,25.0,0.0032847094226067337,12.0,0.0032649990596200864,154.0,0.003286078224953531,15.0,0.003146887342486364,19.0,0.003308355522999714,26.0,0.0032295539705733418,34.0,0.0032797132394428536,0.9288984057992977,0.9182958340544896,0.9315353581206207,0.9543063494363562,0.8693978806749074,0.9575109456924428,0.9883017096837942,23.0,0.003299997546835008,18.0,0.0032361607422732126,35.0,0.003268223219323465,0.9876197168461962,1.0,0.9974552417883611,42.0,0.0032376832621331406,0.9875870290688521,45.0,0.0032956763421311134,0.9954266078557346,18.0,0.0032278018097089,15.0,0.0032858128017052234,17.0,0.0033205367909812035,0.9915323997298832,0.9967916319816366,0.9975025463691153
267,other,What is the man reaching for?,phone,http://images.cocodataset.org/train2014/COCO_train2014_000000393489.jpg,5,230,0.9830428427063507,-1.1826171875,The,5,15.0,0.0027798923003185877,9.0,0.0028421868056478557,36.0,0.00309592951054509,15.0,0.0033711530793489684,37.0,0.0034234038293921554,,,,,0.9718495448242642,0.9057125980138372,0.9485239926088822,0.9189900464321514,0.9281707820615837,,,,,,,,,,,,,,,,,,,,,,,,,,
268,other,What language is the text on the sign?,english,http://images.cocodataset.org/train2014/COCO_train2014_000000393489.jpg,6,257,0.9994333212803045,-0.150390625,English,6,27.0,0.0017882466539850914,18.0,0.0017984419028675618,25.0,0.0017862470696881445,41.0,0.001779368525375245,12.0,0.0017790544860410594,15.0,0.0017799720584404822,,,0.9863434644379612,0.9910760598382222,0.9470920204059348,0.7567494200078827,0.9808340377961403,0.9446232142545791,,,,,,,,,,,,,,,,,,,,,,,,,
269,other,What is the man holding?,phone,http://images.cocodataset.org/train2014/COCO_train2014_000000393489.jpg,7,84,0.994440490887581,-0.78662109375,Phone,7,280.0,0.002212934815561484,85.0,0.0022127095629617274,24.0,0.0022155883098798337,85.0,0.0021942332418327984,56.0,0.0022114571211207354,29.0,0.0021968719427696458,28.0,0.0022052603379820864,0.8987603791739808,0.958921427290127,0.6567045482143385,0.9173178082226127,0.878154201921199,0.9705914245664364,0.9963070340085628,,,,,,,,,,,,,,,,,,,,,,,,
270,other,What does this phone case look like?,silver,http://images.cocodataset.org/train2014/COCO_train2014_000000393489.jpg,5,297,0.9980620676906434,-1.2470703125,The,5,19.0,0.0018996612014242152,39.0,0.0019061106180455524,20.0,0.0018963495365992057,16.0,0.0018986823025029945,15.0,0.0018964756320534644,,,,,0.9892422967543257,0.942225394219632,0.9780451855744626,0.886859507142915,0.9602297178607612,,,,,,,,,,,,,,,,,,,,,,,,,,
271,other,What is the brand of the phone?,pharos,http://images.cocodataset.org/train2014/COCO_train2014_000000393489.jpg,9,252,0.901770334067805,-0.26318359375,Ph,9,18.0,0.007950749514243726,18.0,0.008513649725409054,55.0,0.008682629736341613,21.0,0.006613225948381711,38.0,0.0071700621547243935,18.0,0.010564486283583523,30.0,0.007647149682733685,0.9435794406736077,0.872009434056298,0.889068028686078,0.9517619850443704,0.9274619389398708,1.0,0.9108873960874382,105.0,0.009271430007927394,18.0,0.010318800556058334,,,0.9197497805112299,1.0,,,,,,,,,,,,,,,,
272,other,What does this controller go with?,phone,http://images.cocodataset.org/train2014/COCO_train2014_000000393489.jpg,7,202,0.8803494744082453,-1.3564453125,Phone,7,34.0,0.006966936346453069,24.0,0.008245431997380996,15.0,0.01121807854430579,45.0,0.006394124744372497,92.0,0.010069822486063614,16.0,0.010661909544392723,23.0,0.009249995717817957,0.955066542568679,0.9558902111251072,0.9967916319816366,0.9749670734738439,0.9676102245840407,0.8620485698650454,0.9765762937075554,,,,,,,,,,,,,,,,,,,,,,,,
273,other,What brand is the phone?,pharos,http://images.cocodataset.org/train2014/COCO_train2014_000000393489.jpg,9,249,0.8983971498257061,-0.1939697265625,Ph,9,18.0,0.008082979439283081,18.0,0.008620033102815028,55.0,0.008884808815299336,17.0,0.007046731303664222,38.0,0.007223294617029722,18.0,0.010896253889795296,29.0,0.007948981110267398,0.9435794406736077,0.872009434056298,0.9446522589551734,0.9770358764490155,0.9274619389398708,1.0,0.8946693025375885,103.0,0.009495004350122176,18.0,0.010584104856330991,,,0.9437979577203833,1.0,,,,,,,,,,,,,,,,
274,other,What is the person holding in their hand?,cell phone,http://images.cocodataset.org/train2014/COCO_train2014_000000393489.jpg,7,84,0.9949080638854204,-1.0087890625,Phone,7,282.0,0.002152230086138842,72.0,0.0021529260424996972,25.0,0.0021529725089692526,94.0,0.0021495763459965147,55.0,0.0021499790900887006,40.0,0.002149318777100344,32.0,0.0021592234719256934,0.8579049621645624,0.8547882847289305,0.9440510350957405,0.8182455411395645,0.8265518169109667,0.9512692045800341,1.0,,,,,,,,,,,,,,,,,,,,,,,,
275,other,What is the person holding?,phone,http://images.cocodataset.org/train2014/COCO_train2014_000000393489.jpg,7,83,0.9944493239429144,-0.78076171875,Phone,7,286.0,0.0022097849807454395,87.0,0.0022093923372977654,24.0,0.0022132165413734635,86.0,0.00219310980019644,57.0,0.0022068720380442187,34.0,0.0021882783370655544,28.0,0.0022038378316168693,0.879730233733685,0.96133719955015,0.6567045482143385,0.913504156761702,0.7959667832781808,0.9501623642914803,0.9963070340085628,,,,,,,,,,,,,,,,,,,,,,,,
276,other,What's on the other side of the shower curtain?,shower,http://images.cocodataset.org/train2014/COCO_train2014_000000546179.jpg,4,285,0.9996762842229492,-1.3193359375,Sh,4,24.0,0.0017854511542055897,7.0,0.001783200687354897,53.0,0.0017890956693173497,16.0,0.0017871476599853424,,,,,,,0.9808340377961404,0.863120568566631,0.7956333413577518,0.8112781244591328,,,,,,,,,,,,,,,,,,,,,,,,,,,
277,other,What is the green stuff?,broccoli,http://images.cocodataset.org/train2014/COCO_train2014_000000000009.jpg,4,169,0.9989484858818962,-0.044952392578125,Bro,4,136.0,0.0018434053678306492,187.0,0.0018457876471185519,32.0,0.0018484572070096668,12.0,0.0018438281458612292,,,,,,,0.8617017278054513,0.831584718905171,0.954434002924965,0.9182958340544896,,,,,,,,,,,,,,,,,,,,,,,,,,,
278,other,What is the floor made of?,tile,http://images.cocodataset.org/train2014/COCO_train2014_000000131351.jpg,2,182,0.9966167753916032,-0.22216796875,T,2,24.0,0.0019298455038397949,50.0,0.0019316541687918467,,,,,,,,,,,0.6500224216483541,0.0,,,,,,,,,,,,,,,,,,,,,,,,,,,,,
279,other,What is the ratio of white tiles to blue?,many more white,http://images.cocodataset.org/train2014/COCO_train2014_000000131351.jpg,0,22,0.9977968566302805,-0.193359375,,0,,,,,,,,,,,,,,,,,,,,,,,,,,,,,,,,,,,,,,,,,,,,,
280,other,What power tool is present?,drill,http://images.cocodataset.org/train2014/COCO_train2014_000000131351.jpg,6,192,0.9992054847724626,-0.82275390625,Dr,6,76.0,0.0018611287979364791,25.0,0.0018553961875022082,34.0,0.0018468991307148913,15.0,0.0018546200218850985,82.0,0.0018657638805819833,21.0,0.0018553724273302568,,,0.9162495789675316,0.9787029057127591,0.84317658654417,0.9877812438119247,0.9712505783127896,0.9907017951253161,,,,,,,,,,,,,,,,,,,,,,,,,
281,other,What fruit is present?,watermelon,http://images.cocodataset.org/train2014/COCO_train2014_000000131352.jpg,4,247,0.9958025530791053,-0.52392578125,St,4,22.0,0.001930684563875157,17.0,0.0019327101190467818,40.0,0.0019346626476240594,20.0,0.0019318716458138958,,,,,,,0.8346231278355998,0.9770358764490155,0.9835386311891134,0.9372305632161296,,,,,,,,,,,,,,,,,,,,,,,,,,,
282,other,What do you think the cat is looking at?,bird,http://images.cocodataset.org/train2014/COCO_train2014_000000524572.jpg,7,189,0.9927116391120351,-1.44921875,The,7,87.0,0.0024877452309039053,99.0,0.0025791812185815693,30.0,0.002542884234117749,61.0,0.002571588584986721,74.0,0.002595688320498696,19.0,0.0025570005797656593,15.0,0.002588340499051495,0.9775957621063038,0.9474389931225858,0.9824567505740444,0.9796639330341231,0.9700711375309723,0.9975194757207203,0.8443536850036224,,,,,,,,,,,,,,,,,,,,,,,,
283,other,What utensil is sitting next to the food?,fork,http://images.cocodataset.org/train2014/COCO_train2014_000000112497.jpg,0,838,0.9997076973909963,-0.060394287109375,F,0,,,,,,,,,,,,,,,,,,,,,,,,,,,,,,,,,,,,,,,,,,,,,
284,other,What is in the jug?,beer,http://images.cocodataset.org/train2014/COCO_train2014_000000112497.jpg,9,262,0.9905725971866759,-0.0546875,Be,9,110.0,0.0020818292160829205,16.0,0.002081530200407341,6.0,0.002081852668292765,30.0,0.002081852668292764,24.0,0.002081852668292764,10.0,0.0020813367196760874,18.0,0.0020818526682927644,0.13110652958234503,0.8112781244591328,0.0,0.0,0.0,0.9709505944546686,0.0,24.0,0.002081852668292764,24.0,0.002081852668292764,,,0.0,0.0,,,,,,,,,,,,,,,,
285,other,What is the name of this crusted food?,pizza,http://images.cocodataset.org/train2014/COCO_train2014_000000112497.jpg,7,261,0.9995465885597306,-0.0202178955078125,P,7,66.0,0.0017787124757659197,23.0,0.0017801114740732128,16.0,0.0017848460939641105,17.0,0.0017780594258283494,15.0,0.001777694295145022,21.0,0.0017768461033713296,15.0,0.0017761289957808437,0.9719598103017193,0.9321883810995899,1.0,0.9770358764490155,0.9189900464321514,0.9907017951253161,0.9877812438119246,,,,,,,,,,,,,,,,,,,,,,,,
286,other,What animal is on the flatbed?,cow,http://images.cocodataset.org/train2014/COCO_train2014_000000393503.jpg,7,313,0.9732299993550847,-0.02923583984375,Cow,7,17.0,0.0028755698429582025,28.0,0.0028389254609662118,33.0,0.0028394653130658933,40.0,0.0028573727296498175,22.0,0.0028671370868204953,16.0,0.002866222821167809,18.0,0.002830241388481024,0.9878171319090819,0.9894065290848516,0.9327578209875499,0.9347207933395907,0.9849226290193991,0.9755307720176265,0.977342973473178,,,,,,,,,,,,,,,,,,,,,,,,
287,other,What room of the house is this?,kitchen,http://images.cocodataset.org/train2014/COCO_train2014_000000393508.jpg,0,225,0.9987092647657555,-0.004894256591796875,K,0,,,,,,,,,,,,,,,,,,,,,,,,,,,,,,,,,,,,,,,,,,,,,
288,other,What is the floor made out of?,wood,http://images.cocodataset.org/train2014/COCO_train2014_000000393508.jpg,7,207,0.992869212369072,-0.022216796875,Wood,7,15.0,0.0025051930972354933,28.0,0.0028600070516132873,21.0,0.0026637566897505104,16.0,0.0028842940807485094,31.0,0.003526130830686908,16.0,0.0034646703287040037,26.0,0.003515627994608408,0.9613833012053531,0.9610908909129252,0.9785395778702867,0.9618974703476992,0.9709462384035892,0.985056822321508,0.9595930518283795,,,,,,,,,,,,,,,,,,,,,,,,
289,other,What do you use the stove for?,cooking,http://images.cocodataset.org/train2014/COCO_train2014_000000393508.jpg,11,316,0.9983256503457985,-0.2568359375,Cook,11,21.0,0.0019386992174668344,15.0,0.0019388604398549805,23.0,0.0019420989069560187,16.0,0.0019405885423279302,17.0,0.0019261807732107192,21.0,0.0019510596005580974,24.0,0.001953813816355608,0.9751060324573733,0.9500685975366211,0.962336684315086,0.949701216438411,0.9719977955078913,0.9748830897462037,0.9952467469708334,26.0,0.001945783701253675,29.0,0.0019378097146356779,21.0,0.0019522687684691991,0.9892410142019504,0.9281957285578685,0.9526841246715825,18.0,0.0019392366254273226,0.9182958340544896,,,,,,,,,,,,
290,other,What is the batter wearing on his ankles?,guards,http://images.cocodataset.org/train2014/COCO_train2014_000000414639.jpg,8,233,0.9994681610969386,-0.6708984375,So,8,18.0,0.0017667793972063423,33.0,0.0017670040354005206,32.0,0.001766186027239486,15.0,0.0017661811502260598,33.0,0.0017659399597438905,30.0,0.0017658690213667807,22.0,0.0017649822916529223,0.9656336071428251,0.9258801739422772,0.8387106419146824,0.9189900464321514,0.913029372155315,0.873232899252036,0.8342022886441014,18.0,0.0017656089139840491,,,,,0.9656336071428252,,,,,,,,,,,,,,,,,
291,other,What is the crouching man in the mask called?,catcher,http://images.cocodataset.org/train2014/COCO_train2014_000000414639.jpg,0,1152,1.0000000000000069,-0.63720703125,U,0,,,,,,,,,,,,,,,,,,,,,,,,,,,,,,,,,,,,,,,,,,,,,
292,other,What are the two women carrying?,rackets,http://images.cocodataset.org/train2014/COCO_train2014_000000131366.jpg,8,238,0.9977841953332157,-0.55908203125,Tennis,8,27.0,0.0017987472687293236,58.0,0.001799283823814853,40.0,0.0017991660383093384,33.0,0.001799010498836896,66.0,0.0017986783860843509,20.0,0.0017977230083995298,9.0,0.001797637766126377,0.9746913179422255,0.8299839781647854,0.8454440849153726,0.8490239972249385,0.8905215373805756,0.9630603734213402,0.9182958340544896,17.0,0.0017978240097483917,,,,,0.8846148739279867,,,,,,,,,,,,,,,,,
293,other,What are these people holding?,tennis rackets,http://images.cocodataset.org/train2014/COCO_train2014_000000131366.jpg,10,230,0.9978434285081197,-0.328857421875,Tennis,10,28.0,0.0017917116185029167,20.0,0.0017924144837384557,42.0,0.0017919459069147643,40.0,0.0017917521684203512,37.0,0.0017918825857223721,21.0,0.0017914052413489634,78.0,0.001791676960453825,0.9752813738495056,0.0,0.640009986715779,0.8454440849153726,0.8533777455647802,0.958411422117983,0.8002301191706136,20.0,0.0017908249269750053,10.0,0.0017909763133334296,19.0,0.0017910599742157168,0.9416915491145067,0.9709505944546686,0.8580597279744429,,,,,,,,,,,,,,,
294,other,What is the woman wearing on her neck?,collar,http://images.cocodataset.org/train2014/COCO_train2014_000000131366.jpg,9,299,0.9972510666707383,-1.375,Ne,9,46.0,0.0019955351695128158,15.0,0.0020188327844541188,15.0,0.001977123757056501,29.0,0.0019892689144596384,33.0,0.0019925013277637036,27.0,0.002007246943510335,15.0,0.0019724894206789886,0.9194217731966006,0.9182958340544896,0.9018972358711528,0.9991421039919088,0.7457792179645433,0.9882677137067538,0.0,16.0,0.002009419288687295,15.0,0.0019852338457171494,,,0.954434002924965,0.9500685975366211,,,,,,,,,,,,,,,,
295,other,What sports are they playing?,tennis,http://images.cocodataset.org/train2014/COCO_train2014_000000131366.jpg,12,235,0.9453245324052956,-0.08770751953125,Tennis,12,20.0,0.004635960277484239,17.0,0.004698728958716406,96.0,0.004413855933097986,16.0,0.005077404902310479,71.0,0.004470893485225895,15.0,0.004949869047261882,19.0,0.0048971522582395115,0.8713688243068336,0.8846148739279867,0.9704728707365402,0.9886994082884974,0.9694313683183576,0.9967916319816366,0.922317214818483,16.0,0.004247769025371607,34.0,0.005193760310702034,16.0,0.004978231954690464,0.875,0.9987512731845576,0.9886994082884974,16.0,0.005041985992446188,1.0,22.0,0.004853186156335358,0.998145975216737,,,,,,,,,
296,other,What is the approximate time period of this photo?,1950s,http://images.cocodataset.org/train2014/COCO_train2014_000000131366.jpg,1,208,0.9980913391752583,-0.374755859375,,1,24.0,0.0019319147460243125,,,,,,,,,,,,,0.6500224216483541,,,,,,,,,,,,,,,,,,,,,,,,,,,,,,
297,other,What are the ladies doing?,playing tennis,http://images.cocodataset.org/train2014/COCO_train2014_000000131366.jpg,9,303,0.9829070591273411,-0.42333984375,The,9,18.0,0.0028182612644586155,24.0,0.003167979915356757,30.0,0.002854801347880675,21.0,0.0030332630607969196,35.0,0.0028904010114011607,21.0,0.0028675310897367753,21.0,0.002865214113167677,0.9388201415867107,0.9642934129442273,0.9167195932564663,0.9748830897462036,0.9885178960564939,0.9566859396996199,0.9673577477123131,16.0,0.002978153943466862,15.0,0.002923492888517446,,,0.8620485698650454,0.8830374409547587,,,,,,,,,,,,,,,,
298,other,"What three letter word, best describes the liquid container on the ground between the two people?",jug,http://images.cocodataset.org/train2014/COCO_train2014_000000131366.jpg,10,257,0.9982195893013899,-1.4462890625,B,10,31.0,0.0019172592525456907,23.0,0.0019218388375862943,35.0,0.001917056290205352,22.0,0.0019280817898784345,27.0,0.0019169598636528552,22.0,0.0019177268930477222,85.0,0.0019197491434876012,0.8252412021866898,0.8851529531815774,0.8413673587140449,0.9940302114769565,0.9910760598382222,0.9940302114769565,0.8396697601823643,19.0,0.0019267738029103442,18.0,0.0019203347929902714,16.0,0.0019221277242007745,0.9041116874399233,0.9910760598382222,0.886859507142915,,,,,,,,,,,,,,,
299,other,What does the wall say on the far left?,nothing,http://images.cocodataset.org/train2014/COCO_train2014_000000131366.jpg,11,163,0.9984471262072392,-1.380859375,Nothing,11,44.0,0.001955833648808558,101.0,0.0019462882788324966,16.0,0.0019630722154587105,16.0,0.001962328063747012,15.0,0.001958805745644976,24.0,0.0019538943443477715,120.0,0.0019618815727199925,0.9749837334615129,0.952891630144872,1.0,0.9886994082884974,0.9967916319816366,0.6567045482143387,0.9203045724555968,34.0,0.001959657872310919,47.0,0.0019519574388286718,28.0,0.0019504216363598482,0.9433114115816222,0.9597361139444712,0.9963070340085629,67.0,0.00194168063043289,0.8565321001497591,,,,,,,,,,,,
300,other,What is the woman wearing?,skirt,http://images.cocodataset.org/train2014/COCO_train2014_000000131366.jpg,2,290,0.9916186176181301,-1.0517578125,Sk,2,79.0,0.0024065008154318993,16.0,0.0024894151630262752,,,,,,,,,,,0.9604367955302698,0.954434002924965,,,,,,,,,,,,,,,,,,,,,,,,,,,,,
301,other,What type of photo is this?,black and white,http://images.cocodataset.org/train2014/COCO_train2014_000000131366.jpg,8,288,0.9971824707938662,-0.265869140625,Black,8,15.0,0.0018533516517810476,16.0,0.0018479185325389327,15.0,0.0018462829568501296,36.0,0.0018505191605498643,21.0,0.0018491405143753938,50.0,0.0018544044361324618,40.0,0.001851471679724951,0.9967916319816366,0.5435644431995964,0.9967916319816366,0.9736669121131954,0.9095134728820529,0.6207550943681299,0.9810121942868794,19.0,0.001846449185958247,,,,,0.6858128831725212,,,,,,,,,,,,,,,,,
302,other,What sport is this?,tennis,http://images.cocodataset.org/train2014/COCO_train2014_000000131366.jpg,12,247,0.950391586978186,-0.0469970703125,Tennis,12,22.0,0.004225638901591016,19.0,0.004419291995947643,106.0,0.004087757037141316,15.0,0.004425622130149169,77.0,0.004175205441889435,15.0,0.0036611779575070964,16.0,0.0044299539804608075,0.8949645376549995,0.8693978806749074,0.9747010836465191,0.9967916319816366,0.9813951205531424,0.9664572819896989,1.0,20.0,0.004303056247802222,33.0,0.004504545199730727,15.0,0.004424602871252311,0.9545258142257613,0.9962859311888502,0.9967916319816366,23.0,0.004396052543239287,0.9982526816976661,16.0,0.0044509761952084646,1.0,,,,,,,,,
303,other,What are the people holding?,tennis rackets,http://images.cocodataset.org/train2014/COCO_train2014_000000131366.jpg,9,214,0.9977089109447648,-0.5537109375,Tennis,9,26.0,0.0018056127788065837,18.0,0.0018068337856965452,34.0,0.0018066050264645133,39.0,0.001806015711080271,32.0,0.0018056780263622648,17.0,0.001804798295387044,61.0,0.0018054416376769237,0.9612366047228759,0.9910760598382222,0.8726389366057715,0.8180920331548348,0.876310203736037,0.9603948809345497,0.8599866863543465,15.0,0.001804008375753173,18.0,0.0018044528222611192,,,0.9877812438119247,0.9388201415867106,,,,,,,,,,,,,,,,
304,other,What is the group of people holding in their hand?,tennis rackets,http://images.cocodataset.org/train2014/COCO_train2014_000000131366.jpg,8,229,0.9977601653316256,-0.3046875,Tennis,8,25.0,0.001800983005966955,55.0,0.0018014103711910979,37.0,0.0018012135864032043,32.0,0.0018011045214647143,18.0,0.001799960905461749,70.0,0.0018008959500879615,16.0,0.001799608248544534,0.9899449185263031,0.8690482588113873,0.9568279441856422,0.9248008763572906,0.9915323997298832,0.8253557599519039,0.9414280318460244,18.0,0.0018000415127571122,,,,,0.9388201415867106,,,,,,,,,,,,,,,,,
305,other,Is the game live or on television?,live,http://images.cocodataset.org/train2014/COCO_train2014_000000131366.jpg,5,167,0.9256442487071356,-0.353515625,Live,5,108.0,0.006571241701284545,69.0,0.00776787607378518,15.0,0.006457809960100489,3.0,0.0041377272055563765,63.0,0.0061796158293867766,,,,,0.957201591796741,0.9692139650236552,0.9602297178607612,0.0,0.9683794046145379,,,,,,,,,,,,,,,,,,,,,,,,,,
306,other,How would you call for more information about the bus?,877-pwp-green,http://images.cocodataset.org/train2014/COCO_train2014_000000262442.jpg,3,203,0.8133280889831114,-1.8447265625,Call,3,48.0,0.01856548540468819,20.0,0.029135338345864664,27.0,0.02485380116959066,,,,,,,,,0.9559535376785966,0.8911143594569009,0.8825761188072606,,,,,,,,,,,,,,,,,,,,,,,,,,,,
307,other,What pattern does the woman have on?,polka dot,http://images.cocodataset.org/train2014/COCO_train2014_000000021895.jpg,7,169,0.9718533118642517,-0.8271484375,Pol,7,431.0,0.0028650580697702948,18.0,0.002878003905213131,18.0,0.0028743677663562606,67.0,0.0028535549417053655,74.0,0.0028653265562256602,19.0,0.002887285628084619,22.0,0.0028508981428255506,0.7840307150123392,1.0,1.0,0.9815076071001441,0.9639740972068495,0.9980008838722996,0.9741707427017494,,,,,,,,,,,,,,,,,,,,,,,,
308,other,What is running across the beach?,horse,http://images.cocodataset.org/train2014/COCO_train2014_000000131373.jpg,6,317,0.9992912546374866,-1.6455078125,W,6,27.0,0.0018510061540594576,24.0,0.0018438594121518912,15.0,0.0018395713670073524,15.0,0.0018397857692645785,21.0,0.0018296169764932429,16.0,0.0018403753754719526,,,0.9376547517881335,0.9745411476764105,0.9018972358711528,0.9500685975366211,0.9838704118664547,0.9755307720176266,,,,,,,,,,,,,,,,,,,,,,,,,
309,other,What is causing the smoke?,grill,http://images.cocodataset.org/train2014/COCO_train2014_000000131374.jpg,3,157,0.946282019241131,-1.5546875,A,3,189.0,0.005777164327888962,16.0,0.0055253623188405805,31.0,0.005675549322113138,,,,,,,,,0.9066994906943298,0.9965119062478288,0.9085785533793025,,,,,,,,,,,,,,,,,,,,,,,,,,,,
310,other,What ethnicity is the man?,african american,http://images.cocodataset.org/train2014/COCO_train2014_000000109277.jpg,6,200,0.9984953444845472,-0.312744140625,Black,6,42.0,0.0019756344421263694,42.0,0.0019787294601939596,92.0,0.001975885224222754,20.0,0.0019584880420319213,20.0,0.001971841638167178,5.0,0.0019271720864934873,,,0.9853451944291879,0.9884901271313136,0.918573095818467,0.9927376486136672,0.8427376486136672,0.9709505944546686,,,,,,,,,,,,,,,,,,,,,,,,,
311,other,Is the man wearing shorts or pants?,shorts,http://images.cocodataset.org/train2014/COCO_train2014_000000131376.jpg,3,211,0.8426432508254216,-0.603515625,Short,3,16.0,0.012315909562331468,32.0,0.02534484546774528,24.0,0.018400401023300834,,,,,,,,,0.9592101522724051,0.9430724224262939,0.9454524971459923,,,,,,,,,,,,,,,,,,,,,,,,,,,,
312,color recognition,What color is the players shirt?,orange,http://images.cocodataset.org/train2014/COCO_train2014_000000458752.jpg,8,255,0.9980498140473184,-0.2166748046875,Orange,8,35.0,0.0018660560645441058,34.0,0.0018517528625494782,16.0,0.0018460425488035165,18.0,0.0018761632032837153,32.0,0.0018601406263091072,20.0,0.001857079329479321,33.0,0.001858456180685062,0.9110899947317055,0.9301612086708825,0.9320201587042914,0.9910760598382222,0.9025182662886329,0.9304820237218406,0.9815069814404956,34.0,0.0018600932378132896,,,,,0.8752795952048481,,,,,,,,,,,,,,,,,
313,color recognition,What color is the snow?,white,http://images.cocodataset.org/train2014/COCO_train2014_000000262146.jpg,3,276,0.9077532437680196,-0.1436767578125,White,3,30.0,0.010005215036529177,21.0,0.011108096156251515,34.0,0.00857511861886245,,,,,,,,,0.9589781018452739,0.9424257960378288,0.9405271218649657,,,,,,,,,,,,,,,,,,,,,,,,,,,,
314,color recognition,What color is the persons headwear?,red,http://images.cocodataset.org/train2014/COCO_train2014_000000262146.jpg,6,124,0.9972441220542139,-0.248779296875,Red,6,130.0,0.001938529540059535,11.0,0.0019371618814780106,72.0,0.001939147980847964,122.0,0.0019383027490505204,32.0,0.0019387110389865734,95.0,0.0019391939747281112,,,0.8660891192748994,0.9456603046006401,0.8161002596500767,0.7613690190513536,0.8013186160632796,0.8557218737374815,,,,,,,,,,,,,,,,,,,,,,,,,
315,color recognition,What color is the toothbrush?,white and purple,http://images.cocodataset.org/train2014/COCO_train2014_000000393223.jpg,6,265,0.9984644873735518,-0.87109375,White,6,41.0,0.0018762170887940458,15.0,0.0018734607548156637,19.0,0.0018772684558550953,35.0,0.0018671077441865327,12.0,0.0018670307690981352,24.0,0.0018758315875383293,,,0.9455019762301945,0.8616157143988104,0.9826301639446198,0.970185940599928,0.9808340377961404,0.9795739585136223,,,,,,,,,,,,,,,,,,,,,,,,,
316,color recognition,What colors are shown in this picture?,black and white,http://images.cocodataset.org/train2014/COCO_train2014_000000524297.jpg,1,258,0.992914064332877,-0.484130859375,Black,1,43.0,0.0028029388106211484,,,,,,,,,,,,,0.956136487984946,,,,,,,,,,,,,,,,,,,,,,,,,,,,,,
317,color recognition,What color is his hat?,blue,http://images.cocodataset.org/train2014/COCO_train2014_000000393227.jpg,6,135,0.9829043194107898,-0.037811279296875,Blue,6,44.0,0.0049601628334041215,99.0,0.004978272105620286,43.0,0.004784425132249869,40.0,0.004831092802118034,18.0,0.005581398482209926,30.0,0.003133824442505757,,,0.908507249024317,0.9572973371768019,0.9682713183303878,0.9280612399263961,0.8783471047618534,0.9700931717342787,,,,,,,,,,,,,,,,,,,,,,,,,
318,color recognition,What color is the jacket?,green,http://images.cocodataset.org/train2014/COCO_train2014_000000131084.jpg,4,239,0.9725688770147909,-0.180419921875,Green,4,26.0,0.0053234859879169255,19.0,0.005746655467005389,21.0,0.004745222339617045,14.0,0.0046416701243482085,,,,,,,0.9205473661494109,0.9462035592964384,0.966473048732172,0.9315602842833155,,,,,,,,,,,,,,,,,,,,,,,,,,,
319,color recognition,What color is the sky?,gray,http://images.cocodataset.org/train2014/COCO_train2014_000000393230.jpg,9,161,0.9977372969936892,-0.5439453125,Gray,9,143.0,0.0021834884557649344,80.0,0.0021405715112766815,17.0,0.0022404186704887345,15.0,0.0021571687474828843,18.0,0.00214793932071419,23.0,0.00208989060393283,9.0,0.002082564214435942,0.9682545504804643,0.9764571410671463,0.9975025463691153,0.8830374409547587,0.9915323997298832,0.9567150059945365,0.9910760598382222,21.0,0.0021218691866597642,52.0,0.0021386413186591903,,,0.9907017951253161,0.9583101608178904,,,,,,,,,,,,,,,,
320,color recognition,What color is his coat?,blue,http://images.cocodataset.org/train2014/COCO_train2014_000000393230.jpg,1,274,0.8730802150318975,-0.055206298828125,Blue,1,36.0,0.014994718103212179,,,,,,,,,,,,,0.922563834946385,,,,,,,,,,,,,,,,,,,,,,,,,,,,,,
321,color recognition,What color is the bear?,black,http://images.cocodataset.org/train2014/COCO_train2014_000000137045.jpg,4,288,0.9057041960184353,-0.0655517578125,Black,4,15.0,0.005202675019494337,33.0,0.005845597644098893,44.0,0.010144301646175087,19.0,0.008487079480549829,,,,,,,0.9949490477321437,0.9766146686727133,0.9633736750888057,0.9826301639446198,,,,,,,,,,,,,,,,,,,,,,,,,,,
322,color recognition,What color are the leaves?,green,http://images.cocodataset.org/train2014/COCO_train2014_000000262171.jpg,9,205,0.9793253686572623,-0.11309814453125,Green,9,67.0,0.0027563425781976137,26.0,0.002760521165525467,41.0,0.00276096893098083,60.0,0.0027518009332822497,25.0,0.0027565113080396677,130.0,0.002723707775113668,45.0,0.00273166844265241,0.9591117208371173,0.8904916402194913,0.7592757847892833,0.8611637388147135,0.9426831892554922,0.9462912382417463,0.8840590886723805,17.0,0.0027233354921011644,16.0,0.0027239704690905212,,,0.9770358764490155,0.9320201587042914,,,,,,,,,,,,,,,,
323,color recognition,What color is the umbrella?,pink,http://images.cocodataset.org/train2014/COCO_train2014_000000131101.jpg,4,199,0.9995078127862385,-0.032745361328125,P,4,157.0,0.0018197644172073559,43.0,0.0018190510432845141,16.0,0.0018135646793340562,8.0,0.001813220614701285,,,,,,,0.9569290005013454,0.9371812345985138,0.9414280318460245,0.954434002924965,,,,,,,,,,,,,,,,,,,,,,,,,,,
324,color recognition,What color is the vase?,white,http://images.cocodataset.org/train2014/COCO_train2014_000000000030.jpg,6,194,0.8873180952183701,-0.039337158203125,White,6,15.0,0.0054811785999545675,205.0,0.008395321363827833,11.0,0.006973000180149161,32.0,0.006117059697320858,15.0,0.0056118224290749525,27.0,0.007255780541629869,,,0.982798115178801,0.9752418763751252,0.9940302114769565,0.9647491876536026,0.9664572819896989,0.9700484006760405,,,,,,,,,,,,,,,,,,,,,,,,,
325,color recognition,What color is the napkin?,white,http://images.cocodataset.org/train2014/COCO_train2014_000000043697.jpg,5,270,0.9625787010767086,-0.050567626953125,White,5,37.0,0.0053122705574200286,16.0,0.004334162396441211,16.0,0.007394243642932091,35.0,0.007825736330348682,55.0,0.0056115462492727685,,,,,0.9606904557641119,0.9886085007312413,0.954434002924965,0.9990990079161626,0.9865305745027748,,,,,,,,,,,,,,,,,,,,,,,,,,
326,color recognition,What color is the refrigerator?,silver,http://images.cocodataset.org/train2014/COCO_train2014_000000131113.jpg,3,131,0.997206941746199,-0.28759765625,Silver,3,208.0,0.0025966036806560643,89.0,0.002619161647017507,4.0,0.00184535424237542,,,,,,,,,0.9675362672215454,0.9636613810442772,1.0,,,,,,,,,,,,,,,,,,,,,,,,,,,,
327,color recognition,What color is the plane?,red,http://images.cocodataset.org/train2014/COCO_train2014_000000262187.jpg,1,84,0.9970686913214252,-0.1612548828125,Red,1,400.0,0.0019356280489466623,,,,,,,,,,,,,0.9413168583140109,,,,,,,,,,,,,,,,,,,,,,,,,,,,,,
328,color recognition,What color horse is closer to the camera?,black,http://images.cocodataset.org/train2014/COCO_train2014_000000000049.jpg,2,225,0.97689090973211,-0.25439453125,Black,2,81.0,0.005928211647724759,15.0,0.004391468290540524,,,,,,,,,,,0.9374116909284885,0.9664572819896989,,,,,,,,,,,,,,,,,,,,,,,,,,,,,
329,color recognition,What color is the girl's shirt?,blue,http://images.cocodataset.org/train2014/COCO_train2014_000000393268.jpg,6,214,0.9926799342062382,-0.2418212890625,Blue,6,26.0,0.0037554590782712554,37.0,0.004220036162241994,21.0,0.0030186900384006105,32.0,0.0037089281458175284,9.0,0.0024654086407566583,43.0,0.004074469365942721,,,0.9004869239372724,0.9520963461497679,0.9973038706391728,0.9228706644241552,1.0,0.9419833094888769,,,,,,,,,,,,,,,,,,,,,,,,,
330,color recognition,What color are the flowers?,yellow and white,http://images.cocodataset.org/train2014/COCO_train2014_000000131128.jpg,6,184,0.9932203132906835,-0.276611328125,Y,6,99.0,0.00219754565918216,67.0,0.002195243512237436,15.0,0.0022118910724569655,226.0,0.0021801724208000794,35.0,0.0021845699788964773,15.0,0.0021544358531358277,,,0.936990429605265,0.9557621930640252,0.9967916319816366,0.9317972892241518,0.9829668274707233,0.9664572819896989,,,,,,,,,,,,,,,,,,,,,,,,,
331,color recognition,What colors are the flowers?,yellow and white,http://images.cocodataset.org/train2014/COCO_train2014_000000131128.jpg,2,197,0.9964123442791327,-0.74072265625,Y,2,22.0,0.0019668782076462583,12.0,0.001978215808127622,,,,,,,,,,,0.9023932827949788,0.6500224216483541,,,,,,,,,,,,,,,,,,,,,,,,,,,,,
332,color recognition,What color is the animal?,gray,http://images.cocodataset.org/train2014/COCO_train2014_000000262204.jpg,5,162,0.9977750720893329,-0.10003662109375,Gray,5,297.0,0.002116183764082571,27.0,0.002103739801793968,18.0,0.0020593750623059326,33.0,0.002050073889470968,12.0,0.002107121082858759,,,,,0.9501400650700189,0.9270281018844788,0.9915323997298832,0.9534051641692914,0.9182958340544896,,,,,,,,,,,,,,,,,,,,,,,,,,
333,color recognition,What color is the plane?,red and white,http://images.cocodataset.org/train2014/COCO_train2014_000000131133.jpg,5,113,0.9972706387553993,-0.1915283203125,Red,5,99.0,0.0019704982329012675,125.0,0.001963365617074293,112.0,0.001964057058386885,47.0,0.0019646262092728214,16.0,0.001959333857387934,,,,,0.7594221936717039,0.8722342369099955,0.8500502918693376,0.9399817607568379,0.6695919455357793,,,,,,,,,,,,,,,,,,,,,,,,,,
334,color recognition,What color are the seats?,tan,http://images.cocodataset.org/train2014/COCO_train2014_000000262207.jpg,2,254,0.9043728277435148,-0.802734375,Brown,2,17.0,0.007265458383351089,123.0,0.00889650030661336,,,,,,,,,,,0.9256134079485958,0.9745395617517234,,,,,,,,,,,,,,,,,,,,,,,,,,,,,
335,color recognition,What color is the middle vase?,blue,http://images.cocodataset.org/train2014/COCO_train2014_000000458763.jpg,3,92,0.9907546948785773,-0.2142333984375,Blue,3,133.0,0.0023132379142959112,214.0,0.0023204018888574973,110.0,0.0023180491516233853,,,,,,,,,0.9251429631450588,0.8385410607730767,0.9133799150713223,,,,,,,,,,,,,,,,,,,,,,,,,,,,
336,color recognition,What color is the window frame?,white,http://images.cocodataset.org/train2014/COCO_train2014_000000393291.jpg,9,220,0.9995118095052999,-1.1689453125,Brown,9,17.0,0.0018262115338496855,22.0,0.0018368352672371308,27.0,0.0018351759761194811,16.0,0.0018361352537968729,24.0,0.0018534022519899052,22.0,0.0018348625020873123,16.0,0.0018314101630751312,0.9664022887695614,0.9385170840201624,0.7400999512755887,1.0,0.6500224216483541,0.9747321513897027,0.954434002924965,31.0,0.0018357513754586675,18.0,0.0018387019697444862,,,0.9490909276052699,0.8527924884900406,,,,,,,,,,,,,,,,
337,color recognition,What color is the sign?,white,http://images.cocodataset.org/train2014/COCO_train2014_000000131160.jpg,8,165,0.9962148723517783,-1.251953125,White,8,159.0,0.0021557739331708623,43.0,0.002142210653878045,18.0,0.002144551826215664,14.0,0.002144163137371966,16.0,0.0021385660180227245,20.0,0.0021263223194462584,6.0,0.0020569413608462843,0.9784573843780636,0.9441951356456132,0.9081700569267038,0.8699155297736259,0.949701216438411,0.9630603734213403,0.9182958340544896,36.0,0.0020865076255568616,,,,,0.9803813185510977,,,,,,,,,,,,,,,,,
338,color recognition,What color is the tray?,white,http://images.cocodataset.org/train2014/COCO_train2014_000000524377.jpg,5,247,0.9933599547842099,-0.25,White,5,26.0,0.002341989948753497,16.0,0.0023367291362364766,26.0,0.002263530048047167,112.0,0.0023004781592284407,34.0,0.0023654360612860984,,,,,0.9715547730761043,0.8620485698650454,0.9626929962053595,0.9377229598234711,0.9549610166279003,,,,,,,,,,,,,,,,,,,,,,,,,,
339,color recognition,What color is the bathroom?,yellow,http://images.cocodataset.org/train2014/COCO_train2014_000000262159.jpg,8,331,0.9971320247078584,-0.6669921875,Y,8,53.0,0.001992451173879532,19.0,0.001993574579050223,19.0,0.0019877992905745637,18.0,0.001986324911373767,125.0,0.0019985369269195,26.0,0.0019945424158552094,17.0,0.002002197068567104,0.9717509182350144,0.9975194757207203,0.9041116874399232,0.9773429734731779,0.8491925951169725,0.7062740891876007,0.9774178175281716,29.0,0.001998121788941978,,,,,0.9862644703372159,,,,,,,,,,,,,,,,,
340,color recognition,What color is the wall?,yellow,http://images.cocodataset.org/train2014/COCO_train2014_000000262159.jpg,11,310,0.9970973432156874,-0.447509765625,Y,11,15.0,0.0019983720300577575,31.0,0.0019889070236402775,25.0,0.0019920746755521645,18.0,0.0019909905156189674,19.0,0.0019859066189557377,15.0,0.001987299758399573,20.0,0.0019854832138306512,0.9967916319816366,0.9602796710869437,0.9787029057127591,0.9910760598382222,0.9656476401164373,0.7219280948873623,0.9372305632161296,117.0,0.0019961362828960112,25.0,0.001993527911207301,16.0,0.001999496557648041,0.8524633039008181,0.9607709666679639,1.0,28.0,0.00199412106861756,0.9417346261113358,,,,,,,,,,,,
341,color recognition,What color are the bathroom walls?,yellow,http://images.cocodataset.org/train2014/COCO_train2014_000000262159.jpg,8,342,0.9971012846942381,-0.459228515625,Y,8,26.0,0.0019937725808297905,17.0,0.001984848048772086,15.0,0.0019875322910619347,17.0,0.001982462055625553,22.0,0.0019944462484751857,48.0,0.0019911237078293733,16.0,0.001991334967639222,0.9351466105037403,0.9256134079485958,0.7219280948873623,0.8726389366057714,0.9456603046006401,0.9082507807005726,0.886859507142915,17.0,0.001982462055625553,,,,,0.9967828263127351,,,,,,,,,,,,,,,,,
342,color recognition,What color is the sofa?,gray,http://images.cocodataset.org/train2014/COCO_train2014_000000524386.jpg,8,240,0.9993364741877573,-1.083984375,Brown,8,21.0,0.0018637168527514503,67.0,0.0018784473550432518,21.0,0.0018801112656011282,15.0,0.0018588968953736444,16.0,0.0018602023004968002,26.0,0.0018579346694502365,16.0,0.0018599871238281483,0.91874241485597,0.9259038721253848,0.9748830897462037,0.8830374409547587,0.9618974703476992,0.9771744945121783,0.9528195311147832,19.0,0.001877065356266425,,,,,0.8699773237111814,,,,,,,,,,,,,,,,,
343,color recognition,What color is the man's shirt in the front of the photo?,black,http://images.cocodataset.org/train2014/COCO_train2014_000000131172.jpg,3,256,0.9318268757869371,-0.06817626953125,Black,3,15.0,0.007596107030301112,23.0,0.007388789298223208,20.0,0.00851398168117654,,,,,,,,,0.9161314485121343,0.9574188086517484,0.9854752972273343,,,,,,,,,,,,,,,,,,,,,,,,,,,,
344,color recognition,What color is the traffic signal?,green,http://images.cocodataset.org/train2014/COCO_train2014_000000393317.jpg,3,227,0.9234732497615507,-0.161865234375,Green,3,43.0,0.00838958613306607,15.0,0.009880509304603333,32.0,0.0082705680705191,,,,,,,,,0.9504945600763801,0.8830374409547587,0.9013890784549865,,,,,,,,,,,,,,,,,,,,,,,,,,,,
345,color recognition,What color is the woman's sweater?,gray,http://images.cocodataset.org/train2014/COCO_train2014_000000000110.jpg,5,174,0.9964834983483016,-0.7490234375,Gray,5,106.0,0.002197683329854856,170.0,0.0021873880630661723,27.0,0.002156435539641552,27.0,0.0022061929904007927,19.0,0.002154285356173839,,,,,0.9412498558940815,0.9751095318372269,0.954344742503988,0.9984765590903153,0.9656476401164373,,,,,,,,,,,,,,,,,,,,,,,,,,
346,color recognition,What color are the chairs?,blue,http://images.cocodataset.org/train2014/COCO_train2014_000000000113.jpg,2,232,0.963068308150454,-0.097900390625,Blue,2,41.0,0.011686365576733786,31.0,0.009731492296243005,,,,,,,,,,,0.9012060665907728,0.9177269912247596,,,,,,,,,,,,,,,,,,,,,,,,,,,,,
347,color recognition,What color is the building?,red,http://images.cocodataset.org/train2014/COCO_train2014_000000131190.jpg,5,209,0.995158748873777,-0.46142578125,Red,5,15.0,0.0019954250826256553,23.0,0.0019959286508561833,49.0,0.00200896563594973,16.0,0.0019989410679495186,22.0,0.0020001632018856207,,,,,0.9877812438119247,0.8567985762221871,0.8914220365347665,0.954434002924965,0.9849226290193991,,,,,,,,,,,,,,,,,,,,,,,,,,
348,color recognition,What color are the flowers?,red,http://images.cocodataset.org/train2014/COCO_train2014_000000131190.jpg,8,183,0.9954785523605432,-0.70361328125,Red,8,22.0,0.001984996549413056,74.0,0.0019797827291438055,31.0,0.0019760201956353705,79.0,0.001981697056010294,9.0,0.001967176916336738,16.0,0.0019799249712642475,15.0,0.0019808372173966736,0.8453509366224364,0.9722301747663044,0.939870414848049,0.8882716820891052,0.9656336071428252,0.9463946303571862,0.9189900464321514,21.0,0.0019834837336489904,,,,,0.9937866610055328,,,,,,,,,,,,,,,,,
349,color recognition,What color is the clock tower in this photo?,white,http://images.cocodataset.org/train2014/COCO_train2014_000000131190.jpg,6,275,0.9995849105350411,-1.2724609375,Brown,6,27.0,0.0018358567411036154,95.0,0.0018298433664537212,16.0,0.0018284036134160488,69.0,0.001822160606324494,16.0,0.001814843870367284,5.0,0.0017988473039300457,,,0.9629892990890716,0.9316909514270915,0.886859507142915,0.9762856723163071,0.9528195311147832,0.9709505944546686,,,,,,,,,,,,,,,,,,,,,,,,,
350,color recognition,What color plate is this?,white,http://images.cocodataset.org/train2014/COCO_train2014_000000000127.jpg,8,203,0.995973150086361,-0.2568359375,White,8,54.0,0.002218667583542373,28.0,0.0021634821712575797,19.0,0.0021637626693998403,62.0,0.002202399026414473,16.0,0.002139955389575455,29.0,0.0021269303616160773,42.0,0.0021727386099521856,0.9665358227274187,0.9716259058814692,0.9720048748581784,0.981099251561413,0.9414280318460244,0.9410844810957496,0.9653900839335855,16.0,0.00218977887209453,,,,,0.9320201587042914,,,,,,,,,,,,,,,,,
351,color recognition,What color are the skis?,yellow,http://images.cocodataset.org/train2014/COCO_train2014_000000262273.jpg,5,243,0.9969859200182528,-1.0576171875,Black,5,17.0,0.0018597551296311821,17.0,0.0018596127614822406,164.0,0.001855556137335861,25.0,0.0018588553629298682,13.0,0.0018589447263218195,,,,,0.8846148739279867,0.9127332405984697,0.9354835403045169,0.9455672104350705,0.9957274520849255,,,,,,,,,,,,,,,,,,,,,,,,,,
352,color recognition,What color is the man's hat?,black,http://images.cocodataset.org/train2014/COCO_train2014_000000262273.jpg,3,227,0.9586029798399085,-0.1739501953125,Black,3,65.0,0.004412012122490091,31.0,0.005436393072197071,26.0,0.006109474789303317,,,,,,,,,0.9742882398439692,0.983178639640882,0.936291221885284,,,,,,,,,,,,,,,,,,,,,,,,,,,,
353,color recognition,What color is the woman's shorts?,black,http://images.cocodataset.org/train2014/COCO_train2014_000000524420.jpg,9,161,0.9959097400538736,-0.200439453125,Black,9,105.0,0.0019368322478727769,15.0,0.0019332323675627593,18.0,0.0019372912930129826,137.0,0.0019331373136516692,27.0,0.00192545276044983,21.0,0.0019393449160086313,31.0,0.0019376459034353799,0.9595936926943714,0.9018972358711528,0.9656336071428252,0.9201585150936193,0.9394813386904579,0.9937866610055328,0.9139915522379011,19.0,0.0019357335913599367,19.0,0.0019347989703681083,,,0.9894975386227151,0.8314743880097293,,,,,,,,,,,,,,,,
354,color recognition,What color is the girl's hair?,red,http://images.cocodataset.org/train2014/COCO_train2014_000000131208.jpg,3,146,0.9981393290525684,-0.162353515625,Red,3,37.0,0.0018967316167591709,185.0,0.001903951433881028,87.0,0.001906273043828595,,,,,,,,,0.9672883057078691,0.9153538492406528,0.9049787385255279,,,,,,,,,,,,,,,,,,,,,,,,,,,,
355,color recognition,What color is the catcher's pants?,gray,http://images.cocodataset.org/train2014/COCO_train2014_000000284012.jpg,4,212,0.997478538919254,-0.6669921875,White,4,124.0,0.0022068266414216595,89.0,0.0021489520260790647,23.0,0.0021044894658238285,33.0,0.002088594720200712,,,,,,,0.9599856159666967,0.9591988756278352,0.9741887370104049,0.92966092263565,,,,,,,,,,,,,,,,,,,,,,,,,,,
356,color recognition,What color flowers are on the top right?,purple,http://images.cocodataset.org/train2014/COCO_train2014_000000262283.jpg,0,1152,1.0000000000000069,-0.6318359375,P,0,,,,,,,,,,,,,,,,,,,,,,,,,,,,,,,,,,,,,,,,,,,,,
357,color recognition,What color is the cloth?,gray,http://images.cocodataset.org/train2014/COCO_train2014_000000524428.jpg,5,258,0.9964190415730366,-1.0263671875,White,5,30.0,0.0022487270879438955,23.0,0.002178611085533928,34.0,0.0021605898326173406,16.0,0.002087745397378097,16.0,0.002241490942005448,,,,,0.9100559822354629,0.9459180977787195,0.944894397171282,0.9822177815287605,0.8620485698650454,,,,,,,,,,,,,,,,,,,,,,,,,,
358,color recognition,What color is the milk carton?,blue,http://images.cocodataset.org/train2014/COCO_train2014_000000000142.jpg,6,226,0.9957970514138308,-0.415283203125,White,6,45.0,0.002275895067507127,68.0,0.002264751622423918,47.0,0.002210267161276984,27.0,0.002202899092192162,18.0,0.0022471948275034907,17.0,0.002223619273584738,,,0.9736448437739676,0.967445571255368,0.9760411840802318,0.9502839500170489,0.9656336071428252,0.9967828263127351,,,,,,,,,,,,,,,,,,,,,,,,,
359,color recognition,What color is the building?,red,http://images.cocodataset.org/train2014/COCO_train2014_000000000149.jpg,5,222,0.9992384661839169,-0.73974609375,Brown,5,32.0,0.0018437187649490711,122.0,0.001838662021997125,19.0,0.0018473648798434993,11.0,0.001841531096012414,37.0,0.001838587925791326,,,,,0.9228706644241552,0.9200093403349807,0.989497538622715,0.9456603046006401,0.9578256606002483,,,,,,,,,,,,,,,,,,,,,,,,,,
360,color recognition,What color is this girl's shirt?,red,http://images.cocodataset.org/train2014/COCO_train2014_000000109986.jpg,9,137,0.9951018531690581,-0.07135009765625,Red,9,15.0,0.0019893973330663895,100.0,0.0019929176520640164,22.0,0.0019918392605055013,32.0,0.0020012950936596713,57.0,0.001994701081319237,16.0,0.0019933180674950256,15.0,0.0019893973330663895,0.9877812438119246,0.9014948011070189,0.9849226290193991,0.8620485698650454,0.9599705020619219,0.8112781244591328,0.9877812438119246,44.0,0.0019921805236569304,17.0,0.001990594653717938,,,0.8612558813817124,0.8726389366057715,,,,,,,,,,,,,,,,
361,color recognition,What color is the girls hot dog?,red,http://images.cocodataset.org/train2014/COCO_train2014_000000109986.jpg,8,166,0.9952121637405187,-1.0380859375,Red,8,74.0,0.001982609778099666,20.0,0.001983141922877538,32.0,0.0019913665909000277,67.0,0.0019857495629877885,15.0,0.0019848865494277628,18.0,0.0019816742211765537,67.0,0.0019822528701152684,0.8642472402750382,0.9794359242226801,0.8194483718728035,0.8462325376058465,0.9967916319816366,0.9910760598382222,0.8992677395922104,9.0,0.0019816742211765537,,,,,0.9910760598382222,,,,,,,,,,,,,,,,,
362,color recognition,What color are the girl's lips?,red,http://images.cocodataset.org/train2014/COCO_train2014_000000109986.jpg,4,192,0.9953023371337186,-0.5419921875,Red,4,25.0,0.0019807969154889034,66.0,0.0019769822456251348,31.0,0.0019744198470908864,87.0,0.0019751587846651,,,,,,,0.7683442422420085,0.882723253259938,0.7088356733321961,0.8497481188080189,,,,,,,,,,,,,,,,,,,,,,,,,,,
363,color recognition,What color is the school bus?,blue yellow,http://images.cocodataset.org/train2014/COCO_train2014_000000131225.jpg,5,224,0.9920604224961552,-0.274658203125,Blue,5,253.0,0.0023586058401468247,31.0,0.0023730065523858827,18.0,0.002325483581045482,15.0,0.0022446838183532783,15.0,0.002269255800980223,,,,,0.9341424645926992,0.8546474832938571,0.9182958340544896,0.9602297178607612,0.9949490477321437,,,,,,,,,,,,,,,,,,,,,,,,,,
364,color recognition,What color is the bus?,blue and yellow,http://images.cocodataset.org/train2014/COCO_train2014_000000131225.jpg,8,148,0.8548308661085959,-0.2734375,Blue,8,27.0,0.005309329510584415,23.0,0.007999418139636266,233.0,0.010062277245796121,12.0,0.0063074763324888925,60.0,0.0068357864882294915,15.0,0.005537324653761325,17.0,0.012251312719245016,0.96799745811576,0.9978904239542103,0.9709554382942021,0.920619835714305,0.9544094097657728,0.9664572819896988,0.9975025463691153,18.0,0.01246649255264692,,,,,0.9910760598382222,,,,,,,,,,,,,,,,,
365,color recognition,What color are the stakes in the dirt?,yellow,http://images.cocodataset.org/train2014/COCO_train2014_000000262299.jpg,10,239,0.998274285916836,-0.028228759765625,Y,10,17.0,0.0019161925008567306,7.0,0.0019091734807070715,18.0,0.0019123520906030966,22.0,0.0019131771603966825,61.0,0.001914492647137909,21.0,0.001912435738231939,18.0,0.0019160116743649673,0.8702290979524684,0.9852281360342515,0.9455305560363263,0.9056185178648963,0.9446013670243736,0.9018367817572371,0.9206198357143051,16.0,0.0019142550741592691,32.0,0.0019181250839874465,18.0,0.001914694224210694,0.886859507142915,0.9419263952143704,0.9656336071428252,,,,,,,,,,,,,,,
366,color recognition,What color shirt is the man standing in the background wearing?,yellow,http://images.cocodataset.org/train2014/COCO_train2014_000000262299.jpg,3,206,0.8371392918060194,-0.043914794921875,Y,3,19.0,0.023552858048736292,69.0,0.02417142020295166,4.0,0.00574648825717617,,,,,,,,,0.8597769141610625,0.9385431303115821,1.0,,,,,,,,,,,,,,,,,,,,,,,,,,,,
367,color recognition,What color are the majority of sheep?,black,http://images.cocodataset.org/train2014/COCO_train2014_000000393386.jpg,1,305,0.9087219561350312,-0.1968994140625,Black,1,48.0,0.006139361495181662,,,,,,,,,,,,,0.9674490407780688,,,,,,,,,,,,,,,,,,,,,,,,,,,,,,
368,color recognition,What color are the flowers?,pink,http://images.cocodataset.org/train2014/COCO_train2014_000000262329.jpg,5,316,0.999319783797325,-0.125244140625,P,5,15.0,0.001859778746974069,15.0,0.0018732554045608374,16.0,0.0018559884370277907,17.0,0.001857995071705232,15.0,0.0018557357496980383,,,,,0.0,0.9182958340544896,0.954434002924965,0.5225593745369408,0.7835807040488099,,,,,,,,,,,,,,,,,,,,,,,,,,
369,color recognition,What color is the bus?,red and yellow,http://images.cocodataset.org/train2014/COCO_train2014_000000393403.jpg,11,216,0.9949936432183035,-0.6650390625,Y,11,19.0,0.0020980073531486885,17.0,0.002102554561508007,25.0,0.002104895050551364,23.0,0.0021085170845464504,123.0,0.00211217466422766,15.0,0.0021178987832961614,96.0,0.0021126208738404795,0.9656476401164373,0.8739810481273578,0.9119170469093419,0.9321883810995899,0.9042401769995024,0.9967916319816366,0.9417859972276716,16.0,0.002105011617876765,15.0,0.002101061280738156,25.0,0.0021229241302134745,0.949701216438411,0.9500685975366211,0.9426831892554922,32.0,0.002107561528119925,0.9293398459737487,,,,,,,,,,,,
370,color recognition,What color are the girls earrings?,silver,http://images.cocodataset.org/train2014/COCO_train2014_000000524476.jpg,11,157,0.9973908436132253,-1.2158203125,Black,11,122.0,0.0018679601676699243,38.0,0.0018639535580695036,15.0,0.0018615427572856954,23.0,0.0018560114843140327,18.0,0.0018659350381657832,13.0,0.0018652110358229118,23.0,0.0018642981633036396,0.8556447250315398,0.9346762094183066,0.9018972358711528,0.8753801625759555,0.9206198357143051,0.9612366047228759,0.9321883810995898,75.0,0.0018627976946800084,54.0,0.001871076795545252,19.0,0.0018663065656838364,0.960939163647531,0.8971311257136482,0.9283213239079567,21.0,0.0018667193740372272,0.9748830897462037,,,,,,,,,,,,
371,color recognition,What color is the plate?,white,http://images.cocodataset.org/train2014/COCO_train2014_000000000194.jpg,5,258,0.9573181417499557,-0.09844970703125,White,5,20.0,0.008795230967434451,16.0,0.009737829807198232,18.0,0.00636135789505911,24.0,0.009354931996852417,18.0,0.010091456931339867,,,,,0.9074899102582407,0.8620485698650454,0.9874687506009635,0.9363649184897272,0.8783471047618534,,,,,,,,,,,,,,,,,,,,,,,,,,
372,color recognition,What color is the car?,orange,http://images.cocodataset.org/train2014/COCO_train2014_000000393412.jpg,5,52,0.9848034868766182,-0.6455078125,Orange,5,311.0,0.0037865602130358143,15.0,0.003052835217648799,245.0,0.0036881671561577313,33.0,0.0035085170893865026,11.0,0.0038501391188350653,,,,,0.9675674331829652,0.8616157143988102,0.9662241382047974,0.9045149180368094,0.6840384356390417,,,,,,,,,,,,,,,,,,,,,,,,,,
373,color recognition,What color is the sign?,black and white,http://images.cocodataset.org/train2014/COCO_train2014_000000393419.jpg,2,245,0.9590027238407616,-1.1494140625,Black,2,30.0,0.00676754265482404,15.0,0.004245642950889724,,,,,,,,,,,0.903575840899558,0.9859247724121322,,,,,,,,,,,,,,,,,,,,,,,,,,,,,
374,color recognition,What color is the girl's brush?,blue,http://images.cocodataset.org/train2014/COCO_train2014_000000131279.jpg,3,244,0.9927137471518959,-0.333740234375,Blue,3,15.0,0.0035495932380067543,12.0,0.005396300240960217,39.0,0.005896543021789457,,,,,,,,,0.888683117789831,0.8112781244591328,0.9841617033172146,,,,,,,,,,,,,,,,,,,,,,,,,,,,
375,color recognition,What color is the comb?,blue,http://images.cocodataset.org/train2014/COCO_train2014_000000131279.jpg,2,246,0.9926331391189072,-0.347412109375,Blue,2,17.0,0.005324345876535692,38.0,0.006049570638727839,,,,,,,,,,,0.9360847109776411,0.9853521465582286,,,,,,,,,,,,,,,,,,,,,,,,,,,,,
376,color recognition,What color is the table?,brown,http://images.cocodataset.org/train2014/COCO_train2014_000000393428.jpg,9,246,0.9982965086854112,-0.88330078125,Brown,9,47.0,0.0019531345310710613,22.0,0.0019601571628617255,35.0,0.001953455210764776,15.0,0.0019513582444197757,92.0,0.0019607917438332245,20.0,0.0019632847405069683,19.0,0.0019495233988679004,0.972526014831726,0.9389433656943028,0.8964210857756575,0.9602297178607612,0.9243246381944376,0.9709505944546686,0.7996680068017687,31.0,0.00196298879767602,15.0,0.0019706241227144708,,,0.8783979055359579,0.9967916319816366,,,,,,,,,,,,,,,,
377,color recognition,What color is the knife handle?,silver,http://images.cocodataset.org/train2014/COCO_train2014_000000262359.jpg,5,94,0.9947950831835289,-0.469970703125,Silver,5,83.0,0.002465087678299143,83.0,0.0024636156412055337,150.0,0.0024118348814316606,60.0,0.0023921272966935165,18.0,0.002479010197152003,,,,,0.9634294713024402,0.9583439909910424,0.9652497209358005,0.928793410831142,0.9915323997298832,,,,,,,,,,,,,,,,,,,,,,,,,,
378,color recognition,What color eyes does the cat have?,blue,http://images.cocodataset.org/train2014/COCO_train2014_000000393432.jpg,2,223,0.9891406317837461,-0.7177734375,Blue,2,25.0,0.006468361773371855,29.0,0.00664466829241531,,,,,,,,,,,0.9273627784841307,0.9056054855737313,,,,,,,,,,,,,,,,,,,,,,,,,,,,,
379,color recognition,What color is the umbrella?,pink,http://images.cocodataset.org/train2014/COCO_train2014_000000000036.jpg,9,228,0.995070695647695,-0.026214599609375,P,9,25.0,0.0020020851088900352,18.0,0.0019983411670275,40.0,0.0019968997819381565,30.0,0.001992819584654214,38.0,0.0019970914173546082,28.0,0.0019971271856304715,15.0,0.002001040968718121,0.9053496664211536,0.9656336071428251,0.9874681505552309,0.92980421620464,0.91828808079514,0.9743259280978503,0.9967916319816366,15.0,0.0020022607586385834,59.0,0.00200318862595435,,,0.9709505944546686,0.9060551458745629,,,,,,,,,,,,,,,,
380,color recognition,What color is the man's skin?,white,http://images.cocodataset.org/train2014/COCO_train2014_000000474858.jpg,4,218,0.9969426860541156,-0.279296875,White,4,107.0,0.0020989327215186733,15.0,0.0020909808653646078,8.0,0.002090035035528355,33.0,0.0021151289419494893,,,,,,,0.9470479125452965,0.8616157143988104,0.8112781244591328,0.9955701567186782,,,,,,,,,,,,,,,,,,,,,,,,,,,
381,color recognition,What color is the shirt of the man standing?,black,http://images.cocodataset.org/train2014/COCO_train2014_000000474858.jpg,3,218,0.9439913922844644,-0.250732421875,Black,3,16.0,0.0071971820685956655,15.0,0.004241523048046218,15.0,0.0061867732735294825,,,,,,,,,0.7743974703476992,1.0,0.8616157143988104,,,,,,,,,,,,,,,,,,,,,,,,,,,,
382,color recognition,What color is the board?,white,http://images.cocodataset.org/train2014/COCO_train2014_000000474858.jpg,5,206,0.9968789193008469,-0.9130859375,White,5,108.0,0.002107451019360391,15.0,0.002098105600863091,8.0,0.0020973958222430425,15.0,0.002041931692933546,33.0,0.002119749239822488,,,,,0.9352625782390173,0.8616157143988104,0.8112781244591328,0.9473080736174853,0.9646021938186977,,,,,,,,,,,,,,,,,,,,,,,,,,
383,color recognition,What colors are in the kite?,"black, blue, red, orange, yellow",http://images.cocodataset.org/train2014/COCO_train2014_000000393438.jpg,8,210,0.9990506368345189,-1.25,The,8,22.0,0.0018213049515490238,17.0,0.0018283138216209551,34.0,0.0018223745645829167,34.0,0.0018229760083336044,99.0,0.001819620225588292,24.0,0.0018238029934907992,45.0,0.0018203948122369042,0.9643787017331666,0.9774178175281716,0.9770358764490155,0.9531754739086544,0.9167209877257101,0.5435644431995964,0.9594161469161506,17.0,0.0018223745645829176,,,,,0.9770358764490155,,,,,,,,,,,,,,,,,
384,color recognition,What color is the train's bumper?,red,http://images.cocodataset.org/train2014/COCO_train2014_000000165859.jpg,8,129,0.8894817049334823,-0.93017578125,Black,8,31.0,0.009490539069314059,72.0,0.007509846976153176,49.0,0.006571313270021591,59.0,0.007911980489891094,17.0,0.006625368772630802,15.0,0.007081124653969349,15.0,0.006515136343913752,0.9519057496100156,0.9656688313742966,0.9742825622035797,0.9627959704986876,0.9213299651463159,0.9543063494363562,0.982798115178801,11.0,0.009983226127850499,,,,,0.9456603046006401,,,,,,,,,,,,,,,,,
385,color recognition,What color dresses are the women wearing?,orange,http://images.cocodataset.org/train2014/COCO_train2014_000000393442.jpg,2,231,0.9951511765672407,-0.6865234375,Orange,2,18.0,0.002203006544049203,21.0,0.002105272882861139,,,,,,,,,,,0.9910760598382222,0.9751060324573733,,,,,,,,,,,,,,,,,,,,,,,,,,,,,
386,color recognition,What color is the plate?,white,http://images.cocodataset.org/train2014/COCO_train2014_000000393445.jpg,8,162,0.9730433964533763,-0.058319091796875,White,8,102.0,0.004773341893358604,70.0,0.00497411178409403,16.0,0.005001096436043627,28.0,0.0045301553292954365,64.0,0.005226517395586937,30.0,0.004513098516276384,107.0,0.004236761916447238,0.9724827333499215,0.985209141180466,0.9886994082884974,0.9963070340085629,0.9712635913115578,0.944380950908026,0.9593802551618323,39.0,0.004097122018998254,,,,,0.9740599068423754,,,,,,,,,,,,,,,,,
387,color recognition,What color is the picket fence?,white,http://images.cocodataset.org/train2014/COCO_train2014_000000524525.jpg,6,177,0.9936973606844767,-0.626953125,White,6,31.0,0.0023298368414120265,101.0,0.0022521852853530106,15.0,0.0022998251998257047,79.0,0.0022392805067149983,19.0,0.002261661542907948,31.0,0.002284900784931963,,,0.9728025989744129,0.9774447501408775,0.8830374409547587,0.950042986347513,0.9656476401164373,0.9628604297516311,,,,,,,,,,,,,,,,,,,,,,,,,
388,color recognition,What color is this airplane?,"red, white, and blue",http://images.cocodataset.org/train2014/COCO_train2014_000000000247.jpg,3,102,0.9911629405876071,-0.1827392578125,Blue,3,57.0,0.002397538888083434,359.0,0.002378691119387811,15.0,0.002333845708980779,,,,,,,,,0.9653648207824053,0.9320882496516304,0.982798115178801,,,,,,,,,,,,,,,,,,,,,,,,,,,,
389,color recognition,What color is the woman's shirt?,red,http://images.cocodataset.org/train2014/COCO_train2014_000000262399.jpg,3,134,0.9972230370593351,-0.07763671875,Red,3,127.0,0.0019268245083747032,20.0,0.0019261704131556354,240.0,0.0019282078067365468,,,,,,,,,0.7192333453811922,0.8534739433956113,0.8993188084769558,,,,,,,,,,,,,,,,,,,,,,,,,,,,
390,color recognition,What color is the lighted sign?,blue,http://images.cocodataset.org/train2014/COCO_train2014_000000000260.jpg,6,154,0.9892053473067001,-0.49609375,Blue,6,124.0,0.002536239659588153,68.0,0.002559238149397933,193.0,0.0025387065150025523,17.0,0.0025540987439540783,15.0,0.002484252366355644,15.0,0.002477234704303792,,,0.9366444997877085,0.956143018265065,0.9090210555590246,0.9975025463691153,0.0,0.9182958340544896,,,,,,,,,,,,,,,,,,,,,,,,,
391,color recognition,What color is the surfboard?,red,http://images.cocodataset.org/train2014/COCO_train2014_000000131339.jpg,6,114,0.9969091640487868,-0.1290283203125,Red,6,252.0,0.001960614147675425,44.0,0.0019598843359078457,22.0,0.0019590916093327163,58.0,0.0019588911497390084,16.0,0.0019598182753599175,18.0,0.0019571538332601823,,,0.889495948875223,0.8085947862963575,0.9922150607220183,0.9240902817854364,0.886859507142915,0.9182958340544896,,,,,,,,,,,,,,,,,,,,,,,,,
392,color recognition,What color is the bus in the mirror?,yellow,http://images.cocodataset.org/train2014/COCO_train2014_000000262415.jpg,8,278,0.995689343800651,-0.074462890625,Y,8,15.0,0.0020392326320432834,17.0,0.002042706514641939,24.0,0.0020268992897075106,15.0,0.002021227752720988,23.0,0.002027427693774578,41.0,0.0020326630468076364,15.0,0.0020277095092770133,0.9967916319816366,0.9774178175281716,0.8112781244591328,0.7835807040488099,0.9765762937075553,0.8829441012479706,0.7219280948873623,16.0,0.0020221730088854084,,,,,0.8194483718728035,,,,,,,,,,,,,,,,,
393,color recognition,What color is the phone?,gray,http://images.cocodataset.org/train2014/COCO_train2014_000000393489.jpg,7,90,0.9910722816990432,-0.701171875,Silver,7,150.0,0.00269726193433762,128.0,0.00260880467608142,23.0,0.0026092090771858757,13.0,0.0026528793382916286,9.0,0.002420906479447031,7.0,0.002547044971522046,63.0,0.0025412578624662303,0.9732740466064355,0.9713667667934246,0.9581834297016358,0.8420887815606471,1.0,0.863120568566631,0.9568902969168906,,,,,,,,,,,,,,,,,,,,,,,,
394,color recognition,What color is the shower curtain?,white,http://images.cocodataset.org/train2014/COCO_train2014_000000546179.jpg,11,273,0.9509219840458859,-0.038818359375,White,11,25.0,0.005732021115738653,32.0,0.004619577970905662,15.0,0.0050516160233113816,17.0,0.0056360330652714665,15.0,0.0058079844481945435,16.0,0.0063002360930578035,35.0,0.005287621628444506,0.9440510350957405,0.9701644048115139,0.8830374409547587,0.8702290979524684,0.9967916319816366,0.9886994082884974,0.9810227929286517,18.0,0.004216255164606492,15.0,0.005587875795054086,19.0,0.005764481091988655,0.9579945435450241,0.8443536850036224,0.9258628921382102,16.0,0.004344867271625369,0.9528195311147832,,,,,,,,,,,,
395,color recognition,What color are the dishes?,pink and yellow,http://images.cocodataset.org/train2014/COCO_train2014_000000000009.jpg,3,297,0.9974077716063594,-0.775390625,Y,3,18.0,0.0019708297210764424,19.0,0.0019643003109654777,17.0,0.001955248877517813,,,,,,,,,0.8527924884900404,0.9826301639446198,0.7315975941709251,,,,,,,,,,,,,,,,,,,,,,,,,,,,
396,color recognition,What color is the water in the bathtub?,clear,http://images.cocodataset.org/train2014/COCO_train2014_000000131351.jpg,8,199,0.9933046034470919,-0.22705078125,Blue,8,30.0,0.0023327014650225066,57.0,0.0023062793356205848,125.0,0.002294346407144671,59.0,0.002320236336192806,48.0,0.0023182075785112654,27.0,0.0023189012102003185,17.0,0.002298713157460128,0.9919355566090763,0.9391061950767147,0.9594358037509984,0.8932453364172875,0.9095826618901202,0.9901732069475997,0.9967828263127351,28.0,0.0023233258048876264,,,,,0.9963070340085629,,,,,,,,,,,,,,,,,
397,color recognition,What color are these mattresses?,white,http://images.cocodataset.org/train2014/COCO_train2014_000000131352.jpg,5,128,0.9948415687463826,-0.1396484375,Red,5,20.0,0.002029901543697581,220.0,0.0020170466055965024,22.0,0.002012958072274955,18.0,0.0020181966334877482,91.0,0.0020165442919788377,,,,,0.0,0.9220510699846219,0.8949645376549995,0.9915323997298832,0.9105728771287009,,,,,,,,,,,,,,,,,,,,,,,,,,
398,color recognition,What color are the items on the truck?,white,http://images.cocodataset.org/train2014/COCO_train2014_000000393503.jpg,3,190,0.976956738502369,-0.998046875,Blue,3,37.0,0.0060042404141894155,61.0,0.0073789593984021325,15.0,0.006323075590320827,,,,,,,,,0.9537280088189874,0.9396030527723895,0.8983958159908183,,,,,,,,,,,,,,,,,,,,,,,,,,,,
399,color recognition,What color is the locomotive?,black,http://images.cocodataset.org/train2014/COCO_train2014_000000497565.jpg,4,239,0.9098673226038164,-0.05987548828125,Black,4,21.0,0.008975214221853949,15.0,0.00823535177870957,21.0,0.011785310480748823,79.0,0.009240337536483756,,,,,,,0.9566859396996199,0.9877812438119246,0.8502224015565037,0.942147811212747,,,,,,,,,,,,,,,,,,,,,,,,,,,
400,color recognition,What color is the sky?,orange,http://images.cocodataset.org/train2014/COCO_train2014_000000101431.jpg,7,177,0.9984217691057742,-0.490478515625,Orange,7,33.0,0.0019108382545711504,22.0,0.0018943836677826826,54.0,0.0019057336760918838,20.0,0.0018866039391490954,77.0,0.0018995174988606861,68.0,0.0018939887576997583,18.0,0.001886748739512834,0.9557066834422213,0.97283015230032,0.9650302971273363,0.8534739433956113,0.9044620516719758,0.9553685382338879,0.9206250851407773,,,,,,,,,,,,,,,,,,,,,,,,
401,color recognition,What color is the carpet in the middle of the floor?,blue,http://images.cocodataset.org/train2014/COCO_train2014_000000109277.jpg,10,240,0.9888901565299368,-0.2313232421875,Blue,10,40.0,0.0023934822856827047,34.0,0.002413737488596853,15.0,0.002405098399227912,17.0,0.002413647184526795,35.0,0.0024165317545360963,91.0,0.0023961123172967294,35.0,0.002394249870278203,0.9390863350085591,0.7536906204355884,0.9182958340544896,0.9975025463691153,0.9362444227364577,0.8814545457701622,0.9602297178607612,21.0,0.0023948639379546017,26.0,0.0023651052736368226,18.0,0.002379512246044637,0.0,0.9770455804590027,0.9915323997298832,,,,,,,,,,,,,,,
402,color recognition,What color hat is this man wearing?,black,http://images.cocodataset.org/train2014/COCO_train2014_000000131376.jpg,6,204,0.9058134896534318,-0.186767578125,Black,6,50.0,0.006365617512170266,15.0,0.005879312899576798,43.0,0.0066704168588198895,20.0,0.007754816605770172,30.0,0.006860884932724733,19.0,0.006606837260553504,,,0.9668104280828269,0.9446232142545791,0.9639816142705121,0.8927376486136671,0.9577317643613503,0.9656476401164373,,,,,,,,,,,,,,,,,,,,,,,,,
403,color recognition,What color are the shoelaces?,red,http://images.cocodataset.org/train2014/COCO_train2014_000000131376.jpg,5,205,0.942226447090035,-0.9091796875,Black,5,20.0,0.0054595336076817555,52.0,0.005824628046850271,28.0,0.005156770527140899,23.0,0.00557046579590863,7.0,0.004812855183225553,,,,,0.9232196723355077,0.9544328790922875,0.9892400334914999,0.9800409174590822,0.9852281360342515,,,,,,,,,,,,,,,,,,,,,,,,,,
404,color recognition,What color is the guy's shirt?,white,http://images.cocodataset.org/train2014/COCO_train2014_000000131376.jpg,3,276,0.9658542616075028,-0.06817626953125,White,3,18.0,0.004747202460978582,54.0,0.004768971732225952,16.0,0.003794749927373207,,,,,,,,,0.9455305560363264,0.9287562317335631,0.9822177815287605,,,,,,,,,,,,,,,,,,,,,,,,,,,,
405,yes/no,Is this man a professional baseball player?,yes,http://images.cocodataset.org/train2014/COCO_train2014_000000458752.jpg,5,220,0.9975400072342275,-0.323486328125,Yes,5,104.0,0.0021955692641143745,17.0,0.002167434299647792,57.0,0.0021528579871063006,23.0,0.0020849775599872788,23.0,0.002148587044868245,,,,,0.877357144032508,0.926262155095312,0.9262018616477853,0.9565831515652945,0.9659535505394687,,,,,,,,,,,,,,,,,,,,,,,,,,
406,yes/no,Is the dog waiting?,yes,http://images.cocodataset.org/train2014/COCO_train2014_000000524291.jpg,4,346,0.9986242170544276,-0.4189453125,Yes,4,20.0,0.0019490983501726563,33.0,0.0019699488813186223,16.0,0.0019455812763780533,25.0,0.001958818263205013,,,,,,,0.665009911965251,0.8565582810141185,0.9320201587042914,0.9455672104350705,,,,,,,,,,,,,,,,,,,,,,,,,,,
407,yes/no,Is the sky blue?,yes,http://images.cocodataset.org/train2014/COCO_train2014_000000393221.jpg,5,277,0.9964294618713536,-0.0307464599609375,Yes,5,22.0,0.0021570440924752864,69.0,0.002177096209476463,18.0,0.0021600956574910238,45.0,0.0021189077772515875,15.0,0.0020619342336604773,,,,,0.933816945485606,0.9317474647072203,0.9342064019134054,0.8750740263247773,0.8443536850036224,,,,,,,,,,,,,,,,,,,,,,,,,,
408,yes/no,Is there snow on the mountains?,yes,http://images.cocodataset.org/train2014/COCO_train2014_000000393221.jpg,1,243,0.9773893220432642,-0.0277252197265625,Yes,1,18.0,0.00999350815415183,,,,,,,,,,,,,0.9910760598382222,,,,,,,,,,,,,,,,,,,,,,,,,,,,,,
409,yes/no,Is the window open?,yes,http://images.cocodataset.org/train2014/COCO_train2014_000000393223.jpg,3,85,0.9959532752442779,-0.5361328125,Yes,3,392.0,0.00218819057516164,31.0,0.002176081074144417,21.0,0.0021307151336703513,,,,,,,,,0.9012085079289441,0.9213936608621012,0.9673577477123132,,,,,,,,,,,,,,,,,,,,,,,,,,,,
410,yes/no,Is she brushing?,yes,http://images.cocodataset.org/train2014/COCO_train2014_000000393223.jpg,1,219,0.9772506331891052,-0.07708740234375,Yes,1,34.0,0.00927265638137265,,,,,,,,,,,,,0.8726466973582745,,,,,,,,,,,,,,,,,,,,,,,,,,,,,,
411,yes/no,Is the man smiling?,no,http://images.cocodataset.org/train2014/COCO_train2014_000000393224.jpg,4,285,0.9990203371680957,-0.006366729736328125,No,4,28.0,0.0018882413838354863,18.0,0.0018972870132303804,16.0,0.001912239303610746,27.0,0.0019035424484835663,,,,,,,0.9300609828674143,0.9955380299191111,0.5435644431995964,0.9843500039860299,,,,,,,,,,,,,,,,,,,,,,,,,,,
412,yes/no,Does his tie pair well with his suit?,no,http://images.cocodataset.org/train2014/COCO_train2014_000000393224.jpg,8,174,0.9874072645731197,-0.458251953125,Yes,8,55.0,0.0021432622750139694,38.0,0.0021403469753026954,109.0,0.002143221300138797,19.0,0.002138381470866463,24.0,0.0021493882957093553,42.0,0.0021371772094182307,20.0,0.0021341185101336605,0.9416460023569821,0.9137234109362768,0.8851332051937107,0.9237100600260872,1.0,0.9635660447736542,0.947730922119161,16.0,0.0021369401009465605,,,,,0.9755307720176266,,,,,,,,,,,,,,,,,
413,yes/no,Does the man look happy?,no,http://images.cocodataset.org/train2014/COCO_train2014_000000393224.jpg,4,285,0.999001399153589,-0.006366729736328125,No,4,23.0,0.0018951746582855776,29.0,0.0018925015972272178,17.0,0.0019135268056098705,26.0,0.0019058957738318223,,,,,,,0.8932461863447871,0.948549894965057,0.8846148739279867,0.9737515929092135,,,,,,,,,,,,,,,,,,,,,,,,,,,
414,yes/no,Is this photo in color?,no,http://images.cocodataset.org/train2014/COCO_train2014_000000393224.jpg,5,167,0.9968129913248174,-0.61181640625,Yes,5,113.0,0.001906144652506751,105.0,0.0018968350621081352,12.0,0.0018911029750017846,62.0,0.0019023383671703284,25.0,0.0019035581202057528,,,,,0.9509123007159009,0.9621714645864728,0.9808340377961404,0.9332071365466983,0.9661190960509453,,,,,,,,,,,,,,,,,,,,,,,,,,
415,yes/no,Is the man wearing a plain tie?,no,http://images.cocodataset.org/train2014/COCO_train2014_000000393224.jpg,11,151,0.9963349237301192,-0.13525390625,No,11,17.0,0.0021123036988689244,16.0,0.0021084415307601424,15.0,0.002104876395097215,20.0,0.0021043689024761577,12.0,0.0021147217519457266,55.0,0.0021326869907311546,97.0,0.0021235897931075006,0.8739810481273578,0.9965119062478288,0.9161314485121343,0.9854752972273343,1.0,0.8961846599325489,0.9099068179342307,24.0,0.002101146324332444,21.0,0.0021131992740825545,6.0,0.002088839628271805,0.9478440781021911,0.9517619850443704,0.0,24.0,0.0021073631089403963,0.9296487541666036,,,,,,,,,,,,
416,yes/no,"Judging from the dress, was this taken in a Latin American country?",yes,http://images.cocodataset.org/train2014/COCO_train2014_000000524297.jpg,2,223,0.9744686250485454,-0.626953125,Yes,2,15.0,0.010171196015116157,7.0,0.003717309395297469,,,,,,,,,,,0.8024677973715656,0.9821410328348752,,,,,,,,,,,,,,,,,,,,,,,,,,,,,
417,yes/no,Are the men on the sidewalk?,no,http://images.cocodataset.org/train2014/COCO_train2014_000000524297.jpg,2,225,0.9746556615014689,-0.18798828125,Yes,2,15.0,0.010091568507200709,7.0,0.0037098689159509256,,,,,,,,,,,0.8024677973715656,0.9821410328348752,,,,,,,,,,,,,,,,,,,,,,,,,,,,,
418,yes/no,Was this photo taken recently?,no,http://images.cocodataset.org/train2014/COCO_train2014_000000524297.jpg,5,212,0.9989441796105458,-0.0098114013671875,No,5,15.0,0.0018716852170015687,38.0,0.0018746707331936323,33.0,0.0018868655932598565,17.0,0.0018729759775726227,13.0,0.001868740339364826,,,,,0.9161314485121343,0.8634917209923075,0.9450525055606328,0.9519839065438831,0.9612366047228759,,,,,,,,,,,,,,,,,,,,,,,,,,
419,yes/no,Does the guy have a tattoo?,yes,http://images.cocodataset.org/train2014/COCO_train2014_000000393227.jpg,1,223,0.9843562904242876,-0.058319091796875,Yes,1,15.0,0.009256082735190763,,,,,,,,,,,,,0.7835807040488099,,,,,,,,,,,,,,,,,,,,,,,,,,,,,,
420,yes/no,Is the man's visor providing his face enough protection?,no,http://images.cocodataset.org/train2014/COCO_train2014_000000393227.jpg,1,304,0.999329415671522,-0.337158203125,No,1,17.0,0.0018578943672769846,,,,,,,,,,,,,0.8409160494198367,,,,,,,,,,,,,,,,,,,,,,,,,,,,,,
421,yes/no,Is the man riding on a dirt path?,yes,http://images.cocodataset.org/train2014/COCO_train2014_000000131084.jpg,5,264,0.9939914994121963,-0.140869140625,Yes,5,16.0,0.0023667053675091535,34.0,0.0023693321215241467,61.0,0.0022378652361507824,17.0,0.0022721422229693873,15.0,0.002311631091661457,,,,,0.8194483718728035,0.9256134079485958,0.8848121018660882,0.951983906543883,0.9018972358711528,,,,,,,,,,,,,,,,,,,,,,,,,,
422,yes/no,Are the walls done in a summery color?,yes,http://images.cocodataset.org/train2014/COCO_train2014_000000131074.jpg,10,299,0.9969918808398887,-0.685546875,Yes,10,34.0,0.0019291107534128696,21.0,0.0019217604439860647,17.0,0.0019253796652794776,21.0,0.001928621610171395,21.0,0.0019200824413863912,12.0,0.0019209307649228921,25.0,0.0019238724899248536,0.9572881711927126,0.82824947120962,0.9127332405984697,0.958411422117983,0.9586785101742112,0.9798687566511528,0.8883492963444045,15.0,0.0019166369427150607,17.0,0.0019237674667033204,16.0,0.0019160692185021713,0.9877812438119247,0.96039488093455,0.8980898459737487,,,,,,,,,,,,,,,
423,yes/no,Is the curtain patterned?,no,http://images.cocodataset.org/train2014/COCO_train2014_000000131074.jpg,6,282,0.9972365210658305,-0.480224609375,Yes,6,38.0,0.0020379616112710277,15.0,0.0019988600025118586,34.0,0.0020019572040623915,15.0,0.001987266807717203,28.0,0.002004484082129505,28.0,0.001988439928619043,,,0.8614856395892376,0.9967916319816366,0.9801649659566354,0.9654013672997089,0.9812226135460642,0.8891641768657057,,,,,,,,,,,,,,,,,,,,,,,,,
424,yes/no,Are the windows the same size?,yes,http://images.cocodataset.org/train2014/COCO_train2014_000000131074.jpg,4,290,0.9947825221480484,-0.5830078125,No,4,15.0,0.0021614872237364123,29.0,0.0022135878494949184,24.0,0.0021754116846771573,64.0,0.002176089360798762,,,,,,,0.9189900464321514,0.9628330843288417,0.9054129626675887,0.9485507042417708,,,,,,,,,,,,,,,,,,,,,,,,,,,
425,yes/no,Is there a shadow of a tree in the foreground?,no,http://images.cocodataset.org/train2014/COCO_train2014_000000393230.jpg,5,222,0.9938465742949624,-0.576171875,Yes,5,20.0,0.002332927307636725,122.0,0.0022821599935288605,66.0,0.0022403359315224212,26.0,0.0022614625500848844,16.0,0.0022374424510188495,,,,,0.0,0.8469102662453503,0.8585690845106313,0.9957274520849255,0.954434002924965,,,,,,,,,,,,,,,,,,,,,,,,,,
426,yes/no,Did someone forget his luggage in the snow?,no,http://images.cocodataset.org/train2014/COCO_train2014_000000393230.jpg,8,106,0.9989910870081937,-0.11419677734375,No,8,48.0,0.0019032871177606537,26.0,0.001904364267264319,63.0,0.0019041548036429642,20.0,0.0019025254513752182,22.0,0.0019038037725815449,149.0,0.0019101602033316618,15.0,0.0019056189886945266,0.9612044938324127,0.9099534554247559,0.9207254202299805,0.9372305632161296,0.9266710044099615,0.9676327777041455,0.9018972358711528,29.0,0.0019005374414991726,,,,,0.9190894729385908,,,,,,,,,,,,,,,,,
427,yes/no,Is it daytime?,yes,http://images.cocodataset.org/train2014/COCO_train2014_000000393230.jpg,5,220,0.9937071020032128,-0.23193359375,Yes,5,20.0,0.0023449937610257733,126.0,0.002288989832555081,67.0,0.002243205041014109,27.0,0.002275671825174858,16.0,0.0022454928789638995,,,,,0.0,0.8400538844995671,0.8446518128639673,0.7642045065086203,0.954434002924965,,,,,,,,,,,,,,,,,,,,,,,,,,
428,yes/no,Is the person wearing a hat?,no,http://images.cocodataset.org/train2014/COCO_train2014_000000393230.jpg,7,170,0.9948178348049808,-0.63232421875,Yes,7,15.0,0.0020976354371241676,18.0,0.0022142653714265948,49.0,0.0021872635804306897,20.0,0.002155318088853738,32.0,0.002178197583600164,18.0,0.002164325357513075,15.0,0.0021148240930757975,0.944623214254579,0.872009434056298,0.9584318401562562,0.9416915491145068,0.9422874549672332,0.8763576394898522,0.9446232142545791,,,,,,,,,,,,,,,,,,,,,,,,
429,yes/no,Is the dog wearing a collar?,yes,http://images.cocodataset.org/train2014/COCO_train2014_000000131087.jpg,8,117,0.9934752699797167,-0.407958984375,Yes,8,30.0,0.002345468886213625,19.0,0.0023083259229480153,25.0,0.0023189007430777534,102.0,0.002292153525447705,35.0,0.002269559905825422,10.0,0.0022375358047241473,158.0,0.0022711138179041736,0.0,0.6292492238560345,0.5780062388614642,0.938146736923463,0.7906973303879764,0.9372305632161296,0.8862305374331365,28.0,0.0022802346061925123,,,,,0.9032139773855579,,,,,,,,,,,,,,,,,
430,yes/no,Is it a clear day?,yes,http://images.cocodataset.org/train2014/COCO_train2014_000000131087.jpg,8,109,0.9935783429563636,-0.1202392578125,Yes,8,29.0,0.0023439659155216393,21.0,0.002315764704531954,21.0,0.0023262865598602696,103.0,0.002286427951679222,38.0,0.0022677367141816537,11.0,0.0022479378685312437,45.0,0.0022680656270435903,0.8935711016541907,0.5916727785823275,0.8559631658263386,0.8920281890899284,0.8931506005858196,0.9056185178648963,0.8945646802212566,160.0,0.002265582628608165,,,,,0.8933429440398019,,,,,,,,,,,,,,,,,
431,yes/no,Is there a body of water here?,yes,http://images.cocodataset.org/train2014/COCO_train2014_000000131087.jpg,2,227,0.9761305966287853,-0.002933502197265625,Yes,2,15.0,0.00866774916879301,33.0,0.00829801142953543,,,,,,,,,,,0.8649735207179273,0.8765570744255413,,,,,,,,,,,,,,,,,,,,,,,,,,,,,
432,yes/no,Is the light on?,no,http://images.cocodataset.org/train2014/COCO_train2014_000000131075.jpg,4,212,0.9982555543699968,-0.63330078125,No,4,17.0,0.0019025863996328671,19.0,0.0019005116812836247,15.0,0.0019218843768753753,67.0,0.0019163534199377185,,,,,,,0.9963890537299693,0.9237100600260872,0.7835807040488099,0.9667978811498877,,,,,,,,,,,,,,,,,,,,,,,,,,,
433,yes/no,Is the room messy?,no,http://images.cocodataset.org/train2014/COCO_train2014_000000131075.jpg,4,204,0.9982593080564511,-0.074462890625,No,4,16.0,0.00190403419185707,20.0,0.0019054008721905396,15.0,0.0019237889348590461,78.0,0.0019183222135251666,,,,,,,0.9320201587042914,0.9843006345716333,0.9709505944546686,0.9660476630628243,,,,,,,,,,,,,,,,,,,,,,,,,,,
434,yes/no,Is this a TV screen?,yes,http://images.cocodataset.org/train2014/COCO_train2014_000000131075.jpg,4,255,0.998239156536388,-0.28173828125,No,4,19.0,0.0019009611863388357,15.0,0.0018956500128016844,41.0,0.0019064308064963276,27.0,0.0019163143307786487,,,,,,,0.9892422967543257,0.9189900464321514,0.9766979248293576,0.8997598005436134,,,,,,,,,,,,,,,,,,,,,,,,,,,
435,yes/no,Is there a laptop in the image?,yes,http://images.cocodataset.org/train2014/COCO_train2014_000000131075.jpg,0,253,0.9777898820359895,-0.040863037109375,Yes,0,,,,,,,,,,,,,,,,,,,,,,,,,,,,,,,,,,,,,,,,,,,,,
436,yes/no,Is the animal a mammal?,yes,http://images.cocodataset.org/train2014/COCO_train2014_000000137045.jpg,2,247,0.9670137211323012,-0.0252227783203125,Yes,2,15.0,0.00594961025527356,17.0,0.006557859761437545,,,,,,,,,,,0.9543063494363562,0.951983906543883,,,,,,,,,,,,,,,,,,,,,,,,,,,,,
437,yes/no,Are there rocks in the picture?,yes,http://images.cocodataset.org/train2014/COCO_train2014_000000131093.jpg,0,250,0.9785722228721219,-0.04595947265625,Yes,0,,,,,,,,,,,,,,,,,,,,,,,,,,,,,,,,,,,,,,,,,,,,,
438,yes/no,Has the sheep recently been shaved?,no,http://images.cocodataset.org/train2014/COCO_train2014_000000131093.jpg,4,258,0.9948126686210642,-0.5361328125,No,4,18.0,0.0021685776451361204,15.0,0.002154859650995663,15.0,0.002142791941864585,17.0,0.0021560791630797996,,,,,,,0.9057125980138372,0.9543063494363562,0.9718495448242642,0.96039488093455,,,,,,,,,,,,,,,,,,,,,,,,,,,
439,yes/no,Are there three sheep?,yes,http://images.cocodataset.org/train2014/COCO_train2014_000000131093.jpg,7,199,0.9912741281770743,-0.297607421875,Yes,7,64.0,0.0021128556618852726,25.0,0.002109582478037658,234.0,0.0021020778685398116,16.0,0.0021074347738095733,15.0,0.0021069529170917333,106.0,0.002101677819896298,40.0,0.0021005683155803545,0.9518230396120901,0.9426831892554922,0.8798065711372071,0.0,0.9967916319816366,0.9009779902528062,0.9851921727721479,,,,,,,,,,,,,,,,,,,,,,,,
440,yes/no,Is the man having a good time?,yes,http://images.cocodataset.org/train2014/COCO_train2014_000000524311.jpg,5,208,0.9928597337735908,-0.0257110595703125,Yes,5,50.0,0.002026376143277513,59.0,0.0020260291156204294,17.0,0.0020209858071091793,15.0,0.0020239877764611147,15.0,0.002020517499890279,,,,,0.9449634864905515,0.5974266425586415,0.8726389366057715,0.0,0.7219280948873623,,,,,,,,,,,,,,,,,,,,,,,,,,
441,yes/no,Could this photo be from a zoo?,yes,http://images.cocodataset.org/train2014/COCO_train2014_000000000025.jpg,0,255,0.984094744093657,-0.058319091796875,Yes,0,,,,,,,,,,,,,,,,,,,,,,,,,,,,,,,,,,,,,,,,,,,,,
442,yes/no,Are the animals eating?,yes,http://images.cocodataset.org/train2014/COCO_train2014_000000000025.jpg,5,242,0.9949773970383884,-0.6044921875,Yes,5,26.0,0.0019954570332752736,27.0,0.0019995318954387155,24.0,0.0019981951625593964,17.0,0.0019885721449666815,7.0,0.0019895310073283516,,,,,0.9099534554247559,0.9384456163396521,0.9054129626675887,0.9719977955078913,0.9852281360342515,,,,,,,,,,,,,,,,,,,,,,,,,,
443,yes/no,Is there a zebra?,no,http://images.cocodataset.org/train2014/COCO_train2014_000000000025.jpg,4,219,0.9955483041058543,-0.0855712890625,No,4,69.0,0.002120924480637063,58.0,0.0021277321997954456,31.0,0.0021285857999363707,9.0,0.0021306201855450816,,,,,,,0.942474198199614,0.9403896686477596,0.9761328838624836,0.9910760598382222,,,,,,,,,,,,,,,,,,,,,,,,,,,
444,yes/no,Is the giraffe eating the tree?,yes,http://images.cocodataset.org/train2014/COCO_train2014_000000000025.jpg,4,101,0.9987663068576311,-0.274658203125,No,4,203.0,0.001908114257777261,29.0,0.0018962491123683028,45.0,0.0019016577160567742,70.0,0.0019030479755188334,,,,,,,0.8775754702963643,0.981768878765807,0.9322744969585723,0.9175303606340178,,,,,,,,,,,,,,,,,,,,,,,,,,,
445,yes/no,Are both giraffes standing?,no,http://images.cocodataset.org/train2014/COCO_train2014_000000000025.jpg,4,240,0.9943753953475118,-0.6259765625,Yes,4,28.0,0.0020291242755603946,26.0,0.002034634131336934,25.0,0.0020349410391116286,16.0,0.0020195028244763607,,,,,,,0.735406425268768,0.9473539682709406,0.8580591068891479,0.8903195311147832,,,,,,,,,,,,,,,,,,,,,,,,,,,
446,yes/no,Are they at a zoo?,yes,http://images.cocodataset.org/train2014/COCO_train2014_000000000025.jpg,0,255,0.9838572877764475,-0.302001953125,Yes,0,,,,,,,,,,,,,,,,,,,,,,,,,,,,,,,,,,,,,,,,,,,,,
447,yes/no,Are some of the trees dead?,yes,http://images.cocodataset.org/train2014/COCO_train2014_000000000025.jpg,0,255,0.9836278723881453,-0.180419921875,Yes,0,,,,,,,,,,,,,,,,,,,,,,,,,,,,,,,,,,,,,,,,,,,,,
448,yes/no,Are any of the animals eating?,yes,http://images.cocodataset.org/train2014/COCO_train2014_000000000025.jpg,7,195,0.9967902365256931,-0.6630859375,Yes,7,88.0,0.00193802914705821,136.0,0.001924590529133426,18.0,0.0019126376491557012,20.0,0.0018963162443492013,17.0,0.0019038948211419632,17.0,0.0019024449790439513,15.0,0.0019060590781868228,0.9688445419287084,0.9456726785184796,0.9319131950454079,0.9921503172858166,0.9519839065438831,0.9664022887695614,1.0,,,,,,,,,,,,,,,,,,,,,,,,
449,yes/no,Is the giraffe in the shade?,no,http://images.cocodataset.org/train2014/COCO_train2014_000000000025.jpg,9,222,0.9926609013102018,-0.343994140625,No,9,17.0,0.0022399100335135902,21.0,0.002250569165680307,33.0,0.0022292198929623904,22.0,0.0022444411336964604,16.0,0.0022809663458367366,22.0,0.0022645054964822785,16.0,0.002211519434987544,0.8726389366057714,0.9253239745212897,0.933828217250762,0.9666425652015439,0.8950145145731531,0.9700357646545448,0.9690222556651344,17.0,0.0022449837804249463,23.0,0.002245022709429382,,,0.7315975941709251,0.9787122437557367,,,,,,,,,,,,,,,,
450,yes/no,Are these giraffes living free range?,yes,http://images.cocodataset.org/train2014/COCO_train2014_000000000025.jpg,4,100,0.9987909616912872,-0.1357421875,No,4,208.0,0.0019017546218963236,31.0,0.0018908338093397506,45.0,0.001895018561685228,76.0,0.0018967643621383243,,,,,,,0.8687902005776138,0.9587847320090224,0.9612973548040303,0.9350000048363596,,,,,,,,,,,,,,,,,,,,,,,,,,,
451,yes/no,Is there a rock near the giraffe?,no,http://images.cocodataset.org/train2014/COCO_train2014_000000000025.jpg,9,229,0.9943545916655725,-0.2197265625,No,9,26.0,0.0021786455947217583,16.0,0.0021772522424611277,10.0,0.0021639689509097846,26.0,0.0021777166932146715,37.0,0.0021677548521873173,15.0,0.002196170869822133,12.0,0.002167189142801019,0.9380073110340842,0.9886085007312413,0.9372305632161296,0.964563236385718,0.9626052883844503,0.9182958340544896,0.9808340377961404,20.0,0.002205026397523029,15.0,0.0021736295265834893,,,0.947730922119161,0.9543063494363562,,,,,,,,,,,,,,,,
452,yes/no,Are they moving?,yes,http://images.cocodataset.org/train2014/COCO_train2014_000000262172.jpg,6,211,0.9934066049825752,-0.102783203125,Yes,6,253.0,0.002005117423277917,33.0,0.002000703828804738,72.0,0.0020041491462942994,26.0,0.001995129813946208,48.0,0.0019979656392580167,15.0,0.001991063119775655,,,0.8382759498085388,0.8917479615816993,0.8751274256724969,0.9894135780696169,0.9697883595925099,0.9664572819896989,,,,,,,,,,,,,,,,,,,,,,,,,
453,yes/no,Is this man angry?,no,http://images.cocodataset.org/train2014/COCO_train2014_000000131101.jpg,3,235,0.99931514782522,-0.1005859375,No,3,30.0,0.0018876390667828204,19.0,0.0018646825057854444,31.0,0.0018642162482134252,,,,,,,,,0.9286028014534383,0.9892422967543257,0.978990011087109,,,,,,,,,,,,,,,,,,,,,,,,,,,,
454,yes/no,Are there flowers in the vase?,yes,http://images.cocodataset.org/train2014/COCO_train2014_000000000030.jpg,7,224,0.9968384804131072,-0.020721435546875,Yes,7,97.0,0.00215184436034625,19.0,0.0021666111481234733,32.0,0.0021397844145569626,41.0,0.0021759545127096845,39.0,0.0021492616033755253,16.0,0.0020833333333333337,15.0,0.0020675105485232067,0.7414009587082662,0.8693978806749074,0.9333550832336754,0.9830250892522017,0.8937889925533485,0.985056822321508,0.9613833012053531,,,,,,,,,,,,,,,,,,,,,,,,
455,yes/no,Are the flowers open?,yes,http://images.cocodataset.org/train2014/COCO_train2014_000000000030.jpg,7,206,0.9968152532511758,-0.10491943359375,Yes,7,94.0,0.0021559388272724186,17.0,0.002191183717084261,30.0,0.0021353008288163508,40.0,0.0021831342309587545,16.0,0.002144179418541159,19.0,0.002151889772775861,15.0,0.0020767021366326173,0.8246469935250221,0.9975025463691153,0.9393068548232798,0.9902035573088157,0.5435644431995964,0.9617367430790453,0.9161314485121342,,,,,,,,,,,,,,,,,,,,,,,,
456,yes/no,Are all the flowers white?,no,http://images.cocodataset.org/train2014/COCO_train2014_000000000030.jpg,8,227,0.9971550847975255,-0.418212890625,No,8,84.0,0.0019775196795800763,104.0,0.001979774917636624,16.0,0.0019813618126205686,4.0,0.0019364350524084409,51.0,0.0019731818702850294,21.0,0.001976253522100822,47.0,0.0019694424680744955,0.8686281053189333,0.9466920911874019,0.9886994082884974,0.0,0.9119903476670977,0.9937866610055328,0.8584649422023762,27.0,0.001972430793772655,,,,,0.9327883776363327,,,,,,,,,,,,,,,,,
457,yes/no,Is the man standing on both foot?,no,http://images.cocodataset.org/train2014/COCO_train2014_000000524320.jpg,4,326,0.9989717726156433,-0.297607421875,No,4,15.0,0.0018733498770552176,11.0,0.0018685083146109083,9.0,0.00186683437014878,17.0,0.0018722917320716913,,,,,,,0.9161314485121342,0.8453509366224364,0.9182958340544896,0.8726389366057715,,,,,,,,,,,,,,,,,,,,,,,,,,,
458,yes/no,Was this picture likely taken recently?,no,http://images.cocodataset.org/train2014/COCO_train2014_000000524320.jpg,0,287,0.999048472413543,-0.492919921875,No,0,,,,,,,,,,,,,,,,,,,,,,,,,,,,,,,,,,,,,,,,,,,,,
459,yes/no,Do the gentleman's socks match his shoes and belt?,no,http://images.cocodataset.org/train2014/COCO_train2014_000000524320.jpg,2,346,0.9990492684104245,-0.429443359375,No,2,15.0,0.0018544894114071162,15.0,0.0018500730326169053,,,,,,,,,,,0.7219280948873623,0.9877812438119247,,,,,,,,,,,,,,,,,,,,,,,,,,,,,
460,yes/no,Are the zebras facing the same direction?,yes,http://images.cocodataset.org/train2014/COCO_train2014_000000240304.jpg,5,200,0.9967150078268319,-0.429443359375,No,5,34.0,0.002092747745457386,32.0,0.00212820265699683,138.0,0.0021319946690530472,32.0,0.0021336615175180473,37.0,0.0021131335564713366,,,,,0.9486648700891491,0.9616827539975185,0.9321193247846153,0.9681390622295665,0.920278202485788,,,,,,,,,,,,,,,,,,,,,,,,,,
461,yes/no,Is this a horse?,no,http://images.cocodataset.org/train2014/COCO_train2014_000000000034.jpg,7,186,0.9972270177692755,-0.007350921630859375,No,7,27.0,0.0020561432555313303,73.0,0.0020501903281025338,23.0,0.002064650358650994,118.0,0.0020515253339516933,34.0,0.0020553992306038237,26.0,0.0020501168872213223,15.0,0.002035337889089069,0.9628962824334484,0.9524287790486196,0.9185103271193574,0.9554946443607305,0.951983906543883,0.9308674268443861,0.9664572819896988,,,,,,,,,,,,,,,,,,,,,,,,
462,yes/no,Are they drinking wine at the child's party?,yes,http://images.cocodataset.org/train2014/COCO_train2014_000000393251.jpg,5,299,0.9982264093604536,-0.2393798828125,Yes,5,37.0,0.002031223514185777,20.0,0.0020227068105171603,15.0,0.0019909152411326956,18.0,0.0020134660610160757,15.0,0.0019990538828951183,,,,,0.8604318536511721,0.9835386311891136,0.8983958159908183,0.9728825026363701,0.0,,,,,,,,,,,,,,,,,,,,,,,,,,
463,yes/no,Is the man wearing glasses?,yes,http://images.cocodataset.org/train2014/COCO_train2014_000000393251.jpg,3,289,0.9982420247801881,-0.0287322998046875,Yes,3,66.0,0.0020216203901315148,19.0,0.002012358994374787,15.0,0.0019892638261149384,,,,,,,,,0.8741342627061139,0.9826301639446198,0.0,,,,,,,,,,,,,,,,,,,,,,,,,,,,
464,yes/no,Is this a good dessert?,yes,http://images.cocodataset.org/train2014/COCO_train2014_000000262180.jpg,8,169,0.9932507373661946,-0.07293701171875,Yes,8,153.0,0.0019871518033844097,77.0,0.001989816283383218,26.0,0.0019769958388415605,15.0,0.0019855892573171015,29.0,0.0019767348296023555,15.0,0.001975829997573111,49.0,0.001980731390897705,0.8526580240149821,0.8700477385489259,0.9238487699532499,0.9967916319816366,0.9752400711419362,0.944623214254579,0.9636412108334981,15.0,0.0019746020112477083,,,,,0.8830374409547587,,,,,,,,,,,,,,,,,
465,yes/no,Are those kites in the air?,yes,http://images.cocodataset.org/train2014/COCO_train2014_000000524325.jpg,1,260,0.972208435443623,-0.0227203369140625,Yes,1,15.0,0.004520434945631796,,,,,,,,,,,,,0.9859247724121322,,,,,,,,,,,,,,,,,,,,,,,,,,,,,,
466,yes/no,Is this a hot dog?,yes,http://images.cocodataset.org/train2014/COCO_train2014_000000043697.jpg,2,189,0.9617214748486475,-0.0167388916015625,Yes,2,29.0,0.006380579824001568,23.0,0.009276945127463127,,,,,,,,,,,0.9355447715299174,0.8757633818798277,,,,,,,,,,,,,,,,,,,,,,,,,,,,,
467,yes/no,Is there ketchup on the hot dog?,no,http://images.cocodataset.org/train2014/COCO_train2014_000000043697.jpg,5,188,0.9987664367198926,-0.19091796875,No,5,15.0,0.0019149948868750566,50.0,0.001955466331132569,32.0,0.001939600327994006,61.0,0.0019530383596776894,16.0,0.0019481712920419042,,,,,0.9718495448242642,0.9613508573779709,0.9691540774999354,0.9167692934073391,0.9463946303571862,,,,,,,,,,,,,,,,,,,,,,,,,,
468,yes/no,Has this hot dog been grilled?,no,http://images.cocodataset.org/train2014/COCO_train2014_000000043697.jpg,7,194,0.9983782887752917,-0.322021484375,No,7,16.0,0.001950341977771445,16.0,0.0019492287688800227,60.0,0.0019979873183243076,48.0,0.001989613513663278,70.0,0.0019933436469486607,17.0,0.001992425639392263,15.0,0.0019998179285013154,1.0,0.9690222556651344,0.9820133193358609,0.954124285438983,0.9378931107531556,0.9603948809345499,0.9967916319816366,,,,,,,,,,,,,,,,,,,,,,,,
469,yes/no,Have you tried a hot dog like this before?,yes,http://images.cocodataset.org/train2014/COCO_train2014_000000043697.jpg,5,255,0.9977556622276359,-0.4638671875,Yes,5,79.0,0.0020104823066486757,29.0,0.001984213412679531,18.0,0.0019938313592963285,73.0,0.0019853762364507883,22.0,0.0020185334051819335,,,,,0.9529684401077191,0.9118091828069349,0.9915323997298832,0.8334690932445163,0.8949645376549995,,,,,,,,,,,,,,,,,,,,,,,,,,
470,yes/no,Is this a toy-sized truck?,no,http://images.cocodataset.org/train2014/COCO_train2014_000000262184.jpg,2,316,0.9976848835637391,-0.1202392578125,No,2,15.0,0.0019944824931432147,20.0,0.0019904726771135745,,,,,,,,,,,0.9609640474436811,0.9927376486136672,,,,,,,,,,,,,,,,,,,,,,,,,,,,,
471,yes/no,Is there a carpet on the floor?,yes,http://images.cocodataset.org/train2014/COCO_train2014_000000131113.jpg,3,174,0.9986212200801503,-0.6630859375,No,3,104.0,0.0019026726711520645,40.0,0.0019046826964139532,16.0,0.0019080153455219811,,,,,,,,,0.912551151183031,0.9535578256018609,0.9755307720176266,,,,,,,,,,,,,,,,,,,,,,,,,,,,
472,yes/no,Is this plane landing?,no,http://images.cocodataset.org/train2014/COCO_train2014_000000262187.jpg,3,181,0.9951206962720749,-0.158447265625,No,3,229.0,0.002068027407415349,16.0,0.002042832202255156,23.0,0.002070964097898807,,,,,,,,,0.9097158675743816,0.9886085007312413,0.9765762937075554,,,,,,,,,,,,,,,,,,,,,,,,,,,,
473,yes/no,Is the plane taking off?,no,http://images.cocodataset.org/train2014/COCO_train2014_000000262187.jpg,3,158,0.995223912039814,-0.0297393798828125,No,3,242.0,0.0020648770186580704,12.0,0.002045854162083982,25.0,0.0020633941626303095,,,,,,,,,0.9345822219695282,0.9358932809493993,0.9470920204059348,,,,,,,,,,,,,,,,,,,,,,,,,,,,
474,yes/no,Are these airliners?,yes,http://images.cocodataset.org/train2014/COCO_train2014_000000131118.jpg,5,237,0.9972410131477812,-0.2227783203125,No,5,51.0,0.0019885784791567563,15.0,0.0019827310521266387,94.0,0.0019802143341924342,16.0,0.00197102769889921,7.0,0.0019672091444951994,,,,,0.8972264007396951,0.9877812438119247,0.9257424768717629,0.9320201587042914,0.9852281360342515,,,,,,,,,,,,,,,,,,,,,,,,,,
475,yes/no,Are this cargo planes?,yes,http://images.cocodataset.org/train2014/COCO_train2014_000000131118.jpg,5,228,0.9970335737795635,-0.382568359375,No,5,51.0,0.002011817613109499,15.0,0.0019976850745713937,95.0,0.0019994316081214636,22.0,0.001987609163745256,15.0,0.001997154128372172,,,,,0.9280336252728255,0.9182958340544896,0.8944643131098889,0.8346231278355998,0.9877812438119246,,,,,,,,,,,,,,,,,,,,,,,,,,
476,yes/no,Is this bear a normal size?,no,http://images.cocodataset.org/train2014/COCO_train2014_000000262191.jpg,9,199,0.9987134758586956,-0.28955078125,No,9,34.0,0.0019275333107864208,33.0,0.0019284546492862892,16.0,0.0018966451787753836,35.0,0.0019076380189104497,15.0,0.0018917087713185047,66.0,0.001920417955030881,10.0,0.0019102928935091083,0.9158550280748953,0.9660144884310068,0.9320201587042914,0.9147010273943054,0.7219280948873623,0.9006908328399686,0.9709505944546686,16.0,0.0019140677933290743,18.0,0.0019164876009059762,,,0.985056822321508,0.0,,,,,,,,,,,,,,,,
477,yes/no,Is there a flower arrangement on the lawn?,yes,http://images.cocodataset.org/train2014/COCO_train2014_000000000049.jpg,7,269,0.9940067105963405,-0.297607421875,Yes,7,16.0,0.0022460880123773524,15.0,0.0022065111663826928,16.0,0.002242415933883003,25.0,0.002195805017528055,16.0,0.002239967881553437,17.0,0.002218799429056596,27.0,0.0022449546548173674,0.949701216438411,0.9664572819896988,0.8112781244591328,0.9211460945412073,0.954434002924965,0.9519839065438831,0.8669320582058664,,,,,,,,,,,,,,,,,,,,,,,,
478,yes/no,Are they playing polo?,no,http://images.cocodataset.org/train2014/COCO_train2014_000000000049.jpg,0,245,0.9826860362719758,-0.65673828125,Yes,0,,,,,,,,,,,,,,,,,,,,,,,,,,,,,,,,,,,,,,,,,,,,,
479,yes/no,Is this man reading a cell phone screen?,no,http://images.cocodataset.org/train2014/COCO_train2014_000000524338.jpg,9,202,0.9992771088160517,-0.1346435546875,No,9,19.0,0.00183677991600957,11.0,0.0018410973431124244,23.0,0.001845677850995047,49.0,0.0018389431339762663,19.0,0.001838082680796217,27.0,0.0018421050219051573,19.0,0.001853123692423866,0.9720048748581784,0.9456603046006401,0.9024478255724018,0.9656834794083762,0.9462035592964384,0.9345922587417768,0.9980008838722996,17.0,0.0018377761479052416,19.0,0.0018424647078058465,,,0.8739810481273578,0.9649618403823442,,,,,,,,,,,,,,,,
480,yes/no,Is there a stop sign in the picture?,yes,http://images.cocodataset.org/train2014/COCO_train2014_000000131126.jpg,0,269,0.9948547990621677,-0.486572265625,No,0,,,,,,,,,,,,,,,,,,,,,,,,,,,,,,,,,,,,,,,,,,,,,
481,yes/no,Is the man unhappy?,no,http://images.cocodataset.org/train2014/COCO_train2014_000000131127.jpg,6,242,0.9970448473245018,-0.05780029296875,No,6,17.0,0.0020350523084268534,22.0,0.002061880221561873,82.0,0.0020434819780791977,27.0,0.0020427344859444197,31.0,0.00201939016965426,15.0,0.0020169846965860123,,,0.9770358764490155,0.9063593311749663,0.9326705679666941,0.956713432933915,0.9817658408547012,0.9877812438119247,,,,,,,,,,,,,,,,,,,,,,,,,
482,yes/no,Are the men going to share the bananas?,no,http://images.cocodataset.org/train2014/COCO_train2014_000000131127.jpg,2,193,0.9972284139223266,-0.286376953125,No,2,142.0,0.002027223455916719,81.0,0.002016236092767951,,,,,,,,,,,0.9534498246051565,0.9246880434732804,,,,,,,,,,,,,,,,,,,,,,,,,,,,,
483,yes/no,Do the painted flowers match the real ones?,no,http://images.cocodataset.org/train2014/COCO_train2014_000000131128.jpg,7,49,0.9980611893595285,-0.5048828125,No,7,200.0,0.00191070926722249,49.0,0.0019080444557891994,36.0,0.0019071467975882643,12.0,0.00190378914477561,95.0,0.0019198528627056282,16.0,0.0019270199051731698,14.0,0.0019106963162759288,0.9457459259492884,0.9455198617194045,0.8929352898779307,0.0,0.9008375984588959,0.9886994082884974,0.9852281360342515,,,,,,,,,,,,,,,,,,,,,,,,
484,yes/no,Will the birds go into the water?,no,http://images.cocodataset.org/train2014/COCO_train2014_000000262201.jpg,2,243,0.9987802758270515,-0.0609130859375,No,2,19.0,0.0019737631707713306,34.0,0.0019228475087068495,,,,,,,,,,,0.9041116874399233,0.9595557254187435,,,,,,,,,,,,,,,,,,,,,,,,,,,,,
485,yes/no,Is this bird afraid of the ledge?,no,http://images.cocodataset.org/train2014/COCO_train2014_000000262201.jpg,3,274,0.9988264898813731,-0.44140625,No,3,19.0,0.00195340269149219,18.0,0.0019054948723179347,34.0,0.0019147673534484354,,,,,,,,,0.858059727974443,0.7896900821428475,0.9675790359315454,,,,,,,,,,,,,,,,,,,,,,,,,,,,
486,yes/no,Are the mountains high?,yes,http://images.cocodataset.org/train2014/COCO_train2014_000000131133.jpg,3,72,0.9974551464655014,-0.0703125,Yes,3,16.0,0.002074130314743235,46.0,0.0020628766235325207,392.0,0.002055184304533515,,,,,,,,,0.954434002924965,0.6801529888510397,0.8985558368495383,,,,,,,,,,,,,,,,,,,,,,,,,,,,
487,yes/no,Is there a person standing in front of the television?,yes,http://images.cocodataset.org/train2014/COCO_train2014_000000262207.jpg,6,236,0.9974218154885378,-0.054168701171875,Yes,6,116.0,0.0022255243795299817,15.0,0.002032908704883227,20.0,0.002070063694267516,18.0,0.0020778043170559092,18.0,0.0021496815286624208,16.0,0.0021596337579617834,,,0.8348127958662961,0.9161314485121342,0.951850848028674,0.9758159039662214,1.0,0.5435644431995964,,,,,,,,,,,,,,,,,,,,,,,,,
488,yes/no,Is there enough room under the armchairs for a cat to hide?,yes,http://images.cocodataset.org/train2014/COCO_train2014_000000262207.jpg,3,235,0.997244129437102,-0.474609375,No,3,41.0,0.0019510681382578596,11.0,0.0019553470322231136,23.0,0.0019775302975012566,,,,,,,,,0.9140361855807954,0.9940302114769565,0.940725014049597,,,,,,,,,,,,,,,,,,,,,,,,,,,,
489,yes/no,Are there numbers on the clock face?,no,http://images.cocodataset.org/train2014/COCO_train2014_000000000064.jpg,0,235,0.9713521857566034,-0.51708984375,Yes,0,,,,,,,,,,,,,,,,,,,,,,,,,,,,,,,,,,,,,,,,,,,,,
490,yes/no,Is there a big tree behind the clock?,yes,http://images.cocodataset.org/train2014/COCO_train2014_000000000064.jpg,5,151,0.9967035029153347,-0.1180419921875,Yes,5,45.0,0.002108914252144531,213.0,0.002099302266454203,2.0,0.002026246220575897,15.0,0.002086400405249244,17.0,0.0021296071261291717,,,,,0.9279196700898443,0.9071884886363989,0.0,0.9602297178607612,0.9975025463691153,,,,,,,,,,,,,,,,,,,,,,,,,,
491,yes/no,Is this a wedding?,no,http://images.cocodataset.org/train2014/COCO_train2014_000000458763.jpg,4,161,0.9955224385998472,-0.002933502197265625,No,4,55.0,0.0021041360542162803,15.0,0.0020644698701945984,21.0,0.002086912928221563,101.0,0.002082338896207579,,,,,,,0.9471438461985668,0.982798115178801,0.9849500113113598,0.9074200815668078,,,,,,,,,,,,,,,,,,,,,,,,,,,
492,yes/no,Does the crust look burnt?,yes,http://images.cocodataset.org/train2014/COCO_train2014_000000567990.jpg,1,229,0.975943010581344,-0.2076416015625,Yes,1,15.0,0.010760061645049985,,,,,,,,,,,,,0.7835807040488099,,,,,,,,,,,,,,,,,,,,,,,,,,,,,,
493,yes/no,Does this pizza have a deep dish crust?,yes,http://images.cocodataset.org/train2014/COCO_train2014_000000567990.jpg,3,184,0.9982698146431694,-0.456787109375,No,3,68.0,0.0020308712600432006,75.0,0.0020082704735781246,56.0,0.0020118646860277692,,,,,,,,,0.9678543388863207,0.9677225536884347,0.9161407779111789,,,,,,,,,,,,,,,,,,,,,,,,,,,,
494,yes/no,Is the banana freshly peeled?,yes,http://images.cocodataset.org/train2014/COCO_train2014_000000393286.jpg,6,126,0.9973835831256708,-0.24560546875,Yes,6,78.0,0.0020118353157066245,36.0,0.0019949998737341856,268.0,0.0020038573264137154,8.0,0.001982373292254855,22.0,0.0020018870999956384,32.0,0.001991843228364353,,,0.6859609843369072,0.8553885422075337,0.8794854781341284,0.0,0.8949645376549995,0.9528195311147832,,,,,,,,,,,,,,,,,,,,,,,,,
495,yes/no,Is the banana closed?,no,http://images.cocodataset.org/train2014/COCO_train2014_000000393286.jpg,7,129,0.9981550536864686,-0.13525390625,No,7,262.0,0.0019707737738773414,61.0,0.0019644220011932555,49.0,0.0019682587813581254,17.0,0.001987427239740841,27.0,0.0019775820371948924,16.0,0.0019655730116346676,26.0,0.001963211816268386,0.9197297394849513,0.9482464667385883,0.9717829879510941,0.9774178175281716,0.8325252476189536,0.9320201587042914,0.9031771797077378,,,,,,,,,,,,,,,,,,,,,,,,
496,yes/no,Does this photo show train tracks?,yes,http://images.cocodataset.org/train2014/COCO_train2014_000000000071.jpg,7,282,0.9975374720986185,-0.054168701171875,Yes,7,22.0,0.0020914979592665545,15.0,0.0020453747726474998,9.0,0.0020510475055929597,16.0,0.002058138421774786,73.0,0.0020520188639740313,18.0,0.002052820234638417,15.0,0.0020751566206111665,0.9922150607220183,0.944623214254579,0.9910760598382222,0.9463946303571862,0.8701146596419852,0.6500224216483541,0.8830374409547587,,,,,,,,,,,,,,,,,,,,,,,,
497,yes/no,Does this train work?,yes,http://images.cocodataset.org/train2014/COCO_train2014_000000000071.jpg,1,242,0.9696514216444546,-0.04290771484375,Yes,1,23.0,0.005081295417064443,,,,,,,,,,,,,0.9717954863394009,,,,,,,,,,,,,,,,,,,,,,,,,,,,,,
498,yes/no,Are the giraffes under the trees?,yes,http://images.cocodataset.org/train2014/COCO_train2014_000000000072.jpg,7,210,0.998308607628013,-0.12188720703125,Yes,7,23.0,0.0019719064923583956,16.0,0.0019491336229843206,56.0,0.001957106793877585,17.0,0.001984994853155838,88.0,0.0019604521802663666,20.0,0.001943981727945596,27.0,0.0019570840782909948,0.8950252083920532,0.8112781244591328,0.827698114805034,0.9774178175281716,0.865930543532611,0.8173454221465103,0.9746913179422255,,,,,,,,,,,,,,,,,,,,,,,,
499,yes/no,Are there 3 elephants?,yes,http://images.cocodataset.org/train2014/COCO_train2014_000000393228.jpg,2,151,0.9979766624234765,-0.3984375,Yes,2,47.0,0.0020482545461974174,438.0,0.0020483294783857466,,,,,,,,,,,0.98923729392618,0.8813483908308503,,,,,,,,,,,,,,,,,,,,,,,,,,,,,
500,yes/no,Are all of the elephants full grown?,no,http://images.cocodataset.org/train2014/COCO_train2014_000000393228.jpg,2,104,0.9981294302666631,-0.0655517578125,No,2,290.0,0.0020286513417555442,36.0,0.002026179819200829,,,,,,,,,,,0.8925297261816875,0.908172349693003,,,,,,,,,,,,,,,,,,,,,,,,,,,,,
501,yes/no,Are the elephants in the jungle?,yes,http://images.cocodataset.org/train2014/COCO_train2014_000000393228.jpg,1,226,0.9620901416899054,-0.0147552490234375,Yes,1,26.0,0.011831463951422582,,,,,,,,,,,,,0.8479836109346183,,,,,,,,,,,,,,,,,,,,,,,,,,,,,,
502,yes/no,Is the woman eating the pizza?,no,http://images.cocodataset.org/train2014/COCO_train2014_000000393290.jpg,6,224,0.998935357343547,-0.0936279296875,No,6,21.0,0.001884521216578507,38.0,0.001884132481557004,44.0,0.0018856141108797694,17.0,0.0018775697197234117,21.0,0.001882321141775964,18.0,0.0018881530860938157,,,0.9517619850443704,0.9547885998154046,0.9686385027378804,0.9519839065438831,0.978033486181519,0.9656336071428252,,,,,,,,,,,,,,,,,,,,,,,,,
503,yes/no,Are there any reflections in this picture?,no,http://images.cocodataset.org/train2014/COCO_train2014_000000393291.jpg,8,132,0.9963288398819751,-0.6787109375,Yes,8,148.0,0.0021977517824093994,22.0,0.002133349531139188,38.0,0.0021546480329688714,9.0,0.0021850621207743426,14.0,0.002163134106575309,19.0,0.0021375401085782933,35.0,0.0021711313823420163,0.941033527663875,0.8716049151835776,0.9238956687006753,0.7642045065086203,0.9657130652315669,0.9892422967543257,0.9519321863916397,6.0,0.002112828662236348,,,,,0.0,,,,,,,,,,,,,,,,,
504,yes/no,Is the water on?,no,http://images.cocodataset.org/train2014/COCO_train2014_000000393292.jpg,0,237,0.9694664823535858,-0.440673828125,Yes,0,,,,,,,,,,,,,,,,,,,,,,,,,,,,,,,,,,,,,,,,,,,,,
505,yes/no,Is this photo outdoors?,yes,http://images.cocodataset.org/train2014/COCO_train2014_000000393292.jpg,0,248,0.9634618826330716,-0.0197296142578125,Yes,0,,,,,,,,,,,,,,,,,,,,,,,,,,,,,,,,,,,,,,,,,,,,,
506,yes/no,Are the clock and owl made in the same artistic fashion?,no,http://images.cocodataset.org/train2014/COCO_train2014_000000000078.jpg,6,230,0.9977127619582558,-0.6708984375,Yes,6,32.0,0.0018759004758600129,34.0,0.0018792116820733039,109.0,0.0018680308288458963,23.0,0.0018657151929206653,17.0,0.0018597057900916925,18.0,0.0018579407139936335,,,0.9462692837461092,0.9433114115816222,0.9773805574511433,0.9375221328852416,0.9771236998460402,0.8763576394898523,,,,,,,,,,,,,,,,,,,,,,,,,
507,yes/no,Is that owl a candle?,yes,http://images.cocodataset.org/train2014/COCO_train2014_000000000078.jpg,0,265,0.9740785069204543,-0.2493896484375,Yes,0,,,,,,,,,,,,,,,,,,,,,,,,,,,,,,,,,,,,,,,,,,,,,
508,yes/no,Does this planes tail have 4 colors?,no,http://images.cocodataset.org/train2014/COCO_train2014_000000000081.jpg,8,219,0.9965690718576087,-0.5634765625,Yes,8,26.0,0.0021785160598903337,113.0,0.0021359298259894252,68.0,0.0021368583954615226,15.0,0.002120248884079535,16.0,0.0021113722440146087,15.0,0.0020977050362955955,19.0,0.002122384617027487,0.990349619697181,0.875750481960421,0.8667186545514189,0.7219280948873623,0.9248008763572906,0.8830374409547587,0.9283213239079567,37.0,0.002119883308169525,,,,,0.92646865483184,,,,,,,,,,,,,,,,,
509,yes/no,Is this plane landing?,no,http://images.cocodataset.org/train2014/COCO_train2014_000000000081.jpg,1,52,0.9984249995261769,-0.1658935546875,No,1,600.0,0.001962019439824895,,,,,,,,,,,,,0.8733340690537821,,,,,,,,,,,,,,,,,,,,,,,,,,,,,,
510,yes/no,Is this plane taking off?,no,http://images.cocodataset.org/train2014/COCO_train2014_000000000081.jpg,5,125,0.9956255552644647,-0.5498046875,Yes,5,98.0,0.0019468673938559655,45.0,0.001947171979876144,56.0,0.0019470281724003392,50.0,0.0019476359152980833,38.0,0.0019472503006524391,,,,,0.8940917505556245,0.6182930541450908,0.6480016190499651,0.823675907222497,0.6444666452025872,,,,,,,,,,,,,,,,,,,,,,,,,,
511,yes/no,Are these wings strong?,yes,http://images.cocodataset.org/train2014/COCO_train2014_000000000081.jpg,8,208,0.9966077347271438,-0.037322998046875,Yes,8,26.0,0.0021826608701900627,99.0,0.002131645405816352,31.0,0.0021454077404718503,15.0,0.002125175151798225,29.0,0.0021185027023420304,16.0,0.0021164175618869695,18.0,0.0021185027023420296,0.990349619697181,0.9071737902810642,0.93115506758111,0.7219280948873623,0.7435882321573665,0.9248008763572906,0.9342064019134054,32.0,0.0021122472809768466,,,,,0.9471431744796017,,,,,,,,,,,,,,,,,
512,yes/no,Is that a bicycle?,yes,http://images.cocodataset.org/train2014/COCO_train2014_000000000086.jpg,1,218,0.971861887451001,-0.0307464599609375,Yes,1,22.0,0.005167199749267833,,,,,,,,,,,,,0.9811519819141796,,,,,,,,,,,,,,,,,,,,,,,,,,,,,,
513,yes/no,Is this a cow farm?,yes,http://images.cocodataset.org/train2014/COCO_train2014_000000524375.jpg,4,118,0.9972704158808214,-0.05987548828125,No,4,192.0,0.002069044136806446,26.0,0.0020375036450382546,113.0,0.002062003211461588,30.0,0.0020709528652640844,,,,,,,0.9602412244387789,0.9519277678640524,0.9277179225882092,0.9079787466825342,,,,,,,,,,,,,,,,,,,,,,,,,,,
514,yes/no,Is this a prairie?,yes,http://images.cocodataset.org/train2014/COCO_train2014_000000524375.jpg,4,146,0.9931019405332931,-0.640625,No,4,154.0,0.0022926449389468954,107.0,0.002301010350797621,19.0,0.0022615650263681057,32.0,0.0023073337672691297,,,,,,,0.9235745623773262,0.8973660895862525,0.9720048748581784,0.9850011108227404,,,,,,,,,,,,,,,,,,,,,,,,,,,
515,yes/no,Is there a village in the background?,no,http://images.cocodataset.org/train2014/COCO_train2014_000000524375.jpg,4,158,0.9931806945005236,-0.08929443359375,No,4,162.0,0.002301349569452516,104.0,0.0023021191131341314,17.0,0.002266365770279459,33.0,0.0023225494123177773,,,,,,,0.939293962436854,0.9570263530544988,0.9519839065438831,0.9319780693275648,,,,,,,,,,,,,,,,,,,,,,,,,,,
516,yes/no,Would you be able to find a mosque in this city?,yes,http://images.cocodataset.org/train2014/COCO_train2014_000000131160.jpg,0,254,0.9718192160531619,-0.0093231201171875,Yes,0,,,,,,,,,,,,,,,,,,,,,,,,,,,,,,,,,,,,,,,,,,,,,
517,yes/no,Is there ketchup?,no,http://images.cocodataset.org/train2014/COCO_train2014_000000524377.jpg,4,156,0.9979989400573722,-0.125732421875,No,4,29.0,0.0019533507717473283,42.0,0.0019592080899556654,128.0,0.0019838625147313,59.0,0.0019726163197532026,,,,,,,0.9665859482843118,0.973373316150164,0.8590034884830181,0.9447867877148955,,,,,,,,,,,,,,,,,,,,,,,,,,,
518,yes/no,Is the hotdog well seasoned?,yes,http://images.cocodataset.org/train2014/COCO_train2014_000000524377.jpg,5,262,0.9971631126822201,-0.0989990234375,Yes,5,55.0,0.002056126232501727,15.0,0.002036531207610978,25.0,0.0020662615902038396,16.0,0.0020997082706208084,15.0,0.002019188484431809,,,,,0.9147831624496904,0.9654013672997089,0.9119170469093422,0.0,0.9446232142545791,,,,,,,,,,,,,,,,,,,,,,,,,,
519,yes/no,Is this a healthy meal?,no,http://images.cocodataset.org/train2014/COCO_train2014_000000524377.jpg,2,166,0.9983158996749779,-0.01129150390625,No,2,78.0,0.0019013321942991073,67.0,0.0018992791665052942,,,,,,,,,,,0.9154456481156096,0.963597375401195,,,,,,,,,,,,,,,,,,,,,,,,,,,,,
520,yes/no,Is there a spoon in this photo?,no,http://images.cocodataset.org/train2014/COCO_train2014_000000524377.jpg,4,168,0.9979934673765098,-0.017730712890625,No,4,30.0,0.0019570382268177503,45.0,0.0019621621847720153,128.0,0.001985133398062517,61.0,0.0019749437941754965,,,,,,,0.9598568375662753,0.9277315654127674,0.9492827855022212,0.9536435065810284,,,,,,,,,,,,,,,,,,,,,,,,,,,
521,yes/no,Is this breakfast?,no,http://images.cocodataset.org/train2014/COCO_train2014_000000524377.jpg,2,147,0.9983786824890706,-0.007843017578125,No,2,227.0,0.0019257484119297936,21.0,0.0019062910979452446,,,,,,,,,,,0.8622211357350633,0.997618320255157,,,,,,,,,,,,,,,,,,,,,,,,,,,,,
522,yes/no,Is there a drink in this picture?,no,http://images.cocodataset.org/train2014/COCO_train2014_000000524377.jpg,4,182,0.9967873724972798,-0.2227783203125,No,4,105.0,0.002052321618929452,118.0,0.0020570133438699663,19.0,0.002032675488416968,16.0,0.0020267200251647068,,,,,,,0.9534452203823168,0.9090689577469525,0.9892422967543257,0.985056822321508,,,,,,,,,,,,,,,,,,,,,,,,,,,
523,yes/no,Do these hot dogs look like they taste good?,yes,http://images.cocodataset.org/train2014/COCO_train2014_000000524377.jpg,8,263,0.9850378169816345,-0.0687255859375,Yes,8,94.0,0.002259540564445495,19.0,0.0022540737034935504,23.0,0.0022578507613020085,19.0,0.002255828700051017,93.0,0.0022620325185269997,26.0,0.0022638485280696207,15.0,0.0022514777710856346,0.9388335636756474,0.9752404816059184,0.9154212059212888,0.7996680068017685,0.8897343302455726,0.9790089185165758,0.9147366491799203,27.0,0.0022649855570892686,,,,,0.9946468165806768,,,,,,,,,,,,,,,,,
524,yes/no,Are those tomatoes on the sandwich?,no,http://images.cocodataset.org/train2014/COCO_train2014_000000524377.jpg,3,176,0.9685888577960112,-0.480224609375,Yes,3,15.0,0.01083953419935259,14.0,0.013062356989712264,6.0,0.003178206583427923,,,,,,,,,0.8443536850036222,0.863120568566631,0.9182958340544896,,,,,,,,,,,,,,,,,,,,,,,,,,,,
525,yes/no,Are the fries plain?,no,http://images.cocodataset.org/train2014/COCO_train2014_000000524377.jpg,4,216,0.9960788148661605,-0.5625,No,4,103.0,0.00208268991509473,111.0,0.0020838513733747056,17.0,0.0020491167928146847,15.0,0.0020494589181270606,,,,,,,0.9445535771003949,0.9422171574159665,0.9771236998460402,0.944623214254579,,,,,,,,,,,,,,,,,,,,,,,,,,,
526,yes/no,Does this breakfast dish primarily carbohydrates?,yes,http://images.cocodataset.org/train2014/COCO_train2014_000000524377.jpg,1,172,0.9721874924224847,-0.330810546875,Yes,1,23.0,0.013423310298747439,,,,,,,,,,,,,0.8324634571186273,,,,,,,,,,,,,,,,,,,,,,,,,,,,,,
527,yes/no,Has someone started eating?,no,http://images.cocodataset.org/train2014/COCO_train2014_000000524377.jpg,1,190,0.9984002535282098,-0.451416015625,No,1,229.0,0.0019207805054229307,,,,,,,,,,,,,0.9045656557184374,,,,,,,,,,,,,,,,,,,,,,,,,,,,,,
528,yes/no,Would this be good for dessert?,no,http://images.cocodataset.org/train2014/COCO_train2014_000000524377.jpg,1,189,0.9984229154591943,-0.01178741455078125,No,1,226.0,0.0019106051548787848,,,,,,,,,,,,,0.9273493389923324,,,,,,,,,,,,,,,,,,,,,,,,,,,,,,
529,yes/no,Is there a butter plate on the table?,yes,http://images.cocodataset.org/train2014/COCO_train2014_000000524377.jpg,5,150,0.99711895932093,-0.5107421875,No,5,72.0,0.00202259562449136,130.0,0.0020295596468964477,33.0,0.002010732893555926,14.0,0.0020132749073278043,19.0,0.0020097741957428627,,,,,0.9621055498466398,0.9279394098266843,0.973259728348879,0.903213977385558,0.9495113755878275,,,,,,,,,,,,,,,,,,,,,,,,,,
530,yes/no,Does this have lettuce?,no,http://images.cocodataset.org/train2014/COCO_train2014_000000524377.jpg,4,153,0.9977659290244457,-0.255615234375,No,4,82.0,0.0019841086879677874,141.0,0.0020017616767807854,59.0,0.001990477278036152,13.0,0.0019587153511829974,,,,,,,0.9089748888227092,0.8731819911078743,0.9557699867392462,0.9612366047228759,,,,,,,,,,,,,,,,,,,,,,,,,,,
531,yes/no,Does the food look good?,yes,http://images.cocodataset.org/train2014/COCO_train2014_000000524377.jpg,4,261,0.997123518284824,-0.0692138671875,Yes,4,54.0,0.002064265407600998,15.0,0.0020443325912302772,24.0,0.0020682089504081573,15.0,0.002101119607653342,,,,,,,0.9299215749802157,0.9654013672997089,0.7755490855036323,0.9967916319816366,,,,,,,,,,,,,,,,,,,,,,,,,,,
532,yes/no,Is this meat?,yes,http://images.cocodataset.org/train2014/COCO_train2014_000000524377.jpg,3,200,0.9722001241758761,-0.474609375,Yes,3,15.0,0.010303473653875996,14.0,0.012391656137084083,6.0,0.0030738991967960514,,,,,,,,,0.8024677973715657,0.72483409150576,1.0,,,,,,,,,,,,,,,,,,,,,,,,,,,,
533,yes/no,Would this typically be eaten for breakfast?,no,http://images.cocodataset.org/train2014/COCO_train2014_000000524377.jpg,1,165,0.9983855792221855,-0.0093231201171875,No,1,210.0,0.001906006073047745,,,,,,,,,,,,,0.9352864336068949,,,,,,,,,,,,,,,,,,,,,,,,,,,,,,
534,yes/no,Is that bacon from a delicatessen?,yes,http://images.cocodataset.org/train2014/COCO_train2014_000000524377.jpg,2,166,0.9983989883052454,-0.197509765625,No,2,15.0,0.0018813581862330711,207.0,0.0019018447963262376,,,,,,,,,,,0.9018972358711528,0.8889457265992496,,,,,,,,,,,,,,,,,,,,,,,,,,,,,
535,yes/no,Is the man wearing formal clothes?,no,http://images.cocodataset.org/train2014/COCO_train2014_000000393306.jpg,2,214,0.9985859727886536,-0.0034236907958984375,No,2,38.0,0.001968123751075487,37.0,0.0019257195356074612,,,,,,,,,,,0.9665297456127799,0.9739883444851981,,,,,,,,,,,,,,,,,,,,,,,,,,,,,
536,yes/no,Is there a deodorant on the sink?,no,http://images.cocodataset.org/train2014/COCO_train2014_000000262159.jpg,1,213,0.9972498674978609,-0.36767578125,No,1,62.0,0.0020389683472626105,,,,,,,,,,,,,0.9556848371213248,,,,,,,,,,,,,,,,,,,,,,,,,,,,,,
537,yes/no,Is there a full roll of toilet paper in the bathroom?,yes,http://images.cocodataset.org/train2014/COCO_train2014_000000262159.jpg,7,198,0.998148510395406,-0.64013671875,Yes,7,20.0,0.00207429866332686,15.0,0.001992410351595643,15.0,0.001999258154667243,17.0,0.00198766494420392,15.0,0.0019894069291958184,19.0,0.001986811339942917,16.0,0.002081146466398461,0.9835386311891136,0.8830374409547587,0.9543063494363562,0.9975025463691153,0.982798115178801,0.8280516427049733,0.8194483718728035,,,,,,,,,,,,,,,,,,,,,,,,
538,yes/no,Would someone be able to watch you change from the outside?,yes,http://images.cocodataset.org/train2014/COCO_train2014_000000262159.jpg,1,197,0.996877309461041,-0.5439453125,No,1,111.0,0.0020368142736255966,,,,,,,,,,,,,0.9373305775420164,,,,,,,,,,,,,,,,,,,,,,,,,,,,,,
539,yes/no,Does the shower have a glass door?,no,http://images.cocodataset.org/train2014/COCO_train2014_000000262159.jpg,1,255,0.9970133150286333,-0.20166015625,No,1,15.0,0.0020175558430635134,,,,,,,,,,,,,0.8616157143988104,,,,,,,,,,,,,,,,,,,,,,,,,,,,,,
540,yes/no,Is the towel rack silver?,no,http://images.cocodataset.org/train2014/COCO_train2014_000000262159.jpg,3,229,0.973732103393301,-0.5498046875,Yes,3,25.0,0.00782654199429886,41.0,0.003915800136835526,15.0,0.0037911232906895076,,,,,,,,,0.9899449185263033,0.9686492427374727,0.9718495448242642,,,,,,,,,,,,,,,,,,,,,,,,,,,,
541,yes/no,Is there a shower curtain?,yes,http://images.cocodataset.org/train2014/COCO_train2014_000000262159.jpg,1,225,0.9972813061566584,-0.08026123046875,No,1,62.0,0.0020348057644575,,,,,,,,,,,,,0.9561217945305912,,,,,,,,,,,,,,,,,,,,,,,,,,,,,,
542,yes/no,Is the toilet lid down?,yes,http://images.cocodataset.org/train2014/COCO_train2014_000000262159.jpg,5,124,0.9965055903410655,-0.5693359375,Yes,5,199.0,0.002232480155999303,108.0,0.0022033525576908063,35.0,0.002181848031302159,58.0,0.0022452430172578914,33.0,0.0022084472381350387,,,,,0.8536113383018988,0.8609790294744595,0.9338554165800471,0.9387529167760285,0.9745630531045548,,,,,,,,,,,,,,,,,,,,,,,,,,
543,yes/no,Does this cake look like it chocolate?,yes,http://images.cocodataset.org/train2014/COCO_train2014_000000000092.jpg,0,261,0.9861024718690065,-0.0989990234375,Yes,0,,,,,,,,,,,,,,,,,,,,,,,,,,,,,,,,,,,,,,,,,,,,,
544,yes/no,Is this a small town?,yes,http://images.cocodataset.org/train2014/COCO_train2014_000000000094.jpg,3,152,0.9977773565150547,-0.322021484375,No,3,236.0,0.00196850154932477,58.0,0.0019532412301087017,57.0,0.0019567488108098376,,,,,,,,,0.9144573276883216,0.9616264412067724,0.971327101534767,,,,,,,,,,,,,,,,,,,,,,,,,,,,
545,yes/no,Will these planes be used to transport people?,no,http://images.cocodataset.org/train2014/COCO_train2014_000000393311.jpg,2,251,0.9614453102838947,-0.5244140625,Yes,2,16.0,0.004911644521419101,9.0,0.005406266819413249,,,,,,,,,,,0.9954133073923868,0.9057125980138372,,,,,,,,,,,,,,,,,,,,,,,,,,,,,
546,yes/no,Is the room carpeted?,yes,http://images.cocodataset.org/train2014/COCO_train2014_000000524386.jpg,9,226,0.9968788495420834,-0.462890625,Yes,9,50.0,0.0022100130985300546,33.0,0.0021593830901064197,15.0,0.0021345752680347347,15.0,0.0021843011691650904,44.0,0.002170684431272411,22.0,0.0021442227543959466,53.0,0.00213125715682263,0.9661190960509453,0.9828058270053265,0.9967916319816366,0.9967916319816366,0.9283266063904658,0.9849226290193991,0.9089600686774846,21.0,0.0021856872570014765,20.0,0.0022030999854460785,,,0.958411422117983,0.4689955935892812,,,,,,,,,,,,,,,,
547,yes/no,Is there a fireplace?,no,http://images.cocodataset.org/train2014/COCO_train2014_000000524386.jpg,3,213,0.99845682430553,-0.0167388916015625,No,3,36.0,0.0019390033667891107,17.0,0.0019386951493451658,30.0,0.0019724995473659732,,,,,,,,,0.8850738429531707,0.9183001704342754,0.9613833012053531,,,,,,,,,,,,,,,,,,,,,,,,,,,,
548,yes/no,Are stains on the floor?,no,http://images.cocodataset.org/train2014/COCO_train2014_000000524386.jpg,5,250,0.9986033066268923,-0.1329345703125,No,5,24.0,0.0019189576464807405,19.0,0.001922432318233629,20.0,0.0019235182741408005,21.0,0.0019462531081097846,16.0,0.001935048570684579,,,,,0.9697883595925099,0.9462035592964384,0.8927376486136671,0.9092748525610022,0.9965119062478288,,,,,,,,,,,,,,,,,,,,,,,,,,
549,yes/no,Are these boys at home?,no,http://images.cocodataset.org/train2014/COCO_train2014_000000524386.jpg,5,88,0.9929185707029995,-0.36474609375,Yes,5,461.0,0.002068815727355827,30.0,0.0020694528477519067,26.0,0.002068837844715849,63.0,0.0020686055395948183,20.0,0.0020674090030756848,,,,,0.788120139261136,0.9967916319816366,0.9236658308516222,0.8001602722048717,0.8812908992306927,,,,,,,,,,,,,,,,,,,,,,,,,,
550,yes/no,Is this a 60's motif?,no,http://images.cocodataset.org/train2014/COCO_train2014_000000524386.jpg,4,253,0.9984735973489671,-0.26318359375,No,4,50.0,0.0019390777523662726,22.0,0.001936092769937247,21.0,0.0019649851097843277,15.0,0.0019448542461409598,,,,,,,0.9079755756267406,0.9346262260259476,0.958411422117983,0.9877812438119247,,,,,,,,,,,,,,,,,,,,,,,,,,,
551,yes/no,Is the light green?,yes,http://images.cocodataset.org/train2014/COCO_train2014_000000393317.jpg,12,248,0.9969977229958494,-0.1728515625,Yes,12,32.0,0.0021620038588754126,45.0,0.002171383069949772,16.0,0.002170617420066152,29.0,0.0021682412652549127,16.0,0.0021404699558985668,15.0,0.0020580668871738334,19.0,0.002108962455753496,0.8024052436705214,0.953236893430235,0.0,0.8854571607491716,0.886859507142915,0.9877812438119246,0.9656476401164373,12.0,0.0021907157295112095,28.0,0.0020912496062372036,12.0,0.0020557699375229692,0.6500224216483541,0.9724347495570991,0.9206198357143051,15.0,0.002122381477398016,0.7219280948873623,15.0,0.0021361631753031973,0.9189900464321514,,,,,,,,,
552,yes/no,Is it raining?,no,http://images.cocodataset.org/train2014/COCO_train2014_000000393317.jpg,8,259,0.9968903465928598,-0.45751953125,Yes,8,29.0,0.00216325456418121,44.0,0.002188139759985609,15.0,0.002157102924086813,15.0,0.002142027073714627,15.0,0.0021319765067998367,27.0,0.002100847667605418,15.0,0.002133232827664186,0.8692624222614305,0.9406029184524659,0.8830374409547587,0.9018972358711528,0.9654013672997089,0.9693122692797389,0.7219280948873623,15.0,0.0021483086780363712,,,,,0.9189900464321514,,,,,,,,,,,,,,,,,
553,yes/no,Is this woman crossing a street?,yes,http://images.cocodataset.org/train2014/COCO_train2014_000000393317.jpg,7,314,0.996905790463291,-0.1290283203125,Yes,7,28.0,0.002180364277734044,41.0,0.0021799683996953576,15.0,0.002158722944952565,16.0,0.002106648487947131,11.0,0.0020623206443805206,15.0,0.002139786778768771,6.0,0.0020735101971254897,0.9852281360342515,0.9393956305640334,0.8830374409547587,0.9320201587042914,0.9056185178648963,0.7219280948873623,1.0,,,,,,,,,,,,,,,,,,,,,,,,
554,yes/no,Is this in the United States?,yes,http://images.cocodataset.org/train2014/COCO_train2014_000000393317.jpg,6,279,0.9973444627975836,-0.297607421875,No,6,15.0,0.0019909702216411177,16.0,0.002028604414855066,40.0,0.002013490037257852,44.0,0.0020147812984326417,16.0,0.0019946881157287865,16.0,0.0020154020970743662,,,0.9446232142545791,0.954434002924965,0.9318104107471042,0.8923010073590767,0.9414280318460244,0.949701216438411,,,,,,,,,,,,,,,,,,,,,,,,,
555,yes/no,Is there anyone in the cockpit?,yes,http://images.cocodataset.org/train2014/COCO_train2014_000000131174.jpg,3,136,0.9917591472261411,-0.59716796875,Yes,3,190.0,0.002021334759491481,50.0,0.0020177907021743575,43.0,0.0020194698223154036,,,,,,,,,0.9226290520795324,0.9613508573779709,0.8980025153220091,,,,,,,,,,,,,,,,,,,,,,,,,,,,
556,yes/no,Is the bus stopped?,yes,http://images.cocodataset.org/train2014/COCO_train2014_000000546151.jpg,5,267,0.99799756531255,-0.225830078125,Yes,5,103.0,0.0019887679890222914,17.0,0.0019621743701398325,24.0,0.0019744288148452163,31.0,0.0019779393562990946,17.0,0.001982659412035401,,,,,0.9088911369751711,0.9519839065438831,0.9463946303571862,0.8105931143474372,0.8739810481273578,,,,,,,,,,,,,,,,,,,,,,,,,,
557,yes/no,Is this an ocean area?,yes,http://images.cocodataset.org/train2014/COCO_train2014_000000000109.jpg,5,170,0.9935411445483079,-0.10491943359375,No,5,95.0,0.0022032363108688813,96.0,0.0021944907600389076,112.0,0.002214889707446135,28.0,0.0022398788610900793,9.0,0.00218014119639797,,,,,0.8566040491416916,0.9305158428511555,0.9063891717746597,0.7559279292634755,0.9910760598382222,,,,,,,,,,,,,,,,,,,,,,,,,,
558,yes/no,Is the ground near the waterfront squishy?,no,http://images.cocodataset.org/train2014/COCO_train2014_000000000109.jpg,9,287,0.9969914605543889,-0.6044921875,Yes,9,41.0,0.0018869507971907152,18.0,0.0018877261518587378,18.0,0.0018832835140869877,26.0,0.0018831999773083732,15.0,0.0018814867139215236,6.0,0.001869461974352652,17.0,0.0018808560335790245,0.9850104478776153,0.8527924884900406,0.9656336071428252,0.9250751035817213,0.9189900464321514,1.0,0.9878171319090819,17.0,0.0018792357774505034,27.0,0.0018806508398518762,,,0.96039488093455,0.9629892990890715,,,,,,,,,,,,,,,,
559,yes/no,Is the water calm?,yes,http://images.cocodataset.org/train2014/COCO_train2014_000000000109.jpg,6,290,0.9960734745258631,-0.24560546875,Yes,6,85.0,0.0022358112475759514,26.0,0.0022333051563820797,23.0,0.00221978021978022,23.0,0.002198757763975155,15.0,0.0021611721611721605,16.0,0.0021703296703296706,,,0.9107579042012495,0.8175195311866704,0.8950252083920532,0.9321115676166747,0.9182958340544896,0.9463946303571862,,,,,,,,,,,,,,,,,,,,,,,,,
560,yes/no,Is this a cheese pizza?,yes,http://images.cocodataset.org/train2014/COCO_train2014_000000000110.jpg,7,212,0.9948973313062212,-0.6865234375,Yes,7,93.0,0.0020019616866969263,26.0,0.0019862068361014575,20.0,0.001990419464018472,23.0,0.0020046950900324332,16.0,0.0019862446175177542,8.0,0.001988086461562188,38.0,0.00201193995759028,0.9637716455389711,0.9445513709023072,0.9596390821693784,0.9810720783927832,0.9463946303571862,0.954434002924965,0.9536190413315974,,,,,,,,,,,,,,,,,,,,,,,,
561,yes/no,Is there more than one vase on the table?,yes,http://images.cocodataset.org/train2014/COCO_train2014_000000305853.jpg,4,194,0.9978214061564332,-0.353515625,Yes,4,123.0,0.0020484805983645533,30.0,0.0020349266433106494,32.0,0.002010094095222755,17.0,0.002018976962185833,,,,,,,0.7197340208960841,0.9450887699778396,0.9414280318460245,0.8726389366057715,,,,,,,,,,,,,,,,,,,,,,,,,,,
562,yes/no,Is there a cake here?,yes,http://images.cocodataset.org/train2014/COCO_train2014_000000000113.jpg,0,242,0.9766975652247128,-0.026214599609375,Yes,0,,,,,,,,,,,,,,,,,,,,,,,,,,,,,,,,,,,,,,,,,,,,,
563,yes/no,Are there any pens on the table?,no,http://images.cocodataset.org/train2014/COCO_train2014_000000000113.jpg,10,176,0.9985449850005624,-0.248779296875,No,10,27.0,0.0019418911255080292,63.0,0.0019605568472337914,35.0,0.00197095356418676,36.0,0.0019617917950530005,47.0,0.0019675970351339923,19.0,0.0019495215322637822,10.0,0.0019591443756655697,0.8011582792527759,0.926474143904584,0.9694019278374316,0.7486731350351692,0.8236445589531411,0.9355095604394199,0.7219280948873623,15.0,0.001950067509194379,9.0,0.0019377489046977646,15.0,0.0019418010772295458,0.9877812438119247,0.9656336071428252,0.982798115178801,,,,,,,,,,,,,,,
564,yes/no,Is this image tilted?,yes,http://images.cocodataset.org/train2014/COCO_train2014_000000262260.jpg,6,132,0.9966344858151754,-0.382568359375,Yes,6,22.0,0.0020420020275755527,164.0,0.002040818480807687,88.0,0.0020393790320359577,8.0,0.0020197065654889855,24.0,0.002034133040956765,16.0,0.002048559516424543,,,0.8949645376549995,0.9122844914367619,0.8821791548329716,0.0,0.920619835714305,0.0,,,,,,,,,,,,,,,,,,,,,,,,,
565,yes/no,Does this image contain a pie pan?,yes,http://images.cocodataset.org/train2014/COCO_train2014_000000262261.jpg,5,143,0.9963274102403186,-0.391845703125,Yes,5,274.0,0.002173992639395441,21.0,0.0021528148624860976,17.0,0.002148161095167483,21.0,0.002180200493245638,18.0,0.0021370934818648805,,,,,0.8950240950769387,0.9803153789223941,0.9603948809345497,0.9424257960378288,0.977342973473178,,,,,,,,,,,,,,,,,,,,,,,,,,
566,yes/no,Is this a large house?,yes,http://images.cocodataset.org/train2014/COCO_train2014_000000131190.jpg,6,262,0.9963524722884312,-0.31396484375,Yes,6,19.0,0.0021155215436922826,15.0,0.0020573762627301016,11.0,0.0020578746883282433,15.0,0.0020875310114176846,6.0,0.00204229888838631,16.0,0.0020894156832106585,,,0.9258628921382102,0.8830374409547587,0.9431887805255736,0.9500685975366211,0.9182958340544896,0.9755307720176265,,,,,,,,,,,,,,,,,,,,,,,,,
567,yes/no,Is there a fountain in front of the building?,no,http://images.cocodataset.org/train2014/COCO_train2014_000000131190.jpg,7,250,0.9935427727546173,-0.0297393798828125,No,7,41.0,0.0021726857174347775,16.0,0.002171117467490325,15.0,0.0021485630042705254,14.0,0.0021523173122817386,19.0,0.002171655131145653,22.0,0.002167238813634506,16.0,0.0021473811984712645,0.962858822624168,0.5435644431995964,0.944623214254579,0.863120568566631,0.9520903566147753,0.9431887805255736,0.9886085007312413,,,,,,,,,,,,,,,,,,,,,,,,
568,yes/no,Is the sun shining?,yes,http://images.cocodataset.org/train2014/COCO_train2014_000000131190.jpg,10,263,0.9963940956505146,-0.08184814453125,Yes,10,20.0,0.0021065144104292924,16.0,0.0020534130989730494,12.0,0.002055848938948106,16.0,0.0020875148586238478,15.0,0.0020526011523146976,2.0,0.002007132139446967,7.0,0.002037754127704826,0.9372305632161296,0.8194483718728035,0.6500224216483541,0.9320201587042914,0.944623214254579,0.0,0.9852281360342515,15.0,0.002065592298848334,12.0,0.002098070165182428,15.0,0.0020837799039954276,0.0,0.9182958340544896,0.9189900464321514,,,,,,,,,,,,,,,
569,yes/no,Is this a church?,yes,http://images.cocodataset.org/train2014/COCO_train2014_000000131190.jpg,3,315,0.9958317220291384,-0.16357421875,No,3,15.0,0.0021077975015253796,43.0,0.0020854497857809334,16.0,0.0020713495450845297,,,,,,,,,0.9182958340544896,0.8908175894897975,0.949701216438411,,,,,,,,,,,,,,,,,,,,,,,,,,,,
570,yes/no,Are there clouds visible?,no,http://images.cocodataset.org/train2014/COCO_train2014_000000131190.jpg,8,223,0.9933234530423631,-0.1514892578125,No,8,51.0,0.0021765605442080472,16.0,0.0021752933854015033,36.0,0.0021540305426444783,31.0,0.0021649914200212892,15.0,0.0021854577213817478,15.0,0.00214931786011866,27.0,0.002167833961876909,0.9541420856783617,0.5435644431995964,0.9419042523805878,0.8694993932831591,0.7835807040488099,0.7219280948873623,0.9376547517881337,25.0,0.002150522522160762,,,,,0.9455672104350705,,,,,,,,,,,,,,,,,
571,yes/no,Is this a sunny day?,yes,http://images.cocodataset.org/train2014/COCO_train2014_000000131190.jpg,9,249,0.9963659223140474,-0.0182342529296875,Yes,9,20.0,0.002111384918679153,16.0,0.0020576638738294736,12.0,0.0020601281419418437,15.0,0.002080499425004108,15.0,0.00205684245112535,6.0,0.002037128306226384,15.0,0.0020699852143913266,0.9372305632161296,0.8194483718728035,0.6500224216483541,0.9500685975366211,0.944623214254579,0.9182958340544896,0.0,12.0,0.002102842122556268,15.0,0.002088385082963694,,,0.9182958340544896,0.9189900464321514,,,,,,,,,,,,,,,,
572,yes/no,Are the hedges well-groomed?,no,http://images.cocodataset.org/train2014/COCO_train2014_000000131190.jpg,9,266,0.9964165544889918,-0.2076416015625,Yes,9,20.0,0.002104208416833668,16.0,0.0020506699673857516,31.0,0.0020388658404728506,7.0,0.0020461090247722337,15.0,0.0020734279015547437,8.0,0.002048214075209242,15.0,0.002062949428268301,0.9372305632161296,0.8194483718728035,0.9587277441060567,0.863120568566631,0.9500685975366211,0.954434002924965,0.0,12.0,0.002095694657288433,15.0,0.002081286756519575,,,0.9182958340544896,0.9189900464321514,,,,,,,,,,,,,,,,
573,yes/no,Does the building in the back have an elevator?,no,http://images.cocodataset.org/train2014/COCO_train2014_000000131190.jpg,6,243,0.9970756808128164,-0.042388916015625,No,6,15.0,0.0020009590486237652,15.0,0.0019958441226303504,44.0,0.0019884565420194076,16.0,0.0019976982833029636,15.0,0.0019960998689300207,33.0,0.0019880787349858026,,,0.9018972358711528,0.9877812438119247,0.9425285990694692,0.8112781244591328,0.9877812438119247,0.956163022765723,,,,,,,,,,,,,,,,,,,,,,,,,
574,yes/no,Do you a phone booth?,no,http://images.cocodataset.org/train2014/COCO_train2014_000000131190.jpg,4,308,0.9966225124343744,-0.0692138671875,No,4,15.0,0.0020560294727676714,15.0,0.0020324819252036793,39.0,0.002032502987410804,15.0,0.0020294700295850287,,,,,,,0.9709505944546686,0.9877812438119246,0.9330113037193447,0.8983958159908183,,,,,,,,,,,,,,,,,,,,,,,,,,,
575,yes/no,Are the buildings tall?,yes,http://images.cocodataset.org/train2014/COCO_train2014_000000131190.jpg,7,311,0.9930847063946906,-0.5048828125,No,7,27.0,0.002218784136555046,37.0,0.0022105484525905225,15.0,0.002205082230350899,15.0,0.0022065953242875525,21.0,0.002197768942990403,33.0,0.002209231775843845,18.0,0.0021983993987973417,0.9182958340544894,0.9265842445271825,0.9877812438119247,0.9182958340544896,0.9898279823399507,0.9873554549725149,0.9758159039662214,,,,,,,,,,,,,,,,,,,,,,,,
576,yes/no,Is the clock between two arches?,no,http://images.cocodataset.org/train2014/COCO_train2014_000000131190.jpg,0,229,0.9648830057498686,-0.418212890625,Yes,0,,,,,,,,,,,,,,,,,,,,,,,,,,,,,,,,,,,,,,,,,,,,,
577,yes/no,Are there any entrance gates at the bottom of the tower?,no,http://images.cocodataset.org/train2014/COCO_train2014_000000131190.jpg,3,270,0.9963874725639935,-0.556640625,Yes,3,19.0,0.0021099519399835885,15.0,0.002055653687632799,16.0,0.0020855733046617007,,,,,,,,,0.9258628921382102,0.8830374409547587,0.9755307720176265,,,,,,,,,,,,,,,,,,,,,,,,,,,,
578,yes/no,Is the building a high rise?,no,http://images.cocodataset.org/train2014/COCO_train2014_000000131190.jpg,9,248,0.9934390899355341,-0.0347900390625,No,9,43.0,0.0021726900863268286,17.0,0.002162380490303767,16.0,0.002153452666525463,14.0,0.0021567511235864134,29.0,0.002156605536516137,16.0,0.0021851618337380614,15.0,0.0021433344662433857,0.9685998792670314,0.9770358764490155,0.9414280318460245,0.863120568566631,0.7952855406299332,0.954434002924965,0.8830374409547587,27.0,0.002161833190761802,28.0,0.002147075649540961,,,0.9713833059551538,0.9078374043368073,,,,,,,,,,,,,,,,
579,yes/no,Is part of this tower made of wood?,yes,http://images.cocodataset.org/train2014/COCO_train2014_000000131190.jpg,11,266,0.9963741914623415,-0.468505859375,Yes,11,20.0,0.0021061946902654867,18.0,0.002047416147711133,8.0,0.0020648967551622423,12.0,0.002055063913470993,16.0,0.0020870206489675518,10.0,0.0020373647984267447,8.0,0.002050147492625369,0.9372305632161296,0.9057125980138372,0.8112781244591328,0.6500224216483541,0.9320201587042914,0.7219280948873623,0.954434002924965,6.0,0.0020058997050147495,15.0,0.002064896755162242,12.0,0.0020976728941330706,0.0,0.0,0.9182958340544896,15.0,0.002083251392985906,0.9189900464321514,,,,,,,,,,,,
580,yes/no,Can the tree tell time?,no,http://images.cocodataset.org/train2014/COCO_train2014_000000131190.jpg,4,278,0.9969582806184331,-0.07708740234375,No,4,42.0,0.0019930937747880775,15.0,0.0020038721920852803,15.0,0.0020046394692488107,23.0,0.0019940866282605533,,,,,,,0.9044679131323771,0.9877812438119246,0.9877812438119246,0.9410225540684309,,,,,,,,,,,,,,,,,,,,,,,,,,,
581,yes/no,Is the emblem a sun face clock?,yes,http://images.cocodataset.org/train2014/COCO_train2014_000000131190.jpg,5,150,0.9877444057778256,-0.354248046875,Yes,5,179.0,0.002156605557833008,210.0,0.0021548738366723593,24.0,0.0021554353158330687,25.0,0.002162428434801976,15.0,0.002153834060448846,,,,,0.8005367726798066,0.8694680671037673,0.9949671891627881,0.9899449185263033,0.7219280948873623,,,,,,,,,,,,,,,,,,,,,,,,,,
582,yes/no,Is the ram's fleece dirty?,no,http://images.cocodataset.org/train2014/COCO_train2014_000000131197.jpg,3,179,0.9967276089457348,-0.486572265625,Yes,3,316.0,0.002308316839349968,15.0,0.002327061513269688,17.0,0.0022659244437417186,,,,,,,,,0.8910511884886831,0.9967916319816366,0.9437600120884534,,,,,,,,,,,,,,,,,,,,,,,,,,,,
583,yes/no,Is there a travel guide on the table?,yes,http://images.cocodataset.org/train2014/COCO_train2014_000000000127.jpg,0,246,0.9699780164957613,-0.19921875,Yes,0,,,,,,,,,,,,,,,,,,,,,,,,,,,,,,,,,,,,,,,,,,,,,
584,yes/no,Is there snow?,yes,http://images.cocodataset.org/train2014/COCO_train2014_000000262273.jpg,6,281,0.9966139839372109,-0.00882720947265625,Yes,6,43.0,0.002166219395252255,37.0,0.0022136767753405022,15.0,0.002143150816822537,11.0,0.0021829877409199495,22.0,0.0021311808146887534,20.0,0.0021389873378194818,,,0.9178573191154009,0.8384668935680202,0.9877812438119246,0.8453509366224364,0.9705525394685715,0.8534739433956113,,,,,,,,,,,,,,,,,,,,,,,,,
585,yes/no,Is it summer?,no,http://images.cocodataset.org/train2014/COCO_train2014_000000262273.jpg,7,130,0.9988300515266075,-0.0014657974243164062,No,7,15.0,0.0019000109599550637,8.0,0.0019047203156467055,15.0,0.0019039496938062551,67.0,0.0019145160310812882,173.0,0.001913547573530089,19.0,0.0019330440482036118,15.0,0.0019113134136150036,0.9446232142545791,1.0,0.9877812438119247,0.9082170889531552,0.9019879479645255,0.9980008838722996,0.9500685975366211,,,,,,,,,,,,,,,,,,,,,,,,
586,yes/no,Is the picture in color?,yes,http://images.cocodataset.org/train2014/COCO_train2014_000000524420.jpg,6,180,0.9969713413036682,-0.13525390625,Yes,6,81.0,0.002116189926791429,20.0,0.0020843156063537487,32.0,0.002074967076918075,16.0,0.002072934787910319,16.0,0.0020830962329490953,70.0,0.002088960838371474,,,0.877098836535633,0.9232196723355077,0.9822177815287605,0.8112781244591328,0.985056822321508,0.916996655388272,,,,,,,,,,,,,,,,,,,,,,,,,
587,yes/no,Is there a dog in the photo?,yes,http://images.cocodataset.org/train2014/COCO_train2014_000000524420.jpg,1,232,0.9754098810359392,-0.02923583984375,Yes,1,15.0,0.0047805366513991145,,,,,,,,,,,,,0.9859247724121322,,,,,,,,,,,,,,,,,,,,,,,,,,,,,,
588,yes/no,Is the dog on a leash?,yes,http://images.cocodataset.org/train2014/COCO_train2014_000000524420.jpg,6,190,0.9969855612074776,-0.0963134765625,Yes,6,82.0,0.0021138858424000076,26.0,0.00208393278031161,37.0,0.002067519170583237,15.0,0.0020756068444090724,28.0,0.002081746347564095,74.0,0.0020830062055688806,,,0.8117967822780164,0.9131226292013046,0.8578401882363594,0.7219280948873623,0.9343796942878393,0.9294214034981744,,,,,,,,,,,,,,,,,,,,,,,,,
589,yes/no,Are all of the birds in flight?,no,http://images.cocodataset.org/train2014/COCO_train2014_000000436929.jpg,4,175,0.9993475236686555,-0.09197998046875,No,4,52.0,0.0018393230675826018,193.0,0.0018577186820615797,16.0,0.0018408172656462682,15.0,0.0018453245700894877,,,,,,,0.8125520026960814,0.9197213553767658,0.9681390622295665,0.9877812438119247,,,,,,,,,,,,,,,,,,,,,,,,,,,
590,yes/no,Are there three birds in the picture?,yes,http://images.cocodataset.org/train2014/COCO_train2014_000000436929.jpg,3,163,0.9990358142054071,-0.556640625,No,3,70.0,0.0018950877476283732,238.0,0.0019140227068134628,17.0,0.0019017153086488352,,,,,,,,,0.9790705758746423,0.884481598000078,0.9967828263127351,,,,,,,,,,,,,,,,,,,,,,,,,,,,
591,yes/no,Is this a dog?,no,http://images.cocodataset.org/train2014/COCO_train2014_000000436929.jpg,3,178,0.9980237691850807,-0.00391387939453125,No,3,237.0,0.0020508455499153385,56.0,0.0020368728293800363,29.0,0.002035076454235751,,,,,,,,,0.909757477098536,0.8862788371612074,0.9584063051538105,,,,,,,,,,,,,,,,,,,,,,,,,,,,
592,yes/no,Is this a winter scene?,yes,http://images.cocodataset.org/train2014/COCO_train2014_000000436929.jpg,0,260,0.9798737603328148,-0.00391387939453125,Yes,0,,,,,,,,,,,,,,,,,,,,,,,,,,,,,,,,,,,,,,,,,,,,,
593,yes/no,Is the water frozen?,yes,http://images.cocodataset.org/train2014/COCO_train2014_000000436929.jpg,1,84,0.9975348208062406,-0.11639404296875,Yes,1,500.0,0.002128680705277769,,,,,,,,,,,,,0.8381187204851166,,,,,,,,,,,,,,,,,,,,,,,,,,,,,,
594,yes/no,Is that a laptop on the chair?,yes,http://images.cocodataset.org/train2014/COCO_train2014_000000131208.jpg,8,227,0.9964707137458723,-0.1658935546875,No,8,38.0,0.0020083888393895473,15.0,0.002026878425415742,20.0,0.001990956462581045,10.0,0.0019881706777081496,14.0,0.0019873328476711885,15.0,0.001991103082837513,19.0,0.0019986656013290284,0.9226527592397259,0.9967916319816366,0.951850848028674,0.9602297178607612,0.8699155297736259,0.8830374409547587,0.9826301639446198,23.0,0.002005637612609138,,,,,0.9459180977787195,,,,,,,,,,,,,,,,,
595,yes/no,Is Cingular a sponsor of this field?,yes,http://images.cocodataset.org/train2014/COCO_train2014_000000284012.jpg,1,248,0.9787027805618101,-0.4189453125,Yes,1,25.0,0.005683158026770836,,,,,,,,,,,,,0.9245535632293952,,,,,,,,,,,,,,,,,,,,,,,,,,,,,,
596,yes/no,Is this a conventional kitchen?,no,http://images.cocodataset.org/train2014/COCO_train2014_000000000138.jpg,8,203,0.9974566630597627,-0.0093231201171875,No,8,15.0,0.0019380584278686874,22.0,0.0019190753027717188,33.0,0.0019174021106558008,40.0,0.001932662383294851,16.0,0.00191967422949503,16.0,0.0019270467322557972,40.0,0.0019246310611384407,0.7835807040488099,0.8787409903782898,0.8427874913688603,0.890788781622863,0.949701216438411,0.9965119062478288,0.5913234743829832,21.0,0.0019248880156419563,,,,,0.8895951911673141,,,,,,,,,,,,,,,,,
597,yes/no,Is the area lit?,yes,http://images.cocodataset.org/train2014/COCO_train2014_000000262283.jpg,0,251,0.9836461845388622,-0.04290771484375,Yes,0,,,,,,,,,,,,,,,,,,,,,,,,,,,,,,,,,,,,,,,,,,,,,
598,yes/no,Are the vases identical?,no,http://images.cocodataset.org/train2014/COCO_train2014_000000262283.jpg,7,253,0.9976282273945108,-0.61865234375,Yes,7,49.0,0.0018890034491920885,89.0,0.0018929139947108128,28.0,0.0018897015179872077,15.0,0.001884309302664909,17.0,0.0018874723497204413,19.0,0.001889566631672361,15.0,0.001881694066843195,0.8329312891301703,0.9458150773114127,0.9432081995853318,0.9602297178607612,0.8787419949064399,0.9894975386227151,0.9161314485121342,,,,,,,,,,,,,,,,,,,,,,,,
599,yes/no,Are these the normal size pieces of pizza?,yes,http://images.cocodataset.org/train2014/COCO_train2014_000000524428.jpg,8,284,0.997913635338565,-0.36279296875,No,8,18.0,0.0019449177229215004,5.0,0.0019494670664218824,73.0,0.0019674151613275005,25.0,0.0019676409599408288,15.0,0.0019540457605254926,22.0,0.001961954413977185,16.0,0.0019577219235798336,0.9579945435450241,0.0,0.8928168867620693,0.9899449185263031,0.9877812438119246,0.7827759528141421,0.985056822321508,19.0,0.0019639261004332853,,,,,0.9826301639446198,,,,,,,,,,,,,,,,,
600,yes/no,Could you eat all of this pizza?,no,http://images.cocodataset.org/train2014/COCO_train2014_000000524428.jpg,6,268,0.9978070758978276,-0.6767578125,No,6,15.0,0.0019392236851334922,12.0,0.0019374489227614968,87.0,0.0019577756346575007,39.0,0.0019554240801188845,16.0,0.0019538232184555,29.0,0.0019621178283098385,,,0.9664572819896989,0.9808340377961404,0.93325127514116,0.9570886851185373,0.5435644431995964,0.8962843093204592,,,,,,,,,,,,,,,,,,,,,,,,,
601,yes/no,Is there broccoli on a slice of pizza?,yes,http://images.cocodataset.org/train2014/COCO_train2014_000000524428.jpg,6,306,0.9980234350603515,-0.0157470703125,No,6,40.0,0.0019788104640206653,21.0,0.001967637579609165,26.0,0.0019567308201289806,16.0,0.0019633603120996854,15.0,0.00195997473277082,23.0,0.0019806574051869003,,,0.88971796211134,0.9517619850443704,0.8750578187872007,0.9965119062478288,0.9877812438119247,0.9656361333706098,,,,,,,,,,,,,,,,,,,,,,,,,
602,yes/no,Is there an animal that seems to stick out?,no,http://images.cocodataset.org/train2014/COCO_train2014_000000262285.jpg,6,145,0.9965026585104065,-0.382568359375,Yes,6,138.0,0.0019539005847814227,199.0,0.0019484648431635548,24.0,0.0019477636257035393,21.0,0.0019471032857444513,25.0,0.0019480557065086326,15.0,0.0019442398985595327,,,0.9018733224735863,0.8895779894089784,0.817215752170299,0.9937866610055328,0.823675907222497,0.9877812438119246,,,,,,,,,,,,,,,,,,,,,,,,,
603,yes/no,Is this in a zoo?,no,http://images.cocodataset.org/train2014/COCO_train2014_000000262285.jpg,3,172,0.9942959209055522,-0.00391387939453125,No,3,112.0,0.002205603286413209,139.0,0.0021977647023907008,94.0,0.0021847028802092555,,,,,,,,,0.867894499541978,0.9066736152142444,0.9600114926891795,,,,,,,,,,,,,,,,,,,,,,,,,,,,
604,yes/no,Is this in a desert?,yes,http://images.cocodataset.org/train2014/COCO_train2014_000000262285.jpg,0,276,0.9753065048266562,-0.309326171875,Yes,0,,,,,,,,,,,,,,,,,,,,,,,,,,,,,,,,,,,,,,,,,,,,,
605,yes/no,Is this a banana toast?,yes,http://images.cocodataset.org/train2014/COCO_train2014_000000000142.jpg,0,261,0.9740504228489946,-0.060394287109375,Yes,0,,,,,,,,,,,,,,,,,,,,,,,,,,,,,,,,,,,,,,,,,,,,,
606,yes/no,Are the people playing a game?,no,http://images.cocodataset.org/train2014/COCO_train2014_000000131215.jpg,3,183,0.9970629099624232,-0.08453369140625,No,3,52.0,0.0019907658106991205,66.0,0.001993174654546822,123.0,0.0019825888933374257,,,,,,,,,0.9824185891719324,0.9641312475537925,0.9677546739052799,,,,,,,,,,,,,,,,,,,,,,,,,,,,
607,yes/no,Is the TV turned on?,yes,http://images.cocodataset.org/train2014/COCO_train2014_000000131215.jpg,10,266,0.9956026894781218,-0.59033203125,Yes,10,57.0,0.0019196569883805227,19.0,0.0019376754294266932,21.0,0.0019226584520927168,25.0,0.001914284585658088,16.0,0.0019185551336659847,15.0,0.0019185752058036418,25.0,0.0019071549623623327,0.9299036848725265,0.9980008838722996,0.9937866610055328,0.9590998184549496,0.949701216438411,0.8830374409547587,0.9316462888311462,25.0,0.001915402202282828,18.0,0.001925961752461406,27.0,0.0019123662245550876,0.9470920204059348,0.8783471047618534,0.9456605718708465,,,,,,,,,,,,,,,
608,yes/no,Is this person watching a movie?,yes,http://images.cocodataset.org/train2014/COCO_train2014_000000131215.jpg,4,134,0.9970578008264173,-0.6787109375,No,4,48.0,0.0019922154892367456,64.0,0.0019946194727610803,125.0,0.0019817220324677915,10.0,0.001960002110010682,,,,,,,0.9038777339746789,0.9420235794161305,0.9176320384192852,0.9911594714322186,,,,,,,,,,,,,,,,,,,,,,,,,,,
609,yes/no,Is one of the giraffes eating?,yes,http://images.cocodataset.org/train2014/COCO_train2014_000000000144.jpg,10,220,0.9952928972830123,-0.2288818359375,Yes,10,24.0,0.0019769321311512013,18.0,0.001977232184596721,85.0,0.0019722534154254135,70.0,0.001974267656554986,36.0,0.001973691553939589,34.0,0.001976084921422674,17.0,0.0019646158197227505,0.75,0.9057125980138372,0.9132005632620832,0.8623550676568869,0.93654213858004,0.9962716388493833,0.9963890537299694,15.0,0.0019774002145262113,16.0,0.001978912483891631,18.0,0.0019661302071124916,0.9967916319816366,0.0,0.9773429734731779,,,,,,,,,,,,,,,
610,yes/no,Is it daytime?,yes,http://images.cocodataset.org/train2014/COCO_train2014_000000393362.jpg,4,103,0.9958569803216767,-0.0098114013671875,Yes,4,16.0,0.0021197149798627074,205.0,0.0020998302239540567,5.0,0.002064276280389376,15.0,0.002079494746911467,,,,,,,0.0,0.8881684386952959,0.9709505944546686,0.7835807040488099,,,,,,,,,,,,,,,,,,,,,,,,,,,
611,yes/no,Are the kickstands down?,yes,http://images.cocodataset.org/train2014/COCO_train2014_000000393362.jpg,2,159,0.998865696998133,-0.5498046875,No,2,83.0,0.0019082857864247541,142.0,0.0019065763558416995,,,,,,,,,,,0.9418875435094408,0.8852127063986709,,,,,,,,,,,,,,,,,,,,,,,,,,,,,
612,yes/no,Do you see any motorcycle helmets?,yes,http://images.cocodataset.org/train2014/COCO_train2014_000000393362.jpg,1,234,0.9775849586134857,-0.255615234375,Yes,1,16.0,0.007507533312709815,,,,,,,,,,,,,0.9042492561839792,,,,,,,,,,,,,,,,,,,,,,,,,,,,,,
613,yes/no,Is the kite high in the air?,yes,http://images.cocodataset.org/train2014/COCO_train2014_000000000149.jpg,7,263,0.9949159913457565,-0.49853515625,Yes,7,32.0,0.0022621098357893154,33.0,0.0022849121469152543,17.0,0.002245795054404633,32.0,0.002284344748815698,15.0,0.0022456481984259244,16.0,0.0021883835452281533,34.0,0.002198434001271038,0.8980898459737487,0.9829776786091635,0.6722948170756379,0.8957541375001011,0.8443536850036222,0.886859507142915,0.8887263188962904,,,,,,,,,,,,,,,,,,,,,,,,
614,yes/no,Is the sky clear?,no,http://images.cocodataset.org/train2014/COCO_train2014_000000000149.jpg,6,233,0.9970826264195615,-0.0122833251953125,No,6,24.0,0.0020833837150250295,15.0,0.0020426753081344276,32.0,0.0020623745495876766,51.0,0.002050736378805834,51.0,0.0020466584254073567,26.0,0.0020453416622795845,,,0.8112781244591328,0.9182958340544896,0.9368669095098335,0.9375549211743902,0.9714027930579705,0.9934151417289491,,,,,,,,,,,,,,,,,,,,,,,,,
615,yes/no,Are the people flying kites?,yes,http://images.cocodataset.org/train2014/COCO_train2014_000000000149.jpg,8,261,0.9948830389037585,-0.038330078125,Yes,8,31.0,0.0022613093877798395,33.0,0.002290310834676563,17.0,0.0022494261315626493,32.0,0.002289717797174059,15.0,0.0022492726395031775,16.0,0.0021894203295628007,16.0,0.0021918666092606365,0.9717904016449086,0.9829776786091635,0.6722948170756379,0.8957541375001011,0.8443536850036222,0.886859507142915,0.9528195311147832,34.0,0.002199924942382918,,,,,0.8887263188962904,,,,,,,,,,,,,,,,,
616,yes/no,Can you see any fish?,no,http://images.cocodataset.org/train2014/COCO_train2014_000000471373.jpg,3,273,0.9985336625836154,-0.0352783203125,No,3,20.0,0.001971268981315097,22.0,0.0019293147444104529,36.0,0.001941749022128027,,,,,,,,,0.9372305632161296,0.9737865837049762,0.9632079822609501,,,,,,,,,,,,,,,,,,,,,,,,,,,,
617,yes/no,Is this man swimming?,no,http://images.cocodataset.org/train2014/COCO_train2014_000000471373.jpg,6,228,0.997422396075334,-0.61865234375,No,6,15.0,0.002010438964987727,45.0,0.0020160554293978516,39.0,0.0020083769763056883,17.0,0.002015845187414584,64.0,0.0020247394088160624,71.0,0.002018367456680635,,,0.9018972358711528,0.9597463549595444,0.9495309751792332,0.9437600120884535,0.8678600749694595,0.9417258708399531,,,,,,,,,,,,,,,,,,,,,,,,,
618,yes/no,Is he turning?,no,http://images.cocodataset.org/train2014/COCO_train2014_000000471373.jpg,4,288,0.9973755775368242,-0.6044921875,Yes,4,77.0,0.001837212848487536,45.0,0.001840300026797505,24.0,0.0018411040981469954,29.0,0.0018360351718654114,,,,,,,0.9434400728750323,0.9235198588981008,0.9808340377961403,0.9705914245664364,,,,,,,,,,,,,,,,,,,,,,,,,,,
619,yes/no,Does the man have short hair?,yes,http://images.cocodataset.org/train2014/COCO_train2014_000000471373.jpg,6,217,0.9958340304987952,-0.37255859375,Yes,6,165.0,0.0022632557644468795,40.0,0.0022392147316072264,32.0,0.002250191274409222,32.0,0.002207806604183694,16.0,0.002227912152880419,16.0,0.0021800935505746927,,,0.9334284969446686,0.8682255602092493,0.9643644541016576,0.8658281566762146,0.9320201587042914,0.9772170014624825,,,,,,,,,,,,,,,,,,,,,,,,,
620,yes/no,Is the bus featured in this picture typical?,no,http://images.cocodataset.org/train2014/COCO_train2014_000000131225.jpg,6,99,0.9986076047124147,-0.1998291015625,No,6,16.0,0.0018958034149007404,124.0,0.0019030012011764937,70.0,0.0019035136252302084,78.0,0.0019017673858131219,57.0,0.0019047766099359437,24.0,0.0019129067033850109,,,0.9755307720176266,0.891193509131027,0.9684240277733146,0.9341781419145568,0.9158250340991457,0.9642934129442273,,,,,,,,,,,,,,,,,,,,,,,,,
621,yes/no,Is this the latest make and model?,no,http://images.cocodataset.org/train2014/COCO_train2014_000000131225.jpg,6,98,0.9986327056340684,-0.0157470703125,No,6,16.0,0.0018918607171069645,49.0,0.0018950053474170927,61.0,0.0018974236791217062,181.0,0.0018989882151960714,73.0,0.001899653442766343,26.0,0.0019034446809933184,,,0.8957541375001011,0.8638703873139515,0.912429526461396,0.8057776764697478,0.9212190315142407,0.99473723787795,,,,,,,,,,,,,,,,,,,,,,,,,
622,yes/no,Are there any building in the area?,yes,http://images.cocodataset.org/train2014/COCO_train2014_000000131225.jpg,0,244,0.9738952775223858,-0.1492919921875,Yes,0,,,,,,,,,,,,,,,,,,,,,,,,,,,,,,,,,,,,,,,,,,,,,
623,yes/no,Is there a fence in the background?,no,http://images.cocodataset.org/train2014/COCO_train2014_000000000154.jpg,4,286,0.9969923742589664,-0.01326751708984375,No,4,17.0,0.0020141714212346625,8.0,0.0020181837149024612,15.0,0.0020288831646832566,16.0,0.002038746719949927,,,,,,,0.9127332405984697,0.954434002924965,0.944623214254579,0.954434002924965,,,,,,,,,,,,,,,,,,,,,,,,,,,
624,yes/no,Is the zebra's tail up?,no,http://images.cocodataset.org/train2014/COCO_train2014_000000000154.jpg,0,94,0.9961980781769818,-0.5302734375,No,0,,,,,,,,,,,,,,,,,,,,,,,,,,,,,,,,,,,,,,,,,,,,,
625,yes/no,Are they the same type of animal?,yes,http://images.cocodataset.org/train2014/COCO_train2014_000000000154.jpg,5,222,0.9954032773305795,-0.4287109375,Yes,5,36.0,0.0023726003431986213,15.0,0.002293495069588094,112.0,0.002320858353583833,27.0,0.0023229503477731135,15.0,0.002190401595940527,,,,,0.7872341012882919,0.9018972358711528,0.9085732000055189,0.9531154893608909,0.9446232142545791,,,,,,,,,,,,,,,,,,,,,,,,,,
626,yes/no,Are all zebras facing the same way?,no,http://images.cocodataset.org/train2014/COCO_train2014_000000000154.jpg,2,289,0.9978265413957333,-0.3447265625,No,2,40.0,0.001970002384607361,21.0,0.0019855759642933434,,,,,,,,,,,0.9648628322141137,0.9907017951253161,,,,,,,,,,,,,,,,,,,,,,,,,,,,,
627,yes/no,Are the zebras running?,no,http://images.cocodataset.org/train2014/COCO_train2014_000000000154.jpg,5,274,0.9983564558351411,-0.3349609375,No,5,15.0,0.0019393317424111955,16.0,0.0019316875841296727,17.0,0.001937140313667879,20.0,0.0019417919312834104,22.0,0.0019448272292426363,,,,,0.9877812438119247,0.8194483718728035,0.9519839065438831,0.8112781244591328,0.9970151057384782,,,,,,,,,,,,,,,,,,,,,,,,,,
628,yes/no,Is he going to fall?,no,http://images.cocodataset.org/train2014/COCO_train2014_000000262299.jpg,2,263,0.9981860637285703,-0.5048828125,No,2,17.0,0.0019160661634245735,25.0,0.0019175505100287827,,,,,,,,,,,0.9519839065438831,0.9587363722245956,,,,,,,,,,,,,,,,,,,,,,,,,,,,,
629,yes/no,Are the traffic lights facing the same direction?,no,http://images.cocodataset.org/train2014/COCO_train2014_000000393242.jpg,1,146,0.9989446318178707,-0.61865234375,No,1,337.0,0.0018232187094174542,,,,,,,,,,,,,0.9211302410586645,,,,,,,,,,,,,,,,,,,,,,,,,,,,,,
630,yes/no,Is this cake made with fondant?,no,http://images.cocodataset.org/train2014/COCO_train2014_000000393375.jpg,1,296,0.9988006337323178,-0.424072265625,No,1,18.0,0.001898386132695756,,,,,,,,,,,,,0.9874687506009635,,,,,,,,,,,,,,,,,,,,,,,,,,,,,,
631,yes/no,Is there a fork on the plate?,no,http://images.cocodataset.org/train2014/COCO_train2014_000000262308.jpg,11,157,0.9947802608513518,-0.397705078125,No,11,16.0,0.002139647629182926,22.0,0.002128629322669761,16.0,0.002138760789878207,15.0,0.002136297347365102,16.0,0.002135213432659336,33.0,0.002134434089027915,43.0,0.002147663556541849,0.949701216438411,0.9209928791942417,0.9755307720176266,0.9182958340544896,0.9755307720176265,0.9345418677445151,0.9464658222659929,129.0,0.0021401105272179444,48.0,0.002140928619289741,15.0,0.0021318828583816174,0.8953301554413269,0.9543958133369536,0.9877812438119246,24.0,0.002135114894958811,0.9611030852894162,,,,,,,,,,,,
632,yes/no,Is this black and white?,yes,http://images.cocodataset.org/train2014/COCO_train2014_000000262308.jpg,6,256,0.9952252518138235,-0.3583984375,No,6,16.0,0.0020891506492802343,47.0,0.002113989302579645,15.0,0.0020769738209486634,37.0,0.002113833409411798,53.0,0.0021051543955507173,16.0,0.0021050776696397103,,,0.9618974703476992,0.9668128201747863,0.944623214254579,0.9271428302513937,0.887239199414898,0.9463946303571862,,,,,,,,,,,,,,,,,,,,,,,,,
633,yes/no,Is a military person in the picture?,yes,http://images.cocodataset.org/train2014/COCO_train2014_000000000165.jpg,4,160,0.9962515934434995,-0.0272216796875,Yes,4,185.0,0.0022209526084472496,54.0,0.002227559815859127,96.0,0.002176393881432135,12.0,0.002127098242258352,,,,,,,0.9313266301996637,0.8848750769954171,0.9827808761264241,0.9206198357143051,,,,,,,,,,,,,,,,,,,,,,,,,,,
634,yes/no,Are they smiling?,yes,http://images.cocodataset.org/train2014/COCO_train2014_000000000165.jpg,8,103,0.9923401445911454,-0.07135009765625,Yes,8,20.0,0.002052893616765098,150.0,0.002052438756009349,131.0,0.0020543182480050447,79.0,0.0020462129552556484,41.0,0.002043153592691086,15.0,0.002042191010747423,9.0,0.0020455355751279464,0.9545258142257613,0.8569207047908612,0.9148085771483613,0.8970474448296606,0.9498266175401332,0.982798115178801,0.9910760598382222,15.0,0.00204172277173415,,,,,0.9189900464321514,,,,,,,,,,,,,,,,,
635,yes/no,Is this an old building?,yes,http://images.cocodataset.org/train2014/COCO_train2014_000000415089.jpg,9,174,0.9962193715502914,-0.01525115966796875,Yes,9,22.0,0.0021214116054422043,71.0,0.0020714485080870907,12.0,0.0020694769179548877,28.0,0.002060829325714805,33.0,0.002083578389391841,18.0,0.002090915740383427,11.0,0.002036802776820483,0.9643787017331664,0.9342281269156908,0.8734790278701756,0.9926140680171256,0.9400397204736175,0.9915323997298832,0.8453509366224364,17.0,0.002081717076088829,19.0,0.002080030394011042,,,0.8739810481273578,0.9826301639446198,,,,,,,,,,,,,,,,
636,yes/no,Is the room almost full?,no,http://images.cocodataset.org/train2014/COCO_train2014_000000415089.jpg,1,261,0.9949883843276253,-0.278076171875,No,1,24.0,0.0022850584783313034,,,,,,,,,,,,,0.9808340377961403,,,,,,,,,,,,,,,,,,,,,,,,,,,,,,
637,yes/no,Are the people on a soft surface?,no,http://images.cocodataset.org/train2014/COCO_train2014_000000393384.jpg,6,169,0.994020626270358,-0.09735107421875,No,6,157.0,0.0021529480161023907,50.0,0.002154089102418265,41.0,0.002152557157170944,40.0,0.0021481560786727858,15.0,0.002168007173159536,32.0,0.0021445873425852803,,,0.9147301142566721,0.911952561011014,0.8391283020800786,0.8910912821901102,0.9182958340544896,0.8274070571684499,,,,,,,,,,,,,,,,,,,,,,,,,
638,yes/no,Has the grass been mowed recently?,no,http://images.cocodataset.org/train2014/COCO_train2014_000000393386.jpg,2,140,0.9985177293550581,-0.3349609375,No,2,188.0,0.001981007065177678,122.0,0.001973632172059913,,,,,,,,,,,0.9680628841826296,0.9501009039918673,,,,,,,,,,,,,,,,,,,,,,,,,,,,,
639,yes/no,Is this scene in America?,no,http://images.cocodataset.org/train2014/COCO_train2014_000000131245.jpg,7,254,0.9988388657184148,-0.0009775161743164062,No,7,24.0,0.0019036980148479145,25.0,0.0019106611743349847,15.0,0.0019109590635109032,45.0,0.0019216334256479469,19.0,0.0019081565535006267,66.0,0.0019081409642046358,9.0,0.0019077319307717968,0.9360898016760626,0.8576422670050821,0.9877812438119246,0.9009722095704275,0.9258628921382102,0.722374325158711,0.9910760598382222,,,,,,,,,,,,,,,,,,,,,,,,
640,yes/no,Are all the laptops on?,yes,http://images.cocodataset.org/train2014/COCO_train2014_000000137918.jpg,10,269,0.9959781618554943,-0.6064453125,Yes,10,50.0,0.0019313990643272342,16.0,0.0019273228501535242,65.0,0.0019321275880079386,16.0,0.001926919264591771,22.0,0.001930949005276551,15.0,0.00192709415166853,21.0,0.0019281908794172955,0.9719750443341931,0.954434002924965,0.9207004826320662,0.954434002924965,0.9477528103057691,0.9602297178607612,0.8895951911673141,18.0,0.001930813117882021,17.0,0.0019315763254367097,30.0,0.0019312196929664551,0.9915323997298832,0.9603948809345499,0.9824567505740444,,,,,,,,,,,,,,,
641,yes/no,Is this a hotel room?,yes,http://images.cocodataset.org/train2014/COCO_train2014_000000393394.jpg,1,233,0.9722246765256356,-0.0521240234375,Yes,1,18.0,0.013158048906229857,,,,,,,,,,,,,0.8527924884900404,,,,,,,,,,,,,,,,,,,,,,,,,,,,,,
642,yes/no,Is this a hotel?,yes,http://images.cocodataset.org/train2014/COCO_train2014_000000393394.jpg,1,229,0.9731596063057558,-0.07135009765625,Yes,1,18.0,0.01296054366147949,,,,,,,,,,,,,0.8527924884900404,,,,,,,,,,,,,,,,,,,,,,,,,,,,,,
643,yes/no,Is an elephant walking down the street?,yes,http://images.cocodataset.org/train2014/COCO_train2014_000000438196.jpg,1,241,0.9761257297440026,-0.04852294921875,Yes,1,19.0,0.011105606434196025,,,,,,,,,,,,,0.9980008838722996,,,,,,,,,,,,,,,,,,,,,,,,,,,,,,
644,yes/no,Is the guy in the yellow shirt wearing a tie?,yes,http://images.cocodataset.org/train2014/COCO_train2014_000000438196.jpg,3,206,0.9961157877387545,-0.062469482421875,No,3,30.0,0.0020944172603142813,15.0,0.0021072315059586237,17.0,0.0020508376580249147,,,,,,,,,0.9166013304855252,0.9182958340544896,0.9519839065438831,,,,,,,,,,,,,,,,,,,,,,,,,,,,
645,yes/no,Is this a church?,yes,http://images.cocodataset.org/train2014/COCO_train2014_000000393396.jpg,0,240,0.972994314874752,-0.10870361328125,Yes,0,,,,,,,,,,,,,,,,,,,,,,,,,,,,,,,,,,,,,,,,,,,,,
646,yes/no,Is there snow in the picture?,yes,http://images.cocodataset.org/train2014/COCO_train2014_000000393396.jpg,6,227,0.9949269418154014,-0.043914794921875,Yes,6,17.0,0.0021754007545143087,22.0,0.0021353361313599883,17.0,0.0021169280612620568,16.0,0.0021100250349753327,48.0,0.002116928061262059,19.0,0.0021459934351008955,,,0.9774178175281716,0.8156200630405979,0.7315975941709252,0.9414280318460245,0.9025182662886329,0.9826301639446198,,,,,,,,,,,,,,,,,,,,,,,,,
647,yes/no,Is there a clock on the church tower?,no,http://images.cocodataset.org/train2014/COCO_train2014_000000393396.jpg,5,160,0.9980456640373623,-0.0692138671875,No,5,201.0,0.001994049937326983,16.0,0.0019814006573850612,27.0,0.0019935036082734114,51.0,0.0019951219655514533,22.0,0.0019986453497151144,,,,,0.906586692195459,0.9681390622295665,0.9629892990890715,0.9129136985475531,0.8799053499499169,,,,,,,,,,,,,,,,,,,,,,,,,,
648,yes/no,Is there a clock?,no,http://images.cocodataset.org/train2014/COCO_train2014_000000393396.jpg,3,166,0.9977583400594161,-0.06451416015625,No,3,191.0,0.0020201526614742663,17.0,0.0020242016081733916,42.0,0.002020366124639612,,,,,,,,,0.9156145041094171,0.8739810481273578,0.9669824826412617,,,,,,,,,,,,,,,,,,,,,,,,,,,,
649,yes/no,Is this person wearing a backpack?,yes,http://images.cocodataset.org/train2014/COCO_train2014_000000524470.jpg,10,75,0.9959978305805585,-0.18798828125,Yes,10,27.0,0.0021894553729759733,160.0,0.002161149913958902,54.0,0.0021609624605879283,37.0,0.002162381026638542,52.0,0.002165432502511155,33.0,0.002150874060986419,39.0,0.002160501036905531,0.8583093147675968,0.8375881606209942,0.8947722124274308,0.870870080275496,0.8076621781366117,0.8606418478574495,0.9000162962357591,35.0,0.0021494367561783285,23.0,0.0021459661909100118,15.0,0.002154064176536087,0.8168179943670119,0.9570850556153867,0.7219280948873623,,,,,,,,,,,,,,,
650,yes/no,Is there a street light in the photo?,yes,http://images.cocodataset.org/train2014/COCO_train2014_000000524470.jpg,9,79,0.995996591267621,-0.210693359375,Yes,9,26.0,0.0021888098882705547,195.0,0.002160515904239165,53.0,0.002160767832865271,37.0,0.0021658258593352524,51.0,0.002166899037010293,25.0,0.002144111751699626,37.0,0.0021580069934170735,0.8420887815606471,0.8169012971558512,0.8781236269816914,0.870870080275496,0.869129740089321,0.857642267005082,0.8533777455647802,23.0,0.002149071146653442,15.0,0.0021573368049098013,,,0.9570850556153867,0.7219280948873623,,,,,,,,,,,,,,,,
651,yes/no,Is the sun up?,no,http://images.cocodataset.org/train2014/COCO_train2014_000000524470.jpg,10,79,0.9958734966138432,-0.43994140625,Yes,10,31.0,0.002203149465894717,162.0,0.002169664049954259,56.0,0.0021696783308244702,40.0,0.002173842632579029,56.0,0.002178546751227698,24.0,0.0021484712385558807,39.0,0.0021697870851437955,0.8037238950015809,0.8286598455934542,0.8442780238688921,0.8078288213135149,0.8943515707130862,0.6500224216483541,0.8723158997881694,36.0,0.002161666762634116,24.0,0.002161066966085105,17.0,0.00216942883562131,0.8535567320392435,0.9515535841814056,0.6722948170756379,,,,,,,,,,,,,,,
652,yes/no,Is the oven on?,yes,http://images.cocodataset.org/train2014/COCO_train2014_000000524471.jpg,2,191,0.996857028905047,-0.049041748046875,Yes,2,211.0,0.0021206519353724573,17.0,0.0021082120047580927,,,,,,,,,,,0.8563003973347229,0.9770358764490155,,,,,,,,,,,,,,,,,,,,,,,,,,,,,
653,yes/no,Is there a window in this scene?,yes,http://images.cocodataset.org/train2014/COCO_train2014_000000524471.jpg,1,237,0.9809368358279895,-0.059356689453125,Yes,1,16.0,0.009629317123596303,,,,,,,,,,,,,0.7743974703476992,,,,,,,,,,,,,,,,,,,,,,,,,,,,,,
654,yes/no,Is this toast done?,no,http://images.cocodataset.org/train2014/COCO_train2014_000000524471.jpg,2,210,0.9968888548239507,-0.43017578125,Yes,2,232.0,0.0021189476916777523,19.0,0.0021065561847088813,,,,,,,,,,,0.8610077096519729,0.9826301639446198,,,,,,,,,,,,,,,,,,,,,,,,,,,,,
655,yes/no,Is the microwave on?,no,http://images.cocodataset.org/train2014/COCO_train2014_000000524471.jpg,5,155,0.9927458441204948,-0.08184814453125,Yes,5,242.0,0.001992153066387292,65.0,0.0019955852445543995,35.0,0.001994364639130622,33.0,0.0019951271212200216,20.0,0.001990737697299969,,,,,0.8560470644379975,0.9718878972700142,0.9709505944546686,0.8849568110281673,0.9794359242226801,,,,,,,,,,,,,,,,,,,,,,,,,,
656,yes/no,Is the toaster on?,yes,http://images.cocodataset.org/train2014/COCO_train2014_000000524471.jpg,3,183,0.996838810228255,-0.169921875,Yes,3,93.0,0.0021165124929779433,112.0,0.0021287814741539368,15.0,0.002097356950630088,,,,,,,,,0.9365069676258135,0.9238064521621511,0.9877812438119247,,,,,,,,,,,,,,,,,,,,,,,,,,,,
657,yes/no,Is this a one way street?,yes,http://images.cocodataset.org/train2014/COCO_train2014_000000393403.jpg,8,321,0.9972995707027593,-0.52392578125,Yes,8,34.0,0.001857660560208144,23.0,0.0018627158376778598,23.0,0.0018536132538653986,15.0,0.001853136451856176,16.0,0.0018552007004375322,16.0,0.0018573413282263786,27.0,0.0018575423261408246,0.9622094827562027,0.9782534167892911,0.9982526816976662,0.9161314485121342,0.9965119062478288,0.9463946303571862,0.9446284658391851,20.0,0.0018549293532530305,,,,,0.9089460785096519,,,,,,,,,,,,,,,,,
658,yes/no,Are there people boarding the bus?,no,http://images.cocodataset.org/train2014/COCO_train2014_000000393403.jpg,3,196,0.9978756163998042,-0.0217132568359375,No,3,25.0,0.001999323615362602,64.0,0.0019601876100208996,15.0,0.001968260024608067,,,,,,,,,0.9440510350957405,0.966255330041761,0.9654013672997089,,,,,,,,,,,,,,,,,,,,,,,,,,,,
659,yes/no,Is there a hardware store in the area?,no,http://images.cocodataset.org/train2014/COCO_train2014_000000393403.jpg,1,211,0.9976626690512675,-0.208251953125,No,1,47.0,0.002023259967443444,,,,,,,,,,,,,0.9418345361939677,,,,,,,,,,,,,,,,,,,,,,,,,,,,,,
660,yes/no,Are the drying the animal with a blow dryer?,yes,http://images.cocodataset.org/train2014/COCO_train2014_000000524476.jpg,2,233,0.9764187638568762,-0.0792236328125,Yes,2,16.0,0.008307629633940522,29.0,0.003798862949948524,,,,,,,,,,,0.8194483718728035,0.969314908813938,,,,,,,,,,,,,,,,,,,,,,,,,,,,,
661,yes/no,Is this a hotel?,no,http://images.cocodataset.org/train2014/COCO_train2014_000000283700.jpg,2,284,0.9974748678354008,-0.058837890625,No,2,20.0,0.002007996293026256,16.0,0.0019781354297772687,,,,,,,,,,,0.9545258142257613,0.9965119062478288,,,,,,,,,,,,,,,,,,,,,,,,,,,,,
662,yes/no,Can you see the man's shadow?,yes,http://images.cocodataset.org/train2014/COCO_train2014_000000262336.jpg,7,114,0.9961131328336349,-0.1005859375,Yes,7,285.0,0.0021715571506143467,16.0,0.0022136610352003028,21.0,0.002198676359413251,16.0,0.002211842086116325,29.0,0.0021857495751185824,23.0,0.0021726160536966422,16.0,0.0021663683590168945,0.8749367322689054,0.9886994082884974,0.9937866610055328,0.0,0.8762688353056839,0.9300167775596904,0.985056822321508,,,,,,,,,,,,,,,,,,,,,,,,
663,yes/no,Is this lacrosse?,no,http://images.cocodataset.org/train2014/COCO_train2014_000000262336.jpg,6,128,0.9991762229120675,-0.007843017578125,No,6,22.0,0.001862195003003127,35.0,0.0018662651742216627,97.0,0.0018686384012031778,35.0,0.001860984952100319,15.0,0.0018597137875155498,24.0,0.0018683980417220664,,,0.9666425652015439,0.8924994865023571,0.8971411598802027,0.884757269598642,0.9161314485121342,0.966465823449233,,,,,,,,,,,,,,,,,,,,,,,,,
664,yes/no,The color of the court is green?,no,http://images.cocodataset.org/train2014/COCO_train2014_000000262336.jpg,6,179,0.998615711049213,-0.332275390625,No,6,62.0,0.0019231507187943146,37.0,0.0019210595772966104,77.0,0.0019211595939955142,70.0,0.0019211236656667804,16.0,0.0019393034000055333,15.0,0.0019118230189688404,,,0.9531161927165092,0.9576450886481755,0.9508366978097228,0.9474684179482922,0.954434002924965,0.9189900464321514,,,,,,,,,,,,,,,,,,,,,,,,,
665,yes/no,Is this pizza nutritious enough to eat for a full dinner?,yes,http://images.cocodataset.org/train2014/COCO_train2014_000000000194.jpg,1,253,0.9980166276382721,-0.1136474609375,No,1,29.0,0.0019450610073888982,,,,,,,,,,,,,0.9118091828069349,,,,,,,,,,,,,,,,,,,,,,,,,,,,,,
666,yes/no,Are both beds made?,yes,http://images.cocodataset.org/train2014/COCO_train2014_000000257513.jpg,2,271,0.9981180212637201,-0.5703125,No,2,55.0,0.0019786376803780604,16.0,0.0019976306425492124,,,,,,,,,,,0.9274292048846299,0.954434002924965,,,,,,,,,,,,,,,,,,,,,,,,,,,,,
667,yes/no,Is there a ladder in the picture?,yes,http://images.cocodataset.org/train2014/COCO_train2014_000000257513.jpg,0,239,0.9770516630374984,-0.13134765625,Yes,0,,,,,,,,,,,,,,,,,,,,,,,,,,,,,,,,,,,,,,,,,,,,,
668,yes/no,Is this vehicle parked in a residential driveway?,yes,http://images.cocodataset.org/train2014/COCO_train2014_000000393412.jpg,5,274,0.9976954063491762,-0.6630859375,Yes,5,49.0,0.0018779688813511841,39.0,0.0018827596518431282,24.0,0.0018749710217963744,18.0,0.0018721303754597818,31.0,0.0018741463180212343,,,,,0.975352203497586,0.8736210660208912,0.9463946303571862,0.977342973473178,0.9531517750168048,,,,,,,,,,,,,,,,,,,,,,,,,,
669,yes/no,Is the color of the car very common for vehicles?,no,http://images.cocodataset.org/train2014/COCO_train2014_000000393412.jpg,1,209,0.9974798990069215,-0.2393798828125,No,1,70.0,0.0019556675453482617,,,,,,,,,,,,,0.9469871326208092,,,,,,,,,,,,,,,,,,,,,,,,,,,,,,
670,yes/no,Are all the people looking at the same thing?,no,http://images.cocodataset.org/train2014/COCO_train2014_000000458785.jpg,9,202,0.9986144465108021,-0.5439453125,No,9,39.0,0.0019245640416921971,20.0,0.0019214796475271842,59.0,0.0019115983008182902,65.0,0.0019264734285562518,16.0,0.0019163481703300383,38.0,0.0019258008914826773,17.0,0.00191575148693502,0.7745237998583283,0.9602297178607612,0.9512747149714306,0.8706405198977856,0.8950145145731531,0.8118654275822195,0.9360847109776411,27.0,0.0019138656727483007,39.0,0.001921952914356737,,,0.9628962824334484,0.9641065272505152,,,,,,,,,,,,,,,,
671,yes/no,Do these ski boards have personality?,yes,http://images.cocodataset.org/train2014/COCO_train2014_000000000201.jpg,10,224,0.9963913493533985,-0.0469970703125,Yes,10,30.0,0.0019346703562418243,96.0,0.0019313553479754601,17.0,0.0019265950419874367,16.0,0.0019337409922222182,22.0,0.0019264086721974083,15.0,0.0019237835205835878,15.0,0.0019269699115079498,0.9664572819896989,0.7574444911220235,0.8739810481273578,0.0,0.9849226290193991,0.0,0.9602297178607612,17.0,0.0019207377057294177,18.0,0.0019210175562395233,15.0,0.0019277665092390396,0.8787419949064401,0.977342973473178,0.9189900464321514,,,,,,,,,,,,,,,
672,yes/no,Is the woman wearing a dress?,no,http://images.cocodataset.org/train2014/COCO_train2014_000000131277.jpg,6,229,0.9972494439866016,-0.0217132568359375,No,6,21.0,0.0019981540395114096,15.0,0.0020033089823651854,16.0,0.0019874145752327085,106.0,0.00199434456916349,18.0,0.0019944719374729975,19.0,0.0019937613563778653,,,0.8907082013105603,0.9967916319816366,0.954434002924965,0.8957651141070643,0.9182958340544896,0.912408493108431,,,,,,,,,,,,,,,,,,,,,,,,,
673,yes/no,Are they playing a game?,yes,http://images.cocodataset.org/train2014/COCO_train2014_000000131277.jpg,4,282,0.9985831420038596,-0.0212249755859375,Yes,4,23.0,0.001999638110408024,18.0,0.0019947953056492196,24.0,0.0019909981064633385,30.0,0.0019775813360065615,,,,,,,0.9321883810995897,0.7642045065086203,0.9400439301545985,0.9446232142545791,,,,,,,,,,,,,,,,,,,,,,,,,,,
674,yes/no,Will the bent person fall forward?,no,http://images.cocodataset.org/train2014/COCO_train2014_000000131277.jpg,2,272,0.9974235241464192,-0.297607421875,No,2,19.0,0.0020149417499329453,42.0,0.0019839041455332117,,,,,,,,,,,0.8614856395892376,0.8948774392366382,,,,,,,,,,,,,,,,,,,,,,,,,,,,,
675,yes/no,Is there a man and a woman?,yes,http://images.cocodataset.org/train2014/COCO_train2014_000000131277.jpg,5,296,0.9986155108112398,-0.2076416015625,Yes,5,25.0,0.001976291278577477,33.0,0.0019932602913127896,15.0,0.0019634960955875426,31.0,0.0019852867535258083,34.0,0.0019724062359914338,,,,,0.931646288831146,0.9660144884310068,0.9877812438119247,0.9034266807531657,0.9211701286095599,,,,,,,,,,,,,,,,,,,,,,,,,,
676,yes/no,Is this photo to blurry?,no,http://images.cocodataset.org/train2014/COCO_train2014_000000131277.jpg,5,236,0.9968707913864903,-0.33984375,No,5,15.0,0.0020350571403374993,15.0,0.0020070446280820247,83.0,0.002024438385691793,22.0,0.0020275470518245618,40.0,0.0020293508878410143,,,,,0.9967916319816366,0.9877812438119246,0.9057251815577758,0.9385170840201624,0.8944092122331256,,,,,,,,,,,,,,,,,,,,,,,,,,
677,yes/no,Would you get a ticket if you disobeyed this sign?,yes,http://images.cocodataset.org/train2014/COCO_train2014_000000393422.jpg,5,292,0.9806009736451282,-0.1693115234375,Yes,5,33.0,0.002271426538611744,27.0,0.0022697974769944973,30.0,0.0022708658473330275,20.0,0.002265387789063344,25.0,0.0022665830017767285,,,,,0.8883744245006318,0.9327883776363327,0.9288720660889147,0.9232196723355077,0.989991281604527,,,,,,,,,,,,,,,,,,,,,,,,,,
678,yes/no,Is the red stop sign on a wooden pole?,no,http://images.cocodataset.org/train2014/COCO_train2014_000000393422.jpg,9,187,0.9934108214661387,-0.353515625,No,9,16.0,0.0022235186845114825,42.0,0.0021912297821796165,85.0,0.0022037535689329022,15.0,0.002194541464470065,17.0,0.002183026333891514,55.0,0.0021898582773926638,34.0,0.0021998444851312393,0.954434002924965,0.9729346056145705,0.934172209681945,0.8830374409547587,0.925613407948596,0.9002773797754042,0.9611044319385453,16.0,0.0021671740899865035,34.0,0.002171056658684863,,,0.9886085007312413,0.9457260957876844,,,,,,,,,,,,,,,,
679,yes/no,Can you see the sun in the picture?,yes,http://images.cocodataset.org/train2014/COCO_train2014_000000393422.jpg,4,264,0.9960923936708435,-0.1705322265625,Yes,4,33.0,0.002208190817252345,44.0,0.0022331369059828106,16.0,0.002101246010935626,10.0,0.002101754172002358,,,,,,,0.9829776786091635,0.8998894696770778,0.886859507142915,0.7219280948873623,,,,,,,,,,,,,,,,,,,,,,,,,,,
680,yes/no,Are they twins?,no,http://images.cocodataset.org/train2014/COCO_train2014_000000131279.jpg,1,252,0.9990539063040597,-0.2325439453125,No,1,43.0,0.001878639540617779,,,,,,,,,,,,,0.9718695173294858,,,,,,,,,,,,,,,,,,,,,,,,,,,,,,
681,yes/no,Is one of the children a boy?,yes,http://images.cocodataset.org/train2014/COCO_train2014_000000131279.jpg,0,254,0.9765350267375748,-0.103271484375,Yes,0,,,,,,,,,,,,,,,,,,,,,,,,,,,,,,,,,,,,,,,,,,,,,
682,yes/no,Are these teenagers?,no,http://images.cocodataset.org/train2014/COCO_train2014_000000131279.jpg,1,231,0.9990690162952451,-0.00685882568359375,No,1,43.0,0.001882969895299623,,,,,,,,,,,,,0.9718695173294858,,,,,,,,,,,,,,,,,,,,,,,,,,,,,,
683,yes/no,Are both of the children smiling?,no,http://images.cocodataset.org/train2014/COCO_train2014_000000131279.jpg,1,238,0.9990431633222971,-0.387451171875,No,1,42.0,0.0018761900377795386,,,,,,,,,,,,,0.9954498135182197,,,,,,,,,,,,,,,,,,,,,,,,,,,,,,
684,yes/no,Is this child wearing socks?,no,http://images.cocodataset.org/train2014/COCO_train2014_000000131279.jpg,2,222,0.9991029121373134,-0.225830078125,No,2,45.0,0.0018828878017266826,19.0,0.0018604061652716193,,,,,,,,,,,0.9298710852294838,0.9355095604394199,,,,,,,,,,,,,,,,,,,,,,,,,,,,,
685,yes/no,Is the man's shirt a solid color?,no,http://images.cocodataset.org/train2014/COCO_train2014_000000448671.jpg,8,189,0.9916396232435352,-0.169921875,No,8,29.0,0.0022611270288748772,15.0,0.0022579635904696753,15.0,0.0022975583802195745,187.0,0.002277598401696875,28.0,0.002273512373498055,31.0,0.0022814330827811073,14.0,0.0022548576216308764,0.9665859482843117,0.9877812438119247,0.9967916319816366,0.9609401943508692,0.8943515707130862,0.978895448284862,0.995232557322099,46.0,0.00226813127425056,,,,,0.962806685426142,,,,,,,,,,,,,,,,,
686,yes/no,Is this man tan?,yes,http://images.cocodataset.org/train2014/COCO_train2014_000000554301.jpg,2,253,0.9953848111053293,-0.3447265625,Yes,2,21.0,0.0023080330429511736,34.0,0.0021993892481651316,,,,,,,,,,,0.9092748525610023,0.9483814278920005,,,,,,,,,,,,,,,,,,,,,,,,,,,,,
687,yes/no,The tablecloths are white?,yes,http://images.cocodataset.org/train2014/COCO_train2014_000000262359.jpg,1,211,0.9742984863726708,-0.25244140625,Yes,1,30.0,0.010599056248416238,,,,,,,,,,,,,0.885934507561467,,,,,,,,,,,,,,,,,,,,,,,,,,,,,,
688,yes/no,Are the pictures colorful?,yes,http://images.cocodataset.org/train2014/COCO_train2014_000000262359.jpg,6,342,0.9962550599049499,-0.63330078125,Yes,6,29.0,0.0019031353940665336,22.0,0.0019037094581085107,16.0,0.001900621716511153,29.0,0.0018965214891439996,23.0,0.00189408680530295,12.0,0.001892458661834442,,,0.9300678767746696,0.9741707427017496,0.8620485698650454,0.9513086369859298,0.9841517646228418,0.9808340377961404,,,,,,,,,,,,,,,,,,,,,,,,,
689,yes/no,Do you a mirror in the background?,no,http://images.cocodataset.org/train2014/COCO_train2014_000000262359.jpg,6,236,0.9988361014163335,-0.6865234375,No,6,21.0,0.0018496103441468944,37.0,0.001849308098038218,38.0,0.0018368896437143758,17.0,0.0018366976632356712,55.0,0.001843307138935058,41.0,0.0018388593614333672,,,0.9110594625551636,0.9610331998474978,0.977562045866952,0.96039488093455,0.9364998498809504,0.869960857905796,,,,,,,,,,,,,,,,,,,,,,,,,
690,yes/no,Is there food on the table?,no,http://images.cocodataset.org/train2014/COCO_train2014_000000262359.jpg,5,121,0.9979620393356032,-0.032257080078125,No,5,16.0,0.0019329688841288337,180.0,0.001975886373414973,89.0,0.0019697110476676744,39.0,0.001970146753266737,23.0,0.0019611438000910956,,,,,0.8903195311147831,0.9367973362397971,0.9457996255336104,0.9619483464816141,0.9359550701662827,,,,,,,,,,,,,,,,,,,,,,,,,,
691,yes/no,Is there a pillow present in the picture?,yes,http://images.cocodataset.org/train2014/COCO_train2014_000000393432.jpg,4,222,0.974989952537695,-0.05364990234375,Yes,4,20.0,0.009353592278878275,15.0,0.004293636598836884,12.0,0.004250610243084848,22.0,0.00399738620640993,,,,,,,0.9089460785096519,0.9718495448242642,0.9439592513355662,0.973230191349899,,,,,,,,,,,,,,,,,,,,,,,,,,,
692,yes/no,Is she wearing a bathing suit?,yes,http://images.cocodataset.org/train2014/COCO_train2014_000000000036.jpg,2,246,0.9955549603218876,-0.04595947265625,Yes,2,27.0,0.0021820663914576283,32.0,0.002186672875208313,,,,,,,,,,,0.9531154893608909,0.9383274671600054,,,,,,,,,,,,,,,,,,,,,,,,,,,,,
693,yes/no,Are they surrounded by trees?,yes,http://images.cocodataset.org/train2014/COCO_train2014_000000524508.jpg,4,250,0.9976222904656193,-0.11474609375,Yes,4,66.0,0.0021042773885870483,66.0,0.0021045017491146717,16.0,0.0020749422496001892,19.0,0.002063738983780009,,,,,,,0.816472229509874,0.9400191096511318,0.5435644431995964,0.9283213239079567,,,,,,,,,,,,,,,,,,,,,,,,,,,
694,yes/no,Is there a puddle of water on the dirt?,yes,http://images.cocodataset.org/train2014/COCO_train2014_000000524508.jpg,4,253,0.9976176587815238,-0.049560546875,Yes,4,66.0,0.0021029572836801743,68.0,0.0021048901488306157,16.0,0.0020801957831325306,18.0,0.00207078313253012,,,,,,,0.6468343498665812,0.9606406399381938,0.5435644431995964,1.0,,,,,,,,,,,,,,,,,,,,,,,,,,,
695,yes/no,Are these men on a boat?,no,http://images.cocodataset.org/train2014/COCO_train2014_000000474858.jpg,9,273,0.9965180466179775,-0.006366729736328125,No,9,19.0,0.002074534090709214,51.0,0.0020824178973310654,20.0,0.0020767141599710055,26.0,0.0020629191237943375,29.0,0.0020582433693838364,16.0,0.0020498844439423686,15.0,0.0020490999493216473,0.9520903566147753,0.3227569588973982,0.9372305632161296,0.8832838025802786,0.9596184531011467,1.0,0.982798115178801,19.0,0.0020789933232901506,17.0,0.0020525148082589013,,,0.858059727974443,0.9360847109776411,,,,,,,,,,,,,,,,
696,yes/no,Are the boys happy?,yes,http://images.cocodataset.org/train2014/COCO_train2014_000000474858.jpg,3,314,0.9969729968302055,-0.57177734375,No,3,15.0,0.002041898583745019,20.0,0.00203602261659755,26.0,0.002045006066371082,,,,,,,,,0.9877812438119247,0.8427376486136673,0.8854530832062777,,,,,,,,,,,,,,,,,,,,,,,,,,,,
697,yes/no,Is the man in the forefront trying to get signal on a cell phone?,no,http://images.cocodataset.org/train2014/COCO_train2014_000000474858.jpg,0,295,0.9977227215090879,-0.2154541015625,No,0,,,,,,,,,,,,,,,,,,,,,,,,,,,,,,,,,,,,,,,,,,,,,
698,yes/no,Was this photo taken recently?,yes,http://images.cocodataset.org/train2014/COCO_train2014_000000474858.jpg,6,246,0.9968223770032097,-0.1368408203125,Yes,6,21.0,0.002104848579005754,28.0,0.0020820216358537003,40.0,0.002081663900177437,68.0,0.0020839155306103894,31.0,0.00209794664337769,12.0,0.002093946158395817,,,0.9937866610055328,0.7559279292634755,0.855444253476421,0.8799132860968227,0.8982221001622969,0.9182958340544896,,,,,,,,,,,,,,,,,,,,,,,,,
699,yes/no,Is this  a beach?,yes,http://images.cocodataset.org/train2014/COCO_train2014_000000474858.jpg,1,243,0.9730868941498382,-0.0197296142578125,Yes,1,16.0,0.005374891961970616,,,,,,,,,,,,,0.9822177815287605,,,,,,,,,,,,,,,,,,,,,,,,,,,,,,
700,yes/no,Is the guy making a performance?,no,http://images.cocodataset.org/train2014/COCO_train2014_000000474858.jpg,11,233,0.9968610024116573,-0.14990234375,No,11,17.0,0.0020450874515694794,47.0,0.0020517495443142684,24.0,0.002043871243254134,16.0,0.002046878594724805,16.0,0.002028834485900785,15.0,0.002024849745202147,26.0,0.002035514276186599,0.9878171319090819,0.8020117623541302,0.8129072918469558,0.9320201587042914,0.8194483718728035,0.9877812438119246,0.9737515929092133,17.0,0.0020312890154099345,16.0,0.002029962242702286,16.0,0.0020502618651293083,0.9856676426534905,0.9772170014624825,0.886859507142915,17.0,0.0020342079153667612,0.9507532012507529,,,,,,,,,,,,
701,yes/no,Is he doing a trick?,no,http://images.cocodataset.org/train2014/COCO_train2014_000000474858.jpg,1,317,0.9972199293259755,-0.056243896484375,No,1,24.0,0.002024390421799669,,,,,,,,,,,,,0.9808340377961404,,,,,,,,,,,,,,,,,,,,,,,,,,,,,,
702,yes/no,Is the man in the foreground barefooted?,yes,http://images.cocodataset.org/train2014/COCO_train2014_000000474858.jpg,1,238,0.9720713332487961,-0.59033203125,Yes,1,30.0,0.005110254964605649,,,,,,,,,,,,,0.980323676223755,,,,,,,,,,,,,,,,,,,,,,,,,,,,,,
703,yes/no,Is this busy metropolis?,no,http://images.cocodataset.org/train2014/COCO_train2014_000000474858.jpg,12,253,0.9956001144487788,-0.0014657974243164062,No,12,15.0,0.0021313309629776974,56.0,0.002143798417947451,17.0,0.0021350751693302696,28.0,0.0021214209346684045,5.0,0.0020925433252940153,15.0,0.002102820391688837,17.0,0.0021102112990202173,0.8443536850036222,0.8926353580762396,0.8702290979524686,0.9752813738495056,0.9709505944546686,0.9189900464321514,0.9856676426534905,24.0,0.002121924132043728,24.0,0.00211425777203146,16.0,0.002121198935826351,0.9360898016760626,0.8886462923344498,0.9755307720176266,19.0,0.0021228510745772166,0.90647263812994,17.0,0.002114599040839638,0.9256134079485958,,,,,,,,,
704,yes/no,What is the man on a skateboard?,no,http://images.cocodataset.org/train2014/COCO_train2014_000000474858.jpg,8,279,0.9918637143031248,-0.91357421875,No,8,43.0,0.002373358789077648,136.0,0.002375893953447821,20.0,0.0023961464037218485,22.0,0.0023841694145123682,39.0,0.0023853786297690937,21.0,0.0023741885901711344,33.0,0.00236607917039388,0.9739990320603097,0.9209697175608595,0.9911594714322186,0.7827759528141421,0.9256761430390064,0.969354248643417,0.9503108658942078,16.0,0.0023899707686607105,,,,,0.886859507142915,,,,,,,,,,,,,,,,,
705,yes/no,Are there waves in the picture?,yes,http://images.cocodataset.org/train2014/COCO_train2014_000000474858.jpg,8,235,0.996911206751164,-0.12744140625,Yes,8,18.0,0.0020952364438202083,21.0,0.002075832283650839,16.0,0.0020694072359351834,22.0,0.002076057476999033,31.0,0.0020883377787771517,37.0,0.002082895442585405,16.0,0.0020872889952402007,0.9915323997298832,0.931410723799767,0.9320201587042914,0.9598452870248483,0.9587277441060567,0.9418675629406791,0.9463946303571862,9.0,0.002075006574707461,,,,,0.9910760598382222,,,,,,,,,,,,,,,,,
706,yes/no,Did the man just steal the boy's kite?,no,http://images.cocodataset.org/train2014/COCO_train2014_000000393438.jpg,3,268,0.9963428793025916,-0.150390625,No,3,18.0,0.0021039170720904142,35.0,0.0020861080238692275,23.0,0.0020414068025461324,,,,,,,,,0.9910760598382222,0.990263010736486,0.9251735116075492,,,,,,,,,,,,,,,,,,,,,,,,,,,,
707,yes/no,Is this a steam engine train?,yes,http://images.cocodataset.org/train2014/COCO_train2014_000000165859.jpg,0,240,0.9735345617321967,-0.177490234375,Yes,0,,,,,,,,,,,,,,,,,,,,,,,,,,,,,,,,,,,,,,,,,,,,,
708,yes/no,Are the umbrellas wet?,yes,http://images.cocodataset.org/train2014/COCO_train2014_000000393442.jpg,2,75,0.9978532807024304,-0.492919921875,Yes,2,45.0,0.0020092057375294364,385.0,0.002002008107499441,,,,,,,,,,,0.9313784670423474,0.83134834181566,,,,,,,,,,,,,,,,,,,,,,,,,,,,,
709,yes/no,Is there snow on the ground?,yes,http://images.cocodataset.org/train2014/COCO_train2014_000000131299.jpg,8,191,0.9969733986849272,-0.09735107421875,Yes,8,76.0,0.0022486755519068183,95.0,0.002261417619114809,19.0,0.002200358317191957,15.0,0.0021501882091694425,15.0,0.0021447721179624663,23.0,0.002108036890645587,20.0,0.0021683321147128124,0.9285202021707304,0.9427095970838067,0.9975194757207203,0.9877812438119247,0.9877812438119247,0.941022554068431,0.7453115759478263,29.0,0.002117318138396073,,,,,0.9748750419148658,,,,,,,,,,,,,,,,,
710,yes/no,Does this oven look new?,no,http://images.cocodataset.org/train2014/COCO_train2014_000000131300.jpg,7,172,0.9983763453635995,-0.00391387939453125,No,7,34.0,0.001922266145858899,109.0,0.0019256868254170847,58.0,0.0019240631167595414,18.0,0.0019110498914684966,41.0,0.0019383303022454217,27.0,0.0019243331991242968,14.0,0.0019163344856924036,0.9756774713885802,0.9367006384517801,0.9442620866967463,0.8929352898779308,0.8348031072961664,0.9628962824334484,0.9417346261113358,,,,,,,,,,,,,,,,,,,,,,,,
711,yes/no,Does the oven have a digital buttons?,no,http://images.cocodataset.org/train2014/COCO_train2014_000000131300.jpg,6,215,0.9980810842410626,-0.193359375,No,6,154.0,0.001976500228433041,20.0,0.001969602881361194,64.0,0.0019796259353556684,18.0,0.0019745534959618853,17.0,0.001998104175380215,17.0,0.0019822143158502274,,,0.9306544604696981,0.9416915491145068,0.9102179446001233,0.9915323997298832,0.9975025463691153,0.8846148739279867,,,,,,,,,,,,,,,,,,,,,,,,,
712,yes/no,Is this oven greasy?,yes,http://images.cocodataset.org/train2014/COCO_train2014_000000131300.jpg,0,255,0.9666185291172664,-0.0157470703125,Yes,0,,,,,,,,,,,,,,,,,,,,,,,,,,,,,,,,,,,,,,,,,,,,,
713,yes/no,Is the pizza on a baking tray?,yes,http://images.cocodataset.org/train2014/COCO_train2014_000000131300.jpg,7,220,0.9980951542347787,-0.59716796875,No,7,176.0,0.001971003515562996,22.0,0.001966942822304348,70.0,0.001974062774694702,25.0,0.0019656263028057543,18.0,0.001992019384182331,19.0,0.001979233637172175,18.0,0.0019639823948604195,0.8935352217120999,0.9385170840201624,0.9044275324362732,0.978702905712759,1.0,0.8693978806749074,0.9435794406736077,,,,,,,,,,,,,,,,,,,,,,,,
714,yes/no,Do you like chocolate cake?,yes,http://images.cocodataset.org/train2014/COCO_train2014_000000393445.jpg,7,173,0.9963408489411091,-0.0692138671875,Yes,7,46.0,0.002249892180382223,16.0,0.0022061957532548047,36.0,0.0022285294826754837,185.0,0.0022152150600693705,17.0,0.0022211534954961524,36.0,0.002195701591237859,33.0,0.002206856224990137,0.8567985762221871,0.985056822321508,0.9551045253466176,0.9295540987884453,0.9603948809345499,0.9067509849699066,0.9547323387866128,,,,,,,,,,,,,,,,,,,,,,,,
715,yes/no,Are there any water glasses on the table?,yes,http://images.cocodataset.org/train2014/COCO_train2014_000000524518.jpg,0,250,0.9815343252892702,-0.25244140625,Yes,0,,,,,,,,,,,,,,,,,,,,,,,,,,,,,,,,,,,,,,,,,,,,,
716,yes/no,Are there tomatoes on the pizza?,yes,http://images.cocodataset.org/train2014/COCO_train2014_000000524518.jpg,3,230,0.9972713790688028,-0.0703125,Yes,3,53.0,0.0021219979366567986,121.0,0.002091736079571325,16.0,0.00206167317191116,,,,,,,,,0.792171166202007,0.9349368508079988,0.9528195311147832,,,,,,,,,,,,,,,,,,,,,,,,,,,,
717,yes/no,Are there any people in the picture?,no,http://images.cocodataset.org/train2014/COCO_train2014_000000524518.jpg,6,203,0.9960720834640605,-0.326171875,No,6,29.0,0.0020048161733042698,53.0,0.001997126610350318,88.0,0.002004254505811895,30.0,0.0019955739366007757,34.0,0.00200433354743202,23.0,0.001987866403540516,,,0.9118091828069349,0.8645711649847067,0.7666086943689139,0.9485370014199394,0.9905920155390896,0.9423383283068836,,,,,,,,,,,,,,,,,,,,,,,,,
718,yes/no,Can they go?,no,http://images.cocodataset.org/train2014/COCO_train2014_000000524520.jpg,5,282,0.9985601749856019,-0.66064453125,No,5,19.0,0.0019288856945833858,19.0,0.0019371218228261186,15.0,0.001896241618994894,20.0,0.0019083963830965121,18.0,0.0019071989501958128,,,,,0.9649618403823442,0.9258628921382102,0.9949490477321437,0.9008047485295138,0.9955380299191112,,,,,,,,,,,,,,,,,,,,,,,,,,
719,yes/no,Are the cars parked?,no,http://images.cocodataset.org/train2014/COCO_train2014_000000524520.jpg,1,227,0.978543640879061,-0.1705322265625,Yes,1,15.0,0.011827119272862176,,,,,,,,,,,,,0.9182958340544896,,,,,,,,,,,,,,,,,,,,,,,,,,,,,,
720,yes/no,Are all the players wearing black shirts?,no,http://images.cocodataset.org/train2014/COCO_train2014_000000524522.jpg,9,160,0.9971614768949212,-0.2022705078125,No,9,20.0,0.0020121147792987334,101.0,0.0020135008889220667,20.0,0.002003147646585169,18.0,0.002000016266907417,27.0,0.002014385368459009,35.0,0.002010101749505894,148.0,0.0020133018238940206,0.9976834773764093,0.8100046557497876,0.9630603734213402,0.9455305560363263,0.9223107137938915,0.6961559724800372,0.8050156696765549,49.0,0.002017586186806178,20.0,0.0020108337603396533,,,0.8865522090131759,0.8812908992306927,,,,,,,,,,,,,,,,
721,yes/no,Is one of the trains going through a tunnel?,yes,http://images.cocodataset.org/train2014/COCO_train2014_000000524525.jpg,5,210,0.9967645501054964,-0.2418212890625,Yes,5,52.0,0.0020513517997342596,15.0,0.002047914197446908,18.0,0.002040142227058115,17.0,0.00203557047977059,4.0,0.002020712301086133,,,,,0.922080088232489,0.9967916319816366,0.9342064019134055,0.9519839065438831,0.0,,,,,,,,,,,,,,,,,,,,,,,,,,
722,yes/no,Is the door open?,no,http://images.cocodataset.org/train2014/COCO_train2014_000000131312.jpg,8,253,0.9970484792653473,-0.5693359375,Yes,8,18.0,0.0021661710173660836,19.0,0.0021482277121374865,17.0,0.002091815909093012,26.0,0.002064902824898419,16.0,0.0020809403175302502,34.0,0.0020733042638798015,7.0,0.0020477846386930143,0.9910760598382222,0.8693978806749074,0.96039488093455,0.9629470156266078,0.9463946303571862,0.9552327283213634,0.9852281360342515,17.0,0.002089964744571691,,,,,0.8787419949064401,,,,,,,,,,,,,,,,,
723,yes/no,Is the man on TV wearing a tie?,yes,http://images.cocodataset.org/train2014/COCO_train2014_000000131312.jpg,8,258,0.9964908337953633,-0.6484375,Yes,8,82.0,0.001932689545789467,18.0,0.001950397841334862,16.0,0.0019289805976153902,37.0,0.001948022742953618,15.0,0.001926523297491039,31.0,0.001923780264794089,18.0,0.0019385113663147459,0.9123224941121956,0.9910760598382222,0.9965119062478288,0.944715795975864,0.9182958340544896,0.8547155458582528,0.5032583347756457,21.0,0.0019270022397079665,,,,,0.997618320255157,,,,,,,,,,,,,,,,,
724,yes/no,Is everyone wearing glasses?,no,http://images.cocodataset.org/train2014/COCO_train2014_000000131315.jpg,5,237,0.998981596886486,-0.0963134765625,No,5,30.0,0.0019066837944784064,30.0,0.0019009137869773957,25.0,0.001907746690597014,21.0,0.001902584052306637,20.0,0.0019009137869773966,,,,,0.9299056100857233,0.9856470247152448,0.9003120349047065,0.9420864622689729,0.9835386311891134,,,,,,,,,,,,,,,,,,,,,,,,,,
725,yes/no,Are both people of the same ethnic background?,no,http://images.cocodataset.org/train2014/COCO_train2014_000000131315.jpg,9,156,0.9982550319945083,-0.418212890625,No,9,22.0,0.001970057216939226,70.0,0.0019783422014853164,27.0,0.001976139040499763,64.0,0.001981528757369287,22.0,0.001972665512817053,23.0,0.001990272742646389,17.0,0.001977421817064855,0.8346231278355998,0.8879000730125616,0.9258471880200251,0.926454818450599,0.9598452870248484,0.9251735116075495,0.9256134079485958,15.0,0.0019874307355689227,9.0,0.001973736552187175,,,0.8830374409547587,0.9910760598382222,,,,,,,,,,,,,,,,
726,yes/no,The man is wearing a helmet?,yes,http://images.cocodataset.org/train2014/COCO_train2014_000000262389.jpg,9,270,0.9931484121137211,-0.320068359375,Yes,9,42.0,0.002077436340312622,55.0,0.0020728908306881263,51.0,0.002072535925506835,24.0,0.0020668131560788523,40.0,0.0020657672125059317,16.0,0.0020645206770149175,15.0,0.002056468344302846,0.9954498135182197,0.9338090208503773,0.9742762678927038,0.9745411476764104,0.980855736406228,0.954434002924965,0.9189900464321514,15.0,0.0020564683443028454,18.0,0.0020590282792575737,,,0.982798115178801,0.9910760598382222,,,,,,,,,,,,,,,,
727,yes/no,Is this a government official's plane?,yes,http://images.cocodataset.org/train2014/COCO_train2014_000000000247.jpg,1,273,0.9964682457771852,-0.17333984375,No,1,17.0,0.002029708125379238,,,,,,,,,,,,,0.9038817882085971,,,,,,,,,,,,,,,,,,,,,,,,,,,,,,
728,yes/no,Are the kids sitting?,no,http://images.cocodataset.org/train2014/COCO_train2014_000000393464.jpg,4,212,0.9990003715498221,-0.002445220947265625,No,4,115.0,0.0019316785231957808,58.0,0.0019198852695067844,18.0,0.00190630285940253,8.0,0.0019038119328451373,,,,,,,0.924969471764253,0.934657349709564,0.9773429734731779,0.954434002924965,,,,,,,,,,,,,,,,,,,,,,,,,,,
729,yes/no,Are these children playing a game?,yes,http://images.cocodataset.org/train2014/COCO_train2014_000000393464.jpg,6,199,0.9965496493249131,-0.0227203369140625,Yes,6,39.0,0.0021243263075078813,24.0,0.00215363327977147,129.0,0.0021165240426335823,38.0,0.0020891140545525565,15.0,0.002095289106537098,15.0,0.0020646823271354606,,,0.9516344025398482,0.9642934129442273,0.7279904303732603,0.8054392473571778,0.9500685975366211,0.9877812438119246,,,,,,,,,,,,,,,,,,,,,,,,,
730,yes/no,The zebras are in a field?,no,http://images.cocodataset.org/train2014/COCO_train2014_000000262393.jpg,0,235,0.9737296395139265,-0.477783203125,Yes,0,,,,,,,,,,,,,,,,,,,,,,,,,,,,,,,,,,,,,,,,,,,,,
731,yes/no,Have you ever been to this intersection?,no,http://images.cocodataset.org/train2014/COCO_train2014_000000000250.jpg,5,153,0.9980842726227346,-0.17333984375,No,5,67.0,0.001980129012093601,247.0,0.0019800090751324355,22.0,0.0019781926725393503,15.0,0.0019640652226594513,15.0,0.0019640652226594504,,,,,0.9090661828117261,0.8890887175584536,0.7827759528141421,0.7219280948873623,0.7219280948873623,,,,,,,,,,,,,,,,,,,,,,,,,,
732,yes/no,Are some of the trees dead?,yes,http://images.cocodataset.org/train2014/COCO_train2014_000000131323.jpg,0,258,0.9799954062620406,-0.0272216796875,Yes,0,,,,,,,,,,,,,,,,,,,,,,,,,,,,,,,,,,,,,,,,,,,,,
733,yes/no,Are the rocks for the giraffe to sit on?,no,http://images.cocodataset.org/train2014/COCO_train2014_000000131323.jpg,2,230,0.9984296769391404,-0.1180419921875,No,2,44.0,0.0019865215316021436,17.0,0.0020165451109752145,,,,,,,,,,,0.9604409717952576,0.8091970544181963,,,,,,,,,,,,,,,,,,,,,,,,,,,,,
734,yes/no,Does someone have a green thumb?,yes,http://images.cocodataset.org/train2014/COCO_train2014_000000131330.jpg,3,67,0.9897093782669931,-0.205810546875,Yes,3,346.0,0.0021089246817018667,237.0,0.0021068777451057536,15.0,0.0020996194883508993,,,,,,,,,0.8594605108255629,0.8491559717252198,0.7219280948873623,,,,,,,,,,,,,,,,,,,,,,,,,,,,
735,yes/no,Is the seedling a hybrid?,yes,http://images.cocodataset.org/train2014/COCO_train2014_000000131330.jpg,6,89,0.997909261270791,-0.436279296875,No,6,35.0,0.0019233946567565295,28.0,0.0019159275904047188,139.0,0.0019325357908177335,144.0,0.001925514830573618,37.0,0.001941583360143513,49.0,0.0019141175387680483,,,0.7689679138849674,0.8724523545671158,0.9306254928122023,0.861648363569331,0.810820019496553,0.8876076422463243,,,,,,,,,,,,,,,,,,,,,,,,,
736,yes/no,Is there a tent in the snow?,yes,http://images.cocodataset.org/train2014/COCO_train2014_000000524547.jpg,0,257,0.9749880078855713,-0.030242919921875,Yes,0,,,,,,,,,,,,,,,,,,,,,,,,,,,,,,,,,,,,,,,,,,,,,
737,yes/no,Is this terminal safe at night?,yes,http://images.cocodataset.org/train2014/COCO_train2014_000000000260.jpg,8,101,0.9837058448750798,-0.347412109375,Yes,8,28.0,0.002257380891657863,138.0,0.002262516319697278,309.0,0.002257589688692559,30.0,0.0022609736745161386,18.0,0.0022528266598656815,30.0,0.002251350751414511,21.0,0.002255188113387551,0.995232557322099,0.7050346216090039,0.7173810189549489,0.4689955935892812,0.0,0.9862448834374757,0.9182958340544896,27.0,0.0022488909039958932,,,,,0.8783471047618534,,,,,,,,,,,,,,,,,
738,yes/no,Is the woman by herself?,yes,http://images.cocodataset.org/train2014/COCO_train2014_000000000260.jpg,8,102,0.9850132993140006,-0.434814453125,Yes,8,129.0,0.0021981407053448597,286.0,0.002195603256425486,24.0,0.0021941646880445594,27.0,0.0021967921266146553,19.0,0.0021936312982596537,28.0,0.002191776803905451,18.0,0.002193243378416085,0.852529495307709,0.7787913862238448,0.9745411476764105,0.8325252476189535,0.9494520153879484,0.8826547487121292,0.0,26.0,0.0021905705680653432,,,,,0.9099534554247559,,,,,,,,,,,,,,,,,
739,yes/no,Is it a clear day?,yes,http://images.cocodataset.org/train2014/COCO_train2014_000000524551.jpg,12,168,0.9969182554067749,-0.0157470703125,Yes,12,28.0,0.0021799561359520563,153.0,0.0021542057009311076,25.0,0.0021432450690792525,10.0,0.0021525174519491873,22.0,0.00214107749905771,16.0,0.002185633105056098,21.0,0.0021452635469829113,0.9620871761502205,0.9227405419130698,0.8962438445844767,0.8812908992306927,0.6840384356390417,0.0,0.8895951911673141,23.0,0.002122281420851574,16.0,0.00215914058257057,16.0,0.0021922562356774793,0.9300167775596904,0.886859507142915,0.954434002924965,27.0,0.002166499616594326,0.8583093147675968,16.0,0.0021467222126554785,0.9755307720176266,,,,,,,,,
740,yes/no,Is this person prone on his back or on his knees?,no,http://images.cocodataset.org/train2014/COCO_train2014_000000393480.jpg,4,283,0.9992234175028574,-0.55126953125,On,4,17.0,0.0018555568372005862,41.0,0.0018590686954945814,50.0,0.0018580476480266853,6.0,0.0018504744517321432,,,,,,,0.9719977955078913,0.9265776237205728,0.9118227772616861,1.0,,,,,,,,,,,,,,,,,,,,,,,,,,,
741,yes/no,Is the skier on the ground?,yes,http://images.cocodataset.org/train2014/COCO_train2014_000000393480.jpg,4,284,0.9958758699007194,-0.12744140625,Yes,4,22.0,0.002252816762499128,31.0,0.002134504293479605,17.0,0.0021256198125040185,15.0,0.002252421271296584,,,,,,,0.9431887805255736,0.8167030449470634,0.9360847109776411,0.9967916319816366,,,,,,,,,,,,,,,,,,,,,,,,,,,
742,yes/no,Is the subject of the photo facing downhill?,yes,http://images.cocodataset.org/train2014/COCO_train2014_000000393480.jpg,5,256,0.9996057607788138,-0.6044921875,No,5,29.0,0.0018064662269262717,33.0,0.0018019851277961652,16.0,0.0017962118559824757,27.0,0.0017955088376435389,17.0,0.0018110579491400149,,,,,0.9001795585455602,0.9722808941793163,0.8194483718728035,0.8527924884900404,0.8409160494198367,,,,,,,,,,,,,,,,,,,,,,,,,,
743,yes/no,Is this man attached to his surfboard?,yes,http://images.cocodataset.org/train2014/COCO_train2014_000000131339.jpg,8,134,0.9987805563438914,-0.54296875,No,8,15.0,0.0019252999223710392,22.0,0.0019276266339755986,17.0,0.001926416598918299,75.0,0.0019503174651601903,14.0,0.0019649376668017787,155.0,0.0019488488682563572,37.0,0.0019462669796745519,0.9446232142545791,0.9513590473032969,0.9038817882085972,0.9408853002886726,0.863120568566631,0.8690380198540398,0.8983455968914169,18.0,0.00193337921012815,,,,,0.9206250851407773,,,,,,,,,,,,,,,,,
744,yes/no,Is this man riding a surfboard?,yes,http://images.cocodataset.org/train2014/COCO_train2014_000000131339.jpg,8,235,0.9947628720126699,-0.0963134765625,Yes,8,37.0,0.0022228375123656496,27.0,0.0022181515278296027,39.0,0.0022367073997047863,27.0,0.002194280171823507,18.0,0.0021936519782444004,25.0,0.002183927541639811,8.0,0.0021455951694426536,0.9877562100593327,0.9169918947870704,0.9754884613488546,0.8209868100646758,0.9206250851407773,0.9143172867352866,0.8112781244591328,17.0,0.0022179298124487415,,,,,0.9127332405984697,,,,,,,,,,,,,,,,,
745,yes/no,Is he wearing the right type of suit?,yes,http://images.cocodataset.org/train2014/COCO_train2014_000000131339.jpg,3,215,0.9992915588045214,-0.54443359375,No,3,25.0,0.0018560513619553592,64.0,0.0018713979988360953,49.0,0.0018723797315205347,,,,,,,,,0.8606199195737619,0.8983535296391263,0.9396105545416389,,,,,,,,,,,,,,,,,,,,,,,,,,,,
746,yes/no,Is the man riding a white board?,no,http://images.cocodataset.org/train2014/COCO_train2014_000000131339.jpg,7,93,0.9974925600898016,-0.2288818359375,No,7,16.0,0.002045586107091172,144.0,0.002075052259205661,35.0,0.002055737027082903,19.0,0.002054231091476882,223.0,0.002075564756348438,55.0,0.0020725693987633216,42.0,0.0020673282337537032,0.9320201587042914,0.9065915388024536,0.973306524532956,0.9656476401164372,0.8868795785207927,0.889715153208727,0.9650927311991506,,,,,,,,,,,,,,,,,,,,,,,,
747,yes/no,Is the woman surfing?,yes,http://images.cocodataset.org/train2014/COCO_train2014_000000131339.jpg,1,222,0.9728875696322974,-0.5048828125,Yes,1,18.0,0.011618960613030535,,,,,,,,,,,,,0.8288713632524444,,,,,,,,,,,,,,,,,,,,,,,,,,,,,,
748,yes/no,Is the boy in the middle being attacked?,no,http://images.cocodataset.org/train2014/COCO_train2014_000000524557.jpg,3,213,0.9988461771228982,-0.2052001953125,No,3,19.0,0.00193994905104923,27.0,0.0019152443928659912,27.0,0.0019155516513247395,,,,,,,,,0.922317214818483,0.9298511434805797,0.8997598005436134,,,,,,,,,,,,,,,,,,,,,,,,,,,,
749,yes/no,Does the boy have his head stuck in the net?,no,http://images.cocodataset.org/train2014/COCO_train2014_000000524557.jpg,4,202,0.9986589363475532,-0.10980224609375,No,4,17.0,0.0019530090986454524,31.0,0.0019360301457120271,34.0,0.0019382148204804754,7.0,0.0019166104777633664,,,,,,,0.9360847109776411,0.925982037617353,0.9357819290968923,0.9852281360342515,,,,,,,,,,,,,,,,,,,,,,,,,,,
750,yes/no,Does the guy on the right look happy?,yes,http://images.cocodataset.org/train2014/COCO_train2014_000000131342.jpg,7,241,0.9960884195533479,-0.00882720947265625,Yes,7,143.0,0.002190977902552853,22.0,0.0022072171977295316,19.0,0.0021467330565502945,25.0,0.0021433089364778168,16.0,0.002141501761995121,31.0,0.0022199098161637173,18.0,0.0021736293083541667,0.8822321556067921,0.9643787017331666,0.9355095604394199,0.9745455500297384,0.8112781244591328,0.9717904016449086,0.9728825026363701,,,,,,,,,,,,,,,,,,,,,,,,
751,yes/no,Are there multiple vegetables on the plate?,yes,http://images.cocodataset.org/train2014/COCO_train2014_000000393488.jpg,4,144,0.9969924207305599,-0.060394287109375,Yes,4,27.0,0.0021609700448491235,176.0,0.0021364857212619968,126.0,0.0021122900144558525,18.0,0.0021906013676972016,,,,,,,0.8670569710683644,0.8636197257268389,0.9263420244373551,0.0,,,,,,,,,,,,,,,,,,,,,,,,,,,
752,yes/no,Is there meat on the plate?,yes,http://images.cocodataset.org/train2014/COCO_train2014_000000393488.jpg,4,134,0.9970318426866736,-0.1180419921875,Yes,4,27.0,0.002159532869977252,175.0,0.0021331392449422493,127.0,0.0021070179700506605,18.0,0.0021888857439381075,,,,,,,0.8670569710683644,0.8482370855068664,0.9025329109360263,0.0,,,,,,,,,,,,,,,,,,,,,,,,,,,
753,yes/no,Is this a brand new phone?,no,http://images.cocodataset.org/train2014/COCO_train2014_000000393489.jpg,11,383,0.9975590156906263,-0.55126953125,Yes,11,25.0,0.0018479456431081548,24.0,0.0018485379471225281,15.0,0.0018469164813818214,24.0,0.0018480019253900642,36.0,0.0018493196454823736,41.0,0.0018484382601539919,15.0,0.0018495965900441466,0.9934804071359582,0.9320027314271102,0.7219280948873623,0.9856259180022331,0.9193006238298981,0.8975114383918222,0.9709505944546686,18.0,0.001848381607450559,17.0,0.0018506623273710481,23.0,0.0018484126811741809,0.920619835714305,0.9975025463691153,0.9251735116075492,17.0,0.0018509145728922076,0.9975025463691153,,,,,,,,,,,,
754,yes/no,Does this phone fold closed?,no,http://images.cocodataset.org/train2014/COCO_train2014_000000393489.jpg,0,256,0.9828733369273647,-0.440673828125,Yes,0,,,,,,,,,,,,,,,,,,,,,,,,,,,,,,,,,,,,,,,,,,,,,
755,yes/no,Is the phone broken?,no,http://images.cocodataset.org/train2014/COCO_train2014_000000393489.jpg,3,301,0.9972769477240211,-0.10870361328125,No,3,16.0,0.001977942476696241,19.0,0.0019649331596246337,16.0,0.0019681185495392583,,,,,,,,,0.8387794678549646,0.912408493108431,0.9755307720176266,,,,,,,,,,,,,,,,,,,,,,,,,,,,
756,yes/no,Is the phone light on?,no,http://images.cocodataset.org/train2014/COCO_train2014_000000393489.jpg,3,236,0.9971351211978197,-0.45751953125,Yes,3,53.0,0.0022384170494371383,37.0,0.00216721992892623,25.0,0.0021328757048296146,,,,,,,,,0.8648561231803743,0.8432340155645893,0.8962438445844768,,,,,,,,,,,,,,,,,,,,,,,,,,,,
757,yes/no,Is the display on?,no,http://images.cocodataset.org/train2014/COCO_train2014_000000393489.jpg,0,272,0.9818010032020936,-0.40283203125,Yes,0,,,,,,,,,,,,,,,,,,,,,,,,,,,,,,,,,,,,,,,,,,,,,
758,yes/no,Is the person using skype?,no,http://images.cocodataset.org/train2014/COCO_train2014_000000393489.jpg,5,302,0.997258140766284,-0.026214599609375,No,5,16.0,0.0019765614274947964,19.0,0.0019639540193817882,15.0,0.001972919287373261,16.0,0.001968506694533708,15.0,0.0019523738815594716,,,,,0.954434002924965,0.8597769141610625,0.8649735207179273,0.9755307720176266,0.8830374409547587,,,,,,,,,,,,,,,,,,,,,,,,,,
759,yes/no,Is the phone on?,no,http://images.cocodataset.org/train2014/COCO_train2014_000000393489.jpg,2,321,0.997317262466466,-0.55712890625,No,2,19.0,0.0019670295138907224,15.0,0.0019590139578789063,,,,,,,,,,,0.8614856395892377,0.9877812438119246,,,,,,,,,,,,,,,,,,,,,,,,,,,,,
760,yes/no,Is the background clear?,yes,http://images.cocodataset.org/train2014/COCO_train2014_000000393489.jpg,8,299,0.9975780064776824,-0.640625,Yes,8,43.0,0.001850003399242627,30.0,0.0018489997647880391,28.0,0.0018489601105976252,15.0,0.0018466330357390704,22.0,0.001845570531115514,21.0,0.001845547763159296,15.0,0.0018492042969280736,0.7411667701259087,0.9983958159908184,0.9460765162887963,0.8443536850036222,0.9385170840201624,0.9211854965885542,0.9967916319816366,19.0,0.0018480786012400655,,,,,0.6292492238560345,,,,,,,,,,,,,,,,,
761,yes/no,Is this an inside stadium?,yes,http://images.cocodataset.org/train2014/COCO_train2014_000000336077.jpg,4,306,0.9962336297304825,-0.158447265625,Yes,4,84.0,0.00209492553226935,20.0,0.0020632725818811844,15.0,0.0020757671675607236,18.0,0.002041707852523166,,,,,,,0.9088397453570314,0.9630603734213402,0.8830374409547587,0.9910760598382222,,,,,,,,,,,,,,,,,,,,,,,,,,,
762,yes/no,Is the stadium crowded?,yes,http://images.cocodataset.org/train2014/COCO_train2014_000000336077.jpg,4,277,0.9962564490088949,-0.03125,Yes,4,83.0,0.002096993027613999,18.0,0.0020581635534156597,15.0,0.0020830547010833225,15.0,0.0020384735410815384,,,,,,,0.8997793940432955,0.9915323997298832,0.8443536850036222,0.9877812438119247,,,,,,,,,,,,,,,,,,,,,,,,,,,
763,yes/no,Is the stadium full?,yes,http://images.cocodataset.org/train2014/COCO_train2014_000000336077.jpg,4,304,0.996200717656337,-0.040863037109375,Yes,4,82.0,0.002097054535710159,19.0,0.002063671425312602,16.0,0.002088373147868159,18.0,0.002042058185592104,,,,,,,0.8938038292077112,0.9656476401164373,0.8620485698650454,0.9910760598382222,,,,,,,,,,,,,,,,,,,,,,,,,,,
764,yes/no,Is there a baseball player holding a bat?,yes,http://images.cocodataset.org/train2014/COCO_train2014_000000336077.jpg,3,276,0.9961996408017325,-0.1202392578125,Yes,3,81.0,0.0020957072326417145,18.0,0.0020606820425249834,15.0,0.0020415883103127776,,,,,,,,,0.9186537372371136,0.9915323997298832,0.9877812438119247,,,,,,,,,,,,,,,,,,,,,,,,,,,,
765,yes/no,Is this bathroom all white?,no,http://images.cocodataset.org/train2014/COCO_train2014_000000546179.jpg,2,284,0.9994069299441611,-0.6865234375,No,2,48.0,0.0018452905001737866,16.0,0.0018225938932499163,,,,,,,,,,,0.9482996983468315,0.9886085007312413,,,,,,,,,,,,,,,,,,,,,,,,,,,,,
766,yes/no,Has the bathroom been renovated recently?,no,http://images.cocodataset.org/train2014/COCO_train2014_000000546179.jpg,5,133,0.9967299241800076,-0.499267578125,Yes,5,170.0,0.0021689001931590505,25.0,0.0021660208035896382,186.0,0.0021802539152022357,25.0,0.002156230879053641,25.0,0.0021350193758923105,,,,,0.8086129514626536,0.978702905712759,0.890557546667343,0.9787029057127591,0.9745455500297384,,,,,,,,,,,,,,,,,,,,,,,,,,
767,yes/no,Are there towels on the ground?,no,http://images.cocodataset.org/train2014/COCO_train2014_000000546179.jpg,2,247,0.9965641353412521,-0.407958984375,No,2,46.0,0.0020627056922405255,15.0,0.0020042092047870565,,,,,,,,,,,0.9506858995713926,0.9446232142545791,,,,,,,,,,,,,,,,,,,,,,,,,,,,,
768,yes/no,Does this look clean?,yes,http://images.cocodataset.org/train2014/COCO_train2014_000000546179.jpg,5,134,0.9967526196212317,-0.05572509765625,Yes,5,168.0,0.002167444396714898,25.0,0.0021666598014581716,181.0,0.0021771055385847063,25.0,0.0021567739012233805,25.0,0.0021353544507146686,,,,,0.7921325359967392,0.978702905712759,0.8764731259828978,0.9787029057127591,0.9745455500297384,,,,,,,,,,,,,,,,,,,,,,,,,,
769,yes/no,Is the shower curtain open?,no,http://images.cocodataset.org/train2014/COCO_train2014_000000546179.jpg,2,254,0.9950820212319396,-0.59033203125,No,2,54.0,0.0020938449174204028,31.0,0.0021014225199499047,,,,,,,,,,,0.9323523964275552,0.8579833602023642,,,,,,,,,,,,,,,,,,,,,,,,,,,,,
770,yes/no,Does this bike have training wheels?,yes,http://images.cocodataset.org/train2014/COCO_train2014_000000393493.jpg,0,232,0.9780296214017677,-0.451416015625,Yes,0,,,,,,,,,,,,,,,,,,,,,,,,,,,,,,,,,,,,,,,,,,,,,
771,yes/no,Is the picnic table red?,yes,http://images.cocodataset.org/train2014/COCO_train2014_000000393493.jpg,5,210,0.995957336124167,-0.08770751953125,Yes,5,29.0,0.002218756097590906,91.0,0.00209698127773504,18.0,0.0020809360554547214,39.0,0.0020732556409982657,18.0,0.0020878560328362814,,,,,0.8935711016541907,0.870035883700874,0.9955380299191111,0.8978144708683145,0.9057125980138372,,,,,,,,,,,,,,,,,,,,,,,,,,
772,yes/no,Is this a clean room?,no,http://images.cocodataset.org/train2014/COCO_train2014_000000131351.jpg,5,218,0.9968346398825644,-0.278076171875,No,5,65.0,0.0020066201193742524,44.0,0.00200136691984349,33.0,0.0020022191594784773,17.0,0.0019905672623913447,22.0,0.001981511549624065,,,,,0.9351628765236227,0.9669737221357102,0.9178114255922439,0.9771236998460401,0.9888167467420674,,,,,,,,,,,,,,,,,,,,,,,,,,
773,yes/no,Is this bathroom clean?,yes,http://images.cocodataset.org/train2014/COCO_train2014_000000131351.jpg,5,213,0.9967016977842018,-0.305419921875,No,5,141.0,0.002008439051568547,34.0,0.0020041667165822,25.0,0.001998001335600381,16.0,0.001989636072577093,9.0,0.0019944544693409195,,,,,0.9393744889561177,0.9794189594730811,0.9372222272898196,0.9320201587042914,0.9910760598382222,,,,,,,,,,,,,,,,,,,,,,,,,,
774,yes/no,Is the room clean?,no,http://images.cocodataset.org/train2014/COCO_train2014_000000131351.jpg,5,248,0.996956509957123,-0.451416015625,No,5,54.0,0.0020075460889189553,29.0,0.0020049203700920016,32.0,0.0020048996649493825,15.0,0.001982602987034301,16.0,0.00197652844327557,,,,,0.9293277209101003,0.9535834573924674,0.9949453662131594,0.9664572819896988,0.9592101522724052,,,,,,,,,,,,,,,,,,,,,,,,,,
775,yes/no,Is there a mirror in the bathroom?,no,http://images.cocodataset.org/train2014/COCO_train2014_000000131351.jpg,2,246,0.997215992772563,-0.2357177734375,No,2,41.0,0.002011077429497829,29.0,0.002011046833213825,,,,,,,,,,,0.9346049413423071,0.9705914245664364,,,,,,,,,,,,,,,,,,,,,,,,,,,,,
776,yes/no,Is there a green plant in this room?,no,http://images.cocodataset.org/train2014/COCO_train2014_000000131351.jpg,3,226,0.9971622555879937,-0.034271240234375,No,3,44.0,0.00201290291186631,21.0,0.0020005411850222378,30.0,0.002008768198711852,,,,,,,,,0.940374202931736,0.8895951911673141,0.9888936569923775,,,,,,,,,,,,,,,,,,,,,,,,,,,,
777,yes/no,Is this room clean?,no,http://images.cocodataset.org/train2014/COCO_train2014_000000131351.jpg,4,210,0.9967398666727423,-0.2325439453125,No,4,125.0,0.0020083059508608,32.0,0.0020035648544089535,24.0,0.00199584070705611,27.0,0.0019869457358056217,,,,,,,0.935960559440067,0.9642447547621656,0.9764415047936531,0.9514830212108174,,,,,,,,,,,,,,,,,,,,,,,,,,,
778,yes/no,Is the cat trying to catch a bird?,no,http://images.cocodataset.org/train2014/COCO_train2014_000000524572.jpg,4,285,0.9990075979462748,-0.09521484375,No,4,18.0,0.0019000598444045493,19.0,0.0018842238250723561,15.0,0.001867588713788594,15.0,0.0018671454219030515,,,,,,,0.8929352898779307,0.7996680068017687,0.9189900464321514,0.9664572819896989,,,,,,,,,,,,,,,,,,,,,,,,,,,
779,yes/no,Is the writing in French?,no,http://images.cocodataset.org/train2014/COCO_train2014_000000393503.jpg,1,263,0.9959686010139853,-0.07977294921875,No,1,28.0,0.002232753805334451,,,,,,,,,,,,,0.9143901321670581,,,,,,,,,,,,,,,,,,,,,,,,,,,,,,
780,yes/no,Is this a traveling circus?,no,http://images.cocodataset.org/train2014/COCO_train2014_000000393503.jpg,1,230,0.9964338651277604,-0.6259765625,No,1,28.0,0.00219529382309233,,,,,,,,,,,,,0.9143901321670581,,,,,,,,,,,,,,,,,,,,,,,,,,,,,,
781,yes/no,Are there long lenses?,yes,http://images.cocodataset.org/train2014/COCO_train2014_000000414639.jpg,4,183,0.9984388229641421,-0.10382080078125,No,4,36.0,0.001911750101221533,39.0,0.0018946268325570241,16.0,0.0018986995261049697,34.0,0.0019060954761351608,,,,,,,0.9203137129456862,0.9676455826296914,0.9681390622295665,0.9022057091954698,,,,,,,,,,,,,,,,,,,,,,,,,,,
782,yes/no,Is everyone wearing long sleeves?,yes,http://images.cocodataset.org/train2014/COCO_train2014_000000131366.jpg,3,157,0.9989845054319232,-0.083984375,No,3,183.0,0.0019011710025328974,57.0,0.0019016078302618498,16.0,0.0018920531597504742,,,,,,,,,0.8556651403987418,0.9339565779934618,1.0,,,,,,,,,,,,,,,,,,,,,,,,,,,,
783,yes/no,Are the woman wearing short dresses?,yes,http://images.cocodataset.org/train2014/COCO_train2014_000000131366.jpg,11,174,0.9973333189832334,-0.19091796875,Yes,11,28.0,0.002051249085816295,21.0,0.0020387789526633737,20.0,0.0020300674230241513,16.0,0.0020544105280240767,18.0,0.002034329515482051,33.0,0.00201898002166514,15.0,0.0020300674230241517,0.7166201077041059,0.6454645236511275,0.8586727110732552,0.954434002924965,0.9910760598382222,0.7842694171907774,0.7219280948873623,35.0,0.002032175051162673,20.0,0.00205219751847863,24.0,0.0020390424061806894,0.8693802156096484,0.858672711073255,0.7801071010409177,15.0,0.0020330181024180815,0.8830374409547587,,,,,,,,,,,,
784,yes/no,Is the lady smiling?,yes,http://images.cocodataset.org/train2014/COCO_train2014_000000131366.jpg,9,219,0.9973310795269469,-0.0703125,Yes,9,25.0,0.002057887513008854,19.0,0.002037756039243672,15.0,0.0020351628683328055,15.0,0.0020351628683328055,24.0,0.0020223425488806106,15.0,0.0020301352920770424,31.0,0.0020298433682944513,0.9224447258666204,0.6858128831725211,0.9967916319816366,0.9967916319816366,0.75,0.7219280948873623,0.9501459864344521,17.0,0.0020450405769764806,22.0,0.002034797226423296,,,0.9360847109776411,0.826074224242703,,,,,,,,,,,,,,,,
785,yes/no,Do they play for Red Sox?,no,http://images.cocodataset.org/train2014/COCO_train2014_000000131366.jpg,4,140,0.9992607329678072,-0.0257110595703125,No,4,30.0,0.001830533946796258,12.0,0.0018294731842654012,120.0,0.0018509792891248605,39.0,0.0018610986478094162,,,,,,,0.8710776902592272,0.9795739585136223,0.930340370208185,0.9465053443704651,,,,,,,,,,,,,,,,,,,,,,,,,,,
786,yes/no,Is this a mixed race group?,no,http://images.cocodataset.org/train2014/COCO_train2014_000000131366.jpg,3,153,0.9989261682242211,-0.10980224609375,No,3,202.0,0.00191152694052006,76.0,0.0019091551493871691,4.0,0.0018849621905244823,,,,,,,,,0.8812802914530131,0.8437755810949505,0.0,,,,,,,,,,,,,,,,,,,,,,,,,,,,
787,yes/no,Are these people getting reading to go play sports?,yes,http://images.cocodataset.org/train2014/COCO_train2014_000000131366.jpg,4,147,0.9993519935717348,-0.36474609375,No,4,33.0,0.0018146676058075411,65.0,0.0018243016822865855,36.0,0.0018317262035940308,13.0,0.001819016256219018,,,,,,,0.9296609226356499,0.9228095755521672,0.9435794406736079,0.92146324007577,,,,,,,,,,,,,,,,,,,,,,,,,,,
788,yes/no,Is there any females?,yes,http://images.cocodataset.org/train2014/COCO_train2014_000000131366.jpg,2,214,0.9611945465079579,-0.0202178955078125,Yes,2,21.0,0.008842672444972407,16.0,0.011857073736089388,,,,,,,,,,,0.8788805926228209,0.8194483718728035,,,,,,,,,,,,,,,,,,,,,,,,,,,,,
789,yes/no,Is this a shop?,no,http://images.cocodataset.org/train2014/COCO_train2014_000000131366.jpg,2,167,0.9988916882542559,-0.0034236907958984375,No,2,204.0,0.0019169745429757678,87.0,0.001911733808820433,,,,,,,,,,,0.7951948401243044,0.9202418698756618,,,,,,,,,,,,,,,,,,,,,,,,,,,,,
790,yes/no,Are they happy?,yes,http://images.cocodataset.org/train2014/COCO_train2014_000000131366.jpg,9,197,0.9972858580358446,-0.0413818359375,Yes,9,24.0,0.0020557537323292368,19.0,0.0020418465903164567,16.0,0.002042211652794292,18.0,0.0020434227330779053,31.0,0.002025238771048291,15.0,0.0020388426476416967,33.0,0.0020360561620965906,0.9808340377961403,0.90647263812994,0.9320201587042914,0.9910760598382222,0.9025351077292174,0.7219280948873623,0.9144223030359735,16.0,0.002047166072136345,17.0,0.002040521321489357,,,0.886859507142915,0.8739810481273578,,,,,,,,,,,,,,,,
791,yes/no,Are the trying to fix the train?,yes,http://images.cocodataset.org/train2014/COCO_train2014_000000497565.jpg,8,158,0.9960570869013582,-0.21728515625,Yes,8,159.0,0.001955212907050401,23.0,0.0019506467527712044,31.0,0.0019520108833188934,25.0,0.001952412588373061,33.0,0.0019542833532356445,42.0,0.0019550849334338495,32.0,0.0019464265184803843,0.9156417049611031,0.9863237070924826,0.8824911369394364,0.9568830873849072,0.9815069814404956,0.9636285790612292,0.9578124929850237,106.0,0.0019505002786209607,,,,,0.9407130038942607,,,,,,,,,,,,,,,,,
792,yes/no,Is the train black?,yes,http://images.cocodataset.org/train2014/COCO_train2014_000000497565.jpg,7,115,0.9979876704911208,-0.0755615234375,Yes,7,73.0,0.0020148340636229204,38.0,0.002029031558753567,21.0,0.002002375175652838,11.0,0.001976117320584962,21.0,0.0019795369482217087,156.0,0.0020017809683780443,103.0,0.001990858239718122,0.8386169340812686,0.7996680068017687,0.82824947120962,0.9431887805255736,0.978033486181519,0.8789300017328611,0.8799584008723861,,,,,,,,,,,,,,,,,,,,,,,,
793,yes/no,Is this an evening scene?,yes,http://images.cocodataset.org/train2014/COCO_train2014_000000101431.jpg,9,172,0.9981152251361866,-0.0202178955078125,Yes,9,32.0,0.0020559157732554416,27.0,0.002048604423901337,21.0,0.002037802987921754,19.0,0.002030659237810133,36.0,0.0020339817251931267,47.0,0.002035734627840555,68.0,0.002043925999493973,0.9320201587042914,0.9471772432519091,0.5916727785823275,0.9041116874399232,0.9206762346118342,0.8787307203606219,0.8334573614184753,43.0,0.00203758970814155,16.0,0.00203344674841112,,,0.9133389713725333,0.954434002924965,,,,,,,,,,,,,,,,
794,yes/no,Is this a desert scene?,yes,http://images.cocodataset.org/train2014/COCO_train2014_000000101431.jpg,7,223,0.9922712257763185,-0.297607421875,No,7,35.0,0.0023107085915163523,100.0,0.0023383599850446725,15.0,0.0023126322378985765,23.0,0.0023462524516815308,39.0,0.002330020615916625,13.0,0.0023262740705895417,112.0,0.0023329712171340404,0.9510053640038267,0.9713501414683509,0.9500685975366211,0.9314885997695779,0.9676950688440977,0.8420887815606471,0.9443877443715548,,,,,,,,,,,,,,,,,,,,,,,,
795,yes/no,Is this a city street?,yes,http://images.cocodataset.org/train2014/COCO_train2014_000000262442.jpg,1,251,0.9778744703159763,-0.045440673828125,Yes,1,16.0,0.004890293715629868,,,,,,,,,,,,,0.9362025230160499,,,,,,,,,,,,,,,,,,,,,,,,,,,,,,
796,yes/no,Is she wearing a bonnet?,yes,http://images.cocodataset.org/train2014/COCO_train2014_000000021895.jpg,2,272,0.9950042288438873,-0.274169921875,No,2,19.0,0.0022442959417432527,15.0,0.0021580210230923874,,,,,,,,,,,0.8614856395892376,0.9859247724121322,,,,,,,,,,,,,,,,,,,,,,,,,,,,,
797,yes/no,Was the woman's collar treated with starch?,yes,http://images.cocodataset.org/train2014/COCO_train2014_000000021895.jpg,0,270,0.9666190381063349,-0.1998291015625,Yes,0,,,,,,,,,,,,,,,,,,,,,,,,,,,,,,,,,,,,,,,,,,,,,
798,yes/no,Is it going to storm?,no,http://images.cocodataset.org/train2014/COCO_train2014_000000131373.jpg,1,270,0.9950247568834134,-0.1658935546875,No,1,26.0,0.0022223854215522145,,,,,,,,,,,,,0.99473723787795,,,,,,,,,,,,,,,,,,,,,,,,,,,,,,
799,yes/no,Does this room have a low ceiling?,no,http://images.cocodataset.org/train2014/COCO_train2014_000000109277.jpg,4,344,0.9974958385710848,-0.669921875,Yes,4,92.0,0.0018765757069830644,20.0,0.0018754022051353312,39.0,0.0018760716806625545,21.0,0.0018713366521746478,,,,,,,0.9473868032223783,0.9835386311891134,0.9803292693891239,0.9566859396996199,,,,,,,,,,,,,,,,,,,,,,,,,,,
800,yes/no,Is a person wearing a hooded sweatshirt?,no,http://images.cocodataset.org/train2014/COCO_train2014_000000131376.jpg,10,144,0.9970183469989938,-0.0650634765625,No,10,32.0,0.0021107078409196155,9.0,0.002087369543301381,16.0,0.0021300898342234437,19.0,0.002139543114120143,133.0,0.002142855982298227,120.0,0.002134697077277264,2.0,0.002071154542367459,0.9366726859368482,0.9656336071428252,0.9320201587042914,0.9520903566147753,0.9183429932499779,0.924284953342808,0.0,36.0,0.002135001108544776,72.0,0.0021425629118649214,16.0,0.002126932586445444,0.9912281199204381,0.9718950469374493,0.9320201587042914,,,,,,,,,,,,,,,
801,yes/no,Is he wearing a helmet?,no,http://images.cocodataset.org/train2014/COCO_train2014_000000131376.jpg,6,174,0.9994305471429072,-0.007350921630859375,No,6,166.0,0.001846364945933449,15.0,0.0018671373261888904,17.0,0.0018471604074048057,5.0,0.001824580686754246,28.0,0.0018459747589203615,15.0,0.001844731678274625,,,0.9447477797995723,0.9182958340544896,0.9038817882085971,0.9709505944546686,0.9524653357498784,0.9877812438119247,,,,,,,,,,,,,,,,,,,,,,,,,
802,counting,How many tattoos can be seen on this man's body?,1,http://images.cocodataset.org/train2014/COCO_train2014_000000393227.jpg,4,212,0.9952228489306021,-0.032257080078125,,4,22.0,0.002066539521084976,54.0,0.0020671674005007354,22.0,0.002066539521084976,16.0,0.002055944055944056,,,,,,,0.4394969869215134,0.3809465857053901,0.4394969869215134,0.954434002924965,,,,,,,,,,,,,,,,,,,,,,,,,,,
803,counting,How many pieces of furniture which are used for sleeping are featured in this picture?,2,http://images.cocodataset.org/train2014/COCO_train2014_000000131074.jpg,2,251,0.9972032280792089,-0.0122833251953125,,2,25.0,0.001918631811996019,16.0,0.0019169053277273368,,,,,,,,,,,0.9445127868218253,0.5435644431995964,,,,,,,,,,,,,,,,,,,,,,,,,,,,,
804,counting,How many people are in this image?,1,http://images.cocodataset.org/train2014/COCO_train2014_000000393230.jpg,4,238,0.9991634573029144,-0.005878448486328125,,4,68.0,0.0019065162590133828,52.0,0.0019029159179977662,15.0,0.001907488411394817,19.0,0.0019091158175885286,,,,,,,0.7935036921668553,0.8644817635670581,0.7835807040488099,0.9041116874399233,,,,,,,,,,,,,,,,,,,,,,,,,,,
805,counting,How many sheeps are this?,3,http://images.cocodataset.org/train2014/COCO_train2014_000000131093.jpg,0,70,0.9956092889527163,-0.11639404296875,,0,,,,,,,,,,,,,,,,,,,,,,,,,,,,,,,,,,,,,,,,,,,,,
806,counting,How many giraffes are there?,2,http://images.cocodataset.org/train2014/COCO_train2014_000000000025.jpg,4,187,0.9941045922139944,-0.0307464599609375,,4,16.0,0.002210101264456715,24.0,0.0021763764231883024,37.0,0.0021685984417786513,18.0,0.0021583898411784803,,,,,,,0.8194483718728035,0.9608948553419607,0.9668839871923409,0.9182958340544896,,,,,,,,,,,,,,,,,,,,,,,,,,,
807,counting,How many animals are in this photo?,2,http://images.cocodataset.org/train2014/COCO_train2014_000000000025.jpg,10,168,0.9940517665472742,-0.007843017578125,,10,22.0,0.0021509457835136333,24.0,0.002173841004738708,12.0,0.0022235477350299898,22.0,0.002187096132816383,46.0,0.0021801804138193363,16.0,0.0021771547867581267,28.0,0.0021814153636402363,0.9056185178648963,0.9182958340544896,0.6500224216483541,0.9922150607220183,0.8154913038332715,0.8112781244591328,0.5916727785823275,24.0,0.00219372369685522,14.0,0.0021643730561117973,44.0,0.002179866062955833,0.920619835714305,0.9852281360342515,0.6840384356390417,,,,,,,,,,,,,,,
808,counting,How many people are on the boat?,5,http://images.cocodataset.org/train2014/COCO_train2014_000000262171.jpg,0,38,0.9966810334487836,-0.09844970703125,,0,,,,,,,,,,,,,,,,,,,,,,,,,,,,,,,,,,,,,,,,,,,,,
809,counting,How many people are wearing shorts in the forefront of this photo?,4,http://images.cocodataset.org/train2014/COCO_train2014_000000524325.jpg,0,46,0.9992399732632021,-0.05572509765625,,0,,,,,,,,,,,,,,,,,,,,,,,,,,,,,,,,,,,,,,,,,,,,,
810,counting,How many planes are in the picture?,2,http://images.cocodataset.org/train2014/COCO_train2014_000000131118.jpg,3,247,0.9964989839160578,-0.01525115966796875,,3,98.0,0.002130693196199992,23.0,0.0021258174680622395,21.0,0.0020856839235269572,,,,,,,,,0.8051561932873239,0.8865408928220899,0.931410723799767,,,,,,,,,,,,,,,,,,,,,,,,,,,,
811,counting,How many trees are in this photo?,3,http://images.cocodataset.org/train2014/COCO_train2014_000000524338.jpg,0,88,0.9977422721399785,-0.0217132568359375,,0,,,,,,,,,,,,,,,,,,,,,,,,,,,,,,,,,,,,,,,,,,,,,
812,counting,How many flowers are painted on the vase?,3,http://images.cocodataset.org/train2014/COCO_train2014_000000131128.jpg,0,44,0.998270830081022,-0.0755615234375,,0,,,,,,,,,,,,,,,,,,,,,,,,,,,,,,,,,,,,,,,,,,,,,
813,counting,How many elephants are in the water?,2,http://images.cocodataset.org/train2014/COCO_train2014_000000370986.jpg,0,50,0.998511280205036,-0.01922607421875,,0,,,,,,,,,,,,,,,,,,,,,,,,,,,,,,,,,,,,,,,,,,,,,
814,counting,How many tails can you see in this picture?,3,http://images.cocodataset.org/train2014/COCO_train2014_000000370986.jpg,0,92,0.9983736402159467,-0.0162506103515625,,0,,,,,,,,,,,,,,,,,,,,,,,,,,,,,,,,,,,,,,,,,,,,,
815,counting,How many tusks are visible?,2,http://images.cocodataset.org/train2014/COCO_train2014_000000262204.jpg,3,144,0.9973236115309964,-0.0093231201171875,,3,106.0,0.0020439520761430384,24.0,0.002054183428696595,27.0,0.002034297532189924,,,,,,,,,0.6428540202829226,0.9808340377961404,0.9746913179422255,,,,,,,,,,,,,,,,,,,,,,,,,,,,
816,counting,How many trees on the table?,3,http://images.cocodataset.org/train2014/COCO_train2014_000000458763.jpg,0,52,0.997762679865624,-0.0182342529296875,,0,,,,,,,,,,,,,,,,,,,,,,,,,,,,,,,,,,,,,,,,,,,,,
817,counting,How many horns are in the picture?,0,http://images.cocodataset.org/train2014/COCO_train2014_000000458763.jpg,0,8,0.9978439370884435,-0.038330078125,,0,,,,,,,,,,,,,,,,,,,,,,,,,,,,,,,,,,,,,,,,,,,,,
818,counting,How many Giraffes are in this image?,2,http://images.cocodataset.org/train2014/COCO_train2014_000000000072.jpg,8,238,0.9989730502485707,-0.0227203369140625,,8,52.0,0.001862288434424576,17.0,0.0018622057953339788,31.0,0.0018537776744039177,19.0,0.001859197732436243,30.0,0.0018684511068740397,32.0,0.0018625079445089747,24.0,0.001860415281704374,0.8255064731124776,0.9360847109776411,0.8946416338681262,0.90647263812994,0.7067271332318005,0.9230218461456751,0.9591479170272448,20.0,0.0018540840255100923,,,,,0.9835386311891134,,,,,,,,,,,,,,,,,
819,counting,How many stairs are there?,6,http://images.cocodataset.org/train2014/COCO_train2014_000000393290.jpg,0,2,0.9990085409843539,-0.080810546875,,0,,,,,,,,,,,,,,,,,,,,,,,,,,,,,,,,,,,,,,,,,,,,,
820,counting,How many windows are there?,3,http://images.cocodataset.org/train2014/COCO_train2014_000000393291.jpg,5,186,0.9984159970026711,-0.01525115966796875,,5,44.0,0.001921288187701714,27.0,0.0019241773665476486,17.0,0.0019227510689285622,17.0,0.0019139487750507787,19.0,0.0019192185694118199,,,,,0.6789448684425624,0.8256265261578954,0.9774178175281716,0.6722948170756379,0.858059727974443,,,,,,,,,,,,,,,,,,,,,,,,,,
821,counting,How many birds are in the sink?,2,http://images.cocodataset.org/train2014/COCO_train2014_000000393292.jpg,8,184,0.9996478213384475,-0.026214599609375,,8,25.0,0.0017814188600313757,58.0,0.0017824053040280511,38.0,0.001782915490903021,25.0,0.001784358156719199,6.0,0.0017755402666557298,31.0,0.001779950314199351,12.0,0.001779954907998875,0.9358079150368515,0.9080784529248976,0.9366107178069573,0.8142554996197252,0.0,0.9205901960963747,0.8734790278701756,17.0,0.0017825768866334174,,,,,0.6722948170756379,,,,,,,,,,,,,,,,,
822,counting,How many tennis players are in the photo?,1,http://images.cocodataset.org/train2014/COCO_train2014_000000262221.jpg,4,208,0.9948155516789944,-0.0147552490234375,,4,18.0,0.0021285856848631546,39.0,0.00214491858864112,16.0,0.0020960729982801452,23.0,0.0021110455664581237,,,,,,,0.9182958340544896,0.9404518312396364,0.8194483718728035,0.8753801625759555,,,,,,,,,,,,,,,,,,,,,,,,,,,
823,counting,How many black sheep are there?,10,http://images.cocodataset.org/train2014/COCO_train2014_000000524375.jpg,0,46,0.9959791912710342,-0.261962890625,,0,,,,,,,,,,,,,,,,,,,,,,,,,,,,,,,,,,,,,,,,,,,,,
824,counting,How many lunches is this?,1,http://images.cocodataset.org/train2014/COCO_train2014_000000524377.jpg,5,114,0.9975721093217723,-0.058837890625,,5,16.0,0.001932187433569194,16.0,0.0019321874335691937,56.0,0.0019348988950252288,16.0,0.0019321874335691935,16.0,0.0019321874335691935,,,,,0.954434002924965,0.954434002924965,0.863120568566631,0.954434002924965,0.954434002924965,,,,,,,,,,,,,,,,,,,,,,,,,,
825,counting,How many hot dogs are shown?,1,http://images.cocodataset.org/train2014/COCO_train2014_000000524377.jpg,5,143,0.9972948473959407,-0.01326751708984375,,5,22.0,0.0019394290157288138,37.0,0.001939192013466153,19.0,0.0019283522784002548,93.0,0.0019445836025740624,23.0,0.001942479131804794,,,,,0.9456603046006401,0.9172839070945175,0.9649618403823442,0.9331605798537491,0.4262286569981449,,,,,,,,,,,,,,,,,,,,,,,,,,
826,counting,How many pickle spears are there?,0,http://images.cocodataset.org/train2014/COCO_train2014_000000524377.jpg,1,68,0.9974746997417142,-0.02923583984375,,1,30.0,0.001946118152226609,,,,,,,,,,,,,0.9182958340544896,,,,,,,,,,,,,,,,,,,,,,,,,,,,,,
827,counting,How many people are eating this hotdog?,1,http://images.cocodataset.org/train2014/COCO_train2014_000000524377.jpg,1,72,0.9976612898894964,-0.0182342529296875,,1,54.0,0.0019444200117192092,,,,,,,,,,,,,0.8256265261578954,,,,,,,,,,,,,,,,,,,,,,,,,,,,,,
828,counting,How many sauces are there?,1,http://images.cocodataset.org/train2014/COCO_train2014_000000524377.jpg,1,72,0.9972581527180815,-0.005878448486328125,,1,42.0,0.001964730161173853,,,,,,,,,,,,,0.9424257960378288,,,,,,,,,,,,,,,,,,,,,,,,,,,,,,
829,counting,How many kinds of meat products are here?,1,http://images.cocodataset.org/train2014/COCO_train2014_000000524377.jpg,1,114,0.9972050869605849,-0.004894256591796875,,1,70.0,0.001957826491639117,,,,,,,,,,,,,0.9141008920185653,,,,,,,,,,,,,,,,,,,,,,,,,,,,,,
830,counting,How many rolls of toilet paper are on the toilet tank?,2,http://images.cocodataset.org/train2014/COCO_train2014_000000262159.jpg,7,172,0.9959767677021069,-0.03173828125,,7,22.0,0.0019880456533500203,30.0,0.0020076002007600193,18.0,0.0019943224216544646,44.0,0.00198695928960502,84.0,0.0019990644856207333,48.0,0.0019956501995650193,46.0,0.001982661067831325,0.9713067383178076,0.0,0.8527924884900406,0.7426185503291657,0.690814021097605,0.8194483718728035,0.9300167775596904,,,,,,,,,,,,,,,,,,,,,,,,
831,counting,How many layers are in this cake?,7,http://images.cocodataset.org/train2014/COCO_train2014_000000000092.jpg,0,48,0.9944697493009156,-0.04852294921875,,0,,,,,,,,,,,,,,,,,,,,,,,,,,,,,,,,,,,,,,,,,,,,,
832,counting,How many people can eat this cake?,1,http://images.cocodataset.org/train2014/COCO_train2014_000000000092.jpg,4,178,0.9942304924339822,-0.0307464599609375,,4,20.0,0.002223008134188854,48.0,0.0021977466781185266,15.0,0.0021623806396200676,33.0,0.002183967702080166,,,,,,,0.0,0.8194483718728035,0.7219280948873623,0.8905178564996012,,,,,,,,,,,,,,,,,,,,,,,,,,,
833,counting,How many vehicles are shown?,2,http://images.cocodataset.org/train2014/COCO_train2014_000000000094.jpg,1,168,0.997729616768932,-0.0267181396484375,,1,22.0,0.00196110643366121,,,,,,,,,,,,,0.9940302114769565,,,,,,,,,,,,,,,,,,,,,,,,,,,,,,
834,counting,How many lamps are there?,2,http://images.cocodataset.org/train2014/COCO_train2014_000000524386.jpg,8,180,0.9990439315759004,-0.007843017578125,,8,16.0,0.0018624025248747292,129.0,0.0018683799745189838,20.0,0.0018608654663947778,16.0,0.0018624025248747292,10.0,0.0018567666437815736,24.0,0.0018581329179859745,32.0,0.00185855987867485,0.8112781244591328,0.7390126408891067,0.9709505944546686,0.8112781244591328,0.9709505944546686,0.9206198357143051,0.8957541375001011,22.0,0.0018631011878201614,,,,,0.6840384356390417,,,,,,,,,,,,,,,,,
835,counting,How many lamps are in the room?,2,http://images.cocodataset.org/train2014/COCO_train2014_000000524386.jpg,6,176,0.9989881050888818,-0.00882720947265625,,6,15.0,0.0018678042794459321,130.0,0.0018725357442254489,20.0,0.0018717627821575066,21.0,0.0018657162780156516,16.0,0.0018635412765257745,10.0,0.0018617142752742788,,,0.9967916319816366,0.9691382067552249,0.858672711073255,0.82824947120962,0.0,0.7219280948873623,,,,,,,,,,,,,,,,,,,,,,,,,
836,counting,How many pictures on the wall?,4,http://images.cocodataset.org/train2014/COCO_train2014_000000524386.jpg,9,152,0.9989940397655905,-0.0122833251953125,,9,28.0,0.0018724239811180015,16.0,0.001872232526723204,190.0,0.0018720773478979524,32.0,0.001872232526723205,46.0,0.0018697269713825967,46.0,0.0018683285218901618,30.0,0.0018712497274965786,0.690814021097605,0.954434002924965,0.6724903657111446,0.954434002924965,0.7626869246085832,0.940725014049597,0.7835807040488099,16.0,0.0018628512613781344,18.0,0.0018655316229052974,,,0.8112781244591328,0.0,,,,,,,,,,,,,,,,
837,counting,How many TVs are on?,1,http://images.cocodataset.org/train2014/COCO_train2014_000000524386.jpg,6,184,0.9988909461296429,-0.01030731201171875,,6,18.0,0.0018789829840352148,148.0,0.0018839547779827698,24.0,0.001878982984035215,22.0,0.001876593940190288,24.0,0.001878982984035215,18.0,0.0018789829840352148,,,0.0,0.7146174648896574,0.0,0.6840384356390417,0.0,0.0,,,,,,,,,,,,,,,,,,,,,,,,,
838,counting,How many pictures are on the wall?,4,http://images.cocodataset.org/train2014/COCO_train2014_000000524386.jpg,7,201,0.9989767917430011,-0.01525115966796875,,7,15.0,0.0018670598829679222,157.0,0.0018736229334189297,22.0,0.0018688863687733555,16.0,0.0018620370470029816,54.0,0.0018648275114279478,39.0,0.001863968906989497,32.0,0.0018620370470029816,0.9967916319816366,0.9951933875770288,0.9456603046006401,0.0,0.8256265261578954,0.6789538995185758,0.0,,,,,,,,,,,,,,,,,,,,,,,,
839,counting,How many men in the picture are wearing sunglasses?,1,http://images.cocodataset.org/train2014/COCO_train2014_000000131172.jpg,4,148,0.9981028693218735,-0.01129150390625,,4,60.0,0.0019366527494252491,19.0,0.0019449945461450947,36.0,0.0019471070152790964,26.0,0.0019463890025144086,,,,,,,0.9018972358711528,0.9355095604394199,0.8480368059161336,0.9629470156266078,,,,,,,,,,,,,,,,,,,,,,,,,,,
840,counting,How many people can be seen?,2,http://images.cocodataset.org/train2014/COCO_train2014_000000393317.jpg,5,226,0.9976068530117631,-0.066650390625,,5,56.0,0.0019291732545065581,36.0,0.0019278517219305162,132.0,0.0019295336724818421,22.0,0.0019295336724818423,14.0,0.0019252086567784312,,,,,0.49123734182433315,0.6500224216483541,0.4394969869215134,0.4394969869215134,0.863120568566631,,,,,,,,,,,,,,,,,,,,,,,,,,
841,counting,How many green lights are there?,1,http://images.cocodataset.org/train2014/COCO_train2014_000000393317.jpg,0,196,0.9980170747895694,-0.10003662109375,,0,,,,,,,,,,,,,,,,,,,,,,,,,,,,,,,,,,,,,,,,,,,,,
842,counting,How many lights does the plane have?,5,http://images.cocodataset.org/train2014/COCO_train2014_000000131174.jpg,0,38,0.9982232506570199,-0.08929443359375,,0,,,,,,,,,,,,,,,,,,,,,,,,,,,,,,,,,,,,,,,,,,,,,
843,counting,How many planes are in this photo?,1,http://images.cocodataset.org/train2014/COCO_train2014_000000131174.jpg,9,130,0.9978200633469941,-0.0093231201171875,,9,31.0,0.00197949157421597,19.0,0.0019740911197677286,95.0,0.001978121458920767,95.0,0.001977501406743375,31.0,0.0019652403749775534,18.0,0.0019733160545459894,18.0,0.001986406044957573,0.8508524922799745,0.90647263812994,0.7543842601748887,0.8716457272639797,0.8546474832938571,0.0,0.8527924884900404,14.0,0.0019691085576279813,16.0,0.00198804229375902,,,0.5916727785823275,0.0,,,,,,,,,,,,,,,,
844,counting,How many people are standing in this image?,3,http://images.cocodataset.org/train2014/COCO_train2014_000000546151.jpg,3,348,0.9969240387133274,-0.00685882568359375,,3,15.0,0.00198363250597784,37.0,0.0020020188578434633,19.0,0.002007384338325354,,,,,,,,,0.7219280948873623,0.8533777455647802,0.8580597279744429,,,,,,,,,,,,,,,,,,,,,,,,,,,,
845,counting,How many poles is the person holding?,2,http://images.cocodataset.org/train2014/COCO_train2014_000000021826.jpg,3,112,0.9922693768823371,-0.07183837890625,,3,32.0,0.002340252340252341,210.0,0.0023691299881776076,16.0,0.0023402523402523403,,,,,,,,,0.8112781244591328,0.8212085159709116,0.8112781244591328,,,,,,,,,,,,,,,,,,,,,,,,,,,,
846,counting,How many bodies of water are in this scene?,1,http://images.cocodataset.org/train2014/COCO_train2014_000000000109.jpg,7,274,0.996309711476643,-0.006366729736328125,,7,28.0,0.002018764471529843,42.0,0.0020284307470841306,28.0,0.0020343792243483066,16.0,0.0020299178664001747,16.0,0.002018206801786327,26.0,0.0020275155967357955,24.0,0.0020247129487940196,0.9141008920185653,0.7909313302309545,0.805288621665821,1.0,0.886859507142915,0.962947015626608,0.6567045482143387,,,,,,,,,,,,,,,,,,,,,,,,
847,counting,How many light post is there?,4,http://images.cocodataset.org/train2014/COCO_train2014_000000000109.jpg,0,90,0.9967245306496608,-0.06817626953125,,0,,,,,,,,,,,,,,,,,,,,,,,,,,,,,,,,,,,,,,,,,,,,,
848,counting,How many people are in the picture?,3,http://images.cocodataset.org/train2014/COCO_train2014_000000000113.jpg,5,203,0.9976085737760235,-0.00833892822265625,,5,40.0,0.0020355925418218427,65.0,0.002036152437084101,105.0,0.002030855650158601,13.0,0.002054815612492757,15.0,0.0020202265274020526,,,,,0.8418953738949195,0.8933763322207988,0.8152375044620596,0.7793498372920851,0.9500685975366211,,,,,,,,,,,,,,,,,,,,,,,,,,
849,counting,How many pigeons are there?,6,http://images.cocodataset.org/train2014/COCO_train2014_000000262260.jpg,0,8,0.9963262151989218,-0.186279296875,,0,,,,,,,,,,,,,,,,,,,,,,,,,,,,,,,,,,,,,,,,,,,,,
850,counting,How many bells are there?,1,http://images.cocodataset.org/train2014/COCO_train2014_000000131190.jpg,0,22,0.9955550728982215,-0.11309814453125,,0,,,,,,,,,,,,,,,,,,,,,,,,,,,,,,,,,,,,,,,,,,,,,
851,counting,How many clock faces does this building have?,1,http://images.cocodataset.org/train2014/COCO_train2014_000000131190.jpg,7,172,0.99495650341796,-0.0242156982421875,,7,23.0,0.0020852505031914302,19.0,0.0020867986143962396,31.0,0.002083352818488763,54.0,0.002096689324871406,28.0,0.0021020585677007844,68.0,0.002100637297540066,23.0,0.0020852505031914307,0.8865408928220899,0.9494520153879484,0.7706290693639405,0.7642045065086203,0.0,0.8889924521298744,0.8865408928220899,,,,,,,,,,,,,,,,,,,,,,,,
852,counting,How many flags are by the building's entrance?,0,http://images.cocodataset.org/train2014/COCO_train2014_000000131190.jpg,0,20,0.9955526814801491,-0.049560546875,,0,,,,,,,,,,,,,,,,,,,,,,,,,,,,,,,,,,,,,,,,,,,,,
853,counting,How many windows are shown?,5,http://images.cocodataset.org/train2014/COCO_train2014_000000131190.jpg,0,280,0.9950020116548736,-0.07501220703125,,0,,,,,,,,,,,,,,,,,,,,,,,,,,,,,,,,,,,,,,,,,,,,,
854,counting,How many windows are pictured?,4,http://images.cocodataset.org/train2014/COCO_train2014_000000131190.jpg,0,16,0.9948587455535761,-0.07342529296875,,0,,,,,,,,,,,,,,,,,,,,,,,,,,,,,,,,,,,,,,,,,,,,,
855,counting,How many sheep can you see?,2,http://images.cocodataset.org/train2014/COCO_train2014_000000131197.jpg,7,158,0.995228802899408,-0.0162506103515625,,7,16.0,0.002094424992405711,34.0,0.0021423889235295053,84.0,0.002103941645406462,119.0,0.0021020830990557283,15.0,0.002110412969446976,25.0,0.002079716053527748,15.0,0.0020848322061809512,0.8194483718728035,0.9878171319090819,0.6600585292702923,0.8312472573382941,0.0,0.8198746470064715,0.8830374409547587,,,,,,,,,,,,,,,,,,,,,,,,
856,counting,How many people are there?,1,http://images.cocodataset.org/train2014/COCO_train2014_000000262273.jpg,5,292,0.9992738870170869,-0.01129150390625,,5,39.0,0.0018505560196664596,30.0,0.0018503137870813922,16.0,0.001852019508201238,16.0,0.0018500513684475703,16.0,0.0018579239274622407,,,,,0.6315395668144149,0.8364527976600281,0.886859507142915,0.0,1.0,,,,,,,,,,,,,,,,,,,,,,,,,,
857,counting,How many people are in the image?,1,http://images.cocodataset.org/train2014/COCO_train2014_000000262273.jpg,8,198,0.9992514403143858,-0.006366729736328125,,8,55.0,0.0018614741564431459,15.0,0.0018577563029665027,34.0,0.0018608302145011108,23.0,0.0018582831485477336,15.0,0.001855736728238451,15.0,0.001855736728238451,16.0,0.0018592709840125415,0.838375625859481,0.9018972358711528,0.7987135479031446,0.5586293734521992,0.7835807040488099,0.7835807040488099,0.8980898459737487,16.0,0.0018635310244545253,,,,,0.9320201587042914,,,,,,,,,,,,,,,,,
858,counting,How many birds are there?,3,http://images.cocodataset.org/train2014/COCO_train2014_000000436929.jpg,4,225,0.9979282921492229,-0.04595947265625,,4,103.0,0.0020356674029839016,76.0,0.0020382712241696086,26.0,0.002025893058840641,16.0,0.0020047470264036586,,,,,,,0.6961199831710746,0.8942091548251977,0.9957274520849255,0.8112781244591328,,,,,,,,,,,,,,,,,,,,,,,,,,,
859,counting,How many men are playing baseball?,5,http://images.cocodataset.org/train2014/COCO_train2014_000000284012.jpg,3,196,0.9968285521767626,-0.137451171875,,3,26.0,0.0020537146973928578,28.0,0.0020503731505373533,32.0,0.0020639481846378392,,,,,,,,,0.7793498372920851,0.863120568566631,0.3372900666170139,,,,,,,,,,,,,,,,,,,,,,,,,,,,
860,counting,How many pots are hanging under the shelf?,2,http://images.cocodataset.org/train2014/COCO_train2014_000000000138.jpg,2,142,0.9989313746079691,-0.023223876953125,,2,20.0,0.0018711844404602502,36.0,0.001872949589854931,,,,,,,,,,,0.4689955935892812,0.9435794406736079,,,,,,,,,,,,,,,,,,,,,,,,,,,,,
861,counting,How many zebras are there?,13,http://images.cocodataset.org/train2014/COCO_train2014_000000262285.jpg,0,60,0.993003143020544,-0.4677734375,,0,,,,,,,,,,,,,,,,,,,,,,,,,,,,,,,,,,,,,,,,,,,,,
862,counting,How many zebras can you see eating?,3,http://images.cocodataset.org/train2014/COCO_train2014_000000000154.jpg,1,218,0.9949206615895114,-0.0157470703125,,1,18.0,0.0021466206986274637,,,,,,,,,,,,,0.0,,,,,,,,,,,,,,,,,,,,,,,,,,,,,,
863,counting,How many kinds of animals are in this photo?,1,http://images.cocodataset.org/train2014/COCO_train2014_000000000154.jpg,1,175,0.9957184292178216,-0.002445220947265625,,1,15.0,0.0020907866897480285,,,,,,,,,,,,,0.9967916319816366,,,,,,,,,,,,,,,,,,,,,,,,,,,,,,
864,counting,How many different types of animals are in this scene?,1,http://images.cocodataset.org/train2014/COCO_train2014_000000000154.jpg,2,177,0.9954305929106325,-0.002445220947265625,,2,15.0,0.002104217892944959,15.0,0.002093184540697308,,,,,,,,,,,0.0,0.7835807040488099,,,,,,,,,,,,,,,,,,,,,,,,,,,,,
865,counting,How many animals are there?,3,http://images.cocodataset.org/train2014/COCO_train2014_000000000154.jpg,2,182,0.9953112312860373,-0.032745361328125,,2,18.0,0.0021107580571947345,16.0,0.0020994098955969135,,,,,,,,,,,0.0,0.8112781244591328,,,,,,,,,,,,,,,,,,,,,,,,,,,,,
866,counting,How many arrows can be seen?,1,http://images.cocodataset.org/train2014/COCO_train2014_000000393242.jpg,1,154,0.9985715769224995,-0.038818359375,,1,50.0,0.001935235652452709,,,,,,,,,,,,,0.8554508105601306,,,,,,,,,,,,,,,,,,,,,,,,,,,,,,
867,counting,How many stripes are at the bottom of the picture?,5,http://images.cocodataset.org/train2014/COCO_train2014_000000393242.jpg,0,218,0.9983991794755834,-0.062469482421875,,0,,,,,,,,,,,,,,,,,,,,,,,,,,,,,,,,,,,,,,,,,,,,,
868,counting,How many potted plants do you see?,3,http://images.cocodataset.org/train2014/COCO_train2014_000000415089.jpg,1,211,0.9984268781516298,-0.0242156982421875,,1,15.0,0.0018821175013103352,,,,,,,,,,,,,0.0,,,,,,,,,,,,,,,,,,,,,,,,,,,,,,
869,counting,How many chairs are there?,1,http://images.cocodataset.org/train2014/COCO_train2014_000000415089.jpg,5,207,0.9982757858544147,-0.0272216796875,,5,157.0,0.0018765711301732579,15.0,0.0018718857553809013,36.0,0.001864694097703805,39.0,0.001867460119887303,15.0,0.0018718857553809013,,,,,0.6965799326984977,0.9967916319816366,0.0,0.6789538995185758,0.9967916319816366,,,,,,,,,,,,,,,,,,,,,,,,,,
870,counting,How many kids in this photo?,3,http://images.cocodataset.org/train2014/COCO_train2014_000000393384.jpg,0,32,0.9975187116027003,-0.06451416015625,,0,,,,,,,,,,,,,,,,,,,,,,,,,,,,,,,,,,,,,,,,,,,,,
871,counting,How many animals?,5,http://images.cocodataset.org/train2014/COCO_train2014_000000393386.jpg,4,222,0.9956994877460803,-0.0352783203125,,4,22.0,0.0021720738505109165,88.0,0.00217207385051092,30.0,0.0021780740545178524,22.0,0.0021720738505109165,,,,,,,0.4394969869215134,0.4394969869215134,0.0,0.4394969869215134,,,,,,,,,,,,,,,,,,,,,,,,,,,
872,counting,How many laptops are on the coffee table?,3,http://images.cocodataset.org/train2014/COCO_train2014_000000137918.jpg,4,239,0.9976454225531876,-0.028228759765625,,4,34.0,0.001946410455615664,15.0,0.0019407084292580475,87.0,0.0019469293181673634,45.0,0.0019537227764539057,,,,,,,0.5264143616682583,0.9654013672997089,0.8733717174161227,0.7890153305284502,,,,,,,,,,,,,,,,,,,,,,,,,,,
873,counting,How many people are in the picture?,50,http://images.cocodataset.org/train2014/COCO_train2014_000000438196.jpg,0,19,0.9951554288291093,-0.61962890625,,0,,,,,,,,,,,,,,,,,,,,,,,,,,,,,,,,,,,,,,,,,,,,,
874,counting,How many knobs are there?,4,http://images.cocodataset.org/train2014/COCO_train2014_000000524471.jpg,0,64,0.9977583042242189,-0.02471923828125,,0,,,,,,,,,,,,,,,,,,,,,,,,,,,,,,,,,,,,,,,,,,,,,
875,counting,How many buses are there?,1,http://images.cocodataset.org/train2014/COCO_train2014_000000393403.jpg,5,239,0.9958309099917502,-0.03375244140625,,5,64.0,0.001979900298524764,9.0,0.0019869447745284627,18.0,0.0019869447745284635,8.0,0.001956351621598122,22.0,0.0019840172000853682,,,,,0.8950145145731531,0.7642045065086203,0.7642045065086203,1.0,0.826074224242703,,,,,,,,,,,,,,,,,,,,,,,,,,
876,counting,How many decks does this bus have?,2,http://images.cocodataset.org/train2014/COCO_train2014_000000393403.jpg,0,184,0.9963242459416838,-0.049560546875,,0,,,,,,,,,,,,,,,,,,,,,,,,,,,,,,,,,,,,,,,,,,,,,
877,counting,How many windows?,11,http://images.cocodataset.org/train2014/COCO_train2014_000000283700.jpg,0,38,0.998611206613568,-0.07080078125,,0,,,,,,,,,,,,,,,,,,,,,,,,,,,,,,,,,,,,,,,,,,,,,
878,counting,How many steps does it take to get to the top?,2,http://images.cocodataset.org/train2014/COCO_train2014_000000257513.jpg,2,116,0.9972773481857634,-0.08984375,,2,24.0,0.0019276278150517497,16.0,0.0019235645186456546,,,,,,,,,,,0.6500224216483541,0.954434002924965,,,,,,,,,,,,,,,,,,,,,,,,,,,,,
879,counting,How many ski boards are in the picture?,5,http://images.cocodataset.org/train2014/COCO_train2014_000000000201.jpg,2,178,0.9973915744790627,-0.086669921875,,2,16.0,0.0020131771595900435,16.0,0.0020131771595900435,,,,,,,,,,,0.954434002924965,0.954434002924965,,,,,,,,,,,,,,,,,,,,,,,,,,,,,
880,counting,How many blue stripes are on the babies shirt?,many,http://images.cocodataset.org/train2014/COCO_train2014_000000131279.jpg,0,126,0.9979145290284736,-0.08612060546875,,0,,,,,,,,,,,,,,,,,,,,,,,,,,,,,,,,,,,,,,,,,,,,,
881,counting,How many babies are in this photo?,2,http://images.cocodataset.org/train2014/COCO_train2014_000000131279.jpg,6,235,0.9992897842650518,-0.007843017578125,,6,25.0,0.0018911195004057445,29.0,0.0018895900309178777,42.0,0.0018857911862483392,20.0,0.0018959077827228686,18.0,0.0018856311768141846,29.0,0.001876554779600839,,,0.8858931682915013,0.9076727178302497,0.9479530138916262,0.9545258142257613,0.9910760598382222,0.762295833763813,,,,,,,,,,,,,,,,,,,,,,,,,
882,counting,How many balls are on the ground?,6,http://images.cocodataset.org/train2014/COCO_train2014_000000554301.jpg,1,228,0.9985069089695553,-0.21728515625,,1,16.0,0.0020065900642108813,,,,,,,,,,,,,0.8112781244591328,,,,,,,,,,,,,,,,,,,,,,,,,,,,,,
883,counting,How many glasses are there?,2,http://images.cocodataset.org/train2014/COCO_train2014_000000262359.jpg,5,136,0.9964899999975544,-0.0277252197265625,,5,51.0,0.002026630758123353,44.0,0.002014312218393849,43.0,0.0020189692709863547,29.0,0.002012145854510385,35.0,0.0020102734971539616,,,,,0.8702459234377309,0.721354670288765,0.9129102575213858,0.7134162587144657,0.7541290833123051,,,,,,,,,,,,,,,,,,,,,,,,,,
884,counting,How many horses are on the picture?,3,http://images.cocodataset.org/train2014/COCO_train2014_000000524508.jpg,2,150,0.9927911973287099,-0.032745361328125,,2,16.0,0.0021479741091378155,14.0,0.0021520874260836944,,,,,,,,,,,0.954434002924965,0.863120568566631,,,,,,,,,,,,,,,,,,,,,,,,,,,,,
885,counting,How many horses are in the picture?,3,http://images.cocodataset.org/train2014/COCO_train2014_000000524508.jpg,9,174,0.9929409661355713,-0.038818359375,,9,22.0,0.002136003370357392,15.0,0.00213232852584925,18.0,0.0021390657407808437,8.0,0.0021113950365975135,55.0,0.002143090570480238,22.0,0.002136003370357392,15.0,0.00213232852584925,0.9456603046006401,0.9967916319816366,0.7642045065086203,1.0,0.7202781609264439,0.9456603046006401,0.9967916319816366,16.0,0.00213846420373338,15.0,0.00213232852584925,,,0.5435644431995964,0.9967916319816366,,,,,,,,,,,,,,,,
886,counting,How many kids?,1,http://images.cocodataset.org/train2014/COCO_train2014_000000393438.jpg,8,181,0.998056122295535,-0.057281494140625,,8,18.0,0.0019524718951779325,21.0,0.0019829527227373986,17.0,0.0019658458359103894,25.0,0.001953283384750991,41.0,0.0019462441051407932,20.0,0.0019706604545740728,20.0,0.001970660454574073,0.977342973473178,0.9420864622689729,0.925613407948596,0.8576422670050821,0.9095842857903336,0.9911594714322186,0.9911594714322186,10.0,0.001936661839702827,,,,,0.9709505944546686,,,,,,,,,,,,,,,,,
887,counting,How many black umbrellas?,3,http://images.cocodataset.org/train2014/COCO_train2014_000000393442.jpg,9,224,0.9967063396857713,-0.0521240234375,,9,58.0,0.0020215453028012966,24.0,0.0020143099939151066,102.0,0.002026652579662136,24.0,0.0020143099939151066,18.0,0.002032961012377282,30.0,0.0020255006049924125,16.0,0.0020405379886275416,0.6631968402398287,0.0,0.8739810481273578,0.0,0.8527924884900404,0.7766490138119516,0.954434002924965,44.0,0.002012402503390567,24.0,0.0020143099939151066,,,0.26676498780302604,0.0,,,,,,,,,,,,,,,,
888,counting,How many skis are on the ground?,4,http://images.cocodataset.org/train2014/COCO_train2014_000000131299.jpg,2,180,0.9981234903036904,-0.03680419921875,,2,22.0,0.0020062015143772942,88.0,0.002006201514377294,,,,,,,,,,,0.4394969869215134,0.4394969869215134,,,,,,,,,,,,,,,,,,,,,,,,,,,,,
889,counting,How many water jugs are visible?,2,http://images.cocodataset.org/train2014/COCO_train2014_000000524522.jpg,6,150,0.9922659561316806,-0.035797119140625,,6,26.0,0.0021934299122628033,16.0,0.002186256631299735,12.0,0.0021966180371352784,16.0,0.0022069794429708215,12.0,0.0021758952254641913,66.0,0.0021978739651153435,,,0.39124356362925566,0.8112781244591328,0.0,0.954434002924965,1.0,0.7038932510894038,,,,,,,,,,,,,,,,,,,,,,,,,
890,counting,How many trains are there?,3,http://images.cocodataset.org/train2014/COCO_train2014_000000524525.jpg,10,201,0.9968533655264497,-0.043914794921875,,10,51.0,0.0019835577005140933,15.0,0.0019787542742987965,40.0,0.0019838579146525506,15.0,0.001978754274298797,29.0,0.001984385877447768,33.0,0.001982466012737891,28.0,0.0019997937712673383,0.8974271930876951,0.9967916319816366,0.8812908992306927,0.9967916319816366,0.8497511372532974,0.9456603046006401,0.863120568566631,11.0,0.001982466012737891,15.0,0.001978754274298797,25.0,0.001986920098864805,0.9456603046006401,0.9967916319816366,0.6343095546405662,,,,,,,,,,,,,,,
891,counting,How many kids are there?,5,http://images.cocodataset.org/train2014/COCO_train2014_000000393464.jpg,0,30,0.9981645563026996,-0.10546875,,0,,,,,,,,,,,,,,,,,,,,,,,,,,,,,,,,,,,,,,,,,,,,,
892,counting,How many rocks?,2,http://images.cocodataset.org/train2014/COCO_train2014_000000262393.jpg,2,268,0.998554571331186,-0.052642822265625,,2,34.0,0.0019114319275687574,22.0,0.001909202790539882,,,,,,,,,,,0.8739810481273578,0.9713067383178076,,,,,,,,,,,,,,,,,,,,,,,,,,,,,
893,counting,How many zebras are there?,2,http://images.cocodataset.org/train2014/COCO_train2014_000000262393.jpg,2,231,0.9983176653660888,-0.037811279296875,,2,26.0,0.001929334843512775,16.0,0.0019350535697596366,,,,,,,,,,,0.9957274520849255,0.954434002924965,,,,,,,,,,,,,,,,,,,,,,,,,,,,,
894,counting,How many floors do you think the highest building has?,50,http://images.cocodataset.org/train2014/COCO_train2014_000000000250.jpg,0,146,0.9988837011589613,-0.16064453125,,0,,,,,,,,,,,,,,,,,,,,,,,,,,,,,,,,,,,,,,,,,,,,,
895,counting,How many people are surfing?,1,http://images.cocodataset.org/train2014/COCO_train2014_000000131339.jpg,5,183,0.9982909357343387,-0.007843017578125,,5,15.0,0.001970869326319393,21.0,0.001977389134311048,132.0,0.0019800407308626713,27.0,0.0019663321499977155,22.0,0.0019669387243722715,,,,,0.8830374409547587,0.7918583525674836,0.6156666887694585,0.8828016694423874,0.9431887805255736,,,,,,,,,,,,,,,,,,,,,,,,,,
896,counting,How many kids are wearing black and white?,5,http://images.cocodataset.org/train2014/COCO_train2014_000000524557.jpg,0,181,0.9961376876073419,-0.035797119140625,,0,,,,,,,,,,,,,,,,,,,,,,,,,,,,,,,,,,,,,,,,,,,,,
897,counting,How many men are wearing hats?,0,http://images.cocodataset.org/train2014/COCO_train2014_000000131342.jpg,0,26,0.9989719269022879,-0.0252227783203125,,0,,,,,,,,,,,,,,,,,,,,,,,,,,,,,,,,,,,,,,,,,,,,,
898,counting,How many holes are on the phone case?,1,http://images.cocodataset.org/train2014/COCO_train2014_000000393489.jpg,1,166,0.9965936585929203,-0.162353515625,,1,40.0,0.002085088458298231,,,,,,,,,,,,,0.8112781244591328,,,,,,,,,,,,,,,,,,,,,,,,,,,,,,
899,counting,How many phones do you see?,1,http://images.cocodataset.org/train2014/COCO_train2014_000000393489.jpg,4,162,0.9963297420279373,-0.032257080078125,,4,32.0,0.0020376974019358112,62.0,0.002050022184608811,18.0,0.0020412350710363953,36.0,0.0020323908982849367,,,,,,,0.7959585933443496,0.80886391307099,0.9656336071428252,0.9182958340544896,,,,,,,,,,,,,,,,,,,,,,,,,,,
900,counting,How many cookies can be seen?,2,http://images.cocodataset.org/train2014/COCO_train2014_000000000009.jpg,0,28,0.9964840696891982,-0.042388916015625,,0,,,,,,,,,,,,,,,,,,,,,,,,,,,,,,,,,,,,,,,,,,,,,
901,counting,How many girls are visible?,2,http://images.cocodataset.org/train2014/COCO_train2014_000000393493.jpg,7,305,0.9989649654979635,-0.0297393798828125,,7,53.0,0.001925967704202013,24.0,0.0019310141086645394,19.0,0.001932410468076281,20.0,0.001970451827185352,34.0,0.0019087012176511589,18.0,0.0019374675535133985,16.0,0.001932268945162927,0.8896184179167997,0.9439592513355664,0.8614856395892376,0.0,0.9022057091954698,0.920619835714305,0.8957541375001011,,,,,,,,,,,,,,,,,,,,,,,,
902,counting,How many colors are in the tile?,1,http://images.cocodataset.org/train2014/COCO_train2014_000000131351.jpg,2,136,0.9970787075023624,-0.01525115966796875,,2,24.0,0.00193318366750101,50.0,0.0019353340386550728,,,,,,,,,,,0.6500224216483541,0.0,,,,,,,,,,,,,,,,,,,,,,,,,,,,,
903,counting,How many people are standing next to each other?,4,http://images.cocodataset.org/train2014/COCO_train2014_000000131366.jpg,0,162,0.9982018980292584,-0.017242431640625,,0,,,,,,,,,,,,,,,,,,,,,,,,,,,,,,,,,,,,,,,,,,,,,
904,counting,How many rackets?,8,http://images.cocodataset.org/train2014/COCO_train2014_000000131366.jpg,0,142,0.9980355524864607,-0.0277252197265625,,0,,,,,,,,,,,,,,,,,,,,,,,,,,,,,,,,,,,,,,,,,,,,,
905,counting,How many people are in this photo?,4,http://images.cocodataset.org/train2014/COCO_train2014_000000131366.jpg,0,92,0.9981509733975958,-0.032745361328125,,0,,,,,,,,,,,,,,,,,,,,,,,,,,,,,,,,,,,,,,,,,,,,,
906,counting,How many girls are in the picture?,4,http://images.cocodataset.org/train2014/COCO_train2014_000000131366.jpg,13,118,0.9981007119858284,-0.038818359375,,13,86.0,0.0019254620772562246,124.0,0.00192338204138266,232.0,0.0019221751839867437,80.0,0.0019227987269746377,20.0,0.0019288263091908572,42.0,0.001926530087394202,434.0,0.001921715428788317,0.3650551896402848,0.5086113313826897,0.5787946246321198,0.5435644431995964,0.0,0.2761954276479391,0.6034610472116787,174.0,0.0019166325796499935,22.0,0.001924442613033605,30.0,0.0019288263091908563,0.8158009273789573,0.4394969869215134,0.0,20.0,0.0019288263091908572,0.0,22.0,0.001924442613033605,0.4394969869215134,30.0,0.0019288263091908563,,,,,0.0,,
907,counting,How many people don't have a skateboard?,4,http://images.cocodataset.org/train2014/COCO_train2014_000000131366.jpg,3,222,0.9979600977105418,-0.043914794921875,,3,22.0,0.0019392973158612774,30.0,0.001935096292702087,22.0,0.0019392973158612774,,,,,,,,,0.4394969869215134,0.9182958340544896,0.4394969869215134,,,,,,,,,,,,,,,,,,,,,,,,,,,,
908,counting,How many of the four main individuals are wearing baseball caps?,0,http://images.cocodataset.org/train2014/COCO_train2014_000000131366.jpg,0,1152,1.0000000000000069,-0.0093231201171875,,0,,,,,,,,,,,,,,,,,,,,,,,,,,,,,,,,,,,,,,,,,,,,,
909,counting,How many racquets?,8,http://images.cocodataset.org/train2014/COCO_train2014_000000131366.jpg,1,200,0.9979419087017689,-0.028228759765625,,1,16.0,0.0019426384228187917,,,,,,,,,,,,,0.954434002924965,,,,,,,,,,,,,,,,,,,,,,,,,,,,,,
910,counting,How many legs are in the image?,8,http://images.cocodataset.org/train2014/COCO_train2014_000000131366.jpg,0,16,0.9980913460834113,-0.039337158203125,,0,,,,,,,,,,,,,,,,,,,,,,,,,,,,,,,,,,,,,,,,,,,,,
911,counting,How many passengers does this bus carry?,30,http://images.cocodataset.org/train2014/COCO_train2014_000000262442.jpg,0,54,0.9973547223084265,-0.31884765625,,0,,,,,,,,,,,,,,,,,,,,,,,,,,,,,,,,,,,,,,,,,,,,,
912,counting,How many open umbrellas are there on the beach?,3,http://images.cocodataset.org/train2014/COCO_train2014_000000131374.jpg,0,130,0.997820216640093,-0.10491943359375,,0,,,,,,,,,,,,,,,,,,,,,,,,,,,,,,,,,,,,,,,,,,,,,
913,counting,How many umbrellas do you see?,3,http://images.cocodataset.org/train2014/COCO_train2014_000000131374.jpg,0,73,0.9978728840828991,-0.0655517578125,,0,,,,,,,,,,,,,,,,,,,,,,,,,,,,,,,,,,,,,,,,,,,,,
914,counting,How many striped objects are in the photo?,4,http://images.cocodataset.org/train2014/COCO_train2014_000000131374.jpg,0,188,0.9979729579983891,-0.073974609375,,0,,,,,,,,,,,,,,,,,,,,,,,,,,,,,,,,,,,,,,,,,,,,,
915,location,Where is the giraffe?,near tree,http://images.cocodataset.org/train2014/COCO_train2014_000000000025.jpg,1,272,0.9964062428856858,-1.244140625,Z,1,21.0,0.0020208132124724127,,,,,,,,,,,,,0.9299552606976308,,,,,,,,,,,,,,,,,,,,,,,,,,,,,,
916,location,Where are the two blue coolers?,left,http://images.cocodataset.org/train2014/COCO_train2014_000000262172.jpg,5,273,0.9971930403010387,-0.7255859375,F,5,15.0,0.0019039398862713242,15.0,0.0019039398862713242,16.0,0.0018991800365556466,25.0,0.0019090170593013822,19.0,0.001907948180768738,,,,,0.0,0.0,0.954434002924965,0.9709505944546686,0.9258628921382102,,,,,,,,,,,,,,,,,,,,,,,,,,
917,location,Where are the trucks?,dock,http://images.cocodataset.org/train2014/COCO_train2014_000000262184.jpg,2,87,0.9994092995953635,-1.564453125,Park,2,116.0,0.0017902076789195573,19.0,0.0017880418926898738,,,,,,,,,,,0.9090837098630219,0.7424875695421236,,,,,,,,,,,,,,,,,,,,,,,,,,,,,
918,location,Where is Brooklyn Avenue?,bottom,http://images.cocodataset.org/train2014/COCO_train2014_000000131126.jpg,7,101,0.9579039598099806,-1.94921875,Brook,7,238.0,0.005927543101919837,50.0,0.0036944946576492575,42.0,0.00559101842797486,57.0,0.005358255523456528,18.0,0.0074604212075052734,35.0,0.006537948095064893,17.0,0.005504586270450565,0.9552728776591939,0.980557270687637,0.971962440816204,0.9548973626116305,1.0,0.9474340466027728,0.926262155095312,,,,,,,,,,,,,,,,,,,,,,,,
919,location,Where is the bird?,on cliff,http://images.cocodataset.org/train2014/COCO_train2014_000000262201.jpg,8,255,0.9992577676760191,-0.8876953125,On,8,28.0,0.0018693851050200032,15.0,0.0018886897676615993,16.0,0.0018778685993449237,6.0,0.0018598333188171317,30.0,0.0019013584525201443,16.0,0.0018702805849765236,15.0,0.0018770768065412646,0.9285249215482252,0.9018972358711528,0.954434002924965,0.9182958340544896,0.9475797081106374,0.9414280318460245,0.7219280948873623,18.0,0.0018762556880782101,,,,,0.8527924884900404,,,,,,,,,,,,,,,,,
920,location,Where is the mirror?,wall,http://images.cocodataset.org/train2014/COCO_train2014_000000262207.jpg,3,163,0.9977419677476093,-1.8095703125,On,3,74.0,0.0020336305607913767,17.0,0.0020185787393277414,7.0,0.0019589869599409625,,,,,,,,,0.9506981788944732,0.9038817882085972,0.863120568566631,,,,,,,,,,,,,,,,,,,,,,,,,,,,
921,location,Where is the sink located?,bathroom,http://images.cocodataset.org/train2014/COCO_train2014_000000393291.jpg,10,131,0.9177256284826972,-0.1915283203125,Bath,10,16.0,0.004814382547021593,156.0,0.005551891510503532,43.0,0.005444660307690381,24.0,0.0068325328066316535,5.0,0.003914351124478161,10.0,0.004031063428648382,24.0,0.005873490595681644,0.9592101522724052,0.943852356707432,0.9496158131638347,0.927694271103767,0.9709505944546686,0.9609640474436811,0.8967365426838971,15.0,0.004704403645015037,11.0,0.007262892424718521,10.0,0.006746868967993894,0.9949490477321437,0.6840384356390417,0.7219280948873623,,,,,,,,,,,,,,,
922,location,Where is the soap?,shower,http://images.cocodataset.org/train2014/COCO_train2014_000000393291.jpg,4,279,0.9989135393837327,-1.4619140625,On,4,16.0,0.0018074945721013801,15.0,0.0018038124381618101,16.0,0.0018112850040979977,21.0,0.001828566279772373,,,,,,,0.8194483718728035,0.7219280948873623,0.9248008763572906,0.9748830897462036,,,,,,,,,,,,,,,,,,,,,,,,,,,
923,location,Where is the human?,on top of hill,http://images.cocodataset.org/train2014/COCO_train2014_000000524375.jpg,4,269,0.9869595205575654,-1.18359375,Hill,4,39.0,0.0032763556504827483,16.0,0.0032236962717288047,38.0,0.00378248081830215,15.0,0.0038014921973522674,,,,,,,0.9810137470883056,0.9886085007312413,0.9742678653703103,0.8616157143988104,,,,,,,,,,,,,,,,,,,,,,,,,,,
924,location,Where is the light coming from?,window,http://images.cocodataset.org/train2014/COCO_train2014_000000262159.jpg,8,202,0.9905007970494633,-1.1015625,Light,8,121.0,0.002265027933135623,29.0,0.002304260786337557,38.0,0.0023388147391077835,23.0,0.002265001586272393,15.0,0.002256623737045227,16.0,0.0022044301477110112,32.0,0.0022611226746455052,0.9672053000088797,0.9076727178302497,0.9423125402943957,0.9810720783927832,0.9654013672997089,0.9463946303571862,0.9476444567368079,17.0,0.0022929190125143568,,,,,0.9975025463691153,,,,,,,,,,,,,,,,,
925,location,Where is the television?,wall,http://images.cocodataset.org/train2014/COCO_train2014_000000524386.jpg,9,205,0.9988157675790708,-0.52294921875,Living,9,22.0,0.0018766690524817742,23.0,0.0018640503076965608,124.0,0.0018638848104807265,15.0,0.0018661404762373016,35.0,0.0018733827745057374,20.0,0.0018707839756658782,15.0,0.0018584923595314107,0.6840384356390417,0.9321883810995899,0.8782729719790396,0.9189900464321514,0.8941315517646616,0.9713107216099232,0.9654013672997089,16.0,0.001861974984102843,27.0,0.0018607989344109645,,,0.9965119062478288,0.8790620958364885,,,,,,,,,,,,,,,,
926,location,Where is the street sign?,pole,http://images.cocodataset.org/train2014/COCO_train2014_000000393317.jpg,5,278,0.9982123818405204,-1.251953125,On,5,22.0,0.0019331594953881052,14.0,0.0019160033899193586,40.0,0.0019277108433734945,25.0,0.0019404317778729135,17.0,0.0019290059611392722,,,,,0.9940302114769565,0.965713065231567,0.9518508480286741,0.9053496664211536,0.925613407948596,,,,,,,,,,,,,,,,,,,,,,,,,,
927,location,Where are the women walking?,crosswalk,http://images.cocodataset.org/train2014/COCO_train2014_000000393317.jpg,9,334,0.9621011403604918,-0.6669921875,Side,9,23.0,0.004797842041273948,15.0,0.003838123430560323,29.0,0.004107839784643859,44.0,0.004099067772706368,18.0,0.005217610975443871,15.0,0.004541577871197449,25.0,0.004441738296811136,0.9876197168461961,0.9877812438119247,0.9515588426253027,0.959266678479293,1.0,0.9967916319816366,0.9709505944546687,18.0,0.005224088456481042,24.0,0.004443282096458328,,,1.0,0.9553810531234105,,,,,,,,,,,,,,,,
928,location,Where is the woman standing?,crosswalk,http://images.cocodataset.org/train2014/COCO_train2014_000000393317.jpg,9,333,0.9616515566179871,-0.426513671875,Side,9,22.0,0.004831084278742989,15.0,0.0038492121020423414,29.0,0.004127596704830366,44.0,0.004117758765082724,18.0,0.005255215678005191,15.0,0.004567479824804179,25.0,0.004466702689879674,0.9870296937811092,0.9877812438119247,0.9702485527663078,0.959266678479293,1.0,0.9967916319816366,0.9709505944546687,18.0,0.005268394902276053,24.0,0.004467482460649032,,,1.0,0.9553810531234105,,,,,,,,,,,,,,,,
929,location,Where was this shot at?,florist,http://images.cocodataset.org/train2014/COCO_train2014_000000262283.jpg,4,162,0.9831273346144211,-1.318359375,Flor,4,216.0,0.0028624612257377034,73.0,0.002836131588647453,30.0,0.0028567588078602184,15.0,0.00270298965928627,,,,,,,0.9401859166063382,0.950641179972115,0.9477555539313499,0.9949490477321437,,,,,,,,,,,,,,,,,,,,,,,,,,,
930,location,Where is the cupcake?,plate,http://images.cocodataset.org/train2014/COCO_train2014_000000393375.jpg,4,174,0.9989703576180652,-0.5869140625,On,4,16.0,0.001828360802851437,26.0,0.0018241983249946037,166.0,0.0018355418184276824,17.0,0.0018438579456151126,,,,,,,0.9886085007312413,0.9131226292013046,0.8983591869802695,0.8739810481273578,,,,,,,,,,,,,,,,,,,,,,,,,,,
931,location,Where was this picture taken?,parking lot,http://images.cocodataset.org/train2014/COCO_train2014_000000393384.jpg,10,145,0.9893228444412394,-0.9794921875,Airport,10,55.0,0.002893323605724659,41.0,0.0029388197545736627,24.0,0.0027270902930533534,73.0,0.0029409947995266274,54.0,0.0029167080618267955,46.0,0.0030635885574511255,52.0,0.0029793087180949984,0.9874712778685306,0.990222295757198,0.9756641375534827,0.9675402166048417,0.9781451278067731,0.9441749565178291,0.980348679011043,16.0,0.0032422695681270874,19.0,0.0028487034458427314,15.0,0.0029069459148614815,0.9886994082884974,0.9720048748581784,0.9189900464321514,,,,,,,,,,,,,,,
932,location,Where is the laptop?,on table,http://images.cocodataset.org/train2014/COCO_train2014_000000137918.jpg,8,225,0.9986643187855733,-0.79736328125,Table,8,15.0,0.0019036267190843633,19.0,0.0019161368216341868,15.0,0.001903626719084363,32.0,0.0019058703289349865,61.0,0.0019067005681364358,89.0,0.0019118581019245697,18.0,0.0019128044629393407,0.9018972358711528,0.9041116874399232,0.9018972358711528,0.970150803735957,0.9711882255480492,0.9018946100419394,0.9342064019134055,17.0,0.001909080062045102,,,,,0.9360847109776411,,,,,,,,,,,,,,,,,
933,location,Where are the two upside down glasses?,nightstand,http://images.cocodataset.org/train2014/COCO_train2014_000000393394.jpg,2,247,0.9888885223762759,-1.4287109375,Table,2,16.0,0.0023884283845753817,17.0,0.0022548849661048844,,,,,,,,,,,0.954434002924965,0.9038817882085972,,,,,,,,,,,,,,,,,,,,,,,,,,,,,
934,location,Where is the open door?,nowhere,http://images.cocodataset.org/train2014/COCO_train2014_000000393403.jpg,3,193,0.9892896782543809,-1.3447265625,Bus,3,347.0,0.002551950788459566,46.0,0.0025386110561496475,18.0,0.0025402607008850396,,,,,,,,,0.9613492915297303,0.994738043682231,1.0,,,,,,,,,,,,,,,,,,,,,,,,,,,,
935,location,Where are the buns?,by plates,http://images.cocodataset.org/train2014/COCO_train2014_000000524486.jpg,12,283,0.9958536121809951,-0.98291015625,On,12,23.0,0.002067083546045336,31.0,0.0020652646476829557,15.0,0.002058372655234218,16.0,0.002074219880088986,16.0,0.002063620424776289,27.0,0.0020637301141286546,68.0,0.002060988899106096,0.7979196219596978,0.8824911369394364,0.9182958340544896,0.9886994082884974,0.9755307720176265,0.9628962824334484,0.8889694474283636,17.0,0.002062676009640296,28.0,0.0020659140043922724,17.0,0.0020637029464872017,0.9967828263127351,0.9417346261113358,0.9770358764490155,30.0,0.002065023293861794,0.9446232142545791,25.0,0.0020568430083498773,0.9063581495887165,,,,,,,,,
936,location,Where is the table lamp?,on table,http://images.cocodataset.org/train2014/COCO_train2014_000000448671.jpg,6,174,0.9989854059866612,-1.74609375,On,6,17.0,0.0018643169174052232,15.0,0.0018663615604829562,38.0,0.001866386969059215,130.0,0.0018700008504054996,16.0,0.001878551324942913,37.0,0.0018676402299152028,,,0.7315975941709251,0.7219280948873623,0.7755316558842139,0.8223424901938499,0.9886994082884974,0.9403853387775808,,,,,,,,,,,,,,,,,,,,,,,,,
937,location,Where is the cup?,on table,http://images.cocodataset.org/train2014/COCO_train2014_000000393428.jpg,15,64,0.9865319550691393,-0.8818359375,Table,15,75.0,0.0027638404899498906,66.0,0.0028783037068292805,31.0,0.00293592589431211,38.0,0.0028018641508266114,28.0,0.0027641187766767952,20.0,0.0027810913980826787,35.0,0.002775798212400825,0.9824932004788367,0.9716874428950946,0.9959321241968687,0.9622313382603974,0.9422569109115264,0.9630603734213402,0.938944844033584,17.0,0.002822850101882306,12.0,0.0029639831563659266,10.0,0.002882729169980287,0.9770358764490155,0.6500224216483541,0.7219280948873623,36.0,0.002885761634622953,0.9491819841370874,52.0,0.00297377726020419,0.9644706233618099,39.0,0.0028106606317685125,35.0,0.002682156163264913,33.0,0.0026747031909049855,0.946218021650135,0.9527710679781883,0.9911748435473898
938,location,Where do you think all these are located?,restaurant,http://images.cocodataset.org/train2014/COCO_train2014_000000262359.jpg,7,151,0.9979025442268872,-0.376708984375,R,7,67.0,0.0020284128550620726,110.0,0.0020285884580990383,42.0,0.0020131912615131524,16.0,0.002036258055587047,129.0,0.002008911178495975,18.0,0.0019960138616708905,18.0,0.00196975697905486,0.9580065959414648,0.872282814613691,0.9409617840937643,1.0,0.9239170130587833,0.9206250851407773,0.9853962684364186,,,,,,,,,,,,,,,,,,,,,,,,
939,location,Where is the room?,restaurant,http://images.cocodataset.org/train2014/COCO_train2014_000000262359.jpg,0,1152,1.0000000000000069,-0.55126953125,R,0,,,,,,,,,,,,,,,,,,,,,,,,,,,,,,,,,,,,,,,,,,,,,
940,location,Where is the cat?,bed,http://images.cocodataset.org/train2014/COCO_train2014_000000393432.jpg,7,182,0.9767294690153501,-0.8994140625,Bed,7,130.0,0.003149336313273328,132.0,0.0029990876467784152,23.0,0.003036736862040757,15.0,0.0029673821184695915,21.0,0.003028068881984306,42.0,0.0030048724951036825,15.0,0.002991957749975551,0.9117492092472494,0.9589795518643934,0.9765762937075554,0.9877812438119247,0.9420864622689729,0.9524773555450866,0.9602297178607612,,,,,,,,,,,,,,,,,,,,,,,,
941,location,Where is number 8?,left,http://images.cocodataset.org/train2014/COCO_train2014_000000524557.jpg,4,113,0.9976732332067938,-1.759765625,Now,4,19.0,0.002061476752454995,19.0,0.002017530542615838,44.0,0.002047766261368811,20.0,0.002045696068012752,,,,,,,0.8580597279744429,0.9649618403823442,0.8156200630405979,0.858672711073255,,,,,,,,,,,,,,,,,,,,,,,,,,,
942,location,Where is the shower located?,in bathroom,http://images.cocodataset.org/train2014/COCO_train2014_000000546179.jpg,2,202,0.9925739048703843,-0.2587890625,Bath,2,129.0,0.0023834731895142876,117.0,0.0023737363339203744,,,,,,,,,,,0.9215832034346035,0.9315772917209902,,,,,,,,,,,,,,,,,,,,,,,,,,,,,
943,location,Where is the cat sitting?,stump,http://images.cocodataset.org/train2014/COCO_train2014_000000524572.jpg,4,251,0.9962987251660207,-0.8388671875,F,4,28.0,0.0020511557647087094,34.0,0.002056455452327456,15.0,0.00202232546406273,22.0,0.0020314987415409966,,,,,,,0.5916727785823275,0.3227569588973982,0.8830374409547587,0.8342022886441014,,,,,,,,,,,,,,,,,,,,,,,,,,,
944,location,Where is this?,beach,http://images.cocodataset.org/train2014/COCO_train2014_000000131373.jpg,3,64,0.9575512252359778,-0.6884765625,Beach,3,323.0,0.003772418279162533,44.0,0.003586986941258297,8.0,0.003294201865181764,,,,,,,,,0.962876361187762,0.9847396956007564,0.985056822321508,,,,,,,,,,,,,,,,,,,,,,,,,,,,
945,reasoning,Why is the man on the street?,homeless,http://images.cocodataset.org/train2014/COCO_train2014_000000524314.jpg,8,318,0.9952115033392002,-1.5859375,The,8,57.0,0.002237304344731676,16.0,0.0021912709060999134,31.0,0.0021558694454179633,24.0,0.00222154961732765,21.0,0.0021601057484605217,20.0,0.0022360512239953563,21.0,0.0022556449728277916,0.9675542784215114,0.9755307720176266,0.9343592947248991,0.9652033156653039,0.9529073308031801,0.9713107216099232,0.9748830897462037,20.0,0.0022308113407620163,,,,,0.9835386311891134,,,,,,,,,,,,,,,,,
946,reasoning,Why are the birds only appearing as black silhouettes?,shadows,http://images.cocodataset.org/train2014/COCO_train2014_000000262260.jpg,4,51,0.9948094605654789,-0.94384765625,"
",4,84.0,0.003042962504512865,260.0,0.0028511408133874406,16.0,0.002514312238898344,21.0,0.0034481996419177302,,,,,,,0.8996893501595478,0.9160670731633718,0.8112781244591328,0.9526841246715825,,,,,,,,,,,,,,,,,,,,,,,,,,,
947,reasoning,Why are there so many clothes on the bed?,laundry,http://images.cocodataset.org/train2014/COCO_train2014_000000131208.jpg,2,344,0.9991777721538977,-0.85888671875,The,2,17.0,0.0018532066369295215,18.0,0.001839085905605698,,,,,,,,,,,0.8726389366057715,0.9773429734731779,,,,,,,,,,,,,,,,,,,,,,,,,,,,,
948,reasoning,Why is the man cooking so many hot dogs?,party,http://images.cocodataset.org/train2014/COCO_train2014_000000524486.jpg,13,262,0.9989221698847592,-1.1181640625,The,13,22.0,0.0019513566638786944,15.0,0.0019644468431394054,17.0,0.001978385950570239,28.0,0.0019626096730319086,9.0,0.001906306600065402,15.0,0.001933245068854726,28.0,0.0019388921081195684,0.9074246850599204,0.9967916319816366,0.9774178175281716,0.9718772919683727,0.9656336071428252,1.0,0.8943515707130862,28.0,0.0019474756078021308,16.0,0.0019368027035915778,19.0,0.0019495560959523351,0.9580003027486083,0.9965119062478288,0.9494520153879484,22.0,0.0019388031244705478,0.9970151057384782,21.0,0.001954327348776806,0.9182958340544896,30.0,0.001936056039511003,,,,,0.9859247724121322,,
949,reasoning,Why is the girl holding an umbrella?,sun,http://images.cocodataset.org/train2014/COCO_train2014_000000000036.jpg,6,236,0.9985933974819332,-1.1650390625,The,6,26.0,0.0019404380102192255,36.0,0.0019739304248520464,43.0,0.0019437931974333742,15.0,0.00191882389775313,17.0,0.0019228826911348567,11.0,0.0019171560173408804,,,0.9275112929156506,0.9199983726823964,0.9016939914299746,0.9446232142545791,0.9936520348079907,0.9056185178648963,,,,,,,,,,,,,,,,,,,,,,,,,
950,reasoning,Why would someone not like the fruit at the front?,they don't like oranges,http://images.cocodataset.org/train2014/COCO_train2014_000000039288.jpg,0,224,0.9994057077645447,-1.75,"
",0,,,,,,,,,,,,,,,,,,,,,,,,,,,,,,,,,,,,,,,,,,,,,
951,reasoning,Why is the top light on?,to stop traffic,http://images.cocodataset.org/train2014/COCO_train2014_000000524520.jpg,6,183,0.9987629121724766,-1.2275390625,The,6,19.0,0.0018859730863169308,29.0,0.0019074971942556588,42.0,0.001912087539724224,55.0,0.0019219010154747059,27.0,0.0019232929284942908,20.0,0.0018590210595869402,,,0.9355095604394201,0.9535834573924674,0.8740050957844617,0.8945942970757251,0.9546859469463559,0.9558941740026478,,,,,,,,,,,,,,,,,,,,,,,,,
952,reasoning,Why is the man in mid-air?,snowboarding,http://images.cocodataset.org/train2014/COCO_train2014_000000524547.jpg,4,203,0.9990151676414603,-0.6298828125,The,4,171.0,0.0018819487852043955,23.0,0.0018849294037148307,15.0,0.0018597566593169014,25.0,0.0018681095954353655,,,,,,,0.9171931910791764,0.8865408928220899,0.9664572819896989,0.9143172867352866,,,,,,,,,,,,,,,,,,,,,,,,,,,
953,classification,What kind of room is this?,living room,http://images.cocodataset.org/train2014/COCO_train2014_000000262172.jpg,8,243,0.9987404766870778,-0.1756591796875,Living,8,28.0,0.001852869731732832,46.0,0.0018480312896470778,18.0,0.0018395975458484035,21.0,0.0018352944543311863,15.0,0.0018329925595918554,29.0,0.0018386464678728492,24.0,0.0018326115026924396,0.9752813738495056,0.8965586799000832,0.8783471047618534,0.9588649012766761,0.7835807040488099,0.9671441365986523,0.9125056054120886,22.0,0.0018332301015551273,,,,,0.9434038256873108,,,,,,,,,,,,,,,,,
954,classification,What kind of trees are on the table?,christmas,http://images.cocodataset.org/train2014/COCO_train2014_000000458763.jpg,2,175,0.9514313787134493,-0.72900390625,Christmas,2,138.0,0.006474317816702712,109.0,0.005184339445607193,,,,,,,,,,,0.9699255681775347,0.9740341360175142,,,,,,,,,,,,,,,,,,,,,,,,,,,,,
955,classification,What kind of food is shown?,hot dog,http://images.cocodataset.org/train2014/COCO_train2014_000000524377.jpg,9,167,0.9882987544486328,-1.0771484375,Hot,9,18.0,0.002480858802199827,106.0,0.002440743121619092,20.0,0.002403929482259143,24.0,0.0024227835277028076,100.0,0.0024586500606630854,18.0,0.002485329437690345,284.0,0.00246406727935394,0.9910760598382222,0.9490788341342133,0.9703227248076731,0.9838824188369656,0.9228849484887762,1.0,0.9446645439821418,16.0,0.0024621165226434254,31.0,0.0024511839884600356,,,1.0,0.7704281950623878,,,,,,,,,,,,,,,,
956,classification,What kind of sauce is in the largest ramekin?,butter,http://images.cocodataset.org/train2014/COCO_train2014_000000524377.jpg,6,321,0.9981639738636328,-1.11328125,Must,6,30.0,0.0018455176990381913,24.0,0.0018452781303098158,24.0,0.0018480231886557825,39.0,0.0018475663188051929,19.0,0.0018464444517505899,15.0,0.0018432417961186276,,,0.9809464023464666,0.9608948553419607,0.9838824188369656,0.9096824136587071,0.9237100600260872,0.944623214254579,,,,,,,,,,,,,,,,,,,,,,,,,
957,classification,What kind of toppings are on the hot dogs?,onions,http://images.cocodataset.org/train2014/COCO_train2014_000000524377.jpg,2,156,0.9183113180274024,-1.0439453125,On,2,296.0,0.00640650436857382,17.0,0.008757661848175384,,,,,,,,,,,0.9748836885360991,0.9975025463691153,,,,,,,,,,,,,,,,,,,,,,,,,,,,,
958,classification,What kind of meat is this?,hot dog,http://images.cocodataset.org/train2014/COCO_train2014_000000524377.jpg,9,168,0.9876806445338533,-0.89501953125,Hot,9,18.0,0.002527043689382094,106.0,0.00247891477749466,20.0,0.002436792129047021,25.0,0.0024575154853155087,99.0,0.0024994085856687356,18.0,0.0025315835063003584,280.0,0.0025064147613055076,0.9910760598382222,0.8843009956656058,0.9703227248076731,0.9934804071359582,0.9323801794063035,1.0,0.918970418238,16.0,0.0025037998267605863,29.0,0.002490387015948282,,,1.0,0.7952855406299332,,,,,,,,,,,,,,,,
959,classification,What kind of potato are the fries?,sweet,http://images.cocodataset.org/train2014/COCO_train2014_000000524377.jpg,4,109,0.99834571113783,-0.6904296875,S,4,15.0,0.0018880956045734226,31.0,0.0018898270548527263,23.0,0.001882055455772983,82.0,0.0018946990876508416,,,,,,,0.9967916319816366,0.7192888145070873,0.9982526816976662,0.8845612609455313,,,,,,,,,,,,,,,,,,,,,,,,,,,
960,classification,What kind of plants are these?,flowers,http://images.cocodataset.org/train2014/COCO_train2014_000000393306.jpg,5,246,0.9973231361739859,-0.97705078125,D,5,78.0,0.0019342333290441654,18.0,0.0019337770343215764,21.0,0.0019261503939583442,16.0,0.0019235816991137846,25.0,0.0019190660924653885,,,,,0.886205796419798,0.8929352898779308,0.9092748525610023,0.9755307720176265,0.8407709666679638,,,,,,,,,,,,,,,,,,,,,,,,,,
961,classification,What kind of aircraft is this?,cargo plane,http://images.cocodataset.org/train2014/COCO_train2014_000000393311.jpg,1,12,0.9977031713028128,-0.451416015625,Air,1,662.0,0.0019777170356617114,,,,,,,,,,,,,0.7742706008337018,,,,,,,,,,,,,,,,,,,,,,,,,,,,,,
962,classification,What kind of lamp is on the floor?,floor lamp,http://images.cocodataset.org/train2014/COCO_train2014_000000524386.jpg,9,227,0.9996839861133051,-1.1103515625,L,9,21.0,0.0018262979912471665,21.0,0.0018258814276799831,31.0,0.001862555146633466,22.0,0.0018387948982626799,25.0,0.0018355756950154834,61.0,0.0018429537050235814,26.0,0.001824461907216425,0.9517619850443704,0.8522643192882268,0.9870894389417636,0.9389433656943027,0.9158028259682082,0.8785344211646111,0.9138273488577295,37.0,0.0018270680709227159,11.0,0.001800145373111064,,,0.8645838016023467,0.9431887805255736,,,,,,,,,,,,,,,,
963,classification,What kind of hat is the man with the girls wearing?,baseball cap,http://images.cocodataset.org/train2014/COCO_train2014_000000131172.jpg,1,206,0.9981995597650904,-0.591796875,Baseball,1,25.0,0.0032704322189937964,,,,,,,,,,,,,0.8634588883901244,,,,,,,,,,,,,,,,,,,,,,,,,,,,,,
964,classification,What kind of celebration is this?,birthday,http://images.cocodataset.org/train2014/COCO_train2014_000000000113.jpg,3,279,0.9997007734982223,-0.81591796875,B,3,29.0,0.00177885239571794,20.0,0.0017769302234609554,21.0,0.0017761385518463412,,,,,,,,,0.9657014388865989,0.8812908992306927,0.82824947120962,,,,,,,,,,,,,,,,,,,,,,,,,,,,
965,classification,What kind of court is at the edge of the field?,soccer,http://images.cocodataset.org/train2014/COCO_train2014_000000000149.jpg,5,174,0.9982648451819232,-0.4755859375,Tennis,5,45.0,0.002034059480055445,108.0,0.002093628753408234,20.0,0.0020534262940404605,25.0,0.001969213293903371,2.0,0.0018262470378566814,,,,,0.9532897413875515,0.9555380413650514,0.9703227248076731,0.9877395470157861,0.0,,,,,,,,,,,,,,,,,,,,,,,,,,
966,classification,What kind of nut is shown?,peanut,http://images.cocodataset.org/train2014/COCO_train2014_000000393379.jpg,0,60,0.9990838407757876,-1.2333984375,Wal,0,,,,,,,,,,,,,,,,,,,,,,,,,,,,,,,,,,,,,,,,,,,,,
967,classification,What kind of animals are in there?,cows,http://images.cocodataset.org/train2014/COCO_train2014_000000131245.jpg,0,1152,1.0000000000000069,-0.73291015625,C,0,,,,,,,,,,,,,,,,,,,,,,,,,,,,,,,,,,,,,,,,,,,,,
968,classification,What kind of siding is on this house?,tile,http://images.cocodataset.org/train2014/COCO_train2014_000000524471.jpg,0,244,0.9997234015083918,-1.0,T,0,,,,,,,,,,,,,,,,,,,,,,,,,,,,,,,,,,,,,,,,,,,,,
969,classification,What kind of vehicle is the yellow one?,truck,http://images.cocodataset.org/train2014/COCO_train2014_000000283700.jpg,0,1152,1.0000000000000069,-0.332275390625,T,0,,,,,,,,,,,,,,,,,,,,,,,,,,,,,,,,,,,,,,,,,,,,,
970,classification,What kind of room is this?,kitchen,http://images.cocodataset.org/train2014/COCO_train2014_000000393418.jpg,5,180,0.9989028314433992,-0.09521484375,K,5,31.0,0.0020100444153219577,12.0,0.002025105685202946,28.0,0.002012247871328642,15.0,0.0019662276125035267,10.0,0.0019699778082168658,,,,,0.8932492041284292,0.0,0.9648528731760171,0.8616157143988102,0.9709505944546686,,,,,,,,,,,,,,,,,,,,,,,,,,
971,classification,What kind of pizza is this?,cheese,http://images.cocodataset.org/train2014/COCO_train2014_000000131300.jpg,10,309,0.9973356936177212,-1.0625,Che,10,16.0,0.002051246387038118,15.0,0.0020626111028184497,17.0,0.002071072278395027,20.0,0.0020622040085218414,21.0,0.0020672636090654085,17.0,0.0020921453949253703,18.0,0.0020825134906526624,0.9618974703476992,0.9602297178607612,0.9437600120884535,0.9763620978123273,0.969354248643417,0.9774178175281716,0.5032583347756457,17.0,0.0020675600923066367,49.0,0.002068205187710627,73.0,0.002079787136154823,0.8739810481273578,0.9562955436575571,0.8902568440661752,,,,,,,,,,,,,,,
972,classification,What kind of trees are in this photo?,pine,http://images.cocodataset.org/train2014/COCO_train2014_000000393480.jpg,6,276,0.9991035516483953,-0.2154541015625,P,6,24.0,0.0018929419597166054,18.0,0.001891285842516503,30.0,0.0018919482893965448,26.0,0.0018963815877475866,20.0,0.001895922970676789,18.0,0.001906742936384122,,,0.8112781244591328,0.9182958340544896,0.8649735207179273,0.39124356362925566,0.4689955935892812,0.8527924884900404,,,,,,,,,,,,,,,,,,,,,,,,,
973,classification,What kind of suit is he wearing?,swim,http://images.cocodataset.org/train2014/COCO_train2014_000000131339.jpg,0,140,0.999708491614524,-1.1865234375,Sw,0,,,,,,,,,,,,,,,,,,,,,,,,,,,,,,,,,,,,,,,,,,,,,
974,classification,What kind of passenger does the bus carry?,children,http://images.cocodataset.org/train2014/COCO_train2014_000000262415.jpg,8,242,0.9930092320377413,-1.0419921875,School,8,36.0,0.0022624780803548413,36.0,0.002258717356920592,17.0,0.002254348281166095,22.0,0.0023301344717482743,15.0,0.0024192196606323177,22.0,0.0022837603561532073,24.0,0.002339640066532571,0.965212935842556,0.9679026956152716,0.9603948809345497,0.9094862157597151,0.9182958340544896,0.9762393112841812,0.9949671891627881,17.0,0.002272835871157995,,,,,0.9519839065438831,,,,,,,,,,,,,,,,,
975,classification,What kind of id is that?,old id,http://images.cocodataset.org/train2014/COCO_train2014_000000393489.jpg,7,195,0.8817452506789615,-1.2890625,Phone,7,32.0,0.006625125515791457,26.0,0.008306369564351587,16.0,0.011080690964431967,53.0,0.006343727955179022,95.0,0.010038373150190382,17.0,0.010469032208644166,27.0,0.008992974021136626,0.952466560435043,0.9473539682709406,1.0,0.9724055779153877,0.9663431708943473,0.8702290979524684,0.9446284658391854,,,,,,,,,,,,,,,,,,,,,,,,
976,classification,What kind of phone is this?,pharos,http://images.cocodataset.org/train2014/COCO_train2014_000000393489.jpg,4,136,0.9992160355258042,-1.05078125,This,4,203.0,0.001863295373624096,23.0,0.0018632823219939267,8.0,0.0018533990609124029,118.0,0.001854044591222482,,,,,,,0.9071338875051029,0.8359625449963989,0.954434002924965,0.8802974862986765,,,,,,,,,,,,,,,,,,,,,,,,,,,
977,classification,What kind of animal is on the beach?,horse,http://images.cocodataset.org/train2014/COCO_train2014_000000131373.jpg,5,228,0.9934008360438318,-0.0521240234375,Hor,5,164.0,0.002844087683933858,54.0,0.002857041005744529,17.0,0.0024785297361605107,15.0,0.0025771201412211173,25.0,0.002447795967432119,,,,,0.9489167260607339,0.9942923369854906,0.9771236998460402,0.9877812438119247,0.9922346846492686,,,,,,,,,,,,,,,,,,,,,,,,,,
978,comparison,Which hand holds the umbrella?,right,http://images.cocodataset.org/train2014/COCO_train2014_000000131101.jpg,6,238,0.9979114860273763,-0.716796875,Right,6,18.0,0.0018944212474495774,15.0,0.0018909292267169516,47.0,0.0018954826519275787,24.0,0.0018913033717954466,16.0,0.0018983185920172408,37.0,0.001884781112994645,,,0.7642045065086203,0.9967916319816366,0.9612648284891622,0.808014151084447,0.8194483718728035,0.911274816211769,,,,,,,,,,,,,,,,,,,,,,,,,
979,comparison,Which direction is Brooklyn Ave?,north,http://images.cocodataset.org/train2014/COCO_train2014_000000131126.jpg,5,129,0.9798015829107221,-0.60693359375,Right,5,442.0,0.00297594516318626,19.0,0.002932213162013013,16.0,0.002761476264997392,15.0,0.00281829247087463,15.0,0.002821770126934446,,,,,0.941347006266131,0.9975194757207203,0.9886085007312413,0.9877812438119247,0.9877812438119246,,,,,,,,,,,,,,,,,,,,,,,,,,
980,comparison,Which hand is the man holding up?,left,http://images.cocodataset.org/train2014/COCO_train2014_000000393306.jpg,11,202,0.9992547962585393,-0.58935546875,Left,11,45.0,0.0018120813320407398,24.0,0.001807138103589642,18.0,0.0018005335146122788,24.0,0.0018055039784818409,23.0,0.0018052464261550678,34.0,0.0018068136816932396,24.0,0.0018040741190125155,0.7835807040488099,0.9145861360393777,0.9910760598382222,0.966465823449233,0.9876197168461964,0.9678708986241182,0.0,37.0,0.001806260313413493,18.0,0.001800805868796912,9.0,0.0018005335146122788,0.8996176895073753,0.6500224216483541,0.9910760598382222,25.0,0.0018000541712473231,0.857642267005082,,,,,,,,,,,,
981,comparison,Which floor lamp is not lit?,one in corner,http://images.cocodataset.org/train2014/COCO_train2014_000000524386.jpg,4,135,0.9804896818482941,-1.009765625,Right,4,279.0,0.0029972649956914363,51.0,0.002968291756977963,14.0,0.002786909456894524,25.0,0.0032137432834296953,,,,,,,0.9430397437552441,0.9266517916547401,0.9620871761502205,0.8869559756502736,,,,,,,,,,,,,,,,,,,,,,,,,,,
982,comparison,Which buses are double deckers?,0,http://images.cocodataset.org/train2014/COCO_train2014_000000000149.jpg,0,18,0.9990991466098961,-0.5498046875,,0,,,,,,,,,,,,,,,,,,,,,,,,,,,,,,,,,,,,,,,,,,,,,
983,comparison,Which way can you not turn?,left,http://images.cocodataset.org/train2014/COCO_train2014_000000393419.jpg,3,281,0.9996177194673995,-1.0732421875,Left,3,16.0,0.0017609284842844577,16.0,0.0017607576613243494,45.0,0.0017603419921214175,,,,,,,,,0.954434002924965,0.8194483718728035,0.8047028317163389,,,,,,,,,,,,,,,,,,,,,,,,,,,,
984,comparison,Which baby is still an infant?,neither,http://images.cocodataset.org/train2014/COCO_train2014_000000131279.jpg,2,167,0.9986425897703336,-1.04296875,Left,2,109.0,0.001963594655993192,15.0,0.0019734975179980445,,,,,,,,,,,0.9604128476358774,0.8443536850036224,,,,,,,,,,,,,,,,,,,,,,,,,,,,,
985,comparison,Which man is controlling the kite?,no,http://images.cocodataset.org/train2014/COCO_train2014_000000474858.jpg,9,327,0.9969354329894464,-0.76416015625,Man,9,38.0,0.002172211538932571,32.0,0.0021418749118029433,15.0,0.0021093633498568336,43.0,0.0021826716148023156,36.0,0.002157812933166398,21.0,0.0021032040319798424,17.0,0.0021006574135774806,0.9585817625446291,0.9649461852728508,0.9877812438119247,0.9939196904001502,0.9581655292280373,0.9580067478829604,0.9771236998460402,17.0,0.0022068382809932174,19.0,0.0021533908993121072,,,0.9774178175281716,0.9826301639446198,,,,,,,,,,,,,,,,
986,comparison,Which vehicle is the smallest?,car,http://images.cocodataset.org/train2014/COCO_train2014_000000131299.jpg,4,132,0.9908074210909628,-0.2337646484375,Car,4,132.0,0.002538652679077674,187.0,0.0025610834264490653,24.0,0.0025478690549722047,44.0,0.002580326726600773,,,,,,,0.9652704259148362,0.9666260215432284,0.9838824188369656,0.9487893502514079,,,,,,,,,,,,,,,,,,,,,,,,,,,
987,comparison,Which hand is the person holding the phone in?,left,http://images.cocodataset.org/train2014/COCO_train2014_000000393489.jpg,11,239,0.9982968245612627,-0.286376953125,Left,11,34.0,0.0019224631826470523,19.0,0.0019171180810985528,30.0,0.0019116193703233094,16.0,0.0019210988080111333,8.0,0.0019034509186986951,17.0,0.0019364628528243152,15.0,0.0019104092293418856,0.8991528740278206,0.9720048748581784,0.9411428016923042,0.8112781244591328,0.985056822321508,0.9975025463691153,0.9709505944546686,40.0,0.001921804723583632,16.0,0.0019153002158084748,19.0,0.0019277333528654338,0.9389563081339506,0.949701216438411,0.6292492238560345,34.0,0.0019264969859184684,0.8437360207941185,,,,,,,,,,,,
988,comparison,Which room is this?,bedroom,http://images.cocodataset.org/train2014/COCO_train2014_000000131352.jpg,6,116,0.9794953200975182,-0.01277923583984375,Bed,6,90.0,0.002814141174956382,148.0,0.0028091082868705254,28.0,0.002818318832417628,25.0,0.0028134869715752196,109.0,0.0027722063989878178,60.0,0.0027851464544487795,,,0.9738964240457846,0.8988158266572654,0.9988520869152713,0.9440510350957405,0.9210866342365763,0.9680898331617165,,,,,,,,,,,,,,,,,,,,,,,,,
989,comparison,Which two are actually playing?,0,http://images.cocodataset.org/train2014/COCO_train2014_000000131366.jpg,13,264,0.9972637353665589,-1.09765625,,13,22.0,0.00197359486986043,24.0,0.0019903181189488252,4.0,0.001966804979253112,20.0,0.0019767634854771787,15.0,0.001974550484094053,21.0,0.001974708555621419,65.0,0.001978933929141399,0.6840384356390417,0.9798687566511528,0.0,0.7298466991620975,0.9967916319816366,0.9937866610055328,0.8175332198945044,13.0,0.0019731886370890524,14.0,0.0019733254297569654,20.0,0.0019858921161825735,0.8956403056385981,0.9417346261113358,0.9372305632161296,15.0,0.001974550484094053,0.9967916319816366,19.0,0.0019729198514959597,0.9494520153879484,15.0,0.0019756569847856156,,,,,0.9018972358711528,,
990,comparison,Which direction is the turn lane going?,right,http://images.cocodataset.org/train2014/COCO_train2014_000000262442.jpg,9,242,0.9801565271049413,-0.78564453125,Right,9,47.0,0.003154244948428532,16.0,0.00310013684197779,36.0,0.0031351210250903858,38.0,0.0030277960665739084,22.0,0.0030021566647988065,19.0,0.0030019828383460925,17.0,0.0030844651943391158,0.9691013591580052,0.949701216438411,0.937543317539375,0.9067741259588816,0.928326606390466,0.9720048748581784,0.9770358764490155,13.0,0.0029352557659471207,19.0,0.003271587666503288,,,0.9770455804590027,0.8693978806749074,,,,,,,,,,,,,,,,
991,comparison,Which way is the man's hat facing?,down,http://images.cocodataset.org/train2014/COCO_train2014_000000131376.jpg,5,174,0.9997113460461164,-1.3408203125,Left,5,18.0,0.0017600279411261566,18.0,0.001756907521804208,16.0,0.0017562388605209334,44.0,0.001756603584857266,38.0,0.0017567667510077288,,,,,0.8527924884900404,0.9182958340544896,0.0,0.7827759528141421,0.7365705641335478,,,,,,,,,,,,,,,,,,,,,,,,,,
992,person identification,Who made the cock?,rolex,http://images.cocodataset.org/train2014/COCO_train2014_000000000064.jpg,6,278,0.8265247540116791,-1.015625,Ro,6,21.0,0.015210952612591247,18.0,0.024298236410633032,16.0,0.015208454546321642,18.0,0.014076073536409463,9.0,0.0068292589872476,18.0,0.01142978866813553,,,0.91874241485597,1.0,0.8348683589017412,0.8821022532543101,0.9656336071428252,0.9591479170272448,,,,,,,,,,,,,,,,,,,,,,,,,
993,person identification,Whose logo is on the official's chair?,wilson,http://images.cocodataset.org/train2014/COCO_train2014_000000262221.jpg,5,104,0.9937922283176656,-1.3115234375,Wilson,5,348.0,0.002279745149023288,28.0,0.0022921659699867295,93.0,0.0022694532333309906,47.0,0.0022992141754859803,28.0,0.0022815847075747893,,,,,0.9285925284037054,0.9963070340085629,0.931145244615091,0.9590777723971048,0.9259479222338544,,,,,,,,,,,,,,,,,,,,,,,,,,
994,person identification,Who is in the photo?,zebras,http://images.cocodataset.org/train2014/COCO_train2014_000000000154.jpg,8,208,0.9875310293969733,-0.1962890625,Z,8,40.0,0.002466428930949011,15.0,0.002382896956919502,78.0,0.002413396187316166,38.0,0.0024231124302175103,12.0,0.0023646948214133077,11.0,0.00238865257288984,21.0,0.0023865147726722853,0.9668153633468657,0.9664572819896989,0.9086031424069936,0.9540025720472327,1.0,0.9431887805255736,0.9898279823399507,21.0,0.0024181706605091438,,,,,0.997618320255157,,,,,,,,,,,,,,,,,
995,person identification,Who is going to eat this pizza?,people,http://images.cocodataset.org/train2014/COCO_train2014_000000000194.jpg,2,335,0.9995764778932096,-2.189453125,A,2,15.0,0.0018607079358356185,26.0,0.0018652920800762854,,,,,,,,,,,0.9877812438119247,0.9225500329642481,,,,,,,,,,,,,,,,,,,,,,,,,,,,,
996,person identification,Who is the woman the picture on wall?,none,http://images.cocodataset.org/train2014/COCO_train2014_000000131312.jpg,4,205,0.9989236455240743,-2.5234375,Mar,4,64.0,0.0018438976002263525,36.0,0.001840361793730299,33.0,0.0018395057519335653,15.0,0.001839635169276064,,,,,,,0.8890282117793468,0.7663361778585912,0.9044977267927372,0.7835807040488099,,,,,,,,,,,,,,,,,,,,,,,,,,,
997,person identification,Who is the pilot?,man,http://images.cocodataset.org/train2014/COCO_train2014_000000000247.jpg,3,239,0.9965185462763816,-2.458984375,Not,3,78.0,0.0019780249173015304,81.0,0.0019730109622417714,15.0,0.001979060094819688,,,,,,,,,0.8643688265401731,0.7464998189933274,0.8830374409547587,,,,,,,,,,,,,,,,,,,,,,,,,,,,
998,time-related,What game would you play when you saw this as a child?,tag,http://images.cocodataset.org/train2014/COCO_train2014_000000524375.jpg,7,156,0.9983677977004696,-1.302734375,Cow,7,30.0,0.0018697652471393175,16.0,0.0018695545931006583,24.0,0.0018709589533583868,18.0,0.0018724803436375923,16.0,0.0018732410387771953,16.0,0.0018732410387771953,18.0,0.0018724803436375923,0.7219280948873623,0.8112781244591328,0.9808340377961403,0.8527924884900406,0.954434002924965,0.954434002924965,0.8527924884900406,,,,,,,,,,,,,,,,,,,,,,,,
999,time-related,Were people moving when this picture was taken?,no,http://images.cocodataset.org/train2014/COCO_train2014_000000474858.jpg,3,156,0.9936790331233972,-0.6865234375,Yes,3,181.0,0.001987917930928003,16.0,0.0019876717715358663,37.0,0.0019858462623762118,,,,,,,,,0.9011155159817169,0.9755307720176266,0.787491552928635,,,,,,,,,,,,,,,,,,,,,,,,,,,,
