image_id,question_type,question,ground_truth,image_url,n_clusters,n_noise,attention_entropy,token_confidence,predicted_token,cluster_count,cluster_0_n_points,cluster_0_avg_strength,cluster_0_entropy,cluster_1_n_points,cluster_1_avg_strength,cluster_2_n_points,cluster_2_avg_strength,cluster_3_n_points,cluster_3_avg_strength,cluster_4_n_points,cluster_4_avg_strength,cluster_5_n_points,cluster_5_avg_strength,cluster_6_n_points,cluster_6_avg_strength,cluster_7_n_points,cluster_7_avg_strength,cluster_8_n_points,cluster_8_avg_strength,cluster_9_n_points,cluster_9_avg_strength,cluster_10_n_points,cluster_10_avg_strength,cluster_11_n_points,cluster_11_avg_strength,cluster_1_entropy,cluster_2_entropy,cluster_3_entropy,cluster_4_entropy,cluster_5_entropy,cluster_6_entropy,cluster_7_entropy,cluster_8_entropy,cluster_9_entropy,cluster_10_entropy,cluster_11_entropy,cluster_12_n_points,cluster_12_avg_strength,cluster_12_entropy,cluster_13_n_points,cluster_13_avg_strength,cluster_13_entropy
0,object identification,What is this photo taken looking through?,net,http://images.cocodataset.org/train2014/COCO_train2014_000000458752.jpg,1,370,0.9948797304193951,-0.741280734539032,Net,1,16.0,0.00284848402012884,0.886859507142915,,,,,,,,,,,,,,,,,,,,,,,,,,,,,,,,,,,,,,,
1,object identification,What is this man riding on?,skateboard,http://images.cocodataset.org/train2014/COCO_train2014_000000393227.jpg,12,176,0.9772842804234592,-0.022987300530076027,Sk,12,16.0,0.0032547878635530965,0.8950145145731531,41.0,0.00314860051370257,24.0,0.003289458823158596,17.0,0.0032283670093631043,15.0,0.0031176837976509015,16.0,0.003247817300119831,41.0,0.003196212305829763,34.0,0.0032093218424444746,29.0,0.003224205423913786,45.0,0.003113340696237307,42.0,0.003195929889161043,25.0,0.003205134141654877,0.9647274915584777,0.8687723652753049,0.9603948809345497,0.9446232142545791,0.9320201587042914,0.9644233312982443,0.9925301086302215,0.9339251527979022,0.9772939452796497,0.9909081175708434,0.9506546819022291,,,,,,
2,object identification,What is this person doing?,skiing,http://images.cocodataset.org/train2014/COCO_train2014_000000393230.jpg,4,244,0.9983825534830075,-0.8525318503379822,The,4,16.0,0.0021838325950171147,0.9772170014624825,58.0,0.002238260100509055,16.0,0.0020760798524158447,16.0,0.00219610471308129,,,,,,,,,,,,,,,,,0.962112198242415,0.9954133073923868,0.9528195311147832,,,,,,,,,,,,,,
3,object identification,What is this?,bear,http://images.cocodataset.org/train2014/COCO_train2014_000000137045.jpg,4,274,0.9608654943292657,-1.0891048908233643,Bear,4,33.0,0.005211229105892205,0.9372425311338689,15.0,0.004963843432911561,44.0,0.005735960405105772,16.0,0.0069402511301095695,,,,,,,,,,,,,,,,,0.9543063494363562,0.9571531019528033,0.886859507142915,,,,,,,,,,,,,,
4,object identification,What is this device?,refrigerator,http://images.cocodataset.org/train2014/COCO_train2014_000000131113.jpg,3,239,0.9967655496268867,-0.24692760407924652,Re,3,142.0,0.00250171416861233,0.9733513426140066,30.0,0.0024557376145680552,28.0,0.002336350579472972,,,,,,,,,,,,,,,,,,,0.9824567505740444,0.9930633401611941,,,,,,,,,,,,,,,
5,object identification,What is this animal?,elephant,http://images.cocodataset.org/train2014/COCO_train2014_000000262204.jpg,4,205,0.9984550738728192,-0.019028861075639725,Ele,4,64.0,0.002193776212435839,0.9610066726638047,90.0,0.002207729083185217,48.0,0.0022121800653870844,15.0,0.002034106928649638,,,,,,,,,,,,,,,,,0.9789262366457074,0.9171875130683798,0.9949490477321437,,,,,,,,,,,,,,
6,object identification,What is this person wearing on head?,hat,http://images.cocodataset.org/train2014/COCO_train2014_000000000086.jpg,6,204,0.9983656317264031,-0.14402242004871368,Hat,6,199.0,0.0020464397140372423,0.9766992736372966,17.0,0.0020099089092958686,20.0,0.0020090613089423816,19.0,0.0020139732428023044,25.0,0.002005760447117278,19.0,0.0020152774484553417,,,,,,,,,,,,,0.9605278493513334,1.0,0.9968868771609918,0.9556457132279714,0.9892422967543257,,,,,,,,,,,,
7,object identification,What is this man laying on?,surfboard,http://images.cocodataset.org/train2014/COCO_train2014_000000471373.jpg,5,344,0.9987416381062525,-0.03403230756521225,Sur,5,24.0,0.0019513073287467876,0.9306282244165778,16.0,0.0019532224000542446,15.0,0.0019489659217866557,19.0,0.0019373653149068295,8.0,0.001933458493460673,,,,,,,,,,,,,,,0.875,0.8983958159908183,0.9769780367557707,1.0,,,,,,,,,,,,,
8,object identification,What is this person holding?,hot dog,http://images.cocodataset.org/train2014/COCO_train2014_000000393428.jpg,6,236,0.9981870886170904,-0.18262039124965668,Hot,6,35.0,0.002178015083290508,0.9628422714174913,15.0,0.002031563343313151,76.0,0.002043540396082315,17.0,0.002027033219209601,18.0,0.0021484245219147414,34.0,0.0021200845543458942,,,,,,,,,,,,,0.9949490477321437,0.9907145300114533,0.9936520348079905,0.9342064019134054,0.9353911904897084,,,,,,,,,,,,
9,object identification,What is this person standing on?,sand,http://images.cocodataset.org/train2014/COCO_train2014_000000474858.jpg,3,284,0.9932343660803525,-0.21085621416568756,Sand,3,23.0,0.002507456422671936,0.9370919134731258,24.0,0.002365921750335427,18.0,0.0025765092806825647,,,,,,,,,,,,,,,,,,,0.9690222556651344,0.8527924884900406,,,,,,,,,,,,,,,
10,object identification,What is this cake made with?,chocolate,http://images.cocodataset.org/train2014/COCO_train2014_000000393445.jpg,13,245,0.9899790887027651,-0.12224200367927551,Ch,13,20.0,0.0021311401350779823,0.9911594714322186,22.0,0.002126636234524404,39.0,0.0021319029570922273,21.0,0.0021288489195633296,31.0,0.002124172102162678,15.0,0.0021258753752038365,20.0,0.0021250232403466234,15.0,0.0021212531777020077,41.0,0.0021248392645864954,25.0,0.0021292033130578267,29.0,0.0021276821454687916,26.0,0.0021258583193545086,0.9849226290193991,0.9876583949140946,0.9304144385624715,0.9349558617086284,0.9654013672997089,0.9927376486136672,0.944623214254579,0.9889948269999723,0.9934804071359582,0.98697797031737,0.982565040412523,18.0,0.0021285626531323816,1.0,,,
11,object identification,What is this person doing?,snowboarding,http://images.cocodataset.org/train2014/COCO_train2014_000000524551.jpg,2,280,0.9938202047848234,-0.8340779542922974,The,2,17.0,0.0029748194303615334,0.8661108318808242,22.0,0.0024964029541528496,,,,,,,,,,,,,,,,,,,,,0.9614103165917853,,,,,,,,,,,,,,,,
12,other,What position is this man playing?,pitcher,http://images.cocodataset.org/train2014/COCO_train2014_000000458752.jpg,3,318,0.9992738339828351,-0.11920883506536484,P,3,16.0,0.0020703677811584947,0.9886994082884974,16.0,0.002015469751951991,108.0,0.001962976059297221,,,,,,,,,,,,,,,,,,,0.8620485698650454,0.9786100198666824,,,,,,,,,,,,,,,
13,other,What is the person doing?,skiing,http://images.cocodataset.org/train2014/COCO_train2014_000000262146.jpg,6,224,0.9664374288118331,-0.7267114520072937,The,6,16.0,0.0041119939667532005,0.949701216438411,165.0,0.004253996442556593,21.0,0.004314440068260627,15.0,0.004128514032583277,24.0,0.004395235749150444,29.0,0.004071768681874911,,,,,,,,,,,,,0.9749373810007326,0.9211854965885542,0.9189900464321514,0.9608948553419607,0.9453273454467302,,,,,,,,,,,,
14,other,What is in the person's hand?,frisbee,http://images.cocodataset.org/train2014/COCO_train2014_000000524291.jpg,9,252,0.9991384977218994,-1.6356706619262695,A,9,19.0,0.0018849659301149297,0.9366107178069574,18.0,0.0018840786515639282,63.0,0.0018650799661282355,18.0,0.0018853548090621921,18.0,0.001844273877753129,16.0,0.0018595612662679736,26.0,0.0018679573188386043,11.0,0.0018864824509659981,17.0,0.0019093352411514285,,,,,,,0.9081700569267039,0.9656193879495089,0.8821022532543101,0.9941181381188445,0.9528195311147832,0.964563236385718,0.9940302114769565,0.8702290979524686,,,,,,,,,
15,other,Is the dog looking at a tennis ball or frisbee?,frisbee,http://images.cocodataset.org/train2014/COCO_train2014_000000524291.jpg,6,222,0.9987376204398872,-0.9495864510536194,F,6,20.0,0.0026911921370863724,0.8927376486136671,16.0,0.002266830173906704,16.0,0.002241090032429492,24.0,0.0021067640576552696,18.0,0.0023883392301461788,25.0,0.0024493613376072015,,,,,,,,,,,,,0.9886085007312413,0.9618974703476992,0.9677023894542703,0.977342973473178,0.9293334771441444,,,,,,,,,,,,
16,other,What is the white streak?,contrail,http://images.cocodataset.org/train2014/COCO_train2014_000000393221.jpg,4,202,0.9684301999121435,-1.6712605953216553,Jet,4,60.0,0.004425185530028075,0.9595959744046535,47.0,0.00596791673927554,22.0,0.004241230550605173,16.0,0.0038028816517041053,,,,,,,,,,,,,,,,,0.9319214404688005,0.9536483097207457,0.9724056781360314,,,,,,,,,,,,,,
17,other,What is the child doing?,brushing teeth,http://images.cocodataset.org/train2014/COCO_train2014_000000393223.jpg,9,209,0.9708952909266985,-0.590377688407898,The,9,15.0,0.004580102717446018,0.9182958340544896,24.0,0.004012954642892866,15.0,0.003585980765557394,15.0,0.003290976595865294,20.0,0.003965352675872702,22.0,0.003450920937063449,27.0,0.003781432072619718,27.0,0.0038065423884510174,18.0,0.004093316791717735,,,,,,,0.9478440781021911,0.9446232142545791,0.9718495448242642,0.8862106770924657,0.995226686335856,0.9683925140412226,0.9701541708942544,0.9758159039662214,,,,,,,,,
18,other,What is the business man doing in the picture?,frowning,http://images.cocodataset.org/train2014/COCO_train2014_000000393224.jpg,1,313,0.9632031156775666,-0.8655480146408081,The,1,16.0,0.005157935630376003,0.7743974703476992,,,,,,,,,,,,,,,,,,,,,,,,,,,,,,,,,,,,,,,
19,other,What is the man riding on?,motorcycle,http://images.cocodataset.org/train2014/COCO_train2014_000000131084.jpg,6,299,0.9983705813233955,-0.5844169855117798,D,6,18.0,0.0020342465348436155,0.8929352898779307,49.0,0.001966512809137386,17.0,0.001978544948523518,15.0,0.0019672235503891394,16.0,0.0019825278773914073,15.0,0.00196174220143823,,,,,,,,,,,,,0.9823822245392112,0.951983906543883,0.9609640474436811,0.9414280318460244,0.982798115178801,,,,,,,,,,,,
20,other,What is on the pillow?,gray,http://images.cocodataset.org/train2014/COCO_train2014_000000131074.jpg,14,144,0.9928449391038612,-1.9065357446670532,P,14,16.0,0.002148896030302829,0.9755307720176265,24.0,0.00216542245592429,18.0,0.0021592587322778216,16.0,0.0021247122907587243,44.0,0.002146974382481483,15.0,0.0021393397831847116,55.0,0.002142184499419638,84.0,0.002171113448836475,31.0,0.0021371933237810175,16.0,0.0021604189028533683,15.0,0.0021401654412524485,16.0,0.002146332159345435,0.9515535841814056,0.9728825026363701,0.9886085007312413,0.9749023327956898,1.0,0.9657358373951005,0.9759385573235455,0.9714634447796382,0.886859507142915,0.9877812438119246,0.9755307720176266,25.0,0.0021574792905829266,0.9249688113716502,16.0,0.0021574434584852578,0.949701216438411
21,other,What is sitting on the bench?,purse,http://images.cocodataset.org/train2014/COCO_train2014_000000131074.jpg,1,255,0.994387066104793,-0.8452702760696411,Pur,1,95.0,0.0032857061565810856,0.9735578359047798,,,,,,,,,,,,,,,,,,,,,,,,,,,,,,,,,,,,,,,
22,other,What is the man doing?,skiing,http://images.cocodataset.org/train2014/COCO_train2014_000000393230.jpg,6,235,0.986865200377266,-0.6940596699714661,The,6,26.0,0.0032267844128685,0.9521658521149182,15.0,0.002997058914501908,114.0,0.003256327512428217,32.0,0.0029602784004153816,38.0,0.003627277771575133,25.0,0.0030632757471795386,,,,,,,,,,,,,0.9147366491799204,0.9590358512023183,0.9503031256961773,0.9417970286595597,0.9949956408022635,,,,,,,,,,,,
23,other,What is the person wearing?,skis,http://images.cocodataset.org/train2014/COCO_train2014_000000393230.jpg,6,253,0.9922569760233517,-1.377563714981079,Jack,6,39.0,0.002388327972514815,0.9957460478621499,23.0,0.002350180674801596,15.0,0.00237449820491357,15.0,0.0023730748038761854,22.0,0.0023898349641195862,22.0,0.0024482897009379966,,,,,,,,,,,,,0.9910581831938823,1.0,1.0,0.9970151057384782,0.8383685150260665,,,,,,,,,,,,
24,other,What is she holding?,poles,http://images.cocodataset.org/train2014/COCO_train2014_000000393230.jpg,7,204,0.9985880257032136,-0.45861849188804626,Ski,7,54.0,0.0018503838980275101,0.9616147884632652,16.0,0.0018848888973014733,20.0,0.0018592247955955428,17.0,0.0018496636024685528,9.0,0.001834136333036031,58.0,0.0018560813345862846,25.0,0.0018449140299549585,,,,,,,,,,,0.954434002924965,0.9304820237218405,0.9771236998460402,0.9656336071428252,0.9573989077873268,0.9543073978906051,,,,,,,,,,,
25,other,What is the dog riding on?,surfboard,http://images.cocodataset.org/train2014/COCO_train2014_000000131087.jpg,7,161,0.9988349230003291,-0.04244949296116829,Sur,7,51.0,0.0019469890199635249,0.9527817168340403,15.0,0.0019256985746384898,23.0,0.001938754963352224,16.0,0.0019404148367470192,18.0,0.0019514056154458072,146.0,0.001938535021581216,45.0,0.0019410995694977065,,,,,,,,,,,0.9609640474436811,0.9673629259545933,0.9965119062478288,0.9915323997298832,0.9888040901090206,0.9833561991788737,,,,,,,,,,,
26,other,What is in the water?,dog,http://images.cocodataset.org/train2014/COCO_train2014_000000131087.jpg,2,214,0.9974702012078384,-0.39782997965812683,Sur,2,63.0,0.0031186616419078914,0.9541529671119195,27.0,0.002658031733534625,,,,,,,,,,,,,,,,,,,,,0.9643682935866033,,,,,,,,,,,,,,,,
27,other,"What does the green light, on the TV, indicate?",on,http://images.cocodataset.org/train2014/COCO_train2014_000000131075.jpg,8,251,0.9957883191338562,-0.9904668927192688,The,8,49.0,0.002475752556078558,0.9548335244762229,32.0,0.002407040052357112,15.0,0.0025589546381326166,27.0,0.0024561379595824133,16.0,0.0025031799900619065,24.0,0.0024254995192115538,50.0,0.002525300640810561,24.0,0.002499917947395507,,,,,,,,,0.9444108295379132,0.9967916319816366,0.9082192657503421,0.8957541375001011,0.9398009074013692,0.9715421672257217,0.9515535841814056,,,,,,,,,,
28,other,What room of the house is this?,office,http://images.cocodataset.org/train2014/COCO_train2014_000000131075.jpg,6,122,0.9909698716979309,-0.3292185366153717,Office,6,58.0,0.0024286200231725128,0.9807991742321365,293.0,0.0024928885072283856,11.0,0.0023672030875145278,11.0,0.0024578054401288283,28.0,0.0024334328356675145,15.0,0.0025275799699038134,,,,,,,,,,,,,0.9817180431585336,0.9713067383178076,0.9940302114769565,0.9840134433076082,0.8443536850036222,,,,,,,,,,,,
29,other,What is the size of the TV?,large,http://images.cocodataset.org/train2014/COCO_train2014_000000131075.jpg,0,344,0.9990291826953909,-0.44768816232681274,Lar,0,,,,,,,,,,,,,,,,,,,,,,,,,,,,,,,,,,,,,,,,,,
30,other,How big is the TV?,very big,http://images.cocodataset.org/train2014/COCO_train2014_000000131075.jpg,3,315,0.9988401474315176,-0.7300753593444824,Lar,3,23.0,0.002013182116172487,0.9765762937075554,20.0,0.0020373910093784316,16.0,0.001970412011106389,,,,,,,,,,,,,,,,,,,0.9835386311891134,0.9248008763572907,,,,,,,,,,,,,,,
31,other,What companion object to the TV can be seen in the bottom right of the picture?,laptop,http://images.cocodataset.org/train2014/COCO_train2014_000000131075.jpg,4,193,0.9916373058769276,-0.5811519622802734,La,4,18.0,0.0036692939216985874,0.9535998353544741,106.0,0.00407014439873043,21.0,0.004531547203424141,18.0,0.003862245985085808,,,,,,,,,,,,,,,,,0.9678095134410207,0.8907082013105603,0.9206250851407773,,,,,,,,,,,,,,
32,other,What is the small computer on the left called?,laptop,http://images.cocodataset.org/train2014/COCO_train2014_000000131075.jpg,4,204,0.9975175497552704,-0.6766418218612671,La,4,25.0,0.0027537794044816583,0.9393705765331458,102.0,0.0026822305972291224,23.0,0.0026405007943149606,11.0,0.002685269325758202,,,,,,,,,,,,,,,,,0.9722579248221281,0.9443479439410531,0.9940302114769565,,,,,,,,,,,,,,
33,other,What is above the TV?,vent,http://images.cocodataset.org/train2014/COCO_train2014_000000131075.jpg,4,194,0.9979405212820517,-0.30137139558792114,Project,4,130.0,0.0021080317020664065,0.9799219668325821,16.0,0.002121059689397563,15.0,0.0020436117144051955,22.0,0.0021582712197587782,,,,,,,,,,,,,,,,,0.875,0.9859247724121322,0.9292776059351573,,,,,,,,,,,,,,
34,other,What is on the display?,document,http://images.cocodataset.org/train2014/COCO_train2014_000000131075.jpg,5,221,0.9190659139439186,-1.0193549394607544,Out,5,113.0,0.007975090889651995,0.9613383895177444,12.0,0.006966274071659208,22.0,0.004903340173533487,21.0,0.008925059608046607,23.0,0.008422086072453837,,,,,,,,,,,,,,,0.9358932809493993,0.9673124750084657,0.9164299980118937,0.9244732696028456,,,,,,,,,,,,,
35,other,Is it a monitor or a screen projection?,screen projection,http://images.cocodataset.org/train2014/COCO_train2014_000000131075.jpg,3,256,0.9614641687488268,-0.6383779644966125,Screen,3,68.0,0.0075162104197005674,0.9573421025733717,16.0,0.00461359435395642,19.0,0.005680507122212302,,,,,,,,,,,,,,,,,,,0.9283832117695864,0.9224323529821663,,,,,,,,,,,,,,,
36,other,What is on the TV screen?,computer,http://images.cocodataset.org/train2014/COCO_train2014_000000131075.jpg,6,213,0.9313765170092707,-1.16265869140625,Out,6,113.0,0.007307446308645771,0.962522971749699,13.0,0.0066521794713054975,10.0,0.0031890461069801175,22.0,0.004579036681157728,21.0,0.008075684061790551,24.0,0.007802049539854726,,,,,,,,,,,,,0.9214632400757701,0.9854752972273344,0.9673124750084657,0.9164299980118937,0.9192496137328233,,,,,,,,,,,,
37,other,What is the title of the presentation in the picture?,outlook web app,http://images.cocodataset.org/train2014/COCO_train2014_000000131075.jpg,1,258,0.9919200453683981,-0.6359298229217529,Out,1,16.0,0.002915383534213022,0.9618974703476992,,,,,,,,,,,,,,,,,,,,,,,,,,,,,,,,,,,,,,,
38,other,What is the man playing?,wii,http://images.cocodataset.org/train2014/COCO_train2014_000000524311.jpg,2,210,0.9885927487701756,-0.33083853125572205,W,2,86.0,0.0041404774378396595,0.9560571550506849,16.0,0.0036441219194374985,,,,,,,,,,,,,,,,,,,,,0.9248008763572906,,,,,,,,,,,,,,,,
39,other,What does the man have on his face?,glasses,http://images.cocodataset.org/train2014/COCO_train2014_000000524311.jpg,8,335,0.9993926348296631,-0.3657515048980713,G,8,47.0,0.0017853692889376995,0.9576330219254543,21.0,0.0017821742359414312,29.0,0.0017826550263445855,15.0,0.0017851803618059048,73.0,0.0017831357354000108,22.0,0.0017823846042533474,17.0,0.001783173840320053,18.0,0.001783386122156101,,,,,,,,,0.9849500113113598,0.952425013614611,0.9967916319816366,0.9835417672133074,0.9023079388127894,0.9360847109776411,0.9728825026363701,,,,,,,,,,
40,other,What is in front of the giraffes?,tree,http://images.cocodataset.org/train2014/COCO_train2014_000000000025.jpg,5,160,0.9976991361815686,-1.0163557529449463,Log,5,16.0,0.002415628528954629,0.9886085007312413,23.0,0.0026263387760258523,96.0,0.0029762258285410555,20.0,0.0023391671171241993,15.0,0.002312877477749901,,,,,,,,,,,,,,,0.9841517646228418,0.9492099665624473,0.961513096044501,0.9949490477321437,,,,,,,,,,,,,
41,other,What do these giraffes have in common?,eating,http://images.cocodataset.org/train2014/COCO_train2014_000000000025.jpg,5,247,0.9985519988783484,-1.6401653289794922,They,5,28.0,0.002283144525112649,0.9938747069399737,27.0,0.0023368200921937803,15.0,0.0021127523324810152,11.0,0.0022466877057272737,32.0,0.002248345473100442,,,,,,,,,,,,,,,0.8883490448731365,0.982798115178801,0.9940302114769565,0.9541824894160462,,,,,,,,,,,,,
42,other,What is the giraffe standing behind?,tree,http://images.cocodataset.org/train2014/COCO_train2014_000000000025.jpg,2,231,0.9976981555527135,-1.014675498008728,Log,2,16.0,0.0027172247458516416,0.949701216438411,33.0,0.0029478790393002094,,,,,,,,,,,,,,,,,,,,,0.973259728348879,,,,,,,,,,,,,,,,
43,other,What is on the ground next to the giraffe on the right?,log,http://images.cocodataset.org/train2014/COCO_train2014_000000000025.jpg,5,212,0.9986073015463922,-0.6021549701690674,Log,5,108.0,0.002227609866600069,0.9695047793865402,9.0,0.002108265124713979,81.0,0.002188601107741544,15.0,0.001988024570610631,18.0,0.0020770218501144143,,,,,,,,,,,,,,,0.9182958340544896,0.9718207283266013,0.9718495448242642,0.9955380299191112,,,,,,,,,,,,,
44,other,How is the man sitting?,cross legged,http://images.cocodataset.org/train2014/COCO_train2014_000000524314.jpg,7,235,0.9979156161459232,-1.583821177482605,On,7,24.0,0.0021366194806893917,0.9119543649294083,69.0,0.0021001029147664713,27.0,0.0020909035016043426,16.0,0.0020721074192878736,51.0,0.002083665719034509,6.0,0.0020167662843525377,25.0,0.002125233831259865,,,,,,,,,,,0.9816181888975881,0.9743163353697012,0.9528195311147832,0.9745724829150421,1.0,0.9598206673056707,,,,,,,,,,,
45,other,"What does the word in the upper-left corner, behind the window, translate to in English?",automatic,http://images.cocodataset.org/train2014/COCO_train2014_000000524314.jpg,5,236,0.987522810833606,-0.41282013058662415,Autom,5,69.0,0.003012759585476789,0.9738148470063052,20.0,0.003046850742356719,30.0,0.0032164393946752445,17.0,0.002792052019684911,16.0,0.0038725620593722644,,,,,,,,,,,,,,,0.9403319177008926,0.9313134025058285,0.9719977955078916,0.954434002924965,,,,,,,,,,,,,
46,other,What type of watercraft is that?,raft,http://images.cocodataset.org/train2014/COCO_train2014_000000262171.jpg,3,237,0.99903242219815,-0.5865410566329956,Bo,3,80.0,0.001968475419302601,0.9703485944213184,31.0,0.001977913789791066,41.0,0.002002965113770325,,,,,,,,,,,,,,,,,,,0.9310362060462597,0.9766979248293577,,,,,,,,,,,,,,,
47,other,What is the vase sitting on?,railing,http://images.cocodataset.org/train2014/COCO_train2014_000000000030.jpg,5,236,0.9986204783308452,-1.2221364974975586,Table,5,127.0,0.002109660678058482,0.970467395451186,23.0,0.0020457292791556197,11.0,0.0020152775294782687,16.0,0.002143825813161774,16.0,0.0019962103312984943,,,,,,,,,,,,,,,0.9841517646228418,0.9713067383178076,0.8194483718728035,0.9592101522724052,,,,,,,,,,,,,
48,other,Is the sun to the right or left of this flower?,left,http://images.cocodataset.org/train2014/COCO_train2014_000000000030.jpg,8,174,0.9982359340697369,-0.46742308139801025,Left,8,50.0,0.0021073757876798344,0.9578737774786394,9.0,0.002004970786320465,34.0,0.0020543443915391328,11.0,0.00209909233163152,20.0,0.00214961985350737,59.0,0.0020054540333427078,16.0,0.00202162522397963,16.0,0.0020275437486500865,,,,,,,,,0.9656336071428251,0.9792171830657913,0.9940302114769565,0.8427376486136672,0.9799075426691864,0.9592101522724051,0.9886085007312413,,,,,,,,,,
49,other,What is the zebra eating?,grass,http://images.cocodataset.org/train2014/COCO_train2014_000000240304.jpg,11,230,0.999606105846903,-1.386210560798645,Le,11,28.0,0.001831886680759506,0.9806758027350554,20.0,0.001859163751341549,29.0,0.001852201265166519,40.0,0.001842210071864325,62.0,0.0018397419653249619,23.0,0.0018403153803827242,17.0,0.0018288934130277945,18.0,0.0018427516988820396,16.0,0.001845624433409235,9.0,0.0018160431925025877,22.0,0.0018480116709141778,,,0.9197173235750933,0.9239223761595892,0.949243640706387,0.9683403390594321,0.992638795254511,0.9519839065438831,0.8962406251802889,0.8620485698650454,0.9057125980138372,0.9283266063904658,,,,,,,
50,other,What is the tree covered with?,wire,http://images.cocodataset.org/train2014/COCO_train2014_000000240304.jpg,7,215,0.9913678475464228,-0.41049450635910034,Le,7,42.0,0.002409470654511995,0.9814867603669302,75.0,0.002414008123075748,38.0,0.0023805050287822706,21.0,0.0023710198564007266,36.0,0.0023860557468912305,20.0,0.002388402970275783,20.0,0.0023946619951037956,,,,,,,,,,,0.9616994682695974,0.9776372976668728,0.9722983600493944,0.974291176503168,0.9927376486136672,0.9763620978123273,,,,,,,,,,,
51,other,What is the animal eating?,grass,http://images.cocodataset.org/train2014/COCO_train2014_000000000034.jpg,4,248,0.9948240071864202,-0.1645319163799286,Gr,4,25.0,0.0020524038704226237,1.0,31.0,0.0020379050627911777,26.0,0.002027700124903325,28.0,0.0020245105330105612,,,,,,,,,,,,,,,,,0.9942007542282729,0.9896395213206991,0.9923242073613431,,,,,,,,,,,,,,
52,other,How old is animal?,10 years,http://images.cocodataset.org/train2014/COCO_train2014_000000000034.jpg,5,295,0.9976504986740578,-0.7501601576805115,Young,5,15.0,0.002127337243305506,0.9877812438119247,11.0,0.002088760330247043,15.0,0.0020557619056915774,21.0,0.002226154731585069,28.0,0.0021565659645980902,,,,,,,,,,,,,,,0.9056185178648963,0.9949490477321437,0.842092868454217,0.9894065290848518,,,,,,,,,,,,,
53,other,What is the man holding?,knife,http://images.cocodataset.org/train2014/COCO_train2014_000000393251.jpg,4,181,0.9890654666745411,-1.4746310710906982,Kn,4,76.0,0.0025231674664061956,0.9855183782001604,122.0,0.0025710083587643577,20.0,0.0025878499641277465,19.0,0.0024975211518129484,,,,,,,,,,,,,,,,,0.9834799700549237,1.0,0.996352882445333,,,,,,,,,,,,,,
54,other,What is the man cutting?,cake,http://images.cocodataset.org/train2014/COCO_train2014_000000393251.jpg,10,232,0.9991172113510939,-0.12633240222930908,C,10,42.0,0.0019654787299238636,0.9875870290688522,16.0,0.0020071166699090807,15.0,0.0020038777878682197,16.0,0.0019506758945255168,24.0,0.0019205357205775342,16.0,0.00192653240303268,8.0,0.001903622061109259,33.0,0.001891567788949344,17.0,0.0019477090579974909,20.0,0.0019678517214420073,,,,,0.9886994082884974,0.9182958340544896,0.985056822321508,0.9560107101418428,0.9248008763572907,0.954434002924965,0.9792194736588163,0.9967828263127351,0.8911143594569009,,,,,,,,
55,other,What is the fruit?,banana,http://images.cocodataset.org/train2014/COCO_train2014_000000262180.jpg,5,290,0.9965026504891197,-0.034152258187532425,Ban,5,16.0,0.002223726099565955,0.9886085007312413,27.0,0.0022540336181915564,39.0,0.0022745751859030044,52.0,0.0023266781418153017,17.0,0.002295899675563679,,,,,,,,,,,,,,,0.9749158709665854,0.9699953434350904,0.983577068423504,0.9256134079485958,,,,,,,,,,,,,
56,other,What is the name of the type of person that would make this food?,chef,http://images.cocodataset.org/train2014/COCO_train2014_000000262180.jpg,4,291,0.9977206773389128,-0.2514694631099701,Che,4,46.0,0.0022734167128824786,0.9379810943999064,17.0,0.00221625739697532,15.0,0.0021745099684178956,20.0,0.002228917438940296,,,,,,,,,,,,,,,,,0.9770358764490155,0.8616157143988104,0.9288587345650742,,,,,,,,,,,,,,
57,other,What type of ice cream is on the plate?,vanilla,http://images.cocodataset.org/train2014/COCO_train2014_000000262180.jpg,6,210,0.996190619118461,-0.7709563970565796,Van,6,16.0,0.002362814722125018,0.9414280318460245,39.0,0.0024142588043818873,17.0,0.0022909075839783214,6.0,0.0022627329200035997,40.0,0.0023123495220951154,50.0,0.0022887135712593727,,,,,,,,,,,,,0.9375127829937075,0.9503435562077924,0.9182958340544896,0.9729798683735963,0.9819648146778504,,,,,,,,,,,,
58,other,Is this an indoor or outdoor photo?,outdoor,http://images.cocodataset.org/train2014/COCO_train2014_000000524325.jpg,5,214,0.9929888710028882,-0.03743278607726097,Out,5,48.0,0.002365635154106002,0.9923402344426084,27.0,0.0023742823919817193,39.0,0.0023782057485149375,15.0,0.002381215368477505,22.0,0.002371824545438873,,,,,,,,,,,,,,,0.9891024697768299,0.9858687170865098,0.9949490477321437,0.9732146334251459,,,,,,,,,,,,,
59,other,What's missing from this hot dog?,mustard,http://images.cocodataset.org/train2014/COCO_train2014_000000043697.jpg,10,279,0.9877161524264734,-1.2956411838531494,K,10,49.0,0.0022751687913859344,0.9704745276465839,17.0,0.002239912382852551,19.0,0.002285697268401896,71.0,0.0022820056989278008,20.0,0.002274280779356016,29.0,0.0022635831767071884,17.0,0.002291315863124994,9.0,0.0022532744745027197,22.0,0.0022994928841136124,30.0,0.0022699623061458066,,,,,0.9429842044464151,0.9649618403823442,0.9648619663444841,0.9232196723355077,0.9742418047665328,0.8846148739279865,0.9910760598382222,0.9643787017331664,0.9225403154817576,,,,,,,,
60,other,What is the hog dog sitting on?,bun,http://images.cocodataset.org/train2014/COCO_train2014_000000043697.jpg,9,184,0.999044124516613,-1.1501933336257935,Nap,9,23.0,0.0018903461564448527,0.941022554068431,108.0,0.0018686774593257333,15.0,0.001879576834051809,33.0,0.0018629200854674921,24.0,0.00187204491519597,16.0,0.00185815363133153,28.0,0.001881250294426089,18.0,0.0018726825442970058,15.0,0.001862241141552906,,,,,,,0.9751591313083049,0.9500685975366211,0.9791840252878639,0.9296487541666036,0.9886085007312413,0.9938747069399737,0.9388201415867106,0.9161314485121342,,,,,,,,,
61,other,What is the sky full of?,clouds,http://images.cocodataset.org/train2014/COCO_train2014_000000262184.jpg,4,161,0.9973131938032348,-0.07884813100099564,Cloud,4,220.0,0.002361366736848345,0.9806767775515849,36.0,0.002452237289063411,15.0,0.0023687288371330223,12.0,0.002281855775605177,,,,,,,,,,,,,,,,,0.945076452643644,0.9602297178607612,0.920619835714305,,,,,,,,,,,,,,
62,other,What is the color of the carpet?,brown,http://images.cocodataset.org/train2014/COCO_train2014_000000131113.jpg,3,244,0.9867909098545726,-1.3387300968170166,Blue,3,15.0,0.003929414987445216,0.9543063494363562,53.0,0.0044107014634843155,27.0,0.004836700585192722,,,,,,,,,,,,,,,,,,,0.9693514393017428,0.9286520722868113,,,,,,,,,,,,,,,
63,other,What shape are the windows on the side of the plane?,square,http://images.cocodataset.org/train2014/COCO_train2014_000000262187.jpg,3,162,0.9973080624301096,-1.064629077911377,Rect,3,103.0,0.002007890802571926,0.9659388282819598,129.0,0.002013516608680574,76.0,0.0020086398686078692,,,,,,,,,,,,,,,,,,,0.9703514468229177,0.9466137254190986,,,,,,,,,,,,,,,
64,other,What is the website on the sign?,wmatacom,http://images.cocodataset.org/train2014/COCO_train2014_000000262191.jpg,0,294,0.9983633403930412,-1.4275187253952026,W,0,,,,,,,,,,,,,,,,,,,,,,,,,,,,,,,,,,,,,,,,,,
65,other,What is the bear called?,teddy,http://images.cocodataset.org/train2014/COCO_train2014_000000262191.jpg,9,258,0.9941738191623664,-0.26297664642333984,Ted,9,124.0,0.0025333901015853356,0.9862334409315622,29.0,0.0025098641989014033,21.0,0.00256377036305724,26.0,0.0025526840358139945,50.0,0.0025046698880220796,39.0,0.0024816127754939844,27.0,0.002493320215395081,21.0,0.0024949676411225833,31.0,0.0025242560358473805,,,,,,,0.9984672906700829,1.0,0.980618302361438,0.99328361776318,0.9837190093672675,0.9889836699098602,0.9907017951253161,0.9953897503830361,,,,,,,,,
66,other,What type of tree is the man standing next to?,elm,http://images.cocodataset.org/train2014/COCO_train2014_000000524338.jpg,1,217,0.9722147285684422,-0.9829784631729126,Oak,1,118.0,0.0070724972061421065,0.9517729986331055,,,,,,,,,,,,,,,,,,,,,,,,,,,,,,,,,,,,,,,
67,other,What pattern is on the pants?,stripes,http://images.cocodataset.org/train2014/COCO_train2014_000000213863.jpg,9,67,0.9884081012035877,-0.24826189875602722,St,9,112.0,0.00222010102523208,0.9706767566430373,38.0,0.00221764899083297,88.0,0.0022194520906970794,100.0,0.0022184281731356514,17.0,0.002215534332561937,15.0,0.0022079773688899423,18.0,0.0022259496491509128,77.0,0.0022325475269137415,64.0,0.0022280770947950843,,,,,,,0.9706170664709587,0.9758606356068793,0.9886163074765361,0.925613407948596,0.9446232142545791,0.9656336071428251,0.9784358955075831,0.9820462605406379,,,,,,,,,
68,other,What sport is this person playing?,baseball,http://images.cocodataset.org/train2014/COCO_train2014_000000213863.jpg,5,270,0.9939689576889968,-0.007030406501144171,Baseball,5,17.0,0.002452302123671226,0.951983906543883,57.0,0.0024662223593026776,28.0,0.0024720496036137484,46.0,0.002615110582282657,40.0,0.0027255751821544565,,,,,,,,,,,,,,,0.971713644017722,0.9930633401611941,0.9420996137664269,0.9294659317156955,,,,,,,,,,,,,
69,other,What is the position of the player behind the batter called?,catcher,http://images.cocodataset.org/train2014/COCO_train2014_000000213863.jpg,4,108,0.9932483684372162,-0.04568713903427124,C,4,15.0,0.0030066252867954847,0.9877812438119246,274.0,0.003133416408593809,25.0,0.0029326899531663363,17.0,0.0030476896579699243,,,,,,,,,,,,,,,,,0.9790331833871101,0.9005281271448751,0.8919296718389884,,,,,,,,,,,,,,
70,other,What are they drinking?,beer,http://images.cocodataset.org/train2014/COCO_train2014_000000393268.jpg,7,238,0.9978318447074643,-0.13066698610782623,Be,7,20.0,0.002230652746316536,0.9074899102582407,17.0,0.002120830914183445,52.0,0.0021433492662981763,16.0,0.002114468705770647,17.0,0.002098977016059053,20.0,0.0021528495533651355,10.0,0.0022459309315529205,,,,,,,,,,,0.9856676426534905,0.967360038391033,0.9886085007312413,0.9429842044464151,0.9077266474915605,0.8812908992306927,,,,,,,,,,,
71,other,What brand of beer is visible?,sierra nevada,http://images.cocodataset.org/train2014/COCO_train2014_000000393268.jpg,4,256,0.9993183497425394,-1.849627137184143,P,4,63.0,0.001869920732275689,0.9747979138342636,20.0,0.0018976203871569858,38.0,0.0018546080758042067,22.0,0.0018429213404886498,,,,,,,,,,,,,,,,,0.9372305632161296,0.9528852408130064,0.968678472757837,,,,,,,,,,,,,,
72,other,What logo is on the man's shirt?,nike,http://images.cocodataset.org/train2014/COCO_train2014_000000131127.jpg,6,132,0.9961528245834288,-0.25150179862976074,N,6,15.0,0.002247071245505284,0.8983958159908182,7.0,0.0020253112022669975,136.0,0.002376596571949081,72.0,0.002355095373032829,33.0,0.0024292920250268118,16.0,0.002376122179468174,,,,,,,,,,,,,0.9821410328348752,0.9627082286234077,0.9517295703434276,0.897444507263125,0.949701216438411,,,,,,,,,,,,
73,other,What direction is the bird looking?,right,http://images.cocodataset.org/train2014/COCO_train2014_000000262201.jpg,5,218,0.9975207919132808,-1.074902892112732,Right,5,127.0,0.002158105052637851,0.9770148467875952,22.0,0.0021271432381316916,15.0,0.002229630325046719,17.0,0.0022135121857861377,34.0,0.0021335138120843248,,,,,,,,,,,,,,,0.972959493974982,0.8649735207179273,0.9603948809345497,0.9675790359315454,,,,,,,,,,,,,
74,other,What time of day is it?,morning,http://images.cocodataset.org/train2014/COCO_train2014_000000370986.jpg,7,167,0.9991826551218304,-1.2138419151306152,Af,7,48.0,0.0019009577831755166,0.9548038428542411,77.0,0.0018993658552281844,86.0,0.0018954875868128298,21.0,0.0019000148698255371,12.0,0.0018968506872536668,14.0,0.001931555037505647,21.0,0.001919383251655724,,,,,,,,,,,0.9447742208410846,0.9703230628484337,0.997618320255157,0.8734790278701756,0.9402859586706311,0.8881659264001537,,,,,,,,,,,
75,other,What type of plane is this?,propeller,http://images.cocodataset.org/train2014/COCO_train2014_000000131133.jpg,7,171,0.9971031567339448,-1.530693531036377,Small,7,140.0,0.001955506667902298,0.969036444597728,69.0,0.001964920332968911,16.0,0.0019276829009734213,12.0,0.0019192743617930995,37.0,0.0019461878392371705,15.0,0.0019386814534780657,20.0,0.0019537239579232144,,,,,,,,,,,0.9635793878829912,0.9681390622295665,1.0,0.9705934891531607,0.9654013672997089,0.9008047485295138,,,,,,,,,,,
76,other,What is in the picture?,clock,http://images.cocodataset.org/train2014/COCO_train2014_000000000064.jpg,5,188,0.9981820601815092,-1.5349434614181519,C,5,37.0,0.0020301876765794246,0.9637417749320162,28.0,0.0020229107974885576,15.0,0.0020398294952861007,124.0,0.0020007366931931083,17.0,0.001973696137274587,,,,,,,,,,,,,,,0.9654309967872982,0.9602297178607612,0.9758828924692655,0.9844171139677748,,,,,,,,,,,,,
77,other,What time is the clock showing?,6:10,http://images.cocodataset.org/train2014/COCO_train2014_000000000064.jpg,9,157,0.9989621060866982,-0.3560032844543457,,9,67.0,0.001950113468444737,0.9499399921270855,36.0,0.001944954077171041,24.0,0.0019178702199722489,86.0,0.001928776144597458,14.0,0.0019344767082968251,23.0,0.0019270103062080926,36.0,0.0019471827758140725,20.0,0.0019334418947389354,14.0,0.0019221160860757537,,,,,,,0.9482692959426918,0.9560107101418428,0.9772312196339232,0.9032139773855579,0.9155340029899333,0.9899898520361183,0.9703227248076731,0.9821410328348752,,,,,,,,,
78,other,What are the vases sitting on?,table,http://images.cocodataset.org/train2014/COCO_train2014_000000458763.jpg,9,236,0.9981025230732022,-0.7693058252334595,Table,9,15.0,0.0022153405651639375,0.9018972358711528,16.0,0.0020835355424211116,23.0,0.0022109807956093522,8.0,0.0021048875791847598,15.0,0.0022114432301236107,38.0,0.002221307612311652,26.0,0.0021559361176727806,18.0,0.0021434267756825828,16.0,0.002086818563701425,,,,,,,0.9592101522724051,0.9203009775994396,0.954434002924965,0.9189900464321514,0.924466847796923,0.9743092791511181,0.9773429734731779,0.9592101522724052,,,,,,,,,
79,other,What is the table made of?,wood,http://images.cocodataset.org/train2014/COCO_train2014_000000458763.jpg,6,170,0.9967924703801156,-0.12204689532518387,Wood,6,141.0,0.0021455327899469363,0.9890119164942622,16.0,0.002135157968483407,43.0,0.0021317633123237394,11.0,0.00211894070170396,15.0,0.002126620074438002,16.0,0.0022955693410800972,,,,,,,,,,,,,0.9528195311147832,0.9950506956391538,0.9431887805255736,0.9446232142545791,0.9886994082884974,,,,,,,,,,,,
80,other,What is the green stuff on this pizza?,spinach,http://images.cocodataset.org/train2014/COCO_train2014_000000567990.jpg,7,251,0.9951870388506611,-0.5289545655250549,Bro,7,15.0,0.002746563475516895,0.8983958159908182,16.0,0.002530905673300654,43.0,0.0031494742275197346,26.0,0.0025319519296100584,20.0,0.003730174312753822,15.0,0.0033790450390613447,28.0,0.0028783052455423792,,,,,,,,,,,0.9283832117695864,0.9268480303713198,0.963638119861195,0.8637400525036966,0.8443536850036224,0.9444758488000338,,,,,,,,,,,
81,other,Is it thick or thin crust?,thick,http://images.cocodataset.org/train2014/COCO_train2014_000000567990.jpg,1,217,0.9529862342564737,-0.00571096409112215,Th,1,35.0,0.01723048115490902,0.9142375839462944,,,,,,,,,,,,,,,,,,,,,,,,,,,,,,,,,,,,,,,
82,other,What is the orange thing?,bag,http://images.cocodataset.org/train2014/COCO_train2014_000000393286.jpg,6,241,0.9987365677957517,-0.3297589123249054,Ban,6,59.0,0.002042408827673018,0.9585113548896039,15.0,0.001976177204248514,35.0,0.0019863329603210748,10.0,0.0019681129831470834,18.0,0.0020041778484486067,20.0,0.0020868261259041855,,,,,,,,,,,,,0.9949490477321437,0.9653661528734678,0.9602297178607612,0.977342973473178,0.9463946303571862,,,,,,,,,,,,
83,other,Is this train headed towards or from the orange building?,from,http://images.cocodataset.org/train2014/COCO_train2014_000000000071.jpg,5,253,0.9988292933749877,-0.3696756064891815,Tow,5,15.0,0.0022298004652761124,0.8983958159908183,16.0,0.0024985876403500144,25.0,0.0020701636718025544,24.0,0.0025609068191445234,17.0,0.0025277787911002804,,,,,,,,,,,,,,,0.8348683589017412,0.9844232298383694,0.9528195311147832,0.9360847109776411,,,,,,,,,,,,,
84,other,What is the giraffe eating?,leaves,http://images.cocodataset.org/train2014/COCO_train2014_000000000072.jpg,7,265,0.9991025961718689,-0.3008907735347748,Le,7,67.0,0.0018645348684266142,0.9794499619795389,63.0,0.0018613139760925495,18.0,0.0018652473576090736,14.0,0.0018586049481215674,18.0,0.001880279394378734,17.0,0.0018757479050801138,15.0,0.0018664077170207837,,,,,,,,,,,0.97859874379638,0.9206250851407773,0.995232557322099,0.9057125980138372,0.926262155095312,0.9500685975366211,,,,,,,,,,,
85,other,What is on the woman's neck?,necklace,http://images.cocodataset.org/train2014/COCO_train2014_000000393290.jpg,10,249,0.9895846828607238,-0.23328262567520142,Ne,10,42.0,0.0024337844282744207,0.9756788245267775,32.0,0.002436217950694334,65.0,0.0024444566042789097,16.0,0.002451960097160112,19.0,0.002443254058725213,19.0,0.0024264268490009145,16.0,0.0024224059706088054,15.0,0.002471610987546197,41.0,0.0024438205676456715,26.0,0.002480169374068455,,,,,0.974577991850166,0.9876929814092225,0.886859507142915,0.9119149038015315,0.94841021822029,0.8903195311147832,0.9967916319816366,0.9845314773295984,0.9010228122187914,,,,,,,,
86,other,What item is folded up and sitting on the edge of the shower stall?,towel,http://images.cocodataset.org/train2014/COCO_train2014_000000393291.jpg,6,164,0.9992787761454212,-0.47816258668899536,Tow,6,173.0,0.001874235540652161,0.9777593123600476,16.0,0.001862234671997353,60.0,0.0018670928651064536,19.0,0.0018627152461579218,8.0,0.001848217682415307,16.0,0.0018672885101044057,,,,,,,,,,,,,0.9248008763572906,0.9531776858811862,0.9892422967543257,0.9463946303571862,0.985056822321508,,,,,,,,,,,,
87,other,What pattern is on the shower curtain?,solid,http://images.cocodataset.org/train2014/COCO_train2014_000000393291.jpg,8,149,0.9909054544861198,-0.6685898900032043,St,8,27.0,0.0022248567656710776,0.9628962824334484,72.0,0.0022153690798816413,49.0,0.0022142195012108713,89.0,0.0022224317472180812,42.0,0.0022283968490096786,25.0,0.0022216764954156244,34.0,0.002217004255623636,10.0,0.002228681792444397,,,,,,,,,0.9738853612039636,0.9619650155178946,0.9657650457785171,0.9391933830896056,0.9590998184549498,0.9831141171299029,0.7219280948873623,,,,,,,,,,
88,other,What are the colors of the countertop?,brown,http://images.cocodataset.org/train2014/COCO_train2014_000000393291.jpg,2,300,0.9983183923529371,-0.8813028335571289,White,2,43.0,0.002145422016463492,0.954937398460811,28.0,0.002131086522536247,,,,,,,,,,,,,,,,,,,,,0.9538755848972527,,,,,,,,,,,,,,,,
89,other,What is the person on the right called?,referee,http://images.cocodataset.org/train2014/COCO_train2014_000000262221.jpg,2,84,0.9692272968292666,-0.7288854718208313,Ref,2,597.0,0.003191136181757066,0.9977404734017302,87.0,0.003163862957857257,,,,,,,,,,,,,,,,,,,,,0.9970186253380368,,,,,,,,,,,,,,,,
90,other,What time does the clock say?,8:00,http://images.cocodataset.org/train2014/COCO_train2014_000000000078.jpg,6,180,0.9974830185390856,-0.35930144786834717,,6,73.0,0.0021765547970092128,0.9561661984272061,11.0,0.0020772988161419314,15.0,0.0021347202866637536,22.0,0.0020993883963699033,16.0,0.0020794176397749345,84.0,0.00211472228236971,,,,,,,,,,,,,0.9922150607220183,0.9654013672997089,0.9378823529965689,0.9886085007312412,0.96973218154927,,,,,,,,,,,,
91,other,What is the last letter over the plane?,e,http://images.cocodataset.org/train2014/COCO_train2014_000000000081.jpg,10,163,0.9977816990941105,-1.6500742435455322,A,10,26.0,0.0021395021625537462,0.9595930518283795,15.0,0.0020845281170161693,17.0,0.0021412934322417644,11.0,0.0020850578251115554,62.0,0.0021142451674935887,9.0,0.0020543542317625896,72.0,0.0021479911307615692,31.0,0.0021073467424607135,44.0,0.0021434769579460437,43.0,0.0021338339929468375,,,,,0.9664572819896988,0.9603948809345499,0.9056185178648963,0.96764260100179,0.9656336071428251,0.9649225021128065,0.9714634447796382,0.9406781303699068,0.9758717058602026,,,,,,,,
92,other,What is the number on the mailbox?,24,http://images.cocodataset.org/train2014/COCO_train2014_000000000086.jpg,6,228,0.9993387785819527,-0.11177265644073486,,6,17.0,0.001876844995360922,0.9771236998460402,140.0,0.0018965159959483263,19.0,0.0018904841426844864,15.0,0.0018900014200609486,22.0,0.0018923055269280792,25.0,0.0018694617954300849,,,,,,,,,,,,,0.9697555565771222,0.9119149038015315,0.9018972358711528,0.9700357646545448,0.9664861639676334,,,,,,,,,,,,
93,other,What are the animals doing?,grazing,http://images.cocodataset.org/train2014/COCO_train2014_000000524375.jpg,7,239,0.9966251352943704,-1.1210582256317139,The,7,20.0,0.0023939119963515506,0.8804820237218406,20.0,0.0024438239823000667,73.0,0.0022987489598586767,24.0,0.0023300154362840167,17.0,0.0023263365231180597,17.0,0.0023784438663314506,25.0,0.002386212486930877,,,,,,,,,,,0.9545258142257613,0.964678775509646,0.9360898016760627,0.9878171319090819,0.9603948809345497,0.9934804071359582,,,,,,,,,,,
94,other,What breed of livestock is shown?,sheep,http://images.cocodataset.org/train2014/COCO_train2014_000000524375.jpg,4,284,0.999135243188592,-0.08899398893117905,She,4,93.0,0.001938734491102106,0.9766594729469797,16.0,0.0019139401799977938,17.0,0.0019170989956102265,27.0,0.0019051029138501738,,,,,,,,,,,,,,,,,0.9401204074720739,0.9256134079485958,0.9466241891908829,,,,,,,,,,,,,,
95,other,What language is the sign written in?,spanish,http://images.cocodataset.org/train2014/COCO_train2014_000000131160.jpg,5,295,0.9991948962583049,-0.7903167009353638,English,5,55.0,0.0019066589654673717,0.9664801663865513,24.0,0.0019078852216957388,19.0,0.0018928760100379958,15.0,0.00187759400902031,22.0,0.0018750301389448725,,,,,,,,,,,,,,,0.9856259180022331,0.9495113755878273,0.982798115178801,0.973786583704976,,,,,,,,,,,,,
96,other,How has the cheese been prepared?,melted,http://images.cocodataset.org/train2014/COCO_train2014_000000524377.jpg,2,262,0.9991479180613535,-0.9700993299484253,M,2,16.0,0.0018558623057836285,0.9822177815287605,16.0,0.001850315539795354,,,,,,,,,,,,,,,,,,,,,0.9954133073923868,,,,,,,,,,,,,,,,
97,other,What is the cutting board used for in this scene?,plate,http://images.cocodataset.org/train2014/COCO_train2014_000000524377.jpg,5,193,0.9992247928999548,-1.593522071838379,C,5,151.0,0.0019194830469469533,0.9736530799216456,25.0,0.001901515632298993,24.0,0.00190707045512401,21.0,0.0019170824338747934,3.0,0.0018609792803174535,,,,,,,,,,,,,,,0.9491134984839265,0.9776902310822042,0.9588649012766761,0.0,,,,,,,,,,,,,
98,other,Of what meal is this kind of food typical?,lunch,http://images.cocodataset.org/train2014/COCO_train2014_000000524377.jpg,5,294,0.9993584627267644,-0.1735175997018814,L,5,25.0,0.0018675581498947464,0.9643771190671295,25.0,0.001866899941347769,30.0,0.0018806812808789377,17.0,0.0018834732046958884,16.0,0.0018819961047425002,,,,,,,,,,,,,,,0.9688722567006118,0.947283096461977,0.9967828263127351,0.9755307720176265,,,,,,,,,,,,,
99,other,What type of food is shown?,hot dog,http://images.cocodataset.org/train2014/COCO_train2014_000000524377.jpg,11,181,0.9981627242675495,-0.9515660405158997,Hot,11,28.0,0.002117730617839543,0.9439935625075735,28.0,0.002225086398553393,15.0,0.0020507802126783765,47.0,0.002183661586891535,16.0,0.0021289939421632845,17.0,0.0020950577373248912,15.0,0.0021059730703260893,39.0,0.002138623007639466,54.0,0.0022402231327116736,99.0,0.0021646859403253943,17.0,0.0021353642568752414,,,0.9752813738495056,0.9609640474436811,0.9631723054089899,0.9755307720176266,0.932718552659954,0.9877812438119246,0.993092815288698,0.9863275796957508,0.9697120691842225,0.9770358764490155,,,,,,,
100,other,What is the topping on the hot dog?,peppers,http://images.cocodataset.org/train2014/COCO_train2014_000000524377.jpg,1,103,0.9936658586673105,-0.29542601108551025,On,1,321.0,0.003091034697517796,0.9715608732264652,,,,,,,,,,,,,,,,,,,,,,,,,,,,,,,,,,,,,,,
101,other,What topping is on the hot dog?,onions,http://images.cocodataset.org/train2014/COCO_train2014_000000524377.jpg,1,98,0.9938238775461932,-0.2736632525920868,On,1,328.0,0.0030797388703335347,0.9711165236889854,,,,,,,,,,,,,,,,,,,,,,,,,,,,,,,,,,,,,,,
102,other,What is in the small container?,butter,http://images.cocodataset.org/train2014/COCO_train2014_000000524377.jpg,5,110,0.9992524644355033,-0.9534705281257629,May,5,77.0,0.0018593663800941032,0.971848139506928,72.0,0.0018775855243618007,115.0,0.0018701912966676327,72.0,0.0018751337453135882,54.0,0.0018512639380341405,,,,,,,,,,,,,,,0.9605635800647497,0.9774204918863945,0.9391560580797631,0.9759414260711959,,,,,,,,,,,,,
103,other,What are the components of this dish?,butter,http://images.cocodataset.org/train2014/COCO_train2014_000000524377.jpg,5,251,0.991367561605597,-1.5429534912109375,The,5,25.0,0.003303265580877679,0.9653795646262964,16.0,0.00272830915686722,18.0,0.0032558164139290333,42.0,0.0030514635228005315,23.0,0.0030200332203756163,,,,,,,,,,,,,,,0.9592101522724052,0.9081700569267038,0.9674342588805744,0.9505837594265648,,,,,,,,,,,,,
104,other,How delicious does this look?,very,http://images.cocodataset.org/train2014/COCO_train2014_000000524377.jpg,4,265,0.9979961612291237,-0.6713836193084717,Very,4,15.0,0.0021813413932919774,0.8024677973715656,15.0,0.0021233052426201985,29.0,0.002119195817543297,29.0,0.0022148726167362364,,,,,,,,,,,,,,,,,0.9147366491799204,0.949618233933439,0.8491591553471043,,,,,,,,,,,,,,
105,other,What two vegetables are in the white bowl?,none,http://images.cocodataset.org/train2014/COCO_train2014_000000524377.jpg,2,112,0.9991082682761333,-1.1039769649505615,On,2,254.0,0.0020350175578138737,0.9742466567449308,11.0,0.0019565984756571156,,,,,,,,,,,,,,,,,,,,,0.9922150607220183,,,,,,,,,,,,,,,,
106,other,What type of filling is in the dish on the bottom left?,mayonnaise,http://images.cocodataset.org/train2014/COCO_train2014_000000524377.jpg,4,249,0.9991161004306388,-1.907235860824585,Must,4,27.0,0.002043938382952517,0.9453297756643996,15.0,0.0019283585927025973,31.0,0.0019782032181155074,22.0,0.0020752960859871717,,,,,,,,,,,,,,,,,1.0,0.9449955289838154,0.8716049151835776,,,,,,,,,,,,,,
107,other,What is the yellow stuff in a bowl?,butter,http://images.cocodataset.org/train2014/COCO_train2014_000000524377.jpg,3,253,0.9962836405521186,-0.7394894957542419,Must,3,15.0,0.0023750507315236868,0.9500685975366211,180.0,0.0023259997155602925,21.0,0.0023386788353541854,,,,,,,,,,,,,,,,,,,0.9908348553894322,0.997618320255157,,,,,,,,,,,,,,,
108,other,What is the hot dog sitting on top of?,bun,http://images.cocodataset.org/train2014/COCO_train2014_000000524377.jpg,8,324,0.9967985090706107,-0.19391436874866486,Bun,8,16.0,0.002327179123920076,0.8620485698650454,15.0,0.0023834194535966606,37.0,0.0022796267220324055,38.0,0.002250167593565413,22.0,0.002214493857782421,31.0,0.002346994109168182,17.0,0.0022144505823564857,18.0,0.0022619112586199698,,,,,,,,,0.9709505944546686,0.9686025211109406,0.9749172857312485,0.9658234187802699,0.9451434717073712,0.9519839065438831,0.9081700569267039,,,,,,,,,,
109,other,What are the orange things?,sweet potato fries,http://images.cocodataset.org/train2014/COCO_train2014_000000524377.jpg,1,112,0.9920928965711509,-0.5235883593559265,On,1,316.0,0.0033172583470139627,0.9699675867373068,,,,,,,,,,,,,,,,,,,,,,,,,,,,,,,,,,,,,,,
110,other,Are the carrots diced or cut long ways?,long ways,http://images.cocodataset.org/train2014/COCO_train2014_000000524377.jpg,2,294,0.9987315516517218,-0.8966535925865173,C,2,31.0,0.0019534125561379016,0.9597167202661309,27.0,0.001933654344157266,,,,,,,,,,,,,,,,,,,,,0.9665424376152273,,,,,,,,,,,,,,,,
111,other,What is in the cup?,mayo,http://images.cocodataset.org/train2014/COCO_train2014_000000524377.jpg,6,189,0.9992140067453464,-1.0913254022598267,May,6,108.0,0.0018681101083695918,0.9810796230593831,19.0,0.0018604631920668812,59.0,0.0018721387999356947,54.0,0.0018749850786438347,69.0,0.0018595657007073748,15.0,0.0018429598678246161,,,,,,,,,,,,,0.9355095604394199,0.9651457231702258,0.9795415128531592,0.9743351604225113,0.982798115178801,,,,,,,,,,,,
112,other,What is the orange root called?,sweet potato,http://images.cocodataset.org/train2014/COCO_train2014_000000524377.jpg,5,268,0.993215804663702,-0.2586309611797333,Car,5,61.0,0.002320905971146994,0.9738491741319709,23.0,0.0024912775618756914,21.0,0.0023590379379421897,58.0,0.002391786531882389,85.0,0.002366910530112929,,,,,,,,,,,,,,,0.940725014049597,0.978033486181519,0.980832173561142,0.9841982479454515,,,,,,,,,,,,,
113,other,What is the blackened meat on the bread?,hot dog,http://images.cocodataset.org/train2014/COCO_train2014_000000524377.jpg,13,153,0.9969778874147177,-0.48911184072494507,Hot,13,45.0,0.0021769253808365877,0.9792727915783561,18.0,0.0023214447551651637,32.0,0.002348894459212274,58.0,0.002263321890612065,15.0,0.00225817666790772,74.0,0.002275370042963196,22.0,0.0021829091591847624,18.0,0.002263130224439117,26.0,0.0022089043676860524,17.0,0.0022668318988648788,23.0,0.0022312664102576386,54.0,0.0022465362170722564,0.8783471047618534,0.9462692837461092,0.9803004697108234,0.8830374409547587,0.9740096869768471,0.931400125098263,0.9915323997298832,0.9982270255729266,0.9360847109776411,0.9978904239542103,0.97453214374599,15.0,0.0023644840461062907,0.9709505944546686,,,
114,other,What is on the sandwich?,hot dog,http://images.cocodataset.org/train2014/COCO_train2014_000000524377.jpg,1,94,0.9895912108049815,-0.40626317262649536,On,1,333.0,0.003463213101696075,0.9721135361808044,,,,,,,,,,,,,,,,,,,,,,,,,,,,,,,,,,,,,,,
115,other,What animal is on the plate?,pig,http://images.cocodataset.org/train2014/COCO_train2014_000000524377.jpg,9,199,0.9965607878009455,-0.2981802821159363,Dog,9,41.0,0.002463401977360481,0.9688893412269161,17.0,0.0026616595311666456,17.0,0.0023942170264611823,62.0,0.0023472271024913855,43.0,0.00233563597736148,16.0,0.0023751386804259905,20.0,0.0022569252571699315,23.0,0.002270038387377438,20.0,0.0025973368199806923,,,,,,,0.9975025463691152,0.9967828263127351,0.9833982626773287,0.9912668316167546,0.985056822321508,0.9921503172858166,0.9705502589382581,0.9089460785096519,,,,,,,,,
116,other,What is on the hotdog?,onions,http://images.cocodataset.org/train2014/COCO_train2014_000000524377.jpg,1,123,0.9838324594157862,-0.3554539084434509,On,1,306.0,0.003994082339567162,0.9701347471902431,,,,,,,,,,,,,,,,,,,,,,,,,,,,,,,,,,,,,,,
117,other,What two vegetables can be seen on the pizza?,none,http://images.cocodataset.org/train2014/COCO_train2014_000000524377.jpg,1,144,0.9950521303852246,-0.5942868590354919,On,1,236.0,0.0027828276773027272,0.9729896396082166,,,,,,,,,,,,,,,,,,,,,,,,,,,,,,,,,,,,,,,
118,other,What condiment is on the potatoes?,butter,http://images.cocodataset.org/train2014/COCO_train2014_000000524377.jpg,9,277,0.9983542604653574,-1.3481093645095825,But,9,17.0,0.0020281000192085953,0.9256134079485958,19.0,0.0020716613713991083,17.0,0.002046523517812278,22.0,0.002060244202737414,16.0,0.002028511420357366,17.0,0.0020817102273229062,36.0,0.0020362607694897235,25.0,0.002033796568434682,15.0,0.0020177892390489424,,,,,,,0.8597769141610625,0.9603948809345497,0.9385170840201624,0.9965119062478288,0.8846148739279867,0.9684726154042831,0.9598206673056707,1.0,,,,,,,,,
119,other,What sauces are shown?,butter,http://images.cocodataset.org/train2014/COCO_train2014_000000524377.jpg,6,242,0.9991124570587778,-1.3902966976165771,Must,6,22.0,0.0020099364371787016,0.9598452870248484,32.0,0.002004464644120615,27.0,0.0019412626421766391,30.0,0.001990520284314395,17.0,0.002025406946349854,31.0,0.002016449986654127,,,,,,,,,,,,,0.9669716135792632,0.9881189890614893,0.9446374444430214,0.926262155095312,0.8973679717794565,,,,,,,,,,,,
120,other,What is mainly featured?,hot dog,http://images.cocodataset.org/train2014/COCO_train2014_000000524377.jpg,5,229,0.9961765587763399,-0.9283919930458069,Hot,5,29.0,0.0021485288174426785,0.9955952454276918,15.0,0.002159115290387572,15.0,0.002152480321094281,38.0,0.0021772792771864854,29.0,0.002282176565504999,,,,,,,,,,,,,,,0.9949490477321437,0.9949490477321437,0.9948553201769795,0.8491591553471043,,,,,,,,,,,,,
121,other,What is the pattern on the vase?,floral,http://images.cocodataset.org/train2014/COCO_train2014_000000393306.jpg,4,237,0.9994077182477497,-0.7459755539894104,Flor,4,169.0,0.001938371867089663,0.9737588457857539,17.0,0.001955403035841307,16.0,0.0018765046459904356,20.0,0.001958043856218006,,,,,,,,,,,,,,,,,0.9878171319090819,0.9954133073923868,0.9416915491145067,,,,,,,,,,,,,,
122,other,What is the primary color of the bathroom?,yellow,http://images.cocodataset.org/train2014/COCO_train2014_000000262159.jpg,4,225,0.9470490771660102,-0.4568241834640503,Y,4,16.0,0.005484507034820865,0.9886085007312413,38.0,0.0074627382465650574,64.0,0.007115450744832624,25.0,0.007162678450497418,,,,,,,,,,,,,,,,,0.9294851617650925,0.9816406341375651,0.9837115354331802,,,,,,,,,,,,,,
123,other,What is printed on the orange sign?,pizza,http://images.cocodataset.org/train2014/COCO_train2014_000000000094.jpg,4,171,0.9941705572435926,-1.9769706726074219,Peace,4,114.0,0.003545872359135312,0.9737778554773119,40.0,0.0027975257470741572,43.0,0.003093738204745618,20.0,0.003130488416499995,,,,,,,,,,,,,,,,,0.9463129103753751,0.9339197595742913,0.9138646883853215,,,,,,,,,,,,,,
124,other,What is the name of the hotel?,peace way,http://images.cocodataset.org/train2014/COCO_train2014_000000000094.jpg,4,188,0.9856977783508059,-1.5236873626708984,Peace,4,139.0,0.00493196915214862,0.9778731872963048,25.0,0.0035344900278431886,34.0,0.00395723279960932,18.0,0.0038316352585392225,,,,,,,,,,,,,,,,,0.9310898965050362,0.9211866868776989,0.9591479170272447,,,,,,,,,,,,,,
125,other,What mode of transportation is pictured?,car,http://images.cocodataset.org/train2014/COCO_train2014_000000000094.jpg,2,276,0.9969093991295965,-0.12183532863855362,Car,2,38.0,0.0021398403728294145,0.9839137456927739,33.0,0.0021378403198434245,,,,,,,,,,,,,,,,,,,,,0.986659958673865,,,,,,,,,,,,,,,,
126,other,What airline is this?,everts air cargo,http://images.cocodataset.org/train2014/COCO_train2014_000000393311.jpg,3,343,0.9983785223770957,-2.306500196456909,Jet,3,15.0,0.002153795272065885,0.9654013672997089,36.0,0.0021576772270391386,78.0,0.002188471658850148,,,,,,,,,,,,,,,,,,,0.9931125054313605,0.9783021434526581,,,,,,,,,,,,,,,
127,other,The plane's stand resembles what letter?,a,http://images.cocodataset.org/train2014/COCO_train2014_000000393311.jpg,7,290,0.9981379350539883,-1.2203943729400635,E,7,22.0,0.002226823430779214,0.9741707427017496,25.0,0.0021035969721204376,23.0,0.002196994851094496,46.0,0.0021416891896561,21.0,0.0021353933195941677,19.0,0.0021343939582984684,15.0,0.002024154978894673,,,,,,,,,,,0.9949956408022635,0.9185103271193574,0.9691146168329889,0.9517619850443704,0.9119149038015315,0.982798115178801,,,,,,,,,,,
128,other,What type of plane is this?,cargo,http://images.cocodataset.org/train2014/COCO_train2014_000000393311.jpg,4,274,0.9946955965174983,-0.7773014903068542,C,4,17.0,0.002527016161588446,0.9519839065438831,15.0,0.0023744327613764308,93.0,0.002601373752002811,20.0,0.002557248095130019,,,,,,,,,,,,,,,,,0.982798115178801,0.9707617367847665,0.9927376486136672,,,,,,,,,,,,,,
129,other,What is written on the picture?,dutchsimba,http://images.cocodataset.org/train2014/COCO_train2014_000000393311.jpg,7,289,0.9987018320187516,-1.60935378074646,"""",7,39.0,0.0019705153281247036,0.9495309751792335,26.0,0.0019721278361556054,37.0,0.00198143364005358,7.0,0.0019363771749744258,62.0,0.001973600438708454,16.0,0.001975732253009432,15.0,0.0019998723251586216,,,,,,,,,,,0.9325023032951825,0.9238557080624094,0.9852281360342515,0.9582234829982232,0.8950145145731531,0.9709505944546686,,,,,,,,,,,
130,other,What shipping company is represented in the scene?,everts air cargo,http://images.cocodataset.org/train2014/COCO_train2014_000000393311.jpg,10,161,0.9974256628245869,-1.125246286392212,Fed,10,20.0,0.001984400549853525,0.858672711073255,58.0,0.0019464990523109368,38.0,0.0019340883179302505,38.0,0.0019438598374701005,16.0,0.0019498737335230437,15.0,0.0019276319872263714,9.0,0.0019274389053414189,15.0,0.0019360274170174606,17.0,0.001952943826279857,20.0,0.001970060821113762,,,,,0.9631661758312456,0.9901448903327688,0.9628756732303871,0.8980898459737487,1.0,1.0,0.9285012313356799,0.9183001704342754,0.9835386311891136,,,,,,,,
131,other,What airline is this plane from?,everts air cargo,http://images.cocodataset.org/train2014/COCO_train2014_000000393311.jpg,6,309,0.9982253344154284,-2.134610176086426,Jet,6,37.0,0.002161065377417437,0.9953731187147085,15.0,0.002096616240133442,76.0,0.0022368561303580535,15.0,0.002172627864669295,11.0,0.0020626384889012163,16.0,0.0022010706511100425,,,,,,,,,,,,,0.9543063494363562,0.9850756539821156,0.9654013672997089,0.9922150607220183,0.9755307720176266,,,,,,,,,,,,
132,other,How does the man get down from the machine?,stairs,http://images.cocodataset.org/train2014/COCO_train2014_000000393311.jpg,3,234,0.998054616066525,-0.9227129220962524,Lad,3,64.0,0.002290628647616545,0.964072499138404,25.0,0.002089452719420912,18.0,0.0021891779007615062,,,,,,,,,,,,,,,,,,,0.9795628568170324,0.9375433175393748,,,,,,,,,,,,,,,
133,other,What is the picture of on wall?,abstract,http://images.cocodataset.org/train2014/COCO_train2014_000000524386.jpg,4,198,0.9994633397366799,-2.206655263900757,A,4,113.0,0.0019251090877024774,0.9603639342493805,16.0,0.0019601113739708856,18.0,0.0019880199226597205,17.0,0.0018906998022710248,,,,,,,,,,,,,,,,,0.8950145145731531,0.8929352898779307,0.9963890537299693,,,,,,,,,,,,,,
134,other,What is on the carpet?,rug,http://images.cocodataset.org/train2014/COCO_train2014_000000524386.jpg,9,236,0.999542004821576,-1.2422196865081787,R,9,16.0,0.0017936653101134215,0.9886085007312413,17.0,0.0017902758949413528,16.0,0.0018005862832121012,4.0,0.0017845859149222243,16.0,0.001801335540967449,27.0,0.0018015603568052806,20.0,0.0018015986257830414,24.0,0.0018019328751917212,9.0,0.001797079782731008,,,,,,,0.9844171139677748,0.9755307720176266,1.0,0.9965119062478288,0.9289208116772486,0.9630603734213402,0.9441359346989788,0.9910760598382222,,,,,,,,,
135,other,What are the ladies doing?,texting,http://images.cocodataset.org/train2014/COCO_train2014_000000131172.jpg,3,316,0.969932927128682,-0.74611496925354,The,3,16.0,0.003615193638444716,0.9618974703476992,24.0,0.0035927372840954437,28.0,0.0039592610913089165,,,,,,,,,,,,,,,,,,,0.9697883595925099,0.928138501383303,,,,,,,,,,,,,,,
136,other,What is written on the street?,nothing,http://images.cocodataset.org/train2014/COCO_train2014_000000393317.jpg,6,168,0.9800385386423919,-0.2020358294248581,Som,6,106.0,0.003903517439111493,0.9562780066820503,29.0,0.0036402710920160194,18.0,0.0060211266792497,115.0,0.004357909816457602,53.0,0.0048135487779072126,8.0,0.003661504529824918,,,,,,,,,,,,,0.9551515577264507,1.0,0.9857733347982648,0.9859734851658795,0.8112781244591328,,,,,,,,,,,,
137,other,Urban or suburban?,urban,http://images.cocodataset.org/train2014/COCO_train2014_000000393317.jpg,7,264,0.9979214189029916,-0.10598936676979065,Urban,7,21.0,0.0019535748278661693,0.9588649012766761,51.0,0.0019577804950343036,19.0,0.0019527497912956559,18.0,0.0019344072875390984,30.0,0.0019548591818404296,16.0,0.001938959810997706,31.0,0.0019866778110147355,,,,,,,,,,,0.948424485768931,0.9892422967543257,0.9462651872218009,0.9962540519720979,0.9618974703476992,0.9563105902868927,,,,,,,,,,,
138,other,What type of vehicle is on the left?,bus,http://images.cocodataset.org/train2014/COCO_train2014_000000393317.jpg,4,272,0.9958095846821645,-0.43370306491851807,Car,4,200.0,0.0021557948311755875,0.9902554670622392,22.0,0.002130401861646076,23.0,0.0021048199425404016,21.0,0.0021609234506595643,,,,,,,,,,,,,,,,,0.9530005717699479,0.9964170965457583,0.9367812592564969,,,,,,,,,,,,,,
139,other,What is being held green?,light,http://images.cocodataset.org/train2014/COCO_train2014_000000393317.jpg,5,272,0.9965755994972915,-1.0106966495513916,Tra,5,17.0,0.002134587897825625,0.9554035229062984,40.0,0.00227898121249424,15.0,0.0023148111970204537,56.0,0.002234569387422012,16.0,0.002354867962931307,,,,,,,,,,,,,,,0.9549648161910719,0.9500685975366211,0.9714364234173123,0.8957541375001011,,,,,,,,,,,,,
140,other,What time of day is it?,afternoon,http://images.cocodataset.org/train2014/COCO_train2014_000000393317.jpg,8,169,0.9989242440984701,-1.070979356765747,Af,8,33.0,0.0019741742094318434,0.9413220175360909,118.0,0.0019655211658636575,57.0,0.001961503788777724,20.0,0.001980402763403162,4.0,0.0018884627929218328,9.0,0.0019395015777359521,15.0,0.0019697603090778476,15.0,0.0019234613483395614,,,,,,,,,0.9618435417206972,0.9573513436342997,0.9288587345650742,1.0,0.9910760598382222,0.9654013672997089,0.9613833012053531,,,,,,,,,,
141,other,What country name is written as the highest word on the bus?,guatemala,http://images.cocodataset.org/train2014/COCO_train2014_000000546151.jpg,2,305,0.99944730225909,-1.3080188035964966,Mexico,2,21.0,0.001984599785911622,0.8667775371761242,20.0,0.001988447113748327,,,,,,,,,,,,,,,,,,,,,0.9008047485295136,,,,,,,,,,,,,,,,
142,other,What is the skier standing on?,skis,http://images.cocodataset.org/train2014/COCO_train2014_000000021826.jpg,3,299,0.9973955187308002,-0.11904775351285934,Snow,3,35.0,0.0023792306482589153,0.9498732174394007,16.0,0.002361331150184883,18.0,0.002724128613504905,,,,,,,,,,,,,,,,,,,0.9248008763572907,0.8527924884900406,,,,,,,,,,,,,,,
143,other,What is the person doing?,skiing,http://images.cocodataset.org/train2014/COCO_train2014_000000021826.jpg,6,298,0.9943030219370517,-0.5380029082298279,The,6,26.0,0.002514106404793958,0.9785634767531909,22.0,0.0025100604378137307,22.0,0.002632187502478303,34.0,0.002502517803094631,21.0,0.0025279696532226376,10.0,0.0025589110189639082,,,,,,,,,,,,,0.9434038256873108,0.9015666752789386,0.9309849817075166,0.978033486181519,0.8812908992306927,,,,,,,,,,,,
144,other,What infrastructure would one drive on to go perpendicular to the water?,boat,http://images.cocodataset.org/train2014/COCO_train2014_000000000109.jpg,8,136,0.9986653299932885,-0.6947438716888428,Bridge,8,144.0,0.0019832396547225226,0.9684258517214198,17.0,0.0019507191095955857,17.0,0.0019946888539923878,61.0,0.0019812226427162205,12.0,0.0020245948756517085,7.0,0.0019315605355264259,17.0,0.001991262084122462,17.0,0.001974271292274429,,,,,,,,,0.9519839065438831,0.9770358764490155,0.9375460524182112,0.8112781244591328,0.863120568566631,0.9770358764490155,0.8919296718389884,,,,,,,,,,
145,other,What pizza topping is this?,cheese,http://images.cocodataset.org/train2014/COCO_train2014_000000000110.jpg,7,244,0.9986312441799334,-0.7999823093414307,Che,7,52.0,0.0020402542343632445,0.9791789396155125,16.0,0.0020144232957841003,52.0,0.0020254114173815767,13.0,0.002030255324641315,12.0,0.0020083811115952847,19.0,0.0020882460412962617,20.0,0.002080443972682227,,,,,,,,,,,0.9772170014624824,0.9790332122258975,0.92146324007577,0.9808340377961404,0.8389921403188865,0.9976834773764092,,,,,,,,,,,
146,other,What is in the vase next to the flowers?,paper,http://images.cocodataset.org/train2014/COCO_train2014_000000305853.jpg,2,273,0.9979119903273945,-1.0697355270385742,P,2,15.0,0.0019881368558186574,0.9949490477321437,32.0,0.002044018043047167,,,,,,,,,,,,,,,,,,,,,0.9141788441924219,,,,,,,,,,,,,,,,
147,other,Are these flowers real or silk?,real,http://images.cocodataset.org/train2014/COCO_train2014_000000305853.jpg,2,264,0.9590564185329277,-0.6235829591751099,Real,2,15.0,0.00436774736266131,0.9859247724121322,17.0,0.008723971920842465,,,,,,,,,,,,,,,,,,,,,0.8726389366057714,,,,,,,,,,,,,,,,
148,other,England's Queen mother and these blooms share what syllable?,sun,http://images.cocodataset.org/train2014/COCO_train2014_000000305853.jpg,9,174,0.9978218840848722,-2.102712631225586,"""",9,40.0,0.0021956490184705077,0.9437239687692035,45.0,0.0021367203258637413,42.0,0.0020719637520380356,15.0,0.0020965623561418506,7.0,0.0020494533382892028,36.0,0.002024840876715257,18.0,0.0020770110122733973,16.0,0.002053267537640063,15.0,0.0021106581849826083,,,,,,,0.9638789514380806,0.9817690205788594,0.9877812438119247,0.9852281360342515,0.9781831519669608,0.977342973473178,0.9886085007312412,0.9500685975366211,,,,,,,,,
149,other,What emblem is on the cake?,words,http://images.cocodataset.org/train2014/COCO_train2014_000000000113.jpg,7,130,0.9983015444769789,-0.9680891036987305,An,7,265.0,0.001966153902225429,0.9826505510378362,17.0,0.0019695580282358704,29.0,0.0019591347108747145,12.0,0.0019502877086130504,16.0,0.001945631298461724,15.0,0.0019420646416809983,5.0,0.0019503837613830699,,,,,,,,,,,0.9967828263127351,0.9471059178805338,0.9206198357143051,0.9886085007312413,0.9543063494363562,0.0,,,,,,,,,,,
150,other,Are they outside or in?,inside,http://images.cocodataset.org/train2014/COCO_train2014_000000000113.jpg,4,188,0.9988507879396304,-0.5497056841850281,Inside,4,122.0,0.002004799226856156,0.9700892874130257,117.0,0.001981033154894187,10.0,0.001951942373541658,13.0,0.0019488135517176791,,,,,,,,,,,,,,,,,0.9846392764549237,0.9602297178607612,0.9610115714257865,,,,,,,,,,,,,,
151,other,What are the initials on the cake?,md,http://images.cocodataset.org/train2014/COCO_train2014_000000000113.jpg,4,292,0.9992509880962531,-2.4046499729156494,M,4,19.0,0.0018695826180327691,0.9462035592964384,76.0,0.001874963061458454,20.0,0.0018632545541957108,35.0,0.0018679833073039255,,,,,,,,,,,,,,,,,0.9779317577658347,0.9481816004150758,0.9820056431594048,,,,,,,,,,,,,,
152,other,What utensil is in the pan?,knife,http://images.cocodataset.org/train2014/COCO_train2014_000000262261.jpg,5,264,0.9976482772292466,-1.012486219406128,Kn,5,35.0,0.0021067434030936,0.9527168577217963,15.0,0.002057507204523764,19.0,0.00209752721632365,16.0,0.0020516115124542722,24.0,0.0020976623376667194,,,,,,,,,,,,,,,0.9664572819896988,0.9355095604394199,0.9886085007312413,0.8994371137591136,,,,,,,,,,,,,
153,other,What is the red vegetable in the clear dish?,tomato,http://images.cocodataset.org/train2014/COCO_train2014_000000262261.jpg,5,213,0.9977449484056515,-0.7407791614532471,Tom,5,149.0,0.0021300582154585067,0.9871330465115721,15.0,0.002097718972701632,15.0,0.0021015110431505933,39.0,0.0021690235957471373,30.0,0.0021690729172148117,,,,,,,,,,,,,,,0.9609640474436811,0.9543063494363562,0.9568365561388346,0.9593172555290795,,,,,,,,,,,,,
154,other,What tree is on the left?,evergreen,http://images.cocodataset.org/train2014/COCO_train2014_000000131190.jpg,3,164,0.9908699669822383,-1.5083767175674438,Oak,3,91.0,0.002588579807288754,0.972669929016293,146.0,0.002574136436141679,16.0,0.0025405542211203408,,,,,,,,,,,,,,,,,,,0.9903886331214863,0.9954133073923868,,,,,,,,,,,,,,,
155,other,What is the material right around the clock?,wood,http://images.cocodataset.org/train2014/COCO_train2014_000000131190.jpg,6,220,0.9987991702713626,-0.34235888719558716,Br,6,49.0,0.0021862520182740113,0.9390707037528675,45.0,0.00213135843415657,21.0,0.00212140065677821,9.0,0.0020290197036812504,19.0,0.0021453110332112814,25.0,0.0020980642010321716,,,,,,,,,,,,,0.9603762008746121,0.896408975216934,0.9910760598382222,0.90647263812994,0.9598206673056707,,,,,,,,,,,,
156,other,How tall is this building?,100 feet,http://images.cocodataset.org/train2014/COCO_train2014_000000131190.jpg,5,264,0.9968118503135447,-1.0200836658477783,T,5,16.0,0.0022482472782637637,0.9772170014624824,20.0,0.0023160967551166733,18.0,0.0023118734561393462,21.0,0.002265894736646646,68.0,0.002363201741391471,,,,,,,,,,,,,,,0.9630603734213403,0.9206250851407773,0.9479530138916262,0.9677271086614014,,,,,,,,,,,,,
157,other,What materials are on the roof?,shingles,http://images.cocodataset.org/train2014/COCO_train2014_000000131190.jpg,1,332,0.994735813679127,-1.0599371194839478,Br,1,15.0,0.002728992390413345,0.7835807040488099,,,,,,,,,,,,,,,,,,,,,,,,,,,,,,,,,,,,,,,
158,other,What is in gold at the top of the building?,clock,http://images.cocodataset.org/train2014/COCO_train2014_000000131190.jpg,7,209,0.9985793099313953,-0.1925998032093048,C,7,43.0,0.0019707019946772087,0.980756363442972,52.0,0.0019989421100933473,29.0,0.0020281699392504728,45.0,0.0019882832041772194,17.0,0.0019861330648720454,75.0,0.0020157216344138537,23.0,0.0020177702236137884,,,,,,,,,,,0.9881395240659793,0.9884926523631881,0.9770211589553192,0.9878171319090819,0.9768286685230683,0.8950252083920532,,,,,,,,,,,
159,other,What are on both side of the building?,trees,http://images.cocodataset.org/train2014/COCO_train2014_000000131190.jpg,9,221,0.9930001616819926,-1.5267435312271118,Windows,9,15.0,0.002639806175590113,1.0,48.0,0.0027511689687271484,16.0,0.0027914013705891056,67.0,0.002754965226143118,2.0,0.0022934039095454826,15.0,0.0027146237102468403,16.0,0.0027797570624177206,17.0,0.002720529132075806,17.0,0.002545015689500731,,,,,,,0.9643769900032897,0.886859507142915,0.9600882679040588,0.0,0.9018972358711528,0.9320201587042914,0.9770358764490155,0.9856676426534905,,,,,,,,,
160,other,What is around the tree?,building,http://images.cocodataset.org/train2014/COCO_train2014_000000131190.jpg,5,262,0.9929350845364884,-1.3344526290893555,F,5,24.0,0.0027968265090898233,0.891535242269419,96.0,0.0027613451511467432,15.0,0.0025170826272956177,8.0,0.0024928722208368897,13.0,0.002583732138593889,,,,,,,,,,,,,,,0.9836894406910651,0.9609640474436811,1.0,0.99473723787795,,,,,,,,,,,,,
161,other,What is the woman doing in this photo?,petting sheep,http://images.cocodataset.org/train2014/COCO_train2014_000000131197.jpg,1,277,0.991329331848835,-0.8789640069007874,The,1,67.0,0.0030544093974669883,0.9600899235822142,,,,,,,,,,,,,,,,,,,,,,,,,,,,,,,,,,,,,,,
162,other,What are the sheep standing on?,hay,http://images.cocodataset.org/train2014/COCO_train2014_000000131197.jpg,6,182,0.9991160932512746,-0.11455410718917847,Hay,6,31.0,0.001952171500559864,0.9687757222218183,15.0,0.0019318122842400356,12.0,0.0019443238015139734,118.0,0.001978160906065103,20.0,0.0019284826867185026,23.0,0.001922626943554719,,,,,,,,,,,,,0.9664572819896989,0.9808340377961403,0.9760380627427744,0.9780462753853015,0.982090077621246,,,,,,,,,,,,
163,other,What is the woman feeding the animal?,hay,http://images.cocodataset.org/train2014/COCO_train2014_000000131197.jpg,5,181,0.9982953383443715,-1.286804437637329,The,5,31.0,0.0021642959241262223,0.9205418132295057,16.0,0.002055340850721288,6.0,0.0020022599581964165,48.0,0.0020512490561277025,119.0,0.00210082446763621,,,,,,,,,,,,,,,0.9681390622295665,0.9182958340544896,0.9732484478963532,0.9655050217002688,,,,,,,,,,,,,
164,other,What type of silverware is on the plates?,knife and spoon,http://images.cocodataset.org/train2014/COCO_train2014_000000000127.jpg,6,326,0.9969502786815558,-0.7245078086853027,F,6,23.0,0.0019754313725847796,0.9668324690003138,41.0,0.0019649147619589464,15.0,0.0019733157954391132,21.0,0.001959259753897063,10.0,0.001964657422033127,20.0,0.001963708166384969,,,,,,,,,,,,,0.9692392711477531,0.8830374409547587,0.9838704118664547,0.9709505944546686,0.9794359242226801,,,,,,,,,,,,
165,other,What is the man holding in his left hand?,ski pole,http://images.cocodataset.org/train2014/COCO_train2014_000000262273.jpg,7,280,0.9969726694916137,-0.4320022761821747,Ski,7,31.0,0.0028709592320194234,0.953662226964115,17.0,0.0028398546381080236,19.0,0.0024670431015281417,34.0,0.0024791719912298916,15.0,0.0025770840091536317,17.0,0.0024105300997682073,17.0,0.002697020494762612,,,,,,,,,,,0.8726389366057715,0.9892422967543257,0.9788069479680814,0.9654013672997089,0.9856676426534905,0.9603948809345497,,,,,,,,,,,
166,other,What is the color of the zipper?,black,http://images.cocodataset.org/train2014/COCO_train2014_000000262273.jpg,5,327,0.9983244230741272,-0.8884302973747253,Black,5,16.0,0.002202696114621654,0.9755307720176266,22.0,0.0021899213312172486,15.0,0.002103516676517792,18.0,0.0023238577998120264,18.0,0.002151101199544801,,,,,,,,,,,,,,,0.9346262260259476,0.9949490477321437,0.8929352898779308,0.9773429734731779,,,,,,,,,,,,,
167,other,Are the boots a solid color or patterned?,patterned,http://images.cocodataset.org/train2014/COCO_train2014_000000262273.jpg,8,159,0.9967110533107676,-0.5983223915100098,Pattern,8,142.0,0.0021988238161972104,0.9752618975920342,38.0,0.0021932200366863433,60.0,0.0021522373272751974,24.0,0.002185392722727805,24.0,0.002172690814353725,7.0,0.0021025005862004282,16.0,0.0021801585317451884,4.0,0.0020181185458801494,,,,,,,,,0.9714219523003313,0.9833341889825233,0.9795739585136224,0.9551393269056061,0.9852281360342515,0.8348683589017413,1.0,,,,,,,,,,
168,other,What are the people doing in the street?,walking,http://images.cocodataset.org/train2014/COCO_train2014_000000524420.jpg,3,317,0.9993559542573975,-1.3972218036651611,The,3,22.0,0.001873836222767888,0.9811519819141796,16.0,0.0019724566949839983,26.0,0.0019216184839802367,,,,,,,,,,,,,,,,,,,0.954434002924965,0.9138273488577295,,,,,,,,,,,,,,,
169,other,What is floating near the bird?,ice,http://images.cocodataset.org/train2014/COCO_train2014_000000436929.jpg,5,159,0.9992819260379113,-1.9758356809616089,Log,5,126.0,0.0019987213074383397,0.9794461000209803,86.0,0.0019491800215162523,15.0,0.0019356273261101693,36.0,0.0019972538657691383,16.0,0.0020780736506558995,,,,,,,,,,,,,,,0.975389127958091,0.9543063494363562,0.917627823196127,0.8387794678549646,,,,,,,,,,,,,
170,other,What brand of soda is advertised?,pepsi,http://images.cocodataset.org/train2014/COCO_train2014_000000284012.jpg,5,206,0.98726626985,-0.6074304580688477,Pe,5,108.0,0.0038036235417318936,0.9764017559460431,25.0,0.003043744431958441,16.0,0.0032380392075503804,36.0,0.0037482484865387217,18.0,0.0037148793891048034,,,,,,,,,,,,,,,0.9415324267575271,0.9248008763572906,0.9341331550680546,0.9915323997298832,,,,,,,,,,,,,
171,other,What Mexican food restaurant chain is advertised?,del taco,http://images.cocodataset.org/train2014/COCO_train2014_000000284012.jpg,8,222,0.9993112907866044,-1.1749376058578491,T,8,15.0,0.0018342776192218659,0.9877812438119247,16.0,0.0018295086320872726,34.0,0.0018275550607182935,44.0,0.0018451616706478954,21.0,0.0018314466041354756,28.0,0.0018375684119003328,20.0,0.001834828820321471,13.0,0.0018238716745145169,,,,,,,,,0.9618974703476992,0.9778476632086337,0.963040964320002,0.9763945235672327,0.9496080672282601,0.9927376486136672,0.9750318782181051,,,,,,,,,,
172,other,How is the turnout?,good,http://images.cocodataset.org/train2014/COCO_train2014_000000284012.jpg,10,250,0.9972576354827202,-1.5307989120483398,Good,10,18.0,0.0022268757206908582,0.9728825026363701,17.0,0.002223815408294818,25.0,0.0022319500195210414,45.0,0.002179529214370741,29.0,0.0022346937658785657,28.0,0.0022652622220259017,16.0,0.0022197945615087104,45.0,0.0021888334867679535,17.0,0.002111267454059275,20.0,0.0022367223206285316,,,,,0.9437600120884535,0.9787029057127591,0.9807319022886435,0.9375805338000529,0.9850714896676578,0.9320201587042914,0.9603762008746117,0.9856676426534905,0.8713688243068336,,,,,,,,
173,other,What is the large sculpture next to the oversized cola bottle?,building,http://images.cocodataset.org/train2014/COCO_train2014_000000284012.jpg,7,166,0.9735178406033298,-0.6524620056152344,Pe,7,92.0,0.004459294892639748,0.9688272220561885,78.0,0.0036780787522521508,19.0,0.003888668139303839,58.0,0.004572919476894358,29.0,0.005481687427936326,33.0,0.004510150045346103,20.0,0.0041278119779660435,,,,,,,,,,,0.9723544413716353,0.9495113755878273,0.9554478905619972,0.9494467470788707,0.9584780215501199,0.9518508480286741,,,,,,,,,,,
174,other,What time is it?,1:50,http://images.cocodataset.org/train2014/COCO_train2014_000000000138.jpg,6,243,0.9981379011372683,-0.3568408489227295,,6,17.0,0.00204807747784041,0.950753201250753,88.0,0.002062456991741138,12.0,0.0021135354562847927,19.0,0.0020872864996101565,17.0,0.0020319775065873744,15.0,0.002030395249037695,,,,,,,,,,,,,0.977984816420932,0.9798687566511528,0.9119149038015315,0.9963890537299694,0.9664572819896989,,,,,,,,,,,,
175,other,What continent might this be?,africa,http://images.cocodataset.org/train2014/COCO_train2014_000000262285.jpg,10,212,0.9982353356776115,-0.07420910149812698,Africa,10,45.0,0.0022046570680041046,0.9443831407288261,18.0,0.0020989831956932897,53.0,0.002192074003590625,24.0,0.0022062260414442967,27.0,0.002213722705508205,52.0,0.0021698178271719435,48.0,0.002101734425062853,10.0,0.0021645595767871622,19.0,0.0021465305768142693,15.0,0.002102106549490898,,,,,0.9388201415867106,0.9801592684488414,0.9515535841814056,0.9863434644379612,0.9595595951202843,0.962136226218151,0.8812908992306927,0.9237100600260872,0.9654013672997089,,,,,,,,
176,other,What type of fruit is on the plate?,banana,http://images.cocodataset.org/train2014/COCO_train2014_000000000142.jpg,2,274,0.9977049678225098,-0.009922576136887074,Ban,2,26.0,0.002210380434332468,0.9786315268756205,39.0,0.002257689038230009,,,,,,,,,,,,,,,,,,,,,0.9466756035295689,,,,,,,,,,,,,,,,
177,other,What is in the blue chair?,teddy bears,http://images.cocodataset.org/train2014/COCO_train2014_000000131215.jpg,6,223,0.9981628427563853,-1.038891077041626,D,6,15.0,0.002172066700835142,0.7835807040488099,20.0,0.0020920750206210926,18.0,0.0020255580527789945,34.0,0.002012930452633228,30.0,0.002025065162542735,9.0,0.002065331401316887,,,,,,,,,,,,,0.9927376486136672,0.9823887817956214,0.9785646408561924,0.9966326984880959,0.9910760598382222,,,,,,,,,,,,
178,other,What type of footwear is the person wearing?,socks,http://images.cocodataset.org/train2014/COCO_train2014_000000131215.jpg,5,261,0.9987617327366852,-0.664183497428894,So,5,20.0,0.001987896560868127,0.9763620978123274,30.0,0.0019885730993966367,81.0,0.0019862804765380525,22.0,0.0019972028463489874,19.0,0.0019773493348578235,,,,,,,,,,,,,,,0.9761191615327829,0.9701722817388125,0.9700357646545448,0.9720048748581784,,,,,,,,,,,,,
179,other,What are the animals doing?,eating,http://images.cocodataset.org/train2014/COCO_train2014_000000000144.jpg,6,288,0.9821621495027922,-0.887445867061615,The,6,60.0,0.003164297425892738,0.9638122810243853,15.0,0.00282790686971809,25.0,0.00281232247988402,15.0,0.0027933169284301116,11.0,0.0027187717217895574,26.0,0.0029477679304448644,,,,,,,,,,,,,0.9543063494363562,0.9734710306379832,0.9664572819896988,0.9922150607220183,0.960968854230661,,,,,,,,,,,,
180,other,What type of animal is in the picture?,giraffe,http://images.cocodataset.org/train2014/COCO_train2014_000000000144.jpg,5,307,0.9764256995032323,-0.028042029589414597,G,5,22.0,0.0046972911978929825,0.9700357646545448,48.0,0.00422726435971108,28.0,0.005066580185745484,19.0,0.0046706115004958694,19.0,0.005863592463061,,,,,,,,,,,,,,,0.9637848885536281,0.9024961716665563,0.9237100600260872,0.858059727974443,,,,,,,,,,,,,
181,other,What does the front of the bus say at the top?,special,http://images.cocodataset.org/train2014/COCO_train2014_000000131225.jpg,8,206,0.901931983942821,-0.20864254236221313,Special,8,105.0,0.006958049213687957,0.9798696155996897,43.0,0.0064300812079501465,24.0,0.0074502050237589814,45.0,0.008455992523494013,18.0,0.007226919677208565,40.0,0.008246517229187336,19.0,0.006072360176352451,15.0,0.008501816488998077,,,,,,,,,0.9714815640774634,0.9608948553419607,0.95288194502431,0.8821022532543101,0.9784260207053045,0.9656476401164373,0.9967916319816366,,,,,,,,,,
182,other,What direction are the animals heading?,right,http://images.cocodataset.org/train2014/COCO_train2014_000000000154.jpg,4,190,0.9967670423702849,-1.0751545429229736,Right,4,16.0,0.002205285993350878,0.9681390622295665,169.0,0.0023175423063750604,26.0,0.002244898821609016,28.0,0.0022344432425315855,,,,,,,,,,,,,,,,,0.9709399058145598,0.9233806668248781,0.9564164990541855,,,,,,,,,,,,,,
183,other,Is the zebra walking or standing still?,walking,http://images.cocodataset.org/train2014/COCO_train2014_000000000154.jpg,6,250,0.9968820824649092,-0.11582405120134354,Walk,6,26.0,0.0026310683264984514,0.960968854230661,23.0,0.0030006111535239286,16.0,0.0028780186577382137,17.0,0.0025778881093963153,16.0,0.0024612496275552252,16.0,0.0031599049596913492,,,,,,,,,,,,,0.9224409677146627,0.9463946303571862,0.9664022887695614,0.9886085007312413,0.8194483718728035,,,,,,,,,,,,
184,other,Number of animals?,3,http://images.cocodataset.org/train2014/COCO_train2014_000000000154.jpg,11,199,0.9985971168041536,-0.01740712672472,,11,41.0,0.0020254201797913676,0.9564771199711369,24.0,0.0020301814169091793,16.0,0.002006405833335355,34.0,0.0020149364579279297,18.0,0.0020181665245571066,24.0,0.0019785135855801346,36.0,0.002008886551651253,17.0,0.0019777252577684278,15.0,0.001999771613993869,34.0,0.0019762178429266045,32.0,0.0020221385176509826,,,0.9515535841814056,0.9463946303571862,0.9636396664235356,0.9915323997298832,0.9697883595925099,0.9567267723850726,0.9963890537299693,0.9654013672997089,0.9656925782301792,0.9921620369191795,,,,,,,
185,other,What is on the plate?,cupcake,http://images.cocodataset.org/train2014/COCO_train2014_000000393375.jpg,6,139,0.9900181674776695,-0.31296706199645996,Cup,6,15.0,0.0026332713088685756,0.9859247724121322,163.0,0.003962251525054369,25.0,0.003847679278503552,16.0,0.004934067950485219,15.0,0.0034193937321173227,5.0,0.002384029681749074,,,,,,,,,,,,,0.9658571642837356,0.912616554385619,0.8194483718728035,0.9161314485121342,0.9709505944546686,,,,,,,,,,,,
186,other,What are the pink pieces of paper called?,post-its,http://images.cocodataset.org/train2014/COCO_train2014_000000393375.jpg,6,258,0.9994491502308973,-0.43985307216644287,Post,6,89.0,0.0018929612862080532,0.9677197639935218,15.0,0.001862980785337199,15.0,0.0018669826785314074,15.0,0.001864365605024053,6.0,0.001850739644184346,21.0,0.001880114338960189,,,,,,,,,,,,,0.9543063494363562,0.9446232142545791,0.944623214254579,0.9182958340544896,0.9253239745212894,,,,,,,,,,,,
187,other,What is the green stuff?,broccoli,http://images.cocodataset.org/train2014/COCO_train2014_000000393379.jpg,11,292,0.9977321334341188,-0.027145493775606155,Bro,11,19.0,0.0021638331797212943,0.9752404816059184,15.0,0.0022044698622047036,25.0,0.0021997332076444326,11.0,0.002112015951654333,10.0,0.002176461516337539,19.0,0.0022247368411273546,27.0,0.002214836250964961,29.0,0.002122211872330034,25.0,0.002259930668385599,39.0,0.0022450341859931574,30.0,0.002295777408709288,,,0.9189900464321514,0.9393705765331458,0.9431887805255736,0.8812908992306927,0.9826301639446198,0.9430792822634823,0.9857390074152366,0.9211460945412073,0.9856070226421634,0.9634437908666316,,,,,,,
188,other,Is this a finger food or dish?,dish,http://images.cocodataset.org/train2014/COCO_train2014_000000393379.jpg,7,249,0.9923386733795846,-0.14441384375095367,D,7,19.0,0.0022385657009467872,0.9366107178069573,46.0,0.00227282394024991,30.0,0.0022423680362232234,16.0,0.0022229235233855492,16.0,0.0022426959999874386,17.0,0.0021995890843545564,40.0,0.0021914084975237077,,,,,,,,,,,0.991586531061696,0.9383521804824037,0.985056822321508,0.9755307720176266,0.9856676426534906,0.9691348077227873,,,,,,,,,,,
189,other,What ICING IS USED ON THIS CAKE?,vanilla,http://images.cocodataset.org/train2014/COCO_train2014_000000262308.jpg,9,269,0.999016626758505,-1.4554846286773682,Van,9,16.0,0.00198267663336126,0.9755307720176265,39.0,0.0019721575521009452,15.0,0.0019887328183612087,9.0,0.0019462982039819496,16.0,0.001994208374574059,10.0,0.0019325513013997413,15.0,0.001944824234579704,16.0,0.002016204889060679,16.0,0.001940342962423334,,,,,,,0.9405885810268916,0.8830374409547587,0.9910760598382222,0.886859507142915,0.9602297178607612,0.944623214254579,0.8620485698650454,0.9528195311147832,,,,,,,,,
190,other,What is the figure on the cupcake?,soldier,http://images.cocodataset.org/train2014/COCO_train2014_000000262308.jpg,7,270,0.9911309642541302,-0.9037292003631592,Sold,7,28.0,0.002654496224023594,0.9704673778967035,13.0,0.0025924615468533394,30.0,0.002632569513082141,59.0,0.0026788108644503895,42.0,0.0027720095520029292,42.0,0.0026667915856018447,22.0,0.002606250319859062,,,,,,,,,,,0.99473723787795,0.9962540519720982,0.9772241286506881,0.9858330810316582,0.9705517801350615,0.989062158294503,,,,,,,,,,,
191,other,What flavor is the cupcake?,vanilla,http://images.cocodataset.org/train2014/COCO_train2014_000000262308.jpg,5,159,0.9937397563434163,-0.6003377437591553,Ch,5,29.0,0.0023684103067806816,0.948549894965057,34.0,0.002317525915806588,27.0,0.0023633739437051134,108.0,0.002267552355100825,12.0,0.002238818387824362,,,,,,,,,,,,,,,0.99117091785867,0.9154293055100304,0.9962916677419519,1.0,,,,,,,,,,,,,
192,other,What is the woman doing?,cutting tie,http://images.cocodataset.org/train2014/COCO_train2014_000000000165.jpg,6,307,0.9822290237012654,-0.7419081330299377,The,6,16.0,0.0032979442142623203,0.9463946303571862,21.0,0.003220841153618982,23.0,0.002866005388665301,15.0,0.002901894403531794,16.0,0.002843718008114425,17.0,0.003276081429542482,,,,,,,,,,,,,0.9751060324573733,0.9643533288260141,0.9543063494363562,0.9592101522724052,0.9878171319090819,,,,,,,,,,,,
193,other,What room is this?,living room,http://images.cocodataset.org/train2014/COCO_train2014_000000415089.jpg,6,233,0.9989795370446679,-0.27810415625572205,Living,6,66.0,0.0019725714348770404,0.9650680586242852,35.0,0.0019368958450494613,24.0,0.001968617512784024,12.0,0.001914728132504578,15.0,0.0019001428739669488,21.0,0.0019855333893722487,,,,,,,,,,,,,0.9792541065603446,0.9283832117695864,0.9808340377961403,0.9718495448242642,0.936781259256497,,,,,,,,,,,,
194,other,What is the boy doing?,herding,http://images.cocodataset.org/train2014/COCO_train2014_000000131245.jpg,5,275,0.9914380446598622,-0.5420791506767273,The,5,25.0,0.003369429458843021,0.9551541663346148,15.0,0.0032008403669896907,2.0,0.002199092683507174,28.0,0.002708158711180792,20.0,0.002947084483269313,,,,,,,,,,,,,,,0.8830374409547587,0.0,0.9747247841001471,0.9927376486136672,,,,,,,,,,,,,
195,other,What animal is on the walls?,fish,http://images.cocodataset.org/train2014/COCO_train2014_000000393394.jpg,2,304,0.9959595676746326,-0.6983914971351624,Fish,2,19.0,0.002744464959660637,0.9769780367557707,9.0,0.003019141431048672,,,,,,,,,,,,,,,,,,,,,0.9910760598382222,,,,,,,,,,,,,,,,
196,other,Sunny or overcast?,overcast,http://images.cocodataset.org/train2014/COCO_train2014_000000393396.jpg,3,283,0.9945354410189068,-0.19004079699516296,Over,3,25.0,0.0019568040621390156,0.9708292297229845,36.0,0.002010495338242798,20.0,0.001976592214943753,,,,,,,,,,,,,,,,,,,0.9370755547372998,0.9794359242226801,,,,,,,,,,,,,,,
197,other,What is the color of the roof shingles?,gray,http://images.cocodataset.org/train2014/COCO_train2014_000000393396.jpg,4,263,0.9991184873521473,-0.7176325917243958,Brown,4,15.0,0.0019762799830826618,0.9718495448242642,20.0,0.002022667906470799,9.0,0.0019669019786540975,5.0,0.0019284624759708547,,,,,,,,,,,,,,,,,0.961513096044501,1.0,0.9709505944546686,,,,,,,,,,,,,,
198,other,What symbol sits atop the tower?,cross,http://images.cocodataset.org/train2014/COCO_train2014_000000393396.jpg,4,282,0.997249281613537,-0.15923042595386505,Cross,4,18.0,0.0023755232249888895,0.809656833416415,24.0,0.002265201290583388,15.0,0.0022480085940911557,17.0,0.0025648519290062156,,,,,,,,,,,,,,,,,0.8993734375300481,0.9161314485121342,0.9975025463691152,,,,,,,,,,,,,,
199,other,What is the grate for?,toaster oven,http://images.cocodataset.org/train2014/COCO_train2014_000000524471.jpg,6,247,0.9989289355096496,-1.7872402667999268,Cook,6,121.0,0.0019410538274938806,0.9637831778540232,44.0,0.001941195109178418,24.0,0.0019233674469971492,16.0,0.0019301325794042685,29.0,0.0019325940615689894,43.0,0.0019426019253665878,,,,,,,,,,,,,0.9613541957794679,0.9807765320912628,0.9965119062478288,0.9453273454467302,0.9890732485402429,,,,,,,,,,,,
200,other,What time is it?,11:55,http://images.cocodataset.org/train2014/COCO_train2014_000000262329.jpg,10,246,0.9992944032529282,-0.22700060904026031,,10,15.0,0.0019099607154529207,0.9018972358711528,44.0,0.0019327718715903455,35.0,0.0019142016387976733,29.0,0.001914028766848471,16.0,0.001886016364130977,16.0,0.0018821940777026705,23.0,0.001917503117932344,35.0,0.0019073507914006426,23.0,0.0019101749168082057,17.0,0.001921451552995524,,,,,0.9427377214193492,0.9794261584077623,0.9745626555229773,0.9886085007312413,0.9886085007312413,0.9410225540684309,0.9539681937895563,0.9863237070924824,0.8846148739279867,,,,,,,,
201,other,What is the brown object with a clock on it?,birdhouse,http://images.cocodataset.org/train2014/COCO_train2014_000000262329.jpg,3,303,0.998192467455003,-0.9665508270263672,C,3,15.0,0.0020744079623670293,0.9949490477321437,15.0,0.0021888407709189242,41.0,0.0021282737179791874,,,,,,,,,,,,,,,,,,,0.9654013672997089,0.9887434006371401,,,,,,,,,,,,,,,
202,other,What number bus is this?,892,http://images.cocodataset.org/train2014/COCO_train2014_000000393403.jpg,5,234,0.9983508536809312,-0.25784432888031006,,5,18.0,0.0019824444336071726,0.9823887817956214,18.0,0.001992927029516194,10.0,0.001963669702506678,16.0,0.0019711925290189533,15.0,0.001960293916425724,,,,,,,,,,,,,,,0.9736669121131954,0.9911594714322186,0.9822177815287605,1.0,,,,,,,,,,,,,
203,other,What is the woman holding?,hair dryer,http://images.cocodataset.org/train2014/COCO_train2014_000000524476.jpg,7,208,0.9970757851516079,-0.9495357275009155,H,7,49.0,0.0020886864793719195,0.9521379233481633,26.0,0.002167931935245591,17.0,0.002076233071815193,17.0,0.002088953510477155,34.0,0.0020657416623104797,28.0,0.002047367672130783,17.0,0.0020776560991752936,,,,,,,,,,,0.9892410142019503,0.9771236998460402,0.9327185526599537,0.9717701207194065,0.9747247841001471,0.9771236998460402,,,,,,,,,,,
204,other,What shape is at the bottom of the pole?,rectangle,http://images.cocodataset.org/train2014/COCO_train2014_000000257513.jpg,7,266,0.9956941958800999,-1.22868812084198,Round,7,35.0,0.0023837403488428956,0.9731363916220461,20.0,0.0024102136162260706,23.0,0.002480183853239347,18.0,0.0023714059139929296,30.0,0.002486054494531276,31.0,0.0024968074040362335,15.0,0.002522396131763785,,,,,,,,,,,0.9596390821693782,0.9083106277832687,0.9736669121131954,0.9356416520113943,0.9827454497822171,0.9189900464321514,,,,,,,,,,,
205,other,What type of bed is in the picture?,bunk bed,http://images.cocodataset.org/train2014/COCO_train2014_000000257513.jpg,10,167,0.9924098027946183,-0.1622338891029358,B,10,23.0,0.002531544897627201,0.9765762937075553,30.0,0.0025869874345215054,60.0,0.002514715158808541,80.0,0.0025644977544972253,66.0,0.0025282693065227548,24.0,0.002511297828098752,5.0,0.0022830567779623724,52.0,0.0026239531815162465,19.0,0.0026052177094742094,19.0,0.0026195966311232896,,,,,0.9485118582263627,0.9564320816980479,0.9695571361811014,0.9717369764157433,0.9265419002141438,0.9709505944546686,0.9551262009024032,0.9223172148184832,0.9223172148184832,,,,,,,,
206,other,What is he cooking?,hot dogs,http://images.cocodataset.org/train2014/COCO_train2014_000000524486.jpg,5,267,0.9964834022634736,-0.2838592827320099,Hot,5,20.0,0.0023056672992609667,0.9976834773764093,31.0,0.002272798250178091,23.0,0.00228427178689848,16.0,0.0022538617844207274,32.0,0.0022293648345587643,,,,,,,,,,,,,,,0.8973679717794566,0.9570850556153867,0.949701216438411,0.9641629356137634,,,,,,,,,,,,,
207,other,Is this a new or ancient clock?,ancient,http://images.cocodataset.org/train2014/COCO_train2014_000000458785.jpg,5,220,0.9389204166838603,-0.03958065062761307,An,5,15.0,0.008154499323820974,0.9967916319816366,34.0,0.005299402863292375,8.0,0.003655418273146325,41.0,0.006424070407016955,146.0,0.007047876093397,,,,,,,,,,,,,,,0.9723851633401047,0.985056822321508,0.9654229496430746,0.9769688115997833,,,,,,,,,,,,,
208,other,What time does the clock read?,12:55,http://images.cocodataset.org/train2014/COCO_train2014_000000458785.jpg,8,241,0.9990809865313881,-0.37894806265830994,,8,22.0,0.0019355503804552026,0.9849226290193991,42.0,0.0019310366298580688,36.0,0.0019219230568200487,35.0,0.0019391344544890977,20.0,0.0019317600784982199,9.0,0.0019101363843240045,30.0,0.0019333469460409525,19.0,0.0019280484489402462,,,,,,,,,0.9814867603669303,0.9406671913015273,0.9454320392490081,0.9518508480286741,0.9910760598382222,0.9503289743838135,0.9431541408460862,,,,,,,,,,
209,other,What mountain was this taken at?,lookout,http://images.cocodataset.org/train2014/COCO_train2014_000000000201.jpg,9,254,0.9965587746597955,-1.3161773681640625,M,9,21.0,0.002070686719323784,0.9663407895758984,17.0,0.0020439618229731236,16.0,0.0020672846346633618,17.0,0.0020711540729076504,27.0,0.0021074769946299375,30.0,0.0021078023664852755,16.0,0.0020964635823665532,25.0,0.002159986375977084,17.0,0.00206551020586919,,,,,,,0.9595784770480081,0.9528195311147832,0.9664022887695614,0.9700484006760405,0.9577317643613505,0.9965119062478288,0.9053496664211536,0.9963890537299693,,,,,,,,,
210,other,What is the black thing he is wearing?,apron,http://images.cocodataset.org/train2014/COCO_train2014_000000393418.jpg,6,163,0.9964393731107563,-0.12066289782524109,A,6,29.0,0.00217919730147021,0.9748750419148658,160.0,0.002126098278594625,31.0,0.0021357464979645246,15.0,0.0021274915191260694,45.0,0.0021182863925876755,18.0,0.002097900753341226,,,,,,,,,,,,,0.9820073382700633,0.9817010974521608,0.9877812438119247,0.9657750722895903,0.9853962684364186,,,,,,,,,,,,
211,other,What is the man doing in the picture?,cooking,http://images.cocodataset.org/train2014/COCO_train2014_000000393418.jpg,3,358,0.9848751732801269,-0.6984109282493591,The,3,18.0,0.003297182424962715,0.9342064019134054,15.0,0.0031106099944339365,23.0,0.0030820343900072526,,,,,,,,,,,,,,,,,,,0.9189900464321514,0.9160773047093677,,,,,,,,,,,,,,,
212,other,What is the cartoon man presenting to the cartoon woman?,ring,http://images.cocodataset.org/train2014/COCO_train2014_000000393419.jpg,8,218,0.9993639780254261,-1.483894944190979,A,8,20.0,0.0018314030904023094,0.9780451855744626,14.0,0.0018398535794952927,30.0,0.0018419664763016028,25.0,0.0018411161542024959,29.0,0.0018326808981544568,104.0,0.0018429644148362533,18.0,0.0018406555686193782,19.0,0.0018345474189356763,,,,,,,,,0.8920082108960956,0.9730533294331416,0.9249688113716502,0.9797175706304523,0.9706995267998971,0.9915323997298832,0.9656476401164373,,,,,,,,,,
213,other,What does the sign with the white arrow say?,one way,http://images.cocodataset.org/train2014/COCO_train2014_000000393419.jpg,4,248,0.981096327106226,-0.8613737225532532,One,4,27.0,0.0034076121540454122,0.9951546302172383,15.0,0.003955389799767936,17.0,0.003418870088805256,20.0,0.005231836524246003,,,,,,,,,,,,,,,,,0.9609640474436811,0.9936520348079905,0.8713688243068336,,,,,,,,,,,,,,
214,other,"What is above the ""No Left Turn"" sign?",one way,http://images.cocodataset.org/train2014/COCO_train2014_000000393419.jpg,5,275,0.997739109403932,-1.4161932468414307,Billboard,5,110.0,0.0018885405975180448,0.9606323402895476,37.0,0.0018761476497283717,56.0,0.0018975816180639992,16.0,0.001913314304004597,23.0,0.0018769661101485848,,,,,,,,,,,,,,,0.9524840581553867,0.9793708176906217,0.954434002924965,0.9741887370104049,,,,,,,,,,,,,
215,other,What is the sign says?,stop,http://images.cocodataset.org/train2014/COCO_train2014_000000393422.jpg,1,130,0.9815844769461478,-1.0024460554122925,Stop,1,319.0,0.003719153888791038,0.983752987152024,,,,,,,,,,,,,,,,,,,,,,,,,,,,,,,,,,,,,,,
216,other,What gender are both of the children likely to be?,female,http://images.cocodataset.org/train2014/COCO_train2014_000000131279.jpg,6,292,0.9959111612268327,-0.48584336042404175,Fem,6,18.0,0.0023310915430627315,0.9656336071428252,25.0,0.0022333474922025228,16.0,0.0021869806154503945,16.0,0.0022683470147409545,52.0,0.002348271110633079,23.0,0.0022871806204080593,,,,,,,,,,,,,0.9372765336772135,0.9681390622295665,0.985056822321508,0.9493882095177815,0.9926387952545109,,,,,,,,,,,,
217,other,What is the one girl doing to the other girl's hair?,brushing,http://images.cocodataset.org/train2014/COCO_train2014_000000131279.jpg,10,154,0.9626097578078631,-0.5665501356124878,The,10,16.0,0.00508873730054487,0.7743974703476992,15.0,0.0037870645777468904,55.0,0.004190342098061845,21.0,0.004073112522362333,43.0,0.004664196402063088,15.0,0.003549276310782883,61.0,0.004091646033555608,16.0,0.004193179583194217,21.0,0.004412724769504301,3.0,0.003708590158574955,,,,,0.9613833012053531,0.9813081494377555,0.9409256218900506,0.9812737679688848,1.0,0.9739180823931083,0.9528195311147832,0.9244658211275739,0.0,,,,,,,,
218,other,Something new to wear with a men's shirt?,tie,http://images.cocodataset.org/train2014/COCO_train2014_000000448671.jpg,9,142,0.9981125799699547,-0.4585719108581543,Yes,9,24.0,0.0020514024668564813,0.9444347946052617,15.0,0.0021001539938312495,58.0,0.00206385694059116,39.0,0.0020581044994425614,21.0,0.002148430010802079,85.0,0.0021086503372046393,39.0,0.002171021615944536,18.0,0.002052020905369637,37.0,0.0021725509548691387,,,,,,,0.9602297178607612,0.9817432549440607,0.9608410173803611,0.8907082013105603,0.9626309630966334,0.9538344698954355,0.9579945435450241,0.9941377481535838,,,,,,,,,
219,other,How much did they pay for the hot dogs?,1,http://images.cocodataset.org/train2014/COCO_train2014_000000393428.jpg,6,277,0.9992970298238116,-1.50449800491333,$,6,18.0,0.001947983822211173,0.8783471047618534,38.0,0.0019659512175352225,28.0,0.0018890176835568693,8.0,0.0018646656593293168,19.0,0.0018952280975270104,15.0,0.0018725938989700018,,,,,,,,,,,,,0.9749288157273484,0.9771025333884774,0.985056822321508,0.9732425514710831,0.9718495448242642,,,,,,,,,,,,
220,other,What is in the man's hand?,tennis racket,http://images.cocodataset.org/train2014/COCO_train2014_000000554301.jpg,13,155,0.997481941714624,-0.289237916469574,Tennis,13,88.0,0.002174585344548645,0.9776080649720137,17.0,0.002230776277898008,19.0,0.0022959130236676908,11.0,0.0023529686493883005,28.0,0.0022052123231277444,6.0,0.0019811739771682622,22.0,0.002169515416611279,26.0,0.0022525748790883722,10.0,0.0022643585275230436,17.0,0.002159083460036723,11.0,0.0022717956485444023,25.0,0.002120701673234297,0.8787419949064399,0.8597769141610625,0.8453509366224364,0.9278998884466353,1.0,0.9530005717699479,0.9147934626534964,0.8812908992306927,0.9519839065438831,0.9456603046006401,0.9719629156972361,14.0,0.0022354816915378236,0.8699155297736259,,,
221,other,What silverware is on the table?,knife and fork,http://images.cocodataset.org/train2014/COCO_train2014_000000262359.jpg,5,223,0.9973983260286354,-0.5906121730804443,F,5,56.0,0.0019797218197411333,0.957358003884601,77.0,0.0019702204102944373,88.0,0.001979247962755611,29.0,0.001974493265366839,15.0,0.0019557349489117905,,,,,,,,,,,,,,,0.9715140462868707,0.9621908965800772,0.9365895140018886,0.982798115178801,,,,,,,,,,,,,
222,other,What type of animal is it?,cat,http://images.cocodataset.org/train2014/COCO_train2014_000000393432.jpg,6,240,0.9972295919311662,-0.015283738262951374,Cat,6,15.0,0.002378783086082803,0.9500685975366211,49.0,0.0023524335719876215,16.0,0.0025196261739251157,21.0,0.0022882820455845795,18.0,0.002274445089157329,15.0,0.002196950809077288,,,,,,,,,,,,,0.9793468295542782,0.8387794678549646,0.9507271636456953,0.9736669121131954,0.9859247724121322,,,,,,,,,,,,
223,other,What is the man standing on?,sand,http://images.cocodataset.org/train2014/COCO_train2014_000000474858.jpg,1,317,0.9956992312667435,-0.17968511581420898,Sand,1,18.0,0.0023470761263100553,0.872009434056298,,,,,,,,,,,,,,,,,,,,,,,,,,,,,,,,,,,,,,,
224,other,What are these men standing in front of?,ocean,http://images.cocodataset.org/train2014/COCO_train2014_000000474858.jpg,4,319,0.9991107010353886,-0.8914170861244202,Sur,4,17.0,0.001960371937622892,0.9664022887695614,33.0,0.0020379677243686977,21.0,0.0019873843175474727,15.0,0.0019458624325685491,,,,,,,,,,,,,,,,,0.8981453887957246,0.9849500113113598,0.9543063494363562,,,,,,,,,,,,,,
225,other,What is the temperature outside?,cold,http://images.cocodataset.org/train2014/COCO_train2014_000000474858.jpg,7,203,0.9938743300508851,-0.9625611305236816,Cold,7,20.0,0.002546174323750229,1.0,30.0,0.002843567398021452,82.0,0.0026035897427761218,90.0,0.0027050506850124986,16.0,0.002474974340010503,16.0,0.00261901361475483,18.0,0.002610463157131663,,,,,,,,,,,0.9286028014534383,0.9831927481473963,0.9769321671271118,0.9618974703476992,0.985056822321508,0.9206250851407773,,,,,,,,,,,
226,other,What is lying on the ground?,surfboard,http://images.cocodataset.org/train2014/COCO_train2014_000000474858.jpg,8,224,0.9993412710378538,-0.3811224102973938,Sur,8,23.0,0.0019355285625724205,0.9718864326999251,24.0,0.0020563221298888295,18.0,0.0019183708565307818,5.0,0.001851609826505895,15.0,0.0019520933571365894,37.0,0.001948767047947505,11.0,0.0019296640550126758,16.0,0.0019096812376702228,,,,,,,,,0.9642934129442273,0.9955380299191111,0.9709505944546686,1.0,0.9604577391067886,0.9056185178648963,0.9618974703476992,,,,,,,,,,
227,other,What is flying in the air?,kites,http://images.cocodataset.org/train2014/COCO_train2014_000000474858.jpg,2,337,0.9989505458102489,-0.14447644352912903,K,2,160.0,0.0019826892139468235,0.9792689556982694,24.0,0.0019945367961442598,,,,,,,,,,,,,,,,,,,,,0.9795739585136223,,,,,,,,,,,,,,,,
228,other,What brand of shoes is the skateboarder wearing?,none,http://images.cocodataset.org/train2014/COCO_train2014_000000474858.jpg,4,223,0.9987651470291824,-1.0143624544143677,N,4,16.0,0.0020966105333663325,0.9248008763572907,25.0,0.002037114043418138,23.0,0.00205444160557012,22.0,0.002258551266198922,,,,,,,,,,,,,,,,,0.9612922645609548,0.9484695748748555,0.8383685150260662,,,,,,,,,,,,,,
229,other,What type of clouds are visible in this photo?,cumulus,http://images.cocodataset.org/train2014/COCO_train2014_000000474858.jpg,3,281,0.9947649995933437,-0.9486436247825623,C,3,18.0,0.00287093113313138,0.9342064019134054,19.0,0.002516056098076205,42.0,0.0023431445624991767,,,,,,,,,,,,,,,,,,,0.9418071986717287,0.987384469573918,,,,,,,,,,,,,,,
230,other,What is the man doing?,standing,http://images.cocodataset.org/train2014/COCO_train2014_000000474858.jpg,7,247,0.9942214046752101,-0.6132104992866516,The,7,37.0,0.0026544430375610596,0.9334676731527766,8.0,0.0025708632613750467,23.0,0.003188563451555006,24.0,0.003099875856999452,16.0,0.002672589912480069,17.0,0.0025193496730081776,19.0,0.0026147729743333584,,,,,,,,,,,0.954434002924965,0.9932927654933185,0.8920795639257109,0.9056390622295665,0.9856676426534905,0.9279081769370418,,,,,,,,,,,
231,other,Is the person on the right male or female?,male,http://images.cocodataset.org/train2014/COCO_train2014_000000474858.jpg,4,195,0.9955112487339476,-0.004398408345878124,Male,4,102.0,0.0022862411102133953,0.9707503618220846,29.0,0.0023258229663575313,19.0,0.0022079988886020475,30.0,0.0022144389276660165,,,,,,,,,,,,,,,,,0.8990660057201914,0.9863924063933985,0.981436625418185,,,,,,,,,,,,,,
232,other,What object is painted on the surfboard?,star,http://images.cocodataset.org/train2014/COCO_train2014_000000474858.jpg,12,151,0.9926668457526822,-0.37937870621681213,T,12,43.0,0.0025802520232232843,0.9897576653599951,73.0,0.002992009534242123,11.0,0.002570827702661062,11.0,0.0024701663885116558,9.0,0.002522380032448235,7.0,0.002565273621389236,31.0,0.0025069587978531374,8.0,0.0025801240473209367,2.0,0.002374163045951623,8.0,0.002409846097010501,10.0,0.002538650520219752,15.0,0.002629580829806859,0.940015728085516,0.9431887805255736,0.9681300137657637,0.9656336071428251,0.9852281360342515,0.9790777081558828,1.0,0.0,0.985056822321508,0.9602297178607612,0.982798115178801,,,,,,
233,other,What does the train ride along?,tracks,http://images.cocodataset.org/train2014/COCO_train2014_000000165859.jpg,2,274,0.9990713837771805,-0.9582738280296326,Train,2,15.0,0.002001037210626592,0.982798115178801,131.0,0.002133801435245299,,,,,,,,,,,,,,,,,,,,,0.9757132154167828,,,,,,,,,,,,,,,,
234,other,What is turned on?,light,http://images.cocodataset.org/train2014/COCO_train2014_000000039288.jpg,10,93,0.9984102482855635,-0.433454692363739,L,10,48.0,0.0019093664666709126,0.9657350729774723,52.0,0.0019056187309731824,24.0,0.0018953952434120252,18.0,0.0018984897529186458,63.0,0.0019010435089534868,145.0,0.0019023617390913903,13.0,0.001903396559217705,16.0,0.0019053134105860017,8.0,0.001893661498884118,24.0,0.001911090370274304,,,,,0.9859295712758741,0.9776902310822042,0.9955380299191111,0.978220348716783,0.9807027584273191,0.8956403056385981,0.9965119062478288,0.954434002924965,0.9745411476764105,,,,,,,,
235,other,What is the name of the yellow fruit pictured?,banana,http://images.cocodataset.org/train2014/COCO_train2014_000000039288.jpg,4,315,0.9977696493616542,-0.7792483568191528,Ban,4,31.0,0.0021889345979771288,0.9794708216161814,15.0,0.002116666268120886,15.0,0.0022270935564808235,15.0,0.0024279043692680144,,,,,,,,,,,,,,,,,0.9949490477321437,1.0,0.9182958340544896,,,,,,,,,,,,,,
236,other,What shape are the plates?,round,http://images.cocodataset.org/train2014/COCO_train2014_000000524518.jpg,2,108,0.9990114197103966,-0.22695431113243103,Round,2,16.0,0.0019640773635352677,0.9755307720176266,399.0,0.0019719692481501043,,,,,,,,,,,,,,,,,,,,,0.9768282691159053,,,,,,,,,,,,,,,,
237,other,What indicates that this is for a party?,many plates,http://images.cocodataset.org/train2014/COCO_train2014_000000524518.jpg,9,239,0.9993445059492443,-1.1934651136398315,The,9,16.0,0.0018453218933787584,0.9414280318460244,45.0,0.0018629350288763998,16.0,0.001843455337714467,27.0,0.0018477797698533331,15.0,0.001875774242169407,16.0,0.0018672566023640173,15.0,0.0018520932759666872,15.0,0.0018517537451753332,16.0,0.0018656933721094412,,,,,,,0.9490932462689142,0.9414280318460245,0.9743163353697013,0.7835807040488099,0.9320201587042914,0.9654013672997089,0.9654013672997089,0.8950145145731531,,,,,,,,,
238,other,What two utensils are next to the plate?,fork and knife,http://images.cocodataset.org/train2014/COCO_train2014_000000524518.jpg,4,204,0.9975035604810579,-0.8538505434989929,F,4,17.0,0.001915335162250588,0.9967828263127351,264.0,0.0019184199013951061,17.0,0.0019145625947067045,37.0,0.0019119758833825683,,,,,,,,,,,,,,,,,0.9874401817810362,0.9770358764490155,0.9902507729536278,,,,,,,,,,,,,,
239,other,How lucky is it that no one was walking on the sidewalk at that time?,very,http://images.cocodataset.org/train2014/COCO_train2014_000000524520.jpg,9,168,0.9965828520708498,-0.8938307166099548,Very,9,27.0,0.0021324969277609204,0.9765154326329551,18.0,0.0022169308533385584,60.0,0.002211893956915315,30.0,0.0022198494363824548,119.0,0.00223981833306045,35.0,0.002230690446502009,15.0,0.002189697310197699,8.0,0.002143732130445982,21.0,0.0022236278865492265,,,,,,,0.9915323997298832,0.9486108113491777,0.9450887699778394,0.9783327578340815,0.9737828754457829,0.9500685975366211,0.954434002924965,0.9517619850443704,,,,,,,,,
240,other,What traffic light is on?,red,http://images.cocodataset.org/train2014/COCO_train2014_000000524520.jpg,2,266,0.9826451680465839,-1.2691251039505005,Red,2,41.0,0.004085400878956016,0.9899896736889607,16.0,0.004222946669018557,,,,,,,,,,,,,,,,,,,,,0.9248008763572906,,,,,,,,,,,,,,,,
241,other,What number does the battery have on his shirt?,11,http://images.cocodataset.org/train2014/COCO_train2014_000000524522.jpg,7,157,0.9986741802204544,-0.15393859148025513,,7,157.0,0.0019585595021065477,0.9769649200393896,50.0,0.0019877021191198876,15.0,0.0019451593410150414,29.0,0.001966404085636961,17.0,0.0019708368892802767,15.0,0.001965894350625515,15.0,0.0019410499201735945,,,,,,,,,,,0.970596337030723,0.9543063494363562,0.9725650377082804,0.8787419949064401,0.9500685975366211,0.9664572819896988,,,,,,,,,,,
242,other,What team is the batter from?,yankees,http://images.cocodataset.org/train2014/COCO_train2014_000000524522.jpg,4,234,0.9992722262584922,-1.9551703929901123,San,4,62.0,0.001900212568913517,0.9788570292341863,15.0,0.0018957042425962495,32.0,0.0019124432177548057,28.0,0.0019718617593375365,,,,,,,,,,,,,,,,,0.982798115178801,0.9465059592732575,0.8936914553520411,,,,,,,,,,,,,,
243,other,What objects are directly above the TV set?,pictures,http://images.cocodataset.org/train2014/COCO_train2014_000000131312.jpg,8,295,0.9920254861783122,-1.7201632261276245,Pictures,8,17.0,0.0026016530856871212,0.9507532012507529,26.0,0.002651358344654108,4.0,0.002487589136972906,15.0,0.002831552651625353,17.0,0.0025069557574645116,15.0,0.002448382898839712,15.0,0.0025403595080661346,15.0,0.0027100740090681827,,,,,,,,,0.982565040412523,0.0,0.9967916319816366,0.9503435562077924,0.9859247724121322,0.9446232142545791,0.9018972358711528,,,,,,,,,,
244,other,What print is this woman's dress?,dots,http://images.cocodataset.org/train2014/COCO_train2014_000000131315.jpg,8,291,0.9940972168824886,-1.1707024574279785,St,8,16.0,0.0020247903310556883,0.9886994082884974,22.0,0.0020054962155218094,75.0,0.002013441121292599,18.0,0.0019966738978921426,27.0,0.0020037925825167114,27.0,0.002007391719633126,16.0,0.0020100177952468547,16.0,0.002009923627179495,,,,,,,,,0.9849226290193991,0.9514790376931122,0.9101415926479804,0.9637298207225217,0.9531154893608909,0.9463946303571862,0.886859507142915,,,,,,,,,,
245,other,What is on the handlebars?,bird,http://images.cocodataset.org/train2014/COCO_train2014_000000262389.jpg,3,141,0.9978679220289817,-1.2227414846420288,Hel,3,326.0,0.0022528071310640146,0.9857785892067737,10.0,0.0021986609539001523,12.0,0.002157422285847081,,,,,,,,,,,,,,,,,,,0.9709505944546686,0.9358932809493993,,,,,,,,,,,,,,,
246,other,What bird is on the man's bike?,parrot,http://images.cocodataset.org/train2014/COCO_train2014_000000262389.jpg,8,314,0.9992433711950982,-0.12581157684326172,Par,8,16.0,0.0019476404572254659,0.8957541375001011,19.0,0.001909106201108687,15.0,0.001913068655747288,17.0,0.0019265197600834038,16.0,0.0018976370399493214,15.0,0.0019029885364886929,27.0,0.0019566313174403075,12.0,0.0019117224979456008,,,,,,,,,0.968715212846104,0.944623214254579,0.903881788208597,0.9822177815287605,0.9949490477321437,0.9683688186345034,0.9463946303571862,,,,,,,,,,
247,other,What is the fence made of?,metal,http://images.cocodataset.org/train2014/COCO_train2014_000000262393.jpg,5,103,0.9983339793035279,-0.31888940930366516,Metal,5,285.0,0.0021074953821216443,0.9828177179054868,8.0,0.002055776659795714,15.0,0.0020425440156505124,49.0,0.0020769453036732573,10.0,0.0020397799425602293,,,,,,,,,,,,,,,1.0,0.9664572819896989,0.9638175835497782,0.9372305632161296,,,,,,,,,,,,,
248,other,What is the name of the street that starts with a color?,greenwich,http://images.cocodataset.org/train2014/COCO_train2014_000000000250.jpg,2,277,0.9928533509017581,-0.07032617181539536,Green,2,15.0,0.0024184763426506567,0.9161314485121342,22.0,0.002591786669094587,,,,,,,,,,,,,,,,,,,,,0.9643787017331664,,,,,,,,,,,,,,,,
249,other,How can you tell the giraffe is in captivity?,fence,http://images.cocodataset.org/train2014/COCO_train2014_000000131323.jpg,6,331,0.9988327832694349,-1.2986387014389038,The,6,18.0,0.002031985810705997,0.9435794406736079,13.0,0.001984862272933437,11.0,0.00203542235666031,25.0,0.0020358273890933995,28.0,0.00199035383740237,23.0,0.0020250615432289717,,,,,,,,,,,,,0.9629470156266078,0.8453509366224364,0.9551541663346148,0.9278998884466353,0.9321883810995899,,,,,,,,,,,,
250,other,What is the name of the store behind the lady?,pike place fish,http://images.cocodataset.org/train2014/COCO_train2014_000000262399.jpg,6,235,0.9981651010381914,-0.6259305477142334,P,6,18.0,0.002706874464642588,0.9656336071428252,19.0,0.0025022620335678524,26.0,0.0025995594588942455,14.0,0.0023058830609508324,26.0,0.0029665810979741802,18.0,0.002758041835293635,,,,,,,,,,,,,0.94841021822029,0.9020756323913421,0.9211854965885542,0.9162116854111507,0.8588801260706667,,,,,,,,,,,,
251,other,What does the lady have in her mouth?,fish,http://images.cocodataset.org/train2014/COCO_train2014_000000262399.jpg,5,175,0.9988142089132287,-1.691676139831543,A,5,15.0,0.0018893119003274422,0.9609640474436811,16.0,0.0018965382587746084,179.0,0.0019025169580852031,18.0,0.001886176146021752,8.0,0.0018853274330002717,,,,,,,,,,,,,,,0.9528195311147832,0.9781440649308788,0.9649450424307694,1.0,,,,,,,,,,,,,
252,other,What are the popsicle sticks used for?,labels,http://images.cocodataset.org/train2014/COCO_train2014_000000131330.jpg,4,215,0.9985326148897293,-1.9836101531982422,Ident,4,48.0,0.0018361487934986022,0.9686420845771988,86.0,0.0018340622264726627,31.0,0.0018411610042315658,16.0,0.0018258768121678101,,,,,,,,,,,,,,,,,0.9807978532963956,0.9391415609170413,0.9618974703476992,,,,,,,,,,,,,,
253,other,What is the structure in the background?,teepee,http://images.cocodataset.org/train2014/COCO_train2014_000000524547.jpg,9,233,0.9950223835974673,-0.5827150940895081,T,9,17.0,0.0022727914608472836,0.9967828263127351,15.0,0.002308817045324281,21.0,0.0023055366552560837,19.0,0.0022824774613643983,47.0,0.002230328520142615,78.0,0.002244587268464631,22.0,0.0021977972350857755,17.0,0.00219855951175294,20.0,0.0022636365462065876,,,,,,,0.9967916319816366,0.9937866610055328,0.9894975386227151,0.9769940718590234,0.9884603627273917,0.995226686335856,0.9595784770480079,0.9416915491145067,,,,,,,,,
254,other,What are these people doing?,snowboarding,http://images.cocodataset.org/train2014/COCO_train2014_000000524551.jpg,12,158,0.9914266262575987,-1.6671597957611084,Snow,12,18.0,0.0029391124284028486,0.9656336071428251,20.0,0.0029865114051864454,18.0,0.002880446792879045,37.0,0.0028689895085271346,96.0,0.0028482866795579032,19.0,0.0028949299184389834,12.0,0.0026200066000082543,26.0,0.0029792412977099622,33.0,0.0025757061671653576,13.0,0.0027598095292105853,99.0,0.003006469940023277,39.0,0.0030423602588491683,0.9976834773764093,0.9758159039662214,0.96547114339208,0.9684639101401115,0.9119149038015315,0.9808340377961404,0.9892410142019504,0.9654471232646913,0.8956403056385981,0.9663249419601048,0.9618691046313586,,,,,,
255,other,What is the white structure behind the ramp?,teepee,http://images.cocodataset.org/train2014/COCO_train2014_000000524551.jpg,5,229,0.9986294659719661,-0.3817112147808075,Te,5,184.0,0.0021328996806238938,0.9859178253862088,18.0,0.0020221880968179983,15.0,0.002102470156644853,17.0,0.001998737355966556,37.0,0.0020772717850561,,,,,,,,,,,,,,,0.9375433175393748,0.9189900464321514,0.9719977955078913,0.9589730811213784,,,,,,,,,,,,,
256,other,What is on the ground?,snow,http://images.cocodataset.org/train2014/COCO_train2014_000000393480.jpg,1,309,0.9973687587259749,-0.06353937834501266,Snow,1,30.0,0.002719741772479302,0.8977939257449984,,,,,,,,,,,,,,,,,,,,,,,,,,,,,,,,,,,,,,,
257,other,What is the man wearing?,shorts,http://images.cocodataset.org/train2014/COCO_train2014_000000131339.jpg,1,236,0.998414633710367,-0.9679453372955322,Short,1,27.0,0.002208372373461428,0.9425559093157337,,,,,,,,,,,,,,,,,,,,,,,,,,,,,,,,,,,,,,,
258,other,What sport are they playing?,soccer,http://images.cocodataset.org/train2014/COCO_train2014_000000524557.jpg,5,268,0.9865015192697904,-0.02428290992975235,Soccer,5,20.0,0.0026555929595293596,1.0,30.0,0.002681021781972206,22.0,0.0026442565931724693,43.0,0.0026905652562266087,17.0,0.0028018946653026147,,,,,,,,,,,,,,,0.9740853231175152,0.9513590473032969,0.9609990990172882,0.8726389366057714,,,,,,,,,,,,,
259,other,Color is the goaltenders shirt?,white,http://images.cocodataset.org/train2014/COCO_train2014_000000524557.jpg,2,210,0.9271625605725524,-0.4436805844306946,Y,2,60.0,0.013873590303332423,0.9427448770193387,15.0,0.009245394186497906,,,,,,,,,,,,,,,,,,,,,0.9949490477321437,,,,,,,,,,,,,,,,
260,other,Are they coworkers or best friends?,best friends,http://images.cocodataset.org/train2014/COCO_train2014_000000131342.jpg,8,154,0.9975052560831812,-0.666093647480011,Cow,8,74.0,0.002050330725912765,0.9784081940184227,46.0,0.002026490791544855,20.0,0.002021297830772308,20.0,0.0020226737666888496,40.0,0.002022781300947042,12.0,0.002019775760457748,15.0,0.002025194795422894,6.0,0.002008554307419048,,,,,,,,,0.9883551217975578,1.0,0.9921503172858166,0.9765225384543693,1.0,0.9609640474436811,0.9182958340544896,,,,,,,,,,
261,other,What is in the glass in the lower right?,wine,http://images.cocodataset.org/train2014/COCO_train2014_000000131342.jpg,4,228,0.9996036445822669,-0.5067470073699951,W,4,37.0,0.0018081732570028684,0.9887640435424178,28.0,0.0018077062934650355,200.0,0.001807168537237344,15.0,0.0017991789560139137,,,,,,,,,,,,,,,,,0.9511036173003944,0.9757702114939979,0.9543063494363562,,,,,,,,,,,,,,
262,other,The wall is made out of?,brick,http://images.cocodataset.org/train2014/COCO_train2014_000000131342.jpg,2,289,0.9957910711931719,-0.018756315112113953,Br,2,15.0,0.0020500059461571636,1.0,16.0,0.0020536660946525826,,,,,,,,,,,,,,,,,,,,,0.9954133073923868,,,,,,,,,,,,,,,,
263,other,What does the sign in the background say?,no parking,http://images.cocodataset.org/train2014/COCO_train2014_000000262415.jpg,7,202,0.9972822569384068,-2.3530924320220947,The,7,34.0,0.0022226867907578084,0.9520470987133598,44.0,0.002268025817237075,16.0,0.00221016124049955,36.0,0.0021962722209746014,66.0,0.0024007980652185506,22.0,0.00225097830743704,15.0,0.002267509062254217,,,,,,,,,,,0.950406494385812,0.9618974703476992,0.9846771176582444,0.9436217333859338,0.9666425652015439,0.9877812438119246,,,,,,,,,,,
264,other,What is behind the mirror?,bus,http://images.cocodataset.org/train2014/COCO_train2014_000000262415.jpg,3,293,0.9979804645481483,-0.9135974645614624,School,3,37.0,0.002135402795163449,0.9739883444851981,57.0,0.0023125408797319267,16.0,0.002138001150542474,,,,,,,,,,,,,,,,,,,0.9787664348858497,0.9618974703476992,,,,,,,,,,,,,,,
265,other,How healthy does this meal look?,very,http://images.cocodataset.org/train2014/COCO_train2014_000000393488.jpg,6,165,0.9979104776728874,-0.26458078622817993,Very,6,21.0,0.002072442372726533,0.9763945235672327,157.0,0.0020920958874082658,71.0,0.0021167784875304936,15.0,0.002160560123791864,16.0,0.0021002356923541356,26.0,0.0020783610359127974,,,,,,,,,,,,,0.9820183666012876,0.9717756729456262,0.9967916319816366,0.875,0.9295213490544723,,,,,,,,,,,,
266,other,What meat is used in the main dish?,beef,http://images.cocodataset.org/train2014/COCO_train2014_000000393488.jpg,6,185,0.9981697250247289,-0.3542903959751129,Be,6,51.0,0.00204346735928814,0.9506471248002003,181.0,0.0020636466335430723,16.0,0.0020694964231289053,22.0,0.002077882373786784,43.0,0.002084302031120272,55.0,0.0020859782294410036,,,,,,,,,,,,,0.9834145707033171,0.886859507142915,0.9389433656943027,0.9723142174148802,0.9657524894739749,,,,,,,,,,,,
267,other,What is the man reaching for?,phone,http://images.cocodataset.org/train2014/COCO_train2014_000000393489.jpg,5,229,0.9939330772883086,-0.8088328838348389,The,5,37.0,0.0023895199981955584,0.9814950788891824,18.0,0.002416122496084086,31.0,0.002674869273376675,24.0,0.002597576694462041,37.0,0.0028330831223283078,,,,,,,,,,,,,,,0.9941181381188445,0.9679315953057996,0.8890357678451779,0.9521416308533424,,,,,,,,,,,,,
268,other,What language is the text on the sign?,english,http://images.cocodataset.org/train2014/COCO_train2014_000000393489.jpg,7,215,0.999023274483242,-0.09699317812919617,English,7,66.0,0.0019385942869776644,0.949236483025071,23.0,0.0019364540251623305,15.0,0.0019561218968951436,38.0,0.0019347819220169118,15.0,0.0019127246876204068,11.0,0.0019081013684955324,15.0,0.001897463688097318,,,,,,,,,,,0.9160773047093677,0.7835807040488099,0.9802851003502316,0.9543063494363562,0.9713067383178076,0.9859247724121322,,,,,,,,,,,
269,other,What is the man holding?,phone,http://images.cocodataset.org/train2014/COCO_train2014_000000393489.jpg,9,221,0.991880823831589,-0.8324583768844604,Phone,9,60.0,0.002725318900340124,0.969960528307206,32.0,0.0031141387573856484,16.0,0.0029170357170929216,35.0,0.00350858263483029,16.0,0.003097867878718695,40.0,0.003173950435076421,11.0,0.0029928842745276444,17.0,0.002811338222095965,15.0,0.002935499259691492,,,,,,,0.9498938332381361,0.8980898459737487,0.9158089756158103,0.985056822321508,0.9834767071059948,0.9940302114769565,0.9771236998460402,1.0,,,,,,,,,
270,other,What does this phone case look like?,silver,http://images.cocodataset.org/train2014/COCO_train2014_000000393489.jpg,8,233,0.9989597360070482,-1.2956398725509644,The,8,16.0,0.0019204119914318298,0.9886085007312413,25.0,0.0019557178156814404,44.0,0.0019657592635260786,20.0,0.0019195219158650947,16.0,0.0019485429668613928,71.0,0.0019586765555465843,19.0,0.0019512088593733503,22.0,0.0019871404428505528,,,,,,,,,0.9249688113716502,0.9313040544129396,0.9843006345716333,0.9755307720176265,0.9614334180911029,0.90647263812994,0.9870296937811092,,,,,,,,,,
271,other,What is the brand of the phone?,pharos,http://images.cocodataset.org/train2014/COCO_train2014_000000393489.jpg,8,310,0.8359762933783202,-0.24426685273647308,Ph,8,20.0,0.009107622485829431,0.9008047485295138,19.0,0.011870039028730796,70.0,0.010390454288276283,18.0,0.013993890057054585,18.0,0.013583328707188307,27.0,0.01156488874423822,24.0,0.01259875217106275,39.0,0.009566027986783998,,,,,,,,,0.8693978806749074,0.9421222369418288,1.0,1.0,0.9455305560363263,0.985056822321508,0.9203864492457542,,,,,,,,,,
272,other,What does this controller go with?,phone,http://images.cocodataset.org/train2014/COCO_train2014_000000393489.jpg,8,198,0.9840714002796037,-1.3436150550842285,Phone,8,39.0,0.0031845994939990402,0.9747367862844546,29.0,0.0036186015825007047,23.0,0.003387358576748975,20.0,0.003420389089692971,25.0,0.0033281575163392548,72.0,0.004065648267347611,29.0,0.0037455177211616177,29.0,0.003537633394152003,,,,,,,,,0.9513086369859299,0.9681464573140728,0.9854752972273343,0.9682247582559769,0.9671859213995975,0.9839067104067714,0.9714486610795995,,,,,,,,,,
273,other,What brand is the phone?,pharos,http://images.cocodataset.org/train2014/COCO_train2014_000000393489.jpg,8,312,0.8376118729639999,-0.18977861106395721,Ph,8,20.0,0.009125544579536038,0.9008047485295138,20.0,0.011338099475959578,71.0,0.010207877333276019,18.0,0.01375864128224031,18.0,0.013398325654923259,27.0,0.011418751910841182,24.0,0.012419366409750257,39.0,0.009525671683383946,,,,,,,,,0.9197173235750931,0.9472266179577542,1.0,1.0,0.9455305560363263,0.985056822321508,0.9203864492457542,,,,,,,,,,
274,other,What is the person holding in their hand?,cell phone,http://images.cocodataset.org/train2014/COCO_train2014_000000393489.jpg,9,224,0.9911255924756681,-1.1345727443695068,Phone,9,43.0,0.0028255274020719044,0.9755358753143112,17.0,0.002887565928872375,36.0,0.003500858170370195,24.0,0.0032807108073024866,23.0,0.0034002991554672036,62.0,0.0033841032282359513,20.0,0.0029998360004174964,16.0,0.0030668286335317264,10.0,0.0025706338092210596,,,,,,,0.9664022887695614,0.9083038388423265,0.9949671891627881,0.9224409677146627,0.9830723184698522,0.9927376486136672,0.9965119062478288,0.9911594714322186,,,,,,,,,
275,other,What is the person holding?,phone,http://images.cocodataset.org/train2014/COCO_train2014_000000393489.jpg,8,231,0.9925729817982955,-0.8490006923675537,Phone,8,51.0,0.002701653112868161,0.972703256751416,16.0,0.002828311606127784,36.0,0.0033410504138686814,24.0,0.003172819803089156,20.0,0.0030861656664957463,53.0,0.003106298736639578,18.0,0.0027882285356580078,15.0,0.0029000500764670128,,,,,,,,,0.9414280318460245,0.9083038388423265,0.9949671891627881,0.9283898247235197,0.9728556578102635,0.9874687506009635,1.0,,,,,,,,,,
276,other,What's on the other side of the shower curtain?,shower,http://images.cocodataset.org/train2014/COCO_train2014_000000546179.jpg,2,79,0.9964159358416177,-1.1910045146942139,Bat,2,482.0,0.0022027770931308042,0.9839452050457205,13.0,0.0021063222511267447,,,,,,,,,,,,,,,,,,,,,0.9938866857439922,,,,,,,,,,,,,,,,
277,other,What is the green stuff?,broccoli,http://images.cocodataset.org/train2014/COCO_train2014_000000000009.jpg,7,166,0.9976654672717754,-0.02940252237021923,Bro,7,99.0,0.0024125822340264292,0.9608471313896981,36.0,0.0024157594977252655,18.0,0.002327641698689324,9.0,0.0022549355624662936,30.0,0.002457017051855736,15.0,0.002599878818948256,38.0,0.002529277126279524,,,,,,,,,,,0.9450509355094185,0.9206250851407775,0.9182958340544896,0.956382421875939,0.9709505944546686,0.9546357054752236,,,,,,,,,,,
278,other,What is the floor made of?,tile,http://images.cocodataset.org/train2014/COCO_train2014_000000131351.jpg,7,160,0.996398175964286,-0.2192842960357666,T,7,39.0,0.0019427100559311307,0.9718658303252776,147.0,0.0019473999786844011,24.0,0.00194840325139946,15.0,0.0019408156298153412,65.0,0.0019454949628709025,15.0,0.0019445045412911355,42.0,0.0019441972485727001,,,,,,,,,,,0.9692002262715619,0.9838824188369656,0.9602297178607612,0.963261961631207,0.9500685975366211,0.9436335458231992,,,,,,,,,,,
279,other,What is the ratio of white tiles to blue?,many more white,http://images.cocodataset.org/train2014/COCO_train2014_000000131351.jpg,7,149,0.9989279572944957,-0.18432681262493134,,7,23.0,0.0019563497735965944,0.9321883810995899,16.0,0.0019373525931356366,230.0,0.0019417932610002007,26.0,0.0019264270572921262,16.0,0.0019047360636722523,18.0,0.0019402043244208672,41.0,0.0019154423907193647,,,,,,,,,,,0.9320201587042914,0.9795357967872488,0.9846016942256396,0.9618974703476992,0.8763576394898522,0.9894200370593851,,,,,,,,,,,
280,other,What power tool is present?,drill,http://images.cocodataset.org/train2014/COCO_train2014_000000131351.jpg,8,179,0.9991507959620461,-0.8179718852043152,Dr,8,125.0,0.0019352153823887842,0.9724690313644431,33.0,0.0019126798183698118,26.0,0.0018974702001398691,15.0,0.0019089286655659514,7.0,0.0018724887718226857,26.0,0.0019199349166810294,17.0,0.001903216592531146,21.0,0.001933751421554972,,,,,,,,,0.9874927427736497,0.9740077142838576,0.982798115178801,0.9821410328348752,0.9356642929143761,0.9429842044464151,0.9907017951253161,,,,,,,,,,
281,other,What fruit is present?,watermelon,http://images.cocodataset.org/train2014/COCO_train2014_000000131352.jpg,2,218,0.9939092927625641,-0.618189811706543,St,2,52.0,0.0020370895090901934,0.9473343671646078,31.0,0.0020454165175812548,,,,,,,,,,,,,,,,,,,,,0.9953897503830361,,,,,,,,,,,,,,,,
282,other,What do you think the cat is looking at?,bird,http://images.cocodataset.org/train2014/COCO_train2014_000000524572.jpg,7,261,0.9983499142753113,-1.759214997291565,The,7,22.0,0.002053993981044366,0.9538197181912221,15.0,0.002005609036752871,16.0,0.001978632759542079,20.0,0.0020569096831307043,16.0,0.0020062313529742217,17.0,0.002023696249785938,15.0,0.002004910579681619,,,,,,,,,,,0.982798115178801,0.9592101522724052,0.9794359242226801,0.9886085007312413,0.9856676426534905,0.982798115178801,,,,,,,,,,,
283,other,What utensil is sitting next to the food?,fork,http://images.cocodataset.org/train2014/COCO_train2014_000000112497.jpg,11,222,0.9959556465377496,-0.060841482132673264,F,11,32.0,0.0019851397796888065,0.9949408496067699,17.0,0.001979736147990325,9.0,0.0019720539845267514,31.0,0.0019831352079491067,16.0,0.0019876037122485506,46.0,0.0019764432954616174,25.0,0.0019803783264922613,15.0,0.0019665004150747835,23.0,0.001997284919159375,25.0,0.0019779661653259893,15.0,0.001966292017934083,,,0.9605278493513334,0.9910760598382222,0.9837918621555541,0.9755307720176266,0.9932091084033814,0.9949956408022635,0.9664572819896989,0.9765762937075555,0.9505030771498542,0.9543063494363562,,,,,,,
284,other,What is in the jug?,beer,http://images.cocodataset.org/train2014/COCO_train2014_000000112497.jpg,7,217,0.9889144242954646,-0.060008227825164795,Be,7,24.0,0.0021850711159173497,0.9611030852894162,40.0,0.0021819088940330674,79.0,0.002183850595741242,16.0,0.0021812006429289513,44.0,0.0021956291442075866,21.0,0.002209968461013721,15.0,0.0021816222945541894,,,,,,,,,,,0.9659021565641236,0.9771689334441971,0.9248008763572906,0.948537240979688,0.8907082013105603,1.0,,,,,,,,,,,
285,other,What is the name of this crusted food?,pizza,http://images.cocodataset.org/train2014/COCO_train2014_000000112497.jpg,4,278,0.9991822834446532,-0.025436265394091606,P,4,46.0,0.001949683779848956,0.9560560124930259,17.0,0.0019119513519993835,23.0,0.001962052309654102,15.0,0.0018973478217758498,,,,,,,,,,,,,,,,,0.9936520348079905,0.9863237070924825,0.9859247724121322,,,,,,,,,,,,,,
286,other,What animal is on the flatbed?,cow,http://images.cocodataset.org/train2014/COCO_train2014_000000393503.jpg,3,210,0.9939267091299904,-0.01428930088877678,Cow,3,113.0,0.002834308975647311,0.9740460922700813,35.0,0.0026371683443866104,23.0,0.0026845229923454115,,,,,,,,,,,,,,,,,,,0.9758371229319098,0.9203009775994394,,,,,,,,,,,,,,,
287,other,What room of the house is this?,kitchen,http://images.cocodataset.org/train2014/COCO_train2014_000000393508.jpg,1,296,0.9995498643958576,-0.005704909563064575,K,1,35.0,0.0018846109125234046,0.9523946852806644,,,,,,,,,,,,,,,,,,,,,,,,,,,,,,,,,,,,,,,
288,other,What is the floor made out of?,wood,http://images.cocodataset.org/train2014/COCO_train2014_000000393508.jpg,5,171,0.9967294338921603,-0.013493145816028118,Wood,5,94.0,0.0022408974414511863,0.9722210843211079,30.0,0.002135545299634745,28.0,0.0021699353875957563,19.0,0.002392314439805325,34.0,0.0025375983325040524,,,,,,,,,,,,,,,0.9815849619939702,0.9771708748992811,0.9355095604394199,0.9572881711927126,,,,,,,,,,,,,
289,other,What do you use the stove for?,cooking,http://images.cocodataset.org/train2014/COCO_train2014_000000393508.jpg,6,309,0.9987602070451291,-0.21188318729400635,Cook,6,27.0,0.0019794916228709695,0.9689527344656083,22.0,0.001990923696412484,18.0,0.0020052092856375743,21.0,0.001961376406740975,16.0,0.001965833071561849,26.0,0.001992137221012157,,,,,,,,,,,,,0.9849226290193991,0.8826232641893705,0.9898279823399507,0.9618974703476992,0.9737515929092135,,,,,,,,,,,,
290,other,What is the batter wearing on his ankles?,guards,http://images.cocodataset.org/train2014/COCO_train2014_000000414639.jpg,6,363,0.9982579479437919,-0.6124354004859924,So,6,18.0,0.002088064580860099,0.9656336071428251,15.0,0.002010434262922661,22.0,0.0020810539273655934,18.0,0.0020733038914435373,16.0,0.0020767486980146077,15.0,0.002054287707152622,,,,,,,,,,,,,0.9664572819896988,0.97283015230032,0.9915323997298832,0.949701216438411,0.9500685975366211,,,,,,,,,,,,
291,other,What is the crouching man in the mask called?,catcher,http://images.cocodataset.org/train2014/COCO_train2014_000000414639.jpg,14,253,0.9857327736799715,-0.5557695031166077,U,14,29.0,0.0026441324804646286,0.98697797031737,31.0,0.0027037979330012747,18.0,0.002823577887712551,23.0,0.0027370550116317133,21.0,0.002725074522950114,27.0,0.0027024139931733937,23.0,0.0025852226875674547,15.0,0.0025799419725483835,21.0,0.0026236012484505216,19.0,0.0025935714714360116,42.0,0.0025889381503036743,16.0,0.0025132621956109576,0.9505285341747067,0.9910760598382222,0.9982526816976662,0.9937866610055328,0.9764903352594523,0.9459180977787195,0.9877812438119247,0.9586785101742114,0.9431541408460862,0.9678137855345103,0.9415787376332126,20.0,0.002586486335848776,0.9927376486136672,16.0,0.002772000018387958,0.9886994082884974
292,other,What are the two women carrying?,rackets,http://images.cocodataset.org/train2014/COCO_train2014_000000131366.jpg,5,235,0.9977351962842211,-0.33710601925849915,Tennis,5,71.0,0.0019252808326437108,0.9608221191246954,15.0,0.001886056243465105,74.0,0.0019289102926251162,64.0,0.0019053828273059988,19.0,0.001901110744330029,,,,,,,,,,,,,,,0.944623214254579,0.9572265381111357,0.9646257021523262,0.9892422967543257,,,,,,,,,,,,,
293,other,What are these people holding?,tennis rackets,http://images.cocodataset.org/train2014/COCO_train2014_000000131366.jpg,2,188,0.9981918194036733,-0.2540076673030853,Tennis,2,167.0,0.0020763121119451626,0.9731048311164588,106.0,0.00209130619574188,,,,,,,,,,,,,,,,,,,,,0.9768543944028469,,,,,,,,,,,,,,,,
294,other,What is the woman wearing on her neck?,collar,http://images.cocodataset.org/train2014/COCO_train2014_000000131366.jpg,7,145,0.9987971438359757,-1.2245808839797974,Ne,7,22.0,0.001983435627483484,0.9904129681145393,17.0,0.001963484921079388,28.0,0.0019704081742919085,26.0,0.001974869955494887,180.0,0.001980355951455166,18.0,0.0019473366907752712,15.0,0.0019447183423831431,,,,,,,,,,,0.9771236998460401,0.950180010955659,0.9663926492715591,0.9752070169310695,0.9579945435450241,0.9664572819896989,,,,,,,,,,,
295,other,What sports are they playing?,tennis,http://images.cocodataset.org/train2014/COCO_train2014_000000131366.jpg,6,302,0.970097083476164,-0.05476461350917816,Tennis,6,85.0,0.0037959347398486276,0.9734149428440917,53.0,0.004066790569663745,26.0,0.0034168661171118647,20.0,0.0036469439197977364,22.0,0.00427959125202412,15.0,0.00419366745153799,,,,,,,,,,,,,0.9471940785788436,0.9546641369561337,0.9794359242226801,0.9643787017331664,0.9967916319816366,,,,,,,,,,,,
296,other,What is the approximate time period of this photo?,1950s,http://images.cocodataset.org/train2014/COCO_train2014_000000131366.jpg,8,256,0.9980941947336881,-0.3705214262008667,,8,32.0,0.0019365520313107507,0.9418999864195121,28.0,0.001954675258391501,33.0,0.0019546227618718426,16.0,0.0019267809706736395,29.0,0.0019241774016775933,20.0,0.0019150669954219502,24.0,0.0019288222531864375,20.0,0.0019289321942418578,,,,,,,,,0.989385327528125,0.9745630531045548,0.9414280318460245,0.9776933675693195,0.9780462753853015,0.9415585831446808,0.9412329787642941,,,,,,,,,,
297,other,What are the ladies doing?,playing tennis,http://images.cocodataset.org/train2014/COCO_train2014_000000131366.jpg,10,226,0.9901111706917854,-0.7160945534706116,The,10,15.0,0.002840950823452212,0.7835807040488099,42.0,0.0027508601017489772,28.0,0.002640704526631354,18.0,0.0027310196591169116,41.0,0.0026682864481356594,36.0,0.0027328882152500406,16.0,0.0027054065650931065,23.0,0.002798851537423703,19.0,0.002901501679506026,17.0,0.0027000858878691303,,,,,0.9398588833999737,0.917264603100242,0.8588801260706667,0.9480424358690083,0.9899898520361183,0.9463946303571862,0.9370919134731258,0.8693978806749074,0.9878171319090819,,,,,,,,
298,other,"What three letter word, best describes the liquid container on the ground between the two people?",jug,http://images.cocodataset.org/train2014/COCO_train2014_000000131366.jpg,12,146,0.9980006628634679,-1.143315315246582,B,12,26.0,0.001983955300973516,0.9181495965822319,29.0,0.0020124658088490916,15.0,0.0020200036492061028,20.0,0.0019876043069828623,30.0,0.0020018915353421755,15.0,0.001983515410485947,63.0,0.0019709416002100513,22.0,0.001968008123153765,46.0,0.0019695201720426846,28.0,0.0019714084224235436,17.0,0.0019716496182287453,25.0,0.00197500285754988,0.9920582746997479,0.9182958340544896,0.9416915491145068,0.9411428016923042,0.9500685975366211,0.9811760150988394,0.9386181466836542,0.9824134817189502,0.9564164990541855,0.951983906543883,0.9606389616258703,,,,,,
299,other,What does the wall say on the far left?,nothing,http://images.cocodataset.org/train2014/COCO_train2014_000000131366.jpg,10,248,0.997130778160236,-1.0984793901443481,Nothing,10,20.0,0.0022357412806964993,0.9794359242226801,22.0,0.002241948857875522,12.0,0.002252899442026312,33.0,0.00220770532431211,25.0,0.0022043237768542955,8.0,0.002165883181142519,90.0,0.002253588301234971,18.0,0.0022680884057836937,30.0,0.002317156802877771,16.0,0.002181113554011011,,,,,0.9849226290193991,0.9798687566511528,0.977677446538365,0.9858296553988215,0.954434002924965,0.9798099371578339,0.9915323997298832,0.9467073662418842,0.9528195311147832,,,,,,,,
300,other,What is the woman wearing?,skirt,http://images.cocodataset.org/train2014/COCO_train2014_000000131366.jpg,4,257,0.9984816393147256,-1.2153180837631226,Sk,4,16.0,0.0020003418012502863,0.9618974703476992,15.0,0.0019694666526970128,128.0,0.0020628334147721364,68.0,0.0020496647955648923,,,,,,,,,,,,,,,,,0.9718495448242642,0.9700846210930089,0.9727498380242943,,,,,,,,,,,,,,
301,other,What type of photo is this?,black and white,http://images.cocodataset.org/train2014/COCO_train2014_000000131366.jpg,5,255,0.9950263595929495,-0.3181283175945282,Black,5,17.0,0.003124914551868488,0.926262155095312,18.0,0.0032750501612537277,34.0,0.0029085409714167828,20.0,0.003085503819147542,15.0,0.002660102698237606,,,,,,,,,,,,,,,0.8929352898779307,0.9570248218071153,0.9354752972273344,0.9543063494363562,,,,,,,,,,,,,
302,other,What sport is this?,tennis,http://images.cocodataset.org/train2014/COCO_train2014_000000131366.jpg,8,306,0.9854300371817913,-0.020482443273067474,Tennis,8,39.0,0.003414564380232827,0.9841741455080317,16.0,0.0031781682985989376,26.0,0.0030029304687528287,17.0,0.002996949013657134,16.0,0.0032911256088467592,19.0,0.003621033079856145,25.0,0.0031904845712881114,16.0,0.003574321725582462,,,,,,,,,0.9965119062478288,0.9519277678640524,0.9856676426534905,0.9463946303571862,0.8580597279744429,0.9668212623277386,1.0,,,,,,,,,,
303,other,What are the people holding?,tennis rackets,http://images.cocodataset.org/train2014/COCO_train2014_000000131366.jpg,4,129,0.9979049717355141,-0.41240787506103516,Tennis,4,289.0,0.002031549642541074,0.9770903294002155,25.0,0.002000104789064387,19.0,0.0019872469583157508,17.0,0.002013861137457053,,,,,,,,,,,,,,,,,0.9949956408022633,0.9796494552648447,0.9967828263127351,,,,,,,,,,,,,,
304,other,What is the group of people holding in their hand?,tennis rackets,http://images.cocodataset.org/train2014/COCO_train2014_000000131366.jpg,4,197,0.9978144104515448,-0.24401432275772095,Tennis,4,133.0,0.002101001610761538,0.977219139310583,16.0,0.002025588561171628,74.0,0.0021396038820900116,17.0,0.0019882176574207338,,,,,,,,,,,,,,,,,0.9618974703476992,0.9573742584211935,0.9595784770480079,,,,,,,,,,,,,,
305,other,Is the game live or on television?,live,http://images.cocodataset.org/train2014/COCO_train2014_000000131366.jpg,3,177,0.9590777725759726,-0.27285662293434143,Live,3,83.0,0.004993774594254419,0.9680523571807993,66.0,0.0049178652178655325,58.0,0.0064518846388693755,,,,,,,,,,,,,,,,,,,0.9887060291855857,0.9639063731613419,,,,,,,,,,,,,,,
306,other,How would you call for more information about the bus?,877-pwp-green,http://images.cocodataset.org/train2014/COCO_train2014_000000262442.jpg,2,235,0.9931909222472866,-1.1724474430084229,Call,2,15.0,0.0031666722804391924,0.9949490477321437,25.0,0.004697824394218394,,,,,,,,,,,,,,,,,,,,,0.8909124180139278,,,,,,,,,,,,,,,,
307,other,What pattern does the woman have on?,polka dot,http://images.cocodataset.org/train2014/COCO_train2014_000000021895.jpg,7,141,0.9835103813364221,-0.7621273398399353,Pol,7,123.0,0.0027064884099208407,0.9858824695589008,82.0,0.0027159192103554976,90.0,0.0027177998309256667,29.0,0.002719986899264545,16.0,0.00272823438532288,94.0,0.0026865970646188673,85.0,0.0026671559271545264,,,,,,,,,,,0.9705996065649637,0.9741618821120668,0.9951756793098177,1.0,0.974467799927416,0.9867406215073903,,,,,,,,,,,
308,other,What is running across the beach?,horse,http://images.cocodataset.org/train2014/COCO_train2014_000000131373.jpg,4,241,0.998699241029476,-1.6434813737869263,Water,4,20.0,0.0020332557667873544,0.951850848028674,63.0,0.0020612181924698266,69.0,0.001985341970845556,21.0,0.0020324791265221584,,,,,,,,,,,,,,,,,0.9510803996894945,0.9812467454412905,0.9751060324573735,,,,,,,,,,,,,,
309,other,What is causing the smoke?,grill,http://images.cocodataset.org/train2014/COCO_train2014_000000131374.jpg,2,303,0.9993783793211486,-1.6368236541748047,A,2,17.0,0.001910486239932109,0.9519839065438831,22.0,0.001960180376646976,,,,,,,,,,,,,,,,,,,,,0.8682812726410104,,,,,,,,,,,,,,,,
310,other,What ethnicity is the man?,african american,http://images.cocodataset.org/train2014/COCO_train2014_000000109277.jpg,4,278,0.998712528298769,-0.3240077793598175,Black,4,26.0,0.002106744451928196,0.9512228114652609,27.0,0.0021659735637157727,16.0,0.0021576314864837592,20.0,0.002148482045337018,,,,,,,,,,,,,,,,,0.9176043439688757,0.9320201587042914,0.9703227248076731,,,,,,,,,,,,,,
311,other,Is the man wearing shorts or pants?,shorts,http://images.cocodataset.org/train2014/COCO_train2014_000000131376.jpg,2,221,0.9571380160354557,-0.2076064944267273,Short,2,47.0,0.012557467798469559,0.9460503593571373,15.0,0.008742435439218708,,,,,,,,,,,,,,,,,,,,,0.9446232142545791,,,,,,,,,,,,,,,,
312,color recognition,What color is the players shirt?,orange,http://images.cocodataset.org/train2014/COCO_train2014_000000458752.jpg,7,282,0.9971113742216706,-0.180270254611969,Orange,7,27.0,0.0022956092478987108,0.9617332714979322,25.0,0.002310124120398361,18.0,0.002721215253093953,16.0,0.0025298489272975906,19.0,0.002467902718603997,10.0,0.002385451751864586,15.0,0.0024097228932945186,,,,,,,,,,,0.9738655050985109,0.8527924884900406,0.9320201587042914,0.9237100600260872,0.9709505944546686,1.0,,,,,,,,,,,
313,color recognition,What color is the snow?,white,http://images.cocodataset.org/train2014/COCO_train2014_000000262146.jpg,3,276,0.9943905307402152,-0.110648512840271,White,3,53.0,0.003021600405851088,0.943673117123009,27.0,0.003149597082562806,15.0,0.002870119242186074,,,,,,,,,,,,,,,,,,,0.9667496400313236,0.9147366491799204,,,,,,,,,,,,,,,
314,color recognition,What color is the persons headwear?,red,http://images.cocodataset.org/train2014/COCO_train2014_000000262146.jpg,8,263,0.9975638204860126,-0.2662280201911926,Red,8,17.0,0.002131207034850877,0.9507532012507529,16.0,0.0022119910703821757,15.0,0.0022053484003709436,20.0,0.002138881976444019,15.0,0.0020543774622008735,37.0,0.002136459416870308,27.0,0.0022232947198821923,30.0,0.002131648534179693,,,,,,,,,0.8950145145731531,0.9018972358711528,0.9927376486136672,0.982798115178801,0.9559488170528865,0.8883490448731365,0.9840615335475158,,,,,,,,,,
315,color recognition,What color is the toothbrush?,white and purple,http://images.cocodataset.org/train2014/COCO_train2014_000000393223.jpg,3,240,0.9960713389479376,-1.0207417011260986,White,3,60.0,0.001949426590485487,0.9840187890523139,83.0,0.001953258286555378,16.0,0.0019460787107516467,,,,,,,,,,,,,,,,,,,0.9660565470194616,0.9618974703476992,,,,,,,,,,,,,,,
316,color recognition,What colors are shown in this picture?,black and white,http://images.cocodataset.org/train2014/COCO_train2014_000000524297.jpg,8,305,0.9959102033302113,-0.3645102083683014,Black,8,20.0,0.0023789392762667313,0.9835386311891136,17.0,0.0023428616867793507,2.0,0.0020848635907673835,16.0,0.0023092000418764485,62.0,0.0023329418013899685,15.0,0.002330059721267781,34.0,0.002300087975649935,17.0,0.0023338176985374308,,,,,,,,,0.9360847109776411,0.0,0.949701216438411,0.9585156152943729,0.9018972358711528,0.9561480496658656,0.9603948809345497,,,,,,,,,,
317,color recognition,What color is his hat?,blue,http://images.cocodataset.org/train2014/COCO_train2014_000000393227.jpg,8,162,0.9673093950687861,-0.02392144314944744,Blue,8,41.0,0.006631871432582848,0.8994049895312416,104.0,0.006191423774634034,19.0,0.005413778438613104,25.0,0.006384130006283201,19.0,0.005986505910541758,24.0,0.006647637058140803,16.0,0.004444325958022561,8.0,0.0030201220099218486,,,,,,,,,0.9604367815571465,0.9237100600260872,0.9661190960509454,0.9975194757207203,0.8430574374588383,0.9401204074720739,0.985056822321508,,,,,,,,,,
318,color recognition,What color is the jacket?,green,http://images.cocodataset.org/train2014/COCO_train2014_000000131084.jpg,0,277,0.9891927747034612,-0.22691766917705536,Green,0,,,,,,,,,,,,,,,,,,,,,,,,,,,,,,,,,,,,,,,,,,
319,color recognition,What color is the sky?,gray,http://images.cocodataset.org/train2014/COCO_train2014_000000393230.jpg,8,132,0.999046195631387,-0.5028190612792969,Gray,8,17.0,0.001998290400500799,0.9327185526599537,97.0,0.0020313004982062746,22.0,0.00197939361305709,10.0,0.0019341681865487972,45.0,0.001989911344982156,19.0,0.001933845608420072,7.0,0.0018802925443247083,22.0,0.0019799759978609455,,,,,,,,,0.9510512670743575,0.9705525394685715,0.9911594714322186,0.9644466196655213,0.9789703710742749,0.9821410328348752,0.9378823529965691,,,,,,,,,,
320,color recognition,What color is his coat?,blue,http://images.cocodataset.org/train2014/COCO_train2014_000000393230.jpg,1,256,0.991609114948584,-0.057834524661302567,Blue,1,44.0,0.0045696326556029674,0.9215035470139618,,,,,,,,,,,,,,,,,,,,,,,,,,,,,,,,,,,,,,,
321,color recognition,What color is the bear?,black,http://images.cocodataset.org/train2014/COCO_train2014_000000137045.jpg,4,268,0.9860931470364894,-0.16323482990264893,Black,4,19.0,0.004090865291685374,0.8743862973701078,16.0,0.003068709242126331,27.0,0.004309888696641274,17.0,0.0042038252038365176,,,,,,,,,,,,,,,,,0.9724056781360314,0.9901732069475997,0.9127332405984697,,,,,,,,,,,,,,
322,color recognition,What color are the leaves?,green,http://images.cocodataset.org/train2014/COCO_train2014_000000262171.jpg,8,209,0.9911889591775013,-0.084180548787117,Green,8,44.0,0.0026661310504846034,0.9751139040429814,21.0,0.0027298291306501084,35.0,0.0026389871786769614,28.0,0.002610447169686948,18.0,0.002589581559921575,10.0,0.0025521601870443027,6.0,0.0025485077923109735,16.0,0.0026547727085837816,,,,,,,,,0.9748830897462036,0.9527710679781886,0.9930633401611941,0.9955380299191111,0.9602297178607612,1.0,0.875,,,,,,,,,,
323,color recognition,What color is the umbrella?,pink,http://images.cocodataset.org/train2014/COCO_train2014_000000131101.jpg,2,303,0.9950176116809205,-0.03591538593173027,P,2,34.0,0.00270986459439649,0.9480737840663961,17.0,0.0024676434719737112,,,,,,,,,,,,,,,,,,,,,0.9856676426534905,,,,,,,,,,,,,,,,
324,color recognition,What color is the vase?,white,http://images.cocodataset.org/train2014/COCO_train2014_000000000030.jpg,5,167,0.9668811911300004,-0.029316650703549385,White,5,15.0,0.0041291870161164835,0.8983958159908183,228.0,0.005043112639055238,15.0,0.004054041696008308,35.0,0.005142492749981969,15.0,0.00401671483233255,,,,,,,,,,,,,,,0.9720306862792534,0.944623214254579,0.9618422163325505,0.9161314485121342,,,,,,,,,,,,,
325,color recognition,What color is the napkin?,white,http://images.cocodataset.org/train2014/COCO_train2014_000000043697.jpg,8,258,0.9799747250977159,-0.052065957337617874,White,8,15.0,0.0036549987120568415,0.944623214254579,16.0,0.0030574910125663888,15.0,0.004565447930505753,23.0,0.004562537942681991,32.0,0.004944452552912693,35.0,0.004092330493949104,16.0,0.005385162661388799,13.0,0.004839121989989098,,,,,,,,,0.9822177815287605,0.8830374409547587,0.9828913818695839,0.9729341330299368,0.9757651166128233,0.9886994082884974,0.9957274520849255,,,,,,,,,,
326,color recognition,What color is the refrigerator?,silver,http://images.cocodataset.org/train2014/COCO_train2014_000000131113.jpg,4,190,0.9937972403612466,-0.22461752593517303,Silver,4,86.0,0.0029804023078995774,0.9587911565712826,16.0,0.0026763630828880725,15.0,0.002537863989869735,16.0,0.0026459290900075843,,,,,,,,,,,,,,,,,0.9528195311147832,0.9949490477321437,0.9681390622295665,,,,,,,,,,,,,,
327,color recognition,What color is the plane?,red,http://images.cocodataset.org/train2014/COCO_train2014_000000262187.jpg,1,259,0.9945598287056712,-0.23965920507907867,Red,1,30.0,0.004689103909331491,0.8922560047532223,,,,,,,,,,,,,,,,,,,,,,,,,,,,,,,,,,,,,,,
328,color recognition,What color horse is closer to the camera?,black,http://images.cocodataset.org/train2014/COCO_train2014_000000000049.jpg,4,202,0.984112857768081,-0.2762416899204254,Black,4,17.0,0.004227529814737134,0.951983906543883,12.0,0.0048778524995478035,74.0,0.004729956164961127,24.0,0.005900645187964987,,,,,,,,,,,,,,,,,0.7896900821428475,0.9593800864319951,0.8920795639257109,,,,,,,,,,,,,,
329,color recognition,What color is the girl's shirt?,blue,http://images.cocodataset.org/train2014/COCO_train2014_000000393268.jpg,7,192,0.9901889399254205,-0.3036065399646759,Blue,7,27.0,0.003756652522654822,0.935944697445866,18.0,0.004042783253129982,33.0,0.004157469248829478,30.0,0.003095793190495306,36.0,0.004098548497518975,11.0,0.003302880462502905,51.0,0.0041119465809119895,,,,,,,,,,,0.9435794406736079,0.9323071646118102,0.9735878771420182,0.9151719294732336,0.9056185178648963,0.9554293273375702,,,,,,,,,,,
330,color recognition,What color are the flowers?,yellow and white,http://images.cocodataset.org/train2014/COCO_train2014_000000131128.jpg,2,264,0.9974106511114321,-0.3625185191631317,Y,2,15.0,0.0022411657143028827,0.9664572819896988,24.0,0.002340299685644278,,,,,,,,,,,,,,,,,,,,,0.872497487061585,,,,,,,,,,,,,,,,
331,color recognition,What colors are the flowers?,yellow and white,http://images.cocodataset.org/train2014/COCO_train2014_000000131128.jpg,3,223,0.9958882373741182,-0.8477439880371094,Y,3,19.0,0.0021534702831402224,0.8614856395892376,42.0,0.0021519746309510385,37.0,0.0021300975134455774,,,,,,,,,,,,,,,,,,,0.9704289733928858,0.9773023724486427,,,,,,,,,,,,,,,
332,color recognition,What color is the animal?,gray,http://images.cocodataset.org/train2014/COCO_train2014_000000262204.jpg,5,261,0.9987253964199386,-0.08006220310926437,Gray,5,18.0,0.0021767137994993186,0.9206250851407773,15.0,0.0020754923088133433,25.0,0.002228209990571285,18.0,0.0020583138088933364,21.0,0.002165113909875688,,,,,,,,,,,,,,,0.9609640474436811,0.8993900109129785,0.9941181381188445,0.9479530138916262,,,,,,,,,,,,,
333,color recognition,What color is the plane?,red and white,http://images.cocodataset.org/train2014/COCO_train2014_000000131133.jpg,5,282,0.9967060890285029,-0.26381203532218933,Red,5,21.0,0.002337286998368525,0.9803153789223941,18.0,0.0022530259274700423,15.0,0.0021029244295204127,15.0,0.0021106009814473286,16.0,0.0023326286500544254,,,,,,,,,,,,,,,0.9915323997298832,0.9285012313356796,0.8886831177898309,0.8387794678549646,,,,,,,,,,,,,
334,color recognition,What color are the seats?,tan,http://images.cocodataset.org/train2014/COCO_train2014_000000262207.jpg,6,228,0.997215467101777,-0.711423933506012,Brown,6,15.0,0.0026116561147915803,0.9018972358711528,16.0,0.002319428860382363,18.0,0.002361296491010287,125.0,0.0028537131876164414,16.0,0.00240716326022246,7.0,0.0023602928758742372,,,,,,,,,,,,,0.9362025230160499,0.9462651872218009,0.9802610994346636,0.9681390622295665,0.863120568566631,,,,,,,,,,,,
335,color recognition,What color is the middle vase?,blue,http://images.cocodataset.org/train2014/COCO_train2014_000000458763.jpg,3,301,0.9975338392788581,-0.16503478586673737,Blue,3,18.0,0.0028723464186413508,1.0,17.0,0.0022308397496562864,17.0,0.0022962664552185104,,,,,,,,,,,,,,,,,,,0.9595784770480081,0.9664022887695614,,,,,,,,,,,,,,,
336,color recognition,What color is the window frame?,white,http://images.cocodataset.org/train2014/COCO_train2014_000000393291.jpg,4,295,0.9981528465257236,-1.1898740530014038,White,4,35.0,0.00219404042446115,0.9547406498402883,15.0,0.0021900598418655944,29.0,0.0021619560489369105,15.0,0.002096326965967925,,,,,,,,,,,,,,,,,0.9877812438119247,0.9582057282079469,0.982798115178801,,,,,,,,,,,,,,
337,color recognition,What color is the sign?,white,http://images.cocodataset.org/train2014/COCO_train2014_000000131160.jpg,4,220,0.99418683381634,-1.2718925476074219,Brown,4,35.0,0.002904991372841512,0.9678646507092827,47.0,0.0035763593740266277,26.0,0.0025151689924899777,17.0,0.0027875684568961796,,,,,,,,,,,,,,,,,0.9330485486448062,0.9791745574012283,0.9595784770480079,,,,,,,,,,,,,,
338,color recognition,What color is the tray?,white,http://images.cocodataset.org/train2014/COCO_train2014_000000524377.jpg,9,199,0.9947573957688322,-0.1892745941877365,White,9,18.0,0.0026329198755049416,0.9535998353544739,15.0,0.00274434190748748,25.0,0.0030978057668030324,30.0,0.0027994646774683113,19.0,0.002698351121820827,36.0,0.0026417151628148816,9.0,0.002754195185523051,44.0,0.0025941738232472702,38.0,0.002628078735002705,,,,,,,0.9500685975366211,0.9143172867352866,0.8966463152819105,0.9720048748581784,0.9406671913015273,0.7642045065086203,0.9721523423970782,0.972466727961466,,,,,,,,,
339,color recognition,What color is the bathroom?,yellow,http://images.cocodataset.org/train2014/COCO_train2014_000000262159.jpg,5,223,0.9811952087512403,-0.49324047565460205,Y,5,15.0,0.0038092208710028496,0.982798115178801,7.0,0.00361719546832861,23.0,0.006088922421334691,62.0,0.0045279964940919,24.0,0.004470068305084667,,,,,,,,,,,,,,,0.9852281360342515,0.9314885997695779,0.9855316545911121,0.9560107101418428,,,,,,,,,,,,,
340,color recognition,What color is the wall?,yellow,http://images.cocodataset.org/train2014/COCO_train2014_000000262159.jpg,3,231,0.9568830347108116,-0.18320080637931824,Y,3,57.0,0.006083427029809056,0.95796673358562,65.0,0.00642870392784821,25.0,0.006481239317156219,,,,,,,,,,,,,,,,,,,0.980898422986633,0.9837115354331802,,,,,,,,,,,,,,,
341,color recognition,What color are the bathroom walls?,yellow,http://images.cocodataset.org/train2014/COCO_train2014_000000262159.jpg,3,229,0.9651888491971519,-0.18752096593379974,Y,3,57.0,0.005554074361950802,0.95796673358562,65.0,0.00584479567448521,25.0,0.0058526838039516735,,,,,,,,,,,,,,,,,,,0.980898422986633,0.9837115354331802,,,,,,,,,,,,,,,
342,color recognition,What color is the sofa?,gray,http://images.cocodataset.org/train2014/COCO_train2014_000000524386.jpg,6,227,0.9995913269051439,-1.1166731119155884,Brown,6,15.0,0.001875264299571641,0.9602297178607612,84.0,0.0018559813956153357,25.0,0.0018738784635826291,25.0,0.0018653620614385868,22.0,0.001936544721733305,26.0,0.0018982490559322092,,,,,,,,,,,,,0.9803082440212251,0.9359789823342757,0.9492055258069163,0.9063593311749661,0.9369317532082471,,,,,,,,,,,,
343,color recognition,What color is the man's shirt in the front of the photo?,black,http://images.cocodataset.org/train2014/COCO_train2014_000000131172.jpg,4,251,0.9822228258401867,-0.06464851647615433,Black,4,15.0,0.003964975089250587,0.8983958159908183,16.0,0.004604722111802572,28.0,0.0041787915585941695,31.0,0.004175753393187927,,,,,,,,,,,,,,,,,0.8950145145731531,0.9648528731760171,0.9560089022414302,,,,,,,,,,,,,,
344,color recognition,What color is the traffic signal?,green,http://images.cocodataset.org/train2014/COCO_train2014_000000393317.jpg,2,221,0.9929963581147958,-0.1388775110244751,Green,2,17.0,0.0035733808536245796,0.8702290979524684,30.0,0.003170022123660416,,,,,,,,,,,,,,,,,,,,,0.8996431878969785,,,,,,,,,,,,,,,,
345,color recognition,What color is the woman's sweater?,gray,http://images.cocodataset.org/train2014/COCO_train2014_000000000110.jpg,6,238,0.9986615371924722,-0.6481379270553589,Gray,6,35.0,0.0022919187882032436,0.9476175670117862,31.0,0.0022728662750030725,17.0,0.002251650009147999,15.0,0.002213891060516006,57.0,0.0021935414091420764,19.0,0.002490686501138157,,,,,,,,,,,,,0.9925166362731213,0.9603948809345497,0.9500685975366211,0.9676367452443346,0.9980008838722996,,,,,,,,,,,,
346,color recognition,What color are the chairs?,blue,http://images.cocodataset.org/train2014/COCO_train2014_000000000113.jpg,2,253,0.993091346648722,-0.07259427011013031,Blue,2,50.0,0.004650654703167008,0.9025775045801174,16.0,0.005329925024841571,,,,,,,,,,,,,,,,,,,,,0.9886994082884974,,,,,,,,,,,,,,,,
347,color recognition,What color is the building?,red,http://images.cocodataset.org/train2014/COCO_train2014_000000131190.jpg,12,108,0.9941259440162963,-0.42010945081710815,Red,12,65.0,0.002661931429941396,0.9785897979344262,17.0,0.0025265732609403664,57.0,0.0025680339783551035,26.0,0.0025726822023474124,14.0,0.002464942352969846,15.0,0.0026718602022949424,26.0,0.003076405628722902,43.0,0.002904111575439845,16.0,0.0032054117571169716,75.0,0.0028168129232442147,20.0,0.0028111595507542613,26.0,0.0028467019097368784,0.9963890537299693,0.9829696890372395,0.9772810666478722,0.9620871761502205,1.0,0.9236658308516222,0.9462868487287506,1.0,0.9600120778164696,0.9074899102582407,0.9325023032951825,,,,,,
348,color recognition,What color are the flowers?,red,http://images.cocodataset.org/train2014/COCO_train2014_000000131190.jpg,10,109,0.9931908714486467,-0.737014651298523,Red,10,48.0,0.0025981978385122566,0.9783356354975598,78.0,0.0027367749864837935,35.0,0.002766793385645262,81.0,0.0028622645394834998,17.0,0.002657917601085419,27.0,0.0030440346131218846,44.0,0.002858473940416271,16.0,0.00313718054789776,83.0,0.002807700213464967,22.0,0.002841394838667213,,,,,0.9699956064347669,0.9603716844220385,0.9806788084260075,0.9519839065438831,0.9527086220160396,0.9377126731225476,1.0,0.9656973218958793,0.9283266063904659,,,,,,,,
349,color recognition,What color is the clock tower in this photo?,white,http://images.cocodataset.org/train2014/COCO_train2014_000000131190.jpg,6,266,0.9972174412193255,-1.0989359617233276,White,6,61.0,0.0024292500210229655,0.9824104737917727,15.0,0.002343366541024993,18.0,0.002464147290367579,17.0,0.0023933092868953145,17.0,0.002491123537419016,23.0,0.002215539799027489,,,,,,,,,,,,,0.9877812438119246,0.9915323997298832,0.9967828263127351,0.8091970544181966,0.9910581831938823,,,,,,,,,,,,
350,color recognition,What color plate is this?,white,http://images.cocodataset.org/train2014/COCO_train2014_000000000127.jpg,4,285,0.9953607613980867,-0.13300912082195282,White,4,20.0,0.0026736790731311704,0.9518508480286741,25.0,0.002667037221671405,47.0,0.0027900691259967318,26.0,0.00261044027829006,,,,,,,,,,,,,,,,,0.9470920204059345,0.9511429109795436,0.9506002168069579,,,,,,,,,,,,,,
351,color recognition,What color are the skis?,yellow,http://images.cocodataset.org/train2014/COCO_train2014_000000262273.jpg,3,337,0.9987357841905634,-0.8610341548919678,Black,3,22.0,0.0021335081815209017,0.9218033790156257,29.0,0.002039883693790951,17.0,0.0022468654507544553,,,,,,,,,,,,,,,,,,,0.9661210050044731,0.8726389366057714,,,,,,,,,,,,,,,
352,color recognition,What color is the man's hat?,black,http://images.cocodataset.org/train2014/COCO_train2014_000000262273.jpg,2,193,0.9923606856074361,-0.17934268712997437,Black,2,15.0,0.002651549569842629,0.9473080736174853,137.0,0.003286763672804062,,,,,,,,,,,,,,,,,,,,,0.970597874961743,,,,,,,,,,,,,,,,
353,color recognition,What color is the woman's shorts?,black,http://images.cocodataset.org/train2014/COCO_train2014_000000524420.jpg,5,327,0.9982833115703958,-0.2393123358488083,Black,5,25.0,0.0021693378358762787,0.979549909227475,38.0,0.0020873203717560423,42.0,0.002225175732235753,18.0,0.002096507484688005,15.0,0.002166797040403334,,,,,,,,,,,,,,,0.989417519002408,0.9728926893539482,0.9955380299191112,0.9500685975366211,,,,,,,,,,,,,
354,color recognition,What color is the girl's hair?,red,http://images.cocodataset.org/train2014/COCO_train2014_000000131208.jpg,2,237,0.9964319578470753,-0.17054569721221924,Red,2,29.0,0.002483787760369827,0.9838762798109805,19.0,0.0030995170128164606,,,,,,,,,,,,,,,,,,,,,0.8389921403188865,,,,,,,,,,,,,,,,
355,color recognition,What color is the catcher's pants?,gray,http://images.cocodataset.org/train2014/COCO_train2014_000000284012.jpg,4,278,0.9971189580510093,-0.24340513348579407,White,4,20.0,0.0025102673936836816,0.8862106770924657,21.0,0.0025859599916957833,16.0,0.002351963286132019,16.0,0.002274341742374345,,,,,,,,,,,,,,,,,0.9095134728820528,0.9414280318460244,0.9772170014624825,,,,,,,,,,,,,,
356,color recognition,What color flowers are on the top right?,purple,http://images.cocodataset.org/train2014/COCO_train2014_000000262283.jpg,5,148,0.9908021825058274,-0.5611609220504761,P,5,218.0,0.0025066806051933805,0.9729677510095452,31.0,0.0024823017573185036,59.0,0.002477952850195966,11.0,0.002359103832439974,15.0,0.0024275448168756797,,,,,,,,,,,,,,,0.9695001838441647,0.9698883122098916,0.9681300137657637,0.9446232142545791,,,,,,,,,,,,,
357,color recognition,What color is the cloth?,gray,http://images.cocodataset.org/train2014/COCO_train2014_000000524428.jpg,6,263,0.998231426789114,-1.1988067626953125,White,6,81.0,0.0021498968286313767,0.9586974839909571,24.0,0.0021814262708191633,40.0,0.0021575501550473004,31.0,0.0021381145952486776,22.0,0.0022046901628465297,17.0,0.0021548070297080658,,,,,,,,,,,,,0.9320027314271102,0.9454266819189493,0.9679315953057996,0.998145975216737,0.9360847109776411,,,,,,,,,,,,
358,color recognition,What color is the milk carton?,blue,http://images.cocodataset.org/train2014/COCO_train2014_000000000142.jpg,3,182,0.9990482588602883,-0.7189103364944458,White,3,175.0,0.001990102105918544,0.9828950643083401,78.0,0.0019945509810898854,28.0,0.001978842428563134,,,,,,,,,,,,,,,,,,,0.972364667382878,0.9496080672282599,,,,,,,,,,,,,,,
359,color recognition,What color is the building?,red,http://images.cocodataset.org/train2014/COCO_train2014_000000000149.jpg,2,219,0.9950473028497238,-0.7648184895515442,Red,2,75.0,0.0034074619649262076,0.9386272450349981,23.0,0.0029120792031773006,,,,,,,,,,,,,,,,,,,,,0.9512875620837767,,,,,,,,,,,,,,,,
360,color recognition,What color is this girl's shirt?,red,http://images.cocodataset.org/train2014/COCO_train2014_000000109986.jpg,5,156,0.9944016329192122,-0.04555020108819008,Red,5,144.0,0.002988898877129085,0.9547559632213111,15.0,0.0025885403995152385,18.0,0.0026505947067400914,16.0,0.0029248644428600474,30.0,0.0027516442400019134,,,,,,,,,,,,,,,0.982798115178801,0.9462651872218009,0.9965119062478288,0.9531199544781664,,,,,,,,,,,,,
361,color recognition,What color is the girls hot dog?,red,http://images.cocodataset.org/train2014/COCO_train2014_000000109986.jpg,3,236,0.9966352745480703,-0.5828574895858765,Red,3,29.0,0.002231462883816805,0.9684167629380335,57.0,0.0024144953534697756,20.0,0.002434367377449929,,,,,,,,,,,,,,,,,,,0.9481012297391442,0.9354752972273342,,,,,,,,,,,,,,,
362,color recognition,What color are the girl's lips?,red,http://images.cocodataset.org/train2014/COCO_train2014_000000109986.jpg,1,220,0.9960068143235845,-0.5168693661689758,Red,1,113.0,0.0028069019483090824,0.952533861354199,,,,,,,,,,,,,,,,,,,,,,,,,,,,,,,,,,,,,,,
363,color recognition,What color is the school bus?,blue yellow,http://images.cocodataset.org/train2014/COCO_train2014_000000131225.jpg,1,297,0.9982425569288061,-0.4637051224708557,Blue,1,106.0,0.0022825486534458045,0.9693349442206527,,,,,,,,,,,,,,,,,,,,,,,,,,,,,,,,,,,,,,,
364,color recognition,What color is the bus?,blue and yellow,http://images.cocodataset.org/train2014/COCO_train2014_000000131225.jpg,7,210,0.9959752154446424,-0.4359978139400482,Blue,7,16.0,0.002642516997248057,0.949701216438411,20.0,0.0024852458538935935,24.0,0.00267198936825905,176.0,0.0028491460761591483,23.0,0.0022958167343268524,16.0,0.0026340240076626656,8.0,0.0024752414737281474,,,,,,,,,,,0.9927376486136672,0.911203480709907,0.9792981548207167,0.9910581831938823,0.949701216438411,0.8112781244591328,,,,,,,,,,,
365,color recognition,What color are the stakes in the dirt?,yellow,http://images.cocodataset.org/train2014/COCO_train2014_000000262299.jpg,1,250,0.9931297112258098,-0.019756117835640907,Y,1,36.0,0.003626778359200027,0.9518955212388588,,,,,,,,,,,,,,,,,,,,,,,,,,,,,,,,,,,,,,,
366,color recognition,What color shirt is the man standing in the background wearing?,yellow,http://images.cocodataset.org/train2014/COCO_train2014_000000262299.jpg,3,199,0.9229464203133634,-0.045112062245607376,Y,3,34.0,0.012430872361351987,0.9341485503019665,59.0,0.015632325657273672,15.0,0.007777424858484091,,,,,,,,,,,,,,,,,,,0.9458135416752785,0.9949490477321437,,,,,,,,,,,,,,,
367,color recognition,What color are the majority of sheep?,black,http://images.cocodataset.org/train2014/COCO_train2014_000000393386.jpg,1,287,0.9867266791892034,-0.2450370192527771,Black,1,54.0,0.003239237809451911,0.982972889947388,,,,,,,,,,,,,,,,,,,,,,,,,,,,,,,,,,,,,,,
368,color recognition,What color are the flowers?,pink,http://images.cocodataset.org/train2014/COCO_train2014_000000262329.jpg,4,347,0.9993556923893268,-0.12407020479440689,P,4,15.0,0.0018833728936649234,0.9609640474436811,15.0,0.001962202016545243,16.0,0.0019513207478999153,17.0,0.0018845995085556419,,,,,,,,,,,,,,,,,0.9182958340544896,1.0,0.9963890537299693,,,,,,,,,,,,,,
369,color recognition,What color is the bus?,red and yellow,http://images.cocodataset.org/train2014/COCO_train2014_000000393403.jpg,5,257,0.991660070968,-0.6605187058448792,Y,5,21.0,0.0028575400806323975,0.9529073308031801,35.0,0.0028521285810602574,15.0,0.0035253922607113115,26.0,0.0030402611263217116,18.0,0.0032653719060358913,,,,,,,,,,,,,,,0.9598185004824485,0.7835807040488099,0.9402291231778052,0.8826232641893706,,,,,,,,,,,,,
370,color recognition,What color are the girls earrings?,silver,http://images.cocodataset.org/train2014/COCO_train2014_000000524476.jpg,7,103,0.9957023968637569,-1.2039943933486938,Silver,7,34.0,0.002269595287713238,0.9611572513035691,41.0,0.002259597088500122,155.0,0.0023339297721165345,37.0,0.0022105537000196656,18.0,0.0022712957939525036,35.0,0.002274039899177733,28.0,0.0022566620707486387,,,,,,,,,,,0.9788683101039923,0.9696167366787295,0.9935664563676629,0.977342973473178,0.9679484779156485,0.9652818091232154,,,,,,,,,,,
371,color recognition,What color is the plate?,white,http://images.cocodataset.org/train2014/COCO_train2014_000000000194.jpg,3,247,0.9971247849382909,-0.10929236561059952,White,3,24.0,0.0026735139008697523,0.9296487541666036,21.0,0.003030820278436086,15.0,0.0032461489828499693,,,,,,,,,,,,,,,,,,,0.9211854965885542,0.9709505944546686,,,,,,,,,,,,,,,
372,color recognition,What color is the car?,orange,http://images.cocodataset.org/train2014/COCO_train2014_000000393412.jpg,3,58,0.9853007696604037,-0.580768883228302,Orange,3,287.0,0.0036917586496205274,0.9732044542383049,296.0,0.003537371429457083,18.0,0.003624523180191757,,,,,,,,,,,,,,,,,,,0.9722624561923208,0.8929352898779307,,,,,,,,,,,,,,,
373,color recognition,What color is the sign?,black and white,http://images.cocodataset.org/train2014/COCO_train2014_000000393419.jpg,4,196,0.997068449082619,-0.8602081537246704,White,4,84.0,0.0023705342792579155,0.964616670451223,47.0,0.0023657945840343192,55.0,0.002325580458558826,15.0,0.002284294836476465,,,,,,,,,,,,,,,,,0.9518781026914824,0.9792767097202217,0.9543063494363562,,,,,,,,,,,,,,
374,color recognition,What color is the girl's brush?,blue,http://images.cocodataset.org/train2014/COCO_train2014_000000131279.jpg,2,269,0.9830604234996673,-0.24044188857078552,Blue,2,44.0,0.005210112548762781,0.914183029825584,19.0,0.007225684803032401,,,,,,,,,,,,,,,,,,,,,0.8693978806749074,,,,,,,,,,,,,,,,
375,color recognition,What color is the comb?,blue,http://images.cocodataset.org/train2014/COCO_train2014_000000131279.jpg,2,260,0.9859574786838597,-0.22881172597408295,Blue,2,43.0,0.005011280083435842,0.9086469375045809,19.0,0.006848033381980933,,,,,,,,,,,,,,,,,,,,,0.8693978806749074,,,,,,,,,,,,,,,,
376,color recognition,What color is the table?,brown,http://images.cocodataset.org/train2014/COCO_train2014_000000393428.jpg,5,250,0.9991329923170734,-0.9183312058448792,Brown,5,16.0,0.0019039943102000653,0.9886085007312413,60.0,0.0019321754021639698,48.0,0.001914529696009324,33.0,0.0019232281486407377,16.0,0.0019534327808776023,,,,,,,,,,,,,,,0.9648685210151436,0.9701564294098021,0.9847478573120494,0.886859507142915,,,,,,,,,,,,,
377,color recognition,What color is the knife handle?,silver,http://images.cocodataset.org/train2014/COCO_train2014_000000262359.jpg,6,107,0.997663688907386,-0.40107446908950806,Silver,6,277.0,0.00212993340654997,0.9826648267326532,11.0,0.0020721188933619456,14.0,0.0020624570644003077,42.0,0.002090541906078337,10.0,0.002051993704664838,15.0,0.0020994501503808155,,,,,,,,,,,,,0.9713067383178076,0.9386935321483066,0.9691657183371499,0.9911594714322186,1.0,,,,,,,,,,,,
378,color recognition,What color eyes does the cat have?,blue,http://images.cocodataset.org/train2014/COCO_train2014_000000393432.jpg,2,228,0.9984286103180722,-0.8774911165237427,Blue,2,32.0,0.0028874708583667874,0.8849133430655213,34.0,0.0028285976174001284,,,,,,,,,,,,,,,,,,,,,0.9148762126128024,,,,,,,,,,,,,,,,
379,color recognition,What color is the umbrella?,pink,http://images.cocodataset.org/train2014/COCO_train2014_000000000036.jpg,2,251,0.9992891895542513,-0.03099564090371132,P,2,16.0,0.0020031923943138884,0.9681390622295665,21.0,0.002110941527565701,,,,,,,,,,,,,,,,,,,,,0.8667775371761242,,,,,,,,,,,,,,,,
380,color recognition,What color is the man's skin?,white,http://images.cocodataset.org/train2014/COCO_train2014_000000474858.jpg,4,343,0.9979278543881429,-0.13700908422470093,White,4,15.0,0.002476318752474178,0.7835807040488099,33.0,0.0022731439106681716,26.0,0.002144013165582819,15.0,0.0021715753847531406,,,,,,,,,,,,,,,,,0.9834206826947282,0.9843224547633986,0.982798115178801,,,,,,,,,,,,,,
381,color recognition,What color is the shirt of the man standing?,black,http://images.cocodataset.org/train2014/COCO_train2014_000000474858.jpg,3,255,0.9928664393255758,-0.21671147644519806,Black,3,19.0,0.0029531364281245483,0.9427556840016249,50.0,0.0035960206120628844,24.0,0.003105176116270186,,,,,,,,,,,,,,,,,,,0.9267721158345076,0.9434264036172708,,,,,,,,,,,,,,,
382,color recognition,What color is the board?,white,http://images.cocodataset.org/train2014/COCO_train2014_000000474858.jpg,6,342,0.996813875386802,-1.026063084602356,White,6,16.0,0.0025983694372278387,0.8194483718728035,37.0,0.0024268282113873657,25.0,0.002227998124294719,16.0,0.002244757673225087,22.0,0.0022938743119481604,15.0,0.0022980316067366204,,,,,,,,,,,,,0.9816190357015482,0.9879978722659255,0.9886085007312413,0.9378823529965691,0.9147366491799204,,,,,,,,,,,,
383,color recognition,What colors are in the kite?,"black, blue, red, orange, yellow",http://images.cocodataset.org/train2014/COCO_train2014_000000393438.jpg,9,224,0.9972934601472716,-1.3060107231140137,Red,9,17.0,0.0023331813626640617,0.9770358764490155,46.0,0.002359744308998996,19.0,0.0022577070011301427,10.0,0.002158593415820032,57.0,0.0023037618533172234,17.0,0.0022538768397959413,28.0,0.0023267789694160416,23.0,0.002356974454340269,20.0,0.0022581108042839,,,,,,,0.9442501353746728,0.9656476401164373,0.9372305632161296,0.9899219584328794,0.951983906543883,0.9793314350053132,0.9828913818695838,0.9927376486136672,,,,,,,,,
384,color recognition,What color is the train's bumper?,red,http://images.cocodataset.org/train2014/COCO_train2014_000000165859.jpg,4,241,0.9857636277578828,-0.7382103800773621,Black,4,26.0,0.00388426191489117,0.9308674268443861,51.0,0.0038790886911777315,18.0,0.0031527585108431133,9.0,0.0036822974082246227,,,,,,,,,,,,,,,,,0.9368517560753096,0.9941181381188445,0.9182958340544896,,,,,,,,,,,,,,
385,color recognition,What color dresses are the women wearing?,orange,http://images.cocodataset.org/train2014/COCO_train2014_000000393442.jpg,8,124,0.9765190460838568,-0.9994292259216309,Orange,8,204.0,0.00468522634009468,0.9732998994812698,15.0,0.0038824554255824937,67.0,0.004390991515755403,18.0,0.004504077278579028,103.0,0.0038364195748293284,3.0,0.002947631201517592,17.0,0.004204560103845575,16.0,0.004295823746909998,,,,,,,,,0.9018972358711528,0.9441797725992438,0.8783471047618534,0.9693741603433839,0.0,0.9360847109776411,0.8620485698650454,,,,,,,,,,
386,color recognition,What color is the plate?,white,http://images.cocodataset.org/train2014/COCO_train2014_000000393445.jpg,12,110,0.9692909926509501,-0.045978862792253494,White,12,35.0,0.00508998496781956,0.9452091780576286,53.0,0.0044556552889908575,21.0,0.0052898451778097145,91.0,0.0048398342001587874,35.0,0.004679089799804001,11.0,0.004671981582222517,23.0,0.004785297721549309,59.0,0.005546017694995026,35.0,0.004808698881840475,37.0,0.003903978013673136,43.0,0.0046993842366386184,35.0,0.004553266702904356,0.9533568821818675,0.9141008920185653,0.9618927275612936,0.9334232465383779,0.8453509366224364,0.8950252083920532,0.998027065017082,0.9334232465383778,0.9527572618791007,0.9440349568260117,0.9346577893095904,,,,,,
387,color recognition,What color is the picket fence?,white,http://images.cocodataset.org/train2014/COCO_train2014_000000524525.jpg,4,244,0.9977475081175134,-0.41347160935401917,White,4,23.0,0.002254087815229067,0.9459180977787195,16.0,0.002360032229884199,65.0,0.002179222091724356,24.0,0.0023309285813019748,,,,,,,,,,,,,,,,,0.8957541375001011,0.9790155477933266,0.8936586862414604,,,,,,,,,,,,,,
388,color recognition,What color is this airplane?,"red, white, and blue",http://images.cocodataset.org/train2014/COCO_train2014_000000000247.jpg,3,284,0.9988669040853414,-0.3670118749141693,Blue,3,15.0,0.0020205606363282507,0.982798115178801,25.0,0.0020849141261945463,18.0,0.002191622513636098,,,,,,,,,,,,,,,,,,,0.951150575594489,0.8288713632524444,,,,,,,,,,,,,,,
389,color recognition,What color is the woman's shirt?,red,http://images.cocodataset.org/train2014/COCO_train2014_000000262399.jpg,1,279,0.9940809020737202,-0.0749436467885971,Red,1,29.0,0.0036525634728630783,0.9069376661757246,,,,,,,,,,,,,,,,,,,,,,,,,,,,,,,,,,,,,,,
390,color recognition,What color is the lighted sign?,blue,http://images.cocodataset.org/train2014/COCO_train2014_000000000260.jpg,0,288,0.9979208047767163,-0.565628707408905,Blue,0,,,,,,,,,,,,,,,,,,,,,,,,,,,,,,,,,,,,,,,,,,
391,color recognition,What color is the surfboard?,red,http://images.cocodataset.org/train2014/COCO_train2014_000000131339.jpg,2,221,0.9980677663808568,-0.11317336559295654,Red,2,23.0,0.0022397444492586144,0.9428752442570708,101.0,0.0026620993286971643,,,,,,,,,,,,,,,,,,,,,0.9708086727849498,,,,,,,,,,,,,,,,
392,color recognition,What color is the bus in the mirror?,yellow,http://images.cocodataset.org/train2014/COCO_train2014_000000262415.jpg,6,253,0.9861461575445003,-0.08423630893230438,Y,6,17.0,0.004193791759714322,0.9360847109776411,34.0,0.0037950563782205636,28.0,0.003949233327610736,25.0,0.0043926625194983145,26.0,0.005016312334957334,15.0,0.0036745594790437387,,,,,,,,,,,,,0.964253270723376,0.9756156973216475,0.9530186554098735,0.99473723787795,0.8616157143988104,,,,,,,,,,,,
393,color recognition,What color is the phone?,gray,http://images.cocodataset.org/train2014/COCO_train2014_000000393489.jpg,6,98,0.9964290299318429,-0.6826223134994507,Silver,6,51.0,0.002261694295444885,0.9634046794967706,15.0,0.0022062895126974754,79.0,0.0022414269792974052,7.0,0.0022159824927127448,28.0,0.002244856528385189,133.0,0.002241236043937307,,,,,,,,,,,,,0.9949490477321437,0.9742787451363616,0.863120568566631,0.9564164990541855,0.9793815637202209,,,,,,,,,,,,
394,color recognition,What color is the shower curtain?,white,http://images.cocodataset.org/train2014/COCO_train2014_000000546179.jpg,7,276,0.9609805750841015,-0.032658979296684265,White,7,37.0,0.0054857824640319,0.9901634137730451,31.0,0.004272883119406328,18.0,0.0051125702565675045,45.0,0.004489681416635095,32.0,0.004667589192844871,16.0,0.004729162681331355,19.0,0.004217221619549845,,,,,,,,,,,0.9658304877874208,0.9342064019134055,0.9540234825224603,0.9236947711367283,0.9463946303571862,0.9892422967543257,,,,,,,,,,,
395,color recognition,What color are the dishes?,pink and yellow,http://images.cocodataset.org/train2014/COCO_train2014_000000000009.jpg,1,248,0.9777895360776185,-0.46928197145462036,Y,1,17.0,0.011251231962373634,0.8091970544181966,,,,,,,,,,,,,,,,,,,,,,,,,,,,,,,,,,,,,,,
396,color recognition,What color is the water in the bathtub?,clear,http://images.cocodataset.org/train2014/COCO_train2014_000000131351.jpg,4,267,0.9987718832234186,-0.482033908367157,Blue,4,15.0,0.002051615814064317,0.9949490477321437,16.0,0.002088938883720757,23.0,0.0021072357971202026,22.0,0.0021716282663768335,,,,,,,,,,,,,,,,,0.9042492561839792,0.9574188086517484,0.9122066329329885,,,,,,,,,,,,,,
397,color recognition,What color are these mattresses?,white,http://images.cocodataset.org/train2014/COCO_train2014_000000131352.jpg,2,296,0.9955222436674002,-0.1188809871673584,Red,2,53.0,0.0022592235290211774,0.9742405345418028,32.0,0.002687790123515887,,,,,,,,,,,,,,,,,,,,,0.9388906303246313,,,,,,,,,,,,,,,,
398,color recognition,What color are the items on the truck?,white,http://images.cocodataset.org/train2014/COCO_train2014_000000393503.jpg,8,240,0.9973996693639982,-1.2306913137435913,White,8,19.0,0.002136807223161636,0.9237100600260872,32.0,0.002137452215868601,28.0,0.0020766926923676344,13.0,0.0020619171337209643,57.0,0.0021007692617325082,15.0,0.002117207930664185,7.0,0.002024515024211064,17.0,0.002094344581414187,,,,,,,,,0.9849967615534697,0.9747247841001471,0.9421567638998994,0.9681028442637893,0.9877812438119247,0.9821410328348752,0.9771236998460401,,,,,,,,,,
399,color recognition,What color is the locomotive?,black,http://images.cocodataset.org/train2014/COCO_train2014_000000497565.jpg,8,217,0.9739053198706499,-0.06671016663312912,Black,8,20.0,0.0049063157692009205,0.9630603734213402,30.0,0.005324863273263479,17.0,0.004360759827587703,22.0,0.005733791952385031,16.0,0.005421922079158483,18.0,0.0049521220170406005,12.0,0.0033282211211629986,21.0,0.006616645934218573,,,,,,,,,0.9854256351542897,0.9519839065438831,0.874587334195005,0.8950145145731531,0.8559562007872498,0.9795739585136224,0.9141008920185653,,,,,,,,,,
400,color recognition,What color is the sky?,orange,http://images.cocodataset.org/train2014/COCO_train2014_000000101431.jpg,5,309,0.9978626068382593,-0.368137925863266,Orange,5,15.0,0.0022627641600434555,0.8830374409547587,15.0,0.0022253214014882135,16.0,0.0021230854456746576,16.0,0.0023703949905447223,25.0,0.0022016953163538824,,,,,,,,,,,,,,,0.9500685975366211,0.9886085007312413,0.8194483718728035,0.989991281604527,,,,,,,,,,,,,
401,color recognition,What color is the carpet in the middle of the floor?,blue,http://images.cocodataset.org/train2014/COCO_train2014_000000109277.jpg,3,313,0.9986962267822264,-0.2167404145002365,Blue,3,20.0,0.0021348165809450975,0.9794359242226801,8.0,0.001986764418103497,15.0,0.0020520385911396016,,,,,,,,,,,,,,,,,,,0.9463946303571862,0.9446232142545791,,,,,,,,,,,,,,,
402,color recognition,What color hat is this man wearing?,black,http://images.cocodataset.org/train2014/COCO_train2014_000000131376.jpg,5,267,0.9845539606826429,-0.17712219059467316,Black,5,42.0,0.0034057084465509728,0.9461981279816377,20.0,0.003574759359214374,33.0,0.003489764775098259,18.0,0.003415080990186092,44.0,0.0035998255481069982,,,,,,,,,,,,,,,0.8713688243068336,0.9722808941793163,0.9081700569267039,0.9828262050405921,,,,,,,,,,,,,
403,color recognition,What color are the shoelaces?,red,http://images.cocodataset.org/train2014/COCO_train2014_000000131376.jpg,1,379,0.9987118639802082,-0.8854437470436096,Black,1,20.0,0.0020837372669586882,0.9596390821693784,,,,,,,,,,,,,,,,,,,,,,,,,,,,,,,,,,,,,,,
404,color recognition,What color is the guy's shirt?,white,http://images.cocodataset.org/train2014/COCO_train2014_000000131376.jpg,3,315,0.9860149387449676,-0.05299367383122444,White,3,17.0,0.004135392493355845,0.9774178175281716,45.0,0.00344725060052575,15.0,0.003383158428374175,,,,,,,,,,,,,,,,,,,0.9600828607416269,0.9500685975366211,,,,,,,,,,,,,,,
405,yes/no,Is this man a professional baseball player?,yes,http://images.cocodataset.org/train2014/COCO_train2014_000000458752.jpg,4,333,0.9974713028203592,-0.37851423025131226,Yes,4,19.0,0.0024586675234728847,0.9283213239079567,18.0,0.002482347797136342,15.0,0.0023543971026705386,15.0,0.0023007607231144145,,,,,,,,,,,,,,,,,0.8929352898779308,0.9500685975366211,0.9877812438119247,,,,,,,,,,,,,,
406,yes/no,Is the dog waiting?,yes,http://images.cocodataset.org/train2014/COCO_train2014_000000524291.jpg,10,265,0.9924458412758203,-0.37036120891571045,Yes,10,15.0,0.002689700365325438,0.8443536850036222,4.0,0.002252365753949284,21.0,0.002588374169691742,16.0,0.002431893651603733,37.0,0.0025606604416069504,17.0,0.0026017605812498797,15.0,0.0024668882714578414,40.0,0.002561926776595139,16.0,0.0024822626560143473,18.0,0.0026310721036146597,,,,,1.0,0.9907017951253161,0.9886085007312413,0.9682219564723208,0.9878171319090819,0.944623214254579,0.9510985969946397,0.9681390622295665,0.9728825026363701,,,,,,,,
407,yes/no,Is the sky blue?,yes,http://images.cocodataset.org/train2014/COCO_train2014_000000393221.jpg,8,227,0.9912821855588895,-0.025402333587408066,Yes,8,17.0,0.0027136340031898116,0.9770358764490155,25.0,0.0025998689532749173,71.0,0.0027602200435873307,17.0,0.0028346520255709755,77.0,0.0027378815286377527,37.0,0.0026910443787306606,13.0,0.0025114259266363305,17.0,0.00272996326703991,,,,,,,,,0.9790081411766282,0.9559935766324658,0.8846148739279865,0.9672711974257324,0.9556643249118383,0.9421567638998994,0.9770358764490155,,,,,,,,,,
408,yes/no,Is there snow on the mountains?,yes,http://images.cocodataset.org/train2014/COCO_train2014_000000393221.jpg,10,218,0.9915538826660721,-0.0402442030608654,Yes,10,16.0,0.002664110468574215,0.985056822321508,71.0,0.0027179402751629396,19.0,0.002671848415180029,17.0,0.002801791951745425,74.0,0.0027689475416863576,12.0,0.0026234211767565707,15.0,0.0025348813637282655,18.0,0.0026851478638609347,4.0,0.002264672997171144,16.0,0.002978139291333102,,,,,0.9636848766715734,0.9752404816059184,0.9437600120884535,0.9597573563485188,0.8734790278701756,0.9664572819896989,0.9206250851407773,1.0,0.9886994082884974,,,,,,,,
409,yes/no,Is the window open?,yes,http://images.cocodataset.org/train2014/COCO_train2014_000000393223.jpg,6,143,0.9990550804375096,-0.5881801247596741,No,6,145.0,0.0019280413619800194,0.9727363801009947,121.0,0.0019224444334858687,13.0,0.0019085093260108172,10.0,0.0019273395148285727,15.0,0.0019291532944833815,15.0,0.0018952469791223415,,,,,,,,,,,,,0.9803465080193847,0.99473723787795,0.8812908992306927,0.9654013672997089,0.9613833012053531,,,,,,,,,,,,
410,yes/no,Is she brushing?,yes,http://images.cocodataset.org/train2014/COCO_train2014_000000393223.jpg,9,173,0.9877424378213923,-0.07673056423664093,Yes,9,135.0,0.0028167222932109943,0.9726149707794806,16.0,0.002525406271366224,18.0,0.002710678013557261,32.0,0.0028508809911910156,12.0,0.0029590447597198665,15.0,0.0027649931003896006,15.0,0.002784496320809447,40.0,0.0027822747471513073,54.0,0.0028342940562006897,,,,,,,0.9822177815287605,0.9524375025776289,0.9444732877807365,0.8112781244591328,0.9877812438119247,0.9189900464321514,0.9631408237445559,0.9786510985509437,,,,,,,,,
411,yes/no,Is the man smiling?,no,http://images.cocodataset.org/train2014/COCO_train2014_000000393224.jpg,9,216,0.9992325808946805,-0.0057379999198019505,No,9,33.0,0.001850890518758411,0.9759245909784308,18.0,0.0018532710622442415,95.0,0.0018561967725098493,50.0,0.0018520342631353872,18.0,0.0018539322667001175,15.0,0.0018508577631683163,17.0,0.0018612804777745767,3.0,0.0018437751670519788,20.0,0.001867496686738654,,,,,,,0.952437502577629,0.9827412453843066,0.9743138704071239,0.9388201415867106,0.9161314485121343,0.9437600120884535,0.0,0.9372305632161296,,,,,,,,,
412,yes/no,Does his tie pair well with his suit?,no,http://images.cocodataset.org/train2014/COCO_train2014_000000393224.jpg,12,211,0.9965414022817045,-0.5066207051277161,Yes,12,35.0,0.0022209796318328062,0.9446619400614149,16.0,0.0022034833170507025,30.0,0.002199451853118259,23.0,0.0022351800555196074,26.0,0.002135101053861188,21.0,0.0022040126668108266,56.0,0.002150533310457759,20.0,0.0021906737417768094,28.0,0.0021864799220566527,15.0,0.0021600016660041606,15.0,0.0021720632344683173,21.0,0.0022018229821306684,0.9320201587042914,0.937181781618355,0.9056822735153807,0.942953784958991,0.9211854965885542,0.9655051781732507,0.9518508480286741,0.9825098436366377,0.9877812438119247,0.9500685975366211,0.91874241485597,,,,,,
413,yes/no,Does the man look happy?,no,http://images.cocodataset.org/train2014/COCO_train2014_000000393224.jpg,9,222,0.9992235323261488,-0.0038160085678100586,No,9,39.0,0.0018533841576621939,0.963341760223496,19.0,0.0018580015633761515,93.0,0.0018591736526451684,55.0,0.0018542140837525,19.0,0.0018573157639769783,24.0,0.0018623681365060915,20.0,0.0018681096152766766,13.0,0.001846710397696884,15.0,0.0018536152033487878,,,,,,,0.9366107178069573,0.9870385459938891,0.9837126646068954,0.9431541408460862,0.9591479170272448,0.9372305632161296,0.9169636088209151,0.9877812438119246,,,,,,,,,
414,yes/no,Is this photo in color?,no,http://images.cocodataset.org/train2014/COCO_train2014_000000393224.jpg,10,204,0.998337573248326,-0.6839930415153503,Yes,10,16.0,0.001984672347692951,0.9755307720176266,27.0,0.0019743924542871,18.0,0.0019591245248221888,32.0,0.0019829433366995806,51.0,0.0019655294787187683,8.0,0.0019144601242226892,16.0,0.0020086041874075827,79.0,0.0019813161892775185,19.0,0.001975926551260732,18.0,0.0019792511573124257,,,,,0.9804966463881547,0.9455305560363263,0.9583183511448947,0.9733481801491781,0.9463946303571862,0.8387794678549646,0.9671638977939184,0.9237100600260872,0.9915323997298832,,,,,,,,
415,yes/no,Is the man wearing a plain tie?,no,http://images.cocodataset.org/train2014/COCO_train2014_000000393224.jpg,9,215,0.9976908635658929,-0.12846381962299347,No,9,18.0,0.0020001831265593255,0.9853962684364186,21.0,0.0020111799990994647,37.0,0.0020084504766065864,26.0,0.0020159941052052327,80.0,0.002022949527959309,53.0,0.0020347525237768933,43.0,0.0020321371245488424,18.0,0.002021610622293014,15.0,0.002008665165335283,,,,,,,0.997618320255157,0.9973114608656496,0.9510902942890812,0.9754269634323683,0.9654583726101711,0.9577503597756203,0.9342064019134054,1.0,,,,,,,,,
416,yes/no,"Judging from the dress, was this taken in a Latin American country?",yes,http://images.cocodataset.org/train2014/COCO_train2014_000000524297.jpg,8,213,0.9993065485406654,-0.6802998185157776,No,8,26.0,0.0018715927850424575,0.9268886982573479,43.0,0.0018709438427950247,19.0,0.0018807443638479688,30.0,0.0018684905544841114,20.0,0.0018649038347668297,112.0,0.0018795228525636182,16.0,0.0018577774690847417,18.0,0.0018681139473896902,,,,,,,,,0.9613072939629967,0.9649618403823442,0.9419592117833936,0.9854752972273343,0.9625094180118076,0.9681390622295665,0.9388201415867106,,,,,,,,,,
417,yes/no,Are the men on the sidewalk?,no,http://images.cocodataset.org/train2014/COCO_train2014_000000524297.jpg,5,305,0.9920132731489265,-0.2670884132385254,Yes,5,17.0,0.002658090188906902,0.9664022887695614,18.0,0.002899269295194082,16.0,0.0026441091957682557,28.0,0.0026726804322738423,12.0,0.002584677459804291,,,,,,,,,,,,,,,0.9915323997298832,0.9414280318460245,0.9647494831803135,1.0,,,,,,,,,,,,,
418,yes/no,Was this photo taken recently?,no,http://images.cocodataset.org/train2014/COCO_train2014_000000524297.jpg,4,145,0.999134077716123,-0.0034121605567634106,No,4,16.0,0.0018596818761319252,0.9681390622295665,105.0,0.0018738048558298143,66.0,0.001888063118184171,138.0,0.001876021000042729,,,,,,,,,,,,,,,,,0.9922576453514061,0.9734806748253267,0.9675456510314588,,,,,,,,,,,,,,
419,yes/no,Does the guy have a tattoo?,yes,http://images.cocodataset.org/train2014/COCO_train2014_000000393227.jpg,8,231,0.98361942596147,-0.04044297710061073,Yes,8,15.0,0.003281216684247705,0.9877812438119247,18.0,0.003228405594757763,38.0,0.0030077362273480597,48.0,0.003066714227362909,15.0,0.0030176570136546395,18.0,0.003607030007972622,10.0,0.002817720843305649,18.0,0.003564413348302848,,,,,,,,,0.9388201415867106,0.9781328721873898,0.9730052794999032,0.9543063494363562,0.9435794406736077,0.9911594714322186,0.9758159039662214,,,,,,,,,,
420,yes/no,Is the man's visor providing his face enough protection?,no,http://images.cocodataset.org/train2014/COCO_train2014_000000393227.jpg,7,198,0.9992522107228042,-0.2768338620662689,No,7,20.0,0.0018677705757605399,0.9921503172858166,19.0,0.001866638011227996,18.0,0.0018647982689922727,104.0,0.0018919179210557919,48.0,0.0018745803465782588,11.0,0.0018814740112668793,55.0,0.0018856171898346328,,,,,,,,,,,0.996352882445333,0.9941181381188445,0.9599119441604907,0.9660392755926177,0.9456603046006401,0.9717926937975865,,,,,,,,,,,
421,yes/no,Is the man riding on a dirt path?,yes,http://images.cocodataset.org/train2014/COCO_train2014_000000131084.jpg,6,258,0.993729648016643,-0.16387684643268585,Yes,6,45.0,0.002602760125042834,0.9389099920535672,84.0,0.0024459222563641436,21.0,0.002417821859287476,13.0,0.0024710657972359363,18.0,0.0025334839155224517,15.0,0.0024242682984192457,,,,,,,,,,,,,0.9800468260796003,0.9663407895758984,0.8956403056385981,0.8821022532543101,0.9161314485121342,,,,,,,,,,,,
422,yes/no,Are the walls done in a summery color?,yes,http://images.cocodataset.org/train2014/COCO_train2014_000000131074.jpg,6,246,0.9976059131399297,-0.6370302438735962,Yes,6,39.0,0.002162116867905617,0.9128835384886808,27.0,0.0021419610750092063,114.0,0.0021406940690366577,15.0,0.0021504350377690817,18.0,0.00211396259592531,27.0,0.002135608252584855,,,,,,,,,,,,,0.9482264094122096,0.9697326245179396,0.8830374409547587,0.9081700569267039,0.9700484006760405,,,,,,,,,,,,
423,yes/no,Is the curtain patterned?,no,http://images.cocodataset.org/train2014/COCO_train2014_000000131074.jpg,4,215,0.9959657248090098,-0.4622213840484619,Yes,4,32.0,0.002274137694222625,0.959642677282008,24.0,0.0023467000554551853,139.0,0.0023540470970528312,17.0,0.0023235918349521732,,,,,,,,,,,,,,,,,0.877757592818752,0.9752532124049526,0.903881788208597,,,,,,,,,,,,,,
424,yes/no,Are the windows the same size?,yes,http://images.cocodataset.org/train2014/COCO_train2014_000000131074.jpg,10,276,0.9977402504706491,-0.5417677760124207,No,10,15.0,0.002106805535976671,0.9709505944546686,29.0,0.002045233037142712,16.0,0.0020843083986634443,57.0,0.0020987298092217306,24.0,0.0020673171399164278,17.0,0.002075150196855803,16.0,0.0020541785610876315,36.0,0.0020551226468074335,26.0,0.002070264308052635,15.0,0.0020576580694487397,,,,,0.9856439974153608,0.886859507142915,0.9832516630394905,0.9838824188369656,0.9360847109776411,0.9965119062478288,0.953535853168111,0.9325023032951825,0.9654013672997089,,,,,,,,
425,yes/no,Is there a shadow of a tree in the foreground?,no,http://images.cocodataset.org/train2014/COCO_train2014_000000393230.jpg,9,181,0.9993432374026775,-0.5505661368370056,Yes,9,15.0,0.0018774367758074765,0.9446232142545791,14.0,0.0018767628052293115,17.0,0.0019035250279727189,43.0,0.0018878494693612769,104.0,0.0018995293988252108,18.0,0.0019084294910502056,64.0,0.0019050072518173589,18.0,0.001891455984685449,23.0,0.0019157589692462846,,,,,,,0.9211854965885542,0.9770358764490155,0.9684461612533953,0.9787787181003506,1.0,0.9824700157836511,0.9206250851407773,0.9668324690003138,,,,,,,,,
426,yes/no,Did someone forget his luggage in the snow?,no,http://images.cocodataset.org/train2014/COCO_train2014_000000393230.jpg,9,168,0.9971802256691846,-0.13094952702522278,No,9,80.0,0.0020769577087296526,0.9893337338100459,27.0,0.002088641716825555,15.0,0.0020702267156990487,16.0,0.002090782599582554,43.0,0.002079023187573314,80.0,0.0020770543260143514,32.0,0.0020995482567348943,26.0,0.0021047127013811384,12.0,0.00209765161516072,,,,,,,0.9452959184787421,0.9147366491799203,0.8950145145731531,0.9690940968430252,0.9786283175514977,0.8944367122227866,0.9236658308516223,0.9182958340544896,,,,,,,,,
427,yes/no,Is it daytime?,yes,http://images.cocodataset.org/train2014/COCO_train2014_000000393230.jpg,8,203,0.9840504045915485,-0.18023264408111572,Yes,8,15.0,0.002862640467951924,0.944623214254579,16.0,0.002847093014001784,113.0,0.003059912860106205,19.0,0.0031549230843245725,44.0,0.002995649896483549,16.0,0.003048299796266085,18.0,0.003091889536197952,42.0,0.0030389843818661244,,,,,,,,,0.9681390622295665,0.9695573896344102,0.989497538622715,0.9784170775197193,0.9755307720176266,0.9915323997298832,0.9599140947324829,,,,,,,,,,
428,yes/no,Is the person wearing a hat?,no,http://images.cocodataset.org/train2014/COCO_train2014_000000393230.jpg,8,205,0.981248909942409,-0.45156899094581604,Yes,8,17.0,0.0030063581890190337,0.9519839065438831,18.0,0.003082649629954913,20.0,0.003332429569931463,46.0,0.0031150009512707507,120.0,0.0032086961304700038,18.0,0.0032808637323731705,46.0,0.003094197876427212,19.0,0.0033019486241348188,,,,,,,,,0.952437502577629,0.9976834773764093,0.9648577236203967,0.973975522094689,0.9915323997298832,0.9689931850000455,0.9894975386227151,,,,,,,,,,
429,yes/no,Is the dog wearing a collar?,yes,http://images.cocodataset.org/train2014/COCO_train2014_000000131087.jpg,5,254,0.9985581714019005,-0.5533023476600647,Yes,5,28.0,0.0020394602037910434,0.9558029763224309,144.0,0.002040085051658506,19.0,0.002054184752113564,10.0,0.00202429638213272,3.0,0.0019569745259630554,,,,,,,,,,,,,,,0.9754923595924763,0.9237100600260872,0.9709505944546686,0.0,,,,,,,,,,,,,
430,yes/no,Is it a clear day?,yes,http://images.cocodataset.org/train2014/COCO_train2014_000000131087.jpg,4,221,0.9756204402207154,-0.07131106406450272,Yes,4,17.0,0.003395816006973816,0.9256134079485958,21.0,0.00321615079685762,182.0,0.003561288875260318,35.0,0.00355053641456407,,,,,,,,,,,,,,,,,0.9409256218900506,0.9849809368888542,0.9527168577217963,,,,,,,,,,,,,,
431,yes/no,Is there a body of water here?,yes,http://images.cocodataset.org/train2014/COCO_train2014_000000131087.jpg,3,286,0.9893692899810413,-0.00148651166819036,Yes,3,87.0,0.0027832246802961635,0.9657934401321004,33.0,0.0028282854237422737,23.0,0.0028667478399898904,,,,,,,,,,,,,,,,,,,0.9481135985099355,0.9810720783927832,,,,,,,,,,,,,,,
432,yes/no,Is the light on?,no,http://images.cocodataset.org/train2014/COCO_train2014_000000131075.jpg,7,240,0.9991067244830076,-0.5320413112640381,No,7,24.0,0.0019169666053873485,0.9265419002141438,34.0,0.001878432476302395,23.0,0.0018803256147132748,20.0,0.0018934718409069945,23.0,0.0018932297306580483,15.0,0.0019018478112810314,33.0,0.0018981247940670935,,,,,,,,,,,0.9827324880100429,0.9801433740737774,0.9780451855744626,0.9717954863394012,1.0,0.9676158734926452,,,,,,,,,,,
433,yes/no,Is the room messy?,no,http://images.cocodataset.org/train2014/COCO_train2014_000000131075.jpg,5,230,0.9984586728285668,-0.07371953129768372,No,5,23.0,0.001971680312727189,0.8840666900918299,82.0,0.0019617393457907065,42.0,0.0019709965581282993,79.0,0.0019671824293537097,24.0,0.001978084585345479,,,,,,,,,,,,,,,0.9800049243023122,0.9882967969927207,0.9883050839363396,0.9652033156653039,,,,,,,,,,,,,
434,yes/no,Is this a TV screen?,yes,http://images.cocodataset.org/train2014/COCO_train2014_000000131075.jpg,5,244,0.9986991021987374,-0.3538581132888794,No,5,23.0,0.0019332805935067402,0.8932461863447871,108.0,0.0019349634446388408,45.0,0.0019400049358596235,70.0,0.0019366006273957943,26.0,0.001948174171799503,,,,,,,,,,,,,,,0.9812968249871127,0.9833397654524791,0.974336621993502,0.927142935993623,,,,,,,,,,,,,
435,yes/no,Is there a laptop in the image?,yes,http://images.cocodataset.org/train2014/COCO_train2014_000000131075.jpg,6,295,0.9913276460098139,-0.052329834550619125,Yes,6,28.0,0.0027688246399094137,0.9672745699976011,15.0,0.002402861636121468,16.0,0.0025244800310796557,23.0,0.0025208283761014023,29.0,0.002679129247258636,16.0,0.0026856188280469065,,,,,,,,,,,,,0.9949490477321437,0.8980898459737486,0.9237794341096143,0.9705914245664364,0.8957541375001011,,,,,,,,,,,,
436,yes/no,Is the animal a mammal?,yes,http://images.cocodataset.org/train2014/COCO_train2014_000000137045.jpg,2,281,0.9868908722824067,-0.027721362188458443,Yes,2,16.0,0.004211865842824703,0.7743974703476992,15.0,0.0037205518168074506,,,,,,,,,,,,,,,,,,,,,0.9602297178607612,,,,,,,,,,,,,,,,
437,yes/no,Are there rocks in the picture?,yes,http://images.cocodataset.org/train2014/COCO_train2014_000000131093.jpg,2,304,0.9953581260951393,-0.029671723023056984,Yes,2,15.0,0.0027572454135509545,0.9018972358711528,15.0,0.0025100027019608396,,,,,,,,,,,,,,,,,,,,,0.9543063494363562,,,,,,,,,,,,,,,,
438,yes/no,Has the sheep recently been shaved?,no,http://images.cocodataset.org/train2014/COCO_train2014_000000131093.jpg,4,189,0.9972618917826371,-0.5380630493164062,No,4,222.0,0.002109932335333346,0.9803069782269574,48.0,0.002114385112225461,15.0,0.0020885308506856074,48.0,0.0020853115979205133,,,,,,,,,,,,,,,,,0.9834494140953997,0.9602297178607612,0.9809404022057044,,,,,,,,,,,,,,
439,yes/no,Are there three sheep?,yes,http://images.cocodataset.org/train2014/COCO_train2014_000000131093.jpg,4,204,0.9976542549356792,-0.3542296588420868,Yes,4,18.0,0.002249127174785812,0.9342064019134055,209.0,0.0021491971659189503,16.0,0.0022038114592802848,21.0,0.0021922276061643988,,,,,,,,,,,,,,,,,0.9796155289561643,0.9755307720176266,0.9693542486434172,,,,,,,,,,,,,,
440,yes/no,Is the man having a good time?,yes,http://images.cocodataset.org/train2014/COCO_train2014_000000524311.jpg,8,262,0.9948130980984418,-0.01584663614630699,Yes,8,27.0,0.002583987730925813,0.9863434644379612,19.0,0.0025555448180226096,20.0,0.002461830649436214,19.0,0.0024271864512414643,29.0,0.002457993548241646,31.0,0.0023643522629565083,16.0,0.0024883401182341147,57.0,0.0024823062999570276,,,,,,,,,0.9826301639446198,0.9794359242226801,0.8863092876876878,0.9665859482843117,0.9687757222218183,0.949701216438411,0.9456676043918134,,,,,,,,,,
441,yes/no,Could this photo be from a zoo?,yes,http://images.cocodataset.org/train2014/COCO_train2014_000000000025.jpg,3,298,0.9847493315617851,-0.0371050089597702,Yes,3,16.0,0.003112223333286696,0.9528195311147832,15.0,0.003013597781818529,15.0,0.0029736564287921635,,,,,,,,,,,,,,,,,,,0.9664572819896989,0.9949490477321437,,,,,,,,,,,,,,,
442,yes/no,Are the animals eating?,yes,http://images.cocodataset.org/train2014/COCO_train2014_000000000025.jpg,11,248,0.9899181269806246,-0.33636748790740967,Yes,11,19.0,0.0028637020863872212,0.9975194757207203,24.0,0.0028034133391743794,21.0,0.002745735286847419,17.0,0.002719270593582391,24.0,0.0025698393781297037,18.0,0.0027213418458937578,6.0,0.002541279097124075,15.0,0.002997149879660029,46.0,0.002899527681921426,17.0,0.002955399574398882,17.0,0.0025843035391465248,,,0.8904886189906718,0.934519555118908,0.9363348190250746,0.9820156765792629,0.9388201415867106,1.0,0.9967916319816366,0.9503688186357518,0.8846148739279865,0.9719977955078913,,,,,,,
443,yes/no,Is there a zebra?,no,http://images.cocodataset.org/train2014/COCO_train2014_000000000025.jpg,2,198,0.9972419917350832,-0.028189711272716522,No,2,321.0,0.0020677757596380877,0.9904466615136401,19.0,0.0020590450384553208,,,,,,,,,,,,,,,,,,,,,0.9656476401164373,,,,,,,,,,,,,,,,
444,yes/no,Is the giraffe eating the tree?,yes,http://images.cocodataset.org/train2014/COCO_train2014_000000000025.jpg,4,211,0.9988670446894011,-0.38046324253082275,No,4,16.0,0.001923577217298516,1.0,174.0,0.0018949041140398717,16.0,0.0019043788389358793,17.0,0.0018932090255681252,,,,,,,,,,,,,,,,,0.9824097215869797,0.949701216438411,0.9963890537299694,,,,,,,,,,,,,,
445,yes/no,Are both giraffes standing?,no,http://images.cocodataset.org/train2014/COCO_train2014_000000000025.jpg,4,210,0.9980365457612443,-0.5712001919746399,No,4,34.0,0.002009694381027761,0.9043596142089312,134.0,0.0019832494161819703,15.0,0.001978859806752535,16.0,0.001986140328376724,,,,,,,,,,,,,,,,,0.9779923357301662,0.9664572819896989,0.9528195311147832,,,,,,,,,,,,,,
446,yes/no,Are they at a zoo?,yes,http://images.cocodataset.org/train2014/COCO_train2014_000000000025.jpg,3,309,0.9891632477108968,-0.23039542138576508,Yes,3,16.0,0.0029272707813295116,0.9528195311147832,16.0,0.0028857910261801205,15.0,0.0028148760939976374,,,,,,,,,,,,,,,,,,,0.9528195311147832,0.9949490477321437,,,,,,,,,,,,,,,
447,yes/no,Are some of the trees dead?,yes,http://images.cocodataset.org/train2014/COCO_train2014_000000000025.jpg,0,300,0.9861059465030304,-0.23528894782066345,Yes,0,,,,,,,,,,,,,,,,,,,,,,,,,,,,,,,,,,,,,,,,,,
448,yes/no,Are any of the animals eating?,yes,http://images.cocodataset.org/train2014/COCO_train2014_000000000025.jpg,7,327,0.9933799797788837,-0.41906800866127014,Yes,7,22.0,0.0026518310378239635,0.933816945485606,27.0,0.002629501552423886,16.0,0.002679372522610939,34.0,0.0025354324074036145,16.0,0.0026565036000289945,16.0,0.0026609090307474176,5.0,0.00257136844039564,,,,,,,,,,,0.9011953799817248,0.8620485698650454,0.942754830288021,0.8957541375001011,0.8950145145731531,0.0,,,,,,,,,,,
449,yes/no,Is the giraffe in the shade?,no,http://images.cocodataset.org/train2014/COCO_train2014_000000000025.jpg,5,280,0.9979522321493768,-0.4883396327495575,No,5,19.0,0.00208801269395502,0.9258628921382102,37.0,0.0020620820614848973,13.0,0.0020188936631742125,59.0,0.002022098940143708,15.0,0.00201856947632997,,,,,,,,,,,,,,,0.9377655355456934,0.9770455804590027,0.9634106234371315,0.9161314485121343,,,,,,,,,,,,,
450,yes/no,Are these giraffes living free range?,yes,http://images.cocodataset.org/train2014/COCO_train2014_000000000025.jpg,2,166,0.9986129370030951,-0.12748786807060242,No,2,15.0,0.00192529515593468,0.8616157143988102,412.0,0.001940344110529296,,,,,,,,,,,,,,,,,,,,,0.9853130181666779,,,,,,,,,,,,,,,,
451,yes/no,Is there a rock near the giraffe?,no,http://images.cocodataset.org/train2014/COCO_train2014_000000000025.jpg,5,256,0.9964854181977552,-0.27749305963516235,No,5,15.0,0.0021154235589056084,0.8616157143988104,73.0,0.0021043578915333856,19.0,0.00208890699749317,15.0,0.0020976589155751453,17.0,0.002106715852511154,,,,,,,,,,,,,,,0.9671921398032896,0.9456710582634467,0.9543063494363562,0.9856676426534905,,,,,,,,,,,,,
452,yes/no,Are they moving?,yes,http://images.cocodataset.org/train2014/COCO_train2014_000000262172.jpg,3,275,0.9913105203301241,-0.07646968960762024,Yes,3,126.0,0.002577942959739575,0.9710354389451187,50.0,0.0024794638881494783,23.0,0.002527870281804264,,,,,,,,,,,,,,,,,,,0.9763376691775842,0.9673629259545933,,,,,,,,,,,,,,,
453,yes/no,Is this man angry?,no,http://images.cocodataset.org/train2014/COCO_train2014_000000131101.jpg,10,180,0.9993151939174854,-0.16407418251037598,No,10,52.0,0.0018795230801304187,0.9760270052140076,22.0,0.0018841548072932874,16.0,0.0018865296783213284,34.0,0.001883139617655027,21.0,0.0018796626186373922,30.0,0.0018789502904758926,108.0,0.0018942778254815746,18.0,0.0018985419569676758,10.0,0.0018632781170818211,32.0,0.0019066606471562365,,,,,0.9747321513897027,0.9320201587042914,0.9396486202417147,0.9018367817572369,0.9893929727431466,0.9682418562727474,0.8783471047618534,0.9602297178607612,0.8845298274131225,,,,,,,,
454,yes/no,Are there flowers in the vase?,yes,http://images.cocodataset.org/train2014/COCO_train2014_000000000030.jpg,5,290,0.9858923490952938,-0.01875370368361473,Yes,5,22.0,0.003112081272966243,0.8787409903782898,86.0,0.002967558523430406,15.0,0.0026882023986581774,23.0,0.0031266442192277406,16.0,0.0030702677848847325,,,,,,,,,,,,,,,0.9840084676791765,0.9949490477321437,0.962898239727323,0.949701216438411,,,,,,,,,,,,,
455,yes/no,Are the flowers open?,yes,http://images.cocodataset.org/train2014/COCO_train2014_000000000030.jpg,6,345,0.9876760432610776,-0.09731602668762207,Yes,6,15.0,0.0027447756430670858,0.9500685975366211,17.0,0.0031329742943506183,45.0,0.002939165816939448,15.0,0.002835240138539246,48.0,0.002848054508694714,16.0,0.002780965217496697,,,,,,,,,,,,,0.9774178175281716,0.9770113454669221,0.8830374409547587,0.986141188837792,0.9755307720176266,,,,,,,,,,,,
456,yes/no,Are all the flowers white?,no,http://images.cocodataset.org/train2014/COCO_train2014_000000000030.jpg,10,204,0.9954767886754123,-0.345598965883255,No,10,16.0,0.002084109013814008,0.8620485698650454,16.0,0.0020750623809299164,19.0,0.002060090489619491,28.0,0.0020831419457937777,27.0,0.0020487698256528774,42.0,0.002047103936773176,33.0,0.0020639603687749803,37.0,0.0020610366495569825,17.0,0.0020578644130068613,15.0,0.0020719272981098826,,,,,0.949701216438411,0.9796494552648447,0.9127045965049082,0.9794773758936528,0.9893469137770643,0.9710587062616877,0.9664282197864219,0.9856676426534906,0.9018972358711528,,,,,,,,
457,yes/no,Is the man standing on both foot?,no,http://images.cocodataset.org/train2014/COCO_train2014_000000524320.jpg,9,270,0.9989740685242868,-0.23377634584903717,No,9,26.0,0.0018772278437227503,0.9910386727156579,16.0,0.0018851265000631868,15.0,0.0018897706723901837,23.0,0.0018996267661961286,19.0,0.0018920131123816692,19.0,0.001903668650219643,25.0,0.00188544926481364,24.0,0.0018905002771473388,31.0,0.0019002552305838504,,,,,,,0.9618974703476992,0.9877812438119247,0.9000719974005987,0.9656476401164373,0.9975194757207203,0.9643771190671295,0.9712286306293441,0.9225640934388698,,,,,,,,,
458,yes/no,Was this picture likely taken recently?,no,http://images.cocodataset.org/train2014/COCO_train2014_000000524320.jpg,6,277,0.999095280450977,-0.2522905170917511,No,6,15.0,0.0018600596357081002,0.9718495448242642,21.0,0.0018821049870577052,19.0,0.001884300547075317,17.0,0.001872611742343421,24.0,0.001866305489565986,23.0,0.001884691523970091,,,,,,,,,,,,,0.866777537176124,0.9975194757207203,0.925613407948596,0.9639125816315371,0.9366841657848176,,,,,,,,,,,,
459,yes/no,Do the gentleman's socks match his shoes and belt?,no,http://images.cocodataset.org/train2014/COCO_train2014_000000524320.jpg,5,324,0.9992329410794799,-0.3857079744338989,No,5,28.0,0.0018556117303345884,0.9894065290848516,17.0,0.0018624009939133218,15.0,0.0018549418883946121,15.0,0.0018497949783248895,18.0,0.0018571041803217736,,,,,,,,,,,,,,,0.8091970544181966,0.9654013672997089,0.9877812438119247,0.9915323997298832,,,,,,,,,,,,,
460,yes/no,Are the zebras facing the same direction?,yes,http://images.cocodataset.org/train2014/COCO_train2014_000000240304.jpg,4,297,0.9980206621918434,-0.4201904535293579,No,4,18.0,0.0020487781281012347,0.9388201415867106,26.0,0.002065152107704503,197.0,0.0020611246317441354,12.0,0.002029499497228932,,,,,,,,,,,,,,,,,0.9369317532082471,0.979293108444332,0.9463946303571862,,,,,,,,,,,,,,
461,yes/no,Is this a horse?,no,http://images.cocodataset.org/train2014/COCO_train2014_000000000034.jpg,6,370,0.9975799674616359,-0.004053930751979351,No,6,15.0,0.0020818619450823457,0.9967916319816366,37.0,0.0020575091098942685,42.0,0.002068766748640479,18.0,0.002053802650965735,25.0,0.0020709825148141625,20.0,0.0020528537819883767,,,,,,,,,,,,,0.9839447309122334,0.9858330810316582,0.9206250851407773,0.9787029057127591,0.9854752972273343,,,,,,,,,,,,
462,yes/no,Are they drinking wine at the child's party?,yes,http://images.cocodataset.org/train2014/COCO_train2014_000000393251.jpg,8,295,0.9881360007502445,-0.2154441773891449,Yes,8,24.0,0.0026472109483560713,0.9639125816315371,19.0,0.0028573230063021126,20.0,0.002755200608864255,16.0,0.00275097231190225,69.0,0.00278165962605982,23.0,0.002666301323677157,15.0,0.0027025531748856796,4.0,0.0023259016339474514,,,,,,,,,0.9649618403823442,0.9416915491145068,0.9965119062478288,0.9719919096162282,0.9841517646228418,0.9877812438119247,1.0,,,,,,,,,,
463,yes/no,Is the man wearing glasses?,yes,http://images.cocodataset.org/train2014/COCO_train2014_000000393251.jpg,3,345,0.9899294637414408,-0.019088154658675194,Yes,3,20.0,0.002602742917184036,0.9658945311665491,17.0,0.0028668137861054305,23.0,0.0028801604776536303,,,,,,,,,,,,,,,,,,,0.8516924496551459,0.9765762937075554,,,,,,,,,,,,,,,
464,yes/no,Is this a good dessert?,yes,http://images.cocodataset.org/train2014/COCO_train2014_000000262180.jpg,10,220,0.9930837663743974,-0.09122651815414429,Yes,10,80.0,0.0025353724454678516,0.9662188407410557,30.0,0.0025360271856726116,14.0,0.002358583321249677,11.0,0.002461301967373529,67.0,0.0024763561239355154,16.0,0.0024301995896684565,54.0,0.002457593221043583,19.0,0.002549649415214071,27.0,0.002544578939165654,21.0,0.0026272582982225625,,,,,0.9473080736174853,0.9386935321483066,0.9940302114769565,0.9570293937945572,0.9248008763572907,0.9759980957565152,0.9520903566147753,0.9863434644379612,0.9141008920185653,,,,,,,,
465,yes/no,Are those kites in the air?,yes,http://images.cocodataset.org/train2014/COCO_train2014_000000524325.jpg,3,255,0.9795931191102603,-0.02870563603937626,Yes,3,32.0,0.003928248574749124,0.9715723338208274,16.0,0.0036374939220060326,15.0,0.003629963505847831,,,,,,,,,,,,,,,,,,,0.9886085007312413,0.982798115178801,,,,,,,,,,,,,,,
466,yes/no,Is this a hot dog?,yes,http://images.cocodataset.org/train2014/COCO_train2014_000000043697.jpg,3,246,0.9876382381976748,-0.014996054582297802,Yes,3,20.0,0.0028076166449543674,1.0,32.0,0.0030327886536410144,36.0,0.002813565609866912,,,,,,,,,,,,,,,,,,,0.9647491876536024,0.9856931955656304,,,,,,,,,,,,,,,
467,yes/no,Is there ketchup on the hot dog?,no,http://images.cocodataset.org/train2014/COCO_train2014_000000043697.jpg,4,283,0.9988516406547685,-0.25116032361984253,No,4,59.0,0.001919642408371391,0.9430924762208257,30.0,0.0019340355645640103,26.0,0.001918290881193919,29.0,0.0019194008459212245,,,,,,,,,,,,,,,,,0.9983958159908184,0.9588999279334551,0.9839067104067714,,,,,,,,,,,,,,
468,yes/no,Has this hot dog been grilled?,no,http://images.cocodataset.org/train2014/COCO_train2014_000000043697.jpg,7,238,0.9980238911090944,-0.2955838143825531,No,7,18.0,0.0019818401481894333,0.9955380299191112,10.0,0.001968231665061478,84.0,0.002009279449557632,28.0,0.002013334080114513,74.0,0.0020056742160924007,12.0,0.0019645272466770835,28.0,0.0019856085167822067,,,,,,,,,,,0.9602297178607612,0.9642866801932023,0.9963070340085629,0.9825380028343551,0.9591479170272448,0.9598164920666118,,,,,,,,,,,
469,yes/no,Have you tried a hot dog like this before?,yes,http://images.cocodataset.org/train2014/COCO_train2014_000000043697.jpg,6,211,0.9979477276469111,-0.4196014106273651,Yes,6,66.0,0.0021014046422186887,0.9832045581996781,36.0,0.0021227410255036847,111.0,0.0020960464942565574,5.0,0.002009455481631056,33.0,0.0021351404158962348,51.0,0.0021848531616991823,,,,,,,,,,,,,0.9676445528264362,0.9844398944052337,0.9709505944546686,0.9438007958695476,0.9798069674518166,,,,,,,,,,,,
470,yes/no,Is this a toy-sized truck?,no,http://images.cocodataset.org/train2014/COCO_train2014_000000262184.jpg,8,377,0.9968643733063,-0.09226541966199875,No,8,25.0,0.002071615441305233,0.9211460945412073,17.0,0.002056329307571244,17.0,0.0020873628917468133,19.0,0.002053782345486392,18.0,0.002045136198863176,16.0,0.002036538194199695,19.0,0.0020145182683075718,39.0,0.002027483501935972,,,,,,,,,0.9437600120884534,0.9975025463691152,0.899507835327561,0.8821022532543101,0.985056822321508,0.968715212846104,0.9769093060268969,,,,,,,,,,
471,yes/no,Is there a carpet on the floor?,yes,http://images.cocodataset.org/train2014/COCO_train2014_000000131113.jpg,1,255,0.9945366071721642,-0.35892415046691895,Yes,1,112.0,0.0025369858999371524,0.964038137653504,,,,,,,,,,,,,,,,,,,,,,,,,,,,,,,,,,,,,,,
472,yes/no,Is this plane landing?,no,http://images.cocodataset.org/train2014/COCO_train2014_000000262187.jpg,4,160,0.9966705089381562,-0.19042296707630157,No,4,15.0,0.0020818425324977035,0.9182958340544896,15.0,0.002034610886946277,133.0,0.0020289742035950083,84.0,0.0020151738417761517,,,,,,,,,,,,,,,,,0.9877812438119246,0.9897502317688175,0.9837958902154075,,,,,,,,,,,,,,
473,yes/no,Is the plane taking off?,no,http://images.cocodataset.org/train2014/COCO_train2014_000000262187.jpg,4,106,0.9972815779179226,-0.047935303300619125,No,4,185.0,0.0020011204463299434,0.9850497204463449,15.0,0.0020564165278914213,114.0,0.001992981796200761,11.0,0.0019653642513324087,,,,,,,,,,,,,,,,,0.9182958340544896,0.9889692574796143,0.9904129681145393,,,,,,,,,,,,,,
474,yes/no,Are these airliners?,yes,http://images.cocodataset.org/train2014/COCO_train2014_000000131118.jpg,8,258,0.9975915673089131,-0.16046079993247986,No,8,24.0,0.0020454560311749903,0.8936586862414604,16.0,0.0020385605079460585,23.0,0.0020079207037961263,16.0,0.002015552364812464,21.0,0.0020189956056911582,16.0,0.0020003412883212936,6.0,0.001986651673068563,15.0,0.0019936485183845885,,,,,,,,,0.9463946303571862,0.9512875620837767,0.9414280318460244,0.9479530138916262,0.9618974703476992,0.9182958340544896,0.9949490477321437,,,,,,,,,,
475,yes/no,Are this cargo planes?,yes,http://images.cocodataset.org/train2014/COCO_train2014_000000131118.jpg,7,300,0.996718564143417,-0.3351542055606842,No,7,22.0,0.0021372449121944883,0.8949645376549995,16.0,0.002105218964050077,18.0,0.0020882552685572145,5.0,0.0020378850468253497,15.0,0.0020754437857222596,10.0,0.0020544179812875996,17.0,0.0020744161564823956,,,,,,,,,,,0.9463946303571862,0.9388201415867106,0.9709505944546686,0.9161314485121342,0.9372305632161296,0.9963890537299693,,,,,,,,,,,
476,yes/no,Is this bear a normal size?,no,http://images.cocodataset.org/train2014/COCO_train2014_000000262191.jpg,6,299,0.9977974781872689,-0.268263041973114,No,6,17.0,0.002048475884556699,0.8516924496551459,29.0,0.002060071982066709,21.0,0.002006862653431888,15.0,0.0019998470831402103,12.0,0.0020062349866613407,16.0,0.0020142168030394896,,,,,,,,,,,,,0.9705914245664364,0.9823520940407284,0.9664572819896989,0.9808340377961404,0.9528195311147832,,,,,,,,,,,,
477,yes/no,Is there a flower arrangement on the lawn?,yes,http://images.cocodataset.org/train2014/COCO_train2014_000000000049.jpg,4,323,0.9779264842760408,-0.257284551858902,Yes,4,36.0,0.0029460966457180073,0.9671512911701485,15.0,0.0028848860923389734,16.0,0.0028961109558253975,28.0,0.0029031055504447475,,,,,,,,,,,,,,,,,0.9543063494363562,0.9886085007312412,0.9761557074062763,,,,,,,,,,,,,,
478,yes/no,Are they playing polo?,no,http://images.cocodataset.org/train2014/COCO_train2014_000000000049.jpg,3,291,0.9974314406270962,-0.6476858258247375,No,3,39.0,0.0021039482162821268,0.9734435845866518,38.0,0.00209395524924157,16.0,0.0021024828144715233,,,,,,,,,,,,,,,,,,,0.9789575111303274,0.9886085007312412,,,,,,,,,,,,,,,
479,yes/no,Is this man reading a cell phone screen?,no,http://images.cocodataset.org/train2014/COCO_train2014_000000524338.jpg,10,142,0.9993716508878588,-0.08000247180461884,No,10,49.0,0.001829379680025945,0.972590694183648,60.0,0.0018331228630210697,15.0,0.00183103497368112,15.0,0.0018364153490492369,68.0,0.001834059421312526,23.0,0.0018307124563752154,21.0,0.0018343270199070972,64.0,0.0018400691611575907,28.0,0.0018397910357628067,67.0,0.0018387970133712165,,,,,0.991743290778936,0.9654013672997089,0.8024677973715656,0.9905345072752512,0.9673629259545933,0.9517619850443704,0.9775432167806594,0.9926140680171257,0.9945573202493662,,,,,,,,
480,yes/no,Is there a stop sign in the picture?,yes,http://images.cocodataset.org/train2014/COCO_train2014_000000131126.jpg,5,267,0.9930680914463516,-0.2557936906814575,No,5,15.0,0.0023409431218361933,0.9654013672997089,26.0,0.0022585684953122568,15.0,0.0022325580817809877,25.0,0.002255833436330568,11.0,0.002264618174076013,,,,,,,,,,,,,,,0.9960328067605414,0.9718495448242642,0.9828039728592469,0.9713067383178076,,,,,,,,,,,,,
481,yes/no,Is the man unhappy?,no,http://images.cocodataset.org/train2014/COCO_train2014_000000131127.jpg,6,226,0.9974519571150389,-0.061461810022592545,No,6,16.0,0.002003111132759005,0.949701216438411,23.0,0.0019803560368553364,124.0,0.002000598192511696,5.0,0.001969905487760304,42.0,0.0019995706012744647,65.0,0.0020011604897386672,,,,,,,,,,,,,0.9612600420262698,0.9899872870027422,0.9709505944546686,0.998412213503438,0.9799879887761659,,,,,,,,,,,,
482,yes/no,Are the men going to share the bananas?,no,http://images.cocodataset.org/train2014/COCO_train2014_000000131127.jpg,10,195,0.9983580458669816,-0.36111581325531006,No,10,22.0,0.0019720495128470344,0.9870296937811092,28.0,0.001962395399436267,40.0,0.0019566598490835217,20.0,0.001945946994810762,26.0,0.001939156201782297,36.0,0.0019432370124998354,12.0,0.0019316517439328517,15.0,0.0019447961341016475,20.0,0.0019366774572326284,16.0,0.0019263125127829534,,,,,0.9506084939763866,0.9476550691618582,0.9763620978123273,0.9663926492715591,0.964139992313728,0.9808340377961404,0.9877812438119247,0.9596390821693782,0.9592101522724051,,,,,,,,
483,yes/no,Do the painted flowers match the real ones?,no,http://images.cocodataset.org/train2014/COCO_train2014_000000131128.jpg,6,94,0.9987310982018528,-0.4246799349784851,No,6,280.0,0.0018933570896030188,0.9881617782022233,53.0,0.0018974742694741675,17.0,0.0018954958990760823,18.0,0.0018927665920213037,23.0,0.0018899794917541226,16.0,0.0018856321209168546,,,,,,,,,,,,,0.9532037226120994,0.9967828263127351,0.9206250851407773,0.9320248652292954,0.9886085007312413,,,,,,,,,,,,
484,yes/no,Will the birds go into the water?,no,http://images.cocodataset.org/train2014/COCO_train2014_000000262201.jpg,3,277,0.9988576856344981,-0.06983498483896255,No,3,42.0,0.001994686423053953,0.9914751245542339,16.0,0.0019060018727202613,24.0,0.0019125191577297948,,,,,,,,,,,,,,,,,,,0.9954133073923868,0.9820156765792629,,,,,,,,,,,,,,,
485,yes/no,Is this bird afraid of the ledge?,no,http://images.cocodataset.org/train2014/COCO_train2014_000000262201.jpg,5,261,0.9987109046553575,-0.4405147135257721,No,5,39.0,0.0020033362834378852,0.9911098466923436,17.0,0.0019258988528983976,12.0,0.001935570494587509,40.0,0.0019574735880237355,16.0,0.001936352516610839,,,,,,,,,,,,,,,0.981232716348107,0.9808340377961404,0.975722282113947,0.9886085007312413,,,,,,,,,,,,,
486,yes/no,Are the mountains high?,yes,http://images.cocodataset.org/train2014/COCO_train2014_000000131133.jpg,10,244,0.9848319570112585,-0.06640634685754776,Yes,10,18.0,0.003022061386401562,0.872009434056298,9.0,0.0028042089351103905,18.0,0.0029779844793125453,66.0,0.002912621832747112,66.0,0.0029237010018829685,24.0,0.0031036715244979808,73.0,0.0029423851795048273,16.0,0.003002318291228966,16.0,0.002737224260872487,19.0,0.0029329273991908797,,,,,0.9182958340544896,0.9342064019134054,0.957696149550364,0.9902013868252529,0.985056822321508,0.9668339690967711,0.8387794678549646,0.9772170014624825,0.989497538622715,,,,,,,,
487,yes/no,Is there a person standing in front of the television?,yes,http://images.cocodataset.org/train2014/COCO_train2014_000000262207.jpg,4,292,0.9939082639660518,-0.04789190739393234,Yes,4,15.0,0.0025716049767200034,0.944623214254579,6.0,0.00221673441622345,16.0,0.002473352865923808,15.0,0.0026701632537459914,,,,,,,,,,,,,,,,,1.0,1.0,0.9877812438119247,,,,,,,,,,,,,,
488,yes/no,Is there enough room under the armchairs for a cat to hide?,yes,http://images.cocodataset.org/train2014/COCO_train2014_000000262207.jpg,10,220,0.9988351152673137,-0.5105834007263184,No,10,15.0,0.001893179789338637,0.9500685975366211,16.0,0.0018720628318908304,18.0,0.0018972764957177926,18.0,0.0019116541113254426,32.0,0.0018798733773310449,36.0,0.0018949107453743144,28.0,0.001892317696290396,28.0,0.0018981376626525325,35.0,0.0019049653022812378,19.0,0.0018900182942571831,,,,,0.9592101522724051,0.9915323997298832,0.9057125980138372,0.9886085007312412,0.939342681032637,0.9575017168592834,0.9812226135460642,0.9577827825976706,0.9656476401164373,,,,,,,,
489,yes/no,Are there numbers on the clock face?,no,http://images.cocodataset.org/train2014/COCO_train2014_000000000064.jpg,7,195,0.9968019364687307,-0.5048215985298157,Yes,7,95.0,0.0021496737076737407,0.9668843430738203,20.0,0.002198917933340685,77.0,0.002143358731450369,16.0,0.002095701679633743,12.0,0.0021774548971912424,15.0,0.002243493975932981,16.0,0.0020973840053008412,,,,,,,,,,,0.8713688243068336,0.9677082427549452,0.9886085007312413,1.0,0.9709505944546686,0.9681390622295665,,,,,,,,,,,
490,yes/no,Is there a big tree behind the clock?,yes,http://images.cocodataset.org/train2014/COCO_train2014_000000000064.jpg,5,266,0.9903699370472393,-0.11533576250076294,Yes,5,41.0,0.0025819661510316384,0.9695704301295549,19.0,0.002647254149531262,15.0,0.002660108836349162,17.0,0.003058676293059125,34.0,0.0026053211807412573,,,,,,,,,,,,,,,0.916796155157146,1.0,0.9774178175281716,0.9708372519650722,,,,,,,,,,,,,
491,yes/no,Is this a wedding?,no,http://images.cocodataset.org/train2014/COCO_train2014_000000458763.jpg,4,192,0.9960444610423131,-0.0020574619993567467,No,4,72.0,0.0020709323940324266,0.9666952075612879,16.0,0.002042339011520392,32.0,0.0020654742774234617,96.0,0.0020681834189578718,,,,,,,,,,,,,,,,,0.9724056781360315,0.9896595120069094,0.9921699448841019,,,,,,,,,,,,,,
492,yes/no,Does the crust look burnt?,yes,http://images.cocodataset.org/train2014/COCO_train2014_000000567990.jpg,2,306,0.9912804734403879,-0.17696110904216766,Yes,2,38.0,0.0029425691630649183,0.9539732895654195,21.0,0.003152770267647938,,,,,,,,,,,,,,,,,,,,,0.8907082013105603,,,,,,,,,,,,,,,,
493,yes/no,Does this pizza have a deep dish crust?,yes,http://images.cocodataset.org/train2014/COCO_train2014_000000567990.jpg,6,271,0.999324761494434,-0.6599959135055542,No,6,15.0,0.001899220857886547,0.9877812438119247,11.0,0.00187973907794771,15.0,0.0018805016239363344,10.0,0.001895803940692353,48.0,0.001918095981103309,22.0,0.0018768820263517295,,,,,,,,,,,,,0.9713067383178076,0.9543063494363562,0.9709505944546686,0.9366369207343259,0.995226686335856,,,,,,,,,,,,
494,yes/no,Is the banana freshly peeled?,yes,http://images.cocodataset.org/train2014/COCO_train2014_000000393286.jpg,9,157,0.9863036214817823,-0.30123379826545715,Yes,9,58.0,0.002857398851088691,0.9829787754909151,43.0,0.002924759159033426,42.0,0.0029178562803515674,24.0,0.0028670922104316945,90.0,0.003045404220837747,34.0,0.0031132261476957824,36.0,0.0027224068238466334,9.0,0.0028604871869646045,24.0,0.0029359384202637443,,,,,,,0.9777443796600954,0.9475574401966647,0.960225238422717,0.9724643565895162,0.9838523203894999,0.9861212197909234,0.9182958340544896,0.9360898016760627,,,,,,,,,
495,yes/no,Is the banana closed?,no,http://images.cocodataset.org/train2014/COCO_train2014_000000393286.jpg,6,214,0.9985880165527341,-0.14718784391880035,No,6,30.0,0.0019283654443627853,0.9925081039441961,109.0,0.001929809766790507,24.0,0.0019268060965586915,32.0,0.0019325123396466734,16.0,0.0019304740520022423,19.0,0.001918369936304245,,,,,,,,,,,,,0.9774918864326129,0.9558902111251072,0.9451336136184066,0.985056822321508,0.9621305296911873,,,,,,,,,,,,
496,yes/no,Does this photo show train tracks?,yes,http://images.cocodataset.org/train2014/COCO_train2014_000000000071.jpg,6,254,0.9891642403053493,-0.053814686834812164,Yes,6,94.0,0.0025759819309010006,0.9535718369024556,17.0,0.0025408770147713764,28.0,0.0026843140987654677,16.0,0.002548050886594212,16.0,0.0026393534206018846,18.0,0.0025444795649040594,,,,,,,,,,,,,0.932718552659954,0.9231668365524242,0.9248008763572907,0.949701216438411,0.9591479170272448,,,,,,,,,,,,
497,yes/no,Does this train work?,yes,http://images.cocodataset.org/train2014/COCO_train2014_000000000071.jpg,2,258,0.9810562285983834,-0.051968950778245926,Yes,2,75.0,0.0031056527148166277,0.9702952604073648,20.0,0.003123623619172205,,,,,,,,,,,,,,,,,,,,,0.9658945311665491,,,,,,,,,,,,,,,,
498,yes/no,Are the giraffes under the trees?,yes,http://images.cocodataset.org/train2014/COCO_train2014_000000000072.jpg,6,253,0.9905349592298518,-0.13091439008712769,Yes,6,16.0,0.0025063297832280244,0.9822177815287605,58.0,0.0026439021357317774,31.0,0.0028952544174367326,21.0,0.0030102139629022873,15.0,0.0029434034724189436,15.0,0.0031811961893543628,,,,,,,,,,,,,0.9768738181339307,0.9490909276052699,0.8907082013105603,0.9018972358711528,0.9709505944546686,,,,,,,,,,,,
499,yes/no,Are there 3 elephants?,yes,http://images.cocodataset.org/train2014/COCO_train2014_000000393228.jpg,7,337,0.9969324642596246,-0.40117257833480835,Yes,7,17.0,0.0022247419366593596,0.9519839065438831,16.0,0.0021676111044192856,6.0,0.0020867014923072187,27.0,0.0022693063785665596,24.0,0.0023081833118209476,26.0,0.0023667494860196074,18.0,0.002314756520236276,,,,,,,,,,,0.9886085007312412,1.0,0.9274506358581652,0.9838824188369656,0.9563658998837449,0.9435794406736079,,,,,,,,,,,
500,yes/no,Are all of the elephants full grown?,no,http://images.cocodataset.org/train2014/COCO_train2014_000000393228.jpg,6,278,0.9987736310317247,-0.040153179317712784,No,6,16.0,0.0019650546046917484,1.0,35.0,0.0019384126442629978,20.0,0.001945097087160946,57.0,0.0019497023091258332,48.0,0.0019356077630190256,56.0,0.0019472479136796244,,,,,,,,,,,,,0.9570413633658709,0.9354752972273344,0.9683710789870477,0.952365715722627,0.9779105937880417,,,,,,,,,,,,
501,yes/no,Are the elephants in the jungle?,yes,http://images.cocodataset.org/train2014/COCO_train2014_000000393228.jpg,2,281,0.9885109266592326,-0.011168568395078182,Yes,2,19.0,0.0036384412934880542,0.8389921403188865,16.0,0.0029381455662598785,,,,,,,,,,,,,,,,,,,,,0.9886085007312413,,,,,,,,,,,,,,,,
502,yes/no,Is the woman eating the pizza?,no,http://images.cocodataset.org/train2014/COCO_train2014_000000393290.jpg,7,262,0.9991437018572619,-0.0803610235452652,No,7,26.0,0.0018624287664956679,0.9982270255729266,39.0,0.001865900854179979,15.0,0.001866261448971434,64.0,0.001872193044520972,29.0,0.0018730501732582556,38.0,0.0018822849775106997,21.0,0.0018637571397181428,,,,,,,,,,,0.9908863864990733,0.9189900464321514,0.9915620425302163,0.9360974401125598,0.9642438195753172,0.9060780454433018,,,,,,,,,,,
503,yes/no,Are there any reflections in this picture?,no,http://images.cocodataset.org/train2014/COCO_train2014_000000393291.jpg,1,318,0.9989597029399407,-0.6593544483184814,No,1,16.0,0.0019138465816468408,0.9248008763572906,,,,,,,,,,,,,,,,,,,,,,,,,,,,,,,,,,,,,,,
504,yes/no,Is the water on?,no,http://images.cocodataset.org/train2014/COCO_train2014_000000393292.jpg,4,269,0.9947283326822182,-0.5205438137054443,Yes,4,132.0,0.0024140983581904044,0.9712827635911023,16.0,0.0024066703838831276,32.0,0.0023906982461364833,26.0,0.002398980189793372,,,,,,,,,,,,,,,,,0.949701216438411,0.954648274616085,0.9595930518283795,,,,,,,,,,,,,,
505,yes/no,Is this photo outdoors?,yes,http://images.cocodataset.org/train2014/COCO_train2014_000000393292.jpg,1,248,0.9840879781101879,-0.02482321858406067,Yes,1,20.0,0.005299950532976322,0.8550976671496154,,,,,,,,,,,,,,,,,,,,,,,,,,,,,,,,,,,,,,,
506,yes/no,Are the clock and owl made in the same artistic fashion?,no,http://images.cocodataset.org/train2014/COCO_train2014_000000000078.jpg,7,239,0.9995881378438188,-0.6443197131156921,Yes,7,102.0,0.0018052784332563826,0.9760633307061275,9.0,0.001789049783904231,18.0,0.0018068456390360431,23.0,0.0018013023779196724,26.0,0.0018003326314348484,16.0,0.0017955322519679693,15.0,0.001808674273475496,,,,,,,,,,,1.0,0.9728825026363701,0.9459180977787195,0.9512228114652609,0.9618974703476992,0.8830374409547587,,,,,,,,,,,
507,yes/no,Is that owl a candle?,yes,http://images.cocodataset.org/train2014/COCO_train2014_000000000078.jpg,12,171,0.987613141817746,-0.28880995512008667,Yes,12,15.0,0.002998139103922838,0.9182958340544896,130.0,0.002820755117885333,15.0,0.002758273028093415,15.0,0.002631990487897297,15.0,0.00260781921487859,16.0,0.0027403323888336548,10.0,0.0026193346454369193,25.0,0.0027172123016706686,48.0,0.0027764043682429085,19.0,0.002866267195123102,15.0,0.0027818485677974874,15.0,0.0027092701378427617,0.9739445216808079,0.9500685975366211,0.9664572819896989,0.982798115178801,0.9965119062478288,0.9372305632161296,0.9435647789643823,0.9855981478789382,0.9649618403823442,0.9654013672997089,0.8983958159908183,,,,,,
508,yes/no,Does this planes tail have 4 colors?,no,http://images.cocodataset.org/train2014/COCO_train2014_000000000081.jpg,9,137,0.9962768847753175,-0.5323801040649414,Yes,9,49.0,0.0021958061020895107,0.9787697358646931,37.0,0.0023489897981842033,60.0,0.0022268120492096284,17.0,0.0022938596348143735,41.0,0.0023541368524526577,27.0,0.002452621857329248,80.0,0.0023199750894442846,37.0,0.002318936201475283,16.0,0.002388441195817863,,,,,,,0.9603978677934606,0.9715532922443326,0.9967828263127351,0.9870224544654488,0.9962464137552289,0.9617066991958115,0.9407427580481617,1.0,,,,,,,,,
509,yes/no,Is this plane landing?,no,http://images.cocodataset.org/train2014/COCO_train2014_000000000081.jpg,14,161,0.9984700900935349,-0.19036851823329926,No,14,19.0,0.0019721061006376787,0.9258628921382102,21.0,0.0019758209153549777,22.0,0.0019602670341808052,31.0,0.0019544392937482047,15.0,0.0019529112294835959,42.0,0.0019582832586596435,15.0,0.001953667162911671,17.0,0.001953227942735113,87.0,0.0019583980078339202,8.0,0.001944874258691712,17.0,0.001962705410864165,15.0,0.0019377091483359116,0.9526841246715825,0.9849226290193991,0.9837918621555541,0.9877812438119247,0.9698147366604286,0.9877812438119246,0.9256134079485958,0.9825762474412679,1.0,0.9878171319090819,0.9613833012053531,68.0,0.001958136336965464,0.9844555855437626,10.0,0.0019486003302681115,1.0
510,yes/no,Is this plane taking off?,no,http://images.cocodataset.org/train2014/COCO_train2014_000000000081.jpg,9,154,0.9889851620572586,-0.4482436180114746,Yes,9,42.0,0.0027817409307053865,0.9612666845425393,56.0,0.0026012474075453825,15.0,0.0027032226709984724,59.0,0.002635533989307552,18.0,0.0027229294180174863,38.0,0.002781708142332666,28.0,0.002901208112512235,73.0,0.002793985160290962,33.0,0.0027124064676882957,,,,,,,0.9661863964686069,0.9189900464321514,0.971837931310584,0.9915323997298832,0.9839330922873069,0.920487281993773,0.967950226815987,0.9381863790401932,,,,,,,,,
511,yes/no,Are these wings strong?,yes,http://images.cocodataset.org/train2014/COCO_train2014_000000000081.jpg,10,168,0.9713171798523831,-0.03296109288930893,Yes,10,38.0,0.0032837118625154717,0.9321292106560065,59.0,0.0032323926561695993,20.0,0.0031549773796824008,51.0,0.003248155141012611,18.0,0.0033751328936008217,39.0,0.0033788850407501124,28.0,0.003559597416429436,84.0,0.0034230239099700696,38.0,0.0033069685264549512,18.0,0.003622466027322966,,,,,0.9799216899921069,0.9794359242226801,0.9607826013726944,0.9342064019134055,0.9803292693891239,0.920487281993773,0.9654852352385546,0.9431818471388935,1.0,,,,,,,,
512,yes/no,Is that a bicycle?,yes,http://images.cocodataset.org/train2014/COCO_train2014_000000000086.jpg,1,237,0.9848185911494851,-0.05873183161020279,Yes,1,26.0,0.004081932402677843,0.939644141774554,,,,,,,,,,,,,,,,,,,,,,,,,,,,,,,,,,,,,,,
513,yes/no,Is this a cow farm?,yes,http://images.cocodataset.org/train2014/COCO_train2014_000000524375.jpg,10,275,0.9978211408880836,-0.03129872679710388,No,10,17.0,0.0020073629911062786,0.9967828263127351,19.0,0.002017380774689009,16.0,0.0020035113996182048,35.0,0.0020178366314448112,64.0,0.002015623423093886,41.0,0.0020332562305661874,23.0,0.002021374190750092,11.0,0.0020167462183968386,8.0,0.0020011832888134746,9.0,0.001990947544077713,,,,,0.9975194757207203,0.9056390622295665,0.9721862409248934,0.9781587184862621,0.9519548975925021,0.9185103271193574,0.8453509366224364,0.8112781244591328,0.9910760598382222,,,,,,,,
514,yes/no,Is this a prairie?,yes,http://images.cocodataset.org/train2014/COCO_train2014_000000524375.jpg,5,317,0.9992593542485104,-0.5197040438652039,Yes,5,16.0,0.0018800416625260217,0.9320201587042914,20.0,0.0018548637423318494,20.0,0.0018639372198819668,34.0,0.0018673737200327453,18.0,0.0018811886521418232,,,,,,,,,,,,,,,0.9596390821693784,0.9927376486136672,0.9737207560026397,0.9758159039662214,,,,,,,,,,,,,
515,yes/no,Is there a village in the background?,no,http://images.cocodataset.org/train2014/COCO_train2014_000000524375.jpg,8,278,0.9968263000156259,-0.08211715519428253,No,8,19.0,0.0021138557426843988,0.9975194757207203,17.0,0.002084123959148121,46.0,0.0021030826265579614,18.0,0.002082068463285515,67.0,0.002131062077617326,56.0,0.0021069794156082454,7.0,0.0020717333842139906,12.0,0.0021140736660938257,,,,,,,,,0.9771236998460402,0.983405539489973,0.9874687506009635,0.962605210274678,0.9744245154921253,0.863120568566631,0.9798687566511528,,,,,,,,,,
516,yes/no,Would you be able to find a mosque in this city?,yes,http://images.cocodataset.org/train2014/COCO_train2014_000000131160.jpg,6,253,0.9874150406542651,-0.0065500205382704735,Yes,6,44.0,0.0028339755869008264,0.965208643899275,51.0,0.0029019565567200106,16.0,0.002743669665317186,25.0,0.0026811830765649147,16.0,0.0028340155162239716,10.0,0.0026228698222019995,,,,,,,,,,,,,0.9482982089192903,0.9414280318460244,0.9612922645609548,0.9056390622295665,0.9602297178607612,,,,,,,,,,,,
517,yes/no,Is there ketchup?,no,http://images.cocodataset.org/train2014/COCO_train2014_000000524377.jpg,2,276,0.998713049086832,-0.17368507385253906,No,2,17.0,0.001907524886426471,0.9967828263127351,116.0,0.0019052844508946388,,,,,,,,,,,,,,,,,,,,,0.9829083630332767,,,,,,,,,,,,,,,,
518,yes/no,Is the hotdog well seasoned?,yes,http://images.cocodataset.org/train2014/COCO_train2014_000000524377.jpg,7,238,0.9900547191050582,-0.1033540740609169,Yes,7,16.0,0.0027319183863910353,0.9965119062478288,34.0,0.0027096347499506648,39.0,0.0027337066660496896,69.0,0.0026437419754949333,34.0,0.002697426639444316,16.0,0.00267675960976399,15.0,0.0028155318174121913,,,,,,,,,,,0.9615674864012789,0.9507909578722524,0.9845992240411465,0.9591991048308263,0.9414280318460245,0.9500685975366211,,,,,,,,,,,
519,yes/no,Is this a healthy meal?,no,http://images.cocodataset.org/train2014/COCO_train2014_000000524377.jpg,2,224,0.9990415208349349,-0.015655234456062317,No,2,16.0,0.001844058711759942,1.0,205.0,0.001873074933486903,,,,,,,,,,,,,,,,,,,,,0.9696772189459759,,,,,,,,,,,,,,,,
520,yes/no,Is there a spoon in this photo?,no,http://images.cocodataset.org/train2014/COCO_train2014_000000524377.jpg,3,299,0.9987013110398358,-0.023823648691177368,No,3,17.0,0.0019194933335052945,0.9967828263127351,32.0,0.0019134822436365228,56.0,0.0019031224558841338,,,,,,,,,,,,,,,,,,,0.9421875296505972,0.9830488076388882,,,,,,,,,,,,,,,
521,yes/no,Is this breakfast?,no,http://images.cocodataset.org/train2014/COCO_train2014_000000524377.jpg,8,231,0.9989520515663538,-0.005774389021098614,No,8,22.0,0.0018685453737728982,0.9849226290193991,25.0,0.0018797431343744652,19.0,0.0018705731059481586,18.0,0.0018736288205314347,17.0,0.001883237014878729,9.0,0.0018628108806741106,115.0,0.0018845550077268996,32.0,0.001876954432097411,,,,,,,,,0.9697352853986261,0.9237100600260872,0.9915323997298832,0.8702290979524684,0.9910760598382222,0.9770489897577911,0.9850011108227404,,,,,,,,,,
522,yes/no,Is there a drink in this picture?,no,http://images.cocodataset.org/train2014/COCO_train2014_000000524377.jpg,2,282,0.9983181783570335,-0.20630723237991333,No,2,61.0,0.0019523441822809021,0.9622137391809078,71.0,0.0019519311459208042,,,,,,,,,,,,,,,,,,,,,0.9745099978066738,,,,,,,,,,,,,,,,
523,yes/no,Do these hot dogs look like they taste good?,yes,http://images.cocodataset.org/train2014/COCO_train2014_000000524377.jpg,5,263,0.9948674664760697,-0.06277456879615784,Yes,5,17.0,0.0024393533930024726,0.9519839065438831,31.0,0.00246930437307702,37.0,0.0024792601724123687,80.0,0.0024501683470207676,33.0,0.00258093633241698,,,,,,,,,,,,,,,0.9484823359339594,0.9748147485070886,0.987153254766587,0.9612797272384751,,,,,,,,,,,,,
524,yes/no,Are those tomatoes on the sandwich?,no,http://images.cocodataset.org/train2014/COCO_train2014_000000524377.jpg,5,265,0.9818488325529989,-0.30796292424201965,Yes,5,15.0,0.003106292293135796,0.9664572819896988,6.0,0.0028000596897046503,31.0,0.0032233733225275245,17.0,0.003219718471229443,19.0,0.0046027189799953145,,,,,,,,,,,,,,,1.0,0.9687757222218183,0.9429842044464148,0.9980008838722996,,,,,,,,,,,,,
525,yes/no,Are the fries plain?,no,http://images.cocodataset.org/train2014/COCO_train2014_000000524377.jpg,2,255,0.9985485237275828,-0.5932632088661194,No,2,15.0,0.0019363293125432294,0.9543063494363562,131.0,0.0019566323762709773,,,,,,,,,,,,,,,,,,,,,0.9694229326077763,,,,,,,,,,,,,,,,
526,yes/no,Does this breakfast dish primarily carbohydrates?,yes,http://images.cocodataset.org/train2014/COCO_train2014_000000524377.jpg,1,280,0.9904322210386083,-0.40336647629737854,Yes,1,15.0,0.004741273090178858,0.9182958340544896,,,,,,,,,,,,,,,,,,,,,,,,,,,,,,,,,,,,,,,
527,yes/no,Has someone started eating?,no,http://images.cocodataset.org/train2014/COCO_train2014_000000524377.jpg,4,242,0.9990440091193793,-0.3777289092540741,No,4,18.0,0.0018618164236137347,0.9853962684364186,16.0,0.0018823282067247555,16.0,0.0018653135426395747,97.0,0.0018933084151075748,,,,,,,,,,,,,,,,,0.9965119062478288,0.9886085007312413,0.9751227457552706,,,,,,,,,,,,,,
528,yes/no,Would this be good for dessert?,no,http://images.cocodataset.org/train2014/COCO_train2014_000000524377.jpg,6,207,0.9990052550863596,-0.009175063110888004,No,6,17.0,0.0018581988050169029,0.9664022887695614,21.0,0.0018604116401479964,17.0,0.001856362060713817,15.0,0.0018610686078627439,187.0,0.0018832718039302721,16.0,0.001873414123122448,,,,,,,,,,,,,0.9529073308031801,0.9771236998460401,0.9877812438119247,0.9788602353934941,0.8957541375001011,,,,,,,,,,,,
529,yes/no,Is there a butter plate on the table?,yes,http://images.cocodataset.org/train2014/COCO_train2014_000000524377.jpg,5,264,0.9990816536127706,-0.5385855436325073,No,5,22.0,0.0018960707636569616,0.9562266726976326,17.0,0.0018807533215327776,15.0,0.0018921692944940277,15.0,0.00187737164661239,74.0,0.001899644824155745,,,,,,,,,,,,,,,0.9429842044464148,1.0,0.982798115178801,0.9842851871854317,,,,,,,,,,,,,
530,yes/no,Does this have lettuce?,no,http://images.cocodataset.org/train2014/COCO_train2014_000000524377.jpg,3,257,0.9986898905244996,-0.16585643589496613,No,3,15.0,0.0019110876770859536,0.9877812438119247,34.0,0.0019179274300305767,76.0,0.0019041291002876843,,,,,,,,,,,,,,,,,,,0.9560073106607363,0.977287949723956,,,,,,,,,,,,,,,
531,yes/no,Does the food look good?,yes,http://images.cocodataset.org/train2014/COCO_train2014_000000524377.jpg,9,253,0.9968554545510717,-0.07262074202299118,Yes,9,26.0,0.002324078361554735,0.9790089185165758,43.0,0.002300305807495036,15.0,0.002241147427661879,45.0,0.0022943666711206625,101.0,0.0022891469062723603,44.0,0.0022943131845963357,17.0,0.0022025787883413815,18.0,0.0022880054163852614,17.0,0.0023106725736198657,,,,,,,0.937408964792885,0.9500685975366211,0.930641358439635,0.9863830406007901,0.9266077715803547,0.9771236998460401,0.9728825026363701,0.9360847109776411,,,,,,,,,
532,yes/no,Is this meat?,yes,http://images.cocodataset.org/train2014/COCO_train2014_000000524377.jpg,2,250,0.9852313213429366,-0.40938761830329895,Yes,2,15.0,0.003029295884222795,0.9859247724121322,15.0,0.005634776072771111,,,,,,,,,,,,,,,,,,,,,0.9182958340544896,,,,,,,,,,,,,,,,
533,yes/no,Would this typically be eaten for breakfast?,no,http://images.cocodataset.org/train2014/COCO_train2014_000000524377.jpg,7,206,0.9990169532870805,-0.010693179443478584,No,7,15.0,0.0018512774401311266,0.9543063494363562,16.0,0.0018433615223030987,16.0,0.0018593908886807978,15.0,0.001850545623804462,75.0,0.0018853247849630805,56.0,0.0018791613105123028,45.0,0.0018806691835739325,,,,,,,,,,,0.9690222556651344,0.985056822321508,0.9446232142545791,0.9797860270422156,0.9522029368142603,0.9435847163780166,,,,,,,,,,,
534,yes/no,Is that bacon from a delicatessen?,yes,http://images.cocodataset.org/train2014/COCO_train2014_000000524377.jpg,5,294,0.9987536623876484,-0.15357866883277893,No,5,18.0,0.001913208934683762,0.9915323997298832,15.0,0.0019023737426943062,23.0,0.0019028873636045514,22.0,0.0018867508242787457,15.0,0.0019048976595095234,,,,,,,,,,,,,,,1.0,0.9443479439410531,0.9888167467420675,0.9877812438119246,,,,,,,,,,,,,
535,yes/no,Is the man wearing formal clothes?,no,http://images.cocodataset.org/train2014/COCO_train2014_000000393306.jpg,4,238,0.9991145567272691,-0.0023602063301950693,No,4,15.0,0.0019058978554507978,0.9018972358711528,33.0,0.0019005476437415853,23.0,0.001878034737213641,31.0,0.0018887035910006896,,,,,,,,,,,,,,,,,0.9355205505743905,0.9877356204545923,0.9926303449158695,,,,,,,,,,,,,,
536,yes/no,Is there a deodorant on the sink?,no,http://images.cocodataset.org/train2014/COCO_train2014_000000262159.jpg,3,273,0.9978786741546625,-0.4569731056690216,No,3,57.0,0.0020691668831837244,0.9621784546615756,18.0,0.002036794304506965,15.0,0.002026877251354794,,,,,,,,,,,,,,,,,,,0.9455305560363263,0.9877812438119246,,,,,,,,,,,,,,,
537,yes/no,Is there a full roll of toilet paper in the bathroom?,yes,http://images.cocodataset.org/train2014/COCO_train2014_000000262159.jpg,9,250,0.9950942495936801,-0.6736708283424377,Yes,9,43.0,0.0025249972673103437,0.9256533286181131,16.0,0.0023666432369190494,31.0,0.0025303487607940497,49.0,0.0025097953854584737,49.0,0.0023864085497330135,19.0,0.00238106228699587,29.0,0.002338776835388987,29.0,0.002295212859837815,17.0,0.002373706536778127,,,,,,,0.9755307720176265,0.9808375750239486,0.9689452559396311,0.9794029687674425,0.9355095604394199,0.9785463292474802,0.9752400711419363,0.9770358764490155,,,,,,,,,
538,yes/no,Would someone be able to watch you change from the outside?,yes,http://images.cocodataset.org/train2014/COCO_train2014_000000262159.jpg,3,200,0.9973778159523515,-0.5274394750595093,No,3,131.0,0.002038640031370448,0.9626329585244314,10.0,0.0020412046615364736,13.0,0.00201372946805514,,,,,,,,,,,,,,,,,,,0.8812908992306927,0.99473723787795,,,,,,,,,,,,,,,
539,yes/no,Does the shower have a glass door?,no,http://images.cocodataset.org/train2014/COCO_train2014_000000262159.jpg,1,268,0.9963553776746996,-0.22765585780143738,No,1,49.0,0.002129838886666645,0.938985365106978,,,,,,,,,,,,,,,,,,,,,,,,,,,,,,,,,,,,,,,
540,yes/no,Is the towel rack silver?,no,http://images.cocodataset.org/train2014/COCO_train2014_000000262159.jpg,8,315,0.9944123015715388,-0.5181035995483398,No,8,16.0,0.002384451202639576,0.8957541375001011,26.0,0.0023619577088305342,50.0,0.0023765410180656213,15.0,0.0023178122404704992,16.0,0.002306308489175116,17.0,0.00240624641905713,20.0,0.002332579850420992,23.0,0.002436569512795949,,,,,,,,,0.9697500292498814,0.9666980287052025,1.0,0.9528195311147832,0.8726389366057715,0.9794359242226801,0.9876197168461964,,,,,,,,,,
541,yes/no,Is there a shower curtain?,yes,http://images.cocodataset.org/train2014/COCO_train2014_000000262159.jpg,2,235,0.9966615969289727,-0.05605776235461235,No,2,75.0,0.002096513964236534,0.9521514448993998,9.0,0.0020876455278735742,,,,,,,,,,,,,,,,,,,,,0.7642045065086203,,,,,,,,,,,,,,,,
542,yes/no,Is the toilet lid down?,yes,http://images.cocodataset.org/train2014/COCO_train2014_000000262159.jpg,10,209,0.999464133504096,-0.5905269980430603,Yes,10,28.0,0.0018425061020022001,0.9963070340085628,21.0,0.0018328911791983373,69.0,0.0018467372826659785,59.0,0.001832408184466646,19.0,0.001829927933610259,22.0,0.001821484966576817,43.0,0.0018247495593917806,16.0,0.0018192108782010886,17.0,0.001833238545041143,15.0,0.0018265330232920729,,,,,0.9566859396996199,0.9516198419103725,0.9763935377812736,0.9355095604394199,0.9762393112841812,0.957926214066497,0.9886085007312413,0.9770358764490155,0.8616157143988104,,,,,,,,
543,yes/no,Does this cake look like it chocolate?,yes,http://images.cocodataset.org/train2014/COCO_train2014_000000000092.jpg,4,268,0.9849712792436254,-0.11586587876081467,Yes,4,40.0,0.0031084867497481574,0.9900674150955898,7.0,0.0026179074021020128,16.0,0.0029828579546979732,20.0,0.00411677232463833,,,,,,,,,,,,,,,,,0.9821410328348752,0.9822177815287605,0.9713107216099232,,,,,,,,,,,,,,
544,yes/no,Is this a small town?,yes,http://images.cocodataset.org/train2014/COCO_train2014_000000000094.jpg,7,258,0.9986878064633625,-0.6340899467468262,No,7,29.0,0.0019016618701217286,0.9742418047665328,17.0,0.0019303084429427876,18.0,0.0018974095968359935,56.0,0.0018985275178557495,37.0,0.0019007423420675101,15.0,0.0018901195096355696,15.0,0.0018999935274626165,,,,,,,,,,,0.9774178175281716,0.977342973473178,0.9628096915070314,0.9751917212995788,0.9949490477321437,1.0,,,,,,,,,,,
545,yes/no,Will these planes be used to transport people?,no,http://images.cocodataset.org/train2014/COCO_train2014_000000393311.jpg,4,265,0.9897866043329095,-0.4510928988456726,Yes,4,29.0,0.002823102268293872,0.9724749319660266,15.0,0.003948230456925369,2.0,0.0023579653815378565,22.0,0.0030285215406157177,,,,,,,,,,,,,,,,,0.7835807040488099,0.0,0.968678472757837,,,,,,,,,,,,,,
546,yes/no,Is the room carpeted?,yes,http://images.cocodataset.org/train2014/COCO_train2014_000000524386.jpg,5,237,0.9957089130896482,-0.48521655797958374,Yes,5,15.0,0.0023424582181702054,0.8983958159908182,16.0,0.0023089683244654434,16.0,0.0022490885541584624,99.0,0.0024468610730173164,20.0,0.0024882402807689997,,,,,,,,,,,,,,,0.9886085007312413,0.9415787376332126,0.9561478635484925,0.8911143594569008,,,,,,,,,,,,,
547,yes/no,Is there a fireplace?,no,http://images.cocodataset.org/train2014/COCO_train2014_000000524386.jpg,2,243,0.9988644342629917,-0.014273460023105145,No,2,117.0,0.0019179887166646968,0.9811650442369328,24.0,0.0019316162184590654,,,,,,,,,,,,,,,,,,,,,0.9054129626675887,,,,,,,,,,,,,,,,
548,yes/no,Are stains on the floor?,no,http://images.cocodataset.org/train2014/COCO_train2014_000000524386.jpg,4,236,0.9989239161828948,-0.1490449160337448,No,4,24.0,0.001889741532060274,0.9820156765792629,15.0,0.001905384135616551,138.0,0.001914954648529312,24.0,0.0019188737595754544,,,,,,,,,,,,,,,,,0.9877812438119247,0.9750635774339308,0.9142099799100062,,,,,,,,,,,,,,
549,yes/no,Are these boys at home?,no,http://images.cocodataset.org/train2014/COCO_train2014_000000524386.jpg,5,198,0.9981483557131062,-0.5446707010269165,Yes,5,74.0,0.0020721841110851137,0.9748361856903107,133.0,0.002091956723280729,47.0,0.00207455738440374,33.0,0.00207762303634198,16.0,0.0020958905218095877,,,,,,,,,,,,,,,0.9742358531060596,0.9533855446292807,0.9914532257976719,0.9320201587042914,,,,,,,,,,,,,
550,yes/no,Is this a 60's motif?,no,http://images.cocodataset.org/train2014/COCO_train2014_000000524386.jpg,3,247,0.9988739486385576,-0.15972846746444702,No,3,23.0,0.0018912883848762369,0.9877356204545923,130.0,0.001913426324921309,24.0,0.0019192447450148498,,,,,,,,,,,,,,,,,,,0.9743421396371211,0.8848616689990428,,,,,,,,,,,,,,,
551,yes/no,Is the light green?,yes,http://images.cocodataset.org/train2014/COCO_train2014_000000393317.jpg,5,231,0.9949714715415681,-0.1415034383535385,Yes,5,22.0,0.0027688562268826256,0.9061060148293874,34.0,0.002384886974661176,34.0,0.002444501518668204,17.0,0.0025166412289881882,22.0,0.002484452529020464,,,,,,,,,,,,,,,0.9657286746972259,0.9759303695980228,0.925613407948596,0.9666425652015441,,,,,,,,,,,,,
552,yes/no,Is it raining?,no,http://images.cocodataset.org/train2014/COCO_train2014_000000393317.jpg,8,261,0.9913031309207566,-0.30306097865104675,Yes,8,26.0,0.0028979142856963083,0.9437693223442527,15.0,0.0024820083558044835,15.0,0.002550214379975509,80.0,0.0026615503626327814,23.0,0.0025949342736049778,19.0,0.0026774166399148387,17.0,0.002860908112544034,15.0,0.002931935113180663,,,,,,,,,0.9613833012053531,0.982798115178801,0.9801486221117718,0.9909775756786534,0.94841021822029,0.8846148739279865,0.9967916319816366,,,,,,,,,,
553,yes/no,Is this woman crossing a street?,yes,http://images.cocodataset.org/train2014/COCO_train2014_000000393317.jpg,6,261,0.9917799526828593,-0.15174612402915955,Yes,6,24.0,0.002908990830058022,0.9363649184897272,77.0,0.0026228940573627918,26.0,0.002607504665418666,19.0,0.0026799484711959205,15.0,0.002777064878688876,15.0,0.0027929860490194863,,,,,,,,,,,,,0.9879832820563006,0.9870271094132723,0.94841021822029,0.9018972358711528,0.9018972358711528,,,,,,,,,,,,
554,yes/no,Is this in the United States?,yes,http://images.cocodataset.org/train2014/COCO_train2014_000000393317.jpg,10,274,0.9979286914348893,-0.4103735685348511,No,10,22.0,0.0020422231459163854,0.9598452870248482,15.0,0.00203680256695389,19.0,0.002046949493248037,24.0,0.002038506906085539,21.0,0.0020367979579363955,19.0,0.002034506693447928,23.0,0.0020609584453609034,21.0,0.0020556849657251274,118.0,0.0020546905970896595,56.0,0.002049081994878297,,,,,0.9018972358711528,0.9894975386227151,0.9360898016760626,0.969354248643417,0.9495113755878273,0.9982526816976661,0.9937866610055328,0.9829051593454594,0.9907674797645538,,,,,,,,
555,yes/no,Is there anyone in the cockpit?,yes,http://images.cocodataset.org/train2014/COCO_train2014_000000131174.jpg,5,352,0.9868209259641235,-0.3364078104496002,Yes,5,18.0,0.0027350757861528646,0.9375433175393748,18.0,0.002833666492171762,6.0,0.0026202384302909175,19.0,0.0027171276410053835,19.0,0.0030078419908926117,,,,,,,,,,,,,,,0.8866828800015338,0.9182958340544896,0.9427556840016249,0.8699773237111814,,,,,,,,,,,,,
556,yes/no,Is the bus stopped?,yes,http://images.cocodataset.org/train2014/COCO_train2014_000000546151.jpg,7,220,0.993344929428366,-0.2922331690788269,Yes,7,20.0,0.0025460085670604483,0.9074899102582407,49.0,0.002428505124351897,20.0,0.0024677081566596643,23.0,0.002432667473335713,17.0,0.0024396611460857226,40.0,0.0024398500736449477,33.0,0.0024388094246452106,,,,,,,,,,,0.9643969106182592,0.9927376486136672,0.9423383283068838,0.9856676426534905,0.980100197992242,0.9742322576548026,,,,,,,,,,,
557,yes/no,Is this an ocean area?,yes,http://images.cocodataset.org/train2014/COCO_train2014_000000000109.jpg,7,243,0.9926103077633228,-0.18180815875530243,No,7,29.0,0.0024212098977369682,0.9951756793098177,52.0,0.0023165639692051985,24.0,0.0023693447977035306,24.0,0.0023009894997474078,112.0,0.0023525569409433423,34.0,0.0023845221537137262,25.0,0.002350543281475066,,,,,,,,,,,0.9804404109252496,0.9353389174565615,0.9747397737976484,0.9838291039684796,0.9394521154703411,0.9366290352325787,,,,,,,,,,,
558,yes/no,Is the ground near the waterfront squishy?,no,http://images.cocodataset.org/train2014/COCO_train2014_000000000109.jpg,11,171,0.9991427249161176,-0.4471599757671356,Yes,11,62.0,0.001923086002161731,0.960361468166,33.0,0.0019111528097365057,27.0,0.0019168866430683857,31.0,0.0019314118237945463,48.0,0.0018999634310275986,12.0,0.0018965864505041668,44.0,0.001899023263082377,15.0,0.0018971312222757417,48.0,0.001902899522710698,24.0,0.0019204746439610626,15.0,0.0019366765869013832,,,0.991453225797672,0.9424118296239254,0.9489186665744396,0.9719272010795447,0.9463946303571862,0.9702637247962635,0.9161314485121343,0.9873344675116269,0.9795739585136223,0.9967916319816366,,,,,,,
559,yes/no,Is the water calm?,yes,http://images.cocodataset.org/train2014/COCO_train2014_000000000109.jpg,7,309,0.9824836115831818,-0.21743077039718628,Yes,7,17.0,0.002960038771521513,0.9856676426534905,6.0,0.0028076398767897734,52.0,0.003126711762945419,15.0,0.00304467008612306,22.0,0.0030878654887705123,23.0,0.0032892088223422976,23.0,0.0030711710872305285,,,,,,,,,,,1.0,0.9426974395125627,0.9877812438119247,0.9538197181912221,0.9321883810995898,0.9581834297016358,,,,,,,,,,,
560,yes/no,Is this a cheese pizza?,yes,http://images.cocodataset.org/train2014/COCO_train2014_000000000110.jpg,2,302,0.9964300576887835,-0.5653176307678223,Yes,2,164.0,0.0022469562154345942,0.9752780161155098,15.0,0.0022235770791685,,,,,,,,,,,,,,,,,,,,,0.9602297178607612,,,,,,,,,,,,,,,,
561,yes/no,Is there more than one vase on the table?,yes,http://images.cocodataset.org/train2014/COCO_train2014_000000305853.jpg,4,219,0.9942665564048376,-0.20663601160049438,Yes,4,16.0,0.0023872605777981635,0.9886085007312413,7.0,0.0022163791094820464,121.0,0.0025099731434030416,21.0,0.0027392299030796633,,,,,,,,,,,,,,,,,0.9821410328348752,0.9768823214229252,0.842092868454217,,,,,,,,,,,,,,
562,yes/no,Is there a cake here?,yes,http://images.cocodataset.org/train2014/COCO_train2014_000000000113.jpg,4,268,0.9884380889706694,-0.03879441320896149,Yes,4,16.0,0.002597059422651145,0.9724056781360315,15.0,0.0028822730385347586,24.0,0.003072630491857563,24.0,0.0028959961314642068,,,,,,,,,,,,,,,,,0.9147366491799204,0.9207513821718256,0.9306282244165778,,,,,,,,,,,,,,
563,yes/no,Are there any pens on the table?,no,http://images.cocodataset.org/train2014/COCO_train2014_000000000113.jpg,8,260,0.9986734158770549,-0.21041738986968994,No,8,71.0,0.0019555594973324603,0.9753073258454766,34.0,0.0019371596896385146,19.0,0.0019398279274203338,23.0,0.0019470670148418266,19.0,0.0019383070758335385,17.0,0.0019347077045900423,19.0,0.00193047517316003,8.0,0.0019296470601952852,,,,,,,,,0.9675790359315455,0.94841021822029,0.9863237070924825,0.9892422967543257,0.9605278493513334,0.9732425514710831,0.954434002924965,,,,,,,,,,
564,yes/no,Is this image tilted?,yes,http://images.cocodataset.org/train2014/COCO_train2014_000000262260.jpg,7,127,0.9932880785119418,-0.34131404757499695,Yes,7,19.0,0.0026162464221636326,0.9894975386227151,162.0,0.00253350611138415,18.0,0.002426376509387347,27.0,0.002492256585906513,2.0,0.0021817979974919,82.0,0.002578087650400277,77.0,0.002586189414481658,,,,,,,,,,,0.9762712977457643,0.9874687506009636,0.9620695358579971,0.0,0.9753066778585401,0.9898187549287448,,,,,,,,,,,
565,yes/no,Does this image contain a pie pan?,yes,http://images.cocodataset.org/train2014/COCO_train2014_000000262261.jpg,4,248,0.9977511010044028,-0.4558752775192261,Yes,4,87.0,0.002110824781609937,0.9766616720858048,13.0,0.0020873594365133485,10.0,0.002074653718652497,16.0,0.002173356300243163,,,,,,,,,,,,,,,,,0.9610115714257865,0.9372305632161296,0.9965119062478288,,,,,,,,,,,,,,
566,yes/no,Is this a large house?,yes,http://images.cocodataset.org/train2014/COCO_train2014_000000131190.jpg,8,258,0.9943451500444604,-0.5182002782821655,Yes,8,20.0,0.0025694254425033996,0.9713107216099232,31.0,0.002451150849140096,37.0,0.0024425309914492726,16.0,0.0025581955561921345,15.0,0.0024151624224374875,25.0,0.0025374749654764658,52.0,0.0025595220976139224,19.0,0.0024160719429007515,,,,,,,,,0.9689780076791364,0.9600807663142983,0.886859507142915,0.9877812438119246,0.9697352853986261,0.9481765153553445,0.9720048748581784,,,,,,,,,,
567,yes/no,Is there a fountain in front of the building?,no,http://images.cocodataset.org/train2014/COCO_train2014_000000131190.jpg,7,275,0.9965421010742663,-0.03671414405107498,No,7,45.0,0.0020650899156811225,0.9716115980718953,16.0,0.0020988260037173977,8.0,0.0020634969899973607,35.0,0.0020616241248622874,15.0,0.0020415731530652064,15.0,0.0020477465969847967,16.0,0.002036232235010244,,,,,,,,,,,0.8620485698650454,0.8112781244591328,0.9741867829828257,0.9664572819896988,0.944623214254579,0.9822177815287605,,,,,,,,,,,
568,yes/no,Is the sun shining?,yes,http://images.cocodataset.org/train2014/COCO_train2014_000000131190.jpg,12,209,0.9861620099946067,-0.0786881297826767,Yes,12,21.0,0.00287601856516085,0.9849500113113598,34.0,0.002828944278351685,38.0,0.002871115006971508,20.0,0.0028389850642791996,17.0,0.0030945574135487312,10.0,0.002819926102369567,32.0,0.0028608990734620985,17.0,0.0029308940405814335,22.0,0.003059362636030787,15.0,0.0029334575749524893,38.0,0.0029624275949667917,17.0,0.002783669126423745,0.9672966845576296,0.9652383116280885,0.9630603734213403,0.8702290979524684,1.0,0.9527832962413031,0.9878171319090819,0.9115339911368304,0.9018972358711528,0.9567256265305124,0.950753201250753,,,,,,
569,yes/no,Is this a church?,yes,http://images.cocodataset.org/train2014/COCO_train2014_000000131190.jpg,5,311,0.9963764588300352,-0.14273701608181,No,5,45.0,0.0020801813073981416,0.9699955692457582,17.0,0.0021172680718476444,9.0,0.002087504958119628,40.0,0.0020764290403088087,25.0,0.0020557750278159736,,,,,,,,,,,,,,,0.8702290979524684,0.7642045065086203,0.9668718408339263,0.9706252067822185,,,,,,,,,,,,,
570,yes/no,Are there clouds visible?,no,http://images.cocodataset.org/train2014/COCO_train2014_000000131190.jpg,3,328,0.9954635369145981,-0.12067177891731262,No,3,37.0,0.002129372427178797,0.9807158478949588,75.0,0.0021425351993952747,28.0,0.0021052948989140783,,,,,,,,,,,,,,,,,,,0.9793545253063857,0.9645491534778454,,,,,,,,,,,,,,,
571,yes/no,Is this a sunny day?,yes,http://images.cocodataset.org/train2014/COCO_train2014_000000131190.jpg,10,239,0.9852699277035486,-0.014039319939911366,Yes,10,27.0,0.0028748379801599544,0.9771978857434377,30.0,0.00290345571931668,43.0,0.002888727909937474,17.0,0.0027919778518141047,33.0,0.0029434937092055594,27.0,0.002920026564139103,17.0,0.002896947509105362,21.0,0.0030095368003545636,35.0,0.0029904695897172394,15.0,0.0027040577187757444,,,,,0.9546166331603012,0.9530429165426381,0.9519839065438831,0.9514794962301661,0.951110498267026,0.9878171319090819,0.8924709137188214,0.9534984920651731,0.9609640474436811,,,,,,,,
572,yes/no,Are the hedges well-groomed?,no,http://images.cocodataset.org/train2014/COCO_train2014_000000131190.jpg,4,298,0.984839596509324,-0.19377848505973816,Yes,4,16.0,0.002834444884110256,0.9681390622295665,29.0,0.0029537333073303236,16.0,0.002947251862461566,78.0,0.0030781869622728145,,,,,,,,,,,,,,,,,0.9600464684307717,0.9965119062478288,0.9597036362508159,,,,,,,,,,,,,,
573,yes/no,Does the building in the back have an elevator?,no,http://images.cocodataset.org/train2014/COCO_train2014_000000131190.jpg,6,279,0.9981672815248478,-0.036460597068071365,No,6,16.0,0.0019605482729670395,0.8950145145731531,39.0,0.0019507447068040063,15.0,0.0019365610446078923,26.0,0.0019620693198617862,17.0,0.0019469888098287947,25.0,0.0019325216744999914,,,,,,,,,,,,,0.9742882140872654,0.9543063494363562,0.938007311034084,0.925613407948596,0.9706252067822185,,,,,,,,,,,,
574,yes/no,Do you a phone booth?,no,http://images.cocodataset.org/train2014/COCO_train2014_000000131190.jpg,6,304,0.9979140560263032,-0.038387712091207504,No,6,16.0,0.0019801549256366615,0.886859507142915,18.0,0.00197231983313108,38.0,0.0019751985892669365,13.0,0.0019705787008976045,27.0,0.0019816070306207818,23.0,0.0019567328664746265,,,,,,,,,,,,,0.9081700569267038,0.9496730703051294,0.9214632400757701,0.9394813386904579,0.9656642397714295,,,,,,,,,,,,
575,yes/no,Are the buildings tall?,yes,http://images.cocodataset.org/train2014/COCO_train2014_000000131190.jpg,7,279,0.9968707474834212,-0.4807603657245636,No,7,17.0,0.0021653264836153214,0.9127332405984697,26.0,0.002101349345070592,30.0,0.0021265932188310123,80.0,0.0021606606884938314,22.0,0.002107250042520319,16.0,0.0021393485821061898,18.0,0.0021575737748319637,,,,,,,,,,,0.9663926492715591,0.9274819905469711,0.9864761369628947,0.9723293370171536,0.949701216438411,0.9728825026363701,,,,,,,,,,,
576,yes/no,Is the clock between two arches?,no,http://images.cocodataset.org/train2014/COCO_train2014_000000131190.jpg,3,256,0.99283427344067,-0.4807526469230652,Yes,3,21.0,0.002834570999294022,0.925179736803574,26.0,0.0027248977967949148,25.0,0.002687472060790973,,,,,,,,,,,,,,,,,,,0.974334186673632,0.9664861639676334,,,,,,,,,,,,,,,
577,yes/no,Are there any entrance gates at the bottom of the tower?,no,http://images.cocodataset.org/train2014/COCO_train2014_000000131190.jpg,3,295,0.9921147641926552,-0.5261529684066772,Yes,3,16.0,0.0025695053499282697,0.9681390622295665,21.0,0.002673222696410845,83.0,0.0027358155248410863,,,,,,,,,,,,,,,,,,,0.978033486181519,0.9575568010576936,,,,,,,,,,,,,,,
578,yes/no,Is the building a high rise?,no,http://images.cocodataset.org/train2014/COCO_train2014_000000131190.jpg,5,289,0.9961159581260897,-0.02073598839342594,No,5,57.0,0.0020963645382465054,0.97104783131079,17.0,0.002136441072900336,40.0,0.0021014687220490954,27.0,0.0020704960495350395,21.0,0.002077834105261791,,,,,,,,,,,,,,,0.8702290979524684,0.9737091577790623,0.9768423538049819,0.9663407895758984,,,,,,,,,,,,,
579,yes/no,Is part of this tower made of wood?,yes,http://images.cocodataset.org/train2014/COCO_train2014_000000131190.jpg,3,240,0.9877483367750293,-0.24515484273433685,Yes,3,20.0,0.002935307572258299,0.9008047485295138,171.0,0.002848032053303889,15.0,0.0028714836196779884,,,,,,,,,,,,,,,,,,,0.97800906822318,0.9189900464321514,,,,,,,,,,,,,,,
580,yes/no,Can the tree tell time?,no,http://images.cocodataset.org/train2014/COCO_train2014_000000131190.jpg,4,322,0.9980365704225347,-0.05056263133883476,No,4,15.0,0.001973455067132977,0.9018972358711528,39.0,0.001967213178505737,26.0,0.0019774889070108886,16.0,0.0019553846467040338,,,,,,,,,,,,,,,,,0.9742882140872654,0.9238487699532499,0.9414280318460245,,,,,,,,,,,,,,
581,yes/no,Is the emblem a sun face clock?,yes,http://images.cocodataset.org/train2014/COCO_train2014_000000131190.jpg,8,252,0.9888585165704562,-0.36777496337890625,Yes,8,20.0,0.0028872016881716462,0.9794359242226801,28.0,0.0028346998569331347,30.0,0.0028714266251127787,17.0,0.003103495632492818,11.0,0.0028769110547656423,23.0,0.002972588625421893,15.0,0.0029674118031931627,44.0,0.002924819794840661,,,,,,,,,0.9598164920666118,0.9740853231175152,0.8702290979524684,0.9940302114769565,0.9650095768458276,0.9018972358711528,0.9573494660056153,,,,,,,,,,
582,yes/no,Is the ram's fleece dirty?,no,http://images.cocodataset.org/train2014/COCO_train2014_000000131197.jpg,5,249,0.9993126388027151,-0.44046860933303833,Yes,5,31.0,0.0019013795480917676,0.9648560665594497,16.0,0.0018884462410099232,17.0,0.0018923564160063338,15.0,0.0018964776200307426,16.0,0.0018988955134514682,,,,,,,,,,,,,,,0.9886085007312413,0.9963890537299693,0.9543063494363562,0.9618974703476992,,,,,,,,,,,,,
583,yes/no,Is there a travel guide on the table?,yes,http://images.cocodataset.org/train2014/COCO_train2014_000000000127.jpg,7,254,0.9841563518067022,-0.18428194522857666,Yes,7,33.0,0.003098613161052643,0.9562433184174151,19.0,0.00288875968067423,18.0,0.003034151086966993,15.0,0.0027818634007253412,48.0,0.0029904097292066368,48.0,0.0030113355373263505,19.0,0.002895165190189451,,,,,,,,,,,0.9968868771609918,1.0,0.9543063494363562,0.9617237889934679,0.9764836975680619,0.9752404816059184,,,,,,,,,,,
584,yes/no,Is there snow?,yes,http://images.cocodataset.org/train2014/COCO_train2014_000000262273.jpg,4,288,0.9778026352282656,-0.009249957278370857,Yes,4,16.0,0.003160063546697312,0.9965119062478288,143.0,0.00330080397015492,15.0,0.003152219553121686,17.0,0.0030849220775622283,,,,,,,,,,,,,,,,,0.9715475198792993,0.9654013672997089,0.925613407948596,,,,,,,,,,,,,,
585,yes/no,Is it summer?,no,http://images.cocodataset.org/train2014/COCO_train2014_000000262273.jpg,6,155,0.9989117175970843,-0.0010852740379050374,No,6,34.0,0.0018954967270051499,0.9760869334658553,41.0,0.001901696479308927,38.0,0.0018982302425548695,164.0,0.0019065046510818066,11.0,0.0019148090058438989,17.0,0.0019237792328536697,,,,,,,,,,,,,0.9877545353618737,0.9797151091365559,0.9850826521090796,0.8453509366224364,0.9975025463691152,,,,,,,,,,,,
586,yes/no,Is the picture in color?,yes,http://images.cocodataset.org/train2014/COCO_train2014_000000524420.jpg,9,180,0.997085717882305,-0.1421634554862976,Yes,9,57.0,0.002206006241357449,0.9565543864601153,46.0,0.002282144199903063,53.0,0.002229558031917191,76.0,0.002257909767960567,18.0,0.0022185711872991015,22.0,0.002242142725926466,16.0,0.0022944603483754096,17.0,0.0022275957727632633,21.0,0.0022618126626177885,,,,,,,0.9545589936230559,0.954205150197518,0.9649262144300035,0.9206250851407773,0.9915247666433382,0.8620485698650454,0.9038817882085971,0.9363346784550166,,,,,,,,,
587,yes/no,Is there a dog in the photo?,yes,http://images.cocodataset.org/train2014/COCO_train2014_000000524420.jpg,4,238,0.9854857381487581,-0.027863172814249992,Yes,4,19.0,0.0034579959851074637,0.9892422967543257,6.0,0.0030229434771926965,36.0,0.003110439949543119,15.0,0.003664738293916136,,,,,,,,,,,,,,,,,0.9182958340544896,0.9694368852083525,0.9654013672997089,,,,,,,,,,,,,,
588,yes/no,Is the dog on a leash?,yes,http://images.cocodataset.org/train2014/COCO_train2014_000000524420.jpg,4,272,0.9856066447708562,-0.09223031997680664,Yes,4,37.0,0.003242951361910804,0.961033199847498,34.0,0.002800277120891313,54.0,0.0031155435766834143,16.0,0.0028556212295994085,,,,,,,,,,,,,,,,,0.989160613629328,0.9310582189977944,0.9886085007312413,,,,,,,,,,,,,,
589,yes/no,Are all of the birds in flight?,no,http://images.cocodataset.org/train2014/COCO_train2014_000000436929.jpg,3,277,0.999270218753632,-0.07757548987865448,No,3,133.0,0.0018586160731079585,0.9661096521846547,21.0,0.0018536637434560604,12.0,0.0018486686926160725,,,,,,,,,,,,,,,,,,,0.9907017951253161,0.9463946303571862,,,,,,,,,,,,,,,
590,yes/no,Are there three birds in the picture?,yes,http://images.cocodataset.org/train2014/COCO_train2014_000000436929.jpg,5,376,0.999327093574699,-0.5343548059463501,No,5,22.0,0.001872576314954741,0.9849226290193992,15.0,0.0018916372751591845,15.0,0.0018530041260348606,20.0,0.0018685497656726329,40.0,0.001892050734852178,,,,,,,,,,,,,,,0.9967916319816366,0.9609640474436811,0.9794359242226801,0.9650385628210846,,,,,,,,,,,,,
591,yes/no,Is this a dog?,no,http://images.cocodataset.org/train2014/COCO_train2014_000000436929.jpg,10,318,0.9987642633521454,-0.00260728457942605,No,10,18.0,0.0019524271805600496,0.9915323997298832,16.0,0.001981192992354218,15.0,0.0019520089514535137,15.0,0.0019781651156601586,19.0,0.0019487745945926576,10.0,0.001934624295319089,22.0,0.001955320925541766,53.0,0.0019457511615606317,21.0,0.0019434307600245833,40.0,0.001963902250804557,,,,,0.954434002924965,0.8830374409547587,0.9967916319816366,0.90647263812994,1.0,0.9389433656943028,0.9457334925488634,0.9064627092082682,0.9472762910710967,,,,,,,,
592,yes/no,Is this a winter scene?,yes,http://images.cocodataset.org/train2014/COCO_train2014_000000436929.jpg,1,265,0.9883319108334856,-0.0037117258179932833,Yes,1,15.0,0.004807720807851604,0.7835807040488099,,,,,,,,,,,,,,,,,,,,,,,,,,,,,,,,,,,,,,,
593,yes/no,Is the water frozen?,yes,http://images.cocodataset.org/train2014/COCO_train2014_000000436929.jpg,5,327,0.9873042297461001,-0.16288964450359344,Yes,5,21.0,0.002905123063732811,0.9751060324573733,4.0,0.0026531601427674184,18.0,0.0029773142161739186,20.0,0.002961334940096612,23.0,0.0030813420855251524,,,,,,,,,,,,,,,0.0,0.8826232641893705,0.9283898247235197,0.9394131210000187,,,,,,,,,,,,,
594,yes/no,Is that a laptop on the chair?,yes,http://images.cocodataset.org/train2014/COCO_train2014_000000131208.jpg,9,253,0.9972652146910106,-0.16879041492938995,No,9,44.0,0.0019937787220465834,0.9834270697092756,55.0,0.001990906659316447,48.0,0.001987638256415925,51.0,0.0019820049779695923,15.0,0.0019764576224195114,15.0,0.0019646288498682586,16.0,0.0019678452894394487,28.0,0.0019874243537081936,30.0,0.00198180085441875,,,,,,,0.9871597902619937,0.9644294483234553,0.9721378144619364,0.9602297178607612,0.982798115178801,0.9528195311147832,1.0,0.9866270499054915,,,,,,,,,
595,yes/no,Is Cingular a sponsor of this field?,yes,http://images.cocodataset.org/train2014/COCO_train2014_000000284012.jpg,0,334,0.9881678160578778,-0.29311567544937134,Yes,0,,,,,,,,,,,,,,,,,,,,,,,,,,,,,,,,,,,,,,,,,,
596,yes/no,Is this a conventional kitchen?,no,http://images.cocodataset.org/train2014/COCO_train2014_000000000138.jpg,8,277,0.9979168514495985,-0.028475819155573845,No,8,21.0,0.0018960071528078628,0.9907017951253161,15.0,0.00188919207517218,46.0,0.0019146669340486119,25.0,0.0019189270948570248,52.0,0.001901174985723802,18.0,0.001903270612046695,10.0,0.0018943956618068184,21.0,0.001898335534371479,,,,,,,,,0.9949490477321437,0.9818262769790866,0.9801625908629509,0.975306466537451,1.0,0.8649735207179273,0.978033486181519,,,,,,,,,,
597,yes/no,Is the area lit?,yes,http://images.cocodataset.org/train2014/COCO_train2014_000000262283.jpg,11,233,0.9890975574705004,-0.07680335640907288,Yes,11,39.0,0.0027271863389179024,0.9659974299012656,19.0,0.002645520448517318,30.0,0.002604781795936659,21.0,0.002611103834709532,10.0,0.00247774430302186,20.0,0.0027008902540246885,22.0,0.002542700322039531,17.0,0.00260512036048725,15.0,0.002579711849142825,35.0,0.0025551354755424423,15.0,0.0025150669014284252,,,0.9975194757207203,0.9751644871919067,0.9907017951253161,0.9372305632161296,0.9602297178607612,0.9658234187802699,0.9967828263127351,0.9602297178607612,0.9764874965084082,0.9543063494363562,,,,,,,
598,yes/no,Are the vases identical?,no,http://images.cocodataset.org/train2014/COCO_train2014_000000262283.jpg,3,332,0.9993484325590996,-0.6362258195877075,No,3,20.0,0.0019289838697581214,0.951850848028674,17.0,0.0018946912951737194,18.0,0.001913053237836766,,,,,,,,,,,,,,,,,,,0.9963890537299693,0.9535998353544741,,,,,,,,,,,,,,,
599,yes/no,Are these the normal size pieces of pizza?,yes,http://images.cocodataset.org/train2014/COCO_train2014_000000524428.jpg,7,291,0.9987333777041149,-0.34560132026672363,No,7,64.0,0.0019399498157813512,0.9513584112733616,36.0,0.0019293505249557527,17.0,0.001917804907677216,15.0,0.001928187804461135,25.0,0.0019308226057887928,16.0,0.0019311241912706697,22.0,0.0019226838157375735,,,,,,,,,,,0.9298966940476158,0.9595784770480081,0.8616157143988102,0.9590998184549498,0.985056822321508,0.9905114616736054,,,,,,,,,,,
600,yes/no,Could you eat all of this pizza?,no,http://images.cocodataset.org/train2014/COCO_train2014_000000524428.jpg,6,255,0.9965363485203187,-0.6878983974456787,Yes,6,36.0,0.0021591210371899273,0.9565236679517578,66.0,0.0021678551143021604,15.0,0.0021274172053170784,17.0,0.002142737750413205,16.0,0.002124340890079692,20.0,0.0022232297643491245,,,,,,,,,,,,,0.9819588482480796,0.9446232142545791,0.9664022887695614,0.9681390622295665,0.8804820237218406,,,,,,,,,,,,
601,yes/no,Is there broccoli on a slice of pizza?,yes,http://images.cocodataset.org/train2014/COCO_train2014_000000524428.jpg,7,310,0.99884330698494,-0.020349521189928055,No,7,15.0,0.001910392261887718,0.9664572819896989,28.0,0.0019465706170350647,35.0,0.001919636327713841,18.0,0.0019071726271756592,20.0,0.0019134310619126204,17.0,0.0019247250367362587,22.0,0.0019181412495259083,,,,,,,,,,,0.9508516318093156,0.9262951741233185,0.9736669121131954,0.9596390821693784,0.9967828263127351,0.9666425652015439,,,,,,,,,,,
602,yes/no,Is there an animal that seems to stick out?,no,http://images.cocodataset.org/train2014/COCO_train2014_000000262285.jpg,10,226,0.998546639472752,-0.4171525239944458,Yes,10,19.0,0.0021006650006899653,0.90647263812994,20.0,0.0021070854378715123,35.0,0.0021083032232392944,21.0,0.002153212940830227,35.0,0.002112109057856634,17.0,0.002039023120197448,15.0,0.002159051406171369,20.0,0.002083493253592768,36.0,0.0020924926424215843,43.0,0.0020732552983187286,,,,,0.9008047485295136,0.9404428487701867,0.9748830897462036,0.9780671659782804,0.9771236998460401,0.9967916319816366,0.9630603734213402,0.9632079822609502,0.9544447661062334,,,,,,,,
603,yes/no,Is this in a zoo?,no,http://images.cocodataset.org/train2014/COCO_train2014_000000262285.jpg,9,198,0.9981213233075225,-0.003087752964347601,No,9,16.0,0.002016042773282449,0.9618974703476992,17.0,0.0020176917642156685,16.0,0.0020120410695308568,16.0,0.002033169764170272,83.0,0.002029854293209663,81.0,0.00202352082327894,16.0,0.002015961302929699,21.0,0.002022447644464758,3.0,0.00199507736036728,,,,,,,0.9856676426534905,1.0,0.9965119062478288,0.9819500617978446,0.9859015755789651,0.9772170014624825,0.9722983600493944,0.0,,,,,,,,,
604,yes/no,Is this in a desert?,yes,http://images.cocodataset.org/train2014/COCO_train2014_000000262285.jpg,3,265,0.981061791691243,-0.23055070638656616,Yes,3,30.0,0.00339292660926462,0.9715270798158866,16.0,0.0030338528019863546,15.0,0.003046114063687927,,,,,,,,,,,,,,,,,,,0.9592101522724052,0.9285012313356799,,,,,,,,,,,,,,,
605,yes/no,Is this a banana toast?,yes,http://images.cocodataset.org/train2014/COCO_train2014_000000000142.jpg,3,322,0.9895751111172206,-0.07049909979104996,Yes,3,41.0,0.002608348458123303,0.9704372936392525,15.0,0.0025729846607012333,26.0,0.0028223654413667425,,,,,,,,,,,,,,,,,,,0.9543063494363562,0.9473539682709406,,,,,,,,,,,,,,,
606,yes/no,Are the people playing a game?,no,http://images.cocodataset.org/train2014/COCO_train2014_000000131215.jpg,8,138,0.9990069671342974,-0.3224807679653168,No,8,68.0,0.0018988395354799857,0.9938297100823643,69.0,0.001887899273856452,143.0,0.0018900006894286584,49.0,0.0018753223717990128,17.0,0.0018808417728669938,16.0,0.0018757509745244226,18.0,0.0018844868680532188,17.0,0.0018889349797580417,,,,,,,,,0.9847640890673391,0.9805553457223427,0.9788642044635645,0.951983906543883,0.9886085007312412,0.9206250851407773,0.9770358764490155,,,,,,,,,,
607,yes/no,Is the TV turned on?,yes,http://images.cocodataset.org/train2014/COCO_train2014_000000131215.jpg,9,232,0.9863568340826051,-0.18467646837234497,Yes,9,64.0,0.0027489094845754088,0.9738536755966106,47.0,0.0027158212434339898,28.0,0.0026688693959251403,16.0,0.0027093959600462503,65.0,0.0027375195795164343,25.0,0.0028375858816206308,17.0,0.0028431387570249248,17.0,0.0027562816991584037,15.0,0.0027026874794376043,,,,,,,0.9729945044782807,0.9857121838444605,0.9755307720176266,0.9670862456780175,0.9530186554098734,0.8846148739279865,0.9603948809345497,0.9602297178607612,,,,,,,,,
608,yes/no,Is this person watching a movie?,yes,http://images.cocodataset.org/train2014/COCO_train2014_000000131215.jpg,6,229,0.996060118769812,-0.3918023407459259,Yes,6,64.0,0.0023032807625431796,0.9736637310019656,46.0,0.0022401412335814335,15.0,0.002251266287302025,19.0,0.002287901748322895,34.0,0.002249347966963842,19.0,0.0022764700937755416,,,,,,,,,,,,,0.9770035071647208,0.9147366491799204,0.94841021822029,0.9727953984378148,0.9720048748581784,,,,,,,,,,,,
609,yes/no,Is one of the giraffes eating?,yes,http://images.cocodataset.org/train2014/COCO_train2014_000000000144.jpg,5,230,0.9882183977352146,-0.19635412096977234,Yes,5,50.0,0.0027349111328038456,0.9695847954625345,71.0,0.0028094968592255543,16.0,0.0029604863406403887,44.0,0.0028781580063658957,18.0,0.0030776102136543127,,,,,,,,,,,,,,,0.9685463310992755,0.886859507142915,0.9564482615821125,0.8929352898779307,,,,,,,,,,,,,
610,yes/no,Is it daytime?,yes,http://images.cocodataset.org/train2014/COCO_train2014_000000393362.jpg,10,230,0.9934950085411809,-0.00812003668397665,Yes,10,16.0,0.0023082594879520707,0.9592101522724051,15.0,0.0024378327849319207,15.0,0.0023280744824662274,22.0,0.0024726523394714883,35.0,0.0025138095324697754,23.0,0.0024171329677095295,16.0,0.00250210434393428,36.0,0.0023789928094096126,57.0,0.0024491121980278158,27.0,0.002363101532682053,,,,,0.9018972358711528,0.9543063494363562,0.9538302300591572,0.9780763760303386,0.9527439088345311,0.8620485698650454,0.9624888168967702,0.9631913527237675,0.9965477486968232,,,,,,,,
611,yes/no,Are the kickstands down?,yes,http://images.cocodataset.org/train2014/COCO_train2014_000000393362.jpg,1,322,0.9987821138536722,-0.3962761461734772,No,1,32.0,0.0019473195764476247,0.9128902182264381,,,,,,,,,,,,,,,,,,,,,,,,,,,,,,,,,,,,,,,
612,yes/no,Do you see any motorcycle helmets?,yes,http://images.cocodataset.org/train2014/COCO_train2014_000000393362.jpg,7,287,0.9891927717312125,-0.16919660568237305,Yes,7,22.0,0.002555319010383389,0.9490905975029206,17.0,0.002636677739415847,13.0,0.0025996440452033163,15.0,0.002661640022130718,8.0,0.002545893324266241,17.0,0.002665354304502798,46.0,0.002676509036971873,,,,,,,,,,,0.9878171319090819,0.9194324237704885,0.8024677973715657,0.954434002924965,0.8516924496551459,0.9470370066617921,,,,,,,,,,,
613,yes/no,Is the kite high in the air?,yes,http://images.cocodataset.org/train2014/COCO_train2014_000000000149.jpg,8,314,0.9948961485538883,-0.3744730055332184,Yes,8,18.0,0.0026009943803574614,0.9342064019134054,17.0,0.0025490976043696517,19.0,0.0024159415436825734,16.0,0.0025139980823317893,15.0,0.002380479336997305,52.0,0.002523952289181173,25.0,0.002545259479156015,11.0,0.002355724502536283,,,,,,,,,0.9360847109776411,0.9796494552648446,0.9463946303571862,0.9161314485121343,0.9529706744698757,0.9063581495887167,0.9922150607220183,,,,,,,,,,
614,yes/no,Is the sky clear?,no,http://images.cocodataset.org/train2014/COCO_train2014_000000000149.jpg,5,283,0.9983966256715223,-0.009437127970159054,No,5,20.0,0.0020096196721185408,0.9463946303571862,19.0,0.0019637725518774547,15.0,0.001960863128222328,17.0,0.001943125537721882,9.0,0.0019349629162874029,,,,,,,,,,,,,,,0.9892422967543257,0.9877812438119246,0.9936520348079905,0.9656336071428251,,,,,,,,,,,,,
615,yes/no,Are the people flying kites?,yes,http://images.cocodataset.org/train2014/COCO_train2014_000000000149.jpg,8,251,0.976804042565404,-0.042775604873895645,Yes,8,51.0,0.0036823005265322383,0.9774199448226496,31.0,0.003620127591071451,34.0,0.003467004086519173,41.0,0.003402932701148614,15.0,0.0035430111280441946,25.0,0.003176545370063708,23.0,0.0034541244938638385,15.0,0.0030591125445362114,,,,,,,,,0.9098752459128601,0.9892248603703082,0.9737342827431764,0.8649735207179273,0.9587363722245956,0.9978904239542102,0.982798115178801,,,,,,,,,,
616,yes/no,Can you see any fish?,no,http://images.cocodataset.org/train2014/COCO_train2014_000000471373.jpg,0,264,0.998726715660074,-0.030841704457998276,No,0,,,,,,,,,,,,,,,,,,,,,,,,,,,,,,,,,,,,,,,,,,
617,yes/no,Is this man swimming?,no,http://images.cocodataset.org/train2014/COCO_train2014_000000471373.jpg,1,312,0.9977645445248574,-0.5849001407623291,No,1,27.0,0.002023405742791435,0.9730099067544401,,,,,,,,,,,,,,,,,,,,,,,,,,,,,,,,,,,,,,,
618,yes/no,Is he turning?,no,http://images.cocodataset.org/train2014/COCO_train2014_000000471373.jpg,7,304,0.9993126450419524,-0.6601250767707825,Yes,7,16.0,0.0018826336341783087,0.9528195311147832,32.0,0.0019091083760868735,62.0,0.0019152520967220855,34.0,0.0019179190451142905,44.0,0.0019102386835404466,14.0,0.001872574771384257,22.0,0.0019051778603209897,,,,,,,,,,,0.9531265502151048,0.9559981649309829,0.9399295370693436,0.9557566573615897,0.9620871761502205,0.9598452870248483,,,,,,,,,,,
619,yes/no,Does the man have short hair?,yes,http://images.cocodataset.org/train2014/COCO_train2014_000000471373.jpg,7,254,0.9950642875947148,-0.3479893207550049,Yes,7,30.0,0.002576884061912874,0.9173330188161143,33.0,0.002532722023566098,24.0,0.0024662519685737963,15.0,0.0023704821639859686,16.0,0.002376458205450151,10.0,0.002507802575272046,16.0,0.002457719198421634,,,,,,,,,,,0.9385467769413564,0.9612120105563207,0.9664572819896988,0.9592101522724052,0.9709505944546686,0.9681390622295665,,,,,,,,,,,
620,yes/no,Is the bus featured in this picture typical?,no,http://images.cocodataset.org/train2014/COCO_train2014_000000131225.jpg,4,307,0.9990424451269497,-0.14937040209770203,No,4,18.0,0.0018813414215655222,0.9388201415867107,16.0,0.001888695021798391,22.0,0.0018839180754801081,39.0,0.0018852854273946461,,,,,,,,,,,,,,,,,0.886859507142915,0.9970151057384782,0.9871101600186571,,,,,,,,,,,,,,
621,yes/no,Is this the latest make and model?,no,http://images.cocodataset.org/train2014/COCO_train2014_000000131225.jpg,8,239,0.9991529390299978,-0.007867448031902313,No,8,16.0,0.0018815901262270735,0.954434002924965,16.0,0.0018587821536948487,46.0,0.001862338537660226,52.0,0.0018627466443934498,43.0,0.0018668962168954014,18.0,0.0018682528622010193,50.0,0.0018717206244259505,24.0,0.0018629556086214437,,,,,,,,,0.9618974703476992,0.9915465290220457,0.9987607440570209,0.9762509239630487,0.9915323997298832,0.9871806444453094,0.9646872283675246,,,,,,,,,,
622,yes/no,Are there any building in the area?,yes,http://images.cocodataset.org/train2014/COCO_train2014_000000131225.jpg,5,241,0.9853995260082389,-0.15936189889907837,Yes,5,18.0,0.0027608658601304143,0.9941181381188445,27.0,0.0026976994484395993,14.0,0.00278631858533973,26.0,0.0028805975108677304,15.0,0.00368797249206518,,,,,,,,,,,,,,,0.9891024697768301,0.9620871761502205,0.9676179687213727,0.9182958340544896,,,,,,,,,,,,,
623,yes/no,Is there a fence in the background?,no,http://images.cocodataset.org/train2014/COCO_train2014_000000000154.jpg,2,343,0.9978995466682352,-0.009447718039155006,No,2,16.0,0.0020458468596175152,0.8194483718728035,19.0,0.001988699151836857,,,,,,,,,,,,,,,,,,,,,0.996352882445333,,,,,,,,,,,,,,,,
624,yes/no,Is the zebra's tail up?,no,http://images.cocodataset.org/train2014/COCO_train2014_000000000154.jpg,8,310,0.9986551257771187,-0.5187121629714966,No,8,28.0,0.0020834106720912285,0.9728320725069937,20.0,0.002110774759612941,26.0,0.0020940541713804885,23.0,0.002079163213374062,27.0,0.0020832269228029435,20.0,0.002031943745691426,19.0,0.0020389244406622334,15.0,0.002046755938664149,,,,,,,,,0.9713107216099232,0.9129986686368239,0.9668324690003138,0.9446284658391854,0.941232978764294,0.9892422967543257,0.9877812438119247,,,,,,,,,,
625,yes/no,Are they the same type of animal?,yes,http://images.cocodataset.org/train2014/COCO_train2014_000000000154.jpg,9,210,0.9917771565302889,-0.3798530399799347,Yes,9,15.0,0.0024199518312263486,0.9543063494363562,20.0,0.0025934525776865175,17.0,0.0026207417847566197,15.0,0.002547994226618387,16.0,0.0024015190346608345,173.0,0.0025832961484232963,17.0,0.0024840286466720936,16.0,0.002429906588259923,16.0,0.00248109151507352,,,,,,,0.8911143594569009,0.8726389366057714,0.9189900464321514,0.9886085007312413,0.9757389431656628,0.9363348190250748,1.0,0.8980898459737486,,,,,,,,,
626,yes/no,Are all zebras facing the same way?,no,http://images.cocodataset.org/train2014/COCO_train2014_000000000154.jpg,5,369,0.9946695119239384,-0.3427073657512665,No,5,16.0,0.0022200834984264983,0.9755307720176265,17.0,0.0021720309584764125,17.0,0.002166359436875116,8.0,0.002173709767674594,15.0,0.0021849753376760195,,,,,,,,,,,,,,,0.9503435562077922,0.9719977955078913,1.0,0.9664572819896989,,,,,,,,,,,,,
627,yes/no,Are the zebras running?,no,http://images.cocodataset.org/train2014/COCO_train2014_000000000154.jpg,1,365,0.9974119748876774,-0.09604953974485397,No,1,19.0,0.002025712279726038,0.9880900585356664,,,,,,,,,,,,,,,,,,,,,,,,,,,,,,,,,,,,,,,
628,yes/no,Is he going to fall?,no,http://images.cocodataset.org/train2014/COCO_train2014_000000262299.jpg,6,284,0.9988592405311978,-0.3864883482456207,No,6,16.0,0.0018891683972323903,0.8620485698650454,33.0,0.0018838281912033697,44.0,0.0018814029235610693,20.0,0.00189073975122719,58.0,0.0018822219240029628,16.0,0.0018818588190051635,,,,,,,,,,,,,0.9675170719920672,0.960263013260331,0.9976834773764092,0.9783595954208439,0.949701216438411,,,,,,,,,,,,
629,yes/no,Are the traffic lights facing the same direction?,no,http://images.cocodataset.org/train2014/COCO_train2014_000000393242.jpg,4,301,0.9989046552540232,-0.5531317591667175,No,4,17.0,0.001962606408646834,0.9770358764490155,26.0,0.0019474406311289832,55.0,0.0019449369830603926,18.0,0.0019512053676720461,,,,,,,,,,,,,,,,,0.9982270255729266,0.9422134207458488,0.9388201415867106,,,,,,,,,,,,,,
630,yes/no,Is this cake made with fondant?,no,http://images.cocodataset.org/train2014/COCO_train2014_000000393375.jpg,2,130,0.9990461939505224,-0.3624982237815857,No,2,16.0,0.0018693774972602703,0.9414280318460245,390.0,0.001888580784051773,,,,,,,,,,,,,,,,,,,,,0.9822000440587537,,,,,,,,,,,,,,,,
631,yes/no,Is there a fork on the plate?,no,http://images.cocodataset.org/train2014/COCO_train2014_000000262308.jpg,8,276,0.9959265579579815,-0.5303003787994385,No,8,17.0,0.00218517317045262,0.9967828263127351,31.0,0.002210010261584514,17.0,0.0022130926392200387,34.0,0.0021692147460756614,19.0,0.002164092617867777,15.0,0.002155249272897639,33.0,0.0021250123810047303,21.0,0.002131189184106557,,,,,,,,,0.9953897503830361,0.9770358764490155,0.9672966845576296,0.9720048748581784,0.9877812438119247,0.9649326705470883,0.9763945235672324,,,,,,,,,,
632,yes/no,Is this black and white?,yes,http://images.cocodataset.org/train2014/COCO_train2014_000000262308.jpg,9,269,0.9940180064314481,-0.29703760147094727,No,9,34.0,0.002266958105538701,0.9838523203895001,21.0,0.0022685046031727346,76.0,0.00228056093019691,18.0,0.002230515746623087,24.0,0.002249891545580423,75.0,0.002230884963400439,15.0,0.002205062449212507,17.0,0.002230653723702744,16.0,0.002171396439372846,,,,,,,0.9526841246715825,0.9877118975867355,0.9758159039662214,0.9528195311147832,0.9740950364173301,0.9877812438119247,0.9878171319090819,0.9772170014624825,,,,,,,,,
633,yes/no,Is a military person in the picture?,yes,http://images.cocodataset.org/train2014/COCO_train2014_000000000165.jpg,6,222,0.9863130594237877,-0.02918512560427189,Yes,6,21.0,0.0026399692898221422,0.9627936927838099,26.0,0.002770877193889223,42.0,0.0028005260469623106,15.0,0.002841453714605395,47.0,0.0027539539053024575,34.0,0.002943333445628391,,,,,,,,,,,,,0.9512228114652607,0.9687579044543702,0.9018972358711528,0.9682073257247961,0.9674210164809749,,,,,,,,,,,,
634,yes/no,Are they smiling?,yes,http://images.cocodataset.org/train2014/COCO_train2014_000000000165.jpg,8,204,0.9936634529542382,-0.044399719685316086,Yes,8,36.0,0.0024224180332174925,0.9306314909545548,23.0,0.0024779553132714105,27.0,0.0024117044071142557,39.0,0.0024726398615495917,103.0,0.002480614040626659,40.0,0.002523385214395281,15.0,0.002377319220033746,19.0,0.0025308150049550837,,,,,,,,,0.9570850556153866,0.9567059349539042,0.9714066742689237,0.9784754535702166,0.9416488012871705,0.9161314485121343,0.9520903566147753,,,,,,,,,,
635,yes/no,Is this an old building?,yes,http://images.cocodataset.org/train2014/COCO_train2014_000000415089.jpg,4,344,0.9917449030463629,-0.021280165761709213,Yes,4,17.0,0.0025921112644274637,0.925613407948596,16.0,0.0026092057511249434,40.0,0.002670440793544307,15.0,0.0026610519193027895,,,,,,,,,,,,,,,,,0.9755307720176266,0.9694521920954662,0.9189900464321514,,,,,,,,,,,,,,
636,yes/no,Is the room almost full?,no,http://images.cocodataset.org/train2014/COCO_train2014_000000415089.jpg,4,331,0.9947035023051689,-0.287590354681015,No,4,23.0,0.002163847388435235,0.9978904239542103,19.0,0.002141349517953271,59.0,0.0021632022349306326,78.0,0.00214585655717532,,,,,,,,,,,,,,,,,0.9892422967543257,0.9925323290000657,0.9836799661274781,,,,,,,,,,,,,,
637,yes/no,Are the people on a soft surface?,no,http://images.cocodataset.org/train2014/COCO_train2014_000000393384.jpg,9,278,0.9931166815516107,-0.08597932010889053,No,9,18.0,0.0022998039176169655,0.9910760598382222,24.0,0.0022188350725103174,28.0,0.0022446933220820575,29.0,0.0022615863562842698,20.0,0.002227378549789283,20.0,0.0022353871012098466,22.0,0.002248637147586746,24.0,0.002210422632045859,26.0,0.0022040511551338735,,,,,,,0.9764415047936531,0.9580003027486083,0.9951756793098177,0.9703227248076731,0.9406454496153462,0.9477528103057691,0.9977436826817001,0.9429537849589911,,,,,,,,,
638,yes/no,Has the grass been mowed recently?,no,http://images.cocodataset.org/train2014/COCO_train2014_000000393386.jpg,5,161,0.9974875935277547,-0.26561084389686584,No,5,27.0,0.0020477439878629146,0.9819397567352026,25.0,0.0020653542972209273,19.0,0.002035866484624883,216.0,0.002075645667298742,100.0,0.0020971360492346674,,,,,,,,,,,,,,,0.9520963796036712,0.9769780367557707,0.9865421162273229,0.9901829313161082,,,,,,,,,,,,,
639,yes/no,Is this scene in America?,no,http://images.cocodataset.org/train2014/COCO_train2014_000000131245.jpg,10,283,0.9988971263302369,-0.0007749221404083073,No,10,15.0,0.001912335370440087,0.9949490477321437,15.0,0.0019159484475731322,30.0,0.0019411753712319105,18.0,0.0019304838979622716,37.0,0.0019346456517624808,28.0,0.0019287647585972633,16.0,0.001925305788725428,36.0,0.0019329464716771566,19.0,0.0019226098397670368,7.0,0.0019099843373078886,,,,,0.9664572819896988,0.9983958159908184,0.9915323997298832,0.976453373359621,0.9439935625075735,0.9965119062478288,0.9341331550680546,0.9796494552648447,0.9852281360342515,,,,,,,,
640,yes/no,Are all the laptops on?,yes,http://images.cocodataset.org/train2014/COCO_train2014_000000137918.jpg,4,147,0.997098182935029,-0.47168827056884766,Yes,4,35.0,0.0021203076386271005,0.967149877543207,267.0,0.0021455801477943495,22.0,0.0021291761236741685,46.0,0.0021772229053174403,,,,,,,,,,,,,,,,,0.9749058875274785,0.9346262260259478,0.9530103257125654,,,,,,,,,,,,,,
641,yes/no,Is this a hotel room?,yes,http://images.cocodataset.org/train2014/COCO_train2014_000000393394.jpg,8,269,0.98353480627838,-0.07410915195941925,Yes,8,25.0,0.002924242472405163,0.963261444660655,33.0,0.002952567005867702,21.0,0.0029696658094368095,13.0,0.0028759579307390355,17.0,0.0028375723310174535,16.0,0.0027166700520605777,45.0,0.00310980974857466,15.0,0.0028942807767981995,,,,,,,,,0.9948586330957647,0.9566859396996199,0.9194324237704885,0.951983906543883,0.9592101522724052,0.9392199474607259,1.0,,,,,,,,,,
642,yes/no,Is this a hotel?,yes,http://images.cocodataset.org/train2014/COCO_train2014_000000393394.jpg,7,283,0.9838124742714558,-0.09996500611305237,Yes,7,15.0,0.0029241972355466424,0.9877812438119247,24.0,0.0029164022834368398,19.0,0.0029400556665109346,16.0,0.002868584688993732,17.0,0.0028206775134396542,19.0,0.0031541914158394833,43.0,0.003128409280007233,,,,,,,,,,,0.9925308085173911,0.9720048748581784,0.9414280318460245,0.9771236998460402,0.989497538622715,0.9433156520600495,,,,,,,,,,,
643,yes/no,Is an elephant walking down the street?,yes,http://images.cocodataset.org/train2014/COCO_train2014_000000438196.jpg,6,262,0.9854308220416933,-0.05126582458615303,Yes,6,19.0,0.003487504746239783,0.8693978806749074,16.0,0.002702483313611738,18.0,0.0028078420419391996,56.0,0.0031492926841973274,11.0,0.002853531477076184,24.0,0.0032751008265059643,,,,,,,,,,,,,0.9822177815287605,0.9736669121131954,0.9670632368528045,0.9431887805255736,0.9608948553419607,,,,,,,,,,,,
644,yes/no,Is the guy in the yellow shirt wearing a tie?,yes,http://images.cocodataset.org/train2014/COCO_train2014_000000438196.jpg,5,294,0.9968192493597751,-0.0734938308596611,No,5,15.0,0.0021044694504226327,0.9967916319816366,23.0,0.002087064948386724,30.0,0.0020399852268923884,17.0,0.0020380818191286796,15.0,0.0020208603600307,,,,,,,,,,,,,,,0.9251735116075493,0.9744794446146661,0.9605278493513334,0.9664572819896989,,,,,,,,,,,,,
645,yes/no,Is this a church?,yes,http://images.cocodataset.org/train2014/COCO_train2014_000000393396.jpg,2,266,0.9821379127961525,-0.1299259215593338,Yes,2,24.0,0.0030759874579227207,0.9931913195045409,11.0,0.00298833627918912,,,,,,,,,,,,,,,,,,,,,0.9681300137657637,,,,,,,,,,,,,,,,
646,yes/no,Is there snow in the picture?,yes,http://images.cocodataset.org/train2014/COCO_train2014_000000393396.jpg,7,195,0.9885034605303705,-0.043257471174001694,Yes,7,18.0,0.0025888031892414716,0.9649450424307694,15.0,0.002865951572572603,18.0,0.00294624282803603,15.0,0.0027909281912049133,129.0,0.002688002840251716,19.0,0.0026175409930491926,27.0,0.0027194231032742033,,,,,,,,,,,0.8443536850036224,0.872009434056298,0.9018972358711528,0.9755559576960239,0.9621305296911873,0.9620695358579971,,,,,,,,,,,
647,yes/no,Is there a clock on the church tower?,no,http://images.cocodataset.org/train2014/COCO_train2014_000000393396.jpg,7,214,0.998284999478476,-0.05759734660387039,No,7,103.0,0.001966016753635149,0.9573434736997228,15.0,0.0019814829486031627,10.0,0.001959482233094316,17.0,0.0019620034247171706,28.0,0.0019523738776652537,32.0,0.0019605616755102146,66.0,0.001957955264830751,,,,,,,,,,,0.9709505944546686,0.9709505944546686,0.8919296718389884,0.9798512813478701,0.9587060085275527,0.9827174620254321,,,,,,,,,,,
648,yes/no,Is there a clock?,no,http://images.cocodataset.org/train2014/COCO_train2014_000000393396.jpg,5,254,0.9978512164303813,-0.04515945166349411,No,5,48.0,0.0020069766646034224,0.9362980820732019,30.0,0.0020087415108152786,19.0,0.001989929190684072,28.0,0.0019967532532731733,39.0,0.001991138994646102,,,,,,,,,,,,,,,0.9203934610891119,0.9732425514710831,0.9647494831803138,0.9549995803693152,,,,,,,,,,,,,
649,yes/no,Is this person wearing a backpack?,yes,http://images.cocodataset.org/train2014/COCO_train2014_000000524470.jpg,5,280,0.9807583842236213,-0.06664811074733734,Yes,5,26.0,0.0030407520903891904,0.9553989609841033,33.0,0.0028872197602125655,16.0,0.0027717612689152223,34.0,0.003062886440291707,17.0,0.0033056349905032333,,,,,,,,,,,,,,,0.9727959961607908,0.9592101522724052,0.9656208894588029,0.9360847109776411,,,,,,,,,,,,,
650,yes/no,Is there a street light in the photo?,yes,http://images.cocodataset.org/train2014/COCO_train2014_000000524470.jpg,9,258,0.9834407361701265,-0.17296616733074188,Yes,9,61.0,0.003000289563270596,0.9703285423853937,15.0,0.002980251910350683,8.0,0.0028716731611993992,19.0,0.0028978673235283614,17.0,0.0027215126256374023,63.0,0.0030957907995318354,15.0,0.002854070122346131,15.0,0.003236416415441144,11.0,0.002796298636964625,,,,,,,0.9500685975366211,0.8112781244591328,0.9796494552648446,0.9812327163481073,0.9753067514304878,0.8983958159908183,0.9967916319816366,0.9713067383178076,,,,,,,,,
651,yes/no,Is the sun up?,no,http://images.cocodataset.org/train2014/COCO_train2014_000000524470.jpg,10,254,0.9870085122284515,-0.2551628053188324,Yes,10,15.0,0.0026230910736875766,0.9543063494363562,15.0,0.0029355400537336577,18.0,0.002730816874282215,4.0,0.0023892700775458935,58.0,0.002840710412608362,63.0,0.002821976275924287,17.0,0.0027748502083104593,9.0,0.0026657829991762073,69.0,0.002845877930659627,23.0,0.0028590995161603063,,,,,0.9967916319816366,0.9206250851407773,1.0,0.9568964997390423,0.9812534978013802,0.9878171319090819,0.9910760598382222,0.9725742873271582,0.9570850556153867,,,,,,,,
652,yes/no,Is the oven on?,yes,http://images.cocodataset.org/train2014/COCO_train2014_000000524471.jpg,6,317,0.9931438030503301,-0.051664743572473526,Yes,6,41.0,0.0025682619831873844,0.9583577213263148,23.0,0.0025607249332135888,17.0,0.0024408694412561068,35.0,0.0024945106005341195,12.0,0.0024200672352480876,18.0,0.0024623987612161185,,,,,,,,,,,,,0.9321883810995897,0.951983906543883,0.9782957150117773,0.9463946303571862,0.9625632797054147,,,,,,,,,,,,
653,yes/no,Is there a window in this scene?,yes,http://images.cocodataset.org/train2014/COCO_train2014_000000524471.jpg,1,254,0.9862149428608112,-0.03738916292786598,Yes,1,17.0,0.006177398321837089,0.8409160494198367,,,,,,,,,,,,,,,,,,,,,,,,,,,,,,,,,,,,,,,
654,yes/no,Is this toast done?,no,http://images.cocodataset.org/train2014/COCO_train2014_000000524471.jpg,6,284,0.9968840850205972,-0.49331963062286377,Yes,6,50.0,0.002251370669511188,0.9385455826383493,44.0,0.002242305356668478,30.0,0.0021983201988417926,17.0,0.0021306456816289144,19.0,0.002215481081883358,16.0,0.002212665950363572,,,,,,,,,,,,,0.9673156530837899,0.944414739035465,0.9719977955078913,0.9237100600260872,0.985056822321508,,,,,,,,,,,,
655,yes/no,Is the microwave on?,no,http://images.cocodataset.org/train2014/COCO_train2014_000000524471.jpg,6,301,0.9955051379435376,-0.06244288757443428,Yes,6,40.0,0.0024424922578829655,0.9664116040706557,24.0,0.0024152323801314535,16.0,0.002241042436390694,25.0,0.0023735090171436556,11.0,0.002269109333595487,17.0,0.0023412668340834558,,,,,,,,,,,,,0.9192496137328233,0.9724056781360315,0.989991281604527,0.9713067383178076,0.9507532012507531,,,,,,,,,,,,
656,yes/no,Is the toaster on?,yes,http://images.cocodataset.org/train2014/COCO_train2014_000000524471.jpg,5,326,0.9927635961858695,-0.16285765171051025,Yes,5,40.0,0.0025992423326529463,0.9540617054435133,26.0,0.0025563817625633978,16.0,0.0024493250007831023,35.0,0.0025180714893388353,18.0,0.0024914012615219446,,,,,,,,,,,,,,,0.9325023032951825,0.9528195311147832,0.9641815451521859,0.9625632797054147,,,,,,,,,,,,,
657,yes/no,Is this a one way street?,yes,http://images.cocodataset.org/train2014/COCO_train2014_000000393403.jpg,6,237,0.9971715316549317,-0.6421940922737122,Yes,6,20.0,0.0020931558284763186,0.9156703652986377,121.0,0.002124498018407323,20.0,0.002148808070322233,20.0,0.002091276762213729,35.0,0.0021247079820391635,15.0,0.0021185045133355483,,,,,,,,,,,,,0.964064101360076,0.9835386311891136,0.9156703652986375,0.990263010736486,0.9602297178607612,,,,,,,,,,,,
658,yes/no,Are there people boarding the bus?,no,http://images.cocodataset.org/train2014/COCO_train2014_000000393403.jpg,3,233,0.99726695313404,-0.02280251495540142,No,3,24.0,0.0020319583116699493,0.9313404709532973,48.0,0.002026496682053683,8.0,0.00198471866826155,,,,,,,,,,,,,,,,,,,0.9519918400372832,1.0,,,,,,,,,,,,,,,
659,yes/no,Is there a hardware store in the area?,no,http://images.cocodataset.org/train2014/COCO_train2014_000000393403.jpg,5,213,0.9969996958265335,-0.21257947385311127,No,5,54.0,0.0021022877363537414,0.9497349877443785,37.0,0.002026092860177715,5.0,0.0019679941200927476,8.0,0.001965412907830274,17.0,0.002009153358171924,,,,,,,,,,,,,,,0.9739883444851981,0.9709505944546686,0.985056822321508,0.9719977955078913,,,,,,,,,,,,,
660,yes/no,Are the drying the animal with a blow dryer?,yes,http://images.cocodataset.org/train2014/COCO_train2014_000000524476.jpg,3,290,0.9899387625253273,-0.1324869841337204,Yes,3,94.0,0.0027011517406227373,0.9819533654610277,9.0,0.0026817142612900204,36.0,0.0028060693665612185,,,,,,,,,,,,,,,,,,,0.9910760598382222,0.9709329194032661,,,,,,,,,,,,,,,
661,yes/no,Is this a hotel?,no,http://images.cocodataset.org/train2014/COCO_train2014_000000283700.jpg,5,308,0.9989998998357685,-0.04579782858490944,No,5,21.0,0.0019188383030520788,0.9092748525610023,42.0,0.0018996646713734587,16.0,0.0018992353721941017,15.0,0.0018668732103296107,16.0,0.0018919830272881265,,,,,,,,,,,,,,,0.9875870290688522,0.9463946303571862,0.9613833012053531,0.9965119062478288,,,,,,,,,,,,,
662,yes/no,Can you see the man's shadow?,yes,http://images.cocodataset.org/train2014/COCO_train2014_000000262336.jpg,8,287,0.9816146965257833,-0.06662816554307938,Yes,8,15.0,0.003014370299742982,0.9018972358711528,16.0,0.0030722167973944027,15.0,0.0031869794015285603,16.0,0.003058114450563933,29.0,0.0033560065179866825,47.0,0.0029400251042448642,15.0,0.003072869565507917,42.0,0.002920507767750524,,,,,,,,,0.9463946303571862,0.8443536850036222,0.949701216438411,0.9435598437979045,0.9836746444821892,0.9189900464321514,0.9650522656100655,,,,,,,,,,
663,yes/no,Is this lacrosse?,no,http://images.cocodataset.org/train2014/COCO_train2014_000000262336.jpg,5,187,0.9992384844838037,-0.004146877210587263,No,5,46.0,0.0018686574417082335,0.9824134817189502,67.0,0.0018787563327537346,113.0,0.0018796923518252684,20.0,0.0018963833914188183,22.0,0.0018724661065990342,,,,,,,,,,,,,,,0.9776537522472798,0.983145895140283,0.9602297178607612,0.9723293370171538,,,,,,,,,,,,,
664,yes/no,The color of the court is green?,no,http://images.cocodataset.org/train2014/COCO_train2014_000000262336.jpg,5,230,0.998668921170647,-0.23146046698093414,No,5,195.0,0.001945573399866207,0.9776401980081686,19.0,0.001938114392522178,16.0,0.0019213893934640082,15.0,0.0019268835913600851,15.0,0.0019369806887456844,,,,,,,,,,,,,,,0.9495113755878273,0.9724056781360314,0.9664572819896989,0.9877812438119247,,,,,,,,,,,,,
665,yes/no,Is this pizza nutritious enough to eat for a full dinner?,yes,http://images.cocodataset.org/train2014/COCO_train2014_000000000194.jpg,2,278,0.9967153794807279,-0.1770503968000412,No,2,28.0,0.0021823547450902977,0.9209846210547245,15.0,0.0020943332393082536,,,,,,,,,,,,,,,,,,,,,0.9664572819896989,,,,,,,,,,,,,,,,
666,yes/no,Are both beds made?,yes,http://images.cocodataset.org/train2014/COCO_train2014_000000257513.jpg,7,261,0.9978284850594327,-0.37077435851097107,No,7,19.0,0.0019770862793803815,0.94841021822029,47.0,0.0019965654545471153,17.0,0.0019639933139611937,23.0,0.0019781031380793406,21.0,0.001976427483993518,25.0,0.0019663239779049713,17.0,0.001963528259912268,,,,,,,,,,,0.9819833646127379,0.9963890537299693,0.9926387952545109,0.9849500113113598,0.9790081411766282,0.9856676426534905,,,,,,,,,,,
667,yes/no,Is there a ladder in the picture?,yes,http://images.cocodataset.org/train2014/COCO_train2014_000000257513.jpg,10,266,0.9889708482871947,-0.11556348204612732,Yes,10,46.0,0.0027777917520469693,0.9465917103888991,18.0,0.0028495251019843787,18.0,0.0026381733281705243,18.0,0.0029975531303468358,19.0,0.002817932846997788,17.0,0.0027025937561382064,6.0,0.0023681298013671485,30.0,0.002734555007098699,17.0,0.002617054773178389,17.0,0.0028937493301355506,,,,,0.9342064019134055,0.9535998353544739,0.872009434056298,0.8899149938380798,0.9967828263127351,1.0,0.9598568375662753,0.9664022887695614,0.8702290979524686,,,,,,,,
668,yes/no,Is this vehicle parked in a residential driveway?,yes,http://images.cocodataset.org/train2014/COCO_train2014_000000393412.jpg,11,262,0.9967568428982354,-0.6023938655853271,Yes,11,20.0,0.0022182215133083887,0.9854752972273344,5.0,0.0020941495752343003,15.0,0.002200079108304561,15.0,0.002236594186098725,29.0,0.0021981524609195205,32.0,0.002169046396585978,15.0,0.002234067440408762,19.0,0.002251441025005829,3.0,0.0021263705366297487,15.0,0.0022418576348995603,20.0,0.0023324065871833297,,,0.9709505944546686,0.9543063494363562,0.9877812438119247,0.9531273546653181,0.9804760106153415,0.9654013672997089,0.9237100600260872,0.0,0.9654013672997089,0.9713107216099232,,,,,,,
669,yes/no,Is the color of the car very common for vehicles?,no,http://images.cocodataset.org/train2014/COCO_train2014_000000393412.jpg,1,304,0.996551031143212,-0.25175797939300537,No,1,15.0,0.00201194048800486,1.0,,,,,,,,,,,,,,,,,,,,,,,,,,,,,,,,,,,,,,,
670,yes/no,Are all the people looking at the same thing?,no,http://images.cocodataset.org/train2014/COCO_train2014_000000458785.jpg,4,282,0.9983088073145707,-0.5477129220962524,No,4,35.0,0.0019803500347607013,0.9632012087620326,38.0,0.001957834970811807,20.0,0.0019561838528933248,24.0,0.001955129543714619,,,,,,,,,,,,,,,,,0.9716166578273052,0.9921503172858166,0.9776902310822042,,,,,,,,,,,,,,
671,yes/no,Do these ski boards have personality?,yes,http://images.cocodataset.org/train2014/COCO_train2014_000000000201.jpg,4,216,0.9968522044900158,-0.04172611981630325,Yes,4,15.0,0.002331507671335936,0.9709505944546686,41.0,0.0022496164617831723,164.0,0.0022169369879937715,43.0,0.00223603527525343,,,,,,,,,,,,,,,,,0.9531483561119614,0.9787965867684923,0.957115762970786,,,,,,,,,,,,,,
672,yes/no,Is the woman wearing a dress?,no,http://images.cocodataset.org/train2014/COCO_train2014_000000131277.jpg,6,274,0.9960496279600771,-0.022039832547307014,No,6,17.0,0.002114561965626146,0.9774178175281716,114.0,0.002055737855114365,27.0,0.002064479490933191,15.0,0.0020609045427269213,15.0,0.0020631135453598017,16.0,0.0020566130478385245,,,,,,,,,,,,,0.9790908007008535,0.9928370275077354,0.9602297178607612,0.9500685975366211,0.9056390622295665,,,,,,,,,,,,
673,yes/no,Are they playing a game?,yes,http://images.cocodataset.org/train2014/COCO_train2014_000000131277.jpg,4,309,0.9819913685827081,-0.011037842370569706,Yes,4,19.0,0.0029075767920660306,0.9418071986717287,24.0,0.0030401415647255425,15.0,0.0030734426051427953,85.0,0.0032363015025494426,,,,,,,,,,,,,,,,,0.9646872283675247,0.9018972358711528,0.9727641373269539,,,,,,,,,,,,,,
674,yes/no,Will the bent person fall forward?,no,http://images.cocodataset.org/train2014/COCO_train2014_000000131277.jpg,4,287,0.99553253674335,-0.2805126905441284,No,4,32.0,0.0020754633716856615,0.9673503412386107,55.0,0.0020866394225358196,18.0,0.002088777557748625,13.0,0.002080598556325879,,,,,,,,,,,,,,,,,0.9753944620457305,0.9955380299191112,0.99473723787795,,,,,,,,,,,,,,
675,yes/no,Is there a man and a woman?,yes,http://images.cocodataset.org/train2014/COCO_train2014_000000131277.jpg,3,260,0.9940077783089297,-0.19215388596057892,Yes,3,35.0,0.0023598833439797046,0.9779103552850693,62.0,0.0026759973465462954,19.0,0.002750968715067962,,,,,,,,,,,,,,,,,,,0.9673255154278029,0.8614856395892379,,,,,,,,,,,,,,,
676,yes/no,Is this photo to blurry?,no,http://images.cocodataset.org/train2014/COCO_train2014_000000131277.jpg,6,254,0.9960460442923391,-0.35709014534950256,No,6,16.0,0.0021272151495258184,0.9886994082884974,114.0,0.002060818765957114,16.0,0.002057221845731278,20.0,0.0020692373830773665,12.0,0.002053452934501217,16.0,0.002076644678738211,,,,,,,,,,,,,0.9814948533497038,0.9681390622295665,0.9927376486136672,0.9808340377961404,0.9965119062478288,,,,,,,,,,,,
677,yes/no,Would you get a ticket if you disobeyed this sign?,yes,http://images.cocodataset.org/train2014/COCO_train2014_000000393422.jpg,6,266,0.9924323711682007,-0.1692788451910019,Yes,6,21.0,0.0026430223666617366,0.9314107237997671,15.0,0.0025844552563606253,33.0,0.002839939214107238,30.0,0.0027734655816606863,38.0,0.00263392830822591,81.0,0.0027257824688027223,,,,,,,,,,,,,0.8616157143988104,0.9293037622800844,0.9534135372956939,0.9798265385720931,0.973532480815871,,,,,,,,,,,,
678,yes/no,Is the red stop sign on a wooden pole?,no,http://images.cocodataset.org/train2014/COCO_train2014_000000393422.jpg,4,273,0.992391988071974,-0.27783358097076416,No,4,27.0,0.0022424317940540174,0.9768423538049816,15.0,0.002229043335069176,31.0,0.002231099205888251,26.0,0.0022488424505029336,,,,,,,,,,,,,,,,,0.9949490477321437,0.9866000706212892,0.9636381198611949,,,,,,,,,,,,,,
679,yes/no,Can you see the sun in the picture?,yes,http://images.cocodataset.org/train2014/COCO_train2014_000000393422.jpg,7,241,0.9977384458054861,-0.16680826246738434,Yes,7,38.0,0.0021762016657276635,0.9774654792001373,44.0,0.0022519868682286484,89.0,0.0022677484999076582,15.0,0.002120114840102623,15.0,0.002303431108458366,56.0,0.002262612781788291,16.0,0.0022454956266843296,,,,,,,,,,,0.9517258317885632,0.9714295122303834,0.982798115178801,0.9709505944546686,0.953525013020401,0.8950145145731531,,,,,,,,,,,
680,yes/no,Are they twins?,no,http://images.cocodataset.org/train2014/COCO_train2014_000000131279.jpg,4,250,0.9991753807383644,-0.254869669675827,No,4,35.0,0.0018340506282980681,0.9766336545574054,15.0,0.001834843513877467,41.0,0.0018480012168254636,79.0,0.0018603201952958415,,,,,,,,,,,,,,,,,0.9664572819896989,0.9817054208842019,0.9722617108009208,,,,,,,,,,,,,,
681,yes/no,Is one of the children a boy?,yes,http://images.cocodataset.org/train2014/COCO_train2014_000000131279.jpg,3,262,0.9904983545550861,-0.15273988246917725,Yes,3,16.0,0.002943486013421579,0.9724056781360314,25.0,0.003084119345817805,7.0,0.002531237847631846,,,,,,,,,,,,,,,,,,,0.96543130737554,0.9821410328348752,,,,,,,,,,,,,,,
682,yes/no,Are these teenagers?,no,http://images.cocodataset.org/train2014/COCO_train2014_000000131279.jpg,4,273,0.9991510427205822,-0.004918611608445644,No,4,34.0,0.0018349748675910828,0.9760869334658555,16.0,0.0018399618247394863,42.0,0.001850426616257167,79.0,0.0018626643145513422,,,,,,,,,,,,,,,,,0.9618974703476992,0.9737054112292625,0.9722617108009208,,,,,,,,,,,,,,
683,yes/no,Are both of the children smiling?,no,http://images.cocodataset.org/train2014/COCO_train2014_000000131279.jpg,11,261,0.999297129515963,-0.5790448784828186,No,11,16.0,0.0018315907784031103,0.9618974703476992,16.0,0.0018569328223789492,30.0,0.0018367989901151844,34.0,0.0018401188025022478,9.0,0.001837451592995472,2.0,0.0018138496131823415,32.0,0.0018464908144657606,11.0,0.0018279461100675935,16.0,0.001836450143341758,16.0,0.0018435726969410974,19.0,0.0018380480129543306,,,0.8620485698650454,0.967198830310321,0.9685848246273826,0.9182958340544896,0.0,0.9169479521379057,0.9922150607220183,0.9414280318460245,0.9755307720176265,0.9752404816059184,,,,,,,
684,yes/no,Is this child wearing socks?,no,http://images.cocodataset.org/train2014/COCO_train2014_000000131279.jpg,4,247,0.9991885193715223,-0.19773145020008087,No,4,37.0,0.0018334270285144574,0.978647181152859,16.0,0.001839050097780961,34.0,0.0018441134806345095,80.0,0.001865097821558383,,,,,,,,,,,,,,,,,0.9886085007312413,0.9679892710292554,0.976556526675305,,,,,,,,,,,,,,
685,yes/no,Is the man's shirt a solid color?,no,http://images.cocodataset.org/train2014/COCO_train2014_000000448671.jpg,8,213,0.9962590937992698,-0.16962993144989014,No,8,47.0,0.0021626961252916767,0.9620154628086262,29.0,0.002135970279354968,73.0,0.0021298520122332663,28.0,0.002131449290446665,16.0,0.0020855490366228423,3.0,0.0020804260761269457,37.0,0.0021071730811487457,22.0,0.0020940002795144966,,,,,,,,,0.9760049988520801,0.9753722402050593,0.9245140103197657,0.9362025230160499,0.0,0.9726442075282142,0.9737865837049762,,,,,,,,,,
686,yes/no,Is this man tan?,yes,http://images.cocodataset.org/train2014/COCO_train2014_000000554301.jpg,4,212,0.9791279905253115,-0.29938381910324097,Yes,4,22.0,0.0032446976820768403,0.9922150607220183,218.0,0.0029876322684592675,38.0,0.0028864746422377244,21.0,0.003170935837136925,,,,,,,,,,,,,,,,,0.9795664324953962,0.9792954054681025,0.9937866610055328,,,,,,,,,,,,,,
687,yes/no,The tablecloths are white?,yes,http://images.cocodataset.org/train2014/COCO_train2014_000000262359.jpg,8,301,0.9853312643396185,-0.28167909383773804,Yes,8,18.0,0.003006776265628534,0.8826232641893705,32.0,0.0030467212934264234,15.0,0.0029610288335019963,15.0,0.002654318733364026,15.0,0.0028783697123938097,36.0,0.0031106968017369663,33.0,0.0030890056021033022,15.0,0.003034681751735194,,,,,,,,,0.9333550832336754,0.9500685975366211,0.9285012313356796,0.9877812438119247,0.9465565550901727,0.9323071646118103,0.8830374409547587,,,,,,,,,,
688,yes/no,Are the pictures colorful?,yes,http://images.cocodataset.org/train2014/COCO_train2014_000000262359.jpg,6,269,0.999023159175924,-0.6634201407432556,No,6,16.0,0.0019307717246451219,0.9528195311147832,69.0,0.001957232703295546,15.0,0.0019237254587373075,31.0,0.0019983319441628064,16.0,0.0019567378492096558,15.0,0.0019490484911487726,,,,,,,,,,,,,0.976068861169539,0.9446232142545791,0.9500813260110865,0.9965119062478288,0.9602297178607612,,,,,,,,,,,,
689,yes/no,Do you a mirror in the background?,no,http://images.cocodataset.org/train2014/COCO_train2014_000000262359.jpg,7,282,0.9989008647465641,-0.6374403238296509,No,7,22.0,0.0019114546312374485,0.9658234187802699,15.0,0.0019207474317095594,75.0,0.0019397194112049535,45.0,0.0019209801760967991,26.0,0.001950684265252587,19.0,0.0019370780366998917,17.0,0.0019184851070060465,,,,,,,,,,,0.9654013672997089,0.9695794640789455,0.9749846995906398,0.9437693223442527,0.9975194757207203,0.9967828263127351,,,,,,,,,,,
690,yes/no,Is there food on the table?,no,http://images.cocodataset.org/train2014/COCO_train2014_000000262359.jpg,4,146,0.9983378917263362,-0.030971724539995193,No,4,207.0,0.0019311330863554842,0.9772312930764006,57.0,0.0019322677546973535,42.0,0.001940563039698133,27.0,0.0019335559095666384,,,,,,,,,,,,,,,,,0.9349904644782758,0.9531118424258076,0.9345922587417768,,,,,,,,,,,,,,
691,yes/no,Is there a pillow present in the picture?,yes,http://images.cocodataset.org/train2014/COCO_train2014_000000393432.jpg,4,233,0.9841372128259399,-0.03453546017408371,Yes,4,23.0,0.005721971920643382,0.8950252083920531,16.0,0.004019091078639806,15.0,0.0032285148060835606,15.0,0.00399017024937185,,,,,,,,,,,,,,,,,0.9681390622295665,0.9859247724121322,0.9664572819896988,,,,,,,,,,,,,,
692,yes/no,Is she wearing a bathing suit?,yes,http://images.cocodataset.org/train2014/COCO_train2014_000000000036.jpg,6,241,0.9858114440553424,-0.030861375853419304,Yes,6,18.0,0.002874225669365675,0.9206250851407773,7.0,0.002726573770978146,54.0,0.002746600331890455,42.0,0.0027883040795765634,16.0,0.002996586920842175,33.0,0.002712563209595038,,,,,,,,,,,,,0.863120568566631,0.9771810124257849,0.9430342140057483,0.8957541375001011,0.9649326705470882,,,,,,,,,,,,
693,yes/no,Are they surrounded by trees?,yes,http://images.cocodataset.org/train2014/COCO_train2014_000000524508.jpg,8,264,0.9883684391202783,-0.08627790212631226,Yes,8,18.0,0.00289859148161042,0.9388201415867106,16.0,0.0030419405295379785,17.0,0.0031396114735102623,56.0,0.0028816776143139743,6.0,0.002538546490717243,19.0,0.0029310558197295157,20.0,0.002979132494228056,25.0,0.0028664938097071107,,,,,,,,,0.949701216438411,0.8091970544181966,0.9672775155132199,0.9182958340544896,0.94841021822029,0.9416915491145067,0.9505030771498539,,,,,,,,,,
694,yes/no,Is there a puddle of water on the dirt?,yes,http://images.cocodataset.org/train2014/COCO_train2014_000000524508.jpg,7,257,0.9857517805533379,-0.05585794150829315,Yes,7,26.0,0.0034493248515749075,0.9170996694997753,25.0,0.003269176931013806,15.0,0.002789450512540468,25.0,0.003159994905983181,66.0,0.0031076230627889692,15.0,0.0027528872306066474,12.0,0.0027309324867629647,,,,,,,,,,,0.9697352853986261,0.9446232142545791,0.9463711715552134,0.9812406896853636,0.982798115178801,0.9808340377961404,,,,,,,,,,,
695,yes/no,Are these men on a boat?,no,http://images.cocodataset.org/train2014/COCO_train2014_000000474858.jpg,5,322,0.9986106537327238,-0.00953593198210001,No,5,19.0,0.0019333468516477138,0.9798272346259995,17.0,0.0019255317482277706,11.0,0.0019312844414772106,16.0,0.00193409777478849,16.0,0.0019429173077948755,,,,,,,,,,,,,,,0.9936520348079905,0.9922150607220183,0.9886085007312413,0.9528195311147832,,,,,,,,,,,,,
696,yes/no,Are the boys happy?,yes,http://images.cocodataset.org/train2014/COCO_train2014_000000474858.jpg,3,285,0.9987765174858041,-0.4411689341068268,No,3,63.0,0.0019538706974543264,0.9881214399395823,16.0,0.0019405060836874845,16.0,0.0019439143273926416,,,,,,,,,,,,,,,,,,,1.0,1.0,,,,,,,,,,,,,,,
697,yes/no,Is the man in the forefront trying to get signal on a cell phone?,no,http://images.cocodataset.org/train2014/COCO_train2014_000000474858.jpg,4,291,0.9986786251362185,-0.17054569721221924,No,4,15.0,0.0019153460665334832,0.9718495448242642,17.0,0.001921681128388308,14.0,0.0019205745044169758,9.0,0.001914609117377199,,,,,,,,,,,,,,,,,0.9936520348079907,0.9751060324573735,1.0,,,,,,,,,,,,,,
698,yes/no,Was this photo taken recently?,yes,http://images.cocodataset.org/train2014/COCO_train2014_000000474858.jpg,8,297,0.9869353416051873,-0.23039144277572632,Yes,8,62.0,0.0029586269770209743,0.9642557969074776,16.0,0.0028368724469843495,8.0,0.002958975783496133,19.0,0.0031539127880218097,25.0,0.0031871515646390834,19.0,0.0031298699328816816,18.0,0.0029552114959631817,15.0,0.002837442441638779,,,,,,,,,0.9618974703476992,0.8112781244591328,0.8699773237111814,0.8916332668646492,0.9975194757207203,0.952437502577629,0.9446232142545791,,,,,,,,,,
699,yes/no,Is this  a beach?,yes,http://images.cocodataset.org/train2014/COCO_train2014_000000474858.jpg,2,297,0.9850590099153724,-0.013618755154311657,Yes,2,15.0,0.0030064088167713553,0.9859247724121322,13.0,0.0033109423996183743,,,,,,,,,,,,,,,,,,,,,0.9610115714257865,,,,,,,,,,,,,,,,
700,yes/no,Is the guy making a performance?,no,http://images.cocodataset.org/train2014/COCO_train2014_000000474858.jpg,4,298,0.9983478655779487,-0.27438345551490784,No,4,18.0,0.001969699702046572,0.9649450424307694,31.0,0.001963780935624791,12.0,0.0019755458401407547,16.0,0.001973175726651086,,,,,,,,,,,,,,,,,0.9952982816238843,1.0,1.0,,,,,,,,,,,,,,
701,yes/no,Is he doing a trick?,no,http://images.cocodataset.org/train2014/COCO_train2014_000000474858.jpg,4,298,0.9986126477831414,-0.0778295025229454,No,4,17.0,0.001932193835097253,0.9936520348079905,16.0,0.001928873875391058,11.0,0.001933361880101718,15.0,0.0019366028118211797,,,,,,,,,,,,,,,,,0.9822177815287605,0.9922150607220183,0.9949490477321437,,,,,,,,,,,,,,
702,yes/no,Is the man in the foreground barefooted?,yes,http://images.cocodataset.org/train2014/COCO_train2014_000000474858.jpg,2,297,0.9895788206148587,-0.4329245984554291,Yes,2,15.0,0.0030074326764557373,0.982798115178801,22.0,0.0029858471326991045,,,,,,,,,,,,,,,,,,,,,0.9614103165917856,,,,,,,,,,,,,,,,
703,yes/no,Is this busy metropolis?,no,http://images.cocodataset.org/train2014/COCO_train2014_000000474858.jpg,6,301,0.998444059927199,-0.001141603454016149,No,6,21.0,0.001958255521892075,0.9898279823399507,18.0,0.0019498190925281472,12.0,0.001954088202591035,24.0,0.0019574460193907696,15.0,0.001947679480183606,19.0,0.001966918526741393,,,,,,,,,,,,,0.9736669121131954,0.9808340377961404,0.9803465725883601,0.982798115178801,0.9796494552648446,,,,,,,,,,,,
704,yes/no,What is the man on a skateboard?,no,http://images.cocodataset.org/train2014/COCO_train2014_000000474858.jpg,8,317,0.9971803824218326,-1.6767102479934692,No,8,16.0,0.00208954770006272,0.9886085007312413,18.0,0.0021047969303054893,16.0,0.0020678207492306937,11.0,0.0020715620074353205,17.0,0.0020901334538253914,16.0,0.002156958110709653,16.0,0.0021071849237241794,20.0,0.0021063272847244288,,,,,,,,,0.9955380299191111,0.9822177815287605,0.9922150607220183,0.9963890537299693,0.9320201587042914,0.9618974703476992,0.9596390821693782,,,,,,,,,,
705,yes/no,Are there waves in the picture?,yes,http://images.cocodataset.org/train2014/COCO_train2014_000000474858.jpg,7,253,0.9877195940269093,-0.13454675674438477,Yes,7,55.0,0.002891859602779566,0.9769354220762728,15.0,0.003201388110756005,17.0,0.003127725391600138,18.0,0.003105629960310762,17.0,0.003093006867710469,58.0,0.0029497072799639103,12.0,0.0028667318294035155,,,,,,,,,,,0.9189900464321514,0.8919296718389884,0.9182958340544894,0.9967828263127351,0.972496886462049,0.9808340377961404,,,,,,,,,,,
706,yes/no,Did the man just steal the boy's kite?,no,http://images.cocodataset.org/train2014/COCO_train2014_000000393438.jpg,4,203,0.9930587854219656,-0.15708868205547333,No,4,138.0,0.002264817281123955,0.9865372162403662,22.0,0.002251300935351129,17.0,0.0022790367754203225,67.0,0.0022867285224017074,,,,,,,,,,,,,,,,,0.995226686335856,0.9856676426534905,0.9911331029714867,,,,,,,,,,,,,,
707,yes/no,Is this a steam engine train?,yes,http://images.cocodataset.org/train2014/COCO_train2014_000000165859.jpg,5,229,0.9831218720549038,-0.13907182216644287,Yes,5,98.0,0.002844920119795841,0.9752089813462279,15.0,0.0028258671468410113,17.0,0.0032184497785783268,25.0,0.0029556604667088926,29.0,0.002912205687094472,,,,,,,,,,,,,,,0.944623214254579,0.8726389366057715,0.989991281604527,0.9785463292474802,,,,,,,,,,,,,
708,yes/no,Are the umbrellas wet?,yes,http://images.cocodataset.org/train2014/COCO_train2014_000000393442.jpg,9,291,0.9988859717172115,-0.4249672591686249,Yes,9,16.0,0.0018814831833670245,0.9463946303571862,17.0,0.0018663617844257518,19.0,0.00187111340335744,15.0,0.0018745330081489523,21.0,0.0018908573418738312,10.0,0.0018624327038848458,66.0,0.001884119267731925,15.0,0.001874548686590749,17.0,0.0018835085465544036,,,,,,,0.9856676426534906,0.9720048748581784,0.9500685975366211,0.8907082013105602,0.8649735207179273,0.9820171591115974,0.9877812438119247,0.9967828263127351,,,,,,,,,
709,yes/no,Is there snow on the ground?,yes,http://images.cocodataset.org/train2014/COCO_train2014_000000131299.jpg,6,183,0.9977507354160093,-0.10351219028234482,Yes,6,18.0,0.002145171081288989,0.977342973473178,12.0,0.0021160107084841943,87.0,0.0021636288587108094,20.0,0.002137874552878042,81.0,0.0021568427147810524,15.0,0.002084460386953016,,,,,,,,,,,,,0.9808340377961403,0.9656957041599197,0.9349775297671233,0.9783070867223748,0.9949490477321437,,,,,,,,,,,,
710,yes/no,Does this oven look new?,no,http://images.cocodataset.org/train2014/COCO_train2014_000000131300.jpg,3,312,0.9988260575994069,-0.0037493573036044836,No,3,18.0,0.0018892176935976957,0.9955380299191111,46.0,0.0018976607639618582,57.0,0.0018971123665103586,,,,,,,,,,,,,,,,,,,0.983405539489973,0.9855872387929691,,,,,,,,,,,,,,,
711,yes/no,Does the oven have a digital buttons?,no,http://images.cocodataset.org/train2014/COCO_train2014_000000131300.jpg,4,270,0.9984259422527075,-0.16946616768836975,No,4,22.0,0.001981293779314783,0.8949645376549995,69.0,0.001939978262854402,15.0,0.0019350194355734975,15.0,0.0019317327525307675,,,,,,,,,,,,,,,,,0.9953294535953225,0.9664572819896988,0.9664572819896989,,,,,,,,,,,,,,
712,yes/no,Is this oven greasy?,yes,http://images.cocodataset.org/train2014/COCO_train2014_000000131300.jpg,7,223,0.9883023629843318,-0.023326832801103592,Yes,7,20.0,0.0025896666744212237,0.9658945311665491,15.0,0.002735359295681881,105.0,0.0026940397337793407,37.0,0.002596545434016476,17.0,0.0025810775595503134,15.0,0.002526344337477229,11.0,0.0025339206439246665,,,,,,,,,,,0.9189900464321514,0.9689402469454991,0.950421788594035,0.9963890537299694,0.982798115178801,0.9922150607220183,,,,,,,,,,,
713,yes/no,Is the pizza on a baking tray?,yes,http://images.cocodataset.org/train2014/COCO_train2014_000000131300.jpg,12,260,0.9987736001911488,-0.537962794303894,No,12,26.0,0.0019088411152698174,0.9817868687614789,25.0,0.0018950498653621938,31.0,0.0019022400607997469,22.0,0.0019056222839279643,19.0,0.0019077922807796662,36.0,0.0019063151091836905,34.0,0.0019228109638839608,31.0,0.0018894293986782067,47.0,0.0019034405342794733,13.0,0.0018957326336168218,30.0,0.001904718271377077,3.0,0.0018677992727928912,0.9520963796036712,0.9925166362731214,0.9195171617789994,0.9975194757207203,0.9248731331820528,0.9453461166698544,0.9606783413242757,0.9804036857071776,0.8956403056385981,0.9824567505740444,0.0,,,,,,
714,yes/no,Do you like chocolate cake?,yes,http://images.cocodataset.org/train2014/COCO_train2014_000000393445.jpg,5,224,0.9898943881709937,-0.06065716966986656,Yes,5,21.0,0.0029486259690990396,0.936781259256497,17.0,0.0027375753118034827,18.0,0.0034181347848520316,18.0,0.0028125077602892054,147.0,0.002837248720867218,,,,,,,,,,,,,,,0.9664022887695614,0.9910760598382222,0.9388201415867106,0.9781829556931696,,,,,,,,,,,,,
715,yes/no,Are there any water glasses on the table?,yes,http://images.cocodataset.org/train2014/COCO_train2014_000000524518.jpg,4,226,0.9918573731275492,-0.19569085538387299,Yes,4,17.0,0.0024573234914417466,0.9936520348079905,60.0,0.0025874985890236664,33.0,0.0026041293481104595,31.0,0.002820711257823728,,,,,,,,,,,,,,,,,0.9845447897156632,0.9911748435473898,0.9138654328328425,,,,,,,,,,,,,,
716,yes/no,Are there tomatoes on the pizza?,yes,http://images.cocodataset.org/train2014/COCO_train2014_000000524518.jpg,4,266,0.9898122443171599,-0.05103302374482155,Yes,4,15.0,0.002804328113343017,0.9877812438119247,12.0,0.0027336457822713135,30.0,0.0026374272428579914,27.0,0.0028340907670099526,,,,,,,,,,,,,,,,,0.9463946303571862,0.9604056336324698,0.9154293055100307,,,,,,,,,,,,,,
717,yes/no,Are there any people in the picture?,no,http://images.cocodataset.org/train2014/COCO_train2014_000000524518.jpg,3,127,0.9989358705172062,-0.6007214784622192,No,3,178.0,0.0019011234308295155,0.9881506631155527,268.0,0.001899048486553519,17.0,0.0018865100524539694,,,,,,,,,,,,,,,,,,,0.9858894255819864,0.9519839065438831,,,,,,,,,,,,,,,
718,yes/no,Can they go?,no,http://images.cocodataset.org/train2014/COCO_train2014_000000524520.jpg,6,263,0.997513081388331,-0.6145065426826477,No,6,36.0,0.00212344646530057,0.9305342013353222,16.0,0.002103478775016461,80.0,0.0020959485038453433,15.0,0.0020394746670866506,31.0,0.002060784055383815,10.0,0.0020081642498951946,,,,,,,,,,,,,0.886859507142915,0.9650425924382858,0.9446232142545791,0.9587847320090224,0.9911594714322186,,,,,,,,,,,,
719,yes/no,Are the cars parked?,no,http://images.cocodataset.org/train2014/COCO_train2014_000000524520.jpg,9,226,0.9760725178501605,-0.18600548803806305,Yes,9,25.0,0.0032961605020444705,0.9505030771498542,15.0,0.0033904117549362557,108.0,0.0034092408611197896,22.0,0.003352417743253909,15.0,0.0033217940644931143,15.0,0.0034119868214634833,43.0,0.003793033033924826,20.0,0.003424201592059918,16.0,0.003353988199882153,,,,,,,0.9602297178607612,0.9719752868487878,0.9346262260259476,0.9602297178607612,0.9500685975366211,0.9579616065305555,0.9794359242226801,0.9056390622295665,,,,,,,,,
720,yes/no,Are all the players wearing black shirts?,no,http://images.cocodataset.org/train2014/COCO_train2014_000000524522.jpg,7,130,0.997975856112151,-0.1996179223060608,No,7,106.0,0.00196057050244472,0.9796286280120402,22.0,0.001980715338399342,70.0,0.001963039756231177,17.0,0.0019633148136415854,58.0,0.0019510196356123095,70.0,0.0019498816860348482,30.0,0.0019471501581913005,,,,,,,,,,,0.9063593311749663,0.9773448721124445,0.9770358764490155,0.9928247167095546,0.9816171135799637,0.9735878771420183,,,,,,,,,,,
721,yes/no,Is one of the trains going through a tunnel?,yes,http://images.cocodataset.org/train2014/COCO_train2014_000000524525.jpg,8,300,0.9870190298928949,-0.18416033685207367,Yes,8,26.0,0.002723704324387386,0.9566466065061588,62.0,0.0027906617324362747,51.0,0.0028343006728526565,15.0,0.002797555637053798,22.0,0.0030366193043027266,29.0,0.0028460714078975898,20.0,0.0030104138203751584,16.0,0.0028815001220544017,,,,,,,,,0.9692658160818498,0.9592042216031167,0.9602297178607612,0.9477954545532473,0.9839067104067714,0.9089460785096519,0.886859507142915,,,,,,,,,,
722,yes/no,Is the door open?,no,http://images.cocodataset.org/train2014/COCO_train2014_000000131312.jpg,11,221,0.9993560076319821,-0.5885301828384399,No,11,30.0,0.001875922041408919,0.9793045316669398,15.0,0.0018763830053690827,20.0,0.0018754358811319024,23.0,0.001889485612523553,6.0,0.0018383004191350315,15.0,0.0018796778056608637,10.0,0.0018858637349047605,8.0,0.00186996944832483,27.0,0.0018869097373102298,39.0,0.0019021140674060598,15.0,0.0018670854921520803,,,0.9147366491799204,0.9701955028602793,0.9375221328852416,1.0,0.9147366491799203,1.0,0.954434002924965,0.9350740572236665,0.9539305742739151,0.982798115178801,,,,,,,
723,yes/no,Is the man on TV wearing a tie?,yes,http://images.cocodataset.org/train2014/COCO_train2014_000000131312.jpg,5,238,0.9963536804427192,-0.5867161154747009,Yes,5,29.0,0.002458716087629138,0.948791304529859,36.0,0.002277436809134916,15.0,0.002215915465886374,15.0,0.0021645129457598692,24.0,0.0022647149477513237,,,,,,,,,,,,,,,0.9789372164184188,0.9949490477321437,0.9718495448242642,0.9776902310822044,,,,,,,,,,,,,
724,yes/no,Is everyone wearing glasses?,no,http://images.cocodataset.org/train2014/COCO_train2014_000000131315.jpg,5,204,0.998851696496273,-0.09946715086698532,No,5,24.0,0.0018973763194739016,0.9941242220390273,122.0,0.0019232949272821025,15.0,0.0018964439803153385,25.0,0.0019098351143393905,36.0,0.0019060170000614186,,,,,,,,,,,,,,,0.9779845591097854,0.982798115178801,0.9505030771498539,0.9585596929558547,,,,,,,,,,,,,
725,yes/no,Are both people of the same ethnic background?,no,http://images.cocodataset.org/train2014/COCO_train2014_000000131315.jpg,5,265,0.9987929963709319,-0.5489155650138855,No,5,15.0,0.0019160673114718362,0.9543063494363562,54.0,0.001922415137573375,18.0,0.0019157427986294415,44.0,0.0019425111211181679,30.0,0.0019335464726625287,,,,,,,,,,,,,,,0.973353506273799,0.9579945435450241,0.9686385027378804,0.9699242827859329,,,,,,,,,,,,,
726,yes/no,The man is wearing a helmet?,yes,http://images.cocodataset.org/train2014/COCO_train2014_000000262389.jpg,7,262,0.9904553964038131,-0.32587453722953796,Yes,7,33.0,0.002841648023013569,0.9479153459101665,101.0,0.0027824001178550386,57.0,0.0027579682487327783,18.0,0.0026235851266852993,25.0,0.0026314617438581347,16.0,0.002507549282641401,16.0,0.0025272866722328086,,,,,,,,,,,0.977742931837522,0.9837444757473038,0.9388201415867106,0.9731010084990853,0.9618974703476992,0.9528195311147832,,,,,,,,,,,
727,yes/no,Is this a government official's plane?,yes,http://images.cocodataset.org/train2014/COCO_train2014_000000000247.jpg,8,296,0.9936830688677798,-0.34513601660728455,No,8,25.0,0.002358719725921308,0.8967604755637348,20.0,0.0022932619238197494,61.0,0.002305071438227039,16.0,0.0022768609257028836,15.0,0.0023509783345085533,16.0,0.0022509434049050817,15.0,0.002358682055393017,18.0,0.002215239577004629,,,,,,,,,0.9416915491145067,0.9718770532785622,0.9965119062478288,0.9709505944546686,0.9414280318460245,0.9709505944546686,0.9941181381188445,,,,,,,,,,
728,yes/no,Are the kids sitting?,no,http://images.cocodataset.org/train2014/COCO_train2014_000000393464.jpg,3,191,0.998888717487973,-0.0023932461626827717,No,3,231.0,0.0019374907277547352,0.9827753290238377,30.0,0.001928625260802421,39.0,0.001936617446890244,,,,,,,,,,,,,,,,,,,0.943836379051161,0.9518703953049704,,,,,,,,,,,,,,,
729,yes/no,Are these children playing a game?,yes,http://images.cocodataset.org/train2014/COCO_train2014_000000393464.jpg,3,240,0.9877071457083021,-0.025077253580093384,Yes,3,115.0,0.00294893337986071,0.9692099490092254,16.0,0.002814996728428189,70.0,0.002772062956655352,,,,,,,,,,,,,,,,,,,0.9248008763572907,0.9804555895723641,,,,,,,,,,,,,,,
730,yes/no,The zebras are in a field?,no,http://images.cocodataset.org/train2014/COCO_train2014_000000262393.jpg,5,353,0.9957488601116923,-0.5449784994125366,Yes,5,21.0,0.0023088790304451033,0.9907017951253161,16.0,0.0022562068356867387,15.0,0.002324297638981731,25.0,0.0024545370286300286,23.0,0.0023347506515891832,,,,,,,,,,,,,,,0.9886085007312413,0.9877812438119247,0.9440510350957405,0.9244732696028456,,,,,,,,,,,,,
731,yes/no,Have you ever been to this intersection?,no,http://images.cocodataset.org/train2014/COCO_train2014_000000000250.jpg,4,218,0.9978035451051691,-0.10924715548753738,No,4,96.0,0.002020139668497658,0.986445056005839,65.0,0.002017097267374399,52.0,0.0020285607286595975,16.0,0.0020330593061162316,,,,,,,,,,,,,,,,,0.974221682304612,0.9953973815857314,0.9965119062478288,,,,,,,,,,,,,,
732,yes/no,Are some of the trees dead?,yes,http://images.cocodataset.org/train2014/COCO_train2014_000000131323.jpg,0,279,0.986090245949521,-0.028013281524181366,Yes,0,,,,,,,,,,,,,,,,,,,,,,,,,,,,,,,,,,,,,,,,,,
733,yes/no,Are the rocks for the giraffe to sit on?,no,http://images.cocodataset.org/train2014/COCO_train2014_000000131323.jpg,5,271,0.9983605336693736,-0.12723514437675476,No,5,51.0,0.0020134012159526136,0.9589123279208908,41.0,0.001997144794446328,20.0,0.0019896883303863466,15.0,0.0019642219195897914,17.0,0.001958213001335154,,,,,,,,,,,,,,,0.9495043241076271,0.9416915491145068,0.982798115178801,0.981232716348107,,,,,,,,,,,,,
734,yes/no,Does someone have a green thumb?,yes,http://images.cocodataset.org/train2014/COCO_train2014_000000131330.jpg,4,235,0.9897288798406562,-0.1456754207611084,Yes,4,195.0,0.002906307155278395,0.972063194691444,23.0,0.0028981477541330796,19.0,0.002819644456005814,15.0,0.0028194240564358383,,,,,,,,,,,,,,,,,0.9160773047093677,0.9720048748581784,0.9877812438119247,,,,,,,,,,,,,,
735,yes/no,Is the seedling a hybrid?,yes,http://images.cocodataset.org/train2014/COCO_train2014_000000131330.jpg,1,312,0.9989101177652183,-0.5985464453697205,No,1,21.0,0.001942089362141666,0.9907017951253161,,,,,,,,,,,,,,,,,,,,,,,,,,,,,,,,,,,,,,,
736,yes/no,Is there a tent in the snow?,yes,http://images.cocodataset.org/train2014/COCO_train2014_000000524547.jpg,2,222,0.9767295890776482,-0.017840513959527016,Yes,2,61.0,0.003416387229124864,0.9926300517802649,36.0,0.0033428389381240757,,,,,,,,,,,,,,,,,,,,,0.9848061328527936,,,,,,,,,,,,,,,,
737,yes/no,Is this terminal safe at night?,yes,http://images.cocodataset.org/train2014/COCO_train2014_000000000260.jpg,7,248,0.9966598142708787,-0.38872310519218445,Yes,7,49.0,0.0021969595870080186,0.9660814082579451,33.0,0.0023441844493059844,40.0,0.0022197705485989773,54.0,0.0022274011303433784,27.0,0.002222343548384063,27.0,0.0022853511638540338,17.0,0.002223336454967346,,,,,,,,,,,0.9911125919419405,0.9753735822808935,0.9621478945055928,0.9928370275077356,0.9693122692797389,0.8787419949064399,,,,,,,,,,,
738,yes/no,Is the woman by herself?,yes,http://images.cocodataset.org/train2014/COCO_train2014_000000000260.jpg,8,240,0.9943946829638634,-0.4397881031036377,Yes,8,30.0,0.002472526355529869,0.9983958159908184,16.0,0.002315444618683397,17.0,0.0023552065422790223,16.0,0.00231588017393857,37.0,0.002338325600421007,85.0,0.002381225032077901,35.0,0.0023944053517304486,16.0,0.002378335867208277,,,,,,,,,0.9414280318460244,0.8919296718389884,0.9248008763572906,0.954763986502463,0.9705929708217077,0.9404428487701868,0.9463946303571862,,,,,,,,,,
739,yes/no,Is it a clear day?,yes,http://images.cocodataset.org/train2014/COCO_train2014_000000524551.jpg,8,208,0.9888604689827514,-0.014325760304927826,Yes,8,37.0,0.002814115310812118,0.9422954649536038,23.0,0.002857363207839818,140.0,0.0028923746618788764,84.0,0.002851227473973176,16.0,0.0030579723240763937,50.0,0.0029532252989949454,16.0,0.0031013245959096943,15.0,0.0027427795687570023,,,,,,,,,0.9668324690003138,0.9872887566383829,0.9806388431283126,1.0,0.9334856721461222,0.9886994082884974,0.9877812438119247,,,,,,,,,,
740,yes/no,Is this person prone on his back or on his knees?,no,http://images.cocodataset.org/train2014/COCO_train2014_000000393480.jpg,4,139,0.9073995122408943,-0.9172680974006653,K,4,177.0,0.008937928488452911,0.9761195216994211,18.0,0.013969768190792119,16.0,0.006599383654665862,11.0,0.0047601549887275685,,,,,,,,,,,,,,,,,0.872009434056298,0.9592101522724051,0.9681300137657637,,,,,,,,,,,,,,
741,yes/no,Is the skier on the ground?,yes,http://images.cocodataset.org/train2014/COCO_train2014_000000393480.jpg,5,232,0.982774126013461,-0.1582408845424652,Yes,5,16.0,0.0029559890156220063,0.9320201587042914,41.0,0.0028291278632636,23.0,0.002922402491192628,22.0,0.0029321377611251143,133.0,0.002757889556040437,,,,,,,,,,,,,,,0.969937626634676,0.9810720783927832,0.9598452870248484,0.9848469061745148,,,,,,,,,,,,,
742,yes/no,Is the subject of the photo facing downhill?,yes,http://images.cocodataset.org/train2014/COCO_train2014_000000393480.jpg,6,249,0.998953249511046,-0.5279014110565186,No,6,15.0,0.001970054297856273,0.9500685975366211,126.0,0.0019682470732820456,18.0,0.0019484889540875992,17.0,0.0019482038946139937,18.0,0.0019579926471214896,46.0,0.0019715752664477447,,,,,,,,,,,,,0.9798191452519949,0.9955380299191112,0.9771236998460401,0.9206250851407775,0.9699766384554702,,,,,,,,,,,,
743,yes/no,Is this man attached to his surfboard?,yes,http://images.cocodataset.org/train2014/COCO_train2014_000000131339.jpg,9,321,0.9956099997380722,-0.5642107129096985,Yes,9,27.0,0.0024187793065000344,0.9764903352594523,51.0,0.0023793138420666687,16.0,0.002348059301122347,27.0,0.0023731741585330196,15.0,0.0022980533596530447,20.0,0.002389350570779058,15.0,0.0023776528200386876,26.0,0.002326131461510615,30.0,0.0022853204668397877,,,,,,,0.9557149478304623,0.949701216438411,0.9446284658391854,0.9602297178607612,0.9835386311891134,0.8649735207179273,0.9135482733368907,0.9652095200438872,,,,,,,,,
744,yes/no,Is this man riding a surfboard?,yes,http://images.cocodataset.org/train2014/COCO_train2014_000000131339.jpg,1,316,0.9776011782137788,-0.10434122383594513,Yes,1,40.0,0.003210741271845808,0.9613520539647519,,,,,,,,,,,,,,,,,,,,,,,,,,,,,,,,,,,,,,,
745,yes/no,Is he wearing the right type of suit?,yes,http://images.cocodataset.org/train2014/COCO_train2014_000000131339.jpg,7,124,0.9991865392888489,-0.44508856534957886,No,7,33.0,0.0018735357712793617,0.9844517632609,18.0,0.0018768289668510017,74.0,0.001894677866746437,133.0,0.0018798310697830689,21.0,0.0018738440412933407,6.0,0.001867070760432266,24.0,0.0018796673006811193,,,,,,,,,,,0.9955380299191111,0.9771253556099565,0.9731505491246182,0.9785395778702867,1.0,0.9859894062555719,,,,,,,,,,,
746,yes/no,Is the man riding a white board?,no,http://images.cocodataset.org/train2014/COCO_train2014_000000131339.jpg,10,128,0.9980727188643228,-0.06390859186649323,No,10,34.0,0.0020168034863366725,0.9672216275471334,43.0,0.002034311061287812,33.0,0.0020406855772302766,57.0,0.0020359635362751077,19.0,0.0020303973103406557,81.0,0.002041658112756072,40.0,0.00202886279608708,23.0,0.002035634860679921,16.0,0.0020359986667991634,36.0,0.0020331634260177447,,,,,0.9812737679688848,0.9289600411030504,0.9750193683224202,0.9462035592964384,0.9664187312282457,0.9533896137799038,0.992638795254511,0.9755307720176266,0.9705188881143428,,,,,,,,
747,yes/no,Is the woman surfing?,yes,http://images.cocodataset.org/train2014/COCO_train2014_000000131339.jpg,1,311,0.9859504308500345,-0.4367593228816986,Yes,1,42.0,0.0028881072175941476,0.9744477071262355,,,,,,,,,,,,,,,,,,,,,,,,,,,,,,,,,,,,,,,
748,yes/no,Is the boy in the middle being attacked?,no,http://images.cocodataset.org/train2014/COCO_train2014_000000524557.jpg,4,231,0.9983008792626261,-0.1897956132888794,No,4,70.0,0.001953688162754405,0.9648777761233069,36.0,0.001938944694376861,52.0,0.001946000914505199,16.0,0.0019431918880011257,,,,,,,,,,,,,,,,,0.9785457988007077,0.9845023715076773,0.9618974703476992,,,,,,,,,,,,,,
749,yes/no,Does the boy have his head stuck in the net?,no,http://images.cocodataset.org/train2014/COCO_train2014_000000524557.jpg,5,209,0.9983100046119903,-0.15001444518566132,No,5,23.0,0.001963618566031279,0.962898239727323,70.0,0.0019477375084318309,50.0,0.0019410466703338874,34.0,0.001930359172207166,16.0,0.001938052826116014,,,,,,,,,,,,,,,0.9689679440794734,0.9807030419953692,0.9804272990047328,0.9618974703476992,,,,,,,,,,,,,
750,yes/no,Does the guy on the right look happy?,yes,http://images.cocodataset.org/train2014/COCO_train2014_000000131342.jpg,6,260,0.9856146655684365,-0.016122449189424515,Yes,6,57.0,0.003018315175267258,0.9654424869759968,2.0,0.0023923462943884867,21.0,0.002694083076032532,19.0,0.002754599212731662,16.0,0.002835708654274954,18.0,0.0030292999820843197,,,,,,,,,,,,,0.0,0.9875702881442232,0.9732425514710831,0.9528195311147832,0.9081700569267038,,,,,,,,,,,,
751,yes/no,Are there multiple vegetables on the plate?,yes,http://images.cocodataset.org/train2014/COCO_train2014_000000393488.jpg,5,255,0.9965856452252427,-0.042575620114803314,Yes,5,35.0,0.0021895515631682114,0.9553999642579547,15.0,0.002222226268964562,100.0,0.002208132542743985,18.0,0.0023020943190884,22.0,0.0022670139010191044,,,,,,,,,,,,,,,0.9877812438119246,0.9830812189272425,0.9206198357143051,0.9645454255594046,,,,,,,,,,,,,
752,yes/no,Is there meat on the plate?,yes,http://images.cocodataset.org/train2014/COCO_train2014_000000393488.jpg,5,236,0.995654449236242,-0.11717193573713303,Yes,5,44.0,0.0022386165487551395,0.9751044257480322,16.0,0.0023305973078337613,92.0,0.0022826128467078152,15.0,0.00238062604867989,16.0,0.0023955342268946675,,,,,,,,,,,,,,,0.9755307720176266,0.9767098126069108,0.8830374409547587,0.886859507142915,,,,,,,,,,,,,
753,yes/no,Is this a brand new phone?,no,http://images.cocodataset.org/train2014/COCO_train2014_000000393489.jpg,6,289,0.9988771120017761,-0.5862769484519958,No,6,15.0,0.0018690735586923705,0.8983958159908183,20.0,0.0018667499640159224,29.0,0.0018655565437398264,15.0,0.0018739220368780786,16.0,0.0018665908464815405,16.0,0.0018741711714104696,,,,,,,,,,,,,0.9737442138807325,0.9893071477726375,0.9602297178607612,0.9414280318460245,0.9965119062478288,,,,,,,,,,,,
754,yes/no,Does this phone fold closed?,no,http://images.cocodataset.org/train2014/COCO_train2014_000000393489.jpg,6,278,0.998345071523418,-0.4906860888004303,Yes,6,43.0,0.0020779033247592814,0.9468526385760659,17.0,0.0020801548314211974,15.0,0.0020353004985860738,34.0,0.0020658568738952513,25.0,0.002130431910482445,33.0,0.002062384638102161,,,,,,,,,,,,,0.9967828263127351,0.944623214254579,0.9797334595191465,0.8824672814612071,0.9745418080424673,,,,,,,,,,,,
755,yes/no,Is the phone broken?,no,http://images.cocodataset.org/train2014/COCO_train2014_000000393489.jpg,7,227,0.9986899713036732,-0.13186705112457275,No,7,21.0,0.0018976848768932617,0.9363346784550165,40.0,0.001888570592371951,16.0,0.0018849765154108822,93.0,0.0018942611106582338,16.0,0.0018948776317979157,27.0,0.0018917631853515196,17.0,0.001890813706385023,,,,,,,,,,,0.9975792162045557,0.9618974703476992,0.9736237258964595,0.9755307720176265,0.9380371505053449,0.9967828263127351,,,,,,,,,,,
756,yes/no,Is the phone light on?,no,http://images.cocodataset.org/train2014/COCO_train2014_000000393489.jpg,7,241,0.998390248163488,-0.5726679563522339,Yes,7,52.0,0.0020596899376570795,0.9761268279824898,18.0,0.002071895746704681,51.0,0.002064894936419283,18.0,0.002041787362180532,33.0,0.0020606256181185134,17.0,0.002102879053494029,20.0,0.002047625535157899,,,,,,,,,,,0.9915323997298832,0.9470029708306298,0.952437502577629,0.9948586330957647,0.8702290979524684,0.9156703652986375,,,,,,,,,,,
757,yes/no,Is the display on?,no,http://images.cocodataset.org/train2014/COCO_train2014_000000393489.jpg,7,228,0.9983827115907496,-0.5257107019424438,Yes,7,47.0,0.0020816819690297112,0.9623716067736501,18.0,0.002091048620017561,50.0,0.0020852625122006157,17.0,0.0020492788847922497,33.0,0.002077942779603094,16.0,0.002110072204929391,19.0,0.0020621499360699443,,,,,,,,,,,0.9915323997298832,0.9474385545138516,0.9664022887695614,0.9948586330957647,0.886859507142915,0.8964728241376874,,,,,,,,,,,
758,yes/no,Is the person using skype?,no,http://images.cocodataset.org/train2014/COCO_train2014_000000393489.jpg,7,246,0.9987387554320082,-0.04771577939391136,No,7,70.0,0.001872256559352399,0.9690590209465576,24.0,0.001890090167418427,21.0,0.001872153406288003,16.0,0.0018814919043538942,24.0,0.001873420552379312,76.0,0.0018808532449908547,15.0,0.0018745423369170991,,,,,,,,,,,0.9642934129442272,0.997618320255157,0.8620485698650454,0.9558902111251072,0.980633641242486,0.9500685975366211,,,,,,,,,,,
759,yes/no,Is the phone on?,no,http://images.cocodataset.org/train2014/COCO_train2014_000000393489.jpg,9,227,0.99894456529751,-0.5549465417861938,No,9,24.0,0.0018824338867475723,0.9477867202775714,15.0,0.0018627079089349199,15.0,0.001864045944804208,37.0,0.0018656322210304453,38.0,0.0018638049746385766,21.0,0.0018810600415960967,15.0,0.0018537574853988623,17.0,0.0018673470065568715,17.0,0.0018733281449610445,,,,,,,0.9161314485121342,0.8983958159908183,0.9580688269292712,0.9768838088520351,0.8751124386426175,0.9718495448242642,0.9256134079485958,0.9967828263127351,,,,,,,,,
760,yes/no,Is the background clear?,yes,http://images.cocodataset.org/train2014/COCO_train2014_000000393489.jpg,7,249,0.9989907301173341,-0.6420886516571045,No,7,21.0,0.00191886559109066,0.936781259256497,15.0,0.0019106788567769643,15.0,0.0019010081094505077,111.0,0.0019071231394080551,15.0,0.001900425844469041,49.0,0.0019051865106296914,15.0,0.0018885433085535086,,,,,,,,,,,0.9602297178607612,1.0,0.983958780041498,0.9161314485121343,0.9672596774323315,0.9664572819896988,,,,,,,,,,,
761,yes/no,Is this an inside stadium?,yes,http://images.cocodataset.org/train2014/COCO_train2014_000000336077.jpg,8,287,0.9918465657077776,-0.26993370056152344,Yes,8,16.0,0.0025009057031686634,0.9965119062478288,34.0,0.0025261734026907783,37.0,0.0025606318198236537,17.0,0.002646967813608452,19.0,0.0025050943819683548,20.0,0.002496535477947208,36.0,0.0024881583996832057,25.0,0.0025670043977514922,,,,,,,,,0.979295073448522,0.9367713383582238,0.926262155095312,0.9495113755878273,0.9927376486136672,0.9668297520864441,0.9379260350024929,,,,,,,,,,
762,yes/no,Is the stadium crowded?,yes,http://images.cocodataset.org/train2014/COCO_train2014_000000336077.jpg,5,321,0.9969712107973516,-0.03120519034564495,Yes,5,36.0,0.002215837125250515,0.9597625814758619,18.0,0.0021595076010578803,29.0,0.002158888557960258,16.0,0.0021847032806917655,15.0,0.0020911866611163883,,,,,,,,,,,,,,,0.9319131950454079,0.9300715749465442,0.9463946303571862,0.982798115178801,,,,,,,,,,,,,
763,yes/no,Is the stadium full?,yes,http://images.cocodataset.org/train2014/COCO_train2014_000000336077.jpg,9,247,0.9973537783679108,-0.05352262035012245,Yes,9,17.0,0.0021612217153754794,0.9878171319090819,31.0,0.0022045464282673026,118.0,0.002186630813261439,36.0,0.0021701165579534106,17.0,0.002144823072057607,10.0,0.0020607107082962137,30.0,0.002134994044981464,22.0,0.002165695084788285,26.0,0.00220321172167422,,,,,,,0.9563105902868927,0.9808719501685165,0.9505011564923818,0.925613407948596,0.9602297178607612,0.9507322988074647,0.9849226290193992,0.9892410142019504,,,,,,,,,
764,yes/no,Is there a baseball player holding a bat?,yes,http://images.cocodataset.org/train2014/COCO_train2014_000000336077.jpg,8,246,0.990554946762003,-0.10772194713354111,Yes,8,128.0,0.002644957143221604,0.9767268759811301,33.0,0.0026789782610122962,37.0,0.002686030761246925,9.0,0.0023800560952408106,16.0,0.0025134715718340625,11.0,0.002640178804088063,28.0,0.0026129223266874906,28.0,0.0027699577802791733,,,,,,,,,0.957716840983758,0.9574228193461607,0.9656336071428252,0.9414280318460245,0.9940302114769565,0.9598164920666118,0.9813785236762205,,,,,,,,,,
765,yes/no,Is this bathroom all white?,no,http://images.cocodataset.org/train2014/COCO_train2014_000000546179.jpg,2,310,0.9980030805667212,-0.629830002784729,No,2,67.0,0.002007409726119443,0.9812328648857651,17.0,0.0019739930777605257,,,,,,,,,,,,,,,,,,,,,0.9771236998460401,,,,,,,,,,,,,,,,
766,yes/no,Has the bathroom been renovated recently?,no,http://images.cocodataset.org/train2014/COCO_train2014_000000546179.jpg,13,248,0.9944260913703864,-0.5746056437492371,Yes,13,16.0,0.002353190959978546,0.985056822321508,3.0,0.0021809681670468097,59.0,0.0023352537927598086,15.0,0.0023908985922830904,9.0,0.002198058999270481,2.0,0.0021397024019566982,15.0,0.0023722254308258263,13.0,0.0025129676991050803,34.0,0.002382771419967877,33.0,0.002377358751601453,31.0,0.0024163891198165153,16.0,0.002349465641941952,0.0,0.9701036866390721,0.9018972358711528,0.9656336071428252,0.0,0.9189900464321514,0.8904916402194913,0.9797128714504786,0.9434779446995489,0.9347992492938805,0.9965119062478288,19.0,0.0023785992679181446,0.90647263812994,,,
767,yes/no,Are there towels on the ground?,no,http://images.cocodataset.org/train2014/COCO_train2014_000000546179.jpg,3,322,0.9986675424024586,-0.6344824433326721,No,3,20.0,0.0019487627907246654,0.9596390821693782,13.0,0.0019139956710517829,16.0,0.0019380377985710054,,,,,,,,,,,,,,,,,,,0.9938866857439921,0.9886085007312413,,,,,,,,,,,,,,,
768,yes/no,Does this look clean?,yes,http://images.cocodataset.org/train2014/COCO_train2014_000000546179.jpg,6,344,0.986709283788488,-0.06511528044939041,Yes,6,25.0,0.0028208682823378044,0.9745130035431456,15.0,0.00286517141351303,15.0,0.0027005155346799393,11.0,0.0030310538386963417,25.0,0.0029955825190456937,17.0,0.002723999758173127,,,,,,,,,,,,,0.9654013672997089,0.9949490477321437,0.9456603046006401,0.9555371569586555,0.9856676426534905,,,,,,,,,,,,
769,yes/no,Is the shower curtain open?,no,http://images.cocodataset.org/train2014/COCO_train2014_000000546179.jpg,1,313,0.9950715271924104,-0.4637404680252075,No,1,44.0,0.0021011342943633364,0.9795269273551358,,,,,,,,,,,,,,,,,,,,,,,,,,,,,,,,,,,,,,,
770,yes/no,Does this bike have training wheels?,yes,http://images.cocodataset.org/train2014/COCO_train2014_000000393493.jpg,3,196,0.9937100251248323,-0.3690519332885742,Yes,3,146.0,0.002550628994683042,0.9674042789753508,92.0,0.0024321023494736542,17.0,0.0024046872245652474,,,,,,,,,,,,,,,,,,,0.9897261318910778,0.9963890537299694,,,,,,,,,,,,,,,
771,yes/no,Is the picnic table red?,yes,http://images.cocodataset.org/train2014/COCO_train2014_000000393493.jpg,4,178,0.9966339802137237,-0.07171472907066345,Yes,4,24.0,0.0022266655130660767,0.9280581239432161,199.0,0.002267242185105991,16.0,0.002315802781816692,10.0,0.00215806437416756,,,,,,,,,,,,,,,,,0.9789981757345102,0.949701216438411,0.9372305632161296,,,,,,,,,,,,,,
772,yes/no,Is this a clean room?,no,http://images.cocodataset.org/train2014/COCO_train2014_000000131351.jpg,8,222,0.996545755817696,-0.21474041044712067,No,8,54.0,0.002019455338700914,0.970463542941931,53.0,0.0020459748264868567,31.0,0.002037355696094702,27.0,0.0020267982846194532,15.0,0.0020066537837238373,15.0,0.0020353511353629087,16.0,0.0020293406423519587,6.0,0.001993453315229638,,,,,,,,,0.9424929292858746,0.9763834999274413,0.9936173358336904,0.982798115178801,0.8443536850036224,0.949701216438411,0.9182958340544896,,,,,,,,,,
773,yes/no,Is this bathroom clean?,yes,http://images.cocodataset.org/train2014/COCO_train2014_000000131351.jpg,9,199,0.9964966401733399,-0.1836484670639038,No,9,54.0,0.0020259234205947654,0.970463542941931,16.0,0.0020446420978350458,61.0,0.0020449483638388254,28.0,0.002042767085936746,29.0,0.0020262410994394357,10.0,0.002010275695466232,17.0,0.0020334460069939726,17.0,0.0020324164346912548,6.0,0.0019943126583034597,,,,,,,0.886859507142915,0.9592058563142233,0.9642508340183116,0.971019255248206,0.9372305632161296,0.8516924496551459,0.9770358764490155,0.9182958340544896,,,,,,,,,
774,yes/no,Is the room clean?,no,http://images.cocodataset.org/train2014/COCO_train2014_000000131351.jpg,8,253,0.9967446255363288,-0.2906869947910309,No,8,47.0,0.002016273255853973,0.974700586283493,16.0,0.0020447423689354326,38.0,0.0020383245479372136,39.0,0.0020408606741536537,28.0,0.0020186904237056887,18.0,0.002019274300625541,15.0,0.002011307930258006,15.0,0.001995144852347329,,,,,,,,,0.9886994082884974,0.9943036614169108,0.9841617033172144,0.9724347495570991,0.9915323997298832,0.9877812438119247,0.9664572819896988,,,,,,,,,,
775,yes/no,Is there a mirror in the bathroom?,no,http://images.cocodataset.org/train2014/COCO_train2014_000000131351.jpg,7,254,0.9969096234703854,-0.195157989859581,No,7,30.0,0.0020289526190967262,0.9930639563238245,18.0,0.002044281421090135,33.0,0.0020352761840454836,38.0,0.0020541980389798043,15.0,0.0020241608872799918,16.0,0.002019069374104736,15.0,0.002008496185488832,,,,,,,,,,,0.872009434056298,0.9955701567186782,0.9853521465582286,0.9018972358711528,0.9965119062478288,1.0,,,,,,,,,,,
776,yes/no,Is there a green plant in this room?,no,http://images.cocodataset.org/train2014/COCO_train2014_000000131351.jpg,7,231,0.9968127164912652,-0.0727391317486763,No,7,43.0,0.0020151515079629367,0.9507199121194965,18.0,0.0020431980331042858,35.0,0.002043907720431652,36.0,0.002046879415067856,24.0,0.002016046808276111,14.0,0.00201009116556559,13.0,0.0020077381914194578,,,,,,,,,,,0.872009434056298,0.9926856150315784,0.9825062502380122,0.9646872283675246,0.9821410328348752,0.9629470156266078,,,,,,,,,,,
777,yes/no,Is this room clean?,no,http://images.cocodataset.org/train2014/COCO_train2014_000000131351.jpg,8,211,0.9964850966291965,-0.14460407197475433,No,8,54.0,0.0020274969174499664,0.970463542941931,63.0,0.0020482251431346785,21.0,0.0020301002914711657,30.0,0.002045602889345422,29.0,0.0020281699731400002,11.0,0.002016355497554507,17.0,0.002034078346065279,7.0,0.0019976298087470037,,,,,,,,,0.9568474956464136,0.896408975216934,0.9692538648549296,0.971019255248206,0.9056185178648963,0.9770358764490155,0.9852281360342515,,,,,,,,,,
778,yes/no,Is the cat trying to catch a bird?,no,http://images.cocodataset.org/train2014/COCO_train2014_000000524572.jpg,7,297,0.9984795002775417,-0.1254640519618988,No,7,16.0,0.001967777635358202,0.9463946303571862,21.0,0.001954655611352802,17.0,0.00196285215424038,17.0,0.001944638540235602,16.0,0.0019461378509270974,33.0,0.001939836446703771,30.0,0.001953611002273797,,,,,,,,,,,0.997618320255157,0.9967828263127351,0.9856676426534906,0.9772170014624825,0.9809670428601983,0.9637496279648335,,,,,,,,,,,
779,yes/no,Is the writing in French?,no,http://images.cocodataset.org/train2014/COCO_train2014_000000393503.jpg,2,279,0.9961139662023486,-0.05955402925610542,No,2,23.0,0.002236783530795484,0.9056822735153807,15.0,0.002164860124594702,,,,,,,,,,,,,,,,,,,,,0.9877812438119246,,,,,,,,,,,,,,,,
780,yes/no,Is this a traveling circus?,no,http://images.cocodataset.org/train2014/COCO_train2014_000000393503.jpg,3,292,0.9964183238086143,-0.49854907393455505,No,3,23.0,0.002227263928514753,0.9782534167892911,21.0,0.0021435617254405496,30.0,0.0020756706513985683,,,,,,,,,,,,,,,,,,,0.9693542486434171,0.9966326984880958,,,,,,,,,,,,,,,
781,yes/no,Are there long lenses?,yes,http://images.cocodataset.org/train2014/COCO_train2014_000000414639.jpg,6,222,0.9988945873852152,-0.09455931931734085,No,6,22.0,0.001877030584660905,0.989062158294503,111.0,0.0018880351801189624,46.0,0.0019069556075069793,26.0,0.0019026286643057527,9.0,0.0018824319192481552,10.0,0.0018860235744385424,,,,,,,,,,,,,0.983504925821657,0.959178331449537,0.9610115714257866,0.9182958340544896,0.9709505944546686,,,,,,,,,,,,
782,yes/no,Is everyone wearing long sleeves?,yes,http://images.cocodataset.org/train2014/COCO_train2014_000000131366.jpg,5,247,0.9988551911920259,-0.14484089612960815,No,5,23.0,0.001920397754079855,0.9876197168461964,15.0,0.0019239038722957064,16.0,0.0018866747710513066,173.0,0.0019043879931109143,16.0,0.0018884938972788476,,,,,,,,,,,,,,,0.9709505944546686,0.9886085007312413,0.9727445599818477,0.9618974703476992,,,,,,,,,,,,,
783,yes/no,Are the woman wearing short dresses?,yes,http://images.cocodataset.org/train2014/COCO_train2014_000000131366.jpg,8,202,0.9929190952038487,-0.21171759068965912,Yes,8,163.0,0.002605713224972317,0.9761490477222313,20.0,0.0025473313843756575,15.0,0.002389929393644856,8.0,0.00248071490490687,25.0,0.0025024632709044568,17.0,0.0027326836166145143,19.0,0.0025254142119558484,11.0,0.0023925209993054452,,,,,,,,,0.9416915491145067,0.982798115178801,0.954434002924965,0.9505030771498542,0.8702290979524684,0.9720048748581784,0.9713067383178076,,,,,,,,,,
784,yes/no,Is the lady smiling?,yes,http://images.cocodataset.org/train2014/COCO_train2014_000000131366.jpg,7,227,0.9905833873782512,-0.04220642149448395,Yes,7,15.0,0.0025302056751558633,0.9664572819896988,99.0,0.0026955780480116412,15.0,0.0026956290563614426,54.0,0.002731731037803607,51.0,0.0026819381831658744,26.0,0.002627873390293287,8.0,0.002558277758034079,,,,,,,,,,,0.96410679199711,0.9018972358711528,0.9652364663351808,0.979442090022778,0.9439287762440044,0.954434002924965,,,,,,,,,,,
785,yes/no,Do they play for Red Sox?,no,http://images.cocodataset.org/train2014/COCO_train2014_000000131366.jpg,2,200,0.9991870270524953,-0.02903134562075138,No,2,160.0,0.0018607011994752766,0.9800326100039914,52.0,0.0018612191600329382,,,,,,,,,,,,,,,,,,,,,0.9931297114746749,,,,,,,,,,,,,,,,
786,yes/no,Is this a mixed race group?,no,http://images.cocodataset.org/train2014/COCO_train2014_000000131366.jpg,5,252,0.9987417329497176,-0.2145216017961502,No,5,19.0,0.0019298055291138386,0.989497538622715,15.0,0.0019291582896685806,149.0,0.0019199929379801464,16.0,0.0019117134161973567,2.0,0.0018819226112526508,,,,,,,,,,,,,,,0.8649735207179273,0.97655467526868,0.9248008763572906,0.0,,,,,,,,,,,,,
787,yes/no,Are these people getting reading to go play sports?,yes,http://images.cocodataset.org/train2014/COCO_train2014_000000131366.jpg,4,230,0.9978083409342067,-0.43315547704696655,Yes,4,136.0,0.002206890270543755,0.965999642211876,80.0,0.0021934569633058195,20.0,0.0022110660594202654,18.0,0.002251269348151471,,,,,,,,,,,,,,,,,0.9688488695539716,0.9008047485295136,0.9342064019134055,,,,,,,,,,,,,,
788,yes/no,Is there any females?,yes,http://images.cocodataset.org/train2014/COCO_train2014_000000131366.jpg,5,253,0.9870187894308023,-0.018861085176467896,Yes,5,92.0,0.0028535348713277834,0.9721407025263359,16.0,0.002768983635087945,19.0,0.002722319632299983,38.0,0.0028844039886348357,16.0,0.0027156096167498087,,,,,,,,,,,,,,,0.9618974703476992,0.9621305296911875,0.9691714784325329,0.9886085007312413,,,,,,,,,,,,,
789,yes/no,Is this a shop?,no,http://images.cocodataset.org/train2014/COCO_train2014_000000131366.jpg,6,228,0.9990264962594373,-0.0024182209745049477,No,6,22.0,0.001887704777650468,0.9283266063904658,16.0,0.0018654469935939623,16.0,0.0018987161401603047,156.0,0.0018850085487367879,15.0,0.001894312528790596,54.0,0.0018848514586887535,,,,,,,,,,,,,0.9886085007312412,0.9886994082884974,0.983629509931058,0.7835807040488099,0.9931467839043312,,,,,,,,,,,,
790,yes/no,Are they happy?,yes,http://images.cocodataset.org/train2014/COCO_train2014_000000131366.jpg,6,201,0.9938758017145941,-0.032891545444726944,Yes,6,107.0,0.0025961006646969993,0.9588575768222313,15.0,0.002540892396899236,67.0,0.002542677614537653,19.0,0.002571084390166004,42.0,0.002591016134234003,25.0,0.0025559496050462194,,,,,,,,,,,,,0.9654013672997089,0.9590663404142435,0.9119149038015315,0.9817970779646107,0.9119690559409842,,,,,,,,,,,,
791,yes/no,Are the trying to fix the train?,yes,http://images.cocodataset.org/train2014/COCO_train2014_000000497565.jpg,8,325,0.9904957214038054,-0.273286372423172,Yes,8,15.0,0.002670222780743071,0.9602297178607612,28.0,0.0026951847764078917,12.0,0.002530444640556368,22.0,0.0026034680759967556,16.0,0.002593264914845155,30.0,0.002781511232602639,20.0,0.0028069204159118064,15.0,0.002638933207307201,,,,,,,,,0.9304474970966687,0.9808340377961404,0.9833753864788932,0.9414280318460245,0.9589781018452739,0.9713107216099232,0.8983958159908183,,,,,,,,,,
792,yes/no,Is the train black?,yes,http://images.cocodataset.org/train2014/COCO_train2014_000000497565.jpg,1,300,0.9859021664295653,-0.13423162698745728,Yes,1,15.0,0.0029225441910689523,0.9613833012053531,,,,,,,,,,,,,,,,,,,,,,,,,,,,,,,,,,,,,,,
793,yes/no,Is this an evening scene?,yes,http://images.cocodataset.org/train2014/COCO_train2014_000000101431.jpg,8,232,0.9792185479863158,-0.01600336842238903,Yes,8,15.0,0.0033307495854868504,0.9877812438119247,28.0,0.0030580827692689204,9.0,0.0028587507039959446,38.0,0.003166445502774173,40.0,0.0035005797151165343,34.0,0.0036556370907736817,17.0,0.0033662607570949894,16.0,0.0033879588909780825,,,,,,,,,0.9645491534778454,1.0,0.9847332066426742,0.9652922495308613,0.9689377762389905,0.9967828263127351,0.985056822321508,,,,,,,,,,
794,yes/no,Is this a desert scene?,yes,http://images.cocodataset.org/train2014/COCO_train2014_000000101431.jpg,10,225,0.9899317864978405,-0.40592241287231445,No,10,25.0,0.0024867968864321043,0.9934804071359582,30.0,0.0024163311402921584,30.0,0.0023772825610282266,23.0,0.0024084505685448678,40.0,0.0023904660568947267,30.0,0.0024381313712154426,13.0,0.0023887239921562505,47.0,0.002390926036989705,7.0,0.0023509466816165696,6.0,0.0023168694140240746,,,,,0.9472830964619772,0.9758071098111266,0.9841517646228418,0.966859397102202,0.96929346595908,0.99473723787795,0.9837803486751817,0.9852281360342515,1.0,,,,,,,,
795,yes/no,Is this a city street?,yes,http://images.cocodataset.org/train2014/COCO_train2014_000000262442.jpg,2,294,0.9916122640128,-0.04175271838903427,Yes,2,17.0,0.0031157088428955463,0.8726389366057715,18.0,0.0026098198467841235,,,,,,,,,,,,,,,,,,,,,0.9532156861075461,,,,,,,,,,,,,,,,
796,yes/no,Is she wearing a bonnet?,yes,http://images.cocodataset.org/train2014/COCO_train2014_000000021895.jpg,5,243,0.9979495415063648,-0.24952544271945953,No,5,55.0,0.002023602856866607,0.9758783800065789,35.0,0.0020020957124007063,18.0,0.001998840642377585,18.0,0.0019978851103965947,18.0,0.0020005757433262474,,,,,,,,,,,,,,,0.9984014316743423,0.9941181381188445,0.9941181381188445,0.9823887817956214,,,,,,,,,,,,,
797,yes/no,Was the woman's collar treated with starch?,yes,http://images.cocodataset.org/train2014/COCO_train2014_000000021895.jpg,2,246,0.9892413126249935,-0.10970820486545563,Yes,2,41.0,0.002918007112151528,0.9833774101049074,15.0,0.003997200893530154,,,,,,,,,,,,,,,,,,,,,0.8443536850036224,,,,,,,,,,,,,,,,
798,yes/no,Is it going to storm?,no,http://images.cocodataset.org/train2014/COCO_train2014_000000131373.jpg,7,255,0.9932941801833509,-0.16304418444633484,No,7,15.0,0.0021983170022097363,1.0,19.0,0.0022134745232603083,30.0,0.0021853689875578697,16.0,0.0022212131472242004,16.0,0.0021858902057556506,41.0,0.002200925430531664,59.0,0.0022016869727881994,,,,,,,,,,,0.94841021822029,0.9698952323040212,0.985056822321508,0.9772170014624825,0.9765143227585893,0.9811381788392917,,,,,,,,,,,
799,yes/no,Does this room have a low ceiling?,no,http://images.cocodataset.org/train2014/COCO_train2014_000000109277.jpg,5,331,0.9979177526298172,-0.6036410927772522,Yes,5,21.0,0.002088929819475586,0.9353777085126238,23.0,0.002128003724106062,24.0,0.00209102878406938,22.0,0.002068203439090586,15.0,0.0020782103575409704,,,,,,,,,,,,,,,0.9668324690003138,0.9764415047936531,0.9833753864788932,0.9147366491799203,,,,,,,,,,,,,
800,yes/no,Is a person wearing a hooded sweatshirt?,no,http://images.cocodataset.org/train2014/COCO_train2014_000000131376.jpg,7,240,0.9977362473945077,-0.10671103745698929,No,7,21.0,0.002166780465480243,0.8907082013105603,48.0,0.002117394337562487,68.0,0.0020989189035669534,16.0,0.0020949215537038536,9.0,0.0020592530276662465,8.0,0.0020943750542707514,25.0,0.0021036872787904793,,,,,,,,,,,0.9751314182885521,0.9747803755513048,0.9681390622295665,0.9656336071428252,0.954434002924965,0.9643771190671293,,,,,,,,,,,
801,yes/no,Is he wearing a helmet?,no,http://images.cocodataset.org/train2014/COCO_train2014_000000131376.jpg,6,167,0.9992729514802479,-0.00493430532515049,No,6,42.0,0.001886403510830135,0.9867637246878298,102.0,0.0018840840298174379,16.0,0.0018828470752228095,18.0,0.0018883715675368203,16.0,0.0018812885110425451,20.0,0.0018814357827173956,,,,,,,,,,,,,0.9859398115904818,1.0,0.9955380299191112,0.9886085007312413,1.0,,,,,,,,,,,,
802,counting,How many tattoos can be seen on this man's body?,1,http://images.cocodataset.org/train2014/COCO_train2014_000000393227.jpg,5,254,0.9987411971532623,-0.031469956040382385,,5,30.0,0.0019561761000108035,0.9603964196034711,34.0,0.0019692650961551194,133.0,0.0019644940808766385,15.0,0.001948998436679867,29.0,0.0019414315815763552,,,,,,,,,,,,,,,0.9611044319385453,0.9679881630978584,0.9877812438119246,0.9501600883620298,,,,,,,,,,,,,
803,counting,How many pieces of furniture which are used for sleeping are featured in this picture?,2,http://images.cocodataset.org/train2014/COCO_train2014_000000131074.jpg,8,236,0.9980081889607523,-0.01513147447258234,,8,15.0,0.0019858519290814353,0.9877812438119247,24.0,0.001983935933687595,84.0,0.0019884229431896723,17.0,0.002004533885539508,20.0,0.001970670418802038,67.0,0.00200940045756826,15.0,0.002010176910904109,20.0,0.0020288587108227467,,,,,,,,,0.9807765320912628,0.9739553525864243,0.9770358764490155,0.9737442138807325,0.9604346550196327,0.8649735207179273,0.9602297178607612,,,,,,,,,,
804,counting,How many people are in this image?,1,http://images.cocodataset.org/train2014/COCO_train2014_000000393230.jpg,2,252,0.9985580895838491,-0.004242705646902323,,2,273.0,0.002000735747891099,0.9840213404916841,20.0,0.0019837604506576364,,,,,,,,,,,,,,,,,,,,,0.9416915491145068,,,,,,,,,,,,,,,,
805,counting,How many sheeps are this?,3,http://images.cocodataset.org/train2014/COCO_train2014_000000131093.jpg,4,326,0.997354500155984,-0.10254223644733429,,4,20.0,0.0021501659936263174,0.8713688243068336,18.0,0.002159399013420337,16.0,0.0020889274690380514,15.0,0.0020938204157318263,,,,,,,,,,,,,,,,,0.9342064019134055,0.9248008763572907,0.9877812438119246,,,,,,,,,,,,,,
806,counting,How many giraffes are there?,2,http://images.cocodataset.org/train2014/COCO_train2014_000000000025.jpg,8,182,0.9983937681947768,-0.029129035770893097,,8,37.0,0.002042349313857294,0.9521447291149563,68.0,0.002048848367251988,56.0,0.002040101648676697,15.0,0.0019984486388887404,19.0,0.0019962998048454546,9.0,0.0019712816473778432,23.0,0.001982603296516433,11.0,0.001973454940138394,,,,,,,,,0.9815879269163261,0.976900613303182,0.9446232142545791,0.9621305296911873,0.9656336071428252,0.9971894297618539,0.9922150607220183,,,,,,,,,,
807,counting,How many animals are in this photo?,2,http://images.cocodataset.org/train2014/COCO_train2014_000000000025.jpg,8,185,0.9985922861205868,-0.006505024153739214,,8,33.0,0.0020251569617973438,0.9572263118590346,35.0,0.002020217703106055,23.0,0.0020360175149230497,85.0,0.0020043030126036254,13.0,0.001993464865716062,12.0,0.0019715748319071623,20.0,0.0019802592617015114,15.0,0.0019425577641823423,,,,,,,,,0.9853070834611493,0.9314885997695778,0.9832294865631542,0.92146324007577,0.9808340377961404,0.9587380211059768,0.9859247724121322,,,,,,,,,,
808,counting,How many people are on the boat?,5,http://images.cocodataset.org/train2014/COCO_train2014_000000262171.jpg,6,278,0.9977639112936714,-0.13975869119167328,,6,28.0,0.0021779781042224754,0.9620871761502207,26.0,0.002074410255397125,15.0,0.00202659608161645,14.0,0.002083799766695977,35.0,0.002054307369950536,15.0,0.0020832724168253747,,,,,,,,,,,,,0.966392649271559,0.9949490477321437,0.9657130652315669,0.9657223989005551,1.0,,,,,,,,,,,,
809,counting,How many people are wearing shorts in the forefront of this photo?,4,http://images.cocodataset.org/train2014/COCO_train2014_000000524325.jpg,4,264,0.9985330033044489,-0.10700672119855881,,4,27.0,0.002168099791503677,0.9728424282675805,16.0,0.002128423609724954,43.0,0.002015446125257901,47.0,0.0019989615389393463,,,,,,,,,,,,,,,,,0.886859507142915,0.987027922731748,0.9827855063627468,,,,,,,,,,,,,,
810,counting,How many planes are in the picture?,2,http://images.cocodataset.org/train2014/COCO_train2014_000000131118.jpg,9,259,0.9962610487632388,-0.0114785460755229,,9,69.0,0.00217207056627855,0.9691842190728407,16.0,0.0022083830462192758,36.0,0.0021814410033519976,55.0,0.002175789476120222,12.0,0.0021420598658821646,9.0,0.002081938552039338,31.0,0.002165749207982538,18.0,0.0021177819349952874,16.0,0.002150349984531261,,,,,,,0.9886994082884974,0.916187213290379,0.9551782329239901,0.8734790278701756,0.9656336071428251,0.9347992492938805,0.9955380299191111,0.949701216438411,,,,,,,,,
811,counting,How many trees are in this photo?,3,http://images.cocodataset.org/train2014/COCO_train2014_000000524338.jpg,7,158,0.9986260540574811,-0.015029877424240112,,7,100.0,0.0019371352639407135,0.97180263170451,16.0,0.0019192604289358125,193.0,0.001941765965681098,22.0,0.0019203560961901821,15.0,0.0019316831110877722,24.0,0.001952707967866526,15.0,0.0019337402846414926,,,,,,,,,,,0.9618974703476992,0.9830204867022966,0.9651663602616734,1.0,0.9745411476764105,0.9654013672997089,,,,,,,,,,,
812,counting,How many flowers are painted on the vase?,3,http://images.cocodataset.org/train2014/COCO_train2014_000000131128.jpg,5,160,0.9992200440479703,-0.09485699981451035,,5,213.0,0.0019503243411243018,0.9762158559343997,91.0,0.0019648587700975017,22.0,0.0019679283726967353,15.0,0.001981352165824693,15.0,0.0019600523247720767,,,,,,,,,,,,,,,0.9771215007732906,0.9074246850599205,0.9967916319816366,0.8649735207179273,,,,,,,,,,,,,
813,counting,How many elephants are in the water?,2,http://images.cocodataset.org/train2014/COCO_train2014_000000370986.jpg,4,218,0.9993964164318773,-0.025339242070913315,,4,16.0,0.0018754773934845875,0.9414280318460244,60.0,0.0018718288884137222,55.0,0.0018655977060037675,26.0,0.001866279647708462,,,,,,,,,,,,,,,,,0.9838356173542758,0.9880733766317739,0.9636381198611949,,,,,,,,,,,,,,
814,counting,How many tails can you see in this picture?,3,http://images.cocodataset.org/train2014/COCO_train2014_000000370986.jpg,3,173,0.9993317992246018,-0.026638515293598175,,3,116.0,0.0018713285914325943,0.9744811092530603,124.0,0.001890190456418528,47.0,0.001868220876636975,,,,,,,,,,,,,,,,,,,0.9693488533672381,0.9822510722733827,,,,,,,,,,,,,,,
815,counting,How many tusks are visible?,2,http://images.cocodataset.org/train2014/COCO_train2014_000000262204.jpg,5,259,0.9987946946281256,-0.011703161522746086,,5,152.0,0.0019533015496128996,0.969680051617205,23.0,0.0019350335277951453,12.0,0.0019343207146835422,20.0,0.0019318520153002387,25.0,0.0019576831406112136,,,,,,,,,,,,,,,0.9964170965457583,0.9206198357143051,0.9596390821693782,0.9787029057127591,,,,,,,,,,,,,
816,counting,How many trees on the table?,3,http://images.cocodataset.org/train2014/COCO_train2014_000000458763.jpg,8,211,0.9968488240177275,-0.014619722962379456,,8,57.0,0.002117455172904162,0.9557078324070737,58.0,0.0021641251890607725,22.0,0.0021104004907934086,48.0,0.002120575958430578,13.0,0.0021267343850290815,26.0,0.002118884861156384,22.0,0.0021291892760737807,17.0,0.002094538989008272,,,,,,,,,0.9835937032409645,0.9530005717699481,0.9793810036401694,0.8956403056385981,0.9439287762440044,0.9530005717699481,0.9856676426534905,,,,,,,,,,
817,counting,How many horns are in the picture?,0,http://images.cocodataset.org/train2014/COCO_train2014_000000458763.jpg,2,307,0.9994172911826406,-0.04419959709048271,,2,15.0,0.001869786775232439,0.9018972358711528,119.0,0.001877701912440285,,,,,,,,,,,,,,,,,,,,,0.9649090589409755,,,,,,,,,,,,,,,,
818,counting,How many Giraffes are in this image?,2,http://images.cocodataset.org/train2014/COCO_train2014_000000000072.jpg,5,164,0.9986403520578455,-0.019067680463194847,,5,156.0,0.0020095560245215888,0.9788434449287576,23.0,0.001986168950045196,85.0,0.001988353314850827,14.0,0.001977535296829199,15.0,0.0019659220882978857,,,,,,,,,,,,,,,0.9673629259545933,0.9763554928820124,0.995232557322099,0.9609640474436811,,,,,,,,,,,,,
819,counting,How many stairs are there?,6,http://images.cocodataset.org/train2014/COCO_train2014_000000393290.jpg,12,161,0.9989227087281066,-0.13204844295978546,,12,49.0,0.001926319745837433,0.9597112003272251,42.0,0.0019283414631349422,50.0,0.001916308531238959,16.0,0.0019294213176749898,16.0,0.0019007755968118564,11.0,0.001900877413296344,15.0,0.0019200727228237827,19.0,0.001915601342733201,15.0,0.001914994361481908,16.0,0.001925573439492838,116.0,0.0019350199155754868,19.0,0.0019117720087415146,0.9775191636238146,0.9540037543161712,0.8957541375001011,0.9886085007312413,0.9431887805255736,0.9602297178607612,0.8863092876876878,0.9654013672997089,0.9320201587042914,0.9696511369947848,0.9495113755878273,,,,,,
820,counting,How many windows are there?,3,http://images.cocodataset.org/train2014/COCO_train2014_000000393291.jpg,6,223,0.9989561513710419,-0.017516426742076874,,6,59.0,0.0018924871491608453,0.9727331406834122,123.0,0.0019087224176310318,15.0,0.0018934276614441282,33.0,0.0019094368583692238,16.0,0.0018817159384888233,19.0,0.001896771596602068,,,,,,,,,,,,,0.9728944398984518,0.9877812438119247,0.953599091685684,0.9681390622295665,0.94841021822029,,,,,,,,,,,,
821,counting,How many birds are in the sink?,2,http://images.cocodataset.org/train2014/COCO_train2014_000000393292.jpg,8,279,0.9992908201231918,-0.02186003513634205,,8,25.0,0.0019291755318778059,0.9288984057992977,17.0,0.0019066531504930346,16.0,0.0018804905021936923,15.0,0.0019050883659901111,23.0,0.0019355475667545154,25.0,0.001930700456547708,50.0,0.0018849099785539364,15.0,0.0019089516636517827,,,,,,,,,0.9878171319090819,0.9886085007312413,0.9189900464321514,0.9932927654933185,0.9224447258666205,0.9785722528668716,0.9018972358711528,,,,,,,,,,
822,counting,How many tennis players are in the photo?,1,http://images.cocodataset.org/train2014/COCO_train2014_000000262221.jpg,5,346,0.9978346140858728,-0.013131087645888329,,5,18.0,0.0020336990292707017,0.977342973473178,16.0,0.002083860666880232,33.0,0.002088193381471144,30.0,0.0020630589849829407,16.0,0.002057779519026466,,,,,,,,,,,,,,,0.8957541375001011,0.9710731834760796,0.9965319781619122,0.985056822321508,,,,,,,,,,,,,
823,counting,How many black sheep are there?,10,http://images.cocodataset.org/train2014/COCO_train2014_000000524375.jpg,3,274,0.9988286381141448,-0.3946153521537781,,3,33.0,0.0020336166660062634,0.9886212883421727,23.0,0.0020005811212303816,47.0,0.001997178357195072,,,,,,,,,,,,,,,,,,,0.9841517646228418,0.968438632939756,,,,,,,,,,,,,,,
824,counting,How many lunches is this?,1,http://images.cocodataset.org/train2014/COCO_train2014_000000524377.jpg,7,245,0.9989443619271451,-0.04998580738902092,,7,17.0,0.0018832425451095105,0.9603948809345499,24.0,0.0018764553210280947,76.0,0.0018798223084511235,55.0,0.0018777811831027806,31.0,0.0018820196353419288,10.0,0.0018874508643419753,19.0,0.001871210958496488,,,,,,,,,,,0.9646872283675246,0.9716596848502793,0.9698578225076359,0.9536399169944102,0.7219280948873623,0.9732425514710831,,,,,,,,,,,
825,counting,How many hot dogs are shown?,1,http://images.cocodataset.org/train2014/COCO_train2014_000000524377.jpg,9,280,0.999009827869002,-0.009554466232657433,,9,32.0,0.001879662838582517,0.9548065248687369,19.0,0.001885015374297959,18.0,0.0018791100351175322,38.0,0.0018733441153360193,18.0,0.0018680734489502498,12.0,0.0018783671717592717,18.0,0.0018614495217217865,28.0,0.001863294255076894,27.0,0.001871510807333673,,,,,,,0.9041116874399232,0.9656336071428251,0.9599216195510144,0.9625632797054146,0.9182958340544896,0.9697238998682473,0.9547567364410264,0.9928370275077354,,,,,,,,,
826,counting,How many pickle spears are there?,0,http://images.cocodataset.org/train2014/COCO_train2014_000000524377.jpg,10,260,0.9990906156635815,-0.027195900678634644,,10,29.0,0.0018655180530955783,0.9943818288602024,19.0,0.0018809009882077815,15.0,0.0018730543159265144,17.0,0.001882759512179925,27.0,0.0018780383427503633,33.0,0.001865410451819763,12.0,0.001881254786120598,17.0,0.0018610703443304542,29.0,0.0018754231645231223,19.0,0.0018640216361552637,,,,,0.9223172148184832,0.8830374409547587,0.8409160494198367,0.9303268625291958,0.9589820050858435,0.8112781244591328,0.9202698933070199,0.9772502932750569,0.9892422967543257,,,,,,,,
827,counting,How many people are eating this hotdog?,1,http://images.cocodataset.org/train2014/COCO_train2014_000000524377.jpg,4,266,0.9979387191830232,-0.018591195344924927,,4,18.0,0.0019694017892780847,0.9955380299191111,18.0,0.001959703145931467,15.0,0.0019612468095185904,9.0,0.001970670805562437,,,,,,,,,,,,,,,,,0.9736669121131954,0.9664572819896989,0.9910760598382222,,,,,,,,,,,,,,
828,counting,How many sauces are there?,1,http://images.cocodataset.org/train2014/COCO_train2014_000000524377.jpg,11,274,0.9990070042711586,-0.0026361490599811077,,11,16.0,0.0018579226171440628,0.9886085007312413,17.0,0.0018728444264119654,19.0,0.0018814845300232058,12.0,0.0018580802502172371,40.0,0.00186875063634791,10.0,0.00187027581635692,17.0,0.0018660204456910092,29.0,0.001866056401633646,10.0,0.0018784858694714795,15.0,0.001857874791395149,19.0,0.0018690003550320298,,,0.9603948809345499,0.9041116874399232,0.9808340377961403,0.9675518655193959,0.8812908992306927,0.9256134079485958,0.9725650377082804,0.7219280948873623,0.9949490477321437,0.9462035592964384,,,,,,,
829,counting,How many kinds of meat products are here?,1,http://images.cocodataset.org/train2014/COCO_train2014_000000524377.jpg,7,296,0.9990877279289463,-0.0033432040363550186,,7,33.0,0.001876955520610864,0.9251189933759154,19.0,0.0018800467773567905,17.0,0.0018653620901819545,11.0,0.0018510048851143287,28.0,0.001863424298888708,16.0,0.0018566020787436415,25.0,0.0018565512604202278,,,,,,,,,,,0.9258628921382102,0.9256134079485958,0.9922150607220183,0.9716259058814692,0.9772170014624824,0.9415324267575271,,,,,,,,,,,
830,counting,How many rolls of toilet paper are on the toilet tank?,2,http://images.cocodataset.org/train2014/COCO_train2014_000000262159.jpg,7,195,0.9961663157781779,-0.028422651812434196,,7,68.0,0.0021353924429954323,0.9803578593936109,44.0,0.0021373460179134763,52.0,0.002113176275196634,19.0,0.0021650447274442004,17.0,0.002109795616655664,12.0,0.002097528836782257,26.0,0.00211338083830357,,,,,,,,,,,0.9901428498003624,0.9705609158628806,0.9355095604394199,0.9771236998460401,0.9808340377961404,0.9816033143723746,,,,,,,,,,,
831,counting,How many layers are in this cake?,7,http://images.cocodataset.org/train2014/COCO_train2014_000000000092.jpg,6,162,0.9987576455553816,-0.0474981814622879,,6,24.0,0.001981336779504254,0.9192496137328233,140.0,0.001974092283877029,15.0,0.0019318564181033497,38.0,0.001952283026384193,18.0,0.00197214813798242,28.0,0.0019560162499712088,,,,,,,,,,,,,0.9800143195412245,0.9718495448242642,0.9758316241807181,0.9388201415867106,0.9715182972217419,,,,,,,,,,,,
832,counting,How many people can eat this cake?,1,http://images.cocodataset.org/train2014/COCO_train2014_000000000092.jpg,6,241,0.9984758691143499,-0.02464175969362259,,6,187.0,0.0019703248897473126,0.9782981696723071,18.0,0.0019691269020022106,22.0,0.0019495470740173747,19.0,0.001963887049437912,15.0,0.0019544016499976574,5.0,0.001915173865366029,,,,,,,,,,,,,0.8588801260706667,0.9666425652015439,0.9119149038015315,0.9877812438119247,0.9709505944546686,,,,,,,,,,,,
833,counting,How many vehicles are shown?,2,http://images.cocodataset.org/train2014/COCO_train2014_000000000094.jpg,8,134,0.9986793356617342,-0.02371237613260746,,8,67.0,0.002024755787498424,0.9593213543003699,16.0,0.0019944584705243445,58.0,0.0020022188394105685,49.0,0.001994655397063348,11.0,0.001979691404337371,80.0,0.0019840368496217542,5.0,0.001977722217092892,33.0,0.0019793651256746797,,,,,,,,,0.8903195311147832,0.9694040505567945,0.9612288768351215,0.9056185178648963,0.9754348876159192,0.0,0.975924590978431,,,,,,,,,,
834,counting,How many lamps are there?,2,http://images.cocodataset.org/train2014/COCO_train2014_000000524386.jpg,9,219,0.999499788454783,-0.005948078352957964,,9,22.0,0.0018769759539755896,0.9598452870248484,111.0,0.001882177911683243,17.0,0.0018586434257357712,36.0,0.001873333924138189,15.0,0.001866238399311343,17.0,0.0018626935346517113,8.0,0.0018532582753860124,15.0,0.0018571381854520332,6.0,0.0018415701966465047,,,,,,,0.9747998365205751,0.9664022887695612,0.9676445528264364,0.9877812438119246,0.9519839065438831,0.954434002924965,0.9446232142545791,1.0,,,,,,,,,
835,counting,How many lamps are in the room?,2,http://images.cocodataset.org/train2014/COCO_train2014_000000524386.jpg,6,249,0.9995170890969155,-0.009891333058476448,,6,103.0,0.001879348126146969,0.9697407100228167,40.0,0.0018748514556906474,21.0,0.0018567119434842077,18.0,0.001856240409808827,8.0,0.0018470612265846756,16.0,0.0018531860688771255,,,,,,,,,,,,,0.988874162305053,0.9663407895758984,0.977342973473178,1.0,0.9681390622295665,,,,,,,,,,,,
836,counting,How many pictures on the wall?,4,http://images.cocodataset.org/train2014/COCO_train2014_000000524386.jpg,7,206,0.999526522345874,-0.014841293916106224,,7,113.0,0.0018733469219751984,0.9588004977968861,18.0,0.0018602426353576827,40.0,0.0018714219305490873,20.0,0.0018537870569257486,17.0,0.001852432234892042,7.0,0.001840939581908026,15.0,0.001854976369421275,,,,,,,,,,,0.9535998353544739,0.9856279751758787,0.9596390821693782,0.9856676426534905,0.9852281360342515,0.9147366491799204,,,,,,,,,,,
837,counting,How many TVs are on?,1,http://images.cocodataset.org/train2014/COCO_train2014_000000524386.jpg,6,232,0.9993441553327966,-0.006862890440970659,,6,15.0,0.0019151884249349674,0.8443536850036222,97.0,0.0019245205343510403,19.0,0.0018907536450065209,41.0,0.001913196578647784,22.0,0.0018974294379643956,15.0,0.0018965629056766214,,,,,,,,,,,,,0.9648017377839873,0.9796494552648447,0.976013347243806,0.9266710044099615,1.0,,,,,,,,,,,,
838,counting,How many pictures are on the wall?,4,http://images.cocodataset.org/train2014/COCO_train2014_000000524386.jpg,7,219,0.9995138213712966,-0.015680119395256042,,7,109.0,0.0018759885704050618,0.9639835232647197,19.0,0.001864033129260502,40.0,0.001873700952929552,21.0,0.0018563539162242543,18.0,0.0018563089975420573,7.0,0.0018426676283204867,16.0,0.0018565470221332191,,,,,,,,,,,0.9495113755878273,0.9856279751758787,0.9588649012766761,0.9854122527913256,0.9852281360342515,0.9248008763572907,,,,,,,,,,,
839,counting,How many men in the picture are wearing sunglasses?,1,http://images.cocodataset.org/train2014/COCO_train2014_000000131172.jpg,7,228,0.9989222226482732,-0.00983679573982954,,7,71.0,0.0019415645363621793,0.9641967065222431,25.0,0.001966770474482942,22.0,0.00191664048318112,62.0,0.0019561620305039657,43.0,0.0019528172784225115,8.0,0.0019197982969731417,17.0,0.0019951455318529625,,,,,,,,,,,0.9607709666679639,0.968678472757837,0.9600836145345983,0.9486936504979248,1.0,0.9774178175281716,,,,,,,,,,,
840,counting,How many people can be seen?,2,http://images.cocodataset.org/train2014/COCO_train2014_000000393317.jpg,7,73,0.9981052126900813,-0.11561460047960281,,7,317.0,0.0019956047928476103,0.9823800815998,41.0,0.001973817857739963,28.0,0.0019842934506595503,25.0,0.001974536418859965,34.0,0.001996951565169901,16.0,0.001987820644220926,3.0,0.001950670432481826,,,,,,,,,,,0.9791248016386569,0.9598164920666118,0.9252146178659136,0.9663883116009317,0.9755307720176265,0.0,,,,,,,,,,,
841,counting,How many green lights are there?,1,http://images.cocodataset.org/train2014/COCO_train2014_000000393317.jpg,10,145,0.9983675860232168,-0.07727756351232529,,10,36.0,0.001999705616392385,0.959658840031266,50.0,0.00196867481632024,8.0,0.001957151424995543,166.0,0.001994208067606589,38.0,0.001969114108799239,18.0,0.0019804335326757514,9.0,0.0019813390188017175,15.0,0.0019581764682150057,35.0,0.001992199717795739,3.0,0.0019439024679667363,,,,,0.9797769768910898,1.0,0.9752866442120548,0.9650234425123931,0.9388201415867106,0.7642045065086203,0.944623214254579,0.9780671659782804,0.0,,,,,,,,
842,counting,How many lights does the plane have?,5,http://images.cocodataset.org/train2014/COCO_train2014_000000131174.jpg,9,230,0.9967649196256366,-0.11924469470977783,,9,24.0,0.0023331147272567065,0.8653251365268717,22.0,0.002262630185554877,15.0,0.002147965901806423,19.0,0.00214565874355953,44.0,0.0022012654609345306,16.0,0.0022565782835945038,37.0,0.00218278566554521,16.0,0.0021646668420546964,32.0,0.00225834822710705,,,,,,,0.9195171617789996,0.944623214254579,0.9621305296911875,0.9769850753277481,0.886859507142915,0.9748147485070885,0.9681390622295665,0.9502061147141212,,,,,,,,,
843,counting,How many planes are in this photo?,1,http://images.cocodataset.org/train2014/COCO_train2014_000000131174.jpg,11,235,0.9965281671169732,-0.004986958112567663,,11,17.0,0.002165893948822966,0.9975025463691152,42.0,0.0021002015086924336,34.0,0.0020877196934726196,17.0,0.002132460072010904,43.0,0.0021519357099685165,15.0,0.002114325034551252,23.0,0.0021156880172449794,24.0,0.0020757194116646396,16.0,0.002102000365814353,33.0,0.002081520562399978,18.0,0.0020911763018801235,,,0.9441896196758799,0.9762516596142681,0.8846148739279867,0.9563052313231277,0.8830374409547587,0.962336684315086,0.9639125816315371,0.949701216438411,0.9749934785394744,0.9388201415867106,,,,,,,
844,counting,How many people are standing in this image?,3,http://images.cocodataset.org/train2014/COCO_train2014_000000546151.jpg,4,200,0.99899571730782,-0.005563747137784958,,4,91.0,0.0019408054439531831,0.9536319521175696,29.0,0.0019213445894379127,119.0,0.0019192443819315195,23.0,0.0019186857779045267,,,,,,,,,,,,,,,,,0.9360930117313285,0.9765515129661485,0.9230756314524023,,,,,,,,,,,,,,
845,counting,How many poles is the person holding?,2,http://images.cocodataset.org/train2014/COCO_train2014_000000021826.jpg,10,153,0.9992419237777699,-0.05168488994240761,,10,22.0,0.001916600660946994,0.9562266726976326,106.0,0.0019308402998171115,37.0,0.0019286124289430156,17.0,0.0019108457747062184,12.0,0.0018930988582271512,9.0,0.0019083582770003328,11.0,0.0019004262501759878,20.0,0.00190777480694761,35.0,0.00190590710081781,20.0,0.001926393943113751,,,,,0.9624820169971674,0.960219469896556,0.9771236998460402,0.9439592513355664,0.9910760598382222,0.9431887805255736,0.9412329787642941,0.978222216469757,0.951850848028674,,,,,,,,
846,counting,How many bodies of water are in this scene?,1,http://images.cocodataset.org/train2014/COCO_train2014_000000000109.jpg,7,186,0.9967122867447624,-0.007014320231974125,,7,128.0,0.0021116055716206904,0.9750228923903855,15.0,0.0021004713644126663,87.0,0.0021087540820832777,15.0,0.002099739401481578,8.0,0.002080596707077276,17.0,0.0021219745652648263,16.0,0.0020756404254695642,,,,,,,,,,,0.9877812438119246,0.9650563721919537,0.9877812438119247,0.954434002924965,0.9770358764490155,0.9618974703476992,,,,,,,,,,,
847,counting,How many light post is there?,4,http://images.cocodataset.org/train2014/COCO_train2014_000000000109.jpg,7,218,0.9968900452088967,-0.06882358342409134,,7,15.0,0.0020887099007947125,0.9877812438119247,110.0,0.0020846920727946323,15.0,0.002064939142297505,15.0,0.002029487061476363,15.0,0.00207683245783242,42.0,0.0021196562344516744,21.0,0.002127387680654495,,,,,,,,,,,0.9816597617661588,0.9664572819896988,0.9718495448242642,0.944623214254579,0.9517478692502929,0.9363346784550166,,,,,,,,,,,
848,counting,How many people are in the picture?,3,http://images.cocodataset.org/train2014/COCO_train2014_000000000113.jpg,8,151,0.998214595821503,-0.006872012745589018,,8,52.0,0.001996949631046879,0.9581818183347149,63.0,0.0020076808086563125,41.0,0.002019736269462736,55.0,0.0019984325096487057,61.0,0.0019822311484359004,46.0,0.002001293612768217,47.0,0.0020180480627586014,7.0,0.001965607329666239,,,,,,,,,0.9539813492570872,0.9445913935599417,0.9899244858945505,0.9698085007794491,0.9639564675065746,0.9898122192270563,0.863120568566631,,,,,,,,,,
849,counting,How many pigeons are there?,6,http://images.cocodataset.org/train2014/COCO_train2014_000000262260.jpg,8,225,0.9984984252684329,-0.20463694632053375,,8,26.0,0.0020084319343323716,0.9138273488577295,21.0,0.0020192681596464417,20.0,0.001976718636137957,16.0,0.0019820607349386715,15.0,0.0019403357798723998,24.0,0.001971843145870287,18.0,0.002013827693621127,24.0,0.002005229368227618,,,,,,,,,0.9420864622689729,0.9596390821693782,0.9414280318460244,0.9859247724121322,0.9882484440780545,0.9915323997298832,0.9398009074013692,,,,,,,,,,
850,counting,How many bells are there?,1,http://images.cocodataset.org/train2014/COCO_train2014_000000131190.jpg,5,324,0.9982919014116631,-0.0777190774679184,,5,26.0,0.002038811212816624,0.8565152801161219,18.0,0.0020172203408816147,27.0,0.0020242816223011964,15.0,0.001983760142754755,20.0,0.0020104347198182148,,,,,,,,,,,,,,,0.9342064019134055,0.9984765590903153,0.8983958159908183,0.9232196723355077,,,,,,,,,,,,,
851,counting,How many clock faces does this building have?,1,http://images.cocodataset.org/train2014/COCO_train2014_000000131190.jpg,5,323,0.9983741538911759,-0.013707337900996208,,5,17.0,0.001981464617290881,0.9771236998460402,20.0,0.001996932630038321,33.0,0.002039628273025073,15.0,0.0019958917909060187,21.0,0.0020157395381735486,,,,,,,,,,,,,,,0.9763620978123273,0.9227775850451395,0.9877812438119247,0.9018367817572371,,,,,,,,,,,,,
852,counting,How many flags are by the building's entrance?,0,http://images.cocodataset.org/train2014/COCO_train2014_000000131190.jpg,8,195,0.9985728339718087,-0.056308068335056305,,8,15.0,0.0019876169638238833,0.9189900464321514,40.0,0.0019638209059710723,90.0,0.001999845780989896,18.0,0.0019452900878401942,32.0,0.002041793573319349,22.0,0.0019720841811400503,20.0,0.0019759041658039362,19.0,0.0019666989359387248,,,,,,,,,0.9736602073675664,0.9681979045495668,0.9941181381188445,0.9857833528033656,0.9562266726976326,0.9927376486136672,0.9968868771609918,,,,,,,,,,
853,counting,How many windows are shown?,5,http://images.cocodataset.org/train2014/COCO_train2014_000000131190.jpg,9,287,0.9984175587550408,-0.08865662664175034,,9,17.0,0.0019565545955696857,0.8787419949064399,68.0,0.001974123350340182,16.0,0.0019714182774640088,29.0,0.001970052594100864,19.0,0.002012214024625389,21.0,0.0019763876315186386,25.0,0.001971364507969302,16.0,0.0019668096846618952,22.0,0.0019762820897145238,,,,,,,0.9672568331525381,0.886859507142915,0.9626897130117453,0.9980008838722996,0.9937866610055328,0.9934804071359582,0.9463946303571862,0.9185661622343082,,,,,,,,,
854,counting,How many windows are pictured?,4,http://images.cocodataset.org/train2014/COCO_train2014_000000131190.jpg,10,265,0.9984108957716559,-0.1017201691865921,,10,22.0,0.0019720703690238937,0.9094862157597151,45.0,0.0019825318364517634,18.0,0.001991395545100177,27.0,0.0019845047771506483,20.0,0.002005815235269646,18.0,0.002023652282061546,19.0,0.0019841325244653817,25.0,0.0019885695775623026,20.0,0.0019767106820740305,35.0,0.001997230677811018,,,,,0.9708315885594118,0.9206198357143051,0.9524480367213342,0.9089460785096519,1.0,0.9975194757207203,0.9934804071359582,0.9288587345650742,0.9448692533054668,,,,,,,,
855,counting,How many sheep can you see?,2,http://images.cocodataset.org/train2014/COCO_train2014_000000131197.jpg,6,167,0.998743571137089,-0.02496119774878025,,6,44.0,0.001986818736846745,0.9760582961837961,24.0,0.001960491513087322,243.0,0.001980945200968355,21.0,0.0019842386973615337,19.0,0.0019837980362335454,16.0,0.0019268416600842918,,,,,,,,,,,,,0.9145221496229469,0.9824563236977197,0.9937866610055328,0.9826301639446198,0.9822177815287605,,,,,,,,,,,,
856,counting,How many people are there?,1,http://images.cocodataset.org/train2014/COCO_train2014_000000262273.jpg,11,240,0.998072723102248,-0.008477519266307354,,11,27.0,0.0020471316310258065,0.9446284658391854,16.0,0.002039806930807411,12.0,0.002038612917639543,79.0,0.0020395677463828756,10.0,0.002028443612702632,15.0,0.002051078408189663,27.0,0.0020753557613530827,17.0,0.0020338504087748545,17.0,0.0020220190890601294,16.0,0.0020187482723789947,9.0,0.00200877039692887,,,0.949701216438411,1.0,0.9806629423799106,1.0,0.8443536850036222,0.909695955411709,0.9967828263127351,0.9664022887695612,0.9618974703476992,0.9057125980138372,,,,,,,
857,counting,How many people are in the image?,1,http://images.cocodataset.org/train2014/COCO_train2014_000000262273.jpg,10,237,0.997201541560445,-0.005346138961613178,,10,17.0,0.0020682772385756274,0.9363348190250749,16.0,0.002073946395642716,37.0,0.002088267930104335,109.0,0.0020884026484606797,19.0,0.002098993201780956,15.0,0.002107476472561323,21.0,0.0020758000643159684,18.0,0.0020681454923231844,35.0,0.0020697559656080826,10.0,0.0020661464017988585,,,,,0.9965119062478288,0.946619542099788,0.9779943531055364,0.9258628921382102,0.9709505944546686,0.9673577477123132,0.9524375025776289,0.9570413633658709,0.9709505944546686,,,,,,,,
858,counting,How many birds are there?,3,http://images.cocodataset.org/train2014/COCO_train2014_000000436929.jpg,2,200,0.9991809959975269,-0.0541432648897171,,2,240.0,0.0019599002796111212,0.9808103526318352,15.0,0.0019267268208198569,,,,,,,,,,,,,,,,,,,,,1.0,,,,,,,,,,,,,,,,
859,counting,How many men are playing baseball?,5,http://images.cocodataset.org/train2014/COCO_train2014_000000284012.jpg,8,226,0.9989386084556618,-0.20434924960136414,,8,37.0,0.0019407658074707484,0.9462167008457004,91.0,0.0019559984234622497,15.0,0.0019080681031382197,43.0,0.0019452066576390924,17.0,0.0019137796970376902,17.0,0.0019349474030026066,16.0,0.0019105213959560944,36.0,0.001933739636826793,,,,,,,,,0.9754990342266119,0.9609640474436811,0.9797415262131816,0.9856676426534906,0.9770358764490155,0.9772170014624825,0.9664279760938916,,,,,,,,,,
860,counting,How many pots are hanging under the shelf?,2,http://images.cocodataset.org/train2014/COCO_train2014_000000000138.jpg,6,241,0.998254501587072,-0.025235135108232498,,6,45.0,0.0020107121150995727,0.9503559572502794,42.0,0.0020112408285979993,15.0,0.0019728826853816013,16.0,0.0020174590636429577,23.0,0.0019686932412676357,15.0,0.0020045450037777224,,,,,,,,,,,,,0.9598415825859098,0.944623214254579,0.949701216438411,0.96126004202627,0.9877812438119247,,,,,,,,,,,,
861,counting,How many zebras are there?,13,http://images.cocodataset.org/train2014/COCO_train2014_000000262285.jpg,10,223,0.9993433357150737,-0.8575677871704102,,10,16.0,0.0019340086926528536,0.9965119062478288,61.0,0.0019066257589845745,15.0,0.001911979129329663,48.0,0.001916188822920662,10.0,0.001885195963974654,10.0,0.0018856946162100628,8.0,0.001870040497582714,17.0,0.0019226511140929996,8.0,0.0018889548922293089,17.0,0.0019114539059668044,,,,,0.9949325989314843,0.9147366491799204,0.9700222602570586,0.9911594714322186,0.9602297178607612,0.985056822321508,0.9256134079485958,1.0,0.9605278493513334,,,,,,,,
862,counting,How many zebras can you see eating?,3,http://images.cocodataset.org/train2014/COCO_train2014_000000000154.jpg,7,254,0.9974963810333388,-0.018352095037698746,,7,41.0,0.002081093453086396,0.9531483561119612,23.0,0.002067120485066506,16.0,0.0020649965637142475,26.0,0.0021025645887831996,20.0,0.0021055715806288324,28.0,0.0020336403057704413,37.0,0.0020434564372417236,,,,,,,,,,,0.9863237070924826,0.985056822321508,0.9610115714257866,0.9713107216099232,0.9860877694463968,0.9597717484548582,,,,,,,,,,,
863,counting,How many kinds of animals are in this photo?,1,http://images.cocodataset.org/train2014/COCO_train2014_000000000154.jpg,7,249,0.9986410974743213,-0.0013692808570340276,,7,41.0,0.0020406719475231042,0.9706908104296832,32.0,0.002032804063353999,15.0,0.0020255600641657743,32.0,0.002010460635720772,17.0,0.002034047690189378,19.0,0.0019871797996768065,36.0,0.0020447468977902185,,,,,,,,,,,0.9780898181263243,0.9500685975366211,0.9864258848080149,0.9967828263127351,0.9880900585356662,0.9596011076729789,,,,,,,,,,,
864,counting,How many different types of animals are in this scene?,1,http://images.cocodataset.org/train2014/COCO_train2014_000000000154.jpg,9,226,0.9985615722233157,-0.0015869805356487632,,9,41.0,0.002042948713298421,0.9601760553888652,28.0,0.00202023350229381,17.0,0.0020353253987134235,18.0,0.0020859103772076326,30.0,0.0020136370887193513,17.0,0.002057734706780893,21.0,0.0020097018275467317,36.0,0.002049980003684742,15.0,0.0019780131323266794,,,,,,,0.9648528731760171,0.9967828263127351,0.872009434056298,0.9816760515467434,0.9603948809345497,0.9763945235672327,0.9596011076729789,0.9613833012053531,,,,,,,,,
865,counting,How many animals are there?,3,http://images.cocodataset.org/train2014/COCO_train2014_000000000154.jpg,9,226,0.9983161648921254,-0.050491224974393845,,9,44.0,0.002089674715286673,0.9658037905001065,19.0,0.00212330573394789,16.0,0.002116109496034406,26.0,0.0020430228904048863,39.0,0.0020778316677421476,18.0,0.0020423559847897754,15.0,0.002085376715976166,25.0,0.0020022258832344034,28.0,0.0020776713660931737,,,,,,,0.9649618403823442,0.8957541375001011,0.9772810666478722,0.9474662322716593,0.9955380299191111,0.9018972358711528,0.9795628568170325,0.9856907914011863,,,,,,,,,
866,counting,How many arrows can be seen?,1,http://images.cocodataset.org/train2014/COCO_train2014_000000393242.jpg,8,113,0.9992645277667196,-0.03303329274058342,,8,16.0,0.001896790471698976,0.9755307720176266,82.0,0.00190472984682942,191.0,0.0019023699461489965,46.0,0.001894578660036985,17.0,0.0018796366256591053,19.0,0.0019144642876767486,8.0,0.0018791868589324533,29.0,0.001902221807753099,,,,,,,,,0.9630001875430303,0.9796523753597828,0.9935387175309709,0.9856676426534905,0.9649618403823442,0.954434002924965,0.9453273454467304,,,,,,,,,,
867,counting,How many stripes are at the bottom of the picture?,5,http://images.cocodataset.org/train2014/COCO_train2014_000000393242.jpg,9,152,0.9992943971839781,-0.08817920088768005,,9,51.0,0.001908002432065919,0.953775738609977,15.0,0.0018882817110075225,31.0,0.00187767172454562,25.0,0.0018910443581442724,9.0,0.0018586930647694325,136.0,0.0019027769118150678,16.0,0.0019025172109977664,15.0,0.001906280249253138,25.0,0.001888711009178212,,,,,,,1.0,0.9538636582657665,0.980825296201085,0.9656336071428252,0.9769884270913369,0.949701216438411,0.9018972358711528,0.9549982147833365,,,,,,,,,
868,counting,How many potted plants do you see?,3,http://images.cocodataset.org/train2014/COCO_train2014_000000415089.jpg,6,210,0.9988727007996028,-0.03228160738945007,,6,36.0,0.001976071093787694,0.9580749734984172,16.0,0.0019884877585418337,25.0,0.001973448933164953,34.0,0.0019944606075002168,20.0,0.0019890306747644684,143.0,0.0019896890582664023,,,,,,,,,,,,,0.949701216438411,0.9258430978582594,0.9733650660357713,0.9304820237218405,0.9756842187696791,,,,,,,,,,,,
869,counting,How many chairs are there?,1,http://images.cocodataset.org/train2014/COCO_train2014_000000415089.jpg,8,231,0.9984754676978703,-0.03390287607908249,,8,46.0,0.0019829402138099644,0.9711005586082796,26.0,0.0020026744160662868,19.0,0.0020033626380190285,12.0,0.0019566481827154145,12.0,0.0019655477119614145,42.0,0.0020179974251108893,23.0,0.001984630418999868,75.0,0.0020230886262939144,,,,,,,,,0.9711362770397297,0.9462035592964384,0.9439592513355664,0.9808340377961403,0.9427519625793407,0.9841517646228418,0.9632690431275209,,,,,,,,,,
870,counting,How many kids in this photo?,3,http://images.cocodataset.org/train2014/COCO_train2014_000000393384.jpg,7,243,0.9971585350931282,-0.0742904394865036,,7,56.0,0.0021467647403206566,0.9665240952865017,59.0,0.0021448459207937297,43.0,0.002139873249560746,20.0,0.002193980256017444,20.0,0.002149419932053362,18.0,0.0021628855455476798,16.0,0.002089929553497283,,,,,,,,,,,0.9818595457464463,0.9553055232699361,0.9976834773764092,0.9763620978123273,0.9182958340544894,1.0,,,,,,,,,,,
871,counting,How many animals?,5,http://images.cocodataset.org/train2014/COCO_train2014_000000393386.jpg,8,267,0.9986039351037758,-0.04070579260587692,,8,28.0,0.0019543509599850716,0.9761557074062762,19.0,0.002014703737579871,17.0,0.002033434731750742,27.0,0.001991526307027437,62.0,0.0019698143780684015,31.0,0.001950713623085949,15.0,0.001979526785410361,17.0,0.0019392324052543532,,,,,,,,,0.9041116874399233,0.9975025463691152,0.9446284658391854,0.9823572749808392,0.9779666143968004,0.9500685975366211,0.9719977955078913,,,,,,,,,,
872,counting,How many laptops are on the coffee table?,3,http://images.cocodataset.org/train2014/COCO_train2014_000000137918.jpg,8,227,0.9990260890884823,-0.018071964383125305,,8,24.0,0.001893124711493776,0.955336232595348,21.0,0.001904085180311489,6.0,0.001879433932146798,88.0,0.0019020332026737515,29.0,0.001923505552682487,19.0,0.00189752127559782,22.0,0.001917764562369738,32.0,0.0018992689714107398,,,,,,,,,0.9586785101742114,0.9182958340544896,0.9799792395897687,0.984327567532392,0.9720048748581784,0.874587334195005,0.9571591177344863,,,,,,,,,,
873,counting,How many people are in the picture?,50,http://images.cocodataset.org/train2014/COCO_train2014_000000438196.jpg,5,268,0.9981157312535708,-1.1207765340805054,,5,25.0,0.0021088340090316565,0.9934804071359582,55.0,0.0020466927483880786,28.0,0.002080590705930808,33.0,0.0020426185928646198,25.0,0.002102919635784921,,,,,,,,,,,,,,,0.9704659931515517,0.9337851376692218,0.961422155794795,0.9063581495887165,,,,,,,,,,,,,
874,counting,How many knobs are there?,4,http://images.cocodataset.org/train2014/COCO_train2014_000000524471.jpg,11,183,0.9995018653002831,-0.019228262826800346,,11,19.0,0.001866974862411946,0.9649618403823442,41.0,0.0018665832199417569,32.0,0.0018542569885174253,27.0,0.001867722185040806,25.0,0.0018636963458291702,41.0,0.0018677846525587923,57.0,0.0018638212985617566,59.0,0.0018551541845532539,39.0,0.0018495363330693348,9.0,0.0018320837855149508,15.0,0.001843276435507985,,,0.9554327457479312,0.9978612851077535,0.9020228388375242,0.9934804071359582,0.9575930126738674,0.9454061015140958,0.9583269414971265,0.9686401305987198,0.9656336071428252,0.9543063494363562,,,,,,,
875,counting,How many buses are there?,1,http://images.cocodataset.org/train2014/COCO_train2014_000000393403.jpg,8,117,0.9948986429533624,-0.026005582883954048,,8,147.0,0.0021650837274958647,0.9736997285571225,15.0,0.0021287051591331444,103.0,0.0021559867183838055,17.0,0.002123512067481493,17.0,0.0021367608340701456,48.0,0.002164147105160341,23.0,0.002147430798996537,16.0,0.0021603792680644778,,,,,,,,,0.9543063494363562,0.9814495597573263,0.9771236998460401,0.9327185526599537,0.9799636043739104,0.9459180977787195,0.9965119062478288,,,,,,,,,,
876,counting,How many decks does this bus have?,2,http://images.cocodataset.org/train2014/COCO_train2014_000000393403.jpg,6,183,0.9975115071784384,-0.029546597972512245,,6,105.0,0.002063149170535468,0.9676971340659163,31.0,0.002023041205651977,18.0,0.0020076578624976843,44.0,0.0020287141600788938,71.0,0.002026503860839513,18.0,0.00202266445498244,,,,,,,,,,,,,0.9719442553087106,0.9736669121131954,0.970215319478775,0.9817802222253803,0.9591479170272447,,,,,,,,,,,,
877,counting,How many windows?,11,http://images.cocodataset.org/train2014/COCO_train2014_000000283700.jpg,8,287,0.9983465701465289,-0.08916718512773514,,8,45.0,0.0019574771523485023,0.9496125360391693,19.0,0.0019421213840636416,21.0,0.0019354479633547814,28.0,0.0019331176242084573,17.0,0.0019321773927831252,20.0,0.001933090606593613,15.0,0.0019696302144582836,17.0,0.001952575979939565,,,,,,,,,0.9462035592964384,0.9580067478829604,0.9766622869908744,0.9327185526599537,1.0,0.9967916319816366,0.9360847109776411,,,,,,,,,,
878,counting,How many steps does it take to get to the top?,2,http://images.cocodataset.org/train2014/COCO_train2014_000000257513.jpg,9,225,0.9988574130554012,-0.09543309360742569,,9,15.0,0.001949100090793932,1.0,23.0,0.0020130824261832482,98.0,0.001971402907000038,17.0,0.0019462987722148619,8.0,0.0019314154418435686,44.0,0.0019775750103241344,17.0,0.0019632671986582247,18.0,0.0019622546721249656,26.0,0.0019335731642702904,,,,,,,0.9782534167892911,0.9865541428672403,0.9771236998460402,1.0,0.9605232519304584,0.9967828263127351,0.9206250851407773,0.9703543378134543,,,,,,,,,
879,counting,How many ski boards are in the picture?,5,http://images.cocodataset.org/train2014/COCO_train2014_000000000201.jpg,9,229,0.9986989042563168,-0.09039613604545593,,9,16.0,0.0019649069439431283,0.985056822321508,4.0,0.0019373842401090855,16.0,0.001989529258197333,17.0,0.0019608402252493566,77.0,0.0019677098272367624,38.0,0.0019566500073476293,16.0,0.0019479912451883792,29.0,0.001968963405959501,15.0,0.0019590077665621822,,,,,,,0.0,0.8387794678549646,0.8919296718389884,0.9743372910665892,0.9360458049068376,0.9528195311147832,0.939906444337102,0.9654013672997089,,,,,,,,,
880,counting,How many blue stripes are on the babies shirt?,many,http://images.cocodataset.org/train2014/COCO_train2014_000000131279.jpg,8,216,0.9989989451798537,-0.10379667580127716,,8,21.0,0.001980464711157171,0.8559631658263386,21.0,0.001955109898445862,16.0,0.001936117168663585,58.0,0.0019395552996957102,15.0,0.0019391458777394575,58.0,0.001937631293066062,37.0,0.001959433816957629,83.0,0.0019477320577174471,,,,,,,,,0.9095134728820528,0.9965119062478288,0.9694040505567945,0.9654013672997089,0.9700085729147209,0.9603978677934606,0.9619957104872665,,,,,,,,,,
881,counting,How many babies are in this photo?,2,http://images.cocodataset.org/train2014/COCO_train2014_000000131279.jpg,6,247,0.9990687625545676,-0.007953539490699768,,6,67.0,0.0019128459014720815,0.951265316452733,17.0,0.0019298234103947898,37.0,0.001905651208220778,72.0,0.001905832735617693,15.0,0.001910294230999306,46.0,0.001925453919498615,,,,,,,,,,,,,0.8726389366057715,0.948661126753415,0.9819274845600545,0.9500685975366211,0.9867143099282857,,,,,,,,,,,,
882,counting,How many balls are on the ground?,6,http://images.cocodataset.org/train2014/COCO_train2014_000000554301.jpg,5,297,0.9970979807260114,-0.31526267528533936,,5,42.0,0.0020980524072957566,0.9598415825859098,16.0,0.0020899503552857667,16.0,0.002208519055732454,15.0,0.0020751059235300535,27.0,0.0021056791890599626,,,,,,,,,,,,,,,0.875,0.954434002924965,0.9161314485121343,0.9746820665998708,,,,,,,,,,,,,
883,counting,How many glasses are there?,2,http://images.cocodataset.org/train2014/COCO_train2014_000000262359.jpg,8,215,0.9989553735706068,-0.020910408347845078,,8,27.0,0.0019207566178872028,0.9446284658391854,50.0,0.0019021517720342676,48.0,0.0019148534125477156,22.0,0.0018996560929967973,15.0,0.0019099886800358695,16.0,0.001885813423927045,47.0,0.0019147211316642627,22.0,0.0019165783314320547,,,,,,,,,0.9596027504743825,0.9735368546123752,0.9378823529965689,0.9602297178607612,0.9690222556651344,0.9662358922348135,0.9455455033182417,,,,,,,,,,
884,counting,How many horses are on the picture?,3,http://images.cocodataset.org/train2014/COCO_train2014_000000524508.jpg,6,266,0.9972484283847072,-0.03757505491375923,,6,29.0,0.0020881789236774917,0.9943818288602024,6.0,0.002052240901345842,16.0,0.002165661876703417,22.0,0.002111620710038843,16.0,0.0021081848781164193,24.0,0.002036672114962818,,,,,,,,,,,,,0.9182958340544896,0.8194483718728035,0.9970151057384783,0.875,0.9863826390090815,,,,,,,,,,,,
885,counting,How many horses are in the picture?,3,http://images.cocodataset.org/train2014/COCO_train2014_000000524508.jpg,7,265,0.9959725286093916,-0.05072646960616112,,7,30.0,0.0021321351784923943,0.9925081039441959,30.0,0.002111262118713499,7.0,0.0020797359668448157,16.0,0.0021929853660971914,23.0,0.002098367206869474,24.0,0.002150320132397444,15.0,0.0021114042846535957,,,,,,,,,,,0.9744794446146661,0.9852281360342515,0.8194483718728035,0.9766815055062298,1.0,0.9161314485121343,,,,,,,,,,,
886,counting,How many kids?,1,http://images.cocodataset.org/train2014/COCO_train2014_000000393438.jpg,8,274,0.9961244823457431,-0.04949956014752388,,8,17.0,0.0022508431436069013,0.9127332405984697,55.0,0.002240389138315203,23.0,0.0022182736921584037,23.0,0.002228107324947179,17.0,0.0021657260863593313,29.0,0.0022637927241491375,20.0,0.002229750785013831,18.0,0.002257226667541043,,,,,,,,,0.9732426463248011,0.9668324690003138,0.9321883810995898,0.9771236998460401,0.9920582746997479,0.8911143594569009,0.8527924884900406,,,,,,,,,,
887,counting,How many black umbrellas?,3,http://images.cocodataset.org/train2014/COCO_train2014_000000393442.jpg,7,300,0.9990278143072282,-0.02687421627342701,,7,34.0,0.0019287909845797087,0.9467388690778908,36.0,0.0019376511594720025,15.0,0.0019304264370642345,23.0,0.0019502134691009477,15.0,0.001963512318170264,16.0,0.001930052988896374,32.0,0.0019388488433755662,,,,,,,,,,,0.961832968222669,0.9500685975366211,0.9370919134731258,0.9709505944546686,0.9755307720176266,0.9539115176741653,,,,,,,,,,,
888,counting,How many skis are on the ground?,4,http://images.cocodataset.org/train2014/COCO_train2014_000000131299.jpg,11,221,0.9992317281459524,-0.04918026551604271,,11,18.0,0.0019051445736462322,0.9915323997298832,15.0,0.0019220383123021948,16.0,0.0018819922840974963,17.0,0.0019053876798616179,15.0,0.00191922655399353,41.0,0.0019090495973175044,19.0,0.0019000773423180379,45.0,0.0018945327669747367,19.0,0.001905763289769627,23.0,0.0018919455371934333,21.0,0.0019041730166783968,,,0.9709505944546686,0.9681390622295665,0.9437600120884535,0.9967916319816366,0.958800342073334,0.9064726381299402,0.9758466411637977,0.9975194757207203,0.9459180977787195,0.9367812592564969,,,,,,,
889,counting,How many water jugs are visible?,2,http://images.cocodataset.org/train2014/COCO_train2014_000000524522.jpg,3,136,0.9986077275762174,-0.029968267306685448,,3,358.0,0.00199724578873622,0.9850230018511396,33.0,0.0020067641425075,23.0,0.001974417924239497,,,,,,,,,,,,,,,,,,,0.9745630531045548,0.9581834297016358,,,,,,,,,,,,,,,
890,counting,How many trains are there?,3,http://images.cocodataset.org/train2014/COCO_train2014_000000524525.jpg,5,187,0.9989176372576781,-0.05019229277968407,,5,56.0,0.0018989941442064825,0.9807439739149346,19.0,0.0018988485553377021,29.0,0.0019046015176445727,193.0,0.0019101815680970537,17.0,0.0018959630071037552,,,,,,,,,,,,,,,0.9752404816059184,0.9572877264098988,0.9801578181995225,0.9327185526599537,,,,,,,,,,,,,
891,counting,How many kids are there?,5,http://images.cocodataset.org/train2014/COCO_train2014_000000393464.jpg,7,236,0.9991521402097024,-0.11849017441272736,,7,40.0,0.001940248850540289,0.9842413985415513,13.0,0.0019424500091470534,21.0,0.001926949659189348,17.0,0.0019571951443157886,42.0,0.001982280301421511,55.0,0.001942357192624826,23.0,0.0019546367120059404,,,,,,,,,,,0.8956403056385981,0.9479530138916262,0.9770358764490155,0.9661512801900802,0.9784493386825907,0.9863237070924824,,,,,,,,,,,
892,counting,How many rocks?,2,http://images.cocodataset.org/train2014/COCO_train2014_000000262393.jpg,11,160,0.9993528792741592,-0.06042274087667465,,11,56.0,0.001894673707186257,0.9541199757217318,29.0,0.0018816267563215945,27.0,0.0018917987024783865,27.0,0.001901116556073196,25.0,0.001879976129053252,27.0,0.001898913208245381,17.0,0.0018816395666866308,23.0,0.001885503066445769,21.0,0.001888334298706636,16.0,0.001884834491888892,48.0,0.0018929962331435462,,,0.964741134868636,0.9974706934315656,0.9511104982670258,0.9820988001732525,0.9446284658391854,0.9664022887695614,0.9741887370104049,0.9907017951253161,0.9248008763572906,0.9694310034519357,,,,,,,
893,counting,How many zebras are there?,2,http://images.cocodataset.org/train2014/COCO_train2014_000000262393.jpg,7,180,0.999252582566366,-0.034254275262355804,,7,123.0,0.0018958676114033148,0.9663663572233643,51.0,0.0018867756016441842,15.0,0.001892159721661604,16.0,0.0018751851139834394,23.0,0.0018897078721180612,33.0,0.0018930736136658025,49.0,0.0018905504244207808,,,,,,,,,,,0.9742822394962182,0.9018972358711528,0.9886085007312413,0.992638795254511,0.9722808941793163,0.9444040709367272,,,,,,,,,,,
894,counting,How many floors do you think the highest building has?,50,http://images.cocodataset.org/train2014/COCO_train2014_000000000250.jpg,0,360,0.9983235301081547,-0.1795695573091507,,0,,,,,,,,,,,,,,,,,,,,,,,,,,,,,,,,,,,,,,,,,,
895,counting,How many people are surfing?,1,http://images.cocodataset.org/train2014/COCO_train2014_000000131339.jpg,11,242,0.9984486304424215,-0.005627043079584837,,11,126.0,0.001998485077700734,0.9804977741518006,15.0,0.0019830582671446716,4.0,0.001971716693181388,15.0,0.00197990600054468,22.0,0.0020047624018404517,20.0,0.0019945579762433354,6.0,0.0019688690785100815,15.0,0.0020206717994202105,15.0,0.0020211192548933742,19.0,0.0020025074401572914,38.0,0.002006772232829444,,,0.8983958159908183,0.0,0.8983958159908183,0.933816945485606,0.9477309221191609,0.9182958340544896,0.9967916319816366,0.9709505944546686,0.9975194757207203,0.9860384480400781,,,,,,,
896,counting,How many kids are wearing black and white?,5,http://images.cocodataset.org/train2014/COCO_train2014_000000524557.jpg,6,264,0.9983842512544254,-0.048604365438222885,,6,32.0,0.002054754948146154,0.9596394165022569,29.0,0.0020434476553790994,59.0,0.002077094288309356,15.0,0.0020749075256429753,28.0,0.0020773717079268276,16.0,0.002162379143917605,,,,,,,,,,,,,0.9566954950227189,0.9830962434055273,0.9500685975366211,0.9894065290848518,0.954434002924965,,,,,,,,,,,,
897,counting,How many men are wearing hats?,0,http://images.cocodataset.org/train2014/COCO_train2014_000000131342.jpg,10,202,0.9991934243677664,-0.028874212875962257,,10,17.0,0.0018847767826589614,0.9770358764490155,21.0,0.001890335522564238,28.0,0.0018869640941757138,27.0,0.001899842351508335,15.0,0.0018708556750352263,27.0,0.001868824826570055,56.0,0.0018816955017708994,29.0,0.0018906029271487062,60.0,0.001891224522765983,15.0,0.0018763868540476157,,,,,0.91874241485597,0.9756156973216475,0.9764903352594523,0.9609640474436811,0.9730099067544401,0.9859952380810924,0.9839067104067714,0.9936944564506968,1.0,,,,,,,,
898,counting,How many holes are on the phone case?,1,http://images.cocodataset.org/train2014/COCO_train2014_000000393489.jpg,6,155,0.998284706034884,-0.20232081413269043,,6,49.0,0.001980671847483408,0.9648297492027685,137.0,0.0019754656432808535,27.0,0.0019694618696264707,71.0,0.001977554463318728,26.0,0.0019554616800975828,15.0,0.001982194633549717,,,,,,,,,,,,,0.9814855139151915,0.9579073713825503,0.9676626916669797,0.9772810666478722,0.9018972358711528,,,,,,,,,,,,
899,counting,How many phones do you see?,1,http://images.cocodataset.org/train2014/COCO_train2014_000000393489.jpg,2,124,0.9985108970906771,-0.018078884109854698,,2,403.0,0.001972544654037989,0.9865255912877259,32.0,0.0019605103393034846,,,,,,,,,,,,,,,,,,,,,0.9487255623298354,,,,,,,,,,,,,,,,
900,counting,How many cookies can be seen?,2,http://images.cocodataset.org/train2014/COCO_train2014_000000000009.jpg,4,148,0.9993337544792412,-0.0583987683057785,,4,84.0,0.0018676168561884933,0.9870960050155582,225.0,0.0018769273917135644,23.0,0.001883091067231834,95.0,0.0018731248111648153,,,,,,,,,,,,,,,,,0.9839217792435647,0.8745301621997,0.9610343524268949,,,,,,,,,,,,,,
901,counting,How many girls are visible?,2,http://images.cocodataset.org/train2014/COCO_train2014_000000393493.jpg,8,202,0.9989381614188594,-0.033777836710214615,,8,140.0,0.001911641709040491,0.9838428954149717,16.0,0.0019130953804445733,17.0,0.0018989683375470277,23.0,0.0019120791494552614,18.0,0.0018952536557271863,10.0,0.0019012216208276079,15.0,0.0018989601388808462,10.0,0.0018913719462303586,,,,,,,,,0.9755307720176266,0.9963890537299693,0.9375221328852416,0.9532156861075463,0.8649735207179273,0.9161314485121342,0.9372305632161296,,,,,,,,,,
902,counting,How many colors are in the tile?,1,http://images.cocodataset.org/train2014/COCO_train2014_000000131351.jpg,3,155,0.9987855291691189,-0.015955401584506035,,3,16.0,0.00197266583693189,0.9755307720176265,339.0,0.0019925726815201612,35.0,0.0019724929065423175,,,,,,,,,,,,,,,,,,,0.9823971140178639,0.9782957150117773,,,,,,,,,,,,,,,
903,counting,How many people are standing next to each other?,4,http://images.cocodataset.org/train2014/COCO_train2014_000000131366.jpg,8,284,0.9988123670661334,-0.015841003507375717,,8,19.0,0.001967564381669973,0.9826301639446198,20.0,0.001944546188024606,35.0,0.0019738430049936555,28.0,0.00194476567769402,21.0,0.0019670391693775986,13.0,0.0019384829607458792,16.0,0.0019394166509133861,33.0,0.0019401902414146936,,,,,,,,,0.9927376486136672,0.9738749368280546,0.9722040294927505,0.8881659264001538,0.9629470156266078,0.9248008763572906,0.9564703881617337,,,,,,,,,,
904,counting,How many rackets?,8,http://images.cocodataset.org/train2014/COCO_train2014_000000131366.jpg,7,289,0.9988729992075209,-0.026067860424518585,,7,21.0,0.0019644538822752395,0.931410723799767,17.0,0.0019342777599807464,23.0,0.0019268072007798543,15.0,0.0019626912929597818,35.0,0.0019799289087492184,29.0,0.001942435006742549,15.0,0.0019594307418916777,,,,,,,,,,,0.9605278493513334,0.9705502589382583,0.8830374409547587,0.9859394176176558,0.97854632924748,0.8830374409547587,,,,,,,,,,,
905,counting,How many people are in this photo?,4,http://images.cocodataset.org/train2014/COCO_train2014_000000131366.jpg,9,284,0.9987633786192985,-0.026372088119387627,,9,15.0,0.0019392457244611985,0.9664572819896988,21.0,0.0019839006227333135,11.0,0.001960799853689504,35.0,0.001985694851122089,31.0,0.001956186365635356,20.0,0.001972036751217045,11.0,0.001939709740991971,18.0,0.0019394129748721066,21.0,0.001950606282301873,,,,,,,0.9748830897462036,0.9940302114769565,0.9738749368280546,0.9801667511608102,0.9008047485295136,0.9431887805255736,0.9248127822568166,0.934519555118908,,,,,,,,,
906,counting,How many girls are in the picture?,4,http://images.cocodataset.org/train2014/COCO_train2014_000000131366.jpg,9,274,0.9987830762367249,-0.039379630237817764,,9,15.0,0.001959066976950536,0.9654013672997089,20.0,0.001982429920477055,16.0,0.0019597090913485945,34.0,0.0019846181994784802,30.0,0.0019595922046327387,20.0,0.0019733677382938737,12.0,0.0019459862181548228,18.0,0.0019390912803934667,20.0,0.0019523515506052421,,,,,,,0.9835386311891134,0.9965119062478288,0.9719977955078916,0.9661783347580306,0.9008047485295136,0.9206198357143051,0.9248127822568166,0.9156703652986377,,,,,,,,,
907,counting,How many people don't have a skateboard?,4,http://images.cocodataset.org/train2014/COCO_train2014_000000131366.jpg,6,309,0.9991174403481795,-0.07199352234601974,,6,25.0,0.0018330420415779848,0.9697352853986261,17.0,0.0018351071296470423,23.0,0.001830729152792339,51.0,0.0018258780124359273,15.0,0.0018248567006826524,17.0,0.0018229231220101344,,,,,,,,,,,,,0.8409160494198367,0.962336684315086,0.9604059039181274,0.9877812438119247,0.932718552659954,,,,,,,,,,,,
908,counting,How many of the four main individuals are wearing baseball caps?,0,http://images.cocodataset.org/train2014/COCO_train2014_000000131366.jpg,8,260,0.99692196818935,-0.00896911695599556,,8,46.0,0.002020223898288215,0.9725854147258669,17.0,0.002018569601434178,16.0,0.0020117798067403906,28.0,0.0020193532842238044,15.0,0.0020068375906617617,94.0,0.0020053825070360655,23.0,0.0019932494272198766,9.0,0.0019980998254903394,,,,,,,,,0.9437600120884535,0.985056822321508,0.9127045965049082,0.9877812438119246,0.9675231954583211,0.9910581831938823,0.9910760598382222,,,,,,,,,,
909,counting,How many racquets?,8,http://images.cocodataset.org/train2014/COCO_train2014_000000131366.jpg,7,315,0.9988515560486588,-0.029356300830841064,,7,20.0,0.0019738676481381406,0.9835386311891134,17.0,0.0019297768033328018,17.0,0.001968127492607947,36.0,0.0019816302080967576,32.0,0.001949626553794104,17.0,0.001961227012618975,18.0,0.001926272614332645,,,,,,,,,,,0.9605278493513334,0.8702290979524686,0.9825062502380122,0.9824966515970538,0.9360847109776411,0.9375433175393748,,,,,,,,,,,
910,counting,How many legs are in the image?,8,http://images.cocodataset.org/train2014/COCO_train2014_000000131366.jpg,8,313,0.9988024595037722,-0.06020096689462662,,8,15.0,0.0019251925809701312,0.9949490477321437,19.0,0.0019652800894275845,10.0,0.0019427037936785526,17.0,0.0019308367445772991,15.0,0.0019470641319029162,34.0,0.0019714117831228124,35.0,0.0019546385098499356,21.0,0.0019578065509237162,,,,,,,,,0.9649618403823442,0.9709505944546686,0.9856676426534905,0.9602297178607612,0.9813570946988739,0.9603716844220385,0.91874241485597,,,,,,,,,,
911,counting,How many passengers does this bus carry?,30,http://images.cocodataset.org/train2014/COCO_train2014_000000262442.jpg,4,168,0.9975887064534398,-0.3287053108215332,,4,204.0,0.002108217836993879,0.9843074388947652,25.0,0.0020619341622821904,39.0,0.002092601397989692,38.0,0.0020185820429873976,,,,,,,,,,,,,,,,,0.9731010084990855,0.9595059847844324,0.9758316241807181,,,,,,,,,,,,,,
912,counting,How many open umbrellas are there on the beach?,3,http://images.cocodataset.org/train2014/COCO_train2014_000000131374.jpg,6,128,0.9969025265119363,-0.11447938531637192,,6,105.0,0.002195609934008191,0.9810190693436116,87.0,0.00215938377791473,65.0,0.0021689443061262805,88.0,0.0021528822282462527,27.0,0.002130721468050623,17.0,0.002090287958399604,,,,,,,,,,,,,0.9785639966934331,0.9916469412931669,0.9690684828762326,0.9707537064911389,0.9595784770480081,,,,,,,,,,,,
913,counting,How many umbrellas do you see?,3,http://images.cocodataset.org/train2014/COCO_train2014_000000131374.jpg,10,141,0.9977588726262241,-0.06860549002885818,,10,15.0,0.0020637280860290523,0.9877812438119246,72.0,0.002077619455387065,98.0,0.0021065662839572633,79.0,0.0020796590255173957,18.0,0.0021141172020968887,45.0,0.002077035949254948,12.0,0.0020325681127044584,10.0,0.0020821295619536085,26.0,0.002049240192168879,34.0,0.0020672364574258373,,,,,0.9677381749591617,0.9795720815512149,0.9716534821789317,0.8527924884900404,0.9842855255281804,0.9808340377961404,0.8812908992306927,0.9699870314266159,0.9633747691001248,,,,,,,,
914,counting,How many striped objects are in the photo?,4,http://images.cocodataset.org/train2014/COCO_train2014_000000131374.jpg,9,153,0.9979454319312718,-0.08352218568325043,,9,15.0,0.0020619417973591334,0.9500685975366211,45.0,0.002066189380665605,82.0,0.0020821064695617348,44.0,0.002066896030947034,28.0,0.002051530562373316,14.0,0.0021097604890789622,38.0,0.0020641414391033347,75.0,0.002065001406782723,36.0,0.0020691680416663107,,,,,,,0.9435172650335788,0.9805435003114764,0.9656949704580381,0.9631541326391645,0.9402859586706311,0.9573734260821257,0.9830341476225766,0.972909185969769,,,,,,,,,
915,location,Where is the giraffe?,near tree,http://images.cocodataset.org/train2014/COCO_train2014_000000000025.jpg,0,288,0.9959157862683616,-1.1192967891693115,Z,0,,,,,,,,,,,,,,,,,,,,,,,,,,,,,,,,,,,,,,,,,,
916,location,Where are the two blue coolers?,left,http://images.cocodataset.org/train2014/COCO_train2014_000000262172.jpg,2,312,0.9977853927575887,-0.6370041966438293,F,2,23.0,0.002018154113321525,0.9910581831938825,21.0,0.002134645429474436,,,,,,,,,,,,,,,,,,,,,0.9424257960378288,,,,,,,,,,,,,,,,
917,location,Where are the trucks?,dock,http://images.cocodataset.org/train2014/COCO_train2014_000000262184.jpg,6,297,0.999094543546356,-1.2149415016174316,Park,6,20.0,0.0020677069073678674,0.8586727110732552,16.0,0.0019493312205211462,44.0,0.0020270499468193932,18.0,0.002005905979032758,26.0,0.0019891056191809024,42.0,0.0020192974248756596,,,,,,,,,,,,,0.9414280318460245,0.9687997898581836,0.9656336071428252,0.9663243931957521,0.9649336559080389,,,,,,,,,,,,
918,location,Where is Brooklyn Avenue?,bottom,http://images.cocodataset.org/train2014/COCO_train2014_000000131126.jpg,8,100,0.9571627906518906,-1.6725168228149414,Brook,8,253.0,0.005649029056113689,0.9693675222728422,21.0,0.004545651365938808,15.0,0.006800210557781686,36.0,0.004604490978321122,45.0,0.004886209353035529,19.0,0.005250382474778678,15.0,0.0066277022876457545,25.0,0.005750725929650181,,,,,,,,,0.9345195551189082,0.9967916319816366,0.9306314909545548,0.9582324871534961,0.899507835327561,0.9709505944546686,0.9119170469093422,,,,,,,,,,
919,location,Where is the bird?,on cliff,http://images.cocodataset.org/train2014/COCO_train2014_000000262201.jpg,4,321,0.9988930850079647,-0.85201096534729,On,4,42.0,0.0020268075000249345,0.9657792272368247,15.0,0.0019556534560627816,19.0,0.0019415418832387616,20.0,0.001967635984786041,,,,,,,,,,,,,,,,,0.9543063494363562,0.9880900585356664,0.9455339504580242,,,,,,,,,,,,,,
920,location,Where is the mirror?,wall,http://images.cocodataset.org/train2014/COCO_train2014_000000262207.jpg,7,190,0.9993794130011812,-1.7479345798492432,On,7,113.0,0.0018628535562314624,0.9773224575070355,19.0,0.0018603142792834033,45.0,0.0018539627521143073,22.0,0.0018693608797355954,15.0,0.0018976451064991599,22.0,0.0018652348785055705,24.0,0.0018682039076655544,,,,,,,,,,,0.886309287687688,0.982832096499016,0.9970151057384782,0.9182958340544896,0.9904129681145393,0.9353389174565615,,,,,,,,,,,
921,location,Where is the sink located?,bathroom,http://images.cocodataset.org/train2014/COCO_train2014_000000393291.jpg,9,218,0.9906805638494245,-0.09694063663482666,Bath,9,28.0,0.0026502765792014533,0.9907251796309312,31.0,0.002757139663093386,40.0,0.002683601930748634,15.0,0.002804469661791341,11.0,0.003063503278898519,15.0,0.0025468176666823563,15.0,0.0029681555117574217,17.0,0.003123437790306132,9.0,0.002926980868509134,,,,,,,0.9639368784721676,0.9745322754693092,0.9500685975366211,0.8453509366224364,0.9473080736174853,0.8830374409547587,0.8409160494198367,0.7642045065086203,,,,,,,,,
922,location,Where is the soap?,shower,http://images.cocodataset.org/train2014/COCO_train2014_000000393291.jpg,6,269,0.9983835212215779,-1.503165364265442,On,6,22.0,0.0018858922204503198,0.9658234187802699,17.0,0.0019281922702022952,30.0,0.0018880948189676932,18.0,0.0018792113269842316,17.0,0.001884020284224406,27.0,0.0018862924894264565,,,,,,,,,,,,,0.9774178175281716,0.9313134025058286,0.9874687506009635,0.9363348190250748,0.9280234518108738,,,,,,,,,,,,
923,location,Where is the human?,on top of hill,http://images.cocodataset.org/train2014/COCO_train2014_000000524375.jpg,6,236,0.9369046477802677,-1.1834203004837036,Hill,6,56.0,0.004494811411721339,0.9857511055415974,41.0,0.005018903507987415,15.0,0.004954332824426668,15.0,0.004592094343228905,38.0,0.0062111949059354896,8.0,0.0039444061931915185,,,,,,,,,,,,,0.9824676376240372,0.9609640474436811,0.982798115178801,0.9928927534735068,0.9463946303571862,,,,,,,,,,,,
924,location,Where is the light coming from?,window,http://images.cocodataset.org/train2014/COCO_train2014_000000262159.jpg,4,231,0.9909451611645456,-1.2034475803375244,Light,4,126.0,0.0023872613053091602,0.9834044221002024,16.0,0.002323422851919566,44.0,0.0023964353928382625,26.0,0.002365691646622589,,,,,,,,,,,,,,,,,0.9886085007312413,0.9865515934697008,0.9433061815857016,,,,,,,,,,,,,,
925,location,Where is the television?,wall,http://images.cocodataset.org/train2014/COCO_train2014_000000524386.jpg,6,175,0.9994520171254564,-0.3701327443122864,Living,6,98.0,0.0018830086610979134,0.9758184852188767,27.0,0.001893217133966342,41.0,0.0018932042412030615,9.0,0.0018858488719896986,8.0,0.0018845265943047103,11.0,0.0018500062221664683,,,,,,,,,,,,,0.967292449601084,0.9318864026179119,0.9910760598382222,0.8112781244591328,0.9292776059351572,,,,,,,,,,,,
926,location,Where is the street sign?,pole,http://images.cocodataset.org/train2014/COCO_train2014_000000393317.jpg,7,342,0.9967683088743886,-1.0910592079162598,On,7,15.0,0.0022949513949122504,0.9018972358711528,15.0,0.002155184920443734,26.0,0.002302777743658395,20.0,0.0022931331831066272,19.0,0.0022862110687511803,16.0,0.0022783091460544273,23.0,0.0021828133256406377,,,,,,,,,,,0.9664572819896989,0.9417436370522245,0.9304820237218406,0.9064726381299402,0.949701216438411,0.9705502589382583,,,,,,,,,,,
927,location,Where are the women walking?,crosswalk,http://images.cocodataset.org/train2014/COCO_train2014_000000393317.jpg,5,329,0.9980937734967523,-0.7128266096115112,Side,5,24.0,0.0022957149373277973,0.9899343783255763,43.0,0.0022883456398450955,20.0,0.0024150168339291712,45.0,0.002304861665234431,15.0,0.002114069699830396,,,,,,,,,,,,,,,0.9749721478734824,0.9197173235750931,0.9764030221853734,0.982798115178801,,,,,,,,,,,,,
928,location,Where is the woman standing?,crosswalk,http://images.cocodataset.org/train2014/COCO_train2014_000000393317.jpg,6,324,0.9983155298034112,-0.546572744846344,Side,6,25.0,0.0022547326662696624,0.9934804071359582,43.0,0.002253393268541767,22.0,0.0023085958320730243,4.0,0.00191744619947146,45.0,0.0022716791199214013,15.0,0.002081394965434463,,,,,,,,,,,,,0.9749721478734824,0.9115339911368305,1.0,0.9764030221853734,0.982798115178801,,,,,,,,,,,,
929,location,Where was this shot at?,florist,http://images.cocodataset.org/train2014/COCO_train2014_000000262283.jpg,6,141,0.9981798858221961,-1.1772160530090332,Flor,6,191.0,0.0021349158038514427,0.9893352423261401,20.0,0.00220296690935752,12.0,0.002073560729982661,15.0,0.002132548321035128,15.0,0.0021191097826416174,16.0,0.0023276858086969205,,,,,,,,,,,,,0.9854752972273344,0.9795739585136223,0.9543063494363562,0.9664572819896988,0.8387794678549646,,,,,,,,,,,,
930,location,Where is the cupcake?,plate,http://images.cocodataset.org/train2014/COCO_train2014_000000393375.jpg,5,233,0.999479543425241,-0.433348149061203,On,5,34.0,0.001887158611924697,0.9703537297532553,17.0,0.0018711929261052663,61.0,0.0018807055786868039,46.0,0.0018868525983635343,60.0,0.0018731217613726042,,,,,,,,,,,,,,,0.8919296718389884,0.9555655587352176,0.9473239698353645,0.9514998615205786,,,,,,,,,,,,,
931,location,Where was this picture taken?,parking lot,http://images.cocodataset.org/train2014/COCO_train2014_000000393384.jpg,8,174,0.9823016598635328,-0.8650963306427002,Airport,8,17.0,0.003125701665487399,0.9605278493513334,117.0,0.0032553147617864907,48.0,0.0034400596976871633,44.0,0.0032237687502144575,27.0,0.0033206353297989565,37.0,0.0033696535651331428,18.0,0.003693961076312003,19.0,0.0035061935126477844,,,,,,,,,0.9675761103211022,0.9912722657208475,0.9624284132555648,0.9222277221150782,0.964468019063839,0.872009434056298,0.9826301639446198,,,,,,,,,,
932,location,Where is the laptop?,on table,http://images.cocodataset.org/train2014/COCO_train2014_000000137918.jpg,6,149,0.9967941281895935,-0.8954660892486572,Table,6,239.0,0.0023121165145116407,0.9792888535796767,15.0,0.002263177963227429,15.0,0.002251517356559702,23.0,0.002355660067233944,31.0,0.0023615870168144787,16.0,0.0022863386023808606,,,,,,,,,,,,,0.9877812438119247,1.0,0.8932461863447871,0.9837754236398945,0.9755307720176266,,,,,,,,,,,,
933,location,Where are the two upside down glasses?,nightstand,http://images.cocodataset.org/train2014/COCO_train2014_000000393394.jpg,7,219,0.9992678880212453,-1.1698147058486938,On,7,16.0,0.0019661843399390697,0.886859507142915,62.0,0.001953222938597306,20.0,0.001938811252906515,17.0,0.001977473071043081,23.0,0.00196712198700945,54.0,0.0019267543631537837,58.0,0.0019421280766060416,,,,,,,,,,,0.9858675926009082,0.9794359242226801,0.8846148739279867,0.962336684315086,0.9831109246567001,0.9631256273333174,,,,,,,,,,,
934,location,Where is the open door?,nowhere,http://images.cocodataset.org/train2014/COCO_train2014_000000393403.jpg,6,194,0.9903064709387718,-1.2564414739608765,Bus,6,118.0,0.0028628387653324944,0.9658351804909489,16.0,0.002806401182614049,12.0,0.002841036132751601,19.0,0.0030649023889473027,15.0,0.002512049218016369,49.0,0.0027166990354061055,,,,,,,,,,,,,0.9755307720176266,0.7896900821428475,0.8693978806749074,0.9859247724121322,0.9757295192047166,,,,,,,,,,,,
935,location,Where are the buns?,by plates,http://images.cocodataset.org/train2014/COCO_train2014_000000524486.jpg,6,294,0.997185849900505,-1.000093698501587,On,6,45.0,0.0021827791880508203,0.9489110013113164,16.0,0.0021908884134828385,44.0,0.0021805216355425365,30.0,0.002177458111652367,31.0,0.0021346940983600956,16.0,0.0022722505568105256,,,,,,,,,,,,,0.886859507142915,0.9414126211740943,0.9824567505740444,0.9555280917123578,0.954434002924965,,,,,,,,,,,,
936,location,Where is the table lamp?,on table,http://images.cocodataset.org/train2014/COCO_train2014_000000448671.jpg,4,368,0.9994719523289581,-1.5167068243026733,On,4,16.0,0.0018780075930784023,0.949701216438411,17.0,0.00186308499654169,31.0,0.001907798125875344,16.0,0.0018611693434351666,,,,,,,,,,,,,,,,,0.9507532012507529,0.9213936608621012,0.9414280318460245,,,,,,,,,,,,,,
937,location,Where is the cup?,on table,http://images.cocodataset.org/train2014/COCO_train2014_000000393428.jpg,9,244,0.9994954107867043,-0.7897446751594543,On,9,30.0,0.001886298473505278,0.923044530856772,53.0,0.00188688324629179,16.0,0.00184699031446324,18.0,0.0018700033397884622,15.0,0.0018525172610159035,23.0,0.0018883909166264067,21.0,0.0018881724929139443,17.0,0.0018616283623972935,2.0,0.0018142343138177618,,,,,,,0.9807373519277345,0.9681390622295665,0.9206250851407775,0.9664572819896988,0.9366841657848176,0.9164299980118936,0.932718552659954,0.0,,,,,,,,,
938,location,Where do you think all these are located?,restaurant,http://images.cocodataset.org/train2014/COCO_train2014_000000262359.jpg,7,301,0.9988397681494791,-0.41605687141418457,R,7,28.0,0.001912322837765683,0.9573541485700979,16.0,0.0019301958764456817,30.0,0.0018982852670868563,15.0,0.001890821246703054,36.0,0.0019004859436197476,33.0,0.0018965156852659472,16.0,0.0018976806052552787,,,,,,,,,,,1.0,0.9555573858597382,0.9446232142545791,0.9907222075759339,0.9589820050858436,0.8980898459737487,,,,,,,,,,,
939,location,Where is the room?,restaurant,http://images.cocodataset.org/train2014/COCO_train2014_000000262359.jpg,8,308,0.9983979508952782,-0.6313238739967346,R,8,18.0,0.0019518066114700288,0.8763576394898522,15.0,0.0019387690311686314,21.0,0.001957229898280045,15.0,0.0019483499951996985,18.0,0.0019410305970147138,71.0,0.0019600827392423424,24.0,0.001944918251045275,35.0,0.0019441702251884224,,,,,,,,,0.9147366491799203,0.9314107237997671,0.9500685975366211,0.9625632797054146,0.9734202556333545,0.9631824976064279,0.9547406498402883,,,,,,,,,,
940,location,Where is the cat?,bed,http://images.cocodataset.org/train2014/COCO_train2014_000000393432.jpg,3,262,0.9861392241795119,-0.7887256145477295,Bed,3,50.0,0.0027857447774219455,0.97977697689109,27.0,0.0030302878929879557,36.0,0.002836611156690565,,,,,,,,,,,,,,,,,,,0.9231969915820896,0.9381788197449262,,,,,,,,,,,,,,,
941,location,Where is number 8?,left,http://images.cocodataset.org/train2014/COCO_train2014_000000524557.jpg,5,258,0.9990909071237691,-1.5553925037384033,Now,5,32.0,0.0019488070858824358,0.9677751673979079,71.0,0.002002435241420875,16.0,0.0019606776526790728,22.0,0.0019511104536745628,16.0,0.002053796523221396,,,,,,,,,,,,,,,0.9658962464037917,0.9248008763572906,0.9335100357365151,1.0,,,,,,,,,,,,,
942,location,Where is the shower located?,in bathroom,http://images.cocodataset.org/train2014/COCO_train2014_000000546179.jpg,8,240,0.9939620505414591,-0.19658851623535156,Bath,8,21.0,0.00255718596789565,0.9751060324573735,17.0,0.002473875594704663,27.0,0.0024125097213254752,17.0,0.0024499816341073933,48.0,0.0025313204744566993,16.0,0.0025691613295295173,44.0,0.002562605232739061,23.0,0.002552515556653216,,,,,,,,,0.9507532012507529,0.9466241891908829,0.9507532012507529,0.9714547026625092,0.949701216438411,0.9599630063061416,0.9459180977787195,,,,,,,,,,
943,location,Where is the cat sitting?,stump,http://images.cocodataset.org/train2014/COCO_train2014_000000524572.jpg,3,243,0.9930720907717668,-1.0529555082321167,F,3,92.0,0.0025333051718165983,0.9855983627828854,19.0,0.002499446976073683,11.0,0.002496805057015123,,,,,,,,,,,,,,,,,,,0.9769780367557707,0.9713067383178076,,,,,,,,,,,,,,,
944,location,Where is this?,beach,http://images.cocodataset.org/train2014/COCO_train2014_000000131373.jpg,3,82,0.9865028449378893,-0.5217681527137756,Beach,3,220.0,0.0029923606855470916,0.9693360229164445,59.0,0.0026968437378314053,56.0,0.002725731123208776,,,,,,,,,,,,,,,,,,,0.9850414389105382,0.9768225341130257,,,,,,,,,,,,,,,
945,reasoning,Why is the man on the street?,homeless,http://images.cocodataset.org/train2014/COCO_train2014_000000524314.jpg,3,323,0.9984632696000164,-1.3658194541931152,The,3,38.0,0.002068344664379175,0.9656483773437384,24.0,0.0020552292826054776,73.0,0.0020541432266137556,,,,,,,,,,,,,,,,,,,0.9265419002141438,0.9583696038695083,,,,,,,,,,,,,,,
946,reasoning,Why are the birds only appearing as black silhouettes?,shadows,http://images.cocodataset.org/train2014/COCO_train2014_000000262260.jpg,5,288,0.9985283541919527,-0.7918427586555481,The,5,15.0,0.0019745402558405006,0.9949490477321437,40.0,0.0019934597650655477,15.0,0.0019910075110118534,18.0,0.002105113636712921,17.0,0.0020590821235520924,,,,,,,,,,,,,,,0.9809649325577396,0.9543063494363562,0.8527924884900406,0.9770358764490155,,,,,,,,,,,,,
947,reasoning,Why are there so many clothes on the bed?,laundry,http://images.cocodataset.org/train2014/COCO_train2014_000000131208.jpg,8,210,0.9988942127710253,-0.7329858541488647,The,8,30.0,0.0019121092513178831,0.9715270798158866,16.0,0.001943474040496645,85.0,0.001926802057377708,29.0,0.0019322910674287347,18.0,0.0019427449451318952,23.0,0.0019335562025396345,19.0,0.001960477829106812,24.0,0.0019274487536635203,,,,,,,,,0.886859507142915,0.9680374985912534,0.9365895140018885,0.9915323997298832,0.9244732696028456,0.9041116874399232,0.9566410953446085,,,,,,,,,,
948,reasoning,Why is the man cooking so many hot dogs?,party,http://images.cocodataset.org/train2014/COCO_train2014_000000524486.jpg,10,246,0.9990649793064423,-1.04279363155365,The,10,38.0,0.0019623390534426245,0.9928927534735068,15.0,0.0019345725589943422,17.0,0.0019336170028379372,26.0,0.001984588977464271,26.0,0.0019787143958769457,18.0,0.0019510032820722874,45.0,0.001967745333355209,16.0,0.001957163466159164,21.0,0.0019375306305943678,15.0,0.0019220622714759474,,,,,1.0,0.9771236998460401,0.9892410142019505,0.9450520768166325,0.9388201415867106,0.9637005877253615,0.985056822321508,0.9663407895758984,0.982798115178801,,,,,,,,
949,reasoning,Why is the girl holding an umbrella?,sun,http://images.cocodataset.org/train2014/COCO_train2014_000000000036.jpg,2,334,0.9994504544078119,-0.9832038879394531,The,2,15.0,0.0018859446187647318,0.9147366491799203,17.0,0.0018893070036512208,,,,,,,,,,,,,,,,,,,,,0.932718552659954,,,,,,,,,,,,,,,,
950,reasoning,Why would someone not like the fruit at the front?,they don't like oranges,http://images.cocodataset.org/train2014/COCO_train2014_000000039288.jpg,8,271,0.9989568389962334,-1.806901216506958,The,8,56.0,0.0019742859149467886,0.985365504591022,16.0,0.002001024350188155,16.0,0.0019955265846405713,15.0,0.0019833985608742797,19.0,0.0019434235611959056,27.0,0.0019612676019977173,15.0,0.001925881380509476,16.0,0.0019341463795899824,,,,,,,,,0.8194483718728035,0.8620485698650454,0.8443536850036224,0.9892422967543257,0.9167468165543661,0.9446232142545791,0.9414280318460245,,,,,,,,,,
951,reasoning,Why is the top light on?,to stop traffic,http://images.cocodataset.org/train2014/COCO_train2014_000000524520.jpg,3,310,0.9987058489031422,-1.0230543613433838,The,3,16.0,0.0019464185015831718,0.9822177815287605,18.0,0.0019787191534344824,15.0,0.0019790309748495103,,,,,,,,,,,,,,,,,,,0.937543317539375,0.9609640474436811,,,,,,,,,,,,,,,
952,reasoning,Why is the man in mid-air?,snowboarding,http://images.cocodataset.org/train2014/COCO_train2014_000000524547.jpg,5,302,0.999190652708018,-0.6316044330596924,The,5,18.0,0.0019852283325171565,0.9182958340544894,17.0,0.0019444683990443089,17.0,0.002024416640648798,16.0,0.00202409832387579,24.0,0.0019510863591698238,,,,,,,,,,,,,,,0.9771236998460402,0.8091970544181963,0.886859507142915,0.9415585831446808,,,,,,,,,,,,,
953,classification,What kind of room is this?,living room,http://images.cocodataset.org/train2014/COCO_train2014_000000262172.jpg,3,251,0.9993300312627572,-0.23452594876289368,Living,3,49.0,0.0018866615669919473,0.9706156290008475,21.0,0.0019277772031255748,16.0,0.001862136021350352,,,,,,,,,,,,,,,,,,,0.8667775371761242,1.0,,,,,,,,,,,,,,,
954,classification,What kind of trees are on the table?,christmas,http://images.cocodataset.org/train2014/COCO_train2014_000000458763.jpg,5,148,0.9883276918183487,-0.4703928828239441,Christmas,5,122.0,0.0036490729811030184,0.9659157947171624,33.0,0.0038974300667246734,81.0,0.003182592261389952,15.0,0.003762046141509984,18.0,0.004579766826656661,,,,,,,,,,,,,,,0.9441788262321487,0.9830965799823418,0.9654013672997089,0.8783471047618534,,,,,,,,,,,,,
955,classification,What kind of food is shown?,hot dog,http://images.cocodataset.org/train2014/COCO_train2014_000000524377.jpg,11,173,0.9981342947232394,-1.099043607711792,Hot,11,22.0,0.0021237053129010515,0.991524766643338,27.0,0.0022008532550543197,35.0,0.0020862907127417838,39.0,0.0021963407739313138,18.0,0.002103032224953245,41.0,0.0021451355680212484,15.0,0.0020905064735164776,58.0,0.002231452989526299,107.0,0.0021663978711617088,18.0,0.00214960961786929,15.0,0.0022106147569513263,,,0.9829951409678863,0.9698506773463129,0.9803292693891239,0.9455305560363263,0.9884255684995849,0.9877812438119247,0.9800197599083537,0.9678629120270771,0.9728825026363701,0.9967916319816366,,,,,,,
956,classification,What kind of sauce is in the largest ramekin?,butter,http://images.cocodataset.org/train2014/COCO_train2014_000000524377.jpg,4,261,0.9824394552197268,-0.9606754779815674,Must,4,22.0,0.0032228104156117585,0.9970151057384782,40.0,0.003075634283504979,205.0,0.0032426243075302018,25.0,0.0031730536925389605,,,,,,,,,,,,,,,,,0.982391214777506,0.9840755567032947,0.9787071762354436,,,,,,,,,,,,,,
957,classification,What kind of toppings are on the hot dogs?,onions,http://images.cocodataset.org/train2014/COCO_train2014_000000524377.jpg,2,101,0.9932783880110486,-0.6558362245559692,On,2,17.0,0.0026129425755873903,0.9595784770480079,297.0,0.0031374533272864377,,,,,,,,,,,,,,,,,,,,,0.9724520426442474,,,,,,,,,,,,,,,,
958,classification,What kind of meat is this?,hot dog,http://images.cocodataset.org/train2014/COCO_train2014_000000524377.jpg,4,296,0.997307464256092,-0.6487321853637695,Hot,4,15.0,0.0020867818127674686,0.9718495448242642,16.0,0.002194606291066147,43.0,0.002248830937034235,25.0,0.002148649493168604,,,,,,,,,,,,,,,,,0.8980898459737487,0.9268480303713198,0.9543073978906051,,,,,,,,,,,,,,
959,classification,What kind of potato are the fries?,sweet,http://images.cocodataset.org/train2014/COCO_train2014_000000524377.jpg,3,266,0.9975885754983368,-0.587687611579895,S,3,15.0,0.001930662029595891,0.9859247724121322,22.0,0.0019377221670391785,8.0,0.0019428383021320322,,,,,,,,,,,,,,,,,,,0.9888167467420675,0.954434002924965,,,,,,,,,,,,,,,
960,classification,What kind of plants are these?,flowers,http://images.cocodataset.org/train2014/COCO_train2014_000000393306.jpg,6,222,0.9980648587751706,-0.8192254304885864,D,6,24.0,0.0019034823637794187,0.9756641375534827,23.0,0.0019365221355600066,31.0,0.0019134830300916322,21.0,0.001930229162762699,32.0,0.0018949328482027743,21.0,0.0019151392405209195,,,,,,,,,,,,,0.962336684315086,0.9691684255411185,0.8768312711674583,0.9854422811384552,0.9428535968118459,,,,,,,,,,,,
961,classification,What kind of aircraft is this?,cargo plane,http://images.cocodataset.org/train2014/COCO_train2014_000000393311.jpg,2,71,0.9989207841388068,-0.49308130145072937,Air,2,306.0,0.0019392969410575917,0.9915132297283016,130.0,0.00193560050531898,,,,,,,,,,,,,,,,,,,,,0.9907229545483415,,,,,,,,,,,,,,,,
962,classification,What kind of lamp is on the floor?,floor lamp,http://images.cocodataset.org/train2014/COCO_train2014_000000524386.jpg,3,316,0.9984429333439406,-1.23813796043396,L,3,17.0,0.0024737934464204438,0.8516924496551459,20.0,0.0023875928515183936,15.0,0.0026669670549316574,,,,,,,,,,,,,,,,,,,0.9703227248076731,0.9967916319816366,,,,,,,,,,,,,,,
963,classification,What kind of hat is the man with the girls wearing?,baseball cap,http://images.cocodataset.org/train2014/COCO_train2014_000000131172.jpg,7,178,0.9961575467277034,-0.42587488889694214,Baseball,7,23.0,0.0022589619349143693,0.9849269366259108,15.0,0.0022173884115122564,42.0,0.002269726949189229,63.0,0.0023401884408148833,13.0,0.0022304713324839834,55.0,0.002300077850638183,17.0,0.0025542865997834514,,,,,,,,,,,0.982798115178801,0.9649029108046341,0.9755048098178599,0.9421567638998996,0.9712409471525663,0.9774178175281716,,,,,,,,,,,
964,classification,What kind of celebration is this?,birthday,http://images.cocodataset.org/train2014/COCO_train2014_000000000113.jpg,4,154,0.9968129227102205,-0.7126922011375427,Wed,4,224.0,0.0021096251910632607,0.9719487081917294,39.0,0.002047588513006106,22.0,0.002101975702446384,14.0,0.0020237778188137686,,,,,,,,,,,,,,,,,0.9814735078133039,0.9700357646545448,0.9620871761502205,,,,,,,,,,,,,,
965,classification,What kind of court is at the edge of the field?,soccer,http://images.cocodataset.org/train2014/COCO_train2014_000000000149.jpg,7,253,0.9934543679431015,-0.33876803517341614,Tennis,7,19.0,0.002761921335041128,0.8693978806749074,22.0,0.002592478577346553,23.0,0.0025758849738245757,33.0,0.0025282568251584433,23.0,0.0025102237543048692,51.0,0.0023988952756400766,10.0,0.002250439487644301,,,,,,,,,,,0.9283266063904658,0.9863237070924824,0.9547323387866127,0.9527439088345311,0.9791639672092982,0.9609640474436811,,,,,,,,,,,
966,classification,What kind of nut is shown?,peanut,http://images.cocodataset.org/train2014/COCO_train2014_000000393379.jpg,3,277,0.9967240683381622,-0.9742817878723145,Wal,3,21.0,0.0022683847738154913,0.9588649012766761,51.0,0.0022975308898157245,13.0,0.002249636541716455,,,,,,,,,,,,,,,,,,,0.9642673345183789,0.9629470156266078,,,,,,,,,,,,,,,
967,classification,What kind of animals are in there?,cows,http://images.cocodataset.org/train2014/COCO_train2014_000000131245.jpg,5,206,0.9984668630923422,-0.6656526327133179,C,5,38.0,0.0019049279485724964,0.9847332066426742,22.0,0.0019001839756080025,17.0,0.0019011683240024442,105.0,0.001905782236634487,18.0,0.0019168292180514028,,,,,,,,,,,,,,,0.9888167467420675,0.981232716348107,0.9823369906186552,0.8424887242433627,,,,,,,,,,,,,
968,classification,What kind of siding is on this house?,tile,http://images.cocodataset.org/train2014/COCO_train2014_000000524471.jpg,8,235,0.9996863190208124,-0.8280519247055054,T,8,67.0,0.0017643161882509694,0.9842051983985058,21.0,0.0017637420574616888,16.0,0.0017632381288114143,17.0,0.001764146255269004,26.0,0.0017633283655238171,15.0,0.0017611041771853958,40.0,0.0017639540332283481,36.0,0.0017646188762753022,,,,,,,,,0.9751060324573733,0.9965119062478288,0.9878171319090819,0.9982270255729266,0.9613833012053531,0.9404912642711963,0.9772334773480919,,,,,,,,,,
969,classification,What kind of vehicle is the yellow one?,truck,http://images.cocodataset.org/train2014/COCO_train2014_000000283700.jpg,6,321,0.9997076034562368,-0.2918822765350342,T,6,17.0,0.0017665497044059672,0.9770358764490155,15.0,0.0017655670161908206,20.0,0.0017687998733795704,17.0,0.0017653628437792005,7.0,0.001758129857896886,63.0,0.0017668385754897444,,,,,,,,,,,,,0.9877812438119246,0.8713688243068336,0.9363348190250746,0.9821410328348752,0.9754758420638104,,,,,,,,,,,,
970,classification,What kind of room is this?,kitchen,http://images.cocodataset.org/train2014/COCO_train2014_000000393418.jpg,8,255,0.998727859337475,-0.09708841145038605,K,8,43.0,0.0019928088446134738,0.9717471401575709,57.0,0.002008914703114445,36.0,0.0020030239583582565,20.0,0.0019572329908835112,42.0,0.001954764597319942,5.0,0.0019764598475523532,14.0,0.0020006167391968654,19.0,0.0019857532207226496,,,,,,,,,0.9591918745446973,0.9763324000266074,0.9596390821693784,0.9730730597561178,0.0,0.8699155297736259,0.9431541408460861,,,,,,,,,,
971,classification,What kind of pizza is this?,cheese,http://images.cocodataset.org/train2014/COCO_train2014_000000131300.jpg,8,160,0.9985237580310135,-0.7355406284332275,Che,8,207.0,0.002026323973721053,0.9812382936199332,17.0,0.002039378044667214,23.0,0.0020229127001352193,32.0,0.0019767405153540522,20.0,0.002035485700410539,27.0,0.002029999473831743,94.0,0.0020122384103499415,17.0,0.0020200835405320703,,,,,,,,,0.8846148739279865,0.9570850556153867,0.9924056671541609,0.9545258142257613,0.9829951409678864,0.9702629718398824,0.9360847109776411,,,,,,,,,,
972,classification,What kind of trees are in this photo?,pine,http://images.cocodataset.org/train2014/COCO_train2014_000000393480.jpg,8,178,0.9978714869259174,-0.220227912068367,P,8,15.0,0.002029364468718427,0.9500685975366211,101.0,0.0020596864269677648,15.0,0.001986977684603598,11.0,0.001986739558382327,15.0,0.002022669673445032,24.0,0.00200450369870969,42.0,0.002007104467579207,17.0,0.002011774682101961,,,,,,,,,0.9696136929386499,0.9859247724121322,0.9922150607220183,0.9654013672997089,0.9444347946052616,0.9817690205788594,0.951983906543883,,,,,,,,,,
973,classification,What kind of suit is he wearing?,swim,http://images.cocodataset.org/train2014/COCO_train2014_000000131339.jpg,3,307,0.9990660174384561,-0.983712911605835,Sw,3,21.0,0.0020045201374413023,0.925179736803574,15.0,0.001972794034418001,15.0,0.0021748359134294943,,,,,,,,,,,,,,,,,,,0.9949490477321437,0.7835807040488099,,,,,,,,,,,,,,,
974,classification,What kind of passenger does the bus carry?,children,http://images.cocodataset.org/train2014/COCO_train2014_000000262415.jpg,2,343,0.9977179944276665,-0.9561401605606079,School,2,40.0,0.002258096884630532,0.9459856468538564,27.0,0.0021947520921159016,,,,,,,,,,,,,,,,,,,,,0.9768423538049816,,,,,,,,,,,,,,,,
975,classification,What kind of id is that?,old id,http://images.cocodataset.org/train2014/COCO_train2014_000000393489.jpg,7,215,0.9869318498891035,-1.5571695566177368,Phone,7,25.0,0.0028905441238565575,0.9730265235413915,25.0,0.0037220987395643877,21.0,0.003826400776412948,26.0,0.003287596340128062,73.0,0.00443123488653587,27.0,0.003843327040838875,25.0,0.00350520158884163,,,,,,,,,,,0.9548163081079344,0.9693542486434172,0.9870271094132725,0.9724708471889884,0.9713833059551538,0.9505030771498539,,,,,,,,,,,
976,classification,What kind of phone is this?,pharos,http://images.cocodataset.org/train2014/COCO_train2014_000000393489.jpg,5,245,0.9977172434613926,-1.34636652469635,This,5,15.0,0.0022027000621271543,0.9018972358711528,12.0,0.0021248024583279384,31.0,0.0021712795093638626,46.0,0.002200209616012613,25.0,0.0022173469358496086,,,,,,,,,,,,,,,0.9808340377961403,0.9719442553087106,0.9464496805387155,0.9316462888311462,,,,,,,,,,,,,
977,classification,What kind of animal is on the beach?,horse,http://images.cocodataset.org/train2014/COCO_train2014_000000131373.jpg,4,147,0.9985102401888287,-0.04018029198050499,Hor,4,266.0,0.002108046016387819,0.9691641623991661,19.0,0.002027043586965555,17.0,0.0020085162605011633,14.0,0.002018732843664861,,,,,,,,,,,,,,,,,0.9224323529821663,0.9856676426534905,0.9821410328348752,,,,,,,,,,,,,,
978,comparison,Which hand holds the umbrella?,right,http://images.cocodataset.org/train2014/COCO_train2014_000000131101.jpg,7,214,0.9993430642451088,-0.6584815979003906,Left,7,39.0,0.0019436905990585956,0.9540785732616222,15.0,0.0019077583474555306,18.0,0.0019111822262090014,24.0,0.0019338603676005226,37.0,0.0018988838415623839,13.0,0.0018854555056834596,23.0,0.0018864173513653021,,,,,,,,,,,0.9446232142545791,0.9773429734731779,0.9441359346989788,0.9826237884795803,0.9610115714257866,0.982090077621246,,,,,,,,,,,
979,comparison,Which direction is Brooklyn Ave?,north,http://images.cocodataset.org/train2014/COCO_train2014_000000131126.jpg,7,237,0.9964224964648397,-0.5341799855232239,Right,7,15.0,0.0022104153961563025,0.9543063494363562,21.0,0.002318502441207178,39.0,0.002400176997159233,16.0,0.002286877785013051,16.0,0.0022519872197463795,16.0,0.00236515387614728,13.0,0.002216468822464002,,,,,,,,,,,0.8522643192882267,0.9334571102479817,0.9248008763572907,0.9414280318460245,0.8957541375001011,0.99473723787795,,,,,,,,,,,
980,comparison,Which hand is the man holding up?,left,http://images.cocodataset.org/train2014/COCO_train2014_000000393306.jpg,6,191,0.9991325775816642,-0.584469199180603,Left,6,15.0,0.002005088712028216,0.9877812438119247,127.0,0.002001085624516467,19.0,0.0019790868904086137,19.0,0.0019974024926570585,15.0,0.001998694238921347,25.0,0.001973279405992421,,,,,,,,,,,,,0.9733120805447847,0.9796494552648446,0.9495113755878275,0.9877812438119246,0.9688722567006118,,,,,,,,,,,,
981,comparison,Which floor lamp is not lit?,one in corner,http://images.cocodataset.org/train2014/COCO_train2014_000000524386.jpg,5,240,0.9993560021622162,-0.9971798658370972,Right,5,24.0,0.001919433470996544,0.9474343611056534,31.0,0.0018911170948985678,82.0,0.00193789767138672,17.0,0.0019117628018978613,16.0,0.0019464017364349915,,,,,,,,,,,,,,,0.9662474979254357,0.947959419972375,0.9856676426534906,0.949701216438411,,,,,,,,,,,,,
982,comparison,Which buses are double deckers?,0,http://images.cocodataset.org/train2014/COCO_train2014_000000000149.jpg,9,244,0.996834746737404,-0.6602163314819336,,9,48.0,0.0020969184084245825,0.9677225911336605,25.0,0.0021329039198957106,37.0,0.002107904304553299,39.0,0.0020904347793044725,21.0,0.002069056880380176,16.0,0.002037964719063127,21.0,0.002060606475762921,23.0,0.0020767565120407127,16.0,0.0020390591828014634,,,,,,,0.998561914578656,0.9452913342792314,0.9412640115794102,0.9693542486434172,0.9414280318460244,0.9751060324573735,0.9668324690003138,0.9414280318460245,,,,,,,,,
983,comparison,Which way can you not turn?,left,http://images.cocodataset.org/train2014/COCO_train2014_000000393419.jpg,4,143,0.9990677312054375,-0.9204273223876953,Left,4,105.0,0.0019473379001404825,0.9808698749015681,133.0,0.001931626560267756,31.0,0.0019123570880332078,10.0,0.001902531718546311,,,,,,,,,,,,,,,,,0.976187620340208,0.9810902063909221,0.9911594714322186,,,,,,,,,,,,,,
984,comparison,Which baby is still an infant?,neither,http://images.cocodataset.org/train2014/COCO_train2014_000000131279.jpg,7,134,0.9991182667014558,-0.9192694425582886,Left,7,135.0,0.001954253053824088,0.983099212742046,42.0,0.0019305533417923345,23.0,0.0019049962905455442,16.0,0.0019495160998739595,19.0,0.001985792300154402,15.0,0.0018816760076217308,15.0,0.0018875657340618622,,,,,,,,,,,0.9820689323195226,0.997189429761854,0.9965119062478288,0.8614856395892376,0.9718495448242642,0.9718495448242642,,,,,,,,,,,
985,comparison,Which man is controlling the kite?,no,http://images.cocodataset.org/train2014/COCO_train2014_000000474858.jpg,5,217,0.9973403190675074,-0.7597557306289673,Man,5,17.0,0.002003816747248728,0.9719977955078913,10.0,0.0019927098706209742,30.0,0.0020163864522114365,99.0,0.0021265062433436562,15.0,0.002169939481271739,,,,,,,,,,,,,,,0.9911594714322186,0.9758071098111266,0.9813024121992912,0.7835807040488099,,,,,,,,,,,,,
986,comparison,Which vehicle is the smallest?,car,http://images.cocodataset.org/train2014/COCO_train2014_000000131299.jpg,5,297,0.9984200388311574,-0.1999327838420868,Car,5,24.0,0.0021720440784028373,0.9320027314271102,16.0,0.0021189616420591,21.0,0.0020981986817905636,15.0,0.002057591325626877,20.0,0.0021381405707145934,,,,,,,,,,,,,,,0.9755307720176265,0.9428535968118459,0.982798115178801,0.8550976671496153,,,,,,,,,,,,,
987,comparison,Which hand is the person holding the phone in?,left,http://images.cocodataset.org/train2014/COCO_train2014_000000393489.jpg,5,174,0.998813546407984,-0.25231367349624634,Left,5,207.0,0.00202928580536942,0.9769190289343724,15.0,0.0019748555550160593,15.0,0.0019357384134749199,11.0,0.00192019288196899,5.0,0.002022576309236292,,,,,,,,,,,,,,,0.9543063494363562,0.9859247724121322,0.9904129681145393,0.0,,,,,,,,,,,,,
988,comparison,Which room is this?,bedroom,http://images.cocodataset.org/train2014/COCO_train2014_000000131352.jpg,2,295,0.9858612717380766,-0.006804737262427807,Bed,2,30.0,0.002858986749958045,0.9526821575578099,16.0,0.0028221440649263594,,,,,,,,,,,,,,,,,,,,,0.8950145145731531,,,,,,,,,,,,,,,,
989,comparison,Which two are actually playing?,0,http://images.cocodataset.org/train2014/COCO_train2014_000000131366.jpg,7,311,0.9993072893330349,-1.1263514757156372,,7,42.0,0.0018903313070435645,0.9585299617147841,25.0,0.001868247583852449,15.0,0.0019027761335096997,36.0,0.0018800477119683562,25.0,0.0018892477848607228,28.0,0.0018831474602214106,20.0,0.0019086601034970778,,,,,,,,,,,0.9949956408022635,0.9967916319816366,0.9596011076729789,0.9767604755637349,0.9825098436366377,0.8637400525036966,,,,,,,,,,,
990,comparison,Which direction is the turn lane going?,right,http://images.cocodataset.org/train2014/COCO_train2014_000000262442.jpg,7,240,0.9987635394133807,-0.732947826385498,Left,7,59.0,0.002017895427648813,0.9921214990986166,17.0,0.002030697554423323,25.0,0.0020030206627656834,109.0,0.0020067697103901814,18.0,0.002008836465518209,5.0,0.0019999081039925332,15.0,0.0020262486600083843,,,,,,,,,,,0.9603948809345497,0.9949956408022635,0.9811577263695515,0.9388201415867106,0.0,0.9189900464321514,,,,,,,,,,,
991,comparison,Which way is the man's hat facing?,down,http://images.cocodataset.org/train2014/COCO_train2014_000000131376.jpg,7,292,0.9946984190749116,-1.2788729667663574,For,7,36.0,0.0026084056855097642,0.9567267723850726,27.0,0.002524161548413283,15.0,0.002462619150666072,26.0,0.0026973948944728674,27.0,0.002542522070642748,19.0,0.0027014823576549593,26.0,0.0023747293959733994,,,,,,,,,,,0.9613686282726053,0.9161314485121343,0.9129986686368239,0.9974706934315656,0.9894975386227151,0.9793283207185152,,,,,,,,,,,
992,person identification,Who made the cock?,rolex,http://images.cocodataset.org/train2014/COCO_train2014_000000000064.jpg,2,326,0.9958985272176929,-0.416282057762146,Ro,2,24.0,0.0032666195966037036,0.8946998735610134,23.0,0.0034993247827955196,,,,,,,,,,,,,,,,,,,,,0.8522265176859654,,,,,,,,,,,,,,,,
993,person identification,Whose logo is on the official's chair?,wilson,http://images.cocodataset.org/train2014/COCO_train2014_000000262221.jpg,1,86,0.9800784554756992,-1.0069113969802856,W,1,320.0,0.003669247607338285,0.9764622903303803,,,,,,,,,,,,,,,,,,,,,,,,,,,,,,,,,,,,,,,
994,person identification,Who is in the photo?,zebras,http://images.cocodataset.org/train2014/COCO_train2014_000000000154.jpg,6,206,0.9942880833951456,-0.1323549747467041,Z,6,16.0,0.0026161287937242397,0.9886085007312413,37.0,0.002818495147025646,18.0,0.0028627029784704006,16.0,0.0029621084220798127,85.0,0.00290809678292443,16.0,0.0029909418207074317,,,,,,,,,,,,,0.9796574438863814,0.9955380299191111,0.9965119062478288,0.9674355446031492,0.985056822321508,,,,,,,,,,,,
995,person identification,Who is going to eat this pizza?,people,http://images.cocodataset.org/train2014/COCO_train2014_000000000194.jpg,2,250,0.9993685407816211,-2.4158172607421875,A,2,31.0,0.001980917051554776,0.9389465364536526,51.0,0.0019235146994601166,,,,,,,,,,,,,,,,,,,,,0.9814701672774876,,,,,,,,,,,,,,,,
996,person identification,Who is the woman the picture on wall?,none,http://images.cocodataset.org/train2014/COCO_train2014_000000131312.jpg,6,197,0.9977254017795913,-2.91650652885437,Woman,6,16.0,0.0021199285254662097,0.949701216438411,23.0,0.002050862945100143,15.0,0.0020345917004703723,75.0,0.0021284850482227204,40.0,0.002044816347395096,47.0,0.0021383677170844313,,,,,,,,,,,,,0.997189429761854,0.9949490477321437,0.9481496963820284,0.9812561342026184,0.9858905218477853,,,,,,,,,,,,
997,person identification,Who is the pilot?,man,http://images.cocodataset.org/train2014/COCO_train2014_000000000247.jpg,6,251,0.9984277731131596,-2.297433376312256,Not,6,50.0,0.001957039945500563,0.9786865428121646,18.0,0.0019718660896795685,35.0,0.0019551695810667746,15.0,0.0019501649247871307,15.0,0.0019487534358797376,19.0,0.001935685695350572,,,,,,,,,,,,,0.9057125980138372,0.9961439357898728,0.9877812438119247,0.9654013672997089,0.9427556840016249,,,,,,,,,,,,
998,time-related,What game would you play when you saw this as a child?,tag,http://images.cocodataset.org/train2014/COCO_train2014_000000524375.jpg,5,275,0.9980134332694808,-1.4382046461105347,Cow,5,20.0,0.0018905655521798497,0.9372305632161296,24.0,0.0018697520893819,27.0,0.0018673031894628064,24.0,0.0018652338029394686,43.0,0.0018866446904517325,,,,,,,,,,,,,,,0.9776902310822042,0.9977373212960793,0.9874259884612197,0.9689478776109686,,,,,,,,,,,,,
999,time-related,Were people moving when this picture was taken?,no,http://images.cocodataset.org/train2014/COCO_train2014_000000474858.jpg,9,236,0.9992435165258671,-0.668229341506958,Yes,9,16.0,0.001865299542105135,0.9528195311147832,17.0,0.001872217830631145,34.0,0.0018599767713903832,25.0,0.0018817709501528458,25.0,0.0018615362628991584,41.0,0.0018988122621018501,6.0,0.0018415024166532309,32.0,0.0018874234283754593,22.0,0.0019057421313969905,,,,,,,0.9519839065438831,0.961144085057906,0.9303382354917419,0.9820988001732522,0.9461991449552674,0.9182958340544896,0.9780898181263243,0.9338169454856061,,,,,,,,,
