image_id,question_type,question,ground_truth,image_url,n_clusters,n_noise,attention_entropy,token_confidence,predicted_token,cluster_count,cluster_0_n_points,cluster_0_avg_strength,cluster_1_n_points,cluster_1_avg_strength,cluster_2_n_points,cluster_2_avg_strength,cluster_0_entropy,cluster_1_entropy,cluster_2_entropy,cluster_3_n_points,cluster_3_avg_strength,cluster_4_n_points,cluster_4_avg_strength,cluster_5_n_points,cluster_5_avg_strength,cluster_6_n_points,cluster_6_avg_strength,cluster_7_n_points,cluster_7_avg_strength,cluster_8_n_points,cluster_8_avg_strength,cluster_9_n_points,cluster_9_avg_strength,cluster_3_entropy,cluster_4_entropy,cluster_5_entropy,cluster_6_entropy,cluster_7_entropy,cluster_8_entropy,cluster_9_entropy,cluster_10_n_points,cluster_10_avg_strength,cluster_11_n_points,cluster_11_avg_strength,cluster_10_entropy,cluster_11_entropy,cluster_12_n_points,cluster_12_avg_strength,cluster_13_n_points,cluster_13_avg_strength,cluster_14_n_points,cluster_14_avg_strength,cluster_15_n_points,cluster_15_avg_strength,cluster_12_entropy,cluster_13_entropy,cluster_14_entropy,cluster_15_entropy
0,object identification,What is this photo taken looking through?,net,http://images.cocodataset.org/train2014/COCO_train2014_000000458752.jpg,3,391,0.9837999720473246,-0.741280734539032,Net,3,15.0,0.003908367647988901,18.0,0.0034296428600330306,16.0,0.003452532188370036,0.9967916319816366,0.9206250851407773,0.8903195311147831,,,,,,,,,,,,,,,,,,,,,,,,,,,,,,,,,,,,,,,
1,object identification,What is this man riding on?,skateboard,http://images.cocodataset.org/train2014/COCO_train2014_000000393227.jpg,10,210,0.9815210854391175,-0.022987300530076027,Sk,10,46.0,0.0029854518390153143,18.0,0.0031331111165056194,17.0,0.0030484838899413236,0.9562245792176471,0.872009434056298,0.9603948809345497,19.0,0.003003755440761293,51.0,0.0030491167268328926,34.0,0.0031109773387332034,22.0,0.003166378926515735,34.0,0.003078838313151981,103.0,0.003036337703685132,24.0,0.003036279047430581,0.9462035592964384,0.9726822133994301,0.9936520348079907,0.9741707427017496,0.9552327283213634,0.9895286143539499,0.9398009074013692,,,,,,,,,,,,,,,,,,
2,object identification,What is this person doing?,skiing,http://images.cocodataset.org/train2014/COCO_train2014_000000393230.jpg,9,285,0.9809003013739787,-0.8525318503379822,The,9,15.0,0.002619040278117541,43.0,0.002703381214237245,15.0,0.0026170837587869695,0.9500685975366211,0.9718921836793504,0.9877812438119246,22.0,0.0026699620171394094,18.0,0.002663431699792759,25.0,0.0027009234497847355,21.0,0.0026310567495641244,35.0,0.0026802354962816837,24.0,0.002588270122999519,,,0.933816945485606,0.8821022532543101,0.9697352853986261,0.9907017951253161,0.95845441934051,0.9925308085173911,,,,,,,,,,,,,,,,,,,
3,object identification,What is this?,bear,http://images.cocodataset.org/train2014/COCO_train2014_000000137045.jpg,4,280,0.9432152536979161,-1.0891048908233643,Bear,4,33.0,0.0058976810470503654,15.0,0.00562954616026261,46.0,0.006524880689478998,0.9372425311338689,0.9543063494363562,0.9646470684496572,16.0,0.008075372736127375,,,,,,,,,,,,,0.886859507142915,,,,,,,,,,,,,,,,,,,,,,,,
4,object identification,What is this device?,refrigerator,http://images.cocodataset.org/train2014/COCO_train2014_000000131113.jpg,3,201,0.9933430482453476,-0.24692760407924652,Re,3,150.0,0.0028005946530552874,79.0,0.0026665000178770428,17.0,0.0026592308557956126,0.9861457672787219,0.9782466171491241,0.8919296718389884,,,,,,,,,,,,,,,,,,,,,,,,,,,,,,,,,,,,,,,
5,object identification,What is this animal?,elephant,http://images.cocodataset.org/train2014/COCO_train2014_000000262204.jpg,12,190,0.9982910968286628,-0.019028861075639725,Ele,12,15.0,0.002104630209853474,26.0,0.0020181187707957538,25.0,0.002066765888350117,0.9709505944546686,0.9688854841102204,0.9828390276231687,15.0,0.002044544297298003,31.0,0.002016484153509864,19.0,0.0020640063528990357,26.0,0.0020933603061209535,70.0,0.0020345775009055615,18.0,0.0020193521132511267,15.0,0.0020196361978411254,0.9500685975366211,0.9564612380527144,0.8614856395892376,0.927142935993623,0.9798562168372081,0.9955380299191112,1.0,25.0,0.0020184555966597877,15.0,0.002002700965305624,0.9505030771498539,0.9543063494363562,,,,,,,,,,,,
6,object identification,What is this person wearing on head?,hat,http://images.cocodataset.org/train2014/COCO_train2014_000000000086.jpg,7,192,0.9980125814741234,-0.14402242004871368,Hat,7,119.0,0.0020796824647515495,17.0,0.0020388634536717973,69.0,0.002044135326111661,0.9502426991155737,0.9519839065438831,0.9831620649175762,18.0,0.0020343949319512993,10.0,0.0020131392178206033,22.0,0.002046915109533883,16.0,0.002033751778648384,,,,,,,0.9955380299191111,0.9602297178607612,0.9434038256873108,0.9618974703476992,,,,,,,,,,,,,,,,,,,,,
7,object identification,What is this man laying on?,surfboard,http://images.cocodataset.org/train2014/COCO_train2014_000000471373.jpg,4,324,0.9990335777115401,-0.03403230756521225,Sur,4,15.0,0.001893512516040758,23.0,0.0018850993879763792,25.0,0.0018862730747966228,0.9877812438119247,0.9841517646228418,0.9505030771498539,46.0,0.0019263339170934855,,,,,,,,,,,,,0.950839337231916,,,,,,,,,,,,,,,,,,,,,,,,
8,object identification,What is this person holding?,hot dog,http://images.cocodataset.org/train2014/COCO_train2014_000000393428.jpg,7,191,0.9896162027174418,-0.18262039124965668,Hot,7,23.0,0.002635163226413239,81.0,0.0025723996800004144,22.0,0.0025945574814338897,0.9782534167892911,0.9977257209346222,0.998145975216737,166.0,0.0025465740934579977,20.0,0.0024734644918664407,16.0,0.0025051350945252938,44.0,0.0024925706569854694,,,,,,,0.993946591303871,1.0,0.9965119062478288,0.9627146926443797,,,,,,,,,,,,,,,,,,,,,
9,object identification,What is this person standing on?,sand,http://images.cocodataset.org/train2014/COCO_train2014_000000474858.jpg,3,316,0.9928651932041277,-0.21085621416568756,Sand,3,24.0,0.0027316327753487556,49.0,0.0026542468510822987,19.0,0.0027790122766541566,0.9323934896284056,0.9863201163857269,0.922317214818483,,,,,,,,,,,,,,,,,,,,,,,,,,,,,,,,,,,,,,,
10,object identification,What is this cake made with?,chocolate,http://images.cocodataset.org/train2014/COCO_train2014_000000393445.jpg,16,207,0.9900304676321959,-0.12224200367927551,Ch,16,15.0,0.0021305489275051047,16.0,0.0021310839353687345,22.0,0.0021300087731061473,0.9967916319816366,0.9886994082884974,0.998145975216737,23.0,0.002125381840216635,36.0,0.002127449378022549,15.0,0.002124679579600421,39.0,0.0021245194078449298,15.0,0.002123629010549162,19.0,0.0021277932096126165,28.0,0.0021251359033797124,0.962336684315086,0.9801070035498417,0.9018972358711528,0.951458859702162,0.9877812438119247,0.9617367430790453,0.9793314350053132,18.0,0.0021215358539175295,44.0,0.0021244808551121883,0.977342973473178,0.9890169567976743,28.0,0.002128894993518727,61.0,0.002126301183132651,20.0,0.0021285924312999236,15.0,0.00213034808339981,0.9926140680171256,0.9922734210466266,0.9976834773764092,0.9967916319816366
11,object identification,What is this person doing?,snowboarding,http://images.cocodataset.org/train2014/COCO_train2014_000000524551.jpg,6,257,0.9979080787389971,-0.8340779542922974,The,6,16.0,0.002245258184664111,18.0,0.0022066146418583694,13.0,0.0021560990592806683,0.8348683589017412,0.9206250851407773,0.9629470156266078,16.0,0.002385309046153661,76.0,0.0021756109123375043,17.0,0.0021729099882474585,,,,,,,,,0.954434002924965,0.9743055647397372,0.9519839065438831,,,,,,,,,,,,,,,,,,,,,,
12,other,What position is this man playing?,pitcher,http://images.cocodataset.org/train2014/COCO_train2014_000000458752.jpg,2,334,0.9992362273231885,-0.11920883506536484,P,2,16.0,0.0020783974191206727,108.0,0.001973331408311941,,,0.9886994082884974,0.9786100198666824,,,,,,,,,,,,,,,,,,,,,,,,,,,,,,,,,,,,,,,,
13,other,What is the person doing?,skiing,http://images.cocodataset.org/train2014/COCO_train2014_000000262146.jpg,7,216,0.969767423183157,-0.7267114520072937,The,7,15.0,0.004091966242273652,169.0,0.00414718820056997,15.0,0.003701588827171078,0.9018972358711528,0.9765988475307493,0.9147366491799204,17.0,0.004271594642517064,10.0,0.003907387170719435,24.0,0.0042755763363283425,27.0,0.004097851243272804,,,,,,,0.9360847109776411,0.9709505944546686,0.9608948553419607,0.9628962824334484,,,,,,,,,,,,,,,,,,,,,
14,other,What is in the person's hand?,frisbee,http://images.cocodataset.org/train2014/COCO_train2014_000000524291.jpg,7,185,0.9991527334694486,-1.6356706619262695,A,7,18.0,0.0018922973481155488,77.0,0.001895980659809559,33.0,0.0019101524900675315,0.9625632797054147,0.9616727359740207,0.935751622076895,46.0,0.0018786091943599696,23.0,0.001872790345181219,15.0,0.0018923712537392066,28.0,0.0019233079214680514,,,,,,,0.9570341958002475,0.980040917459082,0.9877812438119247,0.9432081995853318,,,,,,,,,,,,,,,,,,,,,
15,other,Is the dog looking at a tennis ball or frisbee?,frisbee,http://images.cocodataset.org/train2014/COCO_train2014_000000524291.jpg,6,222,0.9987332696977261,-0.9495864510536194,F,6,20.0,0.0026936728888512134,16.0,0.002268621240588536,16.0,0.00224283358003145,0.8927376486136671,0.9886085007312413,0.9618974703476992,24.0,0.0021078088440787865,18.0,0.002390250005509599,25.0,0.0024517067134426354,,,,,,,,,0.9677023894542703,0.977342973473178,0.9293334771441444,,,,,,,,,,,,,,,,,,,,,,
16,other,What is the white streak?,contrail,http://images.cocodataset.org/train2014/COCO_train2014_000000393221.jpg,4,202,0.9709198911132441,-1.6712605953216553,Jet,4,61.0,0.004288642451777682,47.0,0.005805249908107273,21.0,0.004093861168329287,0.9623406385083462,0.9319214404688005,0.9574423384582357,17.0,0.0037182031656148844,,,,,,,,,,,,,0.9844171139677748,,,,,,,,,,,,,,,,,,,,,,,,
17,other,What is the child doing?,brushing teeth,http://images.cocodataset.org/train2014/COCO_train2014_000000393223.jpg,8,232,0.9703528333842723,-0.590377688407898,The,8,15.0,0.004626096675530786,24.0,0.0040416816377137205,15.0,0.0035949322259783132,0.9182958340544896,0.9478440781021911,0.9446232142545791,20.0,0.004038988618903341,22.0,0.0034637653112338106,17.0,0.0037797906528739193,26.0,0.0038127517573244333,18.0,0.004113013449289632,,,,,0.8862106770924657,0.995226686335856,0.9664022887695614,0.9772810666478724,0.9758159039662214,,,,,,,,,,,,,,,,,,,,
18,other,What is the business man doing in the picture?,frowning,http://images.cocodataset.org/train2014/COCO_train2014_000000393224.jpg,1,313,0.9632165963782111,-0.8655480146408081,The,1,16.0,0.005154054602645117,,,,,0.7743974703476992,,,,,,,,,,,,,,,,,,,,,,,,,,,,,,,,,,,,,,,,,
19,other,What is the man riding on?,motorcycle,http://images.cocodataset.org/train2014/COCO_train2014_000000131084.jpg,3,323,0.998368787674423,-0.5844169855117798,D,3,19.0,0.002019137577341284,50.0,0.0019677044150769405,16.0,0.0019716518715025095,0.8614856395892379,0.9739525155525032,0.9414280318460244,,,,,,,,,,,,,,,,,,,,,,,,,,,,,,,,,,,,,,,
20,other,What is on the pillow?,gray,http://images.cocodataset.org/train2014/COCO_train2014_000000131074.jpg,12,182,0.9927974199840832,-1.9065357446670532,P,12,42.0,0.0021608698348136645,19.0,0.0021603249233730316,17.0,0.0021250357757785767,0.9704289733928858,0.9649618403823442,0.9963890537299694,41.0,0.0021396011046540563,15.0,0.0021395993774676074,55.0,0.0021420828155866074,64.0,0.0021783409340371627,31.0,0.0021396362066105064,16.0,0.0021445692056660933,16.0,0.002146060396739847,0.9708292219467962,1.0,0.966961030482958,0.9798455994876145,0.9639368784721676,0.9965119062478288,0.9755307720176266,25.0,0.002155138646921752,19.0,0.0021633843579357943,0.9249688113716502,0.9649618403823442,,,,,,,,,,,,
21,other,What is sitting on the bench?,purse,http://images.cocodataset.org/train2014/COCO_train2014_000000131074.jpg,1,259,0.9654213904215933,-0.8452702760696411,Pur,1,66.0,0.005948829281076248,,,,,0.9712547222198278,,,,,,,,,,,,,,,,,,,,,,,,,,,,,,,,,,,,,,,,,
22,other,What is the man doing?,skiing,http://images.cocodataset.org/train2014/COCO_train2014_000000393230.jpg,6,243,0.9720555499457189,-0.6940596699714661,The,6,27.0,0.003968086892609914,15.0,0.003664941040198081,102.0,0.00393295246363953,0.9713833059551538,0.9877812438119247,0.9593618953296014,33.0,0.003530899527389512,38.0,0.004525977752112047,26.0,0.003753582721218537,,,,,,,,,0.9589820050858436,0.947378362662049,0.9934151417289491,,,,,,,,,,,,,,,,,,,,,,
23,other,What is the person wearing?,skis,http://images.cocodataset.org/train2014/COCO_train2014_000000393230.jpg,7,245,0.9896690394883372,-1.377563714981079,Jack,7,36.0,0.0024558346813052263,31.0,0.0024906518039037985,35.0,0.0024817810736653297,0.9878478722880275,0.9988484059288695,1.0,31.0,0.002450824313626493,18.0,0.0024683860978689433,49.0,0.002426415329733311,24.0,0.002468160072633311,,,,,,,0.9752821930624083,0.9915323997298832,0.9916366011138967,0.9119543649294083,,,,,,,,,,,,,,,,,,,,,
24,other,What is she holding?,poles,http://images.cocodataset.org/train2014/COCO_train2014_000000393230.jpg,7,257,0.9961177550396126,-0.45861849188804626,Ski,7,15.0,0.001916995632562296,9.0,0.0019214187507123376,15.0,0.0019183471619940056,0.9602297178607612,0.7642045065086203,0.9877812438119247,16.0,0.0019254457851147965,37.0,0.0019425418146169474,15.0,0.0018965441533099095,15.0,0.001898266760397487,,,,,,,0.9463946303571862,0.9169268845124823,0.9859247724121322,0.9718495448242642,,,,,,,,,,,,,,,,,,,,,
25,other,What is the dog riding on?,surfboard,http://images.cocodataset.org/train2014/COCO_train2014_000000131087.jpg,6,255,0.9993325457613165,-0.04244949296116829,Sur,6,21.0,0.0018730529210591153,43.0,0.0018644932318927394,42.0,0.0018585226424568853,0.9566859396996199,0.9711745802173626,0.9815981206962964,23.0,0.0018639848974019468,17.0,0.0018580111199846428,23.0,0.0018839311232709528,,,,,,,,,0.915534002989933,0.9507532012507529,0.941022554068431,,,,,,,,,,,,,,,,,,,,,,
26,other,What is in the water?,dog,http://images.cocodataset.org/train2014/COCO_train2014_000000131087.jpg,4,176,0.9859345904875778,-0.39782997965812683,Sur,4,84.0,0.005379652238062577,37.0,0.004531468665703907,18.0,0.005748712982646287,0.961955956301101,0.9695362136573181,0.9081700569267038,15.0,0.004375229373067894,,,,,,,,,,,,,0.9446232142545791,,,,,,,,,,,,,,,,,,,,,,,,
27,other,"What does the green light, on the TV, indicate?",on,http://images.cocodataset.org/train2014/COCO_train2014_000000131075.jpg,8,261,0.9901440378172883,-0.9904668927192688,The,8,20.0,0.002875760640420886,21.0,0.0030410643053398506,19.0,0.0030878048055641,0.9703227248076731,0.8751124386426175,0.922317214818483,9.0,0.0027519636774906877,5.0,0.0024307275332081033,32.0,0.0028246984836713075,52.0,0.002869030431625795,22.0,0.0028923608775215715,,,,,0.9182958340544896,0.9709505944546686,0.9587060085275527,0.951260313951381,0.9849226290193991,,,,,,,,,,,,,,,,,,,,
28,other,What room of the house is this?,office,http://images.cocodataset.org/train2014/COCO_train2014_000000131075.jpg,5,132,0.9873115045809583,-0.3292185366153717,Office,5,135.0,0.002630872148443701,109.0,0.0026099110999997593,46.0,0.002615222343815051,0.9801289997928143,0.9863030914416772,0.9680658198882627,55.0,0.0026478746944341705,26.0,0.0026107476638345347,,,,,,,,,,,0.971851521506733,0.964563236385718,,,,,,,,,,,,,,,,,,,,,,,
29,other,What is the size of the TV?,large,http://images.cocodataset.org/train2014/COCO_train2014_000000131075.jpg,5,274,0.997415614781943,-0.44768816232681274,Lar,5,16.0,0.002009647339604635,20.0,0.002071999007467835,44.0,0.002072037465508141,0.9954133073923868,0.8862106770924657,0.9346178148062732,17.0,0.0020802690051762254,21.0,0.0020561949446034574,,,,,,,,,,,0.9770358764490155,0.9479530138916262,,,,,,,,,,,,,,,,,,,,,,,
30,other,How big is the TV?,very big,http://images.cocodataset.org/train2014/COCO_train2014_000000131075.jpg,5,332,0.9952603229153142,-0.7300753593444824,Lar,5,22.0,0.0023735067533814987,19.0,0.0022964188368918463,23.0,0.002243500870515247,0.9431887805255736,0.9975194757207203,0.9459180977787195,18.0,0.0023058312980146598,22.0,0.002296048098830758,,,,,,,,,,,0.9342064019134055,0.933816945485606,,,,,,,,,,,,,,,,,,,,,,,
31,other,What companion object to the TV can be seen in the bottom right of the picture?,laptop,http://images.cocodataset.org/train2014/COCO_train2014_000000131075.jpg,3,168,0.9732253580156428,-0.5811519622802734,La,3,127.0,0.005798268113989516,14.0,0.005664246266286599,51.0,0.006353671744827808,0.9622542883739925,0.9657130652315669,0.9325816370194832,,,,,,,,,,,,,,,,,,,,,,,,,,,,,,,,,,,,,,,
32,other,What is the small computer on the left called?,laptop,http://images.cocodataset.org/train2014/COCO_train2014_000000131075.jpg,2,185,0.9890186562735216,-0.6766418218612671,La,2,144.0,0.003990140302694336,42.0,0.004053710845271994,,,0.9724570326233474,0.9613936774135472,,,,,,,,,,,,,,,,,,,,,,,,,,,,,,,,,,,,,,,,
33,other,What is above the TV?,vent,http://images.cocodataset.org/train2014/COCO_train2014_000000131075.jpg,5,171,0.9958259125178217,-0.30137139558792114,Project,5,154.0,0.002325635527405468,15.0,0.002299385944652113,28.0,0.002194364362017446,0.9759769329228918,0.8616157143988104,0.9950760453447506,28.0,0.0022015600950440256,24.0,0.002356275601506328,,,,,,,,,,,0.9892400334914996,0.9725177829378439,,,,,,,,,,,,,,,,,,,,,,,
34,other,What is on the display?,document,http://images.cocodataset.org/train2014/COCO_train2014_000000131075.jpg,4,230,0.9090023689184242,-1.0193549394607544,Out,4,126.0,0.008238519101568028,16.0,0.005354677782510551,21.0,0.00951908867860042,0.9656788955283812,0.9592101522724052,0.9164299980118937,23.0,0.008816693614722745,,,,,,,,,,,,,0.9244732696028456,,,,,,,,,,,,,,,,,,,,,,,,
35,other,Is it a monitor or a screen projection?,screen projection,http://images.cocodataset.org/train2014/COCO_train2014_000000131075.jpg,4,252,0.9473683956179368,-0.6383779644966125,Screen,4,63.0,0.008640004571888902,15.0,0.006742691301936818,11.0,0.00602891976511498,0.9448553118861118,0.8983958159908183,0.9056185178648963,17.0,0.004752372028803938,,,,,,,,,,,,,0.9812327163481073,,,,,,,,,,,,,,,,,,,,,,,,
36,other,What is on the TV screen?,computer,http://images.cocodataset.org/train2014/COCO_train2014_000000131075.jpg,4,218,0.9219436973397267,-1.16265869140625,Out,4,140.0,0.007152286080748148,16.0,0.005123126196517403,21.0,0.008709483973539215,0.9637019208172153,0.9592101522724052,0.9164299980118937,23.0,0.008095742911443595,,,,,,,,,,,,,0.9244732696028456,,,,,,,,,,,,,,,,,,,,,,,,
37,other,What is the title of the presentation in the picture?,outlook web app,http://images.cocodataset.org/train2014/COCO_train2014_000000131075.jpg,2,251,0.9868507517130909,-0.6359298229217529,Out,2,15.0,0.003021892130540534,8.0,0.00334427130781112,,,0.9473080736174853,0.954434002924965,,,,,,,,,,,,,,,,,,,,,,,,,,,,,,,,,,,,,,,,
38,other,What is the man playing?,wii,http://images.cocodataset.org/train2014/COCO_train2014_000000524311.jpg,2,210,0.9885922547098832,-0.33083853125572205,W,2,86.0,0.004140556580661126,16.0,0.0036441895012422113,,,0.9560571550506849,0.9248008763572906,,,,,,,,,,,,,,,,,,,,,,,,,,,,,,,,,,,,,,,,
39,other,What does the man have on his face?,glasses,http://images.cocodataset.org/train2014/COCO_train2014_000000524311.jpg,8,331,0.9993927757298208,-0.3657515048980713,G,8,46.0,0.0017853803291027826,20.0,0.001782226105959353,29.0,0.001782654557618234,0.9564583062021325,0.9703227248076731,0.952425013614611,15.0,0.0017851899462210884,72.0,0.0017831817315027841,22.0,0.0017824215071055893,17.0,0.0017832408429075684,18.0,0.0017834065204452585,,,,,0.9967916319816366,0.9821402250672915,0.9023079388127894,0.9360847109776411,0.9728825026363701,,,,,,,,,,,,,,,,,,,,
40,other,What is in front of the giraffes?,tree,http://images.cocodataset.org/train2014/COCO_train2014_000000000025.jpg,3,123,0.9907540373236199,-1.0163557529449463,Log,3,160.0,0.003849838367311534,53.0,0.0034937762326061714,15.0,0.0031260395460251237,0.9499714953283506,0.9730343655376673,0.9949490477321437,,,,,,,,,,,,,,,,,,,,,,,,,,,,,,,,,,,,,,,
41,other,What do these giraffes have in common?,eating,http://images.cocodataset.org/train2014/COCO_train2014_000000000025.jpg,8,159,0.9990556151889262,-1.6401653289794922,They,8,35.0,0.0018509333917847632,21.0,0.0018650767079857172,44.0,0.0018596763720611293,0.9738036802452631,0.9693542486434171,0.9643674493983835,15.0,0.0018547950954790487,54.0,0.001853157579810633,15.0,0.0018838852844244183,17.0,0.0018816345194001285,15.0,0.0018498055480122887,,,,,0.944623214254579,0.9733535062737991,0.7835807040488099,0.8702290979524686,0.9664572819896988,,,,,,,,,,,,,,,,,,,,
42,other,What is the giraffe standing behind?,tree,http://images.cocodataset.org/train2014/COCO_train2014_000000000025.jpg,2,220,0.9969482065083279,-1.014675498008728,Log,2,19.0,0.002657287016337674,42.0,0.002921435649979775,,,0.9119149038015315,0.9367002880534205,,,,,,,,,,,,,,,,,,,,,,,,,,,,,,,,,,,,,,,,
43,other,What is on the ground next to the giraffe on the right?,log,http://images.cocodataset.org/train2014/COCO_train2014_000000000025.jpg,7,166,0.9980461168015865,-0.6021549701690674,Log,7,55.0,0.002103134490860532,36.0,0.0021117599158236816,18.0,0.002132915406045845,0.9778885833170364,0.9614592207480768,0.872009434056298,145.0,0.0020886141496389127,52.0,0.00209748646211016,20.0,0.0020721921758034955,30.0,0.002077335393894432,,,,,,,0.9766455307582532,0.980348679011043,0.9609640474436811,0.9809464023464666,,,,,,,,,,,,,,,,,,,,,
44,other,How is the man sitting?,cross legged,http://images.cocodataset.org/train2014/COCO_train2014_000000524314.jpg,6,337,0.9934587512011962,-1.583821177482605,On,6,16.0,0.002426692017289595,18.0,0.002411072410038163,21.0,0.0024203299639091605,0.9320201587042914,0.9081700569267039,0.9363346784550166,32.0,0.002454043232280159,18.0,0.0025850163051376594,15.0,0.0023844705010418635,,,,,,,,,0.9316751085800435,0.9910760598382222,0.9654013672997089,,,,,,,,,,,,,,,,,,,,,,
45,other,"What does the word in the upper-left corner, behind the window, translate to in English?",automatic,http://images.cocodataset.org/train2014/COCO_train2014_000000524314.jpg,6,222,0.9842565434383512,-0.41282013058662415,Autom,6,62.0,0.0030590244949339077,11.0,0.0028800249114826356,21.0,0.0029643761835535585,0.9745855816550193,0.9713067383178076,0.966473048732172,30.0,0.0032279311385214958,17.0,0.002928385770718824,16.0,0.004096236125516892,,,,,,,,,0.9259157209703148,0.9719977955078913,0.954434002924965,,,,,,,,,,,,,,,,,,,,,,
46,other,What type of watercraft is that?,raft,http://images.cocodataset.org/train2014/COCO_train2014_000000262171.jpg,6,126,0.9969123265648714,-0.5865410566329956,Bo,6,126.0,0.0021582157893629715,74.0,0.0021025862351640627,16.0,0.002126999752906054,0.9836777835272753,0.9808122816304969,0.9414280318460244,37.0,0.002099408909152191,10.0,0.0022101589694992325,18.0,0.002165286099362685,,,,,,,,,0.9842487885895347,0.7219280948873623,0.9319131950454079,,,,,,,,,,,,,,,,,,,,,,
47,other,What is the vase sitting on?,railing,http://images.cocodataset.org/train2014/COCO_train2014_000000000030.jpg,4,123,0.9970887084787793,-1.2221364974975586,Table,4,104.0,0.0022508572434561057,34.0,0.0021865180923190115,20.0,0.0022606801075921333,0.9857939972979733,0.9591991048308263,0.9545258142257613,273.0,0.002207483515271125,,,,,,,,,,,,,0.9819387039342219,,,,,,,,,,,,,,,,,,,,,,,,
48,other,Is the sun to the right or left of this flower?,left,http://images.cocodataset.org/train2014/COCO_train2014_000000000030.jpg,4,257,0.9984574198837881,-0.46742308139801025,Left,4,44.0,0.002026105710311439,114.0,0.00197715233672316,15.0,0.0019894368225774318,0.9947895055279615,0.9842507098947259,0.9877812438119247,20.0,0.002003942187845736,,,,,,,,,,,,,0.9703227248076731,,,,,,,,,,,,,,,,,,,,,,,,
49,other,What is the zebra eating?,grass,http://images.cocodataset.org/train2014/COCO_train2014_000000240304.jpg,12,210,0.9996030435343332,-1.386210560798645,Le,12,29.0,0.0018557467380149793,28.0,0.0018334491844591123,29.0,0.0018545238082799415,0.9199511452030484,0.9806758027350554,0.9239223761595892,42.0,0.0018437028940858553,59.0,0.0018403511911062036,25.0,0.0018483269139518742,17.0,0.0018299778468034988,18.0,0.001842131449291528,15.0,0.0018483084187997474,7.0,0.001822323872469097,0.9604699988119587,0.9642124163496002,0.9934804071359582,0.9519839065438831,0.8962406251802889,0.8443536850036222,0.863120568566631,30.0,0.0018517305069962436,15.0,0.0018252193567932997,0.9531442726602173,0.9446232142545791,,,,,,,,,,,,
50,other,What is the tree covered with?,wire,http://images.cocodataset.org/train2014/COCO_train2014_000000240304.jpg,8,213,0.991546485247159,-0.41049450635910034,Le,8,55.0,0.002400914621058735,76.0,0.002408242289360884,39.0,0.00235928496543978,0.9812030286359715,0.9600509300638647,0.975293713810314,18.0,0.00235742188787383,38.0,0.002385182031775731,21.0,0.002372110332847213,20.0,0.0023777338344125962,16.0,0.0023875441241213114,,,,,0.9955380299191111,0.9595545670951685,0.997618320255157,0.9763620978123273,0.9755307720176266,,,,,,,,,,,,,,,,,,,,
51,other,What is the animal eating?,grass,http://images.cocodataset.org/train2014/COCO_train2014_000000000034.jpg,5,249,0.9948324019906672,-0.1645319163799286,Gr,5,28.0,0.0020441820301793268,57.0,0.0020334183043124233,49.0,0.0020476086005347125,0.9975904446236391,0.977318617422989,0.9836211018555008,16.0,0.002027965066547334,48.0,0.002030201999796434,,,,,,,,,,,0.9886085007312413,0.9898383062961917,,,,,,,,,,,,,,,,,,,,,,,
52,other,How old is animal?,10 years,http://images.cocodataset.org/train2014/COCO_train2014_000000000034.jpg,4,284,0.9939913527699495,-0.7501601576805115,Young,4,17.0,0.0022854066576802174,20.0,0.002242137882605777,15.0,0.0022356321186032574,0.926262155095312,1.0,0.9949490477321437,32.0,0.0022874657717939753,,,,,,,,,,,,,0.8849133430655213,,,,,,,,,,,,,,,,,,,,,,,,
53,other,What is the man holding?,knife,http://images.cocodataset.org/train2014/COCO_train2014_000000393251.jpg,6,161,0.9878529800696287,-1.4746310710906982,Kn,6,47.0,0.002594654790403648,268.0,0.002685102472455551,32.0,0.002702058026648404,0.9492938134877817,0.9884123793178994,0.9812872576034493,15.0,0.0025715616378015047,44.0,0.002585019239470419,35.0,0.0025683321680753214,,,,,,,,,0.9877812438119247,0.9921491318875791,0.9787215757660985,,,,,,,,,,,,,,,,,,,,,,
54,other,What is the man cutting?,cake,http://images.cocodataset.org/train2014/COCO_train2014_000000393251.jpg,8,137,0.9984652815992708,-0.12633240222930908,C,8,234.0,0.0019949581939521185,28.0,0.0019659557495135633,61.0,0.0020004352804942438,0.9793670525099534,0.9749635464540222,0.9748731346506834,19.0,0.001962169009947548,28.0,0.0019915240329321394,26.0,0.0019746031474603765,6.0,0.0019324400090274998,16.0,0.00197953612248089,,,,,0.9892422967543257,0.9451415838544158,0.9934151417289491,0.9182958340544896,0.985056822321508,,,,,,,,,,,,,,,,,,,,
55,other,What is the fruit?,banana,http://images.cocodataset.org/train2014/COCO_train2014_000000262180.jpg,3,289,0.9953674416244467,-0.034152258187532425,Ban,3,18.0,0.0022772821469379703,16.0,0.0021810589952511814,40.0,0.002201940997153522,0.9182958340544894,0.9690222556651344,0.9900674150955898,,,,,,,,,,,,,,,,,,,,,,,,,,,,,,,,,,,,,,,
56,other,What is the name of the type of person that would make this food?,chef,http://images.cocodataset.org/train2014/COCO_train2014_000000262180.jpg,12,263,0.9969836978463735,-0.2514694631099701,Che,12,16.0,0.002128024503412214,35.0,0.0021373788077135095,50.0,0.0021391719505394714,0.949701216438411,0.9627387098730074,0.9877385641781949,17.0,0.0021388353096081377,21.0,0.0021178632426556506,27.0,0.0021484165566291904,46.0,0.002151701567031885,17.0,0.002138920931089626,15.0,0.002136578096862338,38.0,0.002169267790149509,0.9437600120884535,0.9907017951253161,0.9049069276923406,0.93557284776643,0.9437600120884535,0.8830374409547587,0.9853521465582286,18.0,0.002125967821049658,36.0,0.00215210410720792,0.9206250851407773,0.9502256432426526,,,,,,,,,,,,
57,other,What type of ice cream is on the plate?,vanilla,http://images.cocodataset.org/train2014/COCO_train2014_000000262180.jpg,6,300,0.9950186890272552,-0.7709563970565796,Van,6,18.0,0.0026029351967454084,30.0,0.0025153146871929512,34.0,0.0024961318419600893,0.9728825026363701,0.936637287184412,0.9591991048308263,19.0,0.002470188261333496,9.0,0.0023518705182703427,16.0,0.002469491133000603,,,,,,,,,0.9892422967543257,0.9057125980138372,0.9248008763572906,,,,,,,,,,,,,,,,,,,,,,
58,other,Is this an indoor or outdoor photo?,outdoor,http://images.cocodataset.org/train2014/COCO_train2014_000000524325.jpg,8,208,0.9929886972361519,-0.03743278607726097,Out,8,23.0,0.002435064623230471,76.0,0.0023901436241493186,16.0,0.002381075629876907,0.8939339500956159,0.9934678321271082,0.9954133073923868,13.0,0.002385895027476893,6.0,0.0023799984389065165,9.0,0.0023861521020108684,16.0,0.0024002779785770034,19.0,0.0023837623772538724,,,,,0.9938866857439921,0.9182958340544896,1.0,0.9886085007312413,0.9963737177488018,,,,,,,,,,,,,,,,,,,,
59,other,What's missing from this hot dog?,mustard,http://images.cocodataset.org/train2014/COCO_train2014_000000043697.jpg,11,268,0.9877037676261484,-1.2956411838531494,K,11,48.0,0.002274435159943567,18.0,0.002239466775536414,12.0,0.00228354956389186,0.9681308182529547,0.9579945435450241,0.9182958340544896,19.0,0.0022858180141291594,73.0,0.002283145924181274,20.0,0.002273781541545144,28.0,0.0022621788336340994,17.0,0.0022911347597936423,9.0,0.0022512558107660365,22.0,0.0022997833847241815,0.9649618403823442,0.9626900133019973,0.9232196723355077,0.976217545236931,0.8846148739279865,0.9910760598382222,0.9643787017331664,31.0,0.002270447316269924,,,0.9245377091789084,,,,,,,,,,,,,
60,other,What is the hog dog sitting on?,bun,http://images.cocodataset.org/train2014/COCO_train2014_000000043697.jpg,7,214,0.999157416676176,-1.1501933336257935,Nap,7,53.0,0.0018672094088788855,91.0,0.0018658495835778392,21.0,0.0018551724096616685,0.9593474759289529,0.9685559847617933,0.9849500113113598,25.0,0.0018530769085174392,24.0,0.0018473566651153166,21.0,0.0018518690853563259,22.0,0.001850067424061281,,,,,,,0.9837115354331802,0.9882484440780547,0.9554289021908485,0.9666425652015439,,,,,,,,,,,,,,,,,,,,,
61,other,What is the sky full of?,clouds,http://images.cocodataset.org/train2014/COCO_train2014_000000262184.jpg,5,154,0.9944974799005645,-0.07884813100099564,Cloud,5,15.0,0.0024527687656684606,22.0,0.002480115667162852,11.0,0.00232320078112688,0.9877812438119247,0.9122066329329886,0.9922150607220183,224.0,0.0024767695234445323,13.0,0.0024319245069561934,,,,,,,,,,,0.9872292656270159,0.9214632400757701,,,,,,,,,,,,,,,,,,,,,,,
62,other,What is the color of the carpet?,brown,http://images.cocodataset.org/train2014/COCO_train2014_000000131113.jpg,3,236,0.9810832213851306,-1.3387300968170166,Blue,3,25.0,0.004965810566830845,50.0,0.005416187886793948,35.0,0.0054223761861658375,0.9372765336772136,0.968642395889534,0.9387662117129917,,,,,,,,,,,,,,,,,,,,,,,,,,,,,,,,,,,,,,,
63,other,What shape are the windows on the side of the plane?,square,http://images.cocodataset.org/train2014/COCO_train2014_000000262187.jpg,6,184,0.997112692709678,-1.064629077911377,Rect,6,38.0,0.001982766288872487,149.0,0.0019877002811757327,68.0,0.0019811851820733532,0.9493060178492837,0.9674496526606593,0.955053030142097,6.0,0.0019573104957479734,15.0,0.001964570502450967,7.0,0.0019603390223852054,,,,,,,,,0.9182958340544896,0.9285012313356799,0.9852281360342515,,,,,,,,,,,,,,,,,,,,,,
64,other,What is the website on the sign?,wmatacom,http://images.cocodataset.org/train2014/COCO_train2014_000000262191.jpg,4,262,0.997949815567999,-1.4275187253952026,W,4,24.0,0.002012495867052606,32.0,0.0020272021224201414,15.0,0.0019752229600698886,0.9838824188369656,0.909961750240577,0.9877812438119246,22.0,0.001982283094099032,,,,,,,,,,,,,0.9434038256873108,,,,,,,,,,,,,,,,,,,,,,,,
65,other,What is the bear called?,teddy,http://images.cocodataset.org/train2014/COCO_train2014_000000262191.jpg,7,220,0.9891742991918175,-0.26297664642333984,Ted,7,144.0,0.0026545064945681135,18.0,0.002585678831401542,16.0,0.0026260488537746497,0.9927087317323556,0.9853962684364186,0.9965119062478288,24.0,0.0026494130164917487,17.0,0.0026374966057360495,51.0,0.0026379826768286505,69.0,0.0026319214562124963,,,,,,,0.9949671891627881,0.9967828263127351,0.9965945372463566,0.9948555529830523,,,,,,,,,,,,,,,,,,,,,
66,other,What type of tree is the man standing next to?,elm,http://images.cocodataset.org/train2014/COCO_train2014_000000524338.jpg,3,193,0.9678542704541162,-0.9829784631729126,Oak,3,118.0,0.007665019831774088,15.0,0.009119181927870729,15.0,0.007255354973179183,0.9517729986331055,0.9967916319816366,0.9018972358711528,,,,,,,,,,,,,,,,,,,,,,,,,,,,,,,,,,,,,,,
67,other,What pattern is on the pants?,stripes,http://images.cocodataset.org/train2014/COCO_train2014_000000213863.jpg,8,99,0.9885533204769285,-0.24826189875602722,St,8,110.0,0.002216259455180566,103.0,0.0022141780905400085,77.0,0.0022169425677076976,0.9720824656745928,0.9873471954600258,0.9790571662739217,26.0,0.002209258358227106,15.0,0.002205957146323182,19.0,0.002222170854469528,74.0,0.0022276475887284446,63.0,0.002222056584669306,,,,,0.9639406417274151,0.944623214254579,0.9520903566147753,0.9729029555973164,0.9837676134004137,,,,,,,,,,,,,,,,,,,,
68,other,What sport is this person playing?,baseball,http://images.cocodataset.org/train2014/COCO_train2014_000000213863.jpg,7,274,0.9916547056189217,-0.007030406501144171,Baseball,7,15.0,0.0026018204732162135,21.0,0.002607595365383176,55.0,0.0025862981815958403,0.9018972358711528,0.9586785101742114,0.9760927717656912,28.0,0.002596226718883963,48.0,0.002763904727495204,29.0,0.0026709675253531844,9.0,0.002629863231339648,,,,,,,0.9975904446236391,0.91718751306838,0.9118003789710124,0.7642045065086203,,,,,,,,,,,,,,,,,,,,,
69,other,What is the position of the player behind the batter called?,catcher,http://images.cocodataset.org/train2014/COCO_train2014_000000213863.jpg,3,121,0.9933384260008479,-0.04568713903427124,C,3,274.0,0.0031257588107016397,25.0,0.0029486196866444544,17.0,0.0030505251914356626,0.9776912813602158,0.9005281271448751,0.8919296718389884,,,,,,,,,,,,,,,,,,,,,,,,,,,,,,,,,,,,,,,
70,other,What are they drinking?,beer,http://images.cocodataset.org/train2014/COCO_train2014_000000393268.jpg,7,251,0.9952280707795896,-0.13066698610782623,Be,7,15.0,0.002352765185388538,18.0,0.0023475971871318264,16.0,0.002350865981639694,0.9602297178607612,0.9388201415867106,0.9965119062478288,51.0,0.0022899023379976805,44.0,0.002395054084795067,22.0,0.0023709931260654433,21.0,0.0024228414404866352,,,,,,,0.99622730190058,0.9747814401018685,0.9538302300591572,0.9424257960378288,,,,,,,,,,,,,,,,,,,,,
71,other,What brand of beer is visible?,sierra nevada,http://images.cocodataset.org/train2014/COCO_train2014_000000393268.jpg,3,291,0.9990752517524402,-1.849627137184143,P,3,21.0,0.001944337244703551,20.0,0.0018777923440651749,15.0,0.0018658158952297751,0.9803153789223941,0.9921503172858166,0.982798115178801,,,,,,,,,,,,,,,,,,,,,,,,,,,,,,,,,,,,,,,
72,other,What logo is on the man's shirt?,nike,http://images.cocodataset.org/train2014/COCO_train2014_000000131127.jpg,5,108,0.9961327895235997,-0.25150179862976074,N,5,32.0,0.0022202710228287803,7.0,0.0020220919394931436,135.0,0.002356191055355385,0.9335496014111779,0.9821410328348752,0.9620921180540963,80.0,0.0023297446695922965,55.0,0.0023639476106749047,,,,,,,,,,,0.9466376556872791,0.9451827384770378,,,,,,,,,,,,,,,,,,,,,,,
73,other,What direction is the bird looking?,right,http://images.cocodataset.org/train2014/COCO_train2014_000000262201.jpg,4,231,0.9936528477073173,-1.074902892112732,Right,4,169.0,0.0024151107518233495,24.0,0.002397679252310812,19.0,0.002422462938717724,0.9818883265571111,0.9478440781021911,0.9826301639446198,21.0,0.0023817071633156096,,,,,,,,,,,,,0.997618320255157,,,,,,,,,,,,,,,,,,,,,,,,
74,other,What time of day is it?,morning,http://images.cocodataset.org/train2014/COCO_train2014_000000370986.jpg,7,174,0.9983086744632717,-1.2138419151306152,Af,7,98.0,0.002088566663330013,15.0,0.001970950484639365,19.0,0.002020522201453674,0.9593191952952168,0.9949490477321437,0.9720048748581784,13.0,0.002027835066548552,59.0,0.002019524394881055,44.0,0.002041779410430956,26.0,0.0020875823637067706,,,,,,,0.9194324237704885,0.9587569119109535,0.9468861137446856,0.9771411972194372,,,,,,,,,,,,,,,,,,,,,
75,other,What type of plane is this?,propeller,http://images.cocodataset.org/train2014/COCO_train2014_000000131133.jpg,3,158,0.9971244866883311,-1.530693531036377,Small,3,294.0,0.001905018251440263,57.0,0.0019031751485078803,70.0,0.0019067864494324805,0.9878320940317039,0.9869298750087382,0.9825294327961801,,,,,,,,,,,,,,,,,,,,,,,,,,,,,,,,,,,,,,,
76,other,What is in the picture?,clock,http://images.cocodataset.org/train2014/COCO_train2014_000000000064.jpg,4,195,0.9986237063752985,-1.5349434614181519,C,4,101.0,0.0019519971259104238,133.0,0.0019436841924463006,19.0,0.0019308188411522604,0.9763607054451963,0.9644417959479414,0.9418071986717287,16.0,0.0019274700124438772,,,,,,,,,,,,,0.9681390622295665,,,,,,,,,,,,,,,,,,,,,,,,
77,other,What time is the clock showing?,6:10,http://images.cocodataset.org/train2014/COCO_train2014_000000000064.jpg,7,236,0.998534932225722,-0.3560032844543457,,7,38.0,0.0019335184827582873,20.0,0.0019534581271885222,52.0,0.001930334120839111,0.9697878998762337,0.9354752972273342,0.9739649917292537,23.0,0.001986881045468551,32.0,0.001938361067980132,15.0,0.0019462335280571578,19.0,0.001919853129804413,,,,,,,0.9782534167892911,0.9696198626999741,0.9500685975366211,0.9880900585356664,,,,,,,,,,,,,,,,,,,,,
78,other,What are the vases sitting on?,table,http://images.cocodataset.org/train2014/COCO_train2014_000000458763.jpg,10,223,0.9971014516937586,-0.7693058252334595,Table,10,29.0,0.00232240659631223,22.0,0.0022695612420025007,19.0,0.0023491852598201326,0.9502743982173524,0.9849226290193991,0.9258628921382102,89.0,0.002261911464610968,16.0,0.0022641960141878865,13.0,0.0022304731858635986,28.0,0.002196829891189682,15.0,0.002133574684567313,29.0,0.002296878930946872,15.0,0.002298954959348391,0.9830146503794673,0.9965119062478288,0.9194324237704885,0.956948824997087,0.9613833012053531,0.9772502932750569,0.8830374409547587,,,,,,,,,,,,,,,,,,
79,other,What is the table made of?,wood,http://images.cocodataset.org/train2014/COCO_train2014_000000458763.jpg,4,229,0.9943529108195064,-0.12204689532518387,Wood,4,15.0,0.0026872357413857046,32.0,0.0026135124327780566,17.0,0.002550216090275927,0.9967916319816366,0.9341400506927361,0.9770358764490155,21.0,0.0027717964173406572,,,,,,,,,,,,,0.9141008920185653,,,,,,,,,,,,,,,,,,,,,,,,
80,other,What is the green stuff on this pizza?,spinach,http://images.cocodataset.org/train2014/COCO_train2014_000000567990.jpg,6,287,0.9910054540969424,-0.5289545655250549,Bro,6,48.0,0.0035949956592253762,17.0,0.003023844863518551,20.0,0.0046682247110756735,0.9329548271740876,0.9664022887695614,0.8637400525036966,17.0,0.004168616217539651,33.0,0.003429947613232514,16.0,0.003127748130466029,,,,,,,,,0.8409160494198367,0.9505483554732336,0.9401204074720739,,,,,,,,,,,,,,,,,,,,,,
81,other,Is it thick or thin crust?,thick,http://images.cocodataset.org/train2014/COCO_train2014_000000567990.jpg,1,217,0.9530149073021902,-0.00571096409112215,Th,1,36.0,0.01734595817864034,,,,,0.9104598079690984,,,,,,,,,,,,,,,,,,,,,,,,,,,,,,,,,,,,,,,,,
82,other,What is the orange thing?,bag,http://images.cocodataset.org/train2014/COCO_train2014_000000393286.jpg,10,262,0.9981149937708608,-0.3297589123249054,Ban,10,35.0,0.0020699718068343444,16.0,0.0020374381428919174,27.0,0.0020173251877097067,0.9774494791121522,0.9755307720176266,0.9923855842213767,38.0,0.002016072131704544,18.0,0.00207748050205926,20.0,0.002043435837849062,24.0,0.002012459496011582,18.0,0.002015797538334209,12.0,0.002007061635410106,10.0,0.0020263609279860635,0.961879921306533,0.872009434056298,0.9074899102582407,0.9639125816315373,0.9955380299191112,0.9808340377961403,1.0,,,,,,,,,,,,,,,,,,
83,other,Is this train headed towards or from the orange building?,from,http://images.cocodataset.org/train2014/COCO_train2014_000000000071.jpg,4,263,0.9986611464366965,-0.3696756064891815,Tow,4,15.0,0.002719139061012847,30.0,0.002070325501751569,23.0,0.0026197970470853878,0.7835807040488099,0.9852427571678163,0.962336684315086,17.0,0.0026098745047177753,,,,,,,,,,,,,0.9360847109776411,,,,,,,,,,,,,,,,,,,,,,,,
84,other,What is the giraffe eating?,leaves,http://images.cocodataset.org/train2014/COCO_train2014_000000000072.jpg,7,266,0.9991006242835906,-0.3008907735347748,Le,7,68.0,0.001864050439960963,61.0,0.0018604101370065672,16.0,0.001869291910782364,0.9771325598833284,0.9743903915682829,0.949701216438411,13.0,0.0018586275882068114,18.0,0.0018801249892172263,16.0,0.0018778834443948936,15.0,0.001867795827164127,,,,,,,0.99473723787795,0.9057125980138372,0.8957541375001011,0.9500685975366211,,,,,,,,,,,,,,,,,,,,,
85,other,What is on the woman's neck?,necklace,http://images.cocodataset.org/train2014/COCO_train2014_000000393290.jpg,11,269,0.9894723565544177,-0.23328262567520142,Ne,11,49.0,0.002441953894706573,38.0,0.0024411626201744753,74.0,0.0024536410918142,0.9849132721985127,0.9820923909706726,0.9911606943467819,17.0,0.002453789656852327,7.0,0.002389587535509938,21.0,0.002443027894397185,28.0,0.0024172670690632988,19.0,0.002433702294491884,15.0,0.002462057572921979,44.0,0.002444678600874694,0.8702290979524684,0.863120568566631,0.8924709137188214,0.9546444483376652,0.899507835327561,0.9967916319816366,0.9871336321578644,15.0,0.002465300355459542,,,0.9709505944546686,,,,,,,,,,,,,
86,other,What item is folded up and sitting on the edge of the shower stall?,towel,http://images.cocodataset.org/train2014/COCO_train2014_000000393291.jpg,4,162,0.9992301342672867,-0.47816258668899536,Tow,4,111.0,0.0018789471198593078,78.0,0.001865557892336229,143.0,0.0018678599454506682,0.9747812188974154,0.9720368434920061,0.971310786723227,17.0,0.001872176022449592,,,,,,,,,,,,,0.9967828263127351,,,,,,,,,,,,,,,,,,,,,,,,
87,other,What pattern is on the shower curtain?,solid,http://images.cocodataset.org/train2014/COCO_train2014_000000393291.jpg,9,181,0.9909332200741781,-0.6685898900032043,St,9,26.0,0.0022121744418852206,74.0,0.0022104625948101073,17.0,0.00220528530696314,0.9439287762440046,0.9748150813023552,0.9771236998460402,26.0,0.0022113001653667782,84.0,0.002215514172013288,40.0,0.0022231014334245934,15.0,0.002213709875901441,10.0,0.0022230554947797903,17.0,0.0022079873859146546,,,0.9499751659432051,0.9681257886183042,0.9466980638067017,0.9500685975366211,0.7219280948873623,0.9664022887695614,,,,,,,,,,,,,,,,,,,
88,other,What are the colors of the countertop?,brown,http://images.cocodataset.org/train2014/COCO_train2014_000000393291.jpg,7,304,0.9927315492514116,-0.8813028335571289,White,7,23.0,0.002789812307647937,9.0,0.0023806372790748983,25.0,0.002552939827185285,0.9863237070924826,0.9656336071428252,0.9449744556693416,16.0,0.0026913265316800355,17.0,0.0026364415651342725,16.0,0.0027829327343081105,23.0,0.002821925705464401,,,,,,,0.9755307720176266,0.8798970556249559,0.8950145145731531,0.9650095768458276,,,,,,,,,,,,,,,,,,,,,
89,other,What is the person on the right called?,referee,http://images.cocodataset.org/train2014/COCO_train2014_000000262221.jpg,2,85,0.9692509794186133,-0.7288854718208313,Ref,2,622.0,0.003183786348536468,92.0,0.0031597078867342176,,,0.9975336468201158,0.9965945091043522,,,,,,,,,,,,,,,,,,,,,,,,,,,,,,,,,,,,,,,,
90,other,What time does the clock say?,8:00,http://images.cocodataset.org/train2014/COCO_train2014_000000000078.jpg,6,218,0.996937134592982,-0.35930144786834717,,6,23.0,0.0021697190856936085,59.0,0.002151669469427471,16.0,0.0021053886227628583,0.9065919252537809,0.9403586266273035,0.9248008763572907,25.0,0.0021138649380475997,31.0,0.0021079891312815392,88.0,0.0021060505851475913,,,,,,,,,0.9359789823342757,0.9555280917123578,0.9731299827287718,,,,,,,,,,,,,,,,,,,,,,
91,other,What is the last letter over the plane?,e,http://images.cocodataset.org/train2014/COCO_train2014_000000000081.jpg,10,229,0.9812890756454601,-1.6500742435455322,A,10,26.0,0.0026537382408967688,37.0,0.0026987381152978915,57.0,0.0026627732469399843,0.9743092791511181,0.9511167773047663,0.9478725655263281,17.0,0.002645999555249051,22.0,0.002689547564737059,24.0,0.002677346681139932,24.0,0.002663648933388754,15.0,0.0026765802395280827,18.0,0.0027826358573792803,32.0,0.0027110173531569963,0.9963890537299693,0.9849226290193991,0.9478440781021911,0.9764415047936531,0.9602297178607612,0.9910760598382222,0.9850011108227404,,,,,,,,,,,,,,,,,,
92,other,What is the number on the mailbox?,24,http://images.cocodataset.org/train2014/COCO_train2014_000000000086.jpg,6,229,0.9991404400808932,-0.11177265644073486,,6,15.0,0.0019267177488795327,77.0,0.001911693904580284,24.0,0.0019101796833579634,0.8649735207179273,0.9800072995815001,0.9558902111251072,20.0,0.0019139580542414374,21.0,0.0019107397545771328,85.0,0.0019098108643955118,,,,,,,,,0.9406454496153462,0.9907017951253161,0.966758739313603,,,,,,,,,,,,,,,,,,,,,,
93,other,What are the animals doing?,grazing,http://images.cocodataset.org/train2014/COCO_train2014_000000524375.jpg,7,233,0.996122475228924,-1.1210582256317139,The,7,15.0,0.002503932859085078,17.0,0.002463269179568914,74.0,0.0023803675542439467,0.8443536850036224,0.9360847109776411,0.9689231888664349,24.0,0.0024103859184017294,20.0,0.0024059816835282693,23.0,0.0025003525679575993,30.0,0.002513137516380209,,,,,,,0.9195861945271689,0.9232196723355077,0.9065919252537811,0.9467073662418842,,,,,,,,,,,,,,,,,,,,,
94,other,What breed of livestock is shown?,sheep,http://images.cocodataset.org/train2014/COCO_train2014_000000524375.jpg,8,259,0.9993571925200219,-0.08899398893117905,She,8,18.0,0.0018369311370578774,17.0,0.0018298600876474743,16.0,0.0018272493174926359,0.9319131950454079,0.9856676426534905,0.9886085007312413,8.0,0.0018261378849105875,59.0,0.001832517806011256,72.0,0.0018409431685469703,17.0,0.0018297724745024201,10.0,0.0018328314313803221,,,,,1.0,0.9886291439447331,0.9698907719934363,0.9664022887695614,0.9709505944546686,,,,,,,,,,,,,,,,,,,,
95,other,What language is the sign written in?,spanish,http://images.cocodataset.org/train2014/COCO_train2014_000000131160.jpg,8,223,0.9989958093182235,-0.7903167009353638,English,8,16.0,0.0018439654692070475,34.0,0.0018407365329574502,47.0,0.0018416451627350017,0.9886994082884974,0.9709724813272226,0.9632328647067763,44.0,0.001846258598450813,78.0,0.0018364172937863845,82.0,0.0018368394013092981,17.0,0.0018308999092583424,17.0,0.0018373467370179453,,,,,0.9977705056028492,0.9583611169866726,0.9669515603313846,0.9519839065438831,0.9360847109776411,,,,,,,,,,,,,,,,,,,,
96,other,How has the cheese been prepared?,melted,http://images.cocodataset.org/train2014/COCO_train2014_000000524377.jpg,4,258,0.9990721762561345,-0.9700993299484253,M,4,15.0,0.0018456483255087969,15.0,0.0018510890662615511,15.0,0.0018985108452734094,0.9859247724121322,0.9718495448242642,0.9500685975366211,17.0,0.001934711448387766,,,,,,,,,,,,,0.8409160494198367,,,,,,,,,,,,,,,,,,,,,,,,
97,other,What is the cutting board used for in this scene?,plate,http://images.cocodataset.org/train2014/COCO_train2014_000000524377.jpg,5,188,0.9990702140008965,-1.593522071838379,C,5,132.0,0.001949310941383077,23.0,0.0019310430712721485,32.0,0.0019424477359268858,0.9754558431277356,0.9511155396118529,0.9766788441924219,24.0,0.0019624825338803026,2.0,0.0018817898551988395,,,,,,,,,,,0.960225238422717,0.0,,,,,,,,,,,,,,,,,,,,,,,
98,other,Of what meal is this kind of food typical?,lunch,http://images.cocodataset.org/train2014/COCO_train2014_000000524377.jpg,8,186,0.9989021191714379,-0.1735175997018814,L,8,92.0,0.0019294312437618893,28.0,0.0019487552441680013,28.0,0.0019262684127783875,0.9934049550637291,0.9724347495570991,0.984013443307608,16.0,0.0019219701843999387,18.0,0.0019322416063347926,15.0,0.0019175744113647827,32.0,0.0019403663629791717,18.0,0.0019954602318565254,,,,,0.9618974703476992,0.9535998353544739,0.9446232142545791,0.9864307990847075,0.9910760598382222,,,,,,,,,,,,,,,,,,,,
99,other,What type of food is shown?,hot dog,http://images.cocodataset.org/train2014/COCO_train2014_000000524377.jpg,6,103,0.9951721004500449,-0.9515660405158997,Hot,6,226.0,0.002516169726525508,16.0,0.002639533822151526,28.0,0.002507309224324947,0.9734367596817757,0.9886994082884974,0.9963070340085628,221.0,0.0024888604300700797,47.0,0.0024833349348095746,15.0,0.002340825762758399,,,,,,,,,0.9791717828705448,0.9898122192270563,0.9602297178607612,,,,,,,,,,,,,,,,,,,,,,
100,other,What is the topping on the hot dog?,peppers,http://images.cocodataset.org/train2014/COCO_train2014_000000524377.jpg,1,115,0.9921637266775915,-0.29542601108551025,On,1,294.0,0.0033366841659766117,,,,,0.9725821198945717,,,,,,,,,,,,,,,,,,,,,,,,,,,,,,,,,,,,,,,,,
101,other,What topping is on the hot dog?,onions,http://images.cocodataset.org/train2014/COCO_train2014_000000524377.jpg,1,116,0.9924153744403106,-0.2736632525920868,On,1,292.0,0.00330807129583018,,,,,0.9728626869677397,,,,,,,,,,,,,,,,,,,,,,,,,,,,,,,,,,,,,,,,,
102,other,What is in the small container?,butter,http://images.cocodataset.org/train2014/COCO_train2014_000000524377.jpg,11,160,0.9989613349714648,-0.9534705281257629,May,11,15.0,0.0018515233237613182,15.0,0.0018566138231413058,60.0,0.001860609567139643,0.9664572819896988,0.9877812438119247,0.9731390348982112,26.0,0.0018604864038782479,23.0,0.0018591628327522271,17.0,0.0018567250890223995,13.0,0.0018542736991632462,96.0,0.0018693784679018133,15.0,0.001853366141727873,34.0,0.0018520899178382424,0.972362610668201,0.9627069364469679,0.9507532012507531,0.962947015626608,0.9762555274675299,0.9161314485121343,0.9717701207194064,17.0,0.0018751829108560071,,,0.9975025463691152,,,,,,,,,,,,,
103,other,What are the components of this dish?,butter,http://images.cocodataset.org/train2014/COCO_train2014_000000524377.jpg,8,235,0.9937684885939762,-1.5429534912109375,The,8,27.0,0.0024572047448378842,22.0,0.00255203481036813,86.0,0.002767396221123831,0.9360812662698232,0.9434038256873108,0.9738254539862373,21.0,0.0027788573992725096,15.0,0.0028410295614424504,15.0,0.002828994623393146,51.0,0.002600955482605409,17.0,0.0024826815313615117,,,,,0.9803153789223941,0.9967916319816366,0.9967916319816366,0.9791951038834084,0.9856676426534905,,,,,,,,,,,,,,,,,,,,
104,other,How delicious does this look?,very,http://images.cocodataset.org/train2014/COCO_train2014_000000524377.jpg,7,255,0.9966355541540513,-0.6713836193084717,Very,7,16.0,0.0021370680952375954,15.0,0.002211515546868152,74.0,0.002218877585828716,1.0,0.8616157143988102,0.9641292196101996,15.0,0.002147160820055541,23.0,0.0021761298984023757,32.0,0.0022431563418610183,18.0,0.0023599673730965564,,,,,,,0.982798115178801,0.9841517646228418,0.9469733977371523,0.9910760598382222,,,,,,,,,,,,,,,,,,,,,
105,other,What two vegetables are in the white bowl?,none,http://images.cocodataset.org/train2014/COCO_train2014_000000524377.jpg,1,144,0.9989121691302104,-1.1039769649505615,On,1,188.0,0.0020662105255067915,,,,,0.9710893701345488,,,,,,,,,,,,,,,,,,,,,,,,,,,,,,,,,,,,,,,,,
106,other,What type of filling is in the dish on the bottom left?,mayonnaise,http://images.cocodataset.org/train2014/COCO_train2014_000000524377.jpg,5,267,0.9929694981302685,-1.907235860824585,Must,5,57.0,0.002680790054909875,33.0,0.002652770228637387,37.0,0.0025381027823540014,0.9676367452443347,0.9305687829413293,0.9771806689833931,20.0,0.002605830824342516,16.0,0.0027434125290604827,,,,,,,,,,,0.9927376486136672,0.9320201587042914,,,,,,,,,,,,,,,,,,,,,,,
107,other,What is the yellow stuff in a bowl?,butter,http://images.cocodataset.org/train2014/COCO_train2014_000000524377.jpg,4,277,0.9944931557934097,-0.7394894957542419,Must,4,16.0,0.0024094951709365997,19.0,0.0024217352827487215,258.0,0.0024275783811439824,0.8950145145731531,0.989497538622715,0.9928088828631108,35.0,0.0024164496278526876,,,,,,,,,,,,,0.9650245246903021,,,,,,,,,,,,,,,,,,,,,,,,
108,other,What is the hot dog sitting on top of?,bun,http://images.cocodataset.org/train2014/COCO_train2014_000000524377.jpg,9,328,0.9870608096401823,-0.19391436874866486,Bun,9,21.0,0.0027469228669438094,30.0,0.0027493735898512167,28.0,0.0028934090658705963,0.997618320255157,0.9686587223893744,0.9451415838544159,15.0,0.00279085214591538,19.0,0.002659629073304829,37.0,0.0027522272081173596,21.0,0.0028608816880155395,21.0,0.002842525599019689,17.0,0.002899899462838997,,,0.9500685975366211,0.968715212846104,0.9524840581553867,0.931410723799767,0.9566859396996199,0.9603948809345497,,,,,,,,,,,,,,,,,,,
109,other,What are the orange things?,sweet potato fries,http://images.cocodataset.org/train2014/COCO_train2014_000000524377.jpg,1,119,0.9906407603740324,-0.5235883593559265,On,1,292.0,0.003524395806063676,,,,,0.9736595088236949,,,,,,,,,,,,,,,,,,,,,,,,,,,,,,,,,,,,,,,,,
110,other,Are the carrots diced or cut long ways?,long ways,http://images.cocodataset.org/train2014/COCO_train2014_000000524377.jpg,1,317,0.9982666293970842,-0.8966535925865173,C,1,23.0,0.0019892825063887866,,,,,0.9841517646228418,,,,,,,,,,,,,,,,,,,,,,,,,,,,,,,,,,,,,,,,,
111,other,What is in the cup?,mayo,http://images.cocodataset.org/train2014/COCO_train2014_000000524377.jpg,8,260,0.9986964998219537,-1.0913254022598267,May,8,29.0,0.0018731377780652736,99.0,0.0018864766155785055,17.0,0.001868338400036175,0.9785463292474802,0.9848020918361903,0.9856676426534905,21.0,0.0018714228603700783,18.0,0.001894326546359666,24.0,0.0018809146685059147,15.0,0.0018692640266162264,16.0,0.0018898740693710943,,,,,0.9353777085126238,1.0,0.9528195311147832,0.9161314485121342,1.0,,,,,,,,,,,,,,,,,,,,
112,other,What is the orange root called?,sweet potato,http://images.cocodataset.org/train2014/COCO_train2014_000000524377.jpg,6,265,0.993365860443716,-0.2586309611797333,Car,6,38.0,0.0023080876235122456,22.0,0.0025043558526964336,9.0,0.0023371416388848856,0.9819742335533348,0.9063593311749661,0.9182958340544896,23.0,0.002338272531070244,94.0,0.0023726949436246665,60.0,0.0024014901588871886,,,,,,,,,0.9527439088345311,0.9816495524403545,0.9836592950321824,,,,,,,,,,,,,,,,,,,,,,
113,other,What is the blackened meat on the bread?,hot dog,http://images.cocodataset.org/train2014/COCO_train2014_000000524377.jpg,6,249,0.992391969436822,-0.48911184072494507,Hot,6,25.0,0.002575007504449964,15.0,0.00228286515370815,55.0,0.0024441788243459183,0.9598206673056707,0.9718495448242642,0.9800634444791453,19.0,0.002565353454180607,15.0,0.0023549440271889103,43.0,0.002477804334218998,,,,,,,,,0.9495113755878273,0.982798115178801,0.9669920329852919,,,,,,,,,,,,,,,,,,,,,,
114,other,What is on the sandwich?,hot dog,http://images.cocodataset.org/train2014/COCO_train2014_000000524377.jpg,1,95,0.9823853589020222,-0.40626317262649536,On,1,325.0,0.0040441782095691926,,,,,0.9726035038806001,,,,,,,,,,,,,,,,,,,,,,,,,,,,,,,,,,,,,,,,,
115,other,What animal is on the plate?,pig,http://images.cocodataset.org/train2014/COCO_train2014_000000524377.jpg,9,207,0.9899648782613878,-0.2981802821159363,Dog,9,18.0,0.0029587105258401234,15.0,0.0029610337994791665,17.0,0.002950661215122614,0.9874687506009635,1.0,0.9664022887695614,18.0,0.0027634020584604863,38.0,0.002869165466357435,16.0,0.00266422047666568,20.0,0.0027399543273873895,37.0,0.0027423946347303564,24.0,0.0035393695373918794,,,0.9853962684364186,0.9877594112011782,0.9822177815287605,0.9520308502568678,0.9696998667431054,0.9323934896284055,,,,,,,,,,,,,,,,,,,
116,other,What is on the hotdog?,onions,http://images.cocodataset.org/train2014/COCO_train2014_000000524377.jpg,1,125,0.9704748857468006,-0.3554539084434509,On,1,304.0,0.004805951630810322,,,,,0.9713787895020461,,,,,,,,,,,,,,,,,,,,,,,,,,,,,,,,,,,,,,,,,
117,other,What two vegetables can be seen on the pizza?,none,http://images.cocodataset.org/train2014/COCO_train2014_000000524377.jpg,2,150,0.9871192077588716,-0.5942868590354919,On,2,238.0,0.0033568909134873265,9.0,0.002849425268594009,,,0.9789026725360226,0.9656336071428252,,,,,,,,,,,,,,,,,,,,,,,,,,,,,,,,,,,,,,,,
118,other,What condiment is on the potatoes?,butter,http://images.cocodataset.org/train2014/COCO_train2014_000000524377.jpg,9,200,0.9938985967341524,-1.3481093645095825,But,9,22.0,0.0022452551021901997,175.0,0.0022763976231041385,17.0,0.0022482006951185574,0.933816945485606,0.9857830443065514,0.9603948809345497,17.0,0.0023014801621700923,67.0,0.0022456362512997233,16.0,0.0022657792933061306,19.0,0.002215493609082629,33.0,0.0022856800949586525,30.0,0.0022162729558398565,,,0.9975025463691152,0.9741866837433268,0.886859507142915,0.9892422967543257,0.9437040600612078,0.9608812705383215,,,,,,,,,,,,,,,,,,,
119,other,What sauces are shown?,butter,http://images.cocodataset.org/train2014/COCO_train2014_000000524377.jpg,4,275,0.9971617720124849,-1.3902966976165771,Must,4,87.0,0.002137495053485074,16.0,0.0021117008258905996,20.0,0.00207590187529898,0.9908889889530468,0.9886085007312413,0.994579454726102,16.0,0.002104478878097791,,,,,,,,,,,,,0.9886085007312413,,,,,,,,,,,,,,,,,,,,,,,,
120,other,What is mainly featured?,hot dog,http://images.cocodataset.org/train2014/COCO_train2014_000000524377.jpg,11,142,0.989391584294929,-0.9283919930458069,Hot,11,87.0,0.002381358299820017,27.0,0.002376109095500132,22.0,0.0023674173076217516,0.9983783615333169,0.978535424197746,0.9904129681145393,8.0,0.0023493788375021155,15.0,0.002370156663261743,7.0,0.0023402214804024344,8.0,0.002366363523329381,45.0,0.002375313083007051,136.0,0.002363860524965981,13.0,0.002337789698077033,0.8112781244591328,0.9602297178607612,0.863120568566631,0.8112781244591328,0.9981895769621499,0.9870306115704189,0.99473723787795,15.0,0.002356067667896296,,,1.0,,,,,,,,,,,,,
121,other,What is the pattern on the vase?,floral,http://images.cocodataset.org/train2014/COCO_train2014_000000393306.jpg,2,153,0.9992138374209836,-0.7459755539894104,Flor,2,246.0,0.0019974075746546412,31.0,0.0019328262158510427,,,0.9771722281185973,0.9779018596186941,,,,,,,,,,,,,,,,,,,,,,,,,,,,,,,,,,,,,,,,
122,other,What is the primary color of the bathroom?,yellow,http://images.cocodataset.org/train2014/COCO_train2014_000000262159.jpg,4,232,0.9585943223640319,-0.4568241834640503,Y,4,16.0,0.005041177591385035,34.0,0.007247167560467831,65.0,0.00643801726675636,0.9886085007312413,0.937826731624085,0.9808984229866329,27.0,0.006129598259675195,,,,,,,,,,,,,0.965530792748052,,,,,,,,,,,,,,,,,,,,,,,,
123,other,What is printed on the orange sign?,pizza,http://images.cocodataset.org/train2014/COCO_train2014_000000000094.jpg,4,174,0.9942442051613971,-1.9769706726074219,Peace,4,108.0,0.0035634706758333468,40.0,0.0027918439612160104,43.0,0.0030840181836934715,0.9725871398050934,0.9463129103753751,0.9339197595742913,20.0,0.0031196549630470717,,,,,,,,,,,,,0.9138646883853215,,,,,,,,,,,,,,,,,,,,,,,,
124,other,What is the name of the hotel?,peace way,http://images.cocodataset.org/train2014/COCO_train2014_000000000094.jpg,4,188,0.9856115509972497,-1.5236873626708984,Peace,4,139.0,0.004964749850537598,25.0,0.0035315051996874457,34.0,0.003958570463110955,0.9778731872963048,0.9310898965050362,0.9211866868776989,18.0,0.0038199339707626506,,,,,,,,,,,,,0.9591479170272447,,,,,,,,,,,,,,,,,,,,,,,,
125,other,What mode of transportation is pictured?,car,http://images.cocodataset.org/train2014/COCO_train2014_000000000094.jpg,4,166,0.9936505034945989,-0.12183532863855362,Car,4,15.0,0.0023388409167517943,8.0,0.0023001601429729402,248.0,0.002428649508360737,0.9949490477321437,0.985056822321508,0.9982474693349239,38.0,0.0024276796048456365,,,,,,,,,,,,,0.9951572461786478,,,,,,,,,,,,,,,,,,,,,,,,
126,other,What airline is this?,everts air cargo,http://images.cocodataset.org/train2014/COCO_train2014_000000393311.jpg,6,267,0.998490465099702,-2.306500196456909,Jet,6,37.0,0.0019810360349921765,15.0,0.0019636551228597934,84.0,0.0019830377015803394,0.927767940807496,0.9602297178607612,0.9809992513606447,22.0,0.001963242867570804,25.0,0.0019846943163708717,15.0,0.0019642873547145467,,,,,,,,,0.9658234187802699,0.9661190960509453,0.8616157143988104,,,,,,,,,,,,,,,,,,,,,,
127,other,The plane's stand resembles what letter?,a,http://images.cocodataset.org/train2014/COCO_train2014_000000393311.jpg,2,252,0.9982291019362167,-1.2203943729400635,E,2,18.0,0.0020164215086005467,86.0,0.002067018131620721,,,0.9853962684364186,0.9626855894290943,,,,,,,,,,,,,,,,,,,,,,,,,,,,,,,,,,,,,,,,
128,other,What type of plane is this?,cargo,http://images.cocodataset.org/train2014/COCO_train2014_000000393311.jpg,3,284,0.9946922594681451,-0.7773014903068542,C,3,17.0,0.0025184298990775836,90.0,0.002585714874829188,20.0,0.0025711429394915768,0.9519839065438831,0.9711710443917292,0.9927376486136672,,,,,,,,,,,,,,,,,,,,,,,,,,,,,,,,,,,,,,,
129,other,What is written on the picture?,dutchsimba,http://images.cocodataset.org/train2014/COCO_train2014_000000393311.jpg,7,307,0.9986765383219346,-1.60935378074646,"""",7,41.0,0.0019764175793118865,25.0,0.0019732787590424983,37.0,0.001983241182317941,0.951467005741876,0.9358079150368515,0.9238557080624094,7.0,0.001936079918235771,50.0,0.001981571344394301,16.0,0.0019781209661952387,15.0,0.0020042040272404004,,,,,,,0.9852281360342515,0.9560132742534561,0.8950145145731531,0.9709505944546686,,,,,,,,,,,,,,,,,,,,,
130,other,What shipping company is represented in the scene?,everts air cargo,http://images.cocodataset.org/train2014/COCO_train2014_000000393311.jpg,5,223,0.9975592110689014,-1.125246286392212,Fed,5,23.0,0.0019428403423428573,74.0,0.001924525559183084,15.0,0.0019210269418205952,0.9056822735153807,0.9708893036722944,0.9664572819896989,20.0,0.0019318722207699664,17.0,0.0019339998462767835,,,,,,,,,,,0.8862106770924657,0.9967828263127351,,,,,,,,,,,,,,,,,,,,,,,
131,other,What airline is this plane from?,everts air cargo,http://images.cocodataset.org/train2014/COCO_train2014_000000393311.jpg,11,228,0.9963473427717665,-2.134610176086426,Jet,11,15.0,0.0021224358453207455,16.0,0.002106486429323198,20.0,0.002108334523612046,0.9018972358711528,0.985056822321508,0.9630603734213403,17.0,0.00212586728728781,28.0,0.0020809848274139105,21.0,0.0020704538625106288,15.0,0.0021272976256255425,35.0,0.0021280565428422557,5.0,0.0021062019289632104,43.0,0.002142962501248445,0.8661108318808242,0.9970768559053748,0.9898279823399507,0.8830374409547587,0.985307083461149,0.0,0.9525884688241533,30.0,0.0021332714843690388,,,0.976022214013387,,,,,,,,,,,,,
132,other,How does the man get down from the machine?,stairs,http://images.cocodataset.org/train2014/COCO_train2014_000000393311.jpg,1,249,0.9977270327999385,-0.9227129220962524,Lad,1,71.0,0.002396513405416182,,,,,0.9428523790570653,,,,,,,,,,,,,,,,,,,,,,,,,,,,,,,,,,,,,,,,,
133,other,What is the picture of on wall?,abstract,http://images.cocodataset.org/train2014/COCO_train2014_000000524386.jpg,4,216,0.9993686292318632,-2.206655263900757,A,4,108.0,0.0019663573075108555,15.0,0.001958506107319027,16.0,0.0019650266585020935,0.9603138286785956,0.9018972358711528,0.949701216438411,20.0,0.0019225192390824306,,,,,,,,,,,,,1.0,,,,,,,,,,,,,,,,,,,,,,,,
134,other,What is on the carpet?,rug,http://images.cocodataset.org/train2014/COCO_train2014_000000524386.jpg,6,227,0.999530876196269,-1.2422196865081787,R,6,56.0,0.0017773964586493538,52.0,0.0017778660729645649,7.0,0.0017767969465737128,0.9809066436103098,0.976285684047263,0.9852281360342515,16.0,0.0017806241704097345,16.0,0.0017775954735527524,24.0,0.0017842882491641027,,,,,,,,,0.9965119062478288,0.9681390622295665,0.9022925846688998,,,,,,,,,,,,,,,,,,,,,,
135,other,What are the ladies doing?,texting,http://images.cocodataset.org/train2014/COCO_train2014_000000131172.jpg,4,299,0.9696496120031587,-0.74611496925354,The,4,15.0,0.003590953222096041,20.0,0.0038641034230125415,24.0,0.003601455683681997,0.9664572819896988,0.906015005671138,0.9776902310822042,28.0,0.003977610690548617,,,,,,,,,,,,,0.928138501383303,,,,,,,,,,,,,,,,,,,,,,,,
136,other,What is written on the street?,nothing,http://images.cocodataset.org/train2014/COCO_train2014_000000393317.jpg,6,169,0.9802767820181019,-0.2020358294248581,Som,6,106.0,0.0038834847179801285,26.0,0.0037541813556225,18.0,0.005981241194908319,0.9562780066820503,0.9499751659432053,1.0,117.0,0.004330896769813158,53.0,0.004808860940450373,8.0,0.003677045461792939,,,,,,,,,0.988197230056188,0.9859734851658795,0.8112781244591328,,,,,,,,,,,,,,,,,,,,,,
137,other,Urban or suburban?,urban,http://images.cocodataset.org/train2014/COCO_train2014_000000393317.jpg,6,211,0.9983240358409539,-0.10598936676979065,Urban,6,24.0,0.001877313215791357,67.0,0.0018660318125161362,52.0,0.0018665261365605076,0.8430574374588383,0.9698674712561675,0.9569662632207515,58.0,0.0018659564869954134,9.0,0.0018721104122764965,22.0,0.0018750799508768527,,,,,,,,,0.9650907491083892,0.7642045065086203,0.9209928791942417,,,,,,,,,,,,,,,,,,,,,,
138,other,What type of vehicle is on the left?,bus,http://images.cocodataset.org/train2014/COCO_train2014_000000393317.jpg,6,240,0.9952694601778432,-0.43370306491851807,Car,6,204.0,0.0021941364840823412,15.0,0.002243980110931727,22.0,0.0021917510163800462,0.987505370595442,0.9182958340544896,0.9477528103057692,38.0,0.002156072140377283,23.0,0.0021557636418367606,26.0,0.002208560259219627,,,,,,,,,0.9978803006619273,0.9443479439410531,0.9771411972194373,,,,,,,,,,,,,,,,,,,,,,
139,other,What is being held green?,light,http://images.cocodataset.org/train2014/COCO_train2014_000000393317.jpg,5,346,0.9963223663137727,-1.0106966495513916,Tra,5,16.0,0.0023529335114880687,16.0,0.0022530692555609642,30.0,0.0021758031436991,0.954434002924965,0.886859507142915,0.9414623742366857,15.0,0.002124918656378853,63.0,0.00227856485210234,,,,,,,,,,,0.9446232142545791,0.960385396818985,,,,,,,,,,,,,,,,,,,,,,,
140,other,What time of day is it?,afternoon,http://images.cocodataset.org/train2014/COCO_train2014_000000393317.jpg,3,176,0.998420082766461,-1.070979356765747,Af,3,248.0,0.0020063327633450478,15.0,0.0019648956327957888,15.0,0.0019855931592677187,0.9792300445119917,0.982798115178801,0.9147366491799204,,,,,,,,,,,,,,,,,,,,,,,,,,,,,,,,,,,,,,,
141,other,What country name is written as the highest word on the bus?,guatemala,http://images.cocodataset.org/train2014/COCO_train2014_000000546151.jpg,5,296,0.9987118099690994,-1.3080188035964966,Mexico,5,18.0,0.002274533903977907,18.0,0.0023944117476210293,9.0,0.00231773579724503,0.9319131950454078,0.9728825026363701,0.7642045065086203,17.0,0.002442860386011135,17.0,0.002256559254207948,,,,,,,,,,,0.8846148739279865,0.9363348190250749,,,,,,,,,,,,,,,,,,,,,,,
142,other,What is the skier standing on?,skis,http://images.cocodataset.org/train2014/COCO_train2014_000000021826.jpg,3,320,0.9870795490557381,-0.11904775351285934,Snow,3,43.0,0.0034767139949049668,21.0,0.0030807892373701934,22.0,0.003926813032033793,0.9620077279359505,0.9507271636456955,0.8716049151835776,,,,,,,,,,,,,,,,,,,,,,,,,,,,,,,,,,,,,,,
143,other,What is the person doing?,skiing,http://images.cocodataset.org/train2014/COCO_train2014_000000021826.jpg,9,274,0.9836765783581954,-0.5380029082298279,The,9,27.0,0.002983477470268849,15.0,0.003057530424948859,24.0,0.0029920529089123202,0.9889836699098602,0.9189900464321514,0.9360898016760626,16.0,0.0028004406415730724,15.0,0.003127982443125734,20.0,0.003134783746950523,34.0,0.003054218070825283,28.0,0.0030267077711390966,10.0,0.00307905800175354,,,0.9772170014624825,0.8649735207179273,0.9074899102582407,0.9461014393108473,0.9743259280978503,0.8812908992306927,,,,,,,,,,,,,,,,,,,
144,other,What infrastructure would one drive on to go perpendicular to the water?,boat,http://images.cocodataset.org/train2014/COCO_train2014_000000000109.jpg,7,206,0.9986523304305727,-0.6947438716888428,Bridge,7,123.0,0.002016498609522223,45.0,0.002029599936177709,26.0,0.0020082164436574924,0.969400832258738,0.9526905799076898,0.9886032578849717,17.0,0.0019876956456275946,5.0,0.001926044082838367,16.0,0.0020198032733311708,20.0,0.0020104723048358798,,,,,,,0.9856676426534905,0.9709505944546686,0.9965119062478288,0.9703227248076731,,,,,,,,,,,,,,,,,,,,,
145,other,What pizza topping is this?,cheese,http://images.cocodataset.org/train2014/COCO_train2014_000000000110.jpg,6,248,0.9975183261205353,-0.7999823093414307,Che,6,71.0,0.0021424228361546387,39.0,0.002110002743176723,76.0,0.002109508229661574,0.9689909455092787,0.9938650863560973,0.9746470903238618,11.0,0.0020932971592702273,22.0,0.0021434787443812475,22.0,0.0021815611080392423,,,,,,,,,0.9431887805255736,0.9645454255594046,0.9922150607220183,,,,,,,,,,,,,,,,,,,,,,
146,other,What is in the vase next to the flowers?,paper,http://images.cocodataset.org/train2014/COCO_train2014_000000305853.jpg,1,287,0.9979324838321993,-1.0697355270385742,P,1,32.0,0.0020419620223277577,,,,,0.9261085007312412,,,,,,,,,,,,,,,,,,,,,,,,,,,,,,,,,,,,,,,,,
147,other,Are these flowers real or silk?,real,http://images.cocodataset.org/train2014/COCO_train2014_000000305853.jpg,3,252,0.9606792931762688,-0.6235829591751099,Real,3,15.0,0.004303731547072883,15.0,0.004576772906248575,17.0,0.008538586022611606,0.9859247724121322,0.9613833012053531,0.8726389366057714,,,,,,,,,,,,,,,,,,,,,,,,,,,,,,,,,,,,,,,
148,other,England's Queen mother and these blooms share what syllable?,sun,http://images.cocodataset.org/train2014/COCO_train2014_000000305853.jpg,4,192,0.9991261022302934,-2.102712631225586,"""",4,78.0,0.0022135539251261463,25.0,0.0020184397093665142,32.0,0.0019648016019917247,0.9639946229654297,0.9612922645609548,0.984141579702573,39.0,0.0019942686694046086,,,,,,,,,,,,,0.9773802393131538,,,,,,,,,,,,,,,,,,,,,,,,
149,other,What emblem is on the cake?,words,http://images.cocodataset.org/train2014/COCO_train2014_000000000113.jpg,5,152,0.9983458418983124,-0.9680891036987305,An,5,279.0,0.0019639431616469308,18.0,0.001965752715464472,38.0,0.001942861483715269,0.9852957432489357,0.9915323997298832,0.9697878998762336,16.0,0.0019383618995367498,23.0,0.0019501896605528411,,,,,,,,,,,0.9886085007312413,0.9841517646228418,,,,,,,,,,,,,,,,,,,,,,,
150,other,Are they outside or in?,inside,http://images.cocodataset.org/train2014/COCO_train2014_000000000113.jpg,6,224,0.9986406739642859,-0.5497056841850281,Inside,6,16.0,0.0019304379886657611,19.0,0.0019313379886935686,97.0,0.0019342674066231936,0.949701216438411,0.9462035592964384,0.9679679448944697,31.0,0.0019455836004841542,63.0,0.0019250677604951982,29.0,0.001928406775573531,,,,,,,,,0.953662226964115,0.964583651367187,0.9602966740701442,,,,,,,,,,,,,,,,,,,,,,
151,other,What are the initials on the cake?,md,http://images.cocodataset.org/train2014/COCO_train2014_000000000113.jpg,6,279,0.9991250356422133,-2.4046499729156494,M,6,83.0,0.0018966541954678335,27.0,0.0018814557227883435,25.0,0.001885235419215373,0.9920666008361594,0.984762162855875,0.9858296553988215,6.0,0.0018693193002799664,17.0,0.0018894824632218763,12.0,0.0018796361216441195,,,,,,,,,1.0,0.9967828263127351,0.920619835714305,,,,,,,,,,,,,,,,,,,,,,
152,other,What utensil is in the pan?,knife,http://images.cocodataset.org/train2014/COCO_train2014_000000262261.jpg,7,249,0.9947578740933354,-1.012486219406128,Kn,7,88.0,0.0022495612904233995,26.0,0.0022375084650791423,30.0,0.0022490386136010516,0.9747499899823564,0.9566466065061588,0.9699242827859327,27.0,0.0022161382783262,57.0,0.0022248510664472456,16.0,0.002220823232671998,9.0,0.002231365243282562,,,,,,,0.9977373212960793,0.9880531226867801,0.9886085007312412,0.9910760598382222,,,,,,,,,,,,,,,,,,,,,
153,other,What is the red vegetable in the clear dish?,tomato,http://images.cocodataset.org/train2014/COCO_train2014_000000262261.jpg,5,224,0.9901294055763536,-0.7407791614532471,Tom,5,88.0,0.002594220604431543,57.0,0.002559278238518945,39.0,0.002635063658866749,0.9833350189974462,0.9910744913431486,0.9624350350452756,17.0,0.002669934415692782,38.0,0.002719279420409722,,,,,,,,,,,0.9360847109776411,0.9343850206986779,,,,,,,,,,,,,,,,,,,,,,,
154,other,What tree is on the left?,evergreen,http://images.cocodataset.org/train2014/COCO_train2014_000000131190.jpg,5,146,0.9878183534431065,-1.5083767175674438,Oak,5,236.0,0.0027023564642532933,246.0,0.0026963404497238734,16.0,0.0027086992433055473,0.992354755266797,0.9936390884150172,1.0,40.0,0.00269172583362019,6.0,0.0026925671783596425,,,,,,,,,,,0.9647140222664666,0.0,,,,,,,,,,,,,,,,,,,,,,,
155,other,What is the material right around the clock?,wood,http://images.cocodataset.org/train2014/COCO_train2014_000000131190.jpg,3,179,0.998918682784341,-0.34235888719558716,Br,3,26.0,0.001939762349167861,37.0,0.0019173302039038268,178.0,0.001918243475730172,0.9392336446625552,0.9720129885603064,0.9798224165321567,,,,,,,,,,,,,,,,,,,,,,,,,,,,,,,,,,,,,,,
156,other,How tall is this building?,100 feet,http://images.cocodataset.org/train2014/COCO_train2014_000000131190.jpg,4,271,0.9968134983415143,-1.0200836658477783,T,4,16.0,0.0022601292049543604,13.0,0.0023432454882314387,15.0,0.002345668307011363,0.9886085007312413,0.9214632400757701,0.9602297178607612,62.0,0.0023349483611519155,,,,,,,,,,,,,0.9704859920934683,,,,,,,,,,,,,,,,,,,,,,,,
157,other,What materials are on the roof?,shingles,http://images.cocodataset.org/train2014/COCO_train2014_000000131190.jpg,2,336,0.9935925365379944,-1.0599371194839478,Br,2,16.0,0.0027997293251687157,15.0,0.002395018037941371,,,0.8387794678549646,0.9664572819896988,,,,,,,,,,,,,,,,,,,,,,,,,,,,,,,,,,,,,,,,
158,other,What is in gold at the top of the building?,clock,http://images.cocodataset.org/train2014/COCO_train2014_000000131190.jpg,7,204,0.9987264779640372,-0.1925998032093048,C,7,23.0,0.001938952980658613,56.0,0.002000677650761086,29.0,0.0020118771920609175,0.9744978312404311,0.9854401727515997,0.9951756793098177,57.0,0.001974473903768108,16.0,0.0019823843277472536,66.0,0.001990519150357216,26.0,0.0020202254265716843,,,,,,,0.974833840208801,0.9965119062478288,0.9775989498538551,0.9131226292013046,,,,,,,,,,,,,,,,,,,,,
159,other,What are on both side of the building?,trees,http://images.cocodataset.org/train2014/COCO_train2014_000000131190.jpg,6,232,0.993797712479211,-1.5267435312271118,Windows,6,39.0,0.002520137862958934,39.0,0.0026166075720902896,16.0,0.0024802031206503927,0.9352902106516678,0.9699661186893128,0.9248008763572907,16.0,0.0025850380253196743,31.0,0.002571768886658442,2.0,0.0021146162632143363,,,,,,,,,0.9320201587042914,0.9771521080630206,0.0,,,,,,,,,,,,,,,,,,,,,,
160,other,What is around the tree?,building,http://images.cocodataset.org/train2014/COCO_train2014_000000131190.jpg,5,250,0.993024556915796,-1.3344526290893555,F,5,23.0,0.0027631504080427517,101.0,0.0027815112599592928,16.0,0.002535683529779887,0.8840088129995087,0.9792627903970271,0.9886085007312413,14.0,0.0025893935867738276,24.0,0.0026555814541899246,,,,,,,,,,,0.9821410328348752,0.9712286306293441,,,,,,,,,,,,,,,,,,,,,,,
161,other,What is the woman doing in this photo?,petting sheep,http://images.cocodataset.org/train2014/COCO_train2014_000000131197.jpg,6,183,0.9940856311515853,-0.8789640069007874,The,6,19.0,0.0024416200827306208,57.0,0.0025250207815207507,108.0,0.002651323863818241,0.9769780367557707,0.9848505367202102,0.9556149701913809,5.0,0.0022288617172316815,35.0,0.002436917118081405,11.0,0.0026325425143692814,,,,,,,,,0.9709505944546686,0.9632884015255774,0.9940302114769565,,,,,,,,,,,,,,,,,,,,,,
162,other,What are the sheep standing on?,hay,http://images.cocodataset.org/train2014/COCO_train2014_000000131197.jpg,6,147,0.9980626871598854,-0.11455410718917847,Hay,6,37.0,0.00219013433483211,15.0,0.0021525623993494617,63.0,0.002149386925139848,0.9877485914397057,0.9189900464321514,0.961875211368866,177.0,0.0021672718769686714,20.0,0.0022087069664821993,54.0,0.002110557473630202,,,,,,,,,0.9814639412287475,0.9713107216099232,0.9708966950480445,,,,,,,,,,,,,,,,,,,,,,
163,other,What is the woman feeding the animal?,hay,http://images.cocodataset.org/train2014/COCO_train2014_000000131197.jpg,3,255,0.9990159113383057,-1.286804437637329,The,3,89.0,0.0019257993300481357,25.0,0.001922547158567644,21.0,0.0018857400649572125,0.9643191814158805,0.9745455500297384,0.9785395778702867,,,,,,,,,,,,,,,,,,,,,,,,,,,,,,,,,,,,,,,
164,other,What type of silverware is on the plates?,knife and spoon,http://images.cocodataset.org/train2014/COCO_train2014_000000000127.jpg,6,325,0.9969490348437059,-0.7245078086853027,F,6,23.0,0.001975410644305065,40.0,0.0019651631801843573,15.0,0.001973460095372456,0.9668324690003138,0.9655721489145151,0.8830374409547587,21.0,0.0019593007137391366,10.0,0.0019646927581504848,20.0,0.0019638458218767594,,,,,,,,,0.9838704118664547,0.9709505944546686,0.9794359242226801,,,,,,,,,,,,,,,,,,,,,,
165,other,What is the man holding in his left hand?,ski pole,http://images.cocodataset.org/train2014/COCO_train2014_000000262273.jpg,9,257,0.9616568139626075,-0.4320022761821747,Ski,9,22.0,0.006045572308897137,17.0,0.006641064854664718,16.0,0.0047354913032840685,0.9385170840201624,0.8726389366057715,0.9886085007312413,11.0,0.003999259133060493,36.0,0.004658637812243128,15.0,0.005339151024851805,12.0,0.0044036935005888934,15.0,0.004330199075237726,16.0,0.005678177108595989,,,0.9922150607220183,0.9803813185510974,0.9654013672997089,0.9808340377961404,0.9949490477321437,0.9755307720176266,,,,,,,,,,,,,,,,,,,
166,other,What is the color of the zipper?,black,http://images.cocodataset.org/train2014/COCO_train2014_000000262273.jpg,5,332,0.9974161806446331,-0.8884302973747253,Black,5,17.0,0.00253326681027011,20.0,0.002377865066076927,29.0,0.0023378926052473148,0.8726389366057715,0.9630603734213403,0.9671441365986523,21.0,0.0025703215778160125,15.0,0.0023625141818107206,,,,,,,,,,,0.9748830897462037,0.9500685975366211,,,,,,,,,,,,,,,,,,,,,,,
167,other,Are the boots a solid color or patterned?,patterned,http://images.cocodataset.org/train2014/COCO_train2014_000000262273.jpg,8,252,0.9968460095165762,-0.5983223915100098,Pattern,8,59.0,0.0020657370242290816,24.0,0.0020401764549263777,23.0,0.002028140182338545,0.976109259109878,0.8967365426838971,0.9581834297016358,41.0,0.002036550652854775,16.0,0.0020508904698566203,19.0,0.0020664126925422324,28.0,0.002053755146763025,21.0,0.002044917109006183,,,,,0.9708292219467962,0.949701216438411,0.9826301639446198,0.9825098436366377,0.978033486181519,,,,,,,,,,,,,,,,,,,,
168,other,What are the people doing in the street?,walking,http://images.cocodataset.org/train2014/COCO_train2014_000000524420.jpg,3,307,0.9975773448734854,-1.3972218036651611,The,3,49.0,0.0021019305233889096,18.0,0.002151484217583912,23.0,0.0020965893319908188,0.9386103490937601,0.9915323997298832,0.9423383283068836,,,,,,,,,,,,,,,,,,,,,,,,,,,,,,,,,,,,,,,
169,other,What is floating near the bird?,ice,http://images.cocodataset.org/train2014/COCO_train2014_000000436929.jpg,3,293,0.9966732631769719,-1.9758356809616089,Log,3,15.0,0.0024379850916504174,28.0,0.002550471669794445,22.0,0.0026272336678123164,0.8983958159908183,0.9422569109115262,0.8883377364609271,,,,,,,,,,,,,,,,,,,,,,,,,,,,,,,,,,,,,,,
170,other,What brand of soda is advertised?,pepsi,http://images.cocodataset.org/train2014/COCO_train2014_000000284012.jpg,6,169,0.9848274473031131,-0.6074304580688477,Pe,6,128.0,0.003738412697559334,6.0,0.002722956531318564,24.0,0.002881658301260241,0.9672552804804971,0.9182958340544896,0.9586048612313037,16.0,0.0032662070384362933,35.0,0.00374956339093165,20.0,0.004121045970374236,,,,,,,,,0.9681390622295665,0.9224178202858734,0.9976834773764092,,,,,,,,,,,,,,,,,,,,,,
171,other,What Mexican food restaurant chain is advertised?,del taco,http://images.cocodataset.org/train2014/COCO_train2014_000000284012.jpg,4,325,0.9991619844435204,-1.1749376058578491,T,4,19.0,0.001882440053206409,36.0,0.0018704771077645728,15.0,0.0018393642037536804,0.9980008838722996,0.9670254421884793,0.9609640474436811,18.0,0.0018360799431150186,,,,,,,,,,,,,0.9532156861075461,,,,,,,,,,,,,,,,,,,,,,,,
172,other,How is the turnout?,good,http://images.cocodataset.org/train2014/COCO_train2014_000000284012.jpg,9,266,0.9967595267962752,-1.5307989120483398,Good,9,31.0,0.002184869509697893,15.0,0.0021329293525461164,17.0,0.0021348843263005166,0.9697953633097949,1.0,0.9519839065438831,9.0,0.0021248186778460207,17.0,0.002144668061872125,24.0,0.0021359006574635186,19.0,0.002182651155677988,13.0,0.0021155568020787977,17.0,0.002152555023267396,,,0.9910760598382222,0.9183001704342753,0.9434264036172708,0.8614856395892376,0.99473723787795,0.8919296718389884,,,,,,,,,,,,,,,,,,,
173,other,What is the large sculpture next to the oversized cola bottle?,building,http://images.cocodataset.org/train2014/COCO_train2014_000000284012.jpg,9,140,0.9628636573785176,-0.6524620056152344,Pe,9,104.0,0.004940674268863516,78.0,0.004194283507790232,19.0,0.004544764465348454,0.968955007304108,0.9780763653722093,0.9495113755878273,15.0,0.004707730200219118,52.0,0.0051887254124092785,31.0,0.0066361444040019405,30.0,0.005083099119236454,15.0,0.004583247539685398,13.0,0.005061936093981196,,,0.9018972358711528,0.9541269245481125,0.9443107604031358,0.9438363790511611,0.9500685975366211,0.8420887815606471,,,,,,,,,,,,,,,,,,,
174,other,What time is it?,1:50,http://images.cocodataset.org/train2014/COCO_train2014_000000000138.jpg,12,179,0.9982440692922644,-0.3568408489227295,,12,19.0,0.002063300783254562,19.0,0.0020335736919892765,18.0,0.0020204523956599643,0.912408493108431,0.9892422967543257,0.9955380299191112,85.0,0.002049020604406382,14.0,0.002099130020427636,19.0,0.0020672065554748786,14.0,0.0020137628777730523,17.0,0.002000434156879946,4.0,0.002013987842558162,15.0,0.0020022412788649195,0.9811231895497774,0.9852281360342515,0.9119149038015315,0.9211854965885544,0.9963890537299693,0.0,0.982798115178801,15.0,0.0020022821758535715,16.0,0.0020126127792516055,0.9664572819896989,0.9618974703476992,,,,,,,,,,,,
175,other,What continent might this be?,africa,http://images.cocodataset.org/train2014/COCO_train2014_000000262285.jpg,6,292,0.9969817057246665,-0.07420910149812698,Africa,6,21.0,0.002170532089557861,37.0,0.0021321989718574392,27.0,0.0021327183715424847,0.9693542486434171,0.9730153706672712,0.9631302851256373,20.0,0.0021514233330992487,15.0,0.002234681912217732,36.0,0.0021651481139134615,,,,,,,,,0.9244211090762223,0.8443536850036224,0.9523719918804,,,,,,,,,,,,,,,,,,,,,,
176,other,What type of fruit is on the plate?,banana,http://images.cocodataset.org/train2014/COCO_train2014_000000000142.jpg,12,229,0.9956058883989769,-0.009922576136887074,Ban,12,17.0,0.002402156982053543,16.0,0.002268690812115707,41.0,0.0024294817010637607,0.9360847109776411,0.9414280318460244,0.9842815168840571,27.0,0.0023619644567125417,43.0,0.00243197125929433,17.0,0.0024122855741393976,18.0,0.0023675213990091174,23.0,0.0023435465860853467,22.0,0.002331258982795772,16.0,0.00232340605457443,0.9011953799817248,0.9915124623860873,0.8846148739279867,0.9915323997298832,0.992638795254511,0.9904129681145393,0.9965119062478288,30.0,0.0022726918601478382,20.0,0.0023024283574425647,0.9827537340124273,0.9927376486136672,,,,,,,,,,,,
177,other,What is in the blue chair?,teddy bears,http://images.cocodataset.org/train2014/COCO_train2014_000000131215.jpg,5,228,0.9981112724043517,-1.038891077041626,D,5,16.0,0.002159230743092654,20.0,0.0020930445930808254,18.0,0.0020230614872634497,0.8387794678549646,0.9927376486136672,0.9823887817956214,44.0,0.0020236905135485057,30.0,0.002026658739831977,,,,,,,,,,,0.9825377795843363,0.9966326984880959,,,,,,,,,,,,,,,,,,,,,,,
178,other,What type of footwear is the person wearing?,socks,http://images.cocodataset.org/train2014/COCO_train2014_000000131215.jpg,8,222,0.9987081339274912,-0.664183497428894,So,8,15.0,0.001983028692882542,35.0,0.0020014766707762,48.0,0.0020074334852081877,0.9877812438119247,0.9627387098730076,0.9592351606426481,110.0,0.002000152116648774,21.0,0.001985075932250952,22.0,0.0019804408899354083,26.0,0.001991537721642476,15.0,0.0019782158916431215,,,,,0.9776313746510298,0.9751060324573733,0.9513590473032969,0.9507796043250699,0.9877812438119246,,,,,,,,,,,,,,,,,,,,
179,other,What are the animals doing?,eating,http://images.cocodataset.org/train2014/COCO_train2014_000000000144.jpg,5,288,0.9823462157845418,-0.887445867061615,The,5,60.0,0.0031539066243218158,15.0,0.002844445408769684,25.0,0.00283046342759623,0.9655684846284515,0.9543063494363562,0.9664861639676334,16.0,0.002816870904341753,33.0,0.002921176613400897,,,,,,,,,,,0.9886085007312413,0.9742322576548026,,,,,,,,,,,,,,,,,,,,,,,
180,other,What type of animal is in the picture?,giraffe,http://images.cocodataset.org/train2014/COCO_train2014_000000000144.jpg,6,290,0.9766054894806833,-0.028042029589414597,G,6,22.0,0.004700915347190881,48.0,0.004184295206456034,31.0,0.004941509077755569,0.9700357646545448,0.9637848885536281,0.891735014787239,15.0,0.003922735182523713,19.0,0.004693435152386911,16.0,0.006229383833379108,,,,,,,,,0.9161314485121343,0.9237100600260872,0.9886994082884974,,,,,,,,,,,,,,,,,,,,,,
181,other,What does the front of the bus say at the top?,special,http://images.cocodataset.org/train2014/COCO_train2014_000000131225.jpg,8,211,0.8979188374855336,-0.20864254236221313,Special,8,105.0,0.007043592789856901,41.0,0.006850722015548883,24.0,0.007487836196537998,0.9798696155996897,0.9687490953278335,0.9608948553419607,45.0,0.008518328784275898,16.0,0.007868659952784445,40.0,0.008321312840439021,19.0,0.00610608751193503,15.0,0.00859075978445325,,,,,0.95288194502431,0.8950145145731531,0.9784260207053045,0.9656476401164373,0.9967916319816366,,,,,,,,,,,,,,,,,,,,
182,other,What direction are the animals heading?,right,http://images.cocodataset.org/train2014/COCO_train2014_000000000154.jpg,6,235,0.9914536635413924,-1.0751545429229736,Right,6,16.0,0.0025194882530267856,40.0,0.0028174458627274993,48.0,0.0027107334964318213,0.9618974703476992,0.9467999905554537,0.9448862404857431,17.0,0.0026273193036366344,15.0,0.0025476367950668212,27.0,0.0025364488220227356,,,,,,,,,0.9363348190250749,0.9161314485121343,0.952539616611531,,,,,,,,,,,,,,,,,,,,,,
183,other,Is the zebra walking or standing still?,walking,http://images.cocodataset.org/train2014/COCO_train2014_000000000154.jpg,11,121,0.990713821793618,-0.11582405120134354,Walk,11,49.0,0.003057473956692502,28.0,0.0026358880484319788,30.0,0.003368361115409894,0.9886983356236241,0.966272762783436,0.9563476662054254,25.0,0.0036407692096450954,36.0,0.00393512566973029,18.0,0.0036103183069291283,10.0,0.003077202945090714,19.0,0.0031637277427583703,20.0,0.004188042398156433,16.0,0.0031527240523390376,0.9196917598922532,0.948996732837805,0.9591479170272448,0.9602297178607612,0.9621305296911873,0.8550976671496154,0.9886085007312413,17.0,0.004695404920601117,,,0.9127332405984697,,,,,,,,,,,,,
184,other,Number of animals?,3,http://images.cocodataset.org/train2014/COCO_train2014_000000000154.jpg,9,258,0.9981074489128482,-0.01740712672472,,9,19.0,0.002068618959614397,20.0,0.0020363647262787708,37.0,0.002081261291685926,0.9826301639446198,0.9927376486136672,0.9627275427256138,21.0,0.00209205569165448,20.0,0.0020540122570455784,26.0,0.0020751593364638572,16.0,0.0020159817296219683,39.0,0.0020268618723735267,26.0,0.0020417479972669964,,,0.9424257960378288,0.9630603734213403,0.9098410046750501,0.9886085007312412,0.9891216389939268,0.9934151417289491,,,,,,,,,,,,,,,,,,,
185,other,What is on the plate?,cupcake,http://images.cocodataset.org/train2014/COCO_train2014_000000393375.jpg,5,157,0.9754370534932589,-0.31296706199645996,Cup,5,163.0,0.005282494682787443,22.0,0.006195168488548481,17.0,0.00719441257424616,0.9715904961246007,0.9338169454856061,0.8409160494198367,16.0,0.004412819413552058,6.0,0.0032830722704821277,,,,,,,,,,,0.9414280318460244,0.9182958340544896,,,,,,,,,,,,,,,,,,,,,,,
186,other,What are the pink pieces of paper called?,post-its,http://images.cocodataset.org/train2014/COCO_train2014_000000393375.jpg,3,250,0.998926761334362,-0.43985307216644287,Post,3,66.0,0.002192925430602304,17.0,0.0021919687259133527,15.0,0.002162823768278149,0.9545556680382593,0.9038817882085971,0.9877812438119246,,,,,,,,,,,,,,,,,,,,,,,,,,,,,,,,,,,,,,,
187,other,What is the green stuff?,broccoli,http://images.cocodataset.org/train2014/COCO_train2014_000000393379.jpg,10,270,0.9956814712650075,-0.027145493775606155,Bro,10,16.0,0.002388001316955233,30.0,0.002506498240546409,34.0,0.0024488876537474983,0.9056390622295665,0.9645574599350535,0.9886884345757851,17.0,0.0026249347346347074,35.0,0.0025402773058598588,15.0,0.0026580731829617997,16.0,0.002738709983180683,32.0,0.002781823252675286,16.0,0.0025369475486771136,15.0,0.002686189861357201,0.8726389366057714,0.9460504704208935,0.9967916319816366,1.0,0.9812872576034493,0.9463946303571862,0.9967916319816366,,,,,,,,,,,,,,,,,,
188,other,Is this a finger food or dish?,dish,http://images.cocodataset.org/train2014/COCO_train2014_000000393379.jpg,8,272,0.9913123417552188,-0.14441384375095367,D,8,17.0,0.0022338103581829066,39.0,0.0022659731213056844,18.0,0.0022477262862551973,0.9770358764490155,0.9465053443704651,0.8288713632524444,17.0,0.002249472518250941,23.0,0.002216345364686123,15.0,0.0022433683912960966,27.0,0.0022070579627062863,21.0,0.0022193085181785996,,,,,0.9360847109776411,0.9459180977787195,0.8830374409547587,0.9707537064911389,0.9327998628205117,,,,,,,,,,,,,,,,,,,,
189,other,What ICING IS USED ON THIS CAKE?,vanilla,http://images.cocodataset.org/train2014/COCO_train2014_000000262308.jpg,7,295,0.9986707654551973,-1.4554846286773682,Van,7,30.0,0.002057369269732902,20.0,0.002082301007234658,20.0,0.0020444355285325843,0.9661783347580306,0.9232196723355077,0.9763620978123273,23.0,0.00208448442349725,17.0,0.0020749893043773104,26.0,0.0020816775879890894,18.0,0.0020963459744160035,,,,,,,0.9570850556153866,0.9603948809345497,0.9369317532082471,0.8424887242433627,,,,,,,,,,,,,,,,,,,,,
190,other,What is the figure on the cupcake?,soldier,http://images.cocodataset.org/train2014/COCO_train2014_000000262308.jpg,10,240,0.9854744049711486,-0.9037292003631592,Sold,10,15.0,0.002973747997209557,23.0,0.0029004197225183416,12.0,0.0028044945770461824,0.9018972358711528,0.9603532512498222,1.0,29.0,0.002865788415264804,59.0,0.002937502805216776,15.0,0.0029290120003289777,58.0,0.003113493977422558,48.0,0.0029700012833510105,34.0,0.002957584697632378,9.0,0.002994903939741354,0.9943818288602024,0.9772241286506881,0.9654013672997089,0.9688251422383147,0.9573695962582094,0.9598263543421176,0.7642045065086203,,,,,,,,,,,,,,,,,,
191,other,What flavor is the cupcake?,vanilla,http://images.cocodataset.org/train2014/COCO_train2014_000000262308.jpg,7,158,0.994966282646081,-0.6003377437591553,Ch,7,20.0,0.0021380455302288334,118.0,0.0021374193263070185,9.0,0.0021522840747375048,0.9921503172858166,0.9924726703869584,0.9910760598382222,20.0,0.002136742052112945,46.0,0.0021344848074725774,26.0,0.0021736253890114843,20.0,0.0022158584280003754,,,,,,,1.0,0.985396524343366,0.9737515929092135,0.9372305632161296,,,,,,,,,,,,,,,,,,,,,
192,other,What is the woman doing?,cutting tie,http://images.cocodataset.org/train2014/COCO_train2014_000000000165.jpg,8,294,0.9826370875837801,-0.7419081330299377,The,8,17.0,0.0032994723647929887,15.0,0.003116588843478913,24.0,0.002819998066872165,0.926262155095312,0.9500685975366211,0.9650179589838322,15.0,0.003147599495607222,15.0,0.0029922022255405548,10.0,0.0033605720235765557,14.0,0.0028631409209461103,18.0,0.0032682176789392376,,,,,0.9500685975366211,0.8983958159908183,0.7219280948873623,0.9315602842833155,0.9758159039662214,,,,,,,,,,,,,,,,,,,,
193,other,What room is this?,living room,http://images.cocodataset.org/train2014/COCO_train2014_000000415089.jpg,9,176,0.9988380434385555,-0.27810415625572205,Living,9,41.0,0.0019455250473201348,10.0,0.0019025841269163703,92.0,0.0019168109743901507,0.9623308935749975,0.9372305632161296,0.9839898635480363,17.0,0.001976308891549316,33.0,0.0019308112406599867,19.0,0.001915933297102859,15.0,0.0019170028265955896,44.0,0.0019235642957760805,15.0,0.0019211601072534022,,,0.9774178175281716,0.9896023465916195,0.9796494552648446,0.9877812438119247,0.968474040816945,0.9877812438119247,,,,,,,,,,,,,,,,,,,
194,other,What is the boy doing?,herding,http://images.cocodataset.org/train2014/COCO_train2014_000000131245.jpg,3,277,0.9830148366853921,-0.5420791506767273,The,3,25.0,0.004089271713531321,22.0,0.0031736135263933014,20.0,0.0035004028320346193,0.9551541663346148,0.9737865837049762,0.9927376486136672,,,,,,,,,,,,,,,,,,,,,,,,,,,,,,,,,,,,,,,
195,other,What animal is on the walls?,fish,http://images.cocodataset.org/train2014/COCO_train2014_000000393394.jpg,1,308,0.9875869173375194,-0.6983914971351624,Fish,1,16.0,0.0038353283585490965,,,,,0.9886085007312413,,,,,,,,,,,,,,,,,,,,,,,,,,,,,,,,,,,,,,,,,
196,other,Sunny or overcast?,overcast,http://images.cocodataset.org/train2014/COCO_train2014_000000393396.jpg,7,223,0.9946434587074208,-0.19004079699516296,Over,7,152.0,0.0019709212893522315,29.0,0.0019665214894922056,17.0,0.0019607905466485064,0.9845226897722149,0.9895191160649145,0.9963890537299693,16.0,0.0019699551552747638,15.0,0.0019857319702642575,24.0,0.0019673714377122496,33.0,0.001965949995675151,,,,,,,0.985056822321508,0.9709505944546686,0.9434264036172708,0.9873554549725151,,,,,,,,,,,,,,,,,,,,,
197,other,What is the color of the roof shingles?,gray,http://images.cocodataset.org/train2014/COCO_train2014_000000393396.jpg,6,247,0.9927779511208966,-0.7176325917243958,Brown,6,21.0,0.0032239610709744117,15.0,0.002845748337620218,17.0,0.002686869406902648,0.8881659264001538,0.8616157143988104,0.92026989330702,28.0,0.0030281038759753195,27.0,0.003159534839790211,5.0,0.002351607362408894,,,,,,,,,0.8959263168341589,0.8655157307142527,0.9709505944546686,,,,,,,,,,,,,,,,,,,,,,
198,other,What symbol sits atop the tower?,cross,http://images.cocodataset.org/train2014/COCO_train2014_000000393396.jpg,7,265,0.991122427349619,-0.15923042595386505,Cross,7,16.0,0.0028041762823393618,17.0,0.0027098249005205193,10.0,0.002694738913579786,0.9886085007312412,0.9503435562077922,0.9372305632161296,15.0,0.0033104469450558386,17.0,0.002785710189399295,15.0,0.0030323830291252786,18.0,0.00405495541009485,,,,,,,0.8830374409547587,0.9554035229062984,0.9877812438119247,0.9910760598382222,,,,,,,,,,,,,,,,,,,,,
199,other,What is the grate for?,toaster oven,http://images.cocodataset.org/train2014/COCO_train2014_000000524471.jpg,8,250,0.998518590667956,-1.7872402667999268,Cook,8,21.0,0.001956935633983588,32.0,0.0019619867059222427,25.0,0.0019520739652662657,0.997618320255157,0.974577991850166,0.9949956408022635,47.0,0.001981130799666248,43.0,0.0019643776194727238,45.0,0.0019724675339596776,16.0,0.0019523431406483216,17.0,0.0019975083346551632,,,,,0.976120013209433,0.9522901334713502,0.9538649659264243,0.9414280318460245,0.9975025463691152,,,,,,,,,,,,,,,,,,,,
200,other,What time is it?,11:55,http://images.cocodataset.org/train2014/COCO_train2014_000000262329.jpg,5,302,0.999228124692615,-0.22700060904026031,,5,62.0,0.0019093938898670324,52.0,0.0019231258924064486,15.0,0.0018968319365313998,0.9452504704612193,0.9499940565989999,0.9877812438119247,19.0,0.0018920458658400864,15.0,0.001902944589985846,,,,,,,,,,,0.9892422967543257,0.9500685975366211,,,,,,,,,,,,,,,,,,,,,,,
201,other,What is the brown object with a clock on it?,birdhouse,http://images.cocodataset.org/train2014/COCO_train2014_000000262329.jpg,5,278,0.998283785729427,-0.9665508270263672,C,5,15.0,0.0021073255999805853,15.0,0.002192514315740067,15.0,0.0020918229672073586,0.9446232142545791,0.9500685975366211,0.982798115178801,15.0,0.002181778163239238,44.0,0.002133608825949773,,,,,,,,,,,0.9654013672997089,0.9842331858061686,,,,,,,,,,,,,,,,,,,,,,,
202,other,What number bus is this?,892,http://images.cocodataset.org/train2014/COCO_train2014_000000393403.jpg,1,221,0.9985064076531388,-0.25784432888031006,,1,20.0,0.0023959755402286126,,,,,0.8550976671496154,,,,,,,,,,,,,,,,,,,,,,,,,,,,,,,,,,,,,,,,,
203,other,What is the woman holding?,hair dryer,http://images.cocodataset.org/train2014/COCO_train2014_000000524476.jpg,7,232,0.9969071828951012,-0.9495357275009155,H,7,24.0,0.0021067384850640574,25.0,0.0021528296100983024,16.0,0.0020629110185897232,0.901046831986522,0.9787029057127591,0.9681390622295665,16.0,0.0020577459831637047,16.0,0.002068152638468278,38.0,0.0020429422462605283,17.0,0.0020614782086676247,,,,,,,0.9618974703476992,0.9414280318460244,0.9761845580712755,0.9771236998460402,,,,,,,,,,,,,,,,,,,,,
204,other,What shape is at the bottom of the pole?,rectangle,http://images.cocodataset.org/train2014/COCO_train2014_000000257513.jpg,9,245,0.9981801059764346,-1.22868812084198,Round,9,17.0,0.0019153400620775631,27.0,0.001923602844894545,23.0,0.0019233694074301856,0.9429842044464151,0.9743163353697013,0.9909775756786534,12.0,0.0019279943492932683,16.0,0.0019251573693954602,11.0,0.0019136435209821648,25.0,0.0019284487891916688,15.0,0.001946804288510019,39.0,0.0019245214000546689,,,0.8734790278701756,0.9056390622295665,0.9431887805255736,0.9787071762354436,0.7835807040488099,0.9886847197168968,,,,,,,,,,,,,,,,,,,
205,other,What type of bed is in the picture?,bunk bed,http://images.cocodataset.org/train2014/COCO_train2014_000000257513.jpg,10,168,0.9892459350520872,-0.1622338891029358,B,10,23.0,0.0026508965451620863,29.0,0.0027045879532126013,59.0,0.002633942258583335,0.9765762937075553,0.9569332669259728,0.9488570494319292,87.0,0.0027326213874220326,72.0,0.0026502018877383377,26.0,0.0026579533865850593,5.0,0.0023714922136374864,54.0,0.0027900811760560463,19.0,0.00273856096505883,20.0,0.0027868128165396367,0.9667290664022797,0.9610435193328625,0.9281183057049376,0.9709505944546686,0.9562425158728054,0.9223172148184832,0.9089460785096519,,,,,,,,,,,,,,,,,,
206,other,What is he cooking?,hot dogs,http://images.cocodataset.org/train2014/COCO_train2014_000000524486.jpg,5,230,0.9895434743620161,-0.2838592827320099,Hot,5,26.0,0.0028949318727216522,18.0,0.0028927310689944256,23.0,0.0027536951889325203,0.8767754053876623,0.9656336071428252,0.9359550701662825,43.0,0.002926520665584538,15.0,0.00256315034715557,,,,,,,,,,,0.9684445034012943,0.9664572819896989,,,,,,,,,,,,,,,,,,,,,,,
207,other,Is this a new or ancient clock?,ancient,http://images.cocodataset.org/train2014/COCO_train2014_000000458785.jpg,3,228,0.9382754101539746,-0.03958065062761307,An,3,30.0,0.005318344711901432,39.0,0.006352451523941363,133.0,0.007096268253497858,0.966309854563645,0.9718658303252776,0.9781997223277383,,,,,,,,,,,,,,,,,,,,,,,,,,,,,,,,,,,,,,,
208,other,What time does the clock read?,12:55,http://images.cocodataset.org/train2014/COCO_train2014_000000458785.jpg,8,306,0.9987687873091403,-0.37894806265830994,,8,23.0,0.0019232650195467142,8.0,0.0019289946947456257,20.0,0.0019531815538488323,0.9909775756786534,0.8112781244591328,0.9602297178607612,29.0,0.0019285422647781197,30.0,0.0019432176948310303,43.0,0.0019485806365493997,20.0,0.0019293824827981913,21.0,0.0019342024287383702,,,,,0.9785463292474802,0.9692538648549296,0.956307057777204,0.9763620978123273,0.9673577477123132,,,,,,,,,,,,,,,,,,,,
209,other,What mountain was this taken at?,lookout,http://images.cocodataset.org/train2014/COCO_train2014_000000000201.jpg,8,277,0.9946197708287958,-1.3161773681640625,M,8,23.0,0.002160059893701692,24.0,0.002126139876955087,24.0,0.002155590484102407,0.9527439088345311,0.9803465725883601,0.9764415047936531,27.0,0.002186290164869403,30.0,0.00218789725169014,17.0,0.002184862963003735,18.0,0.0022990971334849912,19.0,0.0021479662584995454,,,,,0.9700484006760405,0.9546166331603012,0.9967828263127351,0.9910760598382222,0.9892422967543257,,,,,,,,,,,,,,,,,,,,
210,other,What is the black thing he is wearing?,apron,http://images.cocodataset.org/train2014/COCO_train2014_000000393418.jpg,7,165,0.9963784884710659,-0.12066289782524109,A,7,27.0,0.002182435379682764,154.0,0.0021289936889102184,22.0,0.0021467341665839857,0.954685946946356,0.9819258855410931,0.97283015230032,8.0,0.0021143815628074216,15.0,0.002132058945563818,45.0,0.0021212508355938813,18.0,0.0021017571608734995,,,,,,,0.954434002924965,0.9877812438119247,0.9657750722895903,0.9853962684364186,,,,,,,,,,,,,,,,,,,,,
211,other,What is the man doing in the picture?,cooking,http://images.cocodataset.org/train2014/COCO_train2014_000000393418.jpg,4,343,0.9847416467084485,-0.6984109282493591,The,4,16.0,0.003198275126951711,20.0,0.0032186886162546237,19.0,0.003060946637457325,0.949701216438411,0.9074899102582407,0.9656476401164372,16.0,0.002906036557005637,,,,,,,,,,,,,0.9681390622295665,,,,,,,,,,,,,,,,,,,,,,,,
212,other,What is the cartoon man presenting to the cartoon woman?,ring,http://images.cocodataset.org/train2014/COCO_train2014_000000393419.jpg,10,181,0.9993264580233329,-1.483894944190979,A,10,15.0,0.0018439668404327764,25.0,0.001841041043862075,32.0,0.0018433270075037032,0.8830374409547587,0.9470920204059348,0.9531265502151047,36.0,0.0018397265632575887,98.0,0.0018450765147399184,18.0,0.0018432982331212308,24.0,0.0018315313469694193,19.0,0.0018380324390504484,16.0,0.0018349355459149458,29.0,0.0018372271697913412,0.9798044271345703,0.9731896709021393,0.9915323997298832,0.9820156765792629,0.9656476401164372,0.9618974703476992,0.9824214478970339,,,,,,,,,,,,,,,,,,
213,other,What does the sign with the white arrow say?,one way,http://images.cocodataset.org/train2014/COCO_train2014_000000393419.jpg,2,264,0.9828754288919759,-0.8613737225532532,One,2,30.0,0.0032113916839608264,21.0,0.004937697640945737,,,0.9950809190559388,0.8667775371761242,,,,,,,,,,,,,,,,,,,,,,,,,,,,,,,,,,,,,,,,
214,other,"What is above the ""No Left Turn"" sign?",one way,http://images.cocodataset.org/train2014/COCO_train2014_000000393419.jpg,4,62,0.9977494999863827,-1.4161932468414307,Billboard,4,375.0,0.0018310922956648493,13.0,0.0018271975333493703,24.0,0.0018248804973033817,0.9813752414398744,0.99473723787795,0.9820156765792629,15.0,0.0018265247294902871,,,,,,,,,,,,,0.9543063494363562,,,,,,,,,,,,,,,,,,,,,,,,
215,other,What is the sign says?,stop,http://images.cocodataset.org/train2014/COCO_train2014_000000393422.jpg,1,132,0.9287498269261594,-1.0024460554122925,Stop,1,309.0,0.007499454644165367,,,,,0.9823333629348778,,,,,,,,,,,,,,,,,,,,,,,,,,,,,,,,,,,,,,,,,
216,other,What gender are both of the children likely to be?,female,http://images.cocodataset.org/train2014/COCO_train2014_000000131279.jpg,8,215,0.9931978714892771,-0.48584336042404175,Fem,8,16.0,0.002427663519078253,16.0,0.00242483605902041,15.0,0.0024444555835126123,0.985056822321508,0.9965119062478288,0.9500685975366211,18.0,0.002331874177427042,27.0,0.0025900700698244816,34.0,0.0023425689857485936,38.0,0.0024929705247131407,28.0,0.002431506010029815,,,,,0.9736669121131954,0.9096959554117088,0.9925428422535386,0.9455979857754707,0.9496080672282597,,,,,,,,,,,,,,,,,,,,
217,other,What is the one girl doing to the other girl's hair?,brushing,http://images.cocodataset.org/train2014/COCO_train2014_000000131279.jpg,10,154,0.9625208870382658,-0.5665501356124878,The,10,16.0,0.005093274955716671,15.0,0.003790547973841006,55.0,0.004193009223164059,0.7743974703476992,0.9613833012053531,0.9813081494377555,21.0,0.00407665008118057,43.0,0.00466777020544111,15.0,0.0035511729449833026,61.0,0.004094203997340475,16.0,0.004196268087430629,21.0,0.004415725790512347,3.0,0.0037102367325905334,0.9409256218900506,0.9812737679688848,1.0,0.9739180823931083,0.9528195311147832,0.9244658211275739,0.0,,,,,,,,,,,,,,,,,,
218,other,Something new to wear with a men's shirt?,tie,http://images.cocodataset.org/train2014/COCO_train2014_000000448671.jpg,6,190,0.9966273175265791,-0.4585719108581543,Yes,6,75.0,0.0021217858268280224,114.0,0.0021303977635100625,37.0,0.0021892730912426994,0.9819693931069416,0.9663677942226129,0.9650859071079684,30.0,0.002160991031495117,8.0,0.002101307700152486,16.0,0.002139842036184495,,,,,,,,,0.9730533294331416,0.954434002924965,0.9755307720176265,,,,,,,,,,,,,,,,,,,,,,
219,other,How much did they pay for the hot dogs?,1,http://images.cocodataset.org/train2014/COCO_train2014_000000393428.jpg,3,315,0.9973156997352745,-1.50449800491333,$,3,15.0,0.002284490207814522,32.0,0.002238919949585628,30.0,0.002111881136340444,0.7835807040488099,0.9513802312078818,0.9655605925610459,,,,,,,,,,,,,,,,,,,,,,,,,,,,,,,,,,,,,,,
220,other,What is in the man's hand?,tennis racket,http://images.cocodataset.org/train2014/COCO_train2014_000000554301.jpg,11,161,0.9975773378278315,-0.289237916469574,Tennis,11,98.0,0.002165032389452385,17.0,0.0022744275364336404,26.0,0.0023082183442884314,0.9673840808313484,0.8846148739279867,0.9098410046750501,32.0,0.0022098682571324393,24.0,0.0021660255424000136,26.0,0.0022064394742121137,10.0,0.002272697118733651,29.0,0.002107513933627427,15.0,0.0020449527101010635,9.0,0.0020316287528234812,0.9289734562539852,0.9712286306293441,0.9020756323913421,0.7219280948873623,0.964227164992731,0.944623214254579,0.9057125980138372,14.0,0.0021994339370319414,,,0.8699155297736259,,,,,,,,,,,,,
221,other,What silverware is on the table?,knife and fork,http://images.cocodataset.org/train2014/COCO_train2014_000000262359.jpg,5,226,0.9973902845368763,-0.5906121730804443,F,5,56.0,0.0019798682162000076,77.0,0.001970551565341101,86.0,0.0019807080287003913,0.957358003884601,0.9715140462868707,0.9670450794121223,29.0,0.0019746318624647547,15.0,0.001956225628153724,,,,,,,,,,,0.9365895140018886,0.982798115178801,,,,,,,,,,,,,,,,,,,,,,,
222,other,What type of animal is it?,cat,http://images.cocodataset.org/train2014/COCO_train2014_000000393432.jpg,6,193,0.9881619540278201,-0.015283738262951374,Cat,6,15.0,0.002979929623568435,77.0,0.002901149494989798,16.0,0.0032599669899359453,0.9500685975366211,0.9840565544416118,0.8387794678549646,16.0,0.002832681211740546,108.0,0.002861086160987364,7.0,0.0027957789697487805,,,,,,,,,0.9886085007312413,0.9887072638626011,0.863120568566631,,,,,,,,,,,,,,,,,,,,,,
223,other,What is the man standing on?,sand,http://images.cocodataset.org/train2014/COCO_train2014_000000474858.jpg,2,280,0.9962716687620703,-0.17968511581420898,Sand,2,47.0,0.0023124034384654673,17.0,0.0023073203880395105,,,0.9752887272820868,0.9127332405984697,,,,,,,,,,,,,,,,,,,,,,,,,,,,,,,,,,,,,,,,
224,other,What are these men standing in front of?,ocean,http://images.cocodataset.org/train2014/COCO_train2014_000000474858.jpg,6,229,0.9993375555610511,-0.8914170861244202,Sur,6,24.0,0.0018969336235035376,32.0,0.0018588111921812043,29.0,0.0018543785767022587,0.8687723652753049,0.9766788441924219,0.9684167629380332,26.0,0.0018573545050445117,20.0,0.0018608514781494653,49.0,0.001852867006786847,,,,,,,,,0.9786315268756205,0.9455339504580242,0.9714305689574689,,,,,,,,,,,,,,,,,,,,,,
225,other,What is the temperature outside?,cold,http://images.cocodataset.org/train2014/COCO_train2014_000000474858.jpg,7,232,0.9931069838063301,-0.9625611305236816,Cold,7,27.0,0.0028131733822649527,127.0,0.002793180047227355,76.0,0.0027132165091263453,0.9576605936669484,0.9737944185291786,0.9693275176444599,52.0,0.00250754427058829,20.0,0.0028636359224023266,24.0,0.002770381603907675,17.0,0.002721150334191059,,,,,,,0.9760768611052844,0.9197173235750931,0.9239274071999327,0.8846148739279867,,,,,,,,,,,,,,,,,,,,,
226,other,What is lying on the ground?,surfboard,http://images.cocodataset.org/train2014/COCO_train2014_000000474858.jpg,5,230,0.9992319379738065,-0.3811224102973938,Sur,5,57.0,0.001872127467780095,79.0,0.0018743943314424299,26.0,0.0018776930545785118,0.9457553667257289,0.9618478271730289,0.9281183057049376,25.0,0.001864067022179337,31.0,0.0018449659174038173,,,,,,,,,,,0.9668212623277388,0.981611400690409,,,,,,,,,,,,,,,,,,,,,,,
227,other,What is flying in the air?,kites,http://images.cocodataset.org/train2014/COCO_train2014_000000474858.jpg,9,287,0.9956751332484269,-0.14447644352912903,K,9,15.0,0.002208004572925368,30.0,0.002198281255247284,31.0,0.0022025984950660793,0.9500685975366211,0.9507322988074646,0.9597167202661309,12.0,0.0021537218412193775,43.0,0.002200058557385937,25.0,0.0022534756529953475,48.0,0.0022523883057165863,32.0,0.0021994537838535173,15.0,0.002209722844224415,,,0.9439592513355664,0.9762870627898758,0.9787029057127591,0.9630435742884124,0.97238770469883,0.9877812438119247,,,,,,,,,,,,,,,,,,,
228,other,What brand of shoes is the skateboarder wearing?,none,http://images.cocodataset.org/train2014/COCO_train2014_000000474858.jpg,4,221,0.9986737886280249,-1.0143624544143677,N,4,89.0,0.0019849212891278663,32.0,0.001993225006607731,17.0,0.0019489254359758225,0.9707861198878903,0.9789665110555532,0.9503435562077922,15.0,0.0019394019000986177,,,,,,,,,,,,,0.9859247724121322,,,,,,,,,,,,,,,,,,,,,,,,
229,other,What type of clouds are visible in this photo?,cumulus,http://images.cocodataset.org/train2014/COCO_train2014_000000474858.jpg,3,280,0.9949336021590675,-0.9486436247825623,C,3,17.0,0.0028867342063231744,20.0,0.002524767545866545,41.0,0.002348099979129563,0.9360847109776411,0.9481816004150758,0.9879194728269238,,,,,,,,,,,,,,,,,,,,,,,,,,,,,,,,,,,,,,,
230,other,What is the man doing?,standing,http://images.cocodataset.org/train2014/COCO_train2014_000000474858.jpg,6,246,0.9843008893670602,-0.6132104992866516,The,6,49.0,0.003130533787329839,23.0,0.003935794688382362,23.0,0.0038341743172705446,0.9570991520099359,0.9932927654933185,0.8710381856146567,16.0,0.0028909469807181154,19.0,0.003093503526189438,15.0,0.0030393159691228873,,,,,,,,,0.9772170014624824,0.9279081769370418,0.944623214254579,,,,,,,,,,,,,,,,,,,,,,
231,other,Is the person on the right male or female?,male,http://images.cocodataset.org/train2014/COCO_train2014_000000474858.jpg,6,240,0.9966361299936484,-0.004398408345878124,Male,6,22.0,0.00227827501885285,45.0,0.002310872145911753,17.0,0.0022530083044500202,0.9849226290193991,0.9670804588864481,0.8919296718389884,53.0,0.0021944170501836746,18.0,0.0022704184507561964,21.0,0.0023234145609296645,,,,,,,,,0.9622869105199789,0.9206250851407773,0.91874241485597,,,,,,,,,,,,,,,,,,,,,,
232,other,What object is painted on the surfboard?,star,http://images.cocodataset.org/train2014/COCO_train2014_000000474858.jpg,9,160,0.9924496112368142,-0.37937870621681213,T,9,44.0,0.00264161225317792,77.0,0.002998561177902,15.0,0.0025100385831907787,0.9839794892855064,0.9456847863603285,0.9718495448242642,10.0,0.0025525530749419623,11.0,0.002623897545244385,40.0,0.0025524110730930443,9.0,0.0024467760820366937,9.0,0.0025255609319078435,16.0,0.002676785263084227,,,0.9372305632161296,0.9922150607220183,0.9858356172674742,0.9656336071428252,0.9656336071428252,0.9618974703476992,,,,,,,,,,,,,,,,,,,
233,other,What does the train ride along?,tracks,http://images.cocodataset.org/train2014/COCO_train2014_000000165859.jpg,6,186,0.9903169606140071,-0.9582738280296326,Train,6,108.0,0.0026571775062747224,14.0,0.002766033853860334,23.0,0.0028810422125578063,0.9786595508479382,0.9657130652315669,0.8932461863447871,15.0,0.003111150528671987,31.0,0.002782133454017666,40.0,0.002643053603194106,,,,,,,,,0.9967916319816366,0.9827454497822171,0.9629578322359149,,,,,,,,,,,,,,,,,,,,,,
234,other,What is turned on?,light,http://images.cocodataset.org/train2014/COCO_train2014_000000039288.jpg,9,91,0.9983946673261649,-0.433454692363739,L,9,47.0,0.001911520991560012,52.0,0.0019077736744386492,15.0,0.0018971334317720218,0.9634424099785435,0.9859295712758741,0.9609640474436811,17.0,0.0018982875891163714,55.0,0.001901521210926685,147.0,0.0019050586003393178,23.0,0.0018981511532177903,15.0,0.0019054536533528567,32.0,0.0019077029159053026,,,0.9856676426534905,0.9765042681147563,0.9810275313601542,0.9423383283068836,0.9877812438119246,0.9514934043286912,,,,,,,,,,,,,,,,,,,
235,other,What is the name of the yellow fruit pictured?,banana,http://images.cocodataset.org/train2014/COCO_train2014_000000039288.jpg,8,191,0.9970574873440972,-0.7792483568191528,Ban,8,51.0,0.002180125596026774,77.0,0.0021602621287439123,16.0,0.00207145405371593,0.9410787488736536,0.9513858123244265,0.9954133073923868,30.0,0.002156652068267038,23.0,0.0021523214398974587,16.0,0.002100829277698543,34.0,0.002134531769212582,17.0,0.002294871257465628,,,,,0.9809464023464665,0.9603532512498222,0.9283832117695864,0.9526109035980965,0.9975025463691152,,,,,,,,,,,,,,,,,,,,
236,other,What shape are the plates?,round,http://images.cocodataset.org/train2014/COCO_train2014_000000524518.jpg,9,237,0.9981863992113765,-0.22695431113243103,Round,9,25.0,0.0019161167948651943,15.0,0.001913056030473242,11.0,0.0019133761756175945,0.9820988001732522,0.9543063494363562,0.9056185178648963,34.0,0.001917935233996802,28.0,0.0019236262896191434,63.0,0.0019138779854984999,15.0,0.0019453764904115685,17.0,0.00191524448181127,15.0,0.0019119732207882843,,,0.971563074721415,0.9439935625075735,0.9729921634406092,0.9182958340544896,0.9771236998460401,0.982798115178801,,,,,,,,,,,,,,,,,,,
237,other,What indicates that this is for a party?,many plates,http://images.cocodataset.org/train2014/COCO_train2014_000000524518.jpg,4,305,0.9992313425556809,-1.1934651136398315,The,4,37.0,0.0018856945339567903,25.0,0.0018758787563393187,23.0,0.0018843047025766185,0.9568642336219494,0.9598206673056707,0.9152937733498882,15.0,0.0018752320023767732,,,,,,,,,,,,,0.9500685975366211,,,,,,,,,,,,,,,,,,,,,,,,
238,other,What two utensils are next to the plate?,fork and knife,http://images.cocodataset.org/train2014/COCO_train2014_000000524518.jpg,4,204,0.9975040724186822,-0.8538505434989929,F,4,17.0,0.0019150597263673287,262.0,0.001918307508474895,17.0,0.0019144447564100882,0.9967828263127351,0.986921625084921,0.9770358764490155,37.0,0.0019117340168897528,,,,,,,,,,,,,0.9902507729536278,,,,,,,,,,,,,,,,,,,,,,,,
239,other,How lucky is it that no one was walking on the sidewalk at that time?,very,http://images.cocodataset.org/train2014/COCO_train2014_000000524520.jpg,8,265,0.9926456512086095,-0.8938307166099548,Very,8,51.0,0.002192796143522898,15.0,0.002196164306043947,18.0,0.0022039436148270546,0.9944295125076241,0.9602297178607612,1.0,30.0,0.002177145127844135,32.0,0.002224555429218772,60.0,0.0022238393728677116,28.0,0.002175822572577989,75.0,0.0022211495814916187,,,,,0.9807970043866654,0.9649340244707257,0.9887662529948246,0.9693868933648482,0.9677299088149739,,,,,,,,,,,,,,,,,,,,
240,other,What traffic light is on?,red,http://images.cocodataset.org/train2014/COCO_train2014_000000524520.jpg,2,257,0.9802782283129048,-1.2691251039505005,Red,2,50.0,0.00409256980449702,15.0,0.004445735055826323,,,0.9795887712593179,0.8983958159908183,,,,,,,,,,,,,,,,,,,,,,,,,,,,,,,,,,,,,,,,
241,other,What number does the battery have on his shirt?,11,http://images.cocodataset.org/train2014/COCO_train2014_000000524522.jpg,4,117,0.9977661069128416,-0.15393859148025513,,4,78.0,0.002037491169570634,254.0,0.00204053462631824,56.0,0.0020402676650785475,0.9635053200724316,0.9864709967465437,0.9743894995118112,17.0,0.0020174348094466,,,,,,,,,,,,,0.9664022887695614,,,,,,,,,,,,,,,,,,,,,,,,
242,other,What team is the batter from?,yankees,http://images.cocodataset.org/train2014/COCO_train2014_000000524522.jpg,5,183,0.9993412693044801,-1.9551703929901123,San,5,57.0,0.0018691794788648968,12.0,0.0018560489490522525,15.0,0.0018530150905172965,0.9911019181726853,0.9795739585136224,0.9859247724121322,15.0,0.0018516939102487739,49.0,0.001934381265041733,,,,,,,,,,,1.0,0.9304654670464289,,,,,,,,,,,,,,,,,,,,,,,
243,other,What objects are directly above the TV set?,pictures,http://images.cocodataset.org/train2014/COCO_train2014_000000131312.jpg,13,209,0.9815960435312868,-1.7201632261276245,Pictures,13,65.0,0.0030604301016522234,17.0,0.003071532963146037,8.0,0.0029259330421803095,0.9925344351618298,0.9770358764490155,0.954434002924965,10.0,0.0029088914994180684,15.0,0.003247194034000329,26.0,0.0029201225927585643,37.0,0.0030680327060849544,18.0,0.002996802256414901,6.0,0.0028820549488464734,16.0,0.0030200272874266565,0.9372305632161296,0.9967916319816366,0.9639984956796734,0.9705934891531607,0.9591479170272448,0.9182958340544896,0.9965119062478288,16.0,0.0028660156448007982,18.0,0.002930002670152975,0.9822177815287605,0.9736669121131954,15.0,0.0032676353303578666,,,,,,,0.9182958340544896,,,
244,other,What print is this woman's dress?,dots,http://images.cocodataset.org/train2014/COCO_train2014_000000131315.jpg,9,283,0.9940837745591916,-1.1707024574279785,St,9,15.0,0.0020209457379896257,19.0,0.002002801445180826,71.0,0.0020101845186598667,0.9709505944546686,0.9656476401164372,0.9489382563925529,15.0,0.0019951186208754723,32.0,0.0020034521335748237,24.0,0.0020101591132422247,16.0,0.002006553968813887,16.0,0.0020098122193583307,15.0,0.0020008059540635188,,,0.9543063494363562,0.9484685634493809,0.9856259180022331,0.9755307720176266,0.886859507142915,0.9877812438119247,,,,,,,,,,,,,,,,,,,
245,other,What is on the handlebars?,bird,http://images.cocodataset.org/train2014/COCO_train2014_000000262389.jpg,4,292,0.990799231924223,-1.2227414846420288,Hel,4,120.0,0.0028987007405110337,95.0,0.0028164420877813783,18.0,0.002765513439114589,0.9867704631087222,0.9833772801319388,0.9728825026363701,20.0,0.0028014781439854846,,,,,,,,,,,,,0.9976834773764093,,,,,,,,,,,,,,,,,,,,,,,,
246,other,What bird is on the man's bike?,parrot,http://images.cocodataset.org/train2014/COCO_train2014_000000262389.jpg,3,180,0.9992444379357323,-0.12581157684326172,Par,3,106.0,0.0019265760383760865,117.0,0.0019140836844227622,7.0,0.0018845343879508544,0.9782082113756609,0.9751541265652682,0.9852281360342515,,,,,,,,,,,,,,,,,,,,,,,,,,,,,,,,,,,,,,,
247,other,What is the fence made of?,metal,http://images.cocodataset.org/train2014/COCO_train2014_000000262393.jpg,1,148,0.9986308772308552,-0.31888940930366516,Metal,1,377.0,0.002028198420360507,,,,,0.985405294348409,,,,,,,,,,,,,,,,,,,,,,,,,,,,,,,,,,,,,,,,,
248,other,What is the name of the street that starts with a color?,greenwich,http://images.cocodataset.org/train2014/COCO_train2014_000000000250.jpg,8,187,0.9883097611337748,-0.07032617181539536,Green,8,107.0,0.0026007469420775927,15.0,0.002510781844965763,29.0,0.0025655825812440436,0.9783624365519086,0.9543063494363562,0.9984672906700829,15.0,0.002465959351762847,28.0,0.002500696050026562,7.0,0.0024910315732560666,23.0,0.00263079381034905,8.0,0.0024684109674262982,,,,,1.0,0.9849004147224488,0.9852281360342515,0.9024478255724019,0.985056822321508,,,,,,,,,,,,,,,,,,,,
249,other,How can you tell the giraffe is in captivity?,fence,http://images.cocodataset.org/train2014/COCO_train2014_000000131323.jpg,4,403,0.9982937477095472,-1.2986387014389038,The,4,50.0,0.0021095108152872836,19.0,0.002080595522131745,77.0,0.00210773668358382,0.97683541735553,0.90647263812994,0.979095926023261,17.0,0.002082173546413169,,,,,,,,,,,,,0.9770358764490155,,,,,,,,,,,,,,,,,,,,,,,,
250,other,What is the name of the store behind the lady?,pike place fish,http://images.cocodataset.org/train2014/COCO_train2014_000000262399.jpg,7,206,0.9969476117693478,-0.6259305477142334,P,7,18.0,0.0031458469451948316,15.0,0.002704354387885108,19.0,0.002715950461868521,0.9656336071428252,0.8983958159908183,0.9279081769370418,36.0,0.002606040960367135,10.0,0.00261565762286301,27.0,0.0036348091567576725,16.0,0.0033572588841061877,,,,,,,0.935193442798823,0.8649735207179273,0.909695955411709,0.8620485698650454,,,,,,,,,,,,,,,,,,,,,
251,other,What does the lady have in her mouth?,fish,http://images.cocodataset.org/train2014/COCO_train2014_000000262399.jpg,3,193,0.9988950308990576,-1.691676139831543,A,3,15.0,0.0018907710990138527,166.0,0.0018706797700575248,16.0,0.0018471211021259932,0.8443536850036224,0.9726503636450938,0.9954133073923868,,,,,,,,,,,,,,,,,,,,,,,,,,,,,,,,,,,,,,,
252,other,What are the popsicle sticks used for?,labels,http://images.cocodataset.org/train2014/COCO_train2014_000000131330.jpg,6,245,0.9983902964586631,-1.9836101531982422,Ident,6,76.0,0.0018131259498345592,75.0,0.0018136654205353387,24.0,0.0018154784244977602,0.9727063865107469,0.9783686129247686,0.9276942711037669,19.0,0.001810340745514078,15.0,0.0018041868993854894,16.0,0.001807083262086659,,,,,,,,,0.94841021822029,0.982798115178801,0.9248008763572906,,,,,,,,,,,,,,,,,,,,,,
253,other,What is the structure in the background?,teepee,http://images.cocodataset.org/train2014/COCO_train2014_000000524547.jpg,7,250,0.9950236415144762,-0.5827150940895081,T,7,17.0,0.002271766748361431,15.0,0.002307452199719086,21.0,0.00230512304233506,0.9967828263127351,0.9967916319816366,0.9937866610055328,19.0,0.0022824362525408373,126.0,0.0022409356153444086,17.0,0.002197978310821494,20.0,0.0022670656593933303,,,,,,,0.9894975386227151,0.9867247226414815,0.9595784770480079,0.9416915491145067,,,,,,,,,,,,,,,,,,,,,
254,other,What are these people doing?,snowboarding,http://images.cocodataset.org/train2014/COCO_train2014_000000524551.jpg,10,189,0.9885677034728233,-1.6671597957611084,Snow,10,31.0,0.0032923564529604024,24.0,0.003230902321038884,22.0,0.0034151280643071767,0.9561741753215357,0.9608948553419607,0.9922150607220183,29.0,0.003106300561160936,76.0,0.0029664182369611627,23.0,0.003134923449983422,25.0,0.0028095732329221786,15.0,0.003104016629163532,105.0,0.0032709804197722484,44.0,0.00329970545067835,0.9905655791153918,0.9713562380306277,0.9668324690003138,0.9537111928345554,0.9018972358711528,0.9714845455631601,0.9706036435074715,,,,,,,,,,,,,,,,,,
255,other,What is the white structure behind the ramp?,teepee,http://images.cocodataset.org/train2014/COCO_train2014_000000524551.jpg,5,225,0.9978093936932116,-0.3817112147808075,Te,5,203.0,0.002257339331786021,18.0,0.0021769175977915337,15.0,0.0021760506083551485,0.9879729937689605,0.9524375025776289,0.9877812438119246,22.0,0.0021621409988956297,43.0,0.0022259669192537528,,,,,,,,,,,0.9666425652015439,0.9454927064528204,,,,,,,,,,,,,,,,,,,,,,,
256,other,What is on the ground?,snow,http://images.cocodataset.org/train2014/COCO_train2014_000000393480.jpg,3,251,0.9897809666642137,-0.06353937834501266,Snow,3,15.0,0.002814394437563332,16.0,0.0030159408255504747,21.0,0.004371667978690738,0.9473080736174851,0.9283832117695864,0.9424257960378288,,,,,,,,,,,,,,,,,,,,,,,,,,,,,,,,,,,,,,,
257,other,What is the man wearing?,shorts,http://images.cocodataset.org/train2014/COCO_train2014_000000131339.jpg,2,221,0.9967018628508503,-0.9679453372955322,Short,2,28.0,0.0025222473085123047,16.0,0.0022036796083552183,,,0.914390132167058,0.8613531161467861,,,,,,,,,,,,,,,,,,,,,,,,,,,,,,,,,,,,,,,,
258,other,What sport are they playing?,soccer,http://images.cocodataset.org/train2014/COCO_train2014_000000524557.jpg,5,270,0.9867744977714562,-0.02428290992975235,Soccer,5,15.0,0.002642441520971687,29.0,0.00265155536503319,22.0,0.002631986605455401,1.0,0.9785463292474802,0.9513590473032969,43.0,0.002679018472724467,17.0,0.0027826200331237875,,,,,,,,,,,0.9609990990172882,0.8726389366057714,,,,,,,,,,,,,,,,,,,,,,,
259,other,Color is the goaltenders shirt?,white,http://images.cocodataset.org/train2014/COCO_train2014_000000524557.jpg,2,210,0.9327566660842517,-0.4436805844306946,Y,2,60.0,0.013263347946781447,15.0,0.00887538832187206,,,0.9427448770193387,0.9949490477321437,,,,,,,,,,,,,,,,,,,,,,,,,,,,,,,,,,,,,,,,
260,other,Are they coworkers or best friends?,best friends,http://images.cocodataset.org/train2014/COCO_train2014_000000131342.jpg,7,184,0.9967630143077701,-0.666093647480011,Cow,7,92.0,0.002009183194924308,15.0,0.0020168719689436705,18.0,0.002007965002662636,0.9765958033155786,0.8649735207179273,0.9206250851407775,12.0,0.0019893146116135114,16.0,0.0019970499072964956,105.0,0.002014833760550881,9.0,0.0019884714547634165,,,,,,,0.9795739585136224,0.9886085007312413,0.9640821848443362,0.9656336071428251,,,,,,,,,,,,,,,,,,,,,
261,other,What is in the glass in the lower right?,wine,http://images.cocodataset.org/train2014/COCO_train2014_000000131342.jpg,4,250,0.9996021019953433,-0.5067470073699951,W,4,38.0,0.0018092465270154153,28.0,0.0018082700975041168,182.0,0.0018076936938411813,0.9884977621461698,0.9511036173003944,0.9751818258215912,15.0,0.001799815159605391,,,,,,,,,,,,,0.9543063494363562,,,,,,,,,,,,,,,,,,,,,,,,
262,other,The wall is made out of?,brick,http://images.cocodataset.org/train2014/COCO_train2014_000000131342.jpg,2,290,0.9957910212583947,-0.018756315112113953,Br,2,15.0,0.002050004379485754,16.0,0.0020537510220310423,,,1.0,0.9954133073923868,,,,,,,,,,,,,,,,,,,,,,,,,,,,,,,,,,,,,,,,
263,other,What does the sign in the background say?,no parking,http://images.cocodataset.org/train2014/COCO_train2014_000000262415.jpg,5,294,0.9963976430427439,-2.3530924320220947,The,5,16.0,0.0022430570299539665,22.0,0.0023765169074676743,29.0,0.0022678785765078016,0.9618974703476992,0.9849226290193991,0.9797175706304524,46.0,0.0024265606647402367,24.0,0.0023505696887832794,,,,,,,,,,,0.9778871164409807,0.960225238422717,,,,,,,,,,,,,,,,,,,,,,,
264,other,What is behind the mirror?,bus,http://images.cocodataset.org/train2014/COCO_train2014_000000262415.jpg,7,233,0.9971797734902434,-0.9135974645614624,School,7,16.0,0.002434768691292222,16.0,0.002185738858998754,112.0,0.0024434192326590895,0.886859507142915,0.9618974703476992,0.9734233619386133,41.0,0.0023093467311540786,30.0,0.002224006797903812,20.0,0.0024635159899983796,13.0,0.0024817534249464614,,,,,,,0.9541726992553842,0.9715270798158865,0.9911594714322186,0.9612366047228759,,,,,,,,,,,,,,,,,,,,,
265,other,How healthy does this meal look?,very,http://images.cocodataset.org/train2014/COCO_train2014_000000393488.jpg,10,271,0.9926850204011274,-0.26458078622817993,Very,10,21.0,0.002404262819127615,15.0,0.0023240968549940026,6.0,0.002305211550979411,0.9517619850443704,0.9664572819896988,0.9182958340544896,29.0,0.002408607838761872,15.0,0.0023862161689232318,35.0,0.002392494456816314,17.0,0.002388699811178595,20.0,0.0024733917105257274,15.0,0.0023694628214126815,18.0,0.002360310965258246,0.948894481421316,1.0,0.9633281435753136,0.8919296718389884,0.9372305632161296,0.9877812438119246,0.9854122527913256,,,,,,,,,,,,,,,,,,
266,other,What meat is used in the main dish?,beef,http://images.cocodataset.org/train2014/COCO_train2014_000000393488.jpg,7,214,0.9971214120920413,-0.3542903959751129,Be,7,17.0,0.002112584457237556,25.0,0.0021043519931104597,226.0,0.002137084167465573,0.9770358764490155,0.9548163081079344,0.9851033135754736,14.0,0.002098990860405147,15.0,0.002147680467018639,62.0,0.0021351269715319107,42.0,0.002140877492011078,,,,,,,0.9032139773855579,0.9709505944546686,0.9714019293636595,0.9903949728123925,,,,,,,,,,,,,,,,,,,,,
267,other,What is the man reaching for?,phone,http://images.cocodataset.org/train2014/COCO_train2014_000000393489.jpg,6,210,0.9934693294200824,-0.8088328838348389,The,6,40.0,0.0024420763167084317,18.0,0.0024426342184333933,39.0,0.0026786703382509747,0.9777134641218452,0.9941181381188445,0.96491789022009,24.0,0.00263492957548624,37.0,0.0028991211049816793,16.0,0.0027612943355407923,,,,,,,,,0.8890357678451779,0.9521416308533424,0.8348683589017412,,,,,,,,,,,,,,,,,,,,,,
268,other,What language is the text on the sign?,english,http://images.cocodataset.org/train2014/COCO_train2014_000000393489.jpg,10,174,0.9991557703267351,-0.09699317812919617,English,10,82.0,0.0018796657283927437,17.0,0.0018719174013324472,15.0,0.0018800064205167278,0.9914642250957898,0.9437600120884535,0.7835807040488099,65.0,0.0018623033032740604,10.0,0.0018462423763191758,13.0,0.0018581158370787562,25.0,0.0018562729436169942,60.0,0.001862156012371973,15.0,0.0018590643946530393,13.0,0.0018556887224082093,0.969269753992455,0.9372305632161296,0.9214632400757701,0.9556457132279714,0.9890790711244827,1.0,0.92146324007577,,,,,,,,,,,,,,,,,,
269,other,What is the man holding?,phone,http://images.cocodataset.org/train2014/COCO_train2014_000000393489.jpg,8,242,0.9587954201277124,-0.8324583768844604,Phone,8,41.0,0.004262123522379192,15.0,0.004204456874697334,37.0,0.006043802729333014,0.9776583381247955,0.944623214254579,0.9267387361083677,21.0,0.004841061511199979,21.0,0.005396189780815862,55.0,0.004899444797728507,17.0,0.004437767319191434,15.0,0.0045955344836157265,,,,,0.9907017951253161,0.91874241485597,0.9711605851279134,0.9771236998460402,1.0,,,,,,,,,,,,,,,,,,,,
270,other,What does this phone case look like?,silver,http://images.cocodataset.org/train2014/COCO_train2014_000000393489.jpg,8,196,0.9983525483957821,-1.2956398725509644,The,8,29.0,0.0019789116663177643,96.0,0.002022055878325824,46.0,0.0020119685223482465,0.9788082114993373,0.970123067573008,0.9437903294882104,11.0,0.0020537176334779086,15.0,0.0020259576935876297,49.0,0.0019918452757403875,18.0,0.0020246966154491,35.0,0.0020053134023021836,,,,,0.6840384356390417,0.8649735207179273,0.968726534389159,0.9915323997298832,0.9395632399028281,,,,,,,,,,,,,,,,,,,,
271,other,What is the brand of the phone?,pharos,http://images.cocodataset.org/train2014/COCO_train2014_000000393489.jpg,8,310,0.8359013922200508,-0.24426685273647308,Ph,8,20.0,0.00910173441837593,19.0,0.01186999110258809,70.0,0.010386744680278722,0.9008047485295138,0.8693978806749074,0.9421222369418288,18.0,0.013988598067467686,18.0,0.01358143035496267,27.0,0.011570189246115033,24.0,0.012600899793647162,39.0,0.009568349440182965,,,,,1.0,1.0,0.9455305560363263,0.985056822321508,0.9203864492457542,,,,,,,,,,,,,,,,,,,,
272,other,What does this controller go with?,phone,http://images.cocodataset.org/train2014/COCO_train2014_000000393489.jpg,8,197,0.9836080086855695,-1.3436150550842285,Phone,8,34.0,0.0031944611576362287,25.0,0.0036796940752599145,21.0,0.003350416793429153,0.9744654345844231,0.9548163081079344,0.9663407895758984,21.0,0.0037035278426954354,26.0,0.0033530740982638386,73.0,0.004186492922685418,28.0,0.0038265836360477055,27.0,0.003514029623774523,,,,,0.978033486181519,0.9870271094132725,0.9692708363529223,0.9724347495570991,0.9701541708942546,,,,,,,,,,,,,,,,,,,,
273,other,What brand is the phone?,pharos,http://images.cocodataset.org/train2014/COCO_train2014_000000393489.jpg,8,312,0.8374351558379299,-0.18977861106395721,Ph,8,20.0,0.009117993955739225,20.0,0.01134002463387758,70.0,0.010301137944538949,0.9008047485295138,0.9197173235750931,0.9421222369418288,18.0,0.01375368762147794,18.0,0.013397610080406479,27.0,0.011428528833015436,24.0,0.01242454167047241,39.0,0.009530664502241973,,,,,1.0,1.0,0.9455305560363263,0.985056822321508,0.9203864492457542,,,,,,,,,,,,,,,,,,,,
274,other,What is the person holding in their hand?,cell phone,http://images.cocodataset.org/train2014/COCO_train2014_000000393489.jpg,11,212,0.951067674179735,-1.1345727443695068,Phone,11,39.0,0.004457797801225186,15.0,0.004321728920870191,36.0,0.006349981571333232,0.9838232686187031,0.944623214254579,0.9316073468202613,22.0,0.005069325770829024,23.0,0.006229790803353733,15.0,0.003950547266147173,64.0,0.005839711026012503,15.0,0.006455354393703024,21.0,0.005053823421551907,16.0,0.0051261665946284694,0.9970151057384782,0.9224409677146627,0.982798115178801,0.9683367647212255,0.9967916319816366,0.9907017951253161,0.9965119062478288,9.0,0.003610751896690366,,,1.0,,,,,,,,,,,,,
275,other,What is the person holding?,phone,http://images.cocodataset.org/train2014/COCO_train2014_000000393489.jpg,8,242,0.9572304871187467,-0.8490006923675537,Phone,8,41.0,0.0042586366217702626,15.0,0.004199271827617074,37.0,0.006104573686378697,0.9776583381247955,0.944623214254579,0.9267387361083677,21.0,0.00486454048957459,23.0,0.005564979202114435,56.0,0.0050885609775800904,18.0,0.004543836437476082,15.0,0.0046697571852946824,,,,,0.9907017951253161,0.9224409677146627,0.9687288903071355,0.977342973473178,1.0,,,,,,,,,,,,,,,,,,,,
276,other,What's on the other side of the shower curtain?,shower,http://images.cocodataset.org/train2014/COCO_train2014_000000546179.jpg,4,90,0.994511264095748,-1.1910045146942139,Bat,4,324.0,0.002259593458866259,144.0,0.0022462568493592863,9.0,0.0022089176703341314,0.9869019274502284,0.9813311874481027,0.9910760598382222,15.0,0.002169187834821185,,,,,,,,,,,,,0.9859247724121322,,,,,,,,,,,,,,,,,,,,,,,,
277,other,What is the green stuff?,broccoli,http://images.cocodataset.org/train2014/COCO_train2014_000000000009.jpg,5,171,0.9983522896992983,-0.02940252237021923,Bro,5,143.0,0.0022296010262266713,23.0,0.002239900586726182,27.0,0.002208028760063766,0.962429826264008,0.9366841657848176,0.9446284658391854,15.0,0.002369980158183588,37.0,0.002323560787592213,,,,,,,,,,,0.9709505944546686,0.9418452696225967,,,,,,,,,,,,,,,,,,,,,,,
278,other,What is the floor made of?,tile,http://images.cocodataset.org/train2014/COCO_train2014_000000131351.jpg,6,180,0.9964092500428049,-0.2192842960357666,T,6,42.0,0.0019403696118550026,142.0,0.0019456484505560809,29.0,0.0019444233450563364,0.9628938701860882,0.9672374126513053,0.98697797031737,15.0,0.0019389163387824484,67.0,0.0019445054377183173,36.0,0.0019449757396223966,,,,,,,,,0.9602297178607612,0.9628990109633334,0.9505011564923818,,,,,,,,,,,,,,,,,,,,,,
279,other,What is the ratio of white tiles to blue?,many more white,http://images.cocodataset.org/train2014/COCO_train2014_000000131351.jpg,4,223,0.9992025645450743,-0.18432681262493134,,4,164.0,0.0018881774372039842,16.0,0.0018703019252405985,23.0,0.001880819010121099,0.9805409793099218,0.9618974703476992,0.9459180977787195,48.0,0.0018790371035201697,,,,,,,,,,,,,0.960134825457996,,,,,,,,,,,,,,,,,,,,,,,,
280,other,What power tool is present?,drill,http://images.cocodataset.org/train2014/COCO_train2014_000000131351.jpg,6,140,0.9990784335125483,-0.8179718852043152,Dr,6,222.0,0.0019491738800471044,15.0,0.0019143696050134523,41.0,0.001911613976243929,0.9742128654032706,0.9664572819896989,0.9842325880746567,11.0,0.0019289112706857125,6.0,0.001899449088480537,16.0,0.0019520855732846239,,,,,,,,,0.9056185178648963,0.9182958340544896,0.9965119062478288,,,,,,,,,,,,,,,,,,,,,,
281,other,What fruit is present?,watermelon,http://images.cocodataset.org/train2014/COCO_train2014_000000131352.jpg,3,200,0.9939000097381335,-0.618189811706543,St,3,59.0,0.002033942298270307,14.0,0.0020227290153773487,33.0,0.0020414796131490113,0.9526974737170136,0.9620871761502205,0.9675170719920672,,,,,,,,,,,,,,,,,,,,,,,,,,,,,,,,,,,,,,,
282,other,What do you think the cat is looking at?,bird,http://images.cocodataset.org/train2014/COCO_train2014_000000524572.jpg,9,249,0.998639049397891,-1.759214997291565,The,9,34.0,0.0019833661008710267,29.0,0.002016390039278905,15.0,0.0019593928155229555,0.9675790359315455,0.9698084978026383,0.982798115178801,19.0,0.00199315323467201,16.0,0.0019584613727777014,19.0,0.0019980512008525675,15.0,0.002017733040705855,16.0,0.00199833268090865,16.0,0.0019643370969036214,,,0.9656476401164372,0.9886085007312413,0.9796494552648447,0.9500685975366211,0.9965119062478288,0.9618974703476992,,,,,,,,,,,,,,,,,,,
283,other,What utensil is sitting next to the food?,fork,http://images.cocodataset.org/train2014/COCO_train2014_000000112497.jpg,11,222,0.9959536048379446,-0.060841482132673264,F,11,40.0,0.0019817849216065358,17.0,0.001978520981215203,9.0,0.001970616692251899,0.9768273412406135,0.9605278493513334,0.9910760598382222,31.0,0.0019817917999975575,16.0,0.0019881015766458803,47.0,0.0019774385593537033,28.0,0.0019783968747458212,15.0,0.0019671963556163754,25.0,0.0019982029731290397,27.0,0.0019781321411635714,0.9837918621555541,0.9755307720176266,0.9902676441358281,0.9762175452369314,0.9664572819896989,0.9845127868218252,0.9701541708942546,15.0,0.0019673185768898263,,,0.9543063494363562,,,,,,,,,,,,,
284,other,What is in the jug?,beer,http://images.cocodataset.org/train2014/COCO_train2014_000000112497.jpg,6,189,0.9884789755215276,-0.060008227825164795,Be,6,39.0,0.002185253554950617,72.0,0.0021743215417468313,73.0,0.0021821164164051053,0.9357030980619099,0.9482342951882002,0.9706082336540997,108.0,0.0021828553286421474,26.0,0.0021847362994367775,16.0,0.0021811697741948083,,,,,,,,,0.9724931093857726,0.9892410142019504,0.9320201587042914,,,,,,,,,,,,,,,,,,,,,,
285,other,What is the name of this crusted food?,pizza,http://images.cocodataset.org/train2014/COCO_train2014_000000112497.jpg,5,288,0.9990510946772269,-0.025436265394091606,P,5,15.0,0.0019245977750931465,16.0,0.0019463520579471958,29.0,0.0020642032131925757,0.9859247724121322,1.0,0.9784406642514258,18.0,0.0019453731573244697,15.0,0.0019590021748435438,,,,,,,,,,,0.9853962684364186,0.9543063494363562,,,,,,,,,,,,,,,,,,,,,,,
286,other,What animal is on the flatbed?,cow,http://images.cocodataset.org/train2014/COCO_train2014_000000393503.jpg,1,188,0.9812375574092511,-0.01428930088877678,Cow,1,189.0,0.0039033956362266907,,,,,0.9808314252276327,,,,,,,,,,,,,,,,,,,,,,,,,,,,,,,,,,,,,,,,,
287,other,What room of the house is this?,kitchen,http://images.cocodataset.org/train2014/COCO_train2014_000000393508.jpg,6,317,0.9995456824489751,-0.005704909563064575,K,6,15.0,0.0018146214041818837,15.0,0.0018162170917304411,17.0,0.0018365018512428283,0.9949490477321437,0.982798115178801,0.9967828263127351,16.0,0.0018114286225086626,29.0,0.0018392145346011978,23.0,0.0018282201042900395,,,,,,,,,0.9822177815287605,0.98697797031737,0.9619234050874884,,,,,,,,,,,,,,,,,,,,,,
288,other,What is the floor made out of?,wood,http://images.cocodataset.org/train2014/COCO_train2014_000000393508.jpg,4,210,0.9942313886164483,-0.013493145816028118,Wood,4,16.0,0.002535244591395412,26.0,0.002844589903166665,18.0,0.002803602540400654,0.9362025230160499,0.9360121463644453,0.9455305560363263,30.0,0.0033115144835724327,,,,,,,,,,,,,0.9634437908666316,,,,,,,,,,,,,,,,,,,,,,,,
289,other,What do you use the stove for?,cooking,http://images.cocodataset.org/train2014/COCO_train2014_000000393508.jpg,11,253,0.998035402502974,-0.21188318729400635,Cook,11,27.0,0.0020488875392182106,73.0,0.0020361702425660626,17.0,0.00203191091170519,0.9309042337029434,0.9801285357713861,0.9360847109776411,49.0,0.002038387750443716,30.0,0.002043827634109456,17.0,0.0020202555650083672,16.0,0.0020562447004476517,23.0,0.0020332608594466617,59.0,0.0020371832051324624,22.0,0.0020466026320596587,0.9617166087004373,0.9411428016923041,0.9967828263127351,0.9886994082884974,0.9565831515652945,0.9657053562392242,0.9870296937811092,16.0,0.0020080040885352645,,,0.9414280318460245,,,,,,,,,,,,,
290,other,What is the batter wearing on his ankles?,guards,http://images.cocodataset.org/train2014/COCO_train2014_000000414639.jpg,8,252,0.99937620801665,-0.6124354004859924,So,8,16.0,0.0018191567231375812,17.0,0.0018261788517505693,12.0,0.0018080829411154305,0.949701216438411,0.8702290979524686,0.920619835714305,6.0,0.001795480925213487,28.0,0.001811689703420134,16.0,0.0018144586118043814,47.0,0.0018196067451983677,28.0,0.0018047206262351353,,,,,0.9182958340544896,0.9648528731760171,0.9755307720176265,0.9525309973506478,0.9562531295252263,,,,,,,,,,,,,,,,,,,,
291,other,What is the crouching man in the mask called?,catcher,http://images.cocodataset.org/train2014/COCO_train2014_000000414639.jpg,14,253,0.9857328162426223,-0.5557695031166077,U,14,29.0,0.0026441303944455038,31.0,0.0027037963825188405,18.0,0.002823577060565817,0.98697797031737,0.9505285341747067,0.9910760598382222,23.0,0.0027370551424696836,21.0,0.0027250751200523066,27.0,0.0027024134608288545,23.0,0.002585222783179005,15.0,0.00257994180460412,21.0,0.002623599854954293,19.0,0.002593571415128318,0.9982526816976662,0.9937866610055328,0.9764903352594523,0.9459180977787195,0.9877812438119247,0.9586785101742114,0.9431541408460862,42.0,0.0025889362884753842,16.0,0.0025132605173611776,0.9678137855345103,0.9415787376332126,20.0,0.002586486394919316,16.0,0.002772000319827831,,,,,0.9927376486136672,0.9886994082884974,,
292,other,What are the two women carrying?,rackets,http://images.cocodataset.org/train2014/COCO_train2014_000000131366.jpg,8,230,0.99762345390621,-0.33710601925849915,Tennis,8,15.0,0.001855406651423117,15.0,0.001883840543761898,39.0,0.0018966275623944191,0.9718495448242642,0.9654013672997089,0.9276142323004297,53.0,0.0018784180625376077,17.0,0.0018955740040691282,17.0,0.0018715540347330473,48.0,0.0018867449625898883,7.0,0.0018593175603981386,,,,,0.9753789596680121,0.9360847109776411,0.9771236998460401,0.9635456103320831,0.9852281360342515,,,,,,,,,,,,,,,,,,,,
293,other,What are these people holding?,tennis rackets,http://images.cocodataset.org/train2014/COCO_train2014_000000131366.jpg,7,125,0.997724021014591,-0.2540076673030853,Tennis,7,172.0,0.0021541741924933,108.0,0.0021741089120684547,15.0,0.0019874346153067007,0.9732134348739581,0.9775632367761667,0.9718495448242642,16.0,0.0020499140403334015,18.0,0.0020242235527866822,8.0,0.00203797298509911,15.0,0.00203193406633267,,,,,,,0.9886085007312413,0.9736669121131954,1.0,0.9664572819896989,,,,,,,,,,,,,,,,,,,,,
294,other,What is the woman wearing on her neck?,collar,http://images.cocodataset.org/train2014/COCO_train2014_000000131366.jpg,12,218,0.9988544160215228,-1.2245808839797974,Ne,12,38.0,0.001926590975146094,29.0,0.0019468741819976658,15.0,0.0019528956349967755,0.9775620458669521,0.9920582746997479,0.9182958340544896,34.0,0.0019470487436150496,19.0,0.00191649427744926,41.0,0.0019052652878729483,7.0,0.001897768871988529,7.0,0.0018977773436011016,18.0,0.0019133755736560404,15.0,0.0019055558885589965,0.973262787182518,0.9495113755878275,0.9609740585266556,0.9852281360342515,0.9852281360342515,0.977342973473178,0.982798115178801,16.0,0.0019098231785836224,31.0,0.0019140892066592291,0.9681390622295665,0.9691684255411185,,,,,,,,,,,,
295,other,What sports are they playing?,tennis,http://images.cocodataset.org/train2014/COCO_train2014_000000131366.jpg,7,291,0.9530290545075117,-0.05476461350917816,Tennis,7,90.0,0.004201714204114503,54.0,0.0045259269640090015,27.0,0.003862905864484844,0.9790712619770435,0.9555288903982606,0.9530916583300956,21.0,0.004093669007376649,24.0,0.004744391046194557,15.0,0.004625959352575471,15.0,0.00468345865029485,,,,,,,0.9849500113113597,0.9808340377961403,0.9967916319816366,0.9967916319816366,,,,,,,,,,,,,,,,,,,,,
296,other,What is the approximate time period of this photo?,1950s,http://images.cocodataset.org/train2014/COCO_train2014_000000131366.jpg,12,162,0.9981239013877623,-0.3705214262008667,,12,17.0,0.0019431247562162208,13.0,0.0019343596200193489,50.0,0.001938216966395894,0.8702290979524684,0.8420887815606471,0.9415396278841764,16.0,0.0019559212629148702,22.0,0.0019383684211157542,34.0,0.0019489606911673525,6.0,0.0019104744200762744,41.0,0.0019172519666237932,36.0,0.0019156301849458598,15.0,0.0019219145232591492,0.954434002924965,0.9700357646545448,0.9616131821362401,0.9182958340544896,0.9739608542459396,0.9774947273255283,0.9161314485121343,26.0,0.0019220673353824323,22.0,0.0019257697984152939,0.9546641369561337,0.9562266726976326,,,,,,,,,,,,
297,other,What are the ladies doing?,playing tennis,http://images.cocodataset.org/train2014/COCO_train2014_000000131366.jpg,10,247,0.9898590231539207,-0.7160945534706116,The,10,19.0,0.0027774683515904407,34.0,0.0027336699341275524,21.0,0.0026273119688584607,0.8614856395892376,0.9766703142956847,0.9327998628205117,16.0,0.002753205668719309,34.0,0.0026203003064018495,29.0,0.0027486250331928085,15.0,0.0027282262432083374,17.0,0.0028392012003322265,18.0,0.0028076266227416253,19.0,0.0026745642215096426,0.9463946303571862,0.9431650653857311,0.9760049988520801,0.9189900464321514,0.8702290979524684,0.9342064019134055,0.9237100600260872,,,,,,,,,,,,,,,,,,
298,other,"What three letter word, best describes the liquid container on the ground between the two people?",jug,http://images.cocodataset.org/train2014/COCO_train2014_000000131366.jpg,12,187,0.9978356587440045,-1.143315315246582,B,12,24.0,0.001988666672823695,28.0,0.002018796188012086,15.0,0.0020314984404563785,0.9296487541666036,0.9850714896676578,0.9182958340544896,22.0,0.002002311385686573,34.0,0.002021752584912582,15.0,0.001975805363472139,21.0,0.0019694305457182313,37.0,0.0019709732703723053,17.0,0.0019811939729860693,22.0,0.0019697627829214776,0.933816945485606,0.9569957217161322,0.9543063494363562,0.9785395778702867,0.9772945647101505,0.9664022887695614,0.9622685331640487,35.0,0.0019835140965793127,15.0,0.001984855594815432,0.9679484779156485,0.9877812438119247,,,,,,,,,,,,
299,other,What does the wall say on the far left?,nothing,http://images.cocodataset.org/train2014/COCO_train2014_000000131366.jpg,4,234,0.9987424079851219,-1.0984793901443481,Nothing,4,72.0,0.0020327296932991846,20.0,0.001956920631983358,17.0,0.0019473976975372227,0.9683846601094198,0.9737442138807325,0.9595784770480079,15.0,0.0019464762407871772,,,,,,,,,,,,,0.982798115178801,,,,,,,,,,,,,,,,,,,,,,,,
300,other,What is the woman wearing?,skirt,http://images.cocodataset.org/train2014/COCO_train2014_000000131366.jpg,4,182,0.9983046738621901,-1.2153180837631226,Sk,4,15.0,0.002031566446616566,121.0,0.002168775484227348,87.0,0.002126166019017266,0.982798115178801,0.9698775556026545,0.9698317286848612,27.0,0.0020692537017821377,,,,,,,,,,,,,0.9707537064911387,,,,,,,,,,,,,,,,,,,,,,,,
301,other,What type of photo is this?,black and white,http://images.cocodataset.org/train2014/COCO_train2014_000000131366.jpg,4,301,0.9933961884634832,-0.3181283175945282,Black,4,20.0,0.0032801065216065796,18.0,0.0034900105912849164,33.0,0.003001689207182241,0.9074899102582407,0.920619835714305,0.9745418080424673,23.0,0.0033866328868060345,,,,,,,,,,,,,0.9251735116075492,,,,,,,,,,,,,,,,,,,,,,,,
302,other,What sport is this?,tennis,http://images.cocodataset.org/train2014/COCO_train2014_000000131366.jpg,7,244,0.972675943263408,-0.020482443273067474,Tennis,7,89.0,0.0035312591076563865,18.0,0.0033671684621352158,79.0,0.0036794181999089764,0.9809826847002924,0.9579945435450241,0.9704868090398107,7.0,0.0033287072204400657,4.0,0.002837018776286732,17.0,0.004328714159510336,22.0,0.003762673889504187,,,,,,,0.863120568566631,1.0,0.9774178175281716,0.9645454255594046,,,,,,,,,,,,,,,,,,,,,
303,other,What are the people holding?,tennis rackets,http://images.cocodataset.org/train2014/COCO_train2014_000000131366.jpg,3,124,0.9976717103715856,-0.41240787506103516,Tennis,3,297.0,0.002054084916651843,55.0,0.0020329617698087617,17.0,0.002050454146125612,0.977508782097398,0.9903834364399796,0.9967828263127351,,,,,,,,,,,,,,,,,,,,,,,,,,,,,,,,,,,,,,,
304,other,What is the group of people holding in their hand?,tennis rackets,http://images.cocodataset.org/train2014/COCO_train2014_000000131366.jpg,3,211,0.9977748103932235,-0.24401432275772095,Tennis,3,54.0,0.001985109803604227,100.0,0.0020127436933945254,82.0,0.001971256752220559,0.9513165456191454,0.9634546732757305,0.9724274969340091,,,,,,,,,,,,,,,,,,,,,,,,,,,,,,,,,,,,,,,
305,other,Is the game live or on television?,live,http://images.cocodataset.org/train2014/COCO_train2014_000000131366.jpg,3,176,0.9570632748487803,-0.27285662293434143,Live,3,82.0,0.005205831812858194,65.0,0.00512835033335567,65.0,0.006614836681515975,0.9716517635775773,0.9872560260074172,0.9631177430726492,,,,,,,,,,,,,,,,,,,,,,,,,,,,,,,,,,,,,,,
306,other,How would you call for more information about the bus?,877-pwp-green,http://images.cocodataset.org/train2014/COCO_train2014_000000262442.jpg,4,195,0.996794727831026,-1.1724474430084229,Call,4,29.0,0.004226087519362976,35.0,0.003471691434527728,17.0,0.002570051102848897,0.8709545827411458,0.9343201512629464,0.9529601849414929,7.0,0.0022145088990894626,,,,,,,,,,,,,0.9821410328348752,,,,,,,,,,,,,,,,,,,,,,,,
307,other,What pattern does the woman have on?,polka dot,http://images.cocodataset.org/train2014/COCO_train2014_000000021895.jpg,7,191,0.976885086194861,-0.7621273398399353,Pol,7,102.0,0.0028304771812844645,56.0,0.0028283474651292053,46.0,0.002824064616530269,0.9816528333717823,0.9691617289533052,0.9713949006172508,24.0,0.002838733781439357,66.0,0.0027866409864156405,52.0,0.0028339815500229,19.0,0.0027552814319444126,,,,,,,0.9949671891627881,0.9944392564319209,0.9958498742030011,0.9769780367557707,,,,,,,,,,,,,,,,,,,,,
308,other,What is running across the beach?,horse,http://images.cocodataset.org/train2014/COCO_train2014_000000131373.jpg,7,173,0.9984133838651565,-1.6434813737869263,Water,7,52.0,0.002041252366610783,98.0,0.0019794623242513215,22.0,0.001961790111417928,0.9733027434582409,0.9821002516625609,0.960058249314534,33.0,0.0020044582611950025,16.0,0.0019774278379409878,24.0,0.0020466984914131263,22.0,0.0020203879031327515,,,,,,,0.9338282172507623,0.9248008763572906,0.9949671891627881,0.9849226290193992,,,,,,,,,,,,,,,,,,,,,
309,other,What is causing the smoke?,grill,http://images.cocodataset.org/train2014/COCO_train2014_000000131374.jpg,5,283,0.9993450764030068,-1.6368236541748047,A,5,59.0,0.0018940606599218428,16.0,0.0019057213631343438,62.0,0.0018961997387523313,0.9722060207577706,0.9320201587042914,0.9790824119336105,21.0,0.0018905254693829159,17.0,0.001912784563405523,,,,,,,,,,,0.997618320255157,0.926262155095312,,,,,,,,,,,,,,,,,,,,,,,
310,other,What ethnicity is the man?,african american,http://images.cocodataset.org/train2014/COCO_train2014_000000109277.jpg,3,292,0.9957693685782681,-0.3240077793598175,Black,3,21.0,0.002297816230120498,27.0,0.0023967457916207334,17.0,0.0024165939010718793,0.9663407895758984,0.9228272577119625,0.9878171319090819,,,,,,,,,,,,,,,,,,,,,,,,,,,,,,,,,,,,,,,
311,other,Is the man wearing shorts or pants?,shorts,http://images.cocodataset.org/train2014/COCO_train2014_000000131376.jpg,2,221,0.9441913093803402,-0.2076064944267273,Short,2,47.0,0.014197869830414132,15.0,0.009864351408176627,,,0.9460503593571373,0.9446232142545791,,,,,,,,,,,,,,,,,,,,,,,,,,,,,,,,,,,,,,,,
312,color recognition,What color is the players shirt?,orange,http://images.cocodataset.org/train2014/COCO_train2014_000000458752.jpg,5,284,0.9965712582956452,-0.180270254611969,Orange,5,16.0,0.002596826559298091,30.0,0.0031657638904876,21.0,0.002720365192406413,0.9401204074720739,0.9236389442794591,0.9152702405299554,11.0,0.0024627983839827852,15.0,0.00268329831814573,,,,,,,,,,,0.9431887805255736,0.9877812438119247,,,,,,,,,,,,,,,,,,,,,,,
313,color recognition,What color is the snow?,white,http://images.cocodataset.org/train2014/COCO_train2014_000000262146.jpg,4,274,0.9821618796359222,-0.110648512840271,White,4,40.0,0.004320269439627024,29.0,0.004398243006227734,15.0,0.004460276249120783,0.9165124619428509,0.9839067104067714,0.8024677973715656,16.0,0.0041634999998343995,,,,,,,,,,,,,0.8903195311147832,,,,,,,,,,,,,,,,,,,,,,,,
314,color recognition,What color is the persons headwear?,red,http://images.cocodataset.org/train2014/COCO_train2014_000000262146.jpg,4,311,0.9973922415158143,-0.2662280201911926,Red,4,16.0,0.00213949674562821,26.0,0.0020943278341799,35.0,0.002286908909565333,0.9056390622295665,0.9519277678640522,0.9469762591163027,22.0,0.0022851608123052422,,,,,,,,,,,,,0.9283266063904659,,,,,,,,,,,,,,,,,,,,,,,,
315,color recognition,What color is the toothbrush?,white and purple,http://images.cocodataset.org/train2014/COCO_train2014_000000393223.jpg,11,146,0.9962865698533057,-1.0207417011260986,White,11,16.0,0.0019383256548894021,17.0,0.0019449760806309608,99.0,0.0019493973753663505,0.9618974703476992,0.8516924496551459,0.9820024253576786,31.0,0.001938141705826993,61.0,0.001943786791355721,31.0,0.0019484159211721164,69.0,0.0019423583189266784,19.0,0.0019464675939519216,34.0,0.0019420980043773591,24.0,0.0019400588320581168,0.9779666143968004,0.9864944770378886,0.9460455524645249,0.9818158423709482,0.9975194757207203,0.9687813293987562,0.9807765320912628,18.0,0.0019400649905789004,,,0.9854122527913256,,,,,,,,,,,,,
316,color recognition,What colors are shown in this picture?,black and white,http://images.cocodataset.org/train2014/COCO_train2014_000000524297.jpg,7,314,0.9913171802093919,-0.3645102083683014,Black,7,19.0,0.0025549753279573637,15.0,0.0024266502440182984,53.0,0.0025349556829870916,0.9649618403823442,0.9877812438119247,0.9360493775970681,16.0,0.002558344201664638,56.0,0.0024753341070891358,21.0,0.0026265120870308323,25.0,0.0024181646216389838,,,,,,,0.8950145145731531,0.9714246771715075,0.958411422117983,1.0,,,,,,,,,,,,,,,,,,,,,
317,color recognition,What color is his hat?,blue,http://images.cocodataset.org/train2014/COCO_train2014_000000393227.jpg,7,170,0.9641100999271494,-0.02392144314944744,Blue,7,40.0,0.006823773783813408,102.0,0.0066282521876417574,20.0,0.005555450835040404,0.9044521771199049,0.9583078251275977,0.951850848028674,24.0,0.006645786289517963,19.0,0.006348674668262357,25.0,0.007091846235589473,15.0,0.004412616019383001,,,,,,,0.9745411476764105,0.9975194757207203,0.832890542803119,0.9609640474436811,,,,,,,,,,,,,,,,,,,,,
318,color recognition,What color is the jacket?,green,http://images.cocodataset.org/train2014/COCO_train2014_000000131084.jpg,0,278,0.9889356188501807,-0.22691766917705536,Green,0,,,,,,,,,,,,,,,,,,,,,,,,,,,,,,,,,,,,,,,,,,,,,,,,
319,color recognition,What color is the sky?,gray,http://images.cocodataset.org/train2014/COCO_train2014_000000393230.jpg,8,190,0.9984534657849753,-0.5028190612792969,Gray,8,69.0,0.002124749083251068,15.0,0.0020308949578089768,15.0,0.0020846020380329666,0.97758727256758,0.982798115178801,0.9877812438119247,29.0,0.0020532588765254317,42.0,0.002085131339472108,15.0,0.002048908994367992,16.0,0.0020337679590891355,15.0,0.0020313143590811114,,,,,0.9937846472611536,0.9637551521108866,0.9664572819896989,0.9415787376332126,0.9473080736174853,,,,,,,,,,,,,,,,,,,,
320,color recognition,What color is his coat?,blue,http://images.cocodataset.org/train2014/COCO_train2014_000000393230.jpg,1,255,0.9789008250386986,-0.057834524661302567,Blue,1,52.0,0.006325132957840007,,,,,0.9379058362905313,,,,,,,,,,,,,,,,,,,,,,,,,,,,,,,,,,,,,,,,,
321,color recognition,What color is the bear?,black,http://images.cocodataset.org/train2014/COCO_train2014_000000137045.jpg,4,272,0.9643426665356069,-0.16323482990264893,Black,4,19.0,0.005602643672817563,15.0,0.003738439232948562,28.0,0.005983900034765358,0.8743862973701078,0.9859247724121322,0.9963070340085629,17.0,0.005898480988229697,,,,,,,,,,,,,0.9127332405984697,,,,,,,,,,,,,,,,,,,,,,,,
322,color recognition,What color are the leaves?,green,http://images.cocodataset.org/train2014/COCO_train2014_000000262171.jpg,6,197,0.9854313796991365,-0.084180548787117,Green,6,53.0,0.002983778455387355,25.0,0.003077451741091913,44.0,0.0028954457261853614,0.969082079331751,0.9899449185263031,0.9819318222437484,38.0,0.002913513021941752,30.0,0.002858677502713933,27.0,0.0028932108314292447,,,,,,,,,0.9697651234231409,0.9793045316669395,0.9344909209500865,,,,,,,,,,,,,,,,,,,,,,
323,color recognition,What color is the umbrella?,pink,http://images.cocodataset.org/train2014/COCO_train2014_000000131101.jpg,2,286,0.9918255876954867,-0.03591538593173027,P,2,26.0,0.0031111320871702454,18.0,0.0027243963561590116,,,0.9629320612355917,0.9955380299191111,,,,,,,,,,,,,,,,,,,,,,,,,,,,,,,,,,,,,,,,
324,color recognition,What color is the vase?,white,http://images.cocodataset.org/train2014/COCO_train2014_000000000030.jpg,5,170,0.930290350875029,-0.029316650703549385,White,5,15.0,0.0052960233202287,230.0,0.006770968567038734,17.0,0.005429500886501458,0.8983958159908183,0.9742757375401584,0.9256134079485958,36.0,0.00681525061173554,15.0,0.0051656842710698396,,,,,,,,,,,0.971093972079518,0.9161314485121342,,,,,,,,,,,,,,,,,,,,,,,
325,color recognition,What color is the napkin?,white,http://images.cocodataset.org/train2014/COCO_train2014_000000043697.jpg,7,265,0.9828613136614176,-0.052065957337617874,White,7,15.0,0.003585787907649155,16.0,0.002955642869146188,18.0,0.004092335963018141,0.944623214254579,0.9822177815287605,0.9081700569267039,25.0,0.004243707674945644,33.0,0.004759962595049512,36.0,0.0038469173301280005,13.0,0.004659389699162221,,,,,,,0.9520963796036712,0.9854734812572029,0.9663767971302669,0.9957274520849255,,,,,,,,,,,,,,,,,,,,,
326,color recognition,What color is the refrigerator?,silver,http://images.cocodataset.org/train2014/COCO_train2014_000000131113.jpg,3,179,0.9935515595875136,-0.22461752593517303,Silver,3,88.0,0.0031153127668455973,25.0,0.0026345869607040766,48.0,0.0026692861667224187,0.9582921370386521,0.9612922645609548,0.9799038349674424,,,,,,,,,,,,,,,,,,,,,,,,,,,,,,,,,,,,,,,
327,color recognition,What color is the plane?,red,http://images.cocodataset.org/train2014/COCO_train2014_000000262187.jpg,2,250,0.9928385521417652,-0.23965920507907867,Red,2,15.0,0.003972632053750249,29.0,0.005503235352780366,,,0.9161314485121342,0.8753954494332271,,,,,,,,,,,,,,,,,,,,,,,,,,,,,,,,,,,,,,,,
328,color recognition,What color horse is closer to the camera?,black,http://images.cocodataset.org/train2014/COCO_train2014_000000000049.jpg,4,218,0.9743643465430482,-0.2762416899204254,Black,4,16.0,0.005397285938822271,13.0,0.005581495972572154,69.0,0.005683975798714811,0.9965119062478288,0.8420887815606471,0.9604357300725903,27.0,0.006380416614479544,,,,,,,,,,,,,0.8997598005436134,,,,,,,,,,,,,,,,,,,,,,,,
329,color recognition,What color is the girl's shirt?,blue,http://images.cocodataset.org/train2014/COCO_train2014_000000393268.jpg,7,183,0.9707380807122531,-0.3036065399646759,Blue,7,27.0,0.005319754243700998,18.0,0.0060523806892059774,39.0,0.005808470075141433,0.935944697445866,0.9435794406736079,0.9374804663397714,37.0,0.004301834378192924,37.0,0.006001924961717806,10.0,0.004023826831967446,51.0,0.0061098343069670435,,,,,,,0.9821342187893697,0.927767940807496,0.9372305632161296,0.9554293273375702,,,,,,,,,,,,,,,,,,,,,
330,color recognition,What color are the flowers?,yellow and white,http://images.cocodataset.org/train2014/COCO_train2014_000000131128.jpg,2,260,0.9938063769642579,-0.3625185191631317,Y,2,15.0,0.0025227248675790312,25.0,0.002667441798233365,,,0.9664572819896988,0.8816298172444137,,,,,,,,,,,,,,,,,,,,,,,,,,,,,,,,,,,,,,,,
331,color recognition,What colors are the flowers?,yellow and white,http://images.cocodataset.org/train2014/COCO_train2014_000000131128.jpg,3,231,0.995798167196745,-0.8477439880371094,Y,3,18.0,0.0021848520960882183,42.0,0.002173566557509665,41.0,0.002147611434230993,0.8929352898779307,0.9704289733928858,0.9607779571868081,,,,,,,,,,,,,,,,,,,,,,,,,,,,,,,,,,,,,,,
332,color recognition,What color is the animal?,gray,http://images.cocodataset.org/train2014/COCO_train2014_000000262204.jpg,5,266,0.9947201619871006,-0.08006220310926437,Gray,5,19.0,0.0025635067564159023,15.0,0.002639112760553705,23.0,0.003000325428459166,0.9769780367557707,0.9609640474436811,0.8840666900918299,21.0,0.002633717719746918,21.0,0.002767072329929319,,,,,,,,,,,0.9898279823399507,0.9479530138916262,,,,,,,,,,,,,,,,,,,,,,,
333,color recognition,What color is the plane?,red and white,http://images.cocodataset.org/train2014/COCO_train2014_000000131133.jpg,6,292,0.9970267205944642,-0.26381203532218933,Red,6,23.0,0.002199868925057642,15.0,0.0021267214350463113,18.0,0.0021077388455876325,0.9321883810995898,0.9877812438119247,0.9524375025776289,16.0,0.0020620840648693742,18.0,0.002059300910972471,26.0,0.0021866845565593094,,,,,,,,,0.9042492561839792,0.9462651872218009,0.9129986686368237,,,,,,,,,,,,,,,,,,,,,,
334,color recognition,What color are the seats?,tan,http://images.cocodataset.org/train2014/COCO_train2014_000000262207.jpg,6,220,0.9884094320776189,-0.711423933506012,Brown,6,17.0,0.003551518506981124,18.0,0.0030772918352180187,16.0,0.003557814354164468,0.8919296718389884,0.9375433175393748,0.949701216438411,19.0,0.0031816608163969013,129.0,0.00426188986127374,24.0,0.0032133554048196524,,,,,,,,,0.9427556840016249,0.9833811595789734,0.9592301465966595,,,,,,,,,,,,,,,,,,,,,,
335,color recognition,What color is the middle vase?,blue,http://images.cocodataset.org/train2014/COCO_train2014_000000458763.jpg,3,261,0.9965171244143329,-0.16503478586673737,Blue,3,15.0,0.002442439476639519,84.0,0.002390253691140774,16.0,0.0027148011422775528,0.9664572819896989,0.983034208640083,0.9755307720176265,,,,,,,,,,,,,,,,,,,,,,,,,,,,,,,,,,,,,,,
336,color recognition,What color is the window frame?,white,http://images.cocodataset.org/train2014/COCO_train2014_000000393291.jpg,7,319,0.9902207291084675,-1.1898740530014038,White,7,22.0,0.002927995007168743,23.0,0.0028359218627001777,17.0,0.0028856788781144328,0.9700357646545448,0.9459180977787195,0.9878171319090819,17.0,0.0027668383402641543,16.0,0.003068670335345206,16.0,0.0029809426470596687,24.0,0.003049597846032353,,,,,,,0.8798970556249559,0.8957541375001011,0.8950145145731531,0.9745411476764105,,,,,,,,,,,,,,,,,,,,,
337,color recognition,What color is the sign?,white,http://images.cocodataset.org/train2014/COCO_train2014_000000131160.jpg,4,219,0.9689114553204238,-1.2718925476074219,Brown,4,37.0,0.004826275248049741,72.0,0.005589779828986213,16.0,0.0047327241707131335,0.9600798967264296,0.952969429114821,0.9618974703476992,17.0,0.004418675482612965,,,,,,,,,,,,,0.9595784770480079,,,,,,,,,,,,,,,,,,,,,,,,
338,color recognition,What color is the tray?,white,http://images.cocodataset.org/train2014/COCO_train2014_000000524377.jpg,9,198,0.9805172303720677,-0.1892745941877365,White,9,17.0,0.003703522862245063,15.0,0.0031678214599780265,27.0,0.00495431139101322,0.9363348190250748,0.9949490477321437,0.9168740213914222,28.0,0.004422208376992593,15.0,0.004176839091571131,18.0,0.0036165721995468645,26.0,0.0037589039864614755,39.0,0.003459333629882342,40.0,0.0034558547290075513,,,0.8968816669458699,0.8830374409547587,0.977342973473178,0.9512228114652609,0.9785206947029632,0.9714740217612283,,,,,,,,,,,,,,,,,,,
339,color recognition,What color is the bathroom?,yellow,http://images.cocodataset.org/train2014/COCO_train2014_000000262159.jpg,6,208,0.9773626696190372,-0.49324047565460205,Y,6,15.0,0.0039800365606108955,7.0,0.0038636702949713477,24.0,0.006453998752191646,0.982798115178801,0.9852281360342515,0.9363649184897271,16.0,0.004525313558585772,63.0,0.0048816296484746995,26.0,0.004873104854127602,,,,,,,,,0.9414280318460244,0.9835075258982703,0.9518454061235637,,,,,,,,,,,,,,,,,,,,,,
340,color recognition,What color is the wall?,yellow,http://images.cocodataset.org/train2014/COCO_train2014_000000262159.jpg,3,233,0.9663121559923682,-0.18320080637931824,Y,3,53.0,0.005760273014597686,66.0,0.005815479573634156,25.0,0.005865097699600727,0.96315450087862,0.9802670336493107,0.9837115354331802,,,,,,,,,,,,,,,,,,,,,,,,,,,,,,,,,,,,,,,
341,color recognition,What color are the bathroom walls?,yellow,http://images.cocodataset.org/train2014/COCO_train2014_000000262159.jpg,4,232,0.9718232115929707,-0.18752096593379974,Y,4,16.0,0.004427486262785031,34.0,0.005986409077528505,66.0,0.005385120413199888,0.9886085007312413,0.937826731624085,0.9802670336493107,25.0,0.005406178069401666,,,,,,,,,,,,,0.9837115354331802,,,,,,,,,,,,,,,,,,,,,,,,
342,color recognition,What color is the sofa?,gray,http://images.cocodataset.org/train2014/COCO_train2014_000000524386.jpg,6,221,0.9992575394761483,-1.1166731119155884,Brown,6,16.0,0.002172078398105681,16.0,0.0019807344500036815,15.0,0.001976965145801102,0.8348683589017412,0.9592101522724051,0.9285012313356796,37.0,0.0021891378708538724,23.0,0.002281405352660939,10.0,0.0020510607703719827,,,,,,,,,0.9539134278551615,0.8710381856146567,0.8649735207179273,,,,,,,,,,,,,,,,,,,,,,
343,color recognition,What color is the man's shirt in the front of the photo?,black,http://images.cocodataset.org/train2014/COCO_train2014_000000131172.jpg,4,256,0.979993801551447,-0.06464851647615433,Black,4,15.0,0.004853741200783185,30.0,0.004482206774380166,36.0,0.004438240444225709,0.8830374409547587,0.9630632035569814,0.943319158281442,15.0,0.0035085978545811975,,,,,,,,,,,,,0.9473080736174853,,,,,,,,,,,,,,,,,,,,,,,,
344,color recognition,What color is the traffic signal?,green,http://images.cocodataset.org/train2014/COCO_train2014_000000393317.jpg,2,217,0.9929056626170393,-0.1388775110244751,Green,2,25.0,0.0032528365927857873,30.0,0.003229137815007527,,,0.8842103182532617,0.8996431878969785,,,,,,,,,,,,,,,,,,,,,,,,,,,,,,,,,,,,,,,,
345,color recognition,What color is the woman's sweater?,gray,http://images.cocodataset.org/train2014/COCO_train2014_000000000110.jpg,6,237,0.9955339951106958,-0.6481379270553589,Gray,6,31.0,0.002735624778965612,34.0,0.0028550178024167668,20.0,0.002864198737544667,0.939870414848049,0.9913617289526951,0.9713107216099232,17.0,0.0027486659512597333,81.0,0.0026375551859960105,21.0,0.003137347178961308,,,,,,,,,0.9360847109776411,0.9660670867006733,0.8559631658263386,,,,,,,,,,,,,,,,,,,,,,
346,color recognition,What color are the chairs?,blue,http://images.cocodataset.org/train2014/COCO_train2014_000000000113.jpg,2,259,0.9836940442223701,-0.07259427011013031,Blue,2,43.0,0.006881591270809909,17.0,0.007757820818710007,,,0.8972202280096727,0.9774178175281716,,,,,,,,,,,,,,,,,,,,,,,,,,,,,,,,,,,,,,,,
347,color recognition,What color is the building?,red,http://images.cocodataset.org/train2014/COCO_train2014_000000131190.jpg,10,117,0.990283146928483,-0.42010945081710815,Red,10,44.0,0.0028357441689822282,79.0,0.002938266364507013,35.0,0.0029930480049953937,0.9833919913052774,0.9693360127401599,0.9678914732998136,66.0,0.003047019704564337,19.0,0.002729556401649756,26.0,0.0034375055705508275,46.0,0.0031087188763020577,64.0,0.0030641320706405253,10.0,0.003121709299723721,33.0,0.003110216533263465,0.9884657597426361,0.9427556840016251,0.9236658308516223,0.9542685857384696,0.9510699739318811,0.8812908992306927,0.9192820326689003,,,,,,,,,,,,,,,,,,
348,color recognition,What color are the flowers?,red,http://images.cocodataset.org/train2014/COCO_train2014_000000131190.jpg,11,95,0.9804629179930578,-0.737014651298523,Red,11,54.0,0.003272864259022858,35.0,0.003530739286781038,76.0,0.003655991283113596,0.9720787658945816,0.9678914732998136,0.9847151417656317,73.0,0.003599439033605867,18.0,0.003279912382662562,17.0,0.003153554378242756,27.0,0.004077578082359305,49.0,0.0038073191699122028,16.0,0.004282315257036821,84.0,0.0036988606598957574,0.9767668572923203,0.9773429734731779,0.9605278493513334,0.9527086220160396,0.9487917866588943,0.9886994082884974,0.9685069987273788,23.0,0.0038966288784172513,,,0.9321883810995899,,,,,,,,,,,,,
349,color recognition,What color is the clock tower in this photo?,white,http://images.cocodataset.org/train2014/COCO_train2014_000000131190.jpg,6,282,0.9920478399773061,-1.0989359617233276,White,6,79.0,0.0030166530163006217,27.0,0.002772035332254718,11.0,0.0024815435261000313,0.9677442456859504,0.9350740572236665,0.9922150607220183,15.0,0.0028299906054793746,20.0,0.002976597823690135,17.0,0.0029046748543777546,,,,,,,,,0.8830374409547587,0.9976834773764092,0.9437600120884535,,,,,,,,,,,,,,,,,,,,,,
350,color recognition,What color plate is this?,white,http://images.cocodataset.org/train2014/COCO_train2014_000000000127.jpg,5,254,0.9881638016780329,-0.13300912082195282,White,5,21.0,0.003925204003845079,23.0,0.004247761314648075,20.0,0.0035618302843943967,0.9517619850443704,0.9237619558190567,0.9156703652986375,39.0,0.004097546071460907,26.0,0.0031698263362879304,,,,,,,,,,,0.9584461041795186,0.9525036629586509,,,,,,,,,,,,,,,,,,,,,,,
351,color recognition,What color are the skis?,yellow,http://images.cocodataset.org/train2014/COCO_train2014_000000262273.jpg,5,333,0.9976014905838189,-0.8610341548919678,Black,5,17.0,0.0024731699972120325,20.0,0.0022998583723386596,29.0,0.0022793617340623397,0.8726389366057715,0.9630603734213403,0.9671441365986523,21.0,0.0024906181708679136,15.0,0.0023038422444118392,,,,,,,,,,,0.9748830897462037,0.9500685975366211,,,,,,,,,,,,,,,,,,,,,,,
352,color recognition,What color is the man's hat?,black,http://images.cocodataset.org/train2014/COCO_train2014_000000262273.jpg,1,236,0.9893483170219125,-0.17934268712997437,Black,1,90.0,0.0034921968344234513,,,,,0.9612644948053067,,,,,,,,,,,,,,,,,,,,,,,,,,,,,,,,,,,,,,,,,
353,color recognition,What color is the woman's shorts?,black,http://images.cocodataset.org/train2014/COCO_train2014_000000524420.jpg,4,338,0.9966253342912317,-0.2393123358488083,Black,4,26.0,0.002353253512402145,27.0,0.0024944180941358193,16.0,0.0024453989493179546,0.9341827334786043,0.9241440130296626,0.886859507142915,16.0,0.002499670885772131,,,,,,,,,,,,,0.886859507142915,,,,,,,,,,,,,,,,,,,,,,,,
354,color recognition,What color is the girl's hair?,red,http://images.cocodataset.org/train2014/COCO_train2014_000000131208.jpg,3,246,0.9945515911940376,-0.17054569721221924,Red,3,29.0,0.002689157988561585,19.0,0.003202324019734991,15.0,0.002716177737461032,0.9679357976510629,0.8614856395892376,0.9543063494363562,,,,,,,,,,,,,,,,,,,,,,,,,,,,,,,,,,,,,,,
355,color recognition,What color is the catcher's pants?,gray,http://images.cocodataset.org/train2014/COCO_train2014_000000284012.jpg,2,296,0.9853302296406911,-0.24340513348579407,White,2,19.0,0.004331693243380921,18.0,0.003514578265735222,,,0.8389921403188865,0.977342973473178,,,,,,,,,,,,,,,,,,,,,,,,,,,,,,,,,,,,,,,,
356,color recognition,What color flowers are on the top right?,purple,http://images.cocodataset.org/train2014/COCO_train2014_000000262283.jpg,5,182,0.9908981697505597,-0.5611609220504761,P,5,52.0,0.0025106302033855313,166.0,0.0024854227146491547,28.0,0.0024504993114819623,0.9840587500123442,0.9788951949544399,0.9439935625075735,62.0,0.0024738337217489626,16.0,0.0024557127935836173,,,,,,,,,,,0.9912401056928286,0.9755307720176266,,,,,,,,,,,,,,,,,,,,,,,
357,color recognition,What color is the cloth?,gray,http://images.cocodataset.org/train2014/COCO_train2014_000000524428.jpg,6,282,0.9933434509885555,-1.1988067626953125,White,6,72.0,0.0027039331144377214,31.0,0.002667855918655921,25.0,0.0026124184824004725,0.9364103032133386,0.9490909276052699,0.961816903130002,20.0,0.002776010187580294,30.0,0.0025910779491860347,20.0,0.0026986855839499155,,,,,,,,,0.9976834773764093,0.9714185391640049,0.9283898247235197,,,,,,,,,,,,,,,,,,,,,,
358,color recognition,What color is the milk carton?,blue,http://images.cocodataset.org/train2014/COCO_train2014_000000000142.jpg,6,174,0.998453404653975,-0.7189103364944458,White,6,192.0,0.001962145622293691,48.0,0.001965426399439011,45.0,0.001932411992829163,0.9825173892318599,0.9674118062600591,0.9644466196655213,18.0,0.0019594209445132535,17.0,0.0019115412756431176,11.0,0.0019132169570425532,,,,,,,,,0.9915323997298832,0.9812327163481073,0.9922150607220183,,,,,,,,,,,,,,,,,,,,,,
359,color recognition,What color is the building?,red,http://images.cocodataset.org/train2014/COCO_train2014_000000000149.jpg,3,217,0.9933023584018729,-0.7648184895515442,Red,3,71.0,0.004122794223540973,15.0,0.0025681173367454865,18.0,0.003556732153525835,0.943603513340573,1.0,0.9535998353544741,,,,,,,,,,,,,,,,,,,,,,,,,,,,,,,,,,,,,,,
360,color recognition,What color is this girl's shirt?,red,http://images.cocodataset.org/train2014/COCO_train2014_000000109986.jpg,7,155,0.9935871611178483,-0.04555020108819008,Red,7,16.0,0.00300083781930166,16.0,0.0027850468990944545,137.0,0.0031240536476290835,0.8980898459737487,0.9681390622295665,0.9506580364820524,11.0,0.0025634082879905473,17.0,0.0031731565617034154,37.0,0.0029165298885070897,15.0,0.0026063122731794573,,,,,,,0.9713067383178076,0.9878171319090819,0.9601285134814619,0.9949490477321437,,,,,,,,,,,,,,,,,,,,,
361,color recognition,What color is the girls hot dog?,red,http://images.cocodataset.org/train2014/COCO_train2014_000000109986.jpg,3,244,0.9970608724860313,-0.5828574895858765,Red,3,26.0,0.002319406537878134,43.0,0.0024910345967495803,20.0,0.0023768748718700273,0.9423805108666357,0.9534161862368437,0.906015005671138,,,,,,,,,,,,,,,,,,,,,,,,,,,,,,,,,,,,,,,
362,color recognition,What color are the girl's lips?,red,http://images.cocodataset.org/train2014/COCO_train2014_000000109986.jpg,3,186,0.9964693566457976,-0.5168693661689758,Red,3,19.0,0.002603382480506672,118.0,0.002799772936885324,25.0,0.0026369531092605104,0.9224323529821663,0.9546120885347935,0.9580888737799607,,,,,,,,,,,,,,,,,,,,,,,,,,,,,,,,,,,,,,,
363,color recognition,What color is the school bus?,blue yellow,http://images.cocodataset.org/train2014/COCO_train2014_000000131225.jpg,3,263,0.9965981898784019,-0.4637051224708557,Blue,3,15.0,0.0024735597494130986,116.0,0.0026114916202768807,17.0,0.002622236346445362,0.9602297178607612,0.9570134697100123,0.9770358764490155,,,,,,,,,,,,,,,,,,,,,,,,,,,,,,,,,,,,,,,
364,color recognition,What color is the bus?,blue and yellow,http://images.cocodataset.org/train2014/COCO_train2014_000000131225.jpg,8,146,0.990335016928178,-0.4359978139400482,Blue,8,16.0,0.0032890342544513868,20.0,0.003046792213804233,30.0,0.003143287443658169,0.949701216438411,0.9927376486136672,0.9313134025058286,181.0,0.003565073375461774,27.0,0.003439107288828223,23.0,0.0026756235650464044,28.0,0.003059304192163926,25.0,0.002383343371930058,,,,,0.9687123236346261,0.9303268625291959,0.9828127520742013,0.9496080672282597,0.963075999575061,,,,,,,,,,,,,,,,,,,,
365,color recognition,What color are the stakes in the dirt?,yellow,http://images.cocodataset.org/train2014/COCO_train2014_000000262299.jpg,1,248,0.9906392802489425,-0.019756117835640907,Y,1,36.0,0.003954113765627742,,,,,0.9518955212388588,,,,,,,,,,,,,,,,,,,,,,,,,,,,,,,,,,,,,,,,,
366,color recognition,What color shirt is the man standing in the background wearing?,yellow,http://images.cocodataset.org/train2014/COCO_train2014_000000262299.jpg,3,200,0.9290884432498558,-0.045112062245607376,Y,3,33.0,0.011781236275228663,59.0,0.014903657114968926,15.0,0.007481802951653278,0.9385467769413564,0.9458135416752785,0.9949490477321437,,,,,,,,,,,,,,,,,,,,,,,,,,,,,,,,,,,,,,,
367,color recognition,What color are the majority of sheep?,black,http://images.cocodataset.org/train2014/COCO_train2014_000000393386.jpg,1,286,0.9761675347310426,-0.2450370192527771,Black,1,52.0,0.00391098359394782,,,,,0.9773095740598235,,,,,,,,,,,,,,,,,,,,,,,,,,,,,,,,,,,,,,,,,
368,color recognition,What color are the flowers?,pink,http://images.cocodataset.org/train2014/COCO_train2014_000000262329.jpg,0,323,0.9992613528461802,-0.12407020479440689,P,0,,,,,,,,,,,,,,,,,,,,,,,,,,,,,,,,,,,,,,,,,,,,,,,,
369,color recognition,What color is the bus?,red and yellow,http://images.cocodataset.org/train2014/COCO_train2014_000000393403.jpg,5,257,0.9923592945945615,-0.6605187058448792,Y,5,30.0,0.0029017658590548986,42.0,0.00282045811283377,18.0,0.003112303899386617,0.9630632035569814,0.9521985787749931,0.8288713632524444,31.0,0.0029152309405338726,15.0,0.003116397380277724,,,,,,,,,,,0.9372164219495243,0.8443536850036222,,,,,,,,,,,,,,,,,,,,,,,
370,color recognition,What color are the girls earrings?,silver,http://images.cocodataset.org/train2014/COCO_train2014_000000524476.jpg,4,101,0.9927160242822215,-1.2039943933486938,Silver,4,342.0,0.0025655403518951223,52.0,0.002400523663166002,17.0,0.002536956348013472,0.9816117024017671,0.9820285811655964,0.9437600120884534,21.0,0.0023547824994710038,,,,,,,,,,,,,0.9785395778702867,,,,,,,,,,,,,,,,,,,,,,,,
371,color recognition,What color is the plate?,white,http://images.cocodataset.org/train2014/COCO_train2014_000000000194.jpg,4,223,0.9917415149553879,-0.10929236561059952,White,4,25.0,0.0036291475928540494,17.0,0.004829797639177115,30.0,0.0045419412458029395,0.9310047223286417,0.8702290979524686,0.9120224112962385,17.0,0.004928804643413808,,,,,,,,,,,,,0.8846148739279867,,,,,,,,,,,,,,,,,,,,,,,,
372,color recognition,What color is the car?,orange,http://images.cocodataset.org/train2014/COCO_train2014_000000393412.jpg,3,55,0.9777073419034993,-0.580768883228302,Orange,3,296.0,0.0041457802039804835,308.0,0.003998388331391561,17.0,0.003982931444217424,0.9700816588822196,0.9731048583897389,0.9127332405984697,,,,,,,,,,,,,,,,,,,,,,,,,,,,,,,,,,,,,,,
373,color recognition,What color is the sign?,black and white,http://images.cocodataset.org/train2014/COCO_train2014_000000393419.jpg,6,266,0.993601050562414,-0.8602081537246704,White,6,87.0,0.0026571293414087795,43.0,0.002581272168110183,18.0,0.002469366237537083,0.9602350904311566,0.9613072939629967,0.9955380299191111,25.0,0.002469811038323299,15.0,0.0023818148061394285,16.0,0.0025552368150254016,,,,,,,,,0.9688722567006118,0.982798115178801,0.985056822321508,,,,,,,,,,,,,,,,,,,,,,
374,color recognition,What color is the girl's brush?,blue,http://images.cocodataset.org/train2014/COCO_train2014_000000131279.jpg,3,253,0.9774331620826636,-0.24044188857078552,Blue,3,43.0,0.00585160437122076,15.0,0.003947828869623236,18.0,0.009023728257444824,0.9086469375045809,0.9473080736174853,1.0,,,,,,,,,,,,,,,,,,,,,,,,,,,,,,,,,,,,,,,
375,color recognition,What color is the comb?,blue,http://images.cocodataset.org/train2014/COCO_train2014_000000131279.jpg,2,263,0.9783407895341166,-0.22881172597408295,Blue,2,42.0,0.0059336144891408244,18.0,0.009141311970206602,,,0.9063258997423382,1.0,,,,,,,,,,,,,,,,,,,,,,,,,,,,,,,,,,,,,,,,
376,color recognition,What color is the table?,brown,http://images.cocodataset.org/train2014/COCO_train2014_000000393428.jpg,4,258,0.9986658754080949,-0.9183312058448792,Brown,4,81.0,0.002088612659794588,46.0,0.002028821109277906,15.0,0.0020354266621488573,0.9552424979453897,0.9680644363323504,0.9877812438119247,17.0,0.00205901903584536,,,,,,,,,,,,,0.9878171319090819,,,,,,,,,,,,,,,,,,,,,,,,
377,color recognition,What color is the knife handle?,silver,http://images.cocodataset.org/train2014/COCO_train2014_000000262359.jpg,3,100,0.9970130362450118,-0.40107446908950806,Silver,3,324.0,0.0021828197453827346,74.0,0.002132167319595649,16.0,0.002163777774065695,0.9831820931756463,0.9744473303025047,0.9965119062478288,,,,,,,,,,,,,,,,,,,,,,,,,,,,,,,,,,,,,,,
378,color recognition,What color eyes does the cat have?,blue,http://images.cocodataset.org/train2014/COCO_train2014_000000393432.jpg,2,228,0.9975512438094631,-0.8774911165237427,Blue,2,30.0,0.0035551543655650154,32.0,0.0034614357654057827,,,0.885934507561467,0.9230218461456751,,,,,,,,,,,,,,,,,,,,,,,,,,,,,,,,,,,,,,,,
379,color recognition,What color is the umbrella?,pink,http://images.cocodataset.org/train2014/COCO_train2014_000000000036.jpg,1,275,0.9992033222511342,-0.03099564090371132,P,1,16.0,0.0021965298647417418,,,,,0.8387794678549646,,,,,,,,,,,,,,,,,,,,,,,,,,,,,,,,,,,,,,,,,
380,color recognition,What color is the man's skin?,white,http://images.cocodataset.org/train2014/COCO_train2014_000000474858.jpg,7,316,0.9964472627937416,-0.13700908422470093,White,7,17.0,0.0025077210574282935,15.0,0.0025848078567811206,18.0,0.002441562851436449,0.8726389366057715,0.9967916319816366,0.9758159039662214,16.0,0.002575728517423642,15.0,0.002398212703713536,52.0,0.0023492539491524076,18.0,0.0021778268073776724,,,,,,,0.9886994082884974,0.9018972358711528,0.9472825801258317,0.9853962684364187,,,,,,,,,,,,,,,,,,,,,
381,color recognition,What color is the shirt of the man standing?,black,http://images.cocodataset.org/train2014/COCO_train2014_000000474858.jpg,2,243,0.9907739058814165,-0.21671147644519806,Black,2,46.0,0.004907105983517852,26.0,0.003749168582035259,,,0.9395957214037033,0.9345154830993555,,,,,,,,,,,,,,,,,,,,,,,,,,,,,,,,,,,,,,,,
382,color recognition,What color is the board?,white,http://images.cocodataset.org/train2014/COCO_train2014_000000474858.jpg,7,245,0.9951646405397856,-1.026063084602356,White,7,17.0,0.002533373779854503,17.0,0.0026569190897811983,36.0,0.0024687257058420642,0.9127332405984697,0.9975025463691152,0.9420436800500009,17.0,0.0025435213357385884,19.0,0.0023857566485287105,13.0,0.0023465680836846354,71.0,0.0023773099520207047,,,,,,,0.8846148739279867,0.8964728241376874,0.8636243031319604,0.9623172777936821,,,,,,,,,,,,,,,,,,,,,
383,color recognition,What colors are in the kite?,"black, blue, red, orange, yellow",http://images.cocodataset.org/train2014/COCO_train2014_000000393438.jpg,10,281,0.9972466421942207,-1.3060107231140137,Red,10,15.0,0.0023751942989355774,47.0,0.002310555215351096,17.0,0.002322285642790456,0.9709505944546686,0.950157852327813,0.8702290979524684,15.0,0.002367014215134747,16.0,0.0024026111549092033,15.0,0.002131365031095875,51.0,0.002240004532402877,32.0,0.0021979603298317822,16.0,0.0023993550071154126,17.0,0.002275232608666772,0.9967916319816366,0.9886994082884974,0.9543063494363562,0.9857444389720967,0.9610080653263697,0.9886994082884974,0.9360847109776411,,,,,,,,,,,,,,,,,,
384,color recognition,What color is the train's bumper?,red,http://images.cocodataset.org/train2014/COCO_train2014_000000165859.jpg,6,222,0.9904713593338847,-0.7382103800773621,Black,6,26.0,0.003418919566684821,49.0,0.0035301047422138933,16.0,0.003155878032804499,0.9308674268443861,0.9357698825458174,0.9618974703476992,19.0,0.00300421341131941,10.0,0.003588780806759239,15.0,0.002812442707774931,,,,,,,,,0.9880900585356662,0.8812908992306927,0.9613833012053531,,,,,,,,,,,,,,,,,,,,,,
385,color recognition,What color dresses are the women wearing?,orange,http://images.cocodataset.org/train2014/COCO_train2014_000000393442.jpg,8,134,0.9552401206071441,-0.9994292259216309,Orange,8,198.0,0.005911040675572324,15.0,0.00473758289450392,56.0,0.005364775169708736,0.972409107546475,0.9018972358711528,0.9466216828799453,17.0,0.005534958890823363,102.0,0.004690753138539936,3.0,0.0033947519784080595,16.0,0.005270160860411686,16.0,0.00528383619885837,,,,,0.8846148739279865,0.9689571741960468,0.0,0.886859507142915,0.8620485698650454,,,,,,,,,,,,,,,,,,,,
386,color recognition,What color is the plate?,white,http://images.cocodataset.org/train2014/COCO_train2014_000000393445.jpg,13,126,0.971542457499105,-0.045978862792253494,White,13,33.0,0.00525420600560889,50.0,0.004447999869425029,18.0,0.0049587967674492636,0.9962859311888502,0.9571724089909192,0.8783471047618534,88.0,0.004859896563505477,28.0,0.004816091932591423,16.0,0.0044038105952621115,22.0,0.004592035640415443,62.0,0.005433599876335096,35.0,0.004830423075297597,17.0,0.003766056036107277,0.9645033145402092,0.8986547565311712,0.9320201587042914,0.9074246850599204,0.9715130688267042,0.9334232465383778,0.932718552659954,43.0,0.004643247383209314,13.0,0.004620591753850447,0.9440349568260117,0.9612366047228759,35.0,0.004498092923013898,,,,,,,0.9346577893095904,,,
387,color recognition,What color is the picket fence?,white,http://images.cocodataset.org/train2014/COCO_train2014_000000524525.jpg,5,271,0.9927323764543222,-0.41347160935401917,White,5,20.0,0.002913161153888873,15.0,0.0031423983097466812,48.0,0.0027331746217406747,0.9703227248076731,0.8443536850036224,0.9839133837409302,33.0,0.0032895988336436024,15.0,0.0030353965825907435,,,,,,,,,,,0.973259728348879,0.9018972358711528,,,,,,,,,,,,,,,,,,,,,,,
388,color recognition,What color is this airplane?,"red, white, and blue",http://images.cocodataset.org/train2014/COCO_train2014_000000000247.jpg,4,229,0.9985722038792555,-0.3670118749141693,Blue,4,29.0,0.0022413611564131687,19.0,0.002315644674318812,25.0,0.0021198396273812824,0.9371477023162291,0.8614856395892376,0.9820988001732522,65.0,0.0022627958677715458,,,,,,,,,,,,,0.9561459387737378,,,,,,,,,,,,,,,,,,,,,,,,
389,color recognition,What color is the woman's shirt?,red,http://images.cocodataset.org/train2014/COCO_train2014_000000262399.jpg,2,278,0.9920345329155767,-0.0749436467885971,Red,2,15.0,0.004199560949022495,15.0,0.00422627607055443,,,0.8649735207179273,0.8830374409547587,,,,,,,,,,,,,,,,,,,,,,,,,,,,,,,,,,,,,,,,
390,color recognition,What color is the lighted sign?,blue,http://images.cocodataset.org/train2014/COCO_train2014_000000000260.jpg,0,290,0.9970570887132896,-0.565628707408905,Blue,0,,,,,,,,,,,,,,,,,,,,,,,,,,,,,,,,,,,,,,,,,,,,,,,,
391,color recognition,What color is the surfboard?,red,http://images.cocodataset.org/train2014/COCO_train2014_000000131339.jpg,1,188,0.9936488055673757,-0.11317336559295654,Red,1,135.0,0.0037492302255466414,,,,,0.9649526086980587,,,,,,,,,,,,,,,,,,,,,,,,,,,,,,,,,,,,,,,,,
392,color recognition,What color is the bus in the mirror?,yellow,http://images.cocodataset.org/train2014/COCO_train2014_000000262415.jpg,6,231,0.9874442201253053,-0.08423630893230438,Y,6,18.0,0.004221324971545471,57.0,0.003509740306707531,29.0,0.003894737353692809,0.920619835714305,0.9637614548748963,0.9705914245664364,26.0,0.004425727388790214,25.0,0.004822109024922492,15.0,0.003578418092122246,,,,,,,,,0.9543125239945704,0.9899449185263033,0.8616157143988104,,,,,,,,,,,,,,,,,,,,,,
393,color recognition,What color is the phone?,gray,http://images.cocodataset.org/train2014/COCO_train2014_000000393489.jpg,8,74,0.9950872873087728,-0.6826223134994507,Silver,8,57.0,0.0023468162683995576,46.0,0.0023020303530758264,18.0,0.002297823102230793,0.9865917804226361,0.976003357361789,0.9853962684364186,87.0,0.0023322812239087625,23.0,0.002312584527745504,102.0,0.0023477933531388605,7.0,0.0023145272618464094,8.0,0.0022493260627357084,,,,,0.986740400928897,0.9849269366259108,0.9804229756634928,0.863120568566631,0.9463946303571862,,,,,,,,,,,,,,,,,,,,
394,color recognition,What color is the shower curtain?,white,http://images.cocodataset.org/train2014/COCO_train2014_000000546179.jpg,7,278,0.9532836833027324,-0.032658979296684265,White,7,34.0,0.005830073293148955,31.0,0.0045591868061082026,17.0,0.00538968284334006,0.9883017096837942,0.9658304877874208,0.9437600120884535,45.0,0.004741215088682448,26.0,0.005288986510953513,16.0,0.005044838942327194,19.0,0.004537589736502598,,,,,,,0.9540234825224603,0.9250751035817213,0.9463946303571862,0.9892422967543257,,,,,,,,,,,,,,,,,,,,,
395,color recognition,What color are the dishes?,pink and yellow,http://images.cocodataset.org/train2014/COCO_train2014_000000000009.jpg,1,248,0.9769606716886154,-0.46928197145462036,Y,1,17.0,0.011343063454409072,,,,,0.8091970544181966,,,,,,,,,,,,,,,,,,,,,,,,,,,,,,,,,,,,,,,,,
396,color recognition,What color is the water in the bathtub?,clear,http://images.cocodataset.org/train2014/COCO_train2014_000000131351.jpg,3,286,0.9985789377756537,-0.482033908367157,Blue,3,15.0,0.002035519244610184,38.0,0.0021369729388983315,26.0,0.002113988625480592,0.9949490477321437,0.9238972726541977,0.9020756323913421,,,,,,,,,,,,,,,,,,,,,,,,,,,,,,,,,,,,,,,
397,color recognition,What color are these mattresses?,white,http://images.cocodataset.org/train2014/COCO_train2014_000000131352.jpg,7,236,0.9961497890863282,-0.1188809871673584,Red,7,15.0,0.0022124017363156054,9.0,0.0021862858311969516,27.0,0.002621253377724921,0.9718495448242642,1.0,0.9274506358581649,17.0,0.002544605774986849,9.0,0.0026641542863169664,15.0,0.0029860854475077217,34.0,0.002914799573112471,,,,,,,0.932718552659954,0.7642045065086203,0.9709505944546686,0.9430738251385548,,,,,,,,,,,,,,,,,,,,,
398,color recognition,What color are the items on the truck?,white,http://images.cocodataset.org/train2014/COCO_train2014_000000393503.jpg,3,251,0.9975614977806581,-1.2306913137435913,White,3,29.0,0.002715041028475589,27.0,0.0024752884896446325,31.0,0.002565950297591291,0.8871056247570228,0.965530792748052,0.9679315953057996,,,,,,,,,,,,,,,,,,,,,,,,,,,,,,,,,,,,,,,
399,color recognition,What color is the locomotive?,black,http://images.cocodataset.org/train2014/COCO_train2014_000000497565.jpg,8,226,0.9737077460118503,-0.06671016663312912,Black,8,21.0,0.00509396790764672,30.0,0.005558150189432755,16.0,0.004763046548294094,0.969354248643417,0.9854256351542897,0.985056822321508,19.0,0.006397328080704866,16.0,0.005331020111306629,19.0,0.005008212812336971,12.0,0.0033602485494189315,21.0,0.006620192887542888,,,,,0.858059727974443,0.8950145145731531,0.8765746478058233,0.9795739585136224,0.9141008920185653,,,,,,,,,,,,,,,,,,,,
400,color recognition,What color is the sky?,orange,http://images.cocodataset.org/train2014/COCO_train2014_000000101431.jpg,5,344,0.9931406016799923,-0.368137925863266,Orange,5,16.0,0.003123913353869952,15.0,0.002920935290515674,25.0,0.0028274437364516586,0.8194483718728035,0.9018972358711528,0.9745455500297384,24.0,0.0027781981258338377,18.0,0.0026769778099056934,,,,,,,,,,,0.9925308085173911,0.9955380299191111,,,,,,,,,,,,,,,,,,,,,,,
401,color recognition,What color is the carpet in the middle of the floor?,blue,http://images.cocodataset.org/train2014/COCO_train2014_000000109277.jpg,8,199,0.9976052451988423,-0.2167404145002365,Blue,8,61.0,0.0021427622445871768,43.0,0.0021469850366825265,59.0,0.0021216338645887755,0.9711179261255573,0.9686131383031913,0.9516741760243251,64.0,0.002126083006457735,20.0,0.0021431091609588407,17.0,0.002120618828389878,68.0,0.002096413042158076,22.0,0.002098939473550891,,,,,0.9601325332796563,0.9197173235750933,0.9127332405984697,0.9931975153896694,0.9904129681145393,,,,,,,,,,,,,,,,,,,,
402,color recognition,What color hat is this man wearing?,black,http://images.cocodataset.org/train2014/COCO_train2014_000000131376.jpg,5,265,0.9609893741325045,-0.17712219059467316,Black,5,41.0,0.004526055260228964,20.0,0.004735096257792432,40.0,0.004527213384211622,0.9626117985622767,0.8713688243068336,0.9729039783290041,20.0,0.004491320557837462,42.0,0.004782631668535612,,,,,,,,,,,0.9197455351500672,0.9737163888533981,,,,,,,,,,,,,,,,,,,,,,,
403,color recognition,What color are the shoelaces?,red,http://images.cocodataset.org/train2014/COCO_train2014_000000131376.jpg,3,341,0.9970628818465693,-0.8854437470436096,Black,3,15.0,0.002232394529691001,29.0,0.002325866405916945,15.0,0.002343515176233757,0.9543063494363562,0.9856439974153609,1.0,,,,,,,,,,,,,,,,,,,,,,,,,,,,,,,,,,,,,,,
404,color recognition,What color is the guy's shirt?,white,http://images.cocodataset.org/train2014/COCO_train2014_000000131376.jpg,3,318,0.9616766112203172,-0.05299367383122444,White,3,17.0,0.005578031642901072,45.0,0.004642633280371884,15.0,0.004447620555266369,0.9774178175281716,0.9476434671702052,0.9602297178607612,,,,,,,,,,,,,,,,,,,,,,,,,,,,,,,,,,,,,,,
405,yes/no,Is this man a professional baseball player?,yes,http://images.cocodataset.org/train2014/COCO_train2014_000000458752.jpg,6,322,0.9961170502705281,-0.37851423025131226,Yes,6,19.0,0.002141715927264788,21.0,0.002288040051183212,15.0,0.00215604266787741,0.9621305296911873,0.9314107237997671,0.982798115178801,17.0,0.0023606121191201922,17.0,0.0022581959408377993,17.0,0.002229626909702717,,,,,,,,,0.8409160494198367,0.9967828263127351,0.925613407948596,,,,,,,,,,,,,,,,,,,,,,
406,yes/no,Is the dog waiting?,yes,http://images.cocodataset.org/train2014/COCO_train2014_000000524291.jpg,2,255,0.9943625588381539,-0.37036120891571045,Yes,2,61.0,0.0027751468210127244,30.0,0.00255014537962645,,,0.9804923702504031,0.9663098545636452,,,,,,,,,,,,,,,,,,,,,,,,,,,,,,,,,,,,,,,,
407,yes/no,Is the sky blue?,yes,http://images.cocodataset.org/train2014/COCO_train2014_000000393221.jpg,10,150,0.9970532053729426,-0.025402333587408066,Yes,10,30.0,0.00216301520054126,22.0,0.0021328384235069545,33.0,0.002137017106962262,0.9824567505740444,0.9538197181912221,0.9675459857166605,112.0,0.0021664098192661348,29.0,0.0021839544345527576,26.0,0.002144250108869409,48.0,0.0021391896560278884,39.0,0.002145306135375279,7.0,0.0021146767064489764,18.0,0.0021294553161262057,0.9700402920229266,0.9442394025086733,0.982565040412523,0.9812028249787846,0.9662673514188368,0.863120568566631,0.9874687506009635,,,,,,,,,,,,,,,,,,
408,yes/no,Is there snow on the mountains?,yes,http://images.cocodataset.org/train2014/COCO_train2014_000000393221.jpg,4,233,0.9935855414646254,-0.0402442030608654,Yes,4,17.0,0.0034285944747347043,42.0,0.0025843279107479983,7.0,0.0022427485265841514,0.9774178175281716,0.9848387273501605,0.9821410328348752,49.0,0.0027488188318922266,,,,,,,,,,,,,0.9575765033105509,,,,,,,,,,,,,,,,,,,,,,,,
409,yes/no,Is the window open?,yes,http://images.cocodataset.org/train2014/COCO_train2014_000000393223.jpg,5,134,0.9988952634375485,-0.5881801247596741,No,5,133.0,0.001950236414289024,127.0,0.0019381451310803376,31.0,0.0019260848058634881,0.9716603337132219,0.9847523011410201,0.9656521302276966,16.0,0.0019464915338338884,45.0,0.0019269125941815725,,,,,,,,,,,0.9755307720176266,0.9888582666816684,,,,,,,,,,,,,,,,,,,,,,,
410,yes/no,Is she brushing?,yes,http://images.cocodataset.org/train2014/COCO_train2014_000000393223.jpg,1,253,0.9910448033603277,-0.07673056423664093,Yes,1,29.0,0.005201599895153172,,,,,0.9160834982214681,,,,,,,,,,,,,,,,,,,,,,,,,,,,,,,,,,,,,,,,,
411,yes/no,Is the man smiling?,no,http://images.cocodataset.org/train2014/COCO_train2014_000000393224.jpg,7,222,0.9991807420838655,-0.0057379999198019505,No,7,77.0,0.0018557264337522481,16.0,0.0018499645195619182,27.0,0.0018564658008567516,0.9803252373464773,0.9724056781360314,0.977777592259756,18.0,0.0018711087307940065,19.0,0.0018676138516471746,17.0,0.0018611742133543645,23.0,0.0018656878790630825,,,,,,,0.8929352898779307,0.9894975386227151,0.8919296718389884,0.9570850556153866,,,,,,,,,,,,,,,,,,,,,
412,yes/no,Does his tie pair well with his suit?,no,http://images.cocodataset.org/train2014/COCO_train2014_000000393224.jpg,3,326,0.99446756560375,-0.5066207051277161,Yes,3,15.0,0.0023023785867317442,16.0,0.0024386012688341844,19.0,0.002534505105549856,0.9161314485121343,0.949701216438411,0.9258628921382102,,,,,,,,,,,,,,,,,,,,,,,,,,,,,,,,,,,,,,,
413,yes/no,Does the man look happy?,no,http://images.cocodataset.org/train2014/COCO_train2014_000000393224.jpg,6,233,0.9991628868201391,-0.0038160085678100586,No,6,92.0,0.0018581385054449366,45.0,0.0018564251490663275,18.0,0.0018714855123053912,0.977090055758878,0.9835920254232464,0.8929352898779307,21.0,0.0018693295747803885,17.0,0.0018628407971657227,22.0,0.0018671937361117363,,,,,,,,,0.9937866610055328,0.8919296718389884,0.9477528103057691,,,,,,,,,,,,,,,,,,,,,,
414,yes/no,Is this photo in color?,no,http://images.cocodataset.org/train2014/COCO_train2014_000000393224.jpg,3,300,0.996855083618471,-0.6839930415153503,Yes,3,20.0,0.0020471038109082626,26.0,0.0021221314206739004,8.0,0.0020405562659598013,0.9596390821693784,0.9433524046116087,0.954434002924965,,,,,,,,,,,,,,,,,,,,,,,,,,,,,,,,,,,,,,,
415,yes/no,Is the man wearing a plain tie?,no,http://images.cocodataset.org/train2014/COCO_train2014_000000393224.jpg,9,209,0.9972209667363426,-0.12846381962299347,No,9,25.0,0.0020261012316974843,40.0,0.0020207295498590127,26.0,0.0020300936681005707,0.9837115354331802,0.9971731337509392,0.9510902942890812,86.0,0.002038782265260433,56.0,0.002045938665671049,47.0,0.0020441516392993315,32.0,0.0020365424923510294,16.0,0.0020267196542610123,19.0,0.00203202357367114,,,0.9599410076873038,0.9923821561918259,0.9417391973894345,0.9789665110555532,0.9965119062478288,0.989497538622715,,,,,,,,,,,,,,,,,,,
416,yes/no,"Judging from the dress, was this taken in a Latin American country?",yes,http://images.cocodataset.org/train2014/COCO_train2014_000000524297.jpg,7,197,0.9992520599555531,-0.6802998185157776,No,7,21.0,0.0018754318392728074,47.0,0.0018774918959292872,33.0,0.0018805658512240243,0.8733952720816309,0.967014774883283,0.9617702563631987,15.0,0.001880790645372491,17.0,0.0018641081765447232,196.0,0.0018877515043365756,28.0,0.0018924388320886094,,,,,,,0.9018972358711528,0.9664022887695614,0.9738921876792955,0.9813785236762205,,,,,,,,,,,,,,,,,,,,,
417,yes/no,Are the men on the sidewalk?,no,http://images.cocodataset.org/train2014/COCO_train2014_000000524297.jpg,0,275,0.9932682637840009,-0.2670884132385254,Yes,0,,,,,,,,,,,,,,,,,,,,,,,,,,,,,,,,,,,,,,,,,,,,,,,,
418,yes/no,Was this photo taken recently?,no,http://images.cocodataset.org/train2014/COCO_train2014_000000524297.jpg,3,102,0.9990625443016803,-0.0034121605567634106,No,3,142.0,0.0018727247698116327,82.0,0.0018827233847248225,154.0,0.001876011011318354,0.9791087896781415,0.9737065943584335,0.9755473145522514,,,,,,,,,,,,,,,,,,,,,,,,,,,,,,,,,,,,,,,
419,yes/no,Does the guy have a tattoo?,yes,http://images.cocodataset.org/train2014/COCO_train2014_000000393227.jpg,1,260,0.9855080532877328,-0.04044297710061073,Yes,1,17.0,0.005092090459718111,,,,,0.951983906543883,,,,,,,,,,,,,,,,,,,,,,,,,,,,,,,,,,,,,,,,,
420,yes/no,Is the man's visor providing his face enough protection?,no,http://images.cocodataset.org/train2014/COCO_train2014_000000393227.jpg,5,170,0.9991674550738456,-0.2768338620662689,No,5,24.0,0.0018709596207816422,15.0,0.0018723988105900813,145.0,0.0018960214242924125,0.9947018912428341,0.9949490477321437,0.9766468992472176,149.0,0.001889480970355999,15.0,0.0018961517365637213,,,,,,,,,,,0.9784762722438185,0.9967916319816366,,,,,,,,,,,,,,,,,,,,,,,
421,yes/no,Is the man riding on a dirt path?,yes,http://images.cocodataset.org/train2014/COCO_train2014_000000131084.jpg,0,259,0.9936255555502489,-0.16387684643268585,Yes,0,,,,,,,,,,,,,,,,,,,,,,,,,,,,,,,,,,,,,,,,,,,,,,,,
422,yes/no,Are the walls done in a summery color?,yes,http://images.cocodataset.org/train2014/COCO_train2014_000000131074.jpg,5,211,0.9982125792914603,-0.6370302438735962,Yes,5,100.0,0.002018920281872872,36.0,0.0019580016800715564,38.0,0.0019409303173481302,0.9775976273369998,0.9553653659218783,0.974249387231552,17.0,0.001928051289531985,10.0,0.0019263942166323927,,,,,,,,,,,0.9719977955078913,0.9602297178607612,,,,,,,,,,,,,,,,,,,,,,,
423,yes/no,Is the curtain patterned?,no,http://images.cocodataset.org/train2014/COCO_train2014_000000131074.jpg,1,246,0.9901709227827101,-0.4622213840484619,Yes,1,24.0,0.005525120123969204,,,,,0.8401749385838428,,,,,,,,,,,,,,,,,,,,,,,,,,,,,,,,,,,,,,,,,
424,yes/no,Are the windows the same size?,yes,http://images.cocodataset.org/train2014/COCO_train2014_000000131074.jpg,7,368,0.9967295126197547,-0.5417677760124207,No,7,15.0,0.0020705953714237452,8.0,0.0020808564864003036,43.0,0.002126994885058592,0.9949490477321437,1.0,0.9684445034012944,34.0,0.0021166070915431038,25.0,0.0021249504359127035,10.0,0.002068877467602907,23.0,0.002124419989827864,,,,,,,0.9356330717889598,0.9934804071359582,0.9911594714322186,0.9321883810995899,,,,,,,,,,,,,,,,,,,,,
425,yes/no,Is there a shadow of a tree in the foreground?,no,http://images.cocodataset.org/train2014/COCO_train2014_000000393230.jpg,3,282,0.9982242117482637,-0.5505661368370056,Yes,3,15.0,0.0020206828838458942,21.0,0.0020180528823808826,114.0,0.0020305751659598567,0.9654013672997089,0.9353777085126236,0.9634000069797747,,,,,,,,,,,,,,,,,,,,,,,,,,,,,,,,,,,,,,,
426,yes/no,Did someone forget his luggage in the snow?,no,http://images.cocodataset.org/train2014/COCO_train2014_000000393230.jpg,7,164,0.9967810073786979,-0.13094952702522278,No,7,76.0,0.002102459087447129,29.0,0.0021028107460561163,15.0,0.002088314153353302,0.9808067869921423,0.9300715749465442,0.9609640474436811,74.0,0.0021129720821864346,88.0,0.0021000090388515863,28.0,0.002127853449373469,26.0,0.0021262359144419937,,,,,,,0.974400181291703,0.9764564399085764,0.898654756531171,0.975031878218105,,,,,,,,,,,,,,,,,,,,,
427,yes/no,Is it daytime?,yes,http://images.cocodataset.org/train2014/COCO_train2014_000000393230.jpg,2,261,0.9952716509534247,-0.18023264408111572,Yes,2,46.0,0.0024810649511438176,16.0,0.0029127209189564545,,,0.9746568640220257,0.9755307720176265,,,,,,,,,,,,,,,,,,,,,,,,,,,,,,,,,,,,,,,,
428,yes/no,Is the person wearing a hat?,no,http://images.cocodataset.org/train2014/COCO_train2014_000000393230.jpg,3,280,0.9958567722823382,-0.45156899094581604,Yes,3,64.0,0.0023739880121386977,17.0,0.002665476863654457,21.0,0.002739390546215267,0.9592866591927972,0.8091970544181966,0.9748830897462037,,,,,,,,,,,,,,,,,,,,,,,,,,,,,,,,,,,,,,,
429,yes/no,Is the dog wearing a collar?,yes,http://images.cocodataset.org/train2014/COCO_train2014_000000131087.jpg,9,253,0.9962516163158588,-0.5533023476600647,Yes,9,16.0,0.0021826079826796447,17.0,0.0022170989002889374,31.0,0.0022005457394396236,0.8348683589017412,0.8846148739279867,0.9701542356516352,24.0,0.0021444854892863274,26.0,0.002195948134275191,15.0,0.0022370626766760287,22.0,0.0021576045867687595,93.0,0.0021726452868727746,17.0,0.002125967735021748,,,0.9368761481098034,0.9892410142019504,0.9709505944546686,0.9434038256873108,0.9804930877505477,0.9963890537299694,,,,,,,,,,,,,,,,,,,
430,yes/no,Is it a clear day?,yes,http://images.cocodataset.org/train2014/COCO_train2014_000000131087.jpg,10,226,0.9978370019348094,-0.07131106406450272,Yes,10,23.0,0.002059507656063024,35.0,0.002043635320769079,16.0,0.002014459140547753,0.992638795254511,0.997043540846725,0.9592101522724052,26.0,0.0020669880172252643,43.0,0.002094010022451439,35.0,0.002054515487108245,19.0,0.0020814621814600506,12.0,0.0020218038811682716,16.0,0.00202243931986678,6.0,0.0020078444311558484,0.9325023032951825,0.9868140013739624,0.9683173340541347,0.9826301639446198,1.0,0.9772170014624825,0.9182958340544896,,,,,,,,,,,,,,,,,,
431,yes/no,Is there a body of water here?,yes,http://images.cocodataset.org/train2014/COCO_train2014_000000131087.jpg,1,278,0.9877181118972188,-0.00148651166819036,Yes,1,28.0,0.004705369185378637,,,,,0.8977787726133677,,,,,,,,,,,,,,,,,,,,,,,,,,,,,,,,,,,,,,,,,
432,yes/no,Is the light on?,no,http://images.cocodataset.org/train2014/COCO_train2014_000000131075.jpg,8,236,0.9989663406898469,-0.5320413112640381,No,8,22.0,0.0019261701123986506,15.0,0.0018865354476447597,33.0,0.0019129671421521544,0.9185661622343082,0.9859247724121322,0.9942851632531713,44.0,0.0019185166671078348,32.0,0.0019028889698910997,38.0,0.0019166895864939145,15.0,0.0019389217609073024,67.0,0.0019168651031221937,,,,,0.9719609413571777,0.9622327822349966,0.9725744986785314,0.9709505944546686,0.9693809416855697,,,,,,,,,,,,,,,,,,,,
433,yes/no,Is the room messy?,no,http://images.cocodataset.org/train2014/COCO_train2014_000000131075.jpg,7,169,0.9982216506159033,-0.07371953129768372,No,7,16.0,0.0019899167533905986,76.0,0.001971969546720017,35.0,0.001976052996785315,0.8387794678549646,0.9722774209190604,0.9607975451763596,63.0,0.001971407296400941,16.0,0.001969125705853437,35.0,0.001981893796823201,59.0,0.0019691907864281847,,,,,,,0.9714314966491285,0.9248008763572906,0.9744720557421883,0.9875226564771564,,,,,,,,,,,,,,,,,,,,,
434,yes/no,Is this a TV screen?,yes,http://images.cocodataset.org/train2014/COCO_train2014_000000131075.jpg,7,180,0.9984300056675987,-0.3538581132888794,No,7,101.0,0.0019502342699642093,15.0,0.001957561648801587,45.0,0.001956796093828487,0.9848973502090335,0.9967916319816366,0.9758553293214521,62.0,0.00195510660979743,46.0,0.0019631045154591856,70.0,0.0019428995968849704,16.0,0.0019407839286448316,,,,,,,0.9816262023117504,0.9793832673956725,0.9596826974115545,0.9755307720176266,,,,,,,,,,,,,,,,,,,,,
435,yes/no,Is there a laptop in the image?,yes,http://images.cocodataset.org/train2014/COCO_train2014_000000131075.jpg,1,263,0.9899130481917642,-0.052329834550619125,Yes,1,25.0,0.003228466753388276,,,,,0.9828039728592469,,,,,,,,,,,,,,,,,,,,,,,,,,,,,,,,,,,,,,,,,
436,yes/no,Is the animal a mammal?,yes,http://images.cocodataset.org/train2014/COCO_train2014_000000137045.jpg,0,283,0.9731870250484078,-0.027721362188458443,Yes,0,,,,,,,,,,,,,,,,,,,,,,,,,,,,,,,,,,,,,,,,,,,,,,,,
437,yes/no,Are there rocks in the picture?,yes,http://images.cocodataset.org/train2014/COCO_train2014_000000131093.jpg,0,269,0.9914965141111377,-0.029671723023056984,Yes,0,,,,,,,,,,,,,,,,,,,,,,,,,,,,,,,,,,,,,,,,,,,,,,,,
438,yes/no,Has the sheep recently been shaved?,no,http://images.cocodataset.org/train2014/COCO_train2014_000000131093.jpg,3,201,0.9973349893548039,-0.5380630493164062,No,3,50.0,0.0021011617763622027,288.0,0.0020995492556164985,23.0,0.002095756309019083,0.9539610939654618,0.9858478108325545,0.9650095768458276,,,,,,,,,,,,,,,,,,,,,,,,,,,,,,,,,,,,,,,
439,yes/no,Are there three sheep?,yes,http://images.cocodataset.org/train2014/COCO_train2014_000000131093.jpg,0,312,0.9961798666844585,-0.3542296588420868,Yes,0,,,,,,,,,,,,,,,,,,,,,,,,,,,,,,,,,,,,,,,,,,,,,,,,
440,yes/no,Is the man having a good time?,yes,http://images.cocodataset.org/train2014/COCO_train2014_000000524311.jpg,3,293,0.9989912250900734,-0.01584663614630699,Yes,3,56.0,0.0019546938488373988,27.0,0.001967200064645965,45.0,0.0019773120956141517,0.9781193825748707,0.965565718548474,0.9808888204044933,,,,,,,,,,,,,,,,,,,,,,,,,,,,,,,,,,,,,,,
441,yes/no,Could this photo be from a zoo?,yes,http://images.cocodataset.org/train2014/COCO_train2014_000000000025.jpg,0,260,0.9898804055162534,-0.0371050089597702,Yes,0,,,,,,,,,,,,,,,,,,,,,,,,,,,,,,,,,,,,,,,,,,,,,,,,
442,yes/no,Are the animals eating?,yes,http://images.cocodataset.org/train2014/COCO_train2014_000000000025.jpg,4,264,0.9951860272036243,-0.33636748790740967,Yes,4,16.0,0.002380864368132092,23.0,0.002368288798957025,16.0,0.00271241853741577,0.9592101522724052,0.9744978312404311,0.949701216438411,23.0,0.0024705061581585964,,,,,,,,,,,,,0.9717954863394009,,,,,,,,,,,,,,,,,,,,,,,,
443,yes/no,Is there a zebra?,no,http://images.cocodataset.org/train2014/COCO_train2014_000000000025.jpg,5,203,0.9964804348523661,-0.028189711272716522,No,5,28.0,0.002084243698638456,213.0,0.0020924388332555248,17.0,0.0020860391390722173,0.9930633401611939,0.9765823139830133,0.9519839065438831,18.0,0.0020885255712236894,29.0,0.002082867659235577,,,,,,,,,,,0.9591479170272447,0.9582057282079467,,,,,,,,,,,,,,,,,,,,,,,
444,yes/no,Is the giraffe eating the tree?,yes,http://images.cocodataset.org/train2014/COCO_train2014_000000000025.jpg,3,255,0.9987683665875453,-0.38046324253082275,No,3,132.0,0.0018963868623333346,27.0,0.0019125148755238723,18.0,0.0019131833130654312,0.9829927814896791,0.9173601644983197,0.9915323997298832,,,,,,,,,,,,,,,,,,,,,,,,,,,,,,,,,,,,,,,
445,yes/no,Are both giraffes standing?,no,http://images.cocodataset.org/train2014/COCO_train2014_000000000025.jpg,8,240,0.9976229039171628,-0.5712001919746399,No,8,75.0,0.002008056255004619,15.0,0.0019892445745284407,26.0,0.0020116997797124015,0.975443428050133,0.9613833012053531,0.9445513709023072,17.0,0.0020079422825059158,17.0,0.002020684700355365,15.0,0.0020155007683175835,26.0,0.0020073047462239196,16.0,0.0020193096377760507,,,,,0.9519839065438831,0.9770358764490155,0.9654013672997089,0.9356642929143764,0.9755307720176265,,,,,,,,,,,,,,,,,,,,
446,yes/no,Are they at a zoo?,yes,http://images.cocodataset.org/train2014/COCO_train2014_000000000025.jpg,0,261,0.990406207866051,-0.23039542138576508,Yes,0,,,,,,,,,,,,,,,,,,,,,,,,,,,,,,,,,,,,,,,,,,,,,,,,
447,yes/no,Are some of the trees dead?,yes,http://images.cocodataset.org/train2014/COCO_train2014_000000000025.jpg,0,258,0.987468234986699,-0.23528894782066345,Yes,0,,,,,,,,,,,,,,,,,,,,,,,,,,,,,,,,,,,,,,,,,,,,,,,,
448,yes/no,Are any of the animals eating?,yes,http://images.cocodataset.org/train2014/COCO_train2014_000000000025.jpg,2,323,0.9912308189554282,-0.41906800866127014,Yes,2,16.0,0.0026604724635464773,23.0,0.0025526443200205094,,,0.9528195311147832,0.9744978312404311,,,,,,,,,,,,,,,,,,,,,,,,,,,,,,,,,,,,,,,,
449,yes/no,Is the giraffe in the shade?,no,http://images.cocodataset.org/train2014/COCO_train2014_000000000025.jpg,10,254,0.9975462781643577,-0.4883396327495575,No,10,16.0,0.002107024349708203,36.0,0.002075770958961893,47.0,0.0020705725753495333,0.8194483718728035,0.9420436800500009,0.9670136668687906,12.0,0.002050747134963993,17.0,0.0020530847902358066,22.0,0.0020460185128168347,15.0,0.00202727637418964,10.0,0.002011904488301082,16.0,0.002061949365478667,16.0,0.0020704609476318394,0.8734790278701756,0.925613407948596,0.972959493974982,0.9664572819896988,0.9372305632161296,0.9755307720176266,0.9755307720176265,,,,,,,,,,,,,,,,,,
450,yes/no,Are these giraffes living free range?,yes,http://images.cocodataset.org/train2014/COCO_train2014_000000000025.jpg,2,159,0.9984632973052593,-0.12748786807060242,No,2,387.0,0.0019409699740311614,27.0,0.0019385401043833445,,,0.9907870113631058,0.951110498267026,,,,,,,,,,,,,,,,,,,,,,,,,,,,,,,,,,,,,,,,
451,yes/no,Is there a rock near the giraffe?,no,http://images.cocodataset.org/train2014/COCO_train2014_000000000025.jpg,8,225,0.995593483414664,-0.27749305963516235,No,8,107.0,0.0021425130057665725,19.0,0.0021441651230156207,7.0,0.0021125526234023915,0.9703751812654714,0.9495113755878275,0.9852281360342515,39.0,0.002137138131673388,11.0,0.002123771583299743,20.0,0.0021446111963033558,19.0,0.0021631341410153597,42.0,0.0021482804758568464,,,,,0.9702557228153024,0.9713067383178076,0.9927376486136672,0.9975194757207203,0.9775960857980963,,,,,,,,,,,,,,,,,,,,
452,yes/no,Are they moving?,yes,http://images.cocodataset.org/train2014/COCO_train2014_000000262172.jpg,3,204,0.9933121638238466,-0.07646968960762024,Yes,3,16.0,0.002508005753733074,63.0,0.00264534783994784,74.0,0.0028885991791497657,0.9724056781360314,0.9741202511890024,0.9760338150012633,,,,,,,,,,,,,,,,,,,,,,,,,,,,,,,,,,,,,,,
453,yes/no,Is this man angry?,no,http://images.cocodataset.org/train2014/COCO_train2014_000000131101.jpg,4,206,0.9992360124168221,-0.16407418251037598,No,4,47.0,0.0018936723287503543,88.0,0.0018942134308306774,18.0,0.0018908301774811555,0.9546347720924793,0.9815798420175459,0.9455305560363264,46.0,0.0018931932285723304,,,,,,,,,,,,,0.9611019624347978,,,,,,,,,,,,,,,,,,,,,,,,
454,yes/no,Are there flowers in the vase?,yes,http://images.cocodataset.org/train2014/COCO_train2014_000000000030.jpg,2,260,0.9938859473592777,-0.01875370368361473,Yes,2,15.0,0.003807297673307979,19.0,0.002946804400295149,,,0.8616157143988104,0.9769780367557707,,,,,,,,,,,,,,,,,,,,,,,,,,,,,,,,,,,,,,,,
455,yes/no,Are the flowers open?,yes,http://images.cocodataset.org/train2014/COCO_train2014_000000000030.jpg,5,83,0.9964847794768953,-0.09731602668762207,Yes,5,169.0,0.002162516781746785,16.0,0.0021273645978732323,206.0,0.002164854750798193,0.9824290536768081,0.9772170014624824,0.9851683502380651,16.0,0.002159496863762222,23.0,0.002171054965315448,,,,,,,,,,,0.985056822321508,0.8757633818798275,,,,,,,,,,,,,,,,,,,,,,,
456,yes/no,Are all the flowers white?,no,http://images.cocodataset.org/train2014/COCO_train2014_000000000030.jpg,4,234,0.9950981947918048,-0.345598965883255,No,4,21.0,0.002083979898331919,81.0,0.00207546374896806,86.0,0.0020863701503563417,0.9586785101742114,0.974162954125113,0.9730785253762286,31.0,0.0020857776785645115,,,,,,,,,,,,,0.9633826059166594,,,,,,,,,,,,,,,,,,,,,,,,
457,yes/no,Is the man standing on both foot?,no,http://images.cocodataset.org/train2014/COCO_train2014_000000524320.jpg,8,260,0.9988313169617532,-0.23377634584903717,No,8,25.0,0.00189507396717375,20.0,0.0018964176058282923,22.0,0.0018878550807061732,0.9323671376818673,0.9976834773764092,0.9490905975029206,17.0,0.0018950466270506172,34.0,0.0018903774234931402,15.0,0.0018918545129581303,35.0,0.0018983760731681443,16.0,0.0018795817244644693,,,,,0.9603948809345499,0.9741591420732646,0.9602297178607612,0.9496160427269891,0.9592101522724052,,,,,,,,,,,,,,,,,,,,
458,yes/no,Was this picture likely taken recently?,no,http://images.cocodataset.org/train2014/COCO_train2014_000000524320.jpg,9,231,0.9990075840502711,-0.2522905170917511,No,9,15.0,0.0018590339632264781,23.0,0.0018776556673938205,23.0,0.0018801951013823906,0.9859247724121322,0.9000719974005987,0.9321883810995898,15.0,0.0018751877034437101,16.0,0.0018805754138052084,36.0,0.0018766257489581809,25.0,0.0018720154440012753,15.0,0.0018667037417007988,36.0,0.001878165658809108,,,0.9602297178607612,0.8957541375001011,0.9505011564923816,0.9745455500297384,0.9446232142545791,0.9470255686762535,,,,,,,,,,,,,,,,,,,
459,yes/no,Do the gentleman's socks match his shoes and belt?,no,http://images.cocodataset.org/train2014/COCO_train2014_000000524320.jpg,7,254,0.9991483349515057,-0.3857079744338989,No,7,15.0,0.001862533876278416,19.0,0.0018694396687974448,30.0,0.0018591328291602492,0.9189900464321514,0.9258628921382102,0.9667179167952263,15.0,0.00185791803278549,21.0,0.0018562065294533804,22.0,0.0018579389695613361,21.0,0.0018600613509240265,,,,,,,0.9877812438119247,0.997618320255157,0.9538197181912221,0.9693542486434172,,,,,,,,,,,,,,,,,,,,,
460,yes/no,Are the zebras facing the same direction?,yes,http://images.cocodataset.org/train2014/COCO_train2014_000000240304.jpg,6,247,0.9971610864667846,-0.4201904535293579,No,6,23.0,0.0021296345598020546,16.0,0.0021301126641085732,219.0,0.0021271456288464306,0.9828913818695839,0.949701216438411,0.9830140019559784,15.0,0.002180483676227547,9.0,0.002070929590937994,3.0,0.002063372112019487,,,,,,,,,0.9709505944546686,0.9057125980138372,0.0,,,,,,,,,,,,,,,,,,,,,,
461,yes/no,Is this a horse?,no,http://images.cocodataset.org/train2014/COCO_train2014_000000000034.jpg,11,200,0.9970948827672484,-0.004053930751979351,No,11,16.0,0.002106202214205592,18.0,0.0021168913523540384,168.0,0.002087272372486114,0.9886994082884974,1.0,0.9813419460317181,57.0,0.0021066062595593107,27.0,0.002088776533542923,44.0,0.002067450884213991,20.0,0.002072820589547895,15.0,0.0020727638267408824,30.0,0.002082444070038567,19.0,0.002074687302198709,0.9899207072741681,0.9946468165806768,0.9746967121939774,0.9854752972273343,0.9877812438119247,0.9965319781619123,0.94841021822029,15.0,0.0020740423824934435,,,0.9500685975366211,,,,,,,,,,,,,
462,yes/no,Are they drinking wine at the child's party?,yes,http://images.cocodataset.org/train2014/COCO_train2014_000000393251.jpg,0,273,0.9905707602020128,-0.2154441773891449,Yes,0,,,,,,,,,,,,,,,,,,,,,,,,,,,,,,,,,,,,,,,,,,,,,,,,
463,yes/no,Is the man wearing glasses?,yes,http://images.cocodataset.org/train2014/COCO_train2014_000000393251.jpg,0,260,0.9841599571054538,-0.019088154658675194,Yes,0,,,,,,,,,,,,,,,,,,,,,,,,,,,,,,,,,,,,,,,,,,,,,,,,
464,yes/no,Is this a good dessert?,yes,http://images.cocodataset.org/train2014/COCO_train2014_000000262180.jpg,7,208,0.9978508022143985,-0.09122651815414429,Yes,7,25.0,0.0020014117444629703,92.0,0.0020334555273766115,36.0,0.002038149552751344,0.9612922645609548,0.9803387815908364,0.9690665569029827,16.0,0.0021424577249266816,16.0,0.0020170774804911707,12.0,0.0020171067183206975,25.0,0.001997742128287439,,,,,,,0.954434002924965,0.9414280318460245,0.9463946303571862,0.9612922645609548,,,,,,,,,,,,,,,,,,,,,
465,yes/no,Are those kites in the air?,yes,http://images.cocodataset.org/train2014/COCO_train2014_000000524325.jpg,1,260,0.9839560899173874,-0.02870563603937626,Yes,1,16.0,0.004369494060363592,,,,,0.9886085007312413,,,,,,,,,,,,,,,,,,,,,,,,,,,,,,,,,,,,,,,,,
466,yes/no,Is this a hot dog?,yes,http://images.cocodataset.org/train2014/COCO_train2014_000000043697.jpg,1,255,0.9937807777206228,-0.014996054582297802,Yes,1,20.0,0.0041055954517889275,,,,,0.8359750080865053,,,,,,,,,,,,,,,,,,,,,,,,,,,,,,,,,,,,,,,,,
467,yes/no,Is there ketchup on the hot dog?,no,http://images.cocodataset.org/train2014/COCO_train2014_000000043697.jpg,4,202,0.9987329312334493,-0.25116032361984253,No,4,48.0,0.0019362866646944943,24.0,0.0019357227323160322,51.0,0.001930940704514169,0.9652485083563767,1.0,0.9782223813118973,40.0,0.0019238947773763358,,,,,,,,,,,,,0.9872791316798871,,,,,,,,,,,,,,,,,,,,,,,,
468,yes/no,Has this hot dog been grilled?,no,http://images.cocodataset.org/train2014/COCO_train2014_000000043697.jpg,6,201,0.9975164721886384,-0.2955838143825531,No,6,15.0,0.0020151913238848815,18.0,0.002020738569288133,10.0,0.002003930346828495,0.9543063494363562,0.9955380299191112,0.9602297178607612,75.0,0.0020460481052913537,24.0,0.002050999356445576,127.0,0.002046866784064508,,,,,,,,,0.973623547951692,0.9949671891627881,0.9821878879876297,,,,,,,,,,,,,,,,,,,,,,
469,yes/no,Have you tried a hot dog like this before?,yes,http://images.cocodataset.org/train2014/COCO_train2014_000000043697.jpg,8,243,0.9967281297394784,-0.4196014106273651,Yes,8,15.0,0.002043659120146522,25.0,0.0020618888055757385,21.0,0.0020613332948105213,0.9613833012053531,0.9922346846492685,0.9722983600493944,17.0,0.0020424605363500575,7.0,0.002040033107688821,40.0,0.0020703726559413737,15.0,0.0020871650604716457,7.0,0.0020550576826824803,,,,,0.9812327163481073,0.9852281360342515,0.9613520539647519,0.9500685975366211,0.863120568566631,,,,,,,,,,,,,,,,,,,,
470,yes/no,Is this a toy-sized truck?,no,http://images.cocodataset.org/train2014/COCO_train2014_000000262184.jpg,5,376,0.995975170032484,-0.09226541966199875,No,5,17.0,0.0020925170115329217,21.0,0.0020709287341325786,40.0,0.002072539832893146,0.9360847109776411,0.9654826361821828,0.9749342868763989,15.0,0.002066508219469317,15.0,0.0020562768157462935,,,,,,,,,,,0.9446232142545791,0.9664572819896988,,,,,,,,,,,,,,,,,,,,,,,
471,yes/no,Is there a carpet on the floor?,yes,http://images.cocodataset.org/train2014/COCO_train2014_000000131113.jpg,5,247,0.988459147002858,-0.35892415046691895,Yes,5,16.0,0.0033847885802849747,32.0,0.0030682878625047268,9.0,0.0030049160018150423,0.9042492561839792,0.9770158892296913,0.9057125980138372,17.0,0.003323260909181974,16.0,0.002903875798389823,,,,,,,,,,,0.9664022887695614,0.9822177815287605,,,,,,,,,,,,,,,,,,,,,,,
472,yes/no,Is this plane landing?,no,http://images.cocodataset.org/train2014/COCO_train2014_000000262187.jpg,7,147,0.9958997287612501,-0.19042296707630157,No,7,18.0,0.002039814047376029,15.0,0.002082032123518811,18.0,0.0020575679297453026,0.9535998353544739,0.9182958340544896,0.9915323997298832,186.0,0.0020615302335702567,80.0,0.0020362767476138914,17.0,0.002030395932433702,19.0,0.0020324504012552286,,,,,,,0.9786063886014121,0.9777386889168928,0.9856676426534905,0.9621305296911873,,,,,,,,,,,,,,,,,,,,,
473,yes/no,Is the plane taking off?,no,http://images.cocodataset.org/train2014/COCO_train2014_000000262187.jpg,6,184,0.9967010182040994,-0.047935303300619125,No,6,18.0,0.0020199330911148195,15.0,0.0020169818346700294,128.0,0.0020140202404541787,0.9535998353544739,0.9877812438119246,0.9877749132842241,15.0,0.001992250196249447,25.0,0.002001598086847071,15.0,0.0019977880433716803,,,,,,,,,0.9859247724121322,0.9879978722659254,0.9613833012053531,,,,,,,,,,,,,,,,,,,,,,
474,yes/no,Are these airliners?,yes,http://images.cocodataset.org/train2014/COCO_train2014_000000131118.jpg,7,316,0.9975666819675914,-0.16046079993247986,No,7,15.0,0.002042458716089842,15.0,0.002020123643809369,16.0,0.0020182150624921394,0.7835807040488099,0.9602297178607612,0.9965119062478288,41.0,0.00201022569190882,13.0,0.00200592120164465,17.0,0.0020059677835331676,22.0,0.001995667191065181,,,,,,,0.9821449854485488,0.9770455804590027,0.9605278493513334,0.9888167467420675,,,,,,,,,,,,,,,,,,,,,
475,yes/no,Are this cargo planes?,yes,http://images.cocodataset.org/train2014/COCO_train2014_000000131118.jpg,7,351,0.9967954248016098,-0.3351542055606842,No,7,32.0,0.002070089534957274,19.0,0.0020611500866636405,5.0,0.0020349097562422105,0.9914290233306116,0.9892422967543257,0.9709505944546686,15.0,0.002049531182745632,17.0,0.0020781713963267095,28.0,0.002057194149435868,19.0,0.002071331404333291,,,,,,,0.9446232142545791,0.9770358764490155,0.9606443989386806,0.9495113755878275,,,,,,,,,,,,,,,,,,,,,
476,yes/no,Is this bear a normal size?,no,http://images.cocodataset.org/train2014/COCO_train2014_000000262191.jpg,3,329,0.9971821326376081,-0.268263041973114,No,3,28.0,0.0020741760941755693,17.0,0.0020158632112489546,16.0,0.0020361670748716416,0.9743259280978503,0.9936520348079905,0.9886085007312413,,,,,,,,,,,,,,,,,,,,,,,,,,,,,,,,,,,,,,,
477,yes/no,Is there a flower arrangement on the lawn?,yes,http://images.cocodataset.org/train2014/COCO_train2014_000000000049.jpg,0,264,0.9889690086526545,-0.257284551858902,Yes,0,,,,,,,,,,,,,,,,,,,,,,,,,,,,,,,,,,,,,,,,,,,,,,,,
478,yes/no,Are they playing polo?,no,http://images.cocodataset.org/train2014/COCO_train2014_000000000049.jpg,3,229,0.9967868045262978,-0.6476858258247375,No,3,176.0,0.002142933378040096,56.0,0.0021364325828546723,25.0,0.0021554758449850286,0.9854488638318297,0.9811960762492157,0.911969055940984,,,,,,,,,,,,,,,,,,,,,,,,,,,,,,,,,,,,,,,
479,yes/no,Is this man reading a cell phone screen?,no,http://images.cocodataset.org/train2014/COCO_train2014_000000524338.jpg,7,152,0.9993307627052339,-0.08000247180461884,No,7,22.0,0.0018290016717535836,39.0,0.0018323663215515488,50.0,0.0018388146301971152,0.9801965232987645,0.972943953004915,0.9401816063813638,75.0,0.001840464226925101,118.0,0.0018397535292060691,66.0,0.0018402747846055917,26.0,0.0018404763307414364,,,,,,,0.9864016666788857,0.9730543144577853,0.9773127214743076,0.9892410142019504,,,,,,,,,,,,,,,,,,,,,
480,yes/no,Is there a stop sign in the picture?,yes,http://images.cocodataset.org/train2014/COCO_train2014_000000131126.jpg,5,259,0.993193608964634,-0.2557936906814575,No,5,17.0,0.0023138518263310704,30.0,0.002266654613205497,26.0,0.0022416454402397366,0.9603948809345497,0.9929027057432841,0.9860445386707747,46.0,0.002238879837119138,15.0,0.0022780989785716136,,,,,,,,,,,0.9889262101774772,1.0,,,,,,,,,,,,,,,,,,,,,,,
481,yes/no,Is the man unhappy?,no,http://images.cocodataset.org/train2014/COCO_train2014_000000131127.jpg,9,233,0.9971133563960718,-0.061461810022592545,No,9,15.0,0.0020008047841751277,15.0,0.00200184857951113,40.0,0.002002745850019808,0.9949490477321437,0.9949490477321437,0.9838904396087176,15.0,0.0020040095189762844,8.0,0.0020045605247502145,40.0,0.002007275425131019,7.0,0.0020021288200746707,10.0,0.002022876402668857,7.0,0.0020433326324653836,,,0.9949490477321437,1.0,0.9923271216328927,0.863120568566631,1.0,0.0,,,,,,,,,,,,,,,,,,,
482,yes/no,Are the men going to share the bananas?,no,http://images.cocodataset.org/train2014/COCO_train2014_000000131127.jpg,8,240,0.9981849725594162,-0.36111581325531006,No,8,21.0,0.0019734993666746248,32.0,0.0019665429442216847,15.0,0.0019298155852915358,0.9092748525610022,0.9564659747322873,0.9664572819896989,16.0,0.0019309307953702204,44.0,0.001931839534764247,22.0,0.0019303339148170082,15.0,0.0019415910494014754,37.0,0.001937848298288532,,,,,0.9886085007312413,0.9761491750835453,0.9686784727578369,0.9877812438119247,0.9674162037809333,,,,,,,,,,,,,,,,,,,,
483,yes/no,Do the painted flowers match the real ones?,no,http://images.cocodataset.org/train2014/COCO_train2014_000000131128.jpg,6,124,0.9985705497038647,-0.4246799349784851,No,6,115.0,0.0018930724369937402,34.0,0.0018898391104360825,120.0,0.0018900293570030277,0.977116556150756,0.9656925782301792,0.9947199361581988,8.0,0.0018869260148242054,15.0,0.001886757083748744,21.0,0.0018857273559947994,,,,,,,,,1.0,0.982798115178801,0.9785395778702867,,,,,,,,,,,,,,,,,,,,,,
484,yes/no,Will the birds go into the water?,no,http://images.cocodataset.org/train2014/COCO_train2014_000000262201.jpg,3,253,0.9987363350891071,-0.06983498483896255,No,3,43.0,0.002007409100797455,31.0,0.0019397549780462734,29.0,0.0019232854645062707,0.9955636402652732,0.9794708216161814,0.9914052686851597,,,,,,,,,,,,,,,,,,,,,,,,,,,,,,,,,,,,,,,
485,yes/no,Is this bird afraid of the ledge?,no,http://images.cocodataset.org/train2014/COCO_train2014_000000262201.jpg,7,225,0.9984461851062495,-0.4405147135257721,No,7,40.0,0.0020207492170914733,17.0,0.0019394376421883236,10.0,0.0019475230243327902,0.9834291175180647,0.9936520348079905,0.9602297178607612,45.0,0.001977899812730297,21.0,0.001959925613613122,10.0,0.0019426679607514271,15.0,0.0019559231871558143,,,,,,,0.9876068663852666,0.9663407895758984,0.9602297178607612,0.9446232142545791,,,,,,,,,,,,,,,,,,,,,
486,yes/no,Are the mountains high?,yes,http://images.cocodataset.org/train2014/COCO_train2014_000000131133.jpg,7,143,0.9968033733664432,-0.06640634685754776,Yes,7,15.0,0.0021199362407554206,15.0,0.002156487809315718,17.0,0.00218441070861545,0.9664572819896989,0.8616157143988104,0.9603948809345497,104.0,0.0021841960001647573,158.0,0.0021681838633777423,11.0,0.0021726083986452946,37.0,0.0021666910645486456,,,,,,,0.9723487673678095,0.982162682451395,0.9456603046006401,0.9420627482962801,,,,,,,,,,,,,,,,,,,,,
487,yes/no,Is there a person standing in front of the television?,yes,http://images.cocodataset.org/train2014/COCO_train2014_000000262207.jpg,2,244,0.9951995162453723,-0.04789190739393234,Yes,2,15.0,0.0026669126634469116,31.0,0.0034403514979295734,,,0.9949490477321437,0.9105274950791448,,,,,,,,,,,,,,,,,,,,,,,,,,,,,,,,,,,,,,,,
488,yes/no,Is there enough room under the armchairs for a cat to hide?,yes,http://images.cocodataset.org/train2014/COCO_train2014_000000262207.jpg,5,289,0.9987158365169193,-0.5105834007263184,No,5,32.0,0.001887928438127816,16.0,0.0019051749545739422,16.0,0.0018919909382862769,0.9924056671541609,0.9755307720176266,0.9528195311147832,36.0,0.0019128520817061703,31.0,0.0019111114022069074,,,,,,,,,,,0.9362049449123399,0.9488028147802999,,,,,,,,,,,,,,,,,,,,,,,
489,yes/no,Are there numbers on the clock face?,no,http://images.cocodataset.org/train2014/COCO_train2014_000000000064.jpg,6,257,0.9979152126086924,-0.5048215985298157,Yes,6,19.0,0.002111648415634554,31.0,0.002036454266356779,17.0,0.001978536137723141,0.8614856395892379,0.9700191163411939,0.9719977955078916,27.0,0.0020363465598197787,18.0,0.0020817259003670474,18.0,0.0020754170733144326,,,,,,,,,0.9707537064911387,0.8763576394898522,0.9182958340544894,,,,,,,,,,,,,,,,,,,,,,
490,yes/no,Is there a big tree behind the clock?,yes,http://images.cocodataset.org/train2014/COCO_train2014_000000000064.jpg,1,270,0.9946891556579619,-0.11533576250076294,Yes,1,16.0,0.0033220203289681506,,,,,0.7743974703476992,,,,,,,,,,,,,,,,,,,,,,,,,,,,,,,,,,,,,,,,,
491,yes/no,Is this a wedding?,no,http://images.cocodataset.org/train2014/COCO_train2014_000000458763.jpg,4,238,0.9955540376651445,-0.0020574619993567467,No,4,30.0,0.002075127631762858,16.0,0.0020530237320619173,59.0,0.0020715035505778803,0.965706357590595,1.0,0.9890448669405092,19.0,0.0020566629628808934,,,,,,,,,,,,,0.9880900585356662,,,,,,,,,,,,,,,,,,,,,,,,
492,yes/no,Does the crust look burnt?,yes,http://images.cocodataset.org/train2014/COCO_train2014_000000567990.jpg,2,245,0.993186928384316,-0.17696110904216766,Yes,2,19.0,0.004755187578616055,12.0,0.004324742525434274,,,0.8614856395892376,0.7896900821428475,,,,,,,,,,,,,,,,,,,,,,,,,,,,,,,,,,,,,,,,
493,yes/no,Does this pizza have a deep dish crust?,yes,http://images.cocodataset.org/train2014/COCO_train2014_000000567990.jpg,2,302,0.9992930851571011,-0.6599959135055542,No,2,49.0,0.0019229492129380218,28.0,0.001888134109546922,,,0.9386120544132323,0.9798512813478703,,,,,,,,,,,,,,,,,,,,,,,,,,,,,,,,,,,,,,,,
494,yes/no,Is the banana freshly peeled?,yes,http://images.cocodataset.org/train2014/COCO_train2014_000000393286.jpg,5,168,0.998785326082523,-0.30123379826545715,Yes,5,25.0,0.0019441625849301132,29.0,0.0019429548025500373,47.0,0.0019437892167203938,0.9242479625209289,0.9626897130117451,0.9789369758098693,16.0,0.0019498179939046296,210.0,0.0019352645859770938,,,,,,,,,,,0.8957541375001011,0.9868677130486195,,,,,,,,,,,,,,,,,,,,,,,
495,yes/no,Is the banana closed?,no,http://images.cocodataset.org/train2014/COCO_train2014_000000393286.jpg,5,225,0.9981805976942134,-0.14718784391880035,No,5,16.0,0.0019431762393614495,7.0,0.0019336982343811646,20.0,0.001946757236600715,0.9414280318460245,0.9852281360342515,0.9927376486136672,122.0,0.0019455762222212831,20.0,0.0019632479819252564,,,,,,,,,,,0.9723608808180684,0.8713688243068336,,,,,,,,,,,,,,,,,,,,,,,
496,yes/no,Does this photo show train tracks?,yes,http://images.cocodataset.org/train2014/COCO_train2014_000000000071.jpg,3,270,0.9971569692146198,-0.053814686834812164,Yes,3,16.0,0.0023460242935643438,15.0,0.0023817301374053665,15.0,0.0023690525556741907,0.9772170014624824,0.9446232142545791,0.982798115178801,,,,,,,,,,,,,,,,,,,,,,,,,,,,,,,,,,,,,,,
497,yes/no,Does this train work?,yes,http://images.cocodataset.org/train2014/COCO_train2014_000000000071.jpg,1,272,0.9951482702919953,-0.051968950778245926,Yes,1,16.0,0.002649600020437412,,,,,0.9822177815287605,,,,,,,,,,,,,,,,,,,,,,,,,,,,,,,,,,,,,,,,,
498,yes/no,Are the giraffes under the trees?,yes,http://images.cocodataset.org/train2014/COCO_train2014_000000000072.jpg,0,302,0.9960965478350414,-0.13091439008712769,Yes,0,,,,,,,,,,,,,,,,,,,,,,,,,,,,,,,,,,,,,,,,,,,,,,,,
499,yes/no,Are there 3 elephants?,yes,http://images.cocodataset.org/train2014/COCO_train2014_000000393228.jpg,4,275,0.9963823310479197,-0.40117257833480835,Yes,4,16.0,0.0021913873145775636,16.0,0.0025267613867512233,29.0,0.002535052537604517,0.9592101522724052,0.886859507142915,0.9596184531011467,52.0,0.00247440439414105,,,,,,,,,,,,,0.9500216793615722,,,,,,,,,,,,,,,,,,,,,,,,
500,yes/no,Are all of the elephants full grown?,no,http://images.cocodataset.org/train2014/COCO_train2014_000000393228.jpg,4,277,0.9986236988077402,-0.040153179317712784,No,4,17.0,0.001943870537531353,24.0,0.0019644219431194806,146.0,0.0019672807945304268,0.9664022887695614,0.9745411476764105,0.9732169842478507,39.0,0.0019544580687960687,,,,,,,,,,,,,0.9764134284076663,,,,,,,,,,,,,,,,,,,,,,,,
501,yes/no,Are the elephants in the jungle?,yes,http://images.cocodataset.org/train2014/COCO_train2014_000000393228.jpg,1,253,0.9898184715549493,-0.011168568395078182,Yes,1,19.0,0.005549530835282247,,,,,0.8327120892439798,,,,,,,,,,,,,,,,,,,,,,,,,,,,,,,,,,,,,,,,,
502,yes/no,Is the woman eating the pizza?,no,http://images.cocodataset.org/train2014/COCO_train2014_000000393290.jpg,10,214,0.9990786928963495,-0.0803610235452652,No,10,24.0,0.001864364515292135,16.0,0.00186188842001742,24.0,0.001877200418102839,0.9744707946273875,0.9886085007312413,0.9320027314271102,39.0,0.0018765296266214787,38.0,0.0018733307494626361,57.0,0.0018795682332675588,18.0,0.0018695336421136416,21.0,0.0018726595248799824,22.0,0.001870765819553924,16.0,0.0018692853815216112,0.9846164268099122,0.9540025720472327,0.9599093246103184,0.9081700569267039,0.9420864622689729,0.9598452870248484,0.9755307720176266,,,,,,,,,,,,,,,,,,
503,yes/no,Are there any reflections in this picture?,no,http://images.cocodataset.org/train2014/COCO_train2014_000000393291.jpg,0,329,0.9988673550088059,-0.6593544483184814,No,0,,,,,,,,,,,,,,,,,,,,,,,,,,,,,,,,,,,,,,,,,,,,,,,,
504,yes/no,Is the water on?,no,http://images.cocodataset.org/train2014/COCO_train2014_000000393292.jpg,5,245,0.9965598017515351,-0.5205438137054443,Yes,5,15.0,0.002062957495986544,84.0,0.002081426278326834,19.0,0.002194397102169901,0.9446232142545791,0.9819965442686592,0.8614856395892376,16.0,0.002172594347693916,26.0,0.002100138134837074,,,,,,,,,,,0.9320201587042914,0.9736866844928154,,,,,,,,,,,,,,,,,,,,,,,
505,yes/no,Is this photo outdoors?,yes,http://images.cocodataset.org/train2014/COCO_train2014_000000393292.jpg,1,235,0.9794476252161587,-0.02482321858406067,Yes,1,20.0,0.00792926188393214,,,,,0.8550976671496154,,,,,,,,,,,,,,,,,,,,,,,,,,,,,,,,,,,,,,,,,
506,yes/no,Are the clock and owl made in the same artistic fashion?,no,http://images.cocodataset.org/train2014/COCO_train2014_000000000078.jpg,7,245,0.9981062244770071,-0.6443197131156921,Yes,7,38.0,0.001908574258169566,16.0,0.0018981200203207927,47.0,0.0019263769457647192,0.9717196719014215,0.9414280318460245,0.9687093199559854,15.0,0.0018942760325262537,30.0,0.0018852098482442258,25.0,0.001900042455713505,16.0,0.0019005923596333379,,,,,,,0.9664572819896988,0.9865915843467611,0.9719629156972361,0.9248008763572907,,,,,,,,,,,,,,,,,,,,,
507,yes/no,Is that owl a candle?,yes,http://images.cocodataset.org/train2014/COCO_train2014_000000000078.jpg,1,272,0.9959347055816128,-0.28880995512008667,Yes,1,22.0,0.002444981330571447,,,,,0.9787533425105092,,,,,,,,,,,,,,,,,,,,,,,,,,,,,,,,,,,,,,,,,
508,yes/no,Does this planes tail have 4 colors?,no,http://images.cocodataset.org/train2014/COCO_train2014_000000000081.jpg,8,237,0.9985854876947324,-0.5323801040649414,Yes,8,60.0,0.0018919049356335058,17.0,0.0018993915743620489,23.0,0.0018954746040053953,0.9837839799880819,0.9770358764490155,0.9527439088345311,16.0,0.0018951110380616477,25.0,0.0018956852253172501,15.0,0.0018878140890891061,85.0,0.00189592074754928,18.0,0.0018782496273706702,,,,,0.9965119062478288,0.9668212623277386,0.8983958159908183,0.9848739240981537,0.9649450424307694,,,,,,,,,,,,,,,,,,,,
509,yes/no,Is this plane landing?,no,http://images.cocodataset.org/train2014/COCO_train2014_000000000081.jpg,9,228,0.9982973890972934,-0.19036851823329926,No,9,17.0,0.0019693955435906435,18.0,0.0019689958419116427,15.0,0.001960787090557306,0.9856676426534905,0.9773429734731779,0.982798115178801,15.0,0.0019769355696878307,15.0,0.001972119025015719,15.0,0.0019623251748937696,25.0,0.0019941263808904413,59.0,0.001965806677851022,60.0,0.0019717718880989327,,,0.9877812438119246,1.0,0.9543063494363562,0.9609640474436811,0.9806245516131381,0.988741314651607,,,,,,,,,,,,,,,,,,,
510,yes/no,Is this plane taking off?,no,http://images.cocodataset.org/train2014/COCO_train2014_000000000081.jpg,8,266,0.9934308578588184,-0.4482436180114746,Yes,8,26.0,0.0027430364215971664,17.0,0.002463308534547721,9.0,0.0025292191710004092,0.9359279393493115,0.9503435562077924,0.9910760598382222,12.0,0.0024884409562838817,20.0,0.0026865818754728097,29.0,0.002819838133518763,18.0,0.002598596518500874,22.0,0.00267987035472911,,,,,0.9808340377961404,0.951850848028674,0.9478270113066951,0.9625632797054146,0.9849226290193991,,,,,,,,,,,,,,,,,,,,
511,yes/no,Are these wings strong?,yes,http://images.cocodataset.org/train2014/COCO_train2014_000000000081.jpg,7,240,0.9986274979974531,-0.03296109288930893,Yes,7,42.0,0.002007993886296972,34.0,0.0020361793664113764,35.0,0.0020143037819543076,0.9799868507896767,0.9980273989850146,0.9764874965084083,7.0,0.0019747787477885866,27.0,0.0020322956731804475,54.0,0.0020211141808594278,13.0,0.0020247808324265443,,,,,,,0.9852281360342515,0.9889836699098602,0.9814704888910203,0.9214632400757701,,,,,,,,,,,,,,,,,,,,,
512,yes/no,Is that a bicycle?,yes,http://images.cocodataset.org/train2014/COCO_train2014_000000000086.jpg,1,241,0.9795709262204694,-0.05873183161020279,Yes,1,16.0,0.005077714500853331,,,,,0.9592101522724052,,,,,,,,,,,,,,,,,,,,,,,,,,,,,,,,,,,,,,,,,
513,yes/no,Is this a cow farm?,yes,http://images.cocodataset.org/train2014/COCO_train2014_000000524375.jpg,6,226,0.9975674857875071,-0.03129872679710388,No,6,17.0,0.002021615328049996,27.0,0.002017247637223848,71.0,0.0020559974258542225,0.9963890537299693,0.963497112725633,0.9682031777871805,41.0,0.0020547667758387934,36.0,0.002030241219434521,9.0,0.0020277363126194135,,,,,,,,,0.9783365693460031,0.9830459550911949,0.9182958340544896,,,,,,,,,,,,,,,,,,,,,,
514,yes/no,Is this a prairie?,yes,http://images.cocodataset.org/train2014/COCO_train2014_000000524375.jpg,2,281,0.9944976512445955,-0.5197040438652039,Yes,2,22.0,0.0028841370165393083,18.0,0.0031599435890267125,,,0.931400125098263,0.8588801260706667,,,,,,,,,,,,,,,,,,,,,,,,,,,,,,,,,,,,,,,,
515,yes/no,Is there a village in the background?,no,http://images.cocodataset.org/train2014/COCO_train2014_000000524375.jpg,4,291,0.996321410106166,-0.08211715519428253,No,4,18.0,0.0021364651128827302,10.0,0.002114561805632603,48.0,0.0021476942446720334,0.9854122527913256,0.9602297178607612,0.9808254900305513,61.0,0.0021939619750496095,,,,,,,,,,,,,0.9476173328487597,,,,,,,,,,,,,,,,,,,,,,,,
516,yes/no,Would you be able to find a mosque in this city?,yes,http://images.cocodataset.org/train2014/COCO_train2014_000000131160.jpg,0,277,0.9901112333016111,-0.0065500205382704735,Yes,0,,,,,,,,,,,,,,,,,,,,,,,,,,,,,,,,,,,,,,,,,,,,,,,,
517,yes/no,Is there ketchup?,no,http://images.cocodataset.org/train2014/COCO_train2014_000000524377.jpg,2,248,0.9985430819962596,-0.17368507385253906,No,2,35.0,0.0019304229599561358,81.0,0.001917954536029657,,,0.9446785702546555,0.984669380416672,,,,,,,,,,,,,,,,,,,,,,,,,,,,,,,,,,,,,,,,
518,yes/no,Is the hotdog well seasoned?,yes,http://images.cocodataset.org/train2014/COCO_train2014_000000524377.jpg,9,232,0.9983906598725526,-0.1033540740609169,Yes,9,16.0,0.0019480683187166443,49.0,0.001958145256621474,39.0,0.0019685483337471385,0.9772170014624825,0.9896785369369563,0.979171411284879,15.0,0.0019716886846689275,22.0,0.001953744250720064,20.0,0.001980799847052017,6.0,0.0019334274715414647,26.0,0.0019551672729115313,19.0,0.002025812169974979,,,0.9602297178607612,0.9961982334892152,0.9283898247235197,0.9182958340544896,0.9743092791511183,0.8693978806749074,,,,,,,,,,,,,,,,,,,
519,yes/no,Is this a healthy meal?,no,http://images.cocodataset.org/train2014/COCO_train2014_000000524377.jpg,1,203,0.9989510452022585,-0.015655234456062317,No,1,209.0,0.0018791918924292083,,,,,0.9734778010571257,,,,,,,,,,,,,,,,,,,,,,,,,,,,,,,,,,,,,,,,,
520,yes/no,Is there a spoon in this photo?,no,http://images.cocodataset.org/train2014/COCO_train2014_000000524377.jpg,2,251,0.9985173591785109,-0.023823648691177368,No,2,35.0,0.0019368931971209685,77.0,0.0019262906606911292,,,0.9446785702546556,0.9810739181464523,,,,,,,,,,,,,,,,,,,,,,,,,,,,,,,,,,,,,,,,
521,yes/no,Is this breakfast?,no,http://images.cocodataset.org/train2014/COCO_train2014_000000524377.jpg,2,242,0.9988383531893378,-0.005774389021098614,No,2,135.0,0.00188584928495102,17.0,0.0018962770825593528,,,0.9849585851759616,0.9127332405984697,,,,,,,,,,,,,,,,,,,,,,,,,,,,,,,,,,,,,,,,
522,yes/no,Is there a drink in this picture?,no,http://images.cocodataset.org/train2014/COCO_train2014_000000524377.jpg,2,271,0.9980111554562952,-0.20630723237991333,No,2,56.0,0.0019727989241404295,78.0,0.0019702754090685313,,,0.9530194684613171,0.9686335323024874,,,,,,,,,,,,,,,,,,,,,,,,,,,,,,,,,,,,,,,,
523,yes/no,Do these hot dogs look like they taste good?,yes,http://images.cocodataset.org/train2014/COCO_train2014_000000524377.jpg,6,294,0.997177371438766,-0.06277456879615784,Yes,6,16.0,0.0020301336834824516,20.0,0.0020501815985837194,25.0,0.002012725439132203,0.9248008763572907,0.9416915491145067,0.9543073978906051,56.0,0.0020312233237835546,24.0,0.002045429498766145,20.0,0.002116967610227709,,,,,,,,,0.9690707538086546,0.9558902111251072,0.8637400525036966,,,,,,,,,,,,,,,,,,,,,,
524,yes/no,Are those tomatoes on the sandwich?,no,http://images.cocodataset.org/train2014/COCO_train2014_000000524377.jpg,0,271,0.9939002267131107,-0.30796292424201965,Yes,0,,,,,,,,,,,,,,,,,,,,,,,,,,,,,,,,,,,,,,,,,,,,,,,,
525,yes/no,Are the fries plain?,no,http://images.cocodataset.org/train2014/COCO_train2014_000000524377.jpg,4,260,0.9982059336397342,-0.5932632088661194,No,4,17.0,0.0019657905152261086,33.0,0.0019535889825795707,111.0,0.001973119213886349,0.9770358764490155,0.975924590978431,0.968598752045761,32.0,0.001975309595904391,,,,,,,,,,,,,0.9356596208392775,,,,,,,,,,,,,,,,,,,,,,,,
526,yes/no,Does this breakfast dish primarily carbohydrates?,yes,http://images.cocodataset.org/train2014/COCO_train2014_000000524377.jpg,0,263,0.9765368659411011,-0.40336647629737854,Yes,0,,,,,,,,,,,,,,,,,,,,,,,,,,,,,,,,,,,,,,,,,,,,,,,,
527,yes/no,Has someone started eating?,no,http://images.cocodataset.org/train2014/COCO_train2014_000000524377.jpg,1,242,0.9989145958181175,-0.3777289092540741,No,1,122.0,0.0019110728702637087,,,,,0.9684833132013562,,,,,,,,,,,,,,,,,,,,,,,,,,,,,,,,,,,,,,,,,
528,yes/no,Would this be good for dessert?,no,http://images.cocodataset.org/train2014/COCO_train2014_000000524377.jpg,3,198,0.9988979416530813,-0.009175063110888004,No,3,16.0,0.0018771855208579242,200.0,0.0018966523598248758,17.0,0.0018898292240925253,0.9965119062478288,0.9722079256205941,0.926262155095312,,,,,,,,,,,,,,,,,,,,,,,,,,,,,,,,,,,,,,,
529,yes/no,Is there a butter plate on the table?,yes,http://images.cocodataset.org/train2014/COCO_train2014_000000524377.jpg,7,263,0.9989823391942434,-0.5385855436325073,No,7,24.0,0.0019100882273896834,16.0,0.0019005816436475369,15.0,0.001904681808383524,0.942631203937882,0.9248008763572907,0.9877812438119247,12.0,0.0019077578266242956,29.0,0.0019016252882731717,55.0,0.00191250912223649,6.0,0.0018810209754762232,,,,,,,0.8734790278701756,0.9731821639697632,0.9722094482363188,1.0,,,,,,,,,,,,,,,,,,,,,
530,yes/no,Does this have lettuce?,no,http://images.cocodataset.org/train2014/COCO_train2014_000000524377.jpg,2,250,0.9984922080958002,-0.16585643589496613,No,2,36.0,0.001940759732515252,82.0,0.0019276495496261764,,,0.945076452643644,0.9851075064581046,,,,,,,,,,,,,,,,,,,,,,,,,,,,,,,,,,,,,,,,
531,yes/no,Does the food look good?,yes,http://images.cocodataset.org/train2014/COCO_train2014_000000524377.jpg,6,283,0.9955732629519699,-0.07262074202299118,Yes,6,15.0,0.002137946890090969,47.0,0.002202230779729987,57.0,0.0021987014587903923,0.982798115178801,0.9835825221364907,0.970048036956118,15.0,0.0021377576384065708,29.0,0.00216602827998296,51.0,0.002217092995270758,,,,,,,,,0.9949490477321437,0.97854632924748,0.9892910656774454,,,,,,,,,,,,,,,,,,,,,,
532,yes/no,Is this meat?,yes,http://images.cocodataset.org/train2014/COCO_train2014_000000524377.jpg,0,262,0.9901944141374233,-0.40938761830329895,Yes,0,,,,,,,,,,,,,,,,,,,,,,,,,,,,,,,,,,,,,,,,,,,,,,,,
533,yes/no,Would this typically be eaten for breakfast?,no,http://images.cocodataset.org/train2014/COCO_train2014_000000524377.jpg,1,217,0.9989301368557536,-0.010693179443478584,No,1,198.0,0.0018875103299375968,,,,,0.9713697271454709,,,,,,,,,,,,,,,,,,,,,,,,,,,,,,,,,,,,,,,,,
534,yes/no,Is that bacon from a delicatessen?,yes,http://images.cocodataset.org/train2014/COCO_train2014_000000524377.jpg,4,243,0.9985743874286791,-0.15357866883277893,No,4,15.0,0.0019000177119981377,15.0,0.0018997876746123512,31.0,0.0019244501586648222,0.982798115178801,0.9949490477321437,0.9486892253759018,78.0,0.0019121382802197258,,,,,,,,,,,,,0.9805530784883588,,,,,,,,,,,,,,,,,,,,,,,,
535,yes/no,Is the man wearing formal clothes?,no,http://images.cocodataset.org/train2014/COCO_train2014_000000393306.jpg,5,247,0.9990324113283086,-0.0023602063301950693,No,5,15.0,0.0019180797596022876,27.0,0.001909540384620448,16.0,0.0018903185211244634,0.9018972358711528,0.9089618363708177,0.9886085007312413,16.0,0.0018904933158502965,7.0,0.0018847336196141137,,,,,,,,,,,1.0,0.9852281360342515,,,,,,,,,,,,,,,,,,,,,,,
536,yes/no,Is there a deodorant on the sink?,no,http://images.cocodataset.org/train2014/COCO_train2014_000000262159.jpg,2,289,0.9975162239447095,-0.4569731056690216,No,2,55.0,0.002074745926454194,15.0,0.002032025044133345,,,0.9550698753062082,0.8983958159908183,,,,,,,,,,,,,,,,,,,,,,,,,,,,,,,,,,,,,,,,
537,yes/no,Is there a full roll of toilet paper in the bathroom?,yes,http://images.cocodataset.org/train2014/COCO_train2014_000000262159.jpg,10,205,0.9952049955676086,-0.6736708283424377,Yes,10,42.0,0.0023081424695608325,24.0,0.0022879512632958746,35.0,0.0022412966773923287,0.960283909751978,0.9949671891627881,0.9832569792271648,15.0,0.0021835203972585663,30.0,0.002276527248848047,21.0,0.0021657292810239002,16.0,0.002202851731243853,49.0,0.002234656424719062,8.0,0.002183427534647431,27.0,0.002212718484715176,0.9543063494363562,0.9859247724121322,0.9695088675963504,0.9414280318460244,0.960545280399215,1.0,0.9547137606401549,,,,,,,,,,,,,,,,,,
538,yes/no,Would someone be able to watch you change from the outside?,yes,http://images.cocodataset.org/train2014/COCO_train2014_000000262159.jpg,5,222,0.996899729198975,-0.5274394750595093,No,5,83.0,0.0020692385515301615,11.0,0.0020681123620318095,18.0,0.002020235130400583,0.9577780734528353,0.8453509366224364,0.937543317539375,12.0,0.002009931234343856,6.0,0.00199945453706557,,,,,,,,,,,0.8962406251802889,0.9182958340544896,,,,,,,,,,,,,,,,,,,,,,,
539,yes/no,Does the shower have a glass door?,no,http://images.cocodataset.org/train2014/COCO_train2014_000000262159.jpg,1,242,0.9955362671711563,-0.22765585780143738,No,1,38.0,0.002192187557541806,,,,,0.9238254401706875,,,,,,,,,,,,,,,,,,,,,,,,,,,,,,,,,,,,,,,,,
540,yes/no,Is the towel rack silver?,no,http://images.cocodataset.org/train2014/COCO_train2014_000000262159.jpg,8,308,0.9920565969255025,-0.5181035995483398,No,8,23.0,0.0024576003436885758,36.0,0.002465715680417436,15.0,0.0024447958687589554,0.9619234050874884,0.9463069730650889,0.9877812438119246,17.0,0.002431584962441461,18.0,0.0025449495052068424,15.0,0.0024663771330008816,19.0,0.0024372473682870866,23.0,0.0026035915271665063,,,,,0.9519839065438831,0.8929352898779307,1.0,0.9892422967543257,0.9876197168461964,,,,,,,,,,,,,,,,,,,,
541,yes/no,Is there a shower curtain?,yes,http://images.cocodataset.org/train2014/COCO_train2014_000000262159.jpg,1,224,0.9961334512028499,-0.05605776235461235,No,1,60.0,0.0021281663335440443,,,,,0.9512562019327383,,,,,,,,,,,,,,,,,,,,,,,,,,,,,,,,,,,,,,,,,
542,yes/no,Is the toilet lid down?,yes,http://images.cocodataset.org/train2014/COCO_train2014_000000262159.jpg,7,251,0.9922586871072475,-0.5905269980430603,Yes,7,17.0,0.0037678597303232235,15.0,0.0027257039145336475,5.0,0.002403336294000011,0.9774178175281716,0.9543063494363562,0.9709505944546686,16.0,0.002561945981797276,15.0,0.0025471008293924857,16.0,0.0025578695674223174,10.0,0.0029776851053555115,,,,,,,0.9822177815287605,0.9859247724121322,0.9822177815287605,0.9709505944546686,,,,,,,,,,,,,,,,,,,,,
543,yes/no,Does this cake look like it chocolate?,yes,http://images.cocodataset.org/train2014/COCO_train2014_000000000092.jpg,2,250,0.993967679277081,-0.11586587876081467,Yes,2,15.0,0.005163173830457528,18.0,0.003280072604405605,,,0.9182958340544896,0.9853962684364186,,,,,,,,,,,,,,,,,,,,,,,,,,,,,,,,,,,,,,,,
544,yes/no,Is this a small town?,yes,http://images.cocodataset.org/train2014/COCO_train2014_000000000094.jpg,11,225,0.9984683685796243,-0.6340899467468262,No,11,24.0,0.0019118511142768213,26.0,0.0019183237105849069,49.0,0.0019148750844387202,0.9838824188369656,0.9750318782181049,0.9879623602021393,15.0,0.0018982015357016518,37.0,0.0019115097349106539,55.0,0.0019102897067238423,15.0,0.0019206370311853095,57.0,0.0019143867657763034,18.0,0.0019020796378734761,11.0,0.0019091322496996724,0.9664572819896988,0.9653418156576368,0.9559504245750882,0.9967916319816366,0.9580006276124059,0.9955380299191112,0.9940302114769565,18.0,0.0019101603886860243,,,0.9915323997298832,,,,,,,,,,,,,
545,yes/no,Will these planes be used to transport people?,no,http://images.cocodataset.org/train2014/COCO_train2014_000000393311.jpg,2,257,0.9786949026107523,-0.4510928988456726,Yes,2,16.0,0.005395448053043369,47.0,0.00421142924329185,,,0.9248008763572907,0.9839408040133579,,,,,,,,,,,,,,,,,,,,,,,,,,,,,,,,,,,,,,,,
546,yes/no,Is the room carpeted?,yes,http://images.cocodataset.org/train2014/COCO_train2014_000000524386.jpg,1,224,0.985925281320947,-0.48521655797958374,Yes,1,59.0,0.0035665260828468487,,,,,0.9852739799901412,,,,,,,,,,,,,,,,,,,,,,,,,,,,,,,,,,,,,,,,,
547,yes/no,Is there a fireplace?,no,http://images.cocodataset.org/train2014/COCO_train2014_000000524386.jpg,2,219,0.9987075836637055,-0.014273460023105145,No,2,97.0,0.0019281891833815576,22.0,0.001961296697683417,,,0.9890908606152922,0.8787409903782898,,,,,,,,,,,,,,,,,,,,,,,,,,,,,,,,,,,,,,,,
548,yes/no,Are stains on the floor?,no,http://images.cocodataset.org/train2014/COCO_train2014_000000524386.jpg,2,227,0.9987651757096971,-0.1490449160337448,No,2,25.0,0.0019458911017182234,76.0,0.0019174760678489409,,,0.886163467440338,0.9883969548164915,,,,,,,,,,,,,,,,,,,,,,,,,,,,,,,,,,,,,,,,
549,yes/no,Are these boys at home?,no,http://images.cocodataset.org/train2014/COCO_train2014_000000524386.jpg,10,286,0.998150424677453,-0.5446707010269165,Yes,10,21.0,0.0019162175048574258,17.0,0.0019052610496460307,23.0,0.001920677261467132,0.9673577477123132,0.932718552659954,0.9486586303348535,15.0,0.00190929024116968,21.0,0.0019170647822741003,15.0,0.0019052358273464712,15.0,0.0019114810872270906,15.0,0.0019079903580518202,38.0,0.001929069711813314,27.0,0.0019285810143677981,0.9877812438119247,0.9367812592564969,0.9877812438119247,0.9500685975366211,0.9877812438119247,0.9511597272255057,0.9901732069475997,,,,,,,,,,,,,,,,,,
550,yes/no,Is this a 60's motif?,no,http://images.cocodataset.org/train2014/COCO_train2014_000000524386.jpg,2,226,0.9987121779078213,-0.15972846746444702,No,2,103.0,0.001921405534468534,21.0,0.0019469343201135743,,,0.9801236305991924,0.8907082013105602,,,,,,,,,,,,,,,,,,,,,,,,,,,,,,,,,,,,,,,,
551,yes/no,Is the light green?,yes,http://images.cocodataset.org/train2014/COCO_train2014_000000393317.jpg,1,268,0.9947607345779647,-0.1415034383535385,Yes,1,18.0,0.003871251451675592,,,,,0.8424887242433627,,,,,,,,,,,,,,,,,,,,,,,,,,,,,,,,,,,,,,,,,
552,yes/no,Is it raining?,no,http://images.cocodataset.org/train2014/COCO_train2014_000000393317.jpg,4,272,0.9971540490636966,-0.30306097865104675,Yes,4,15.0,0.002678675801670799,15.0,0.0024655610436333133,24.0,0.0023235284663650755,0.9967916319816366,0.9654013672997089,0.9697883595925099,23.0,0.002491854162500328,,,,,,,,,,,,,0.861386704192175,,,,,,,,,,,,,,,,,,,,,,,,
553,yes/no,Is this woman crossing a street?,yes,http://images.cocodataset.org/train2014/COCO_train2014_000000393317.jpg,2,270,0.9961284481902667,-0.15174612402915955,Yes,2,24.0,0.0029062119902358717,20.0,0.0026814088768535144,,,0.8915352422694193,0.8982444017039272,,,,,,,,,,,,,,,,,,,,,,,,,,,,,,,,,,,,,,,,
554,yes/no,Is this in the United States?,yes,http://images.cocodataset.org/train2014/COCO_train2014_000000393317.jpg,8,247,0.9972478284373042,-0.4103735685348511,No,8,15.0,0.002085659080968189,31.0,0.002083093395038146,37.0,0.002081026773564134,0.9877812438119247,0.9913554946424838,0.9740593157223465,20.0,0.0020814610274689205,25.0,0.0021246415226000865,16.0,0.0020899662444630613,125.0,0.0021098650453173283,62.0,0.00210322230327285,,,,,0.9927376486136672,0.998561914578656,0.985056822321508,0.9894509759374077,0.9808952840309172,,,,,,,,,,,,,,,,,,,,
555,yes/no,Is there anyone in the cockpit?,yes,http://images.cocodataset.org/train2014/COCO_train2014_000000131174.jpg,4,269,0.9955275014286192,-0.3364078104496002,Yes,4,18.0,0.002685885424112262,15.0,0.002413404826751356,23.0,0.0023435085669335693,0.8424887242433627,0.9543063494363562,0.9669055848596163,23.0,0.002493037430688358,,,,,,,,,,,,,0.9741887370104049,,,,,,,,,,,,,,,,,,,,,,,,
556,yes/no,Is the bus stopped?,yes,http://images.cocodataset.org/train2014/COCO_train2014_000000546151.jpg,5,264,0.9989292317185984,-0.2922331690788269,Yes,5,60.0,0.0019317785218404015,32.0,0.0019261226739242208,26.0,0.0019321271485802246,0.9741052464798827,0.969855698025197,0.964563236385718,16.0,0.0019296167347749988,24.0,0.0019393759142800622,,,,,,,,,,,0.9248008763572907,0.9558902111251072,,,,,,,,,,,,,,,,,,,,,,,
557,yes/no,Is this an ocean area?,yes,http://images.cocodataset.org/train2014/COCO_train2014_000000000109.jpg,9,214,0.9930209819167498,-0.18180815875530243,No,9,31.0,0.0023851971105248817,18.0,0.00233975487850882,15.0,0.0023724383381962424,0.989680260279054,0.9915323997298832,0.9967916319816366,64.0,0.0023133061983620176,42.0,0.0023513726804016773,16.0,0.0022893827281731467,135.0,0.002333940827799271,44.0,0.0023549122471628508,24.0,0.0023203594434044613,,,0.9782755020265179,0.9780331228768607,0.9886085007312413,0.9794782703753652,0.9410970480151551,0.9224240211126413,,,,,,,,,,,,,,,,,,,
558,yes/no,Is the ground near the waterfront squishy?,no,http://images.cocodataset.org/train2014/COCO_train2014_000000000109.jpg,7,249,0.9969210795361063,-0.4471599757671356,Yes,7,16.0,0.002142745561801115,26.0,0.002200633467528206,18.0,0.002149890763179373,0.9414280318460244,0.9595930518283795,0.977342973473178,27.0,0.0021854344056299727,73.0,0.0021896443440950035,15.0,0.0021712797071604395,28.0,0.0021378257425063592,,,,,,,0.981831551667268,0.9817466852276931,0.9877812438119246,0.967822723280148,,,,,,,,,,,,,,,,,,,,,
559,yes/no,Is the water calm?,yes,http://images.cocodataset.org/train2014/COCO_train2014_000000000109.jpg,1,266,0.9932576721185121,-0.21743077039718628,Yes,1,26.0,0.003100657454012776,,,,,0.9688854841102201,,,,,,,,,,,,,,,,,,,,,,,,,,,,,,,,,,,,,,,,,
560,yes/no,Is this a cheese pizza?,yes,http://images.cocodataset.org/train2014/COCO_train2014_000000000110.jpg,4,261,0.9962596771334568,-0.5653176307678223,Yes,4,56.0,0.0021455703644832754,41.0,0.002132680140727204,33.0,0.002159618492879638,0.9638547483354098,0.9566315855945126,0.9816122188161519,39.0,0.002309689845972204,,,,,,,,,,,,,0.9556279737424125,,,,,,,,,,,,,,,,,,,,,,,,
561,yes/no,Is there more than one vase on the table?,yes,http://images.cocodataset.org/train2014/COCO_train2014_000000305853.jpg,0,285,0.9951177950199801,-0.20663601160049438,Yes,0,,,,,,,,,,,,,,,,,,,,,,,,,,,,,,,,,,,,,,,,,,,,,,,,
562,yes/no,Is there a cake here?,yes,http://images.cocodataset.org/train2014/COCO_train2014_000000000113.jpg,0,264,0.9933541086085051,-0.03879441320896149,Yes,0,,,,,,,,,,,,,,,,,,,,,,,,,,,,,,,,,,,,,,,,,,,,,,,,
563,yes/no,Are there any pens on the table?,no,http://images.cocodataset.org/train2014/COCO_train2014_000000000113.jpg,11,252,0.9984485900965323,-0.21041738986968994,No,11,104.0,0.001961032330582314,35.0,0.001951875014752721,15.0,0.001950980310554685,0.9814957774137342,0.9765905919262625,0.9654013672997089,17.0,0.0019482341826262462,9.0,0.0019402517560255124,13.0,0.001947096113479483,10.0,0.0019503774384293086,16.0,0.001950258599416927,18.0,0.0019492270063693608,5.0,0.0019462605548238305,0.9605278493513334,0.9656336071428252,0.9770455804590027,1.0,0.8903195311147831,0.9455305560363264,0.0,15.0,0.0019434297214221787,,,0.9446232142545791,,,,,,,,,,,,,
564,yes/no,Is this image tilted?,yes,http://images.cocodataset.org/train2014/COCO_train2014_000000262260.jpg,4,235,0.9971770410686354,-0.34131404757499695,Yes,4,55.0,0.0023892672974377255,19.0,0.0024671493966403587,33.0,0.0025887025003506485,0.9642617043915873,0.9237100600260872,0.9096227204972906,16.0,0.0024841692280663,,,,,,,,,,,,,0.9320201587042914,,,,,,,,,,,,,,,,,,,,,,,,
565,yes/no,Does this image contain a pie pan?,yes,http://images.cocodataset.org/train2014/COCO_train2014_000000262261.jpg,1,331,0.9969141956430594,-0.4558752775192261,Yes,1,32.0,0.0025218095566694157,,,,,0.9541824894160462,,,,,,,,,,,,,,,,,,,,,,,,,,,,,,,,,,,,,,,,,
566,yes/no,Is this a large house?,yes,http://images.cocodataset.org/train2014/COCO_train2014_000000131190.jpg,8,186,0.9980989963342396,-0.5182002782821655,Yes,8,46.0,0.0019164693385750368,29.0,0.001946888243193958,27.0,0.0019217113715581425,0.9765769681964963,0.9288171499809038,0.9701541708942546,20.0,0.0019178734819552735,77.0,0.001924600913084367,22.0,0.0019376136951454264,50.0,0.0019360211575591463,15.0,0.0019226715972315742,,,,,0.9596390821693782,0.9887633580620845,0.97283015230032,0.9402002407560736,0.9877812438119246,,,,,,,,,,,,,,,,,,,,
567,yes/no,Is there a fountain in front of the building?,no,http://images.cocodataset.org/train2014/COCO_train2014_000000131190.jpg,6,262,0.9959082510395117,-0.03671414405107498,No,6,49.0,0.0020896893004210674,16.0,0.0021100156349291204,30.0,0.0020882124820248995,0.9757295192047166,0.949701216438411,0.9643304728838091,15.0,0.0020689646394575364,26.0,0.002071363220907021,9.0,0.0020880078298363006,,,,,,,,,0.982798115178801,0.9793283207185154,0.9910760598382222,,,,,,,,,,,,,,,,,,,,,,
568,yes/no,Is the sun shining?,yes,http://images.cocodataset.org/train2014/COCO_train2014_000000131190.jpg,7,192,0.9975869169056663,-0.0786881297826767,Yes,7,15.0,0.002047760716798135,17.0,0.0020433124179064957,32.0,0.0020908628998963282,0.9664572819896988,0.9963890537299693,0.9289734562539852,17.0,0.0020572308069022526,37.0,0.002069726757921151,102.0,0.0020802981920376483,15.0,0.002043154773176179,,,,,,,0.9856676426534905,0.9855092620899092,0.97214917201788,0.982798115178801,,,,,,,,,,,,,,,,,,,,,
569,yes/no,Is this a church?,yes,http://images.cocodataset.org/train2014/COCO_train2014_000000131190.jpg,5,276,0.9954941346967844,-0.14273701608181,No,5,50.0,0.0021056656052338297,15.0,0.0021252672803028076,30.0,0.00210657908961017,0.9840077292026358,0.9018972358711528,0.9643304728838091,30.0,0.0021012843752272413,15.0,0.0020909851693745084,,,,,,,,,,,0.9793045316669398,0.9664572819896989,,,,,,,,,,,,,,,,,,,,,,,
570,yes/no,Are there clouds visible?,no,http://images.cocodataset.org/train2014/COCO_train2014_000000131190.jpg,6,287,0.9940908284076014,-0.12067177891731262,No,6,47.0,0.0021923359119427237,44.0,0.002189398036975186,4.0,0.0021579177852651212,0.9793790719707101,0.9640777649385497,0.0,39.0,0.0021661260580754234,16.0,0.0021607453249501123,15.0,0.0021490756385822785,,,,,,,,,0.9920702485637514,0.9886085007312413,0.982798115178801,,,,,,,,,,,,,,,,,,,,,,
571,yes/no,Is this a sunny day?,yes,http://images.cocodataset.org/train2014/COCO_train2014_000000131190.jpg,8,190,0.9975985823472291,-0.014039319939911366,Yes,8,33.0,0.002037575377170888,8.0,0.0020483929195495463,32.0,0.002087014806987258,0.9879364836616019,0.954434002924965,0.9289734562539852,17.0,0.002053750444848231,39.0,0.0020633906305633286,23.0,0.0020624324716144375,77.0,0.0020875828918789844,15.0,0.0020410041432546476,,,,,0.9856676426534905,0.9769093060268966,0.946401542916948,0.9770395063915374,0.982798115178801,,,,,,,,,,,,,,,,,,,,
572,yes/no,Are the hedges well-groomed?,no,http://images.cocodataset.org/train2014/COCO_train2014_000000131190.jpg,4,270,0.9971361462923904,-0.19377848505973816,Yes,4,24.0,0.002364558535354586,15.0,0.0022803963979561694,17.0,0.0023140480883609726,0.955336232595348,0.9446232142545791,0.9856676426534905,18.0,0.002388450805071362,,,,,,,,,,,,,0.9535998353544741,,,,,,,,,,,,,,,,,,,,,,,,
573,yes/no,Does the building in the back have an elevator?,no,http://images.cocodataset.org/train2014/COCO_train2014_000000131190.jpg,3,305,0.9979395634311645,-0.036460597068071365,No,3,30.0,0.0019536983773306834,26.0,0.00197740674541382,18.0,0.0019486887210151157,0.9715270798158866,0.9271572097176579,0.9736669121131954,,,,,,,,,,,,,,,,,,,,,,,,,,,,,,,,,,,,,,,
574,yes/no,Do you a phone booth?,no,http://images.cocodataset.org/train2014/COCO_train2014_000000131190.jpg,4,305,0.9975414747038434,-0.038387712091207504,No,4,15.0,0.0019991175259045386,21.0,0.0019857877036759917,25.0,0.00200847965173732,0.9189900464321514,0.9588649012766761,0.9148032861414375,27.0,0.0019759576135331383,,,,,,,,,,,,,0.9929281551787843,,,,,,,,,,,,,,,,,,,,,,,,
575,yes/no,Are the buildings tall?,yes,http://images.cocodataset.org/train2014/COCO_train2014_000000131190.jpg,8,286,0.9953599237474378,-0.4807603657245636,No,8,15.0,0.0022488221611137497,81.0,0.002223614636465516,29.0,0.002187735425360478,0.7835807040488099,0.9703443890273431,0.9616288546721373,16.0,0.002209197657962486,57.0,0.0022137994683059646,26.0,0.0022431511431321004,19.0,0.0022616749309127015,56.0,0.002230180899862846,,,,,0.9320201587042914,0.9772003842341699,0.9629320612355918,0.8693978806749074,0.9756808811793051,,,,,,,,,,,,,,,,,,,,
576,yes/no,Is the clock between two arches?,no,http://images.cocodataset.org/train2014/COCO_train2014_000000131190.jpg,0,267,0.9892884861354221,-0.4807526469230652,Yes,0,,,,,,,,,,,,,,,,,,,,,,,,,,,,,,,,,,,,,,,,,,,,,,,,
577,yes/no,Are there any entrance gates at the bottom of the tower?,no,http://images.cocodataset.org/train2014/COCO_train2014_000000131190.jpg,0,282,0.9955936778387405,-0.5261529684066772,Yes,0,,,,,,,,,,,,,,,,,,,,,,,,,,,,,,,,,,,,,,,,,,,,,,,,
578,yes/no,Is the building a high rise?,no,http://images.cocodataset.org/train2014/COCO_train2014_000000131190.jpg,3,300,0.9950552358381538,-0.02073598839342594,No,3,49.0,0.0021298965777836352,31.0,0.002133474801893868,31.0,0.0021218742005848445,0.9743044005854029,0.9564897127705024,0.9892924071621719,,,,,,,,,,,,,,,,,,,,,,,,,,,,,,,,,,,,,,,
579,yes/no,Is part of this tower made of wood?,yes,http://images.cocodataset.org/train2014/COCO_train2014_000000131190.jpg,0,288,0.9954379816180514,-0.24515484273433685,Yes,0,,,,,,,,,,,,,,,,,,,,,,,,,,,,,,,,,,,,,,,,,,,,,,,,
580,yes/no,Can the tree tell time?,no,http://images.cocodataset.org/train2014/COCO_train2014_000000131190.jpg,3,294,0.997696631784945,-0.05056263133883476,No,3,35.0,0.0019735474749116434,28.0,0.0019930174195668397,27.0,0.0019685855805159917,0.9764874965084083,0.9323494843580604,0.9579008244473906,,,,,,,,,,,,,,,,,,,,,,,,,,,,,,,,,,,,,,,
581,yes/no,Is the emblem a sun face clock?,yes,http://images.cocodataset.org/train2014/COCO_train2014_000000131190.jpg,2,315,0.9949812348278875,-0.36777496337890625,Yes,2,15.0,0.002597487000729444,22.0,0.002501977919788429,,,0.7835807040488099,0.9389433656943027,,,,,,,,,,,,,,,,,,,,,,,,,,,,,,,,,,,,,,,,
582,yes/no,Is the ram's fleece dirty?,no,http://images.cocodataset.org/train2014/COCO_train2014_000000131197.jpg,2,239,0.992296190300577,-0.44046860933303833,Yes,2,28.0,0.0033038220337897294,16.0,0.004665252387163531,,,0.9532930095789537,0.7743974703476992,,,,,,,,,,,,,,,,,,,,,,,,,,,,,,,,,,,,,,,,
583,yes/no,Is there a travel guide on the table?,yes,http://images.cocodataset.org/train2014/COCO_train2014_000000000127.jpg,3,249,0.9960581422726194,-0.18428194522857666,Yes,3,16.0,0.002573167777165179,15.0,0.0026949440621180077,15.0,0.00276657177678346,0.9954133073923868,0.9473080736174853,0.9543063494363562,,,,,,,,,,,,,,,,,,,,,,,,,,,,,,,,,,,,,,,
584,yes/no,Is there snow?,yes,http://images.cocodataset.org/train2014/COCO_train2014_000000262273.jpg,2,253,0.9933781254236914,-0.009249957278370857,Yes,2,15.0,0.0026446627029565405,23.0,0.002593360342001705,,,0.9859247724121322,0.9822791664176941,,,,,,,,,,,,,,,,,,,,,,,,,,,,,,,,,,,,,,,,
585,yes/no,Is it summer?,no,http://images.cocodataset.org/train2014/COCO_train2014_000000262273.jpg,8,146,0.9987536416971825,-0.0010852740379050374,No,8,31.0,0.0018981735997263085,56.0,0.0019058308200166822,40.0,0.0019020972777053925,0.9828905295495743,0.9761039031835136,0.984097082491739,179.0,0.0019105786277930055,15.0,0.0019196492345307686,18.0,0.001924494791972815,16.0,0.001921564357118171,15.0,0.0019058928620715192,,,,,0.9882890715194492,0.9182958340544896,1.0,1.0,0.9877812438119246,,,,,,,,,,,,,,,,,,,,
586,yes/no,Is the picture in color?,yes,http://images.cocodataset.org/train2014/COCO_train2014_000000524420.jpg,6,291,0.9990409922839386,-0.1421634554862976,Yes,6,15.0,0.0019440541735585228,8.0,0.0018960315164126865,34.0,0.0019355006745555203,1.0,0.9463946303571862,0.9573736121400387,10.0,0.0019481080271726992,19.0,0.001975663931499619,2.0,0.001868755978682136,,,,,,,,,0.9709505944546686,0.899507835327561,0.0,,,,,,,,,,,,,,,,,,,,,,
587,yes/no,Is there a dog in the photo?,yes,http://images.cocodataset.org/train2014/COCO_train2014_000000524420.jpg,0,268,0.9908686576701834,-0.027863172814249992,Yes,0,,,,,,,,,,,,,,,,,,,,,,,,,,,,,,,,,,,,,,,,,,,,,,,,
588,yes/no,Is the dog on a leash?,yes,http://images.cocodataset.org/train2014/COCO_train2014_000000524420.jpg,1,252,0.9923335141074966,-0.09223031997680664,Yes,1,25.0,0.003342709924941972,,,,,0.9664861639676334,,,,,,,,,,,,,,,,,,,,,,,,,,,,,,,,,,,,,,,,,
589,yes/no,Are all of the birds in flight?,no,http://images.cocodataset.org/train2014/COCO_train2014_000000436929.jpg,2,276,0.9992217621830035,-0.07757548987865448,No,2,93.0,0.001860437298022989,63.0,0.0018694885618845646,,,0.976076866241797,0.9603237592621563,,,,,,,,,,,,,,,,,,,,,,,,,,,,,,,,,,,,,,,,
590,yes/no,Are there three birds in the picture?,yes,http://images.cocodataset.org/train2014/COCO_train2014_000000436929.jpg,3,392,0.9992569199993024,-0.5343548059463501,No,3,15.0,0.0018784453538743106,18.0,0.001901571358899669,41.0,0.0019008639265205055,0.9877812438119247,0.9342064019134054,0.9480442981874956,,,,,,,,,,,,,,,,,,,,,,,,,,,,,,,,,,,,,,,
591,yes/no,Is this a dog?,no,http://images.cocodataset.org/train2014/COCO_train2014_000000436929.jpg,6,378,0.9985198960784637,-0.00260728457942605,No,6,17.0,0.0019765951095623764,15.0,0.001979258563089352,15.0,0.0019458179383465184,0.9967828263127351,0.9602297178607612,0.9543063494363562,24.0,0.0019751078452920367,20.0,0.0020206604487919763,48.0,0.00201693966876054,,,,,,,,,0.9514282211802997,0.9197173235750931,0.9706928338612667,,,,,,,,,,,,,,,,,,,,,,
592,yes/no,Is this a winter scene?,yes,http://images.cocodataset.org/train2014/COCO_train2014_000000436929.jpg,1,249,0.9862827612684598,-0.0037117258179932833,Yes,1,15.0,0.007085882167030946,,,,,0.7835807040488099,,,,,,,,,,,,,,,,,,,,,,,,,,,,,,,,,,,,,,,,,
593,yes/no,Is the water frozen?,yes,http://images.cocodataset.org/train2014/COCO_train2014_000000436929.jpg,4,243,0.9936375381542423,-0.16288964450359344,Yes,4,15.0,0.002957180939729144,5.0,0.002432623795912492,18.0,0.0034579194851044703,0.9161314485121343,0.9709505944546686,0.8424887242433627,30.0,0.0027738621741198034,,,,,,,,,,,,,0.9758071098111268,,,,,,,,,,,,,,,,,,,,,,,,
594,yes/no,Is that a laptop on the chair?,yes,http://images.cocodataset.org/train2014/COCO_train2014_000000131208.jpg,8,243,0.9968196069294075,-0.16879041492938995,No,8,52.0,0.0019948971561780347,37.0,0.002001280102164454,30.0,0.001997759303639007,0.9940875535989517,0.9308744910444074,0.9824567505740444,46.0,0.001992164576812038,15.0,0.0019776093847228508,28.0,0.002002065343733397,51.0,0.001995471924966803,15.0,0.0019906501415468893,,,,,0.9750437935268511,0.9949490477321437,1.0,0.9829709397196859,0.9654013672997089,,,,,,,,,,,,,,,,,,,,
595,yes/no,Is Cingular a sponsor of this field?,yes,http://images.cocodataset.org/train2014/COCO_train2014_000000284012.jpg,1,272,0.9951155570845531,-0.29311567544937134,Yes,1,23.0,0.0034199528871299554,,,,,0.8757633818798277,,,,,,,,,,,,,,,,,,,,,,,,,,,,,,,,,,,,,,,,,
596,yes/no,Is this a conventional kitchen?,no,http://images.cocodataset.org/train2014/COCO_train2014_000000000138.jpg,7,222,0.9978338477159243,-0.028475819155573845,No,7,15.0,0.0018836285951429252,42.0,0.001897418649955366,37.0,0.0018996598264404542,0.982798115178801,0.9497189511394803,0.974460259754776,51.0,0.001894411116864067,18.0,0.0018959014399234904,37.0,0.001901882632584708,2.0,0.0018756305899499126,,,,,,,0.9715042661389317,0.8821022532543101,0.950416872542817,0.0,,,,,,,,,,,,,,,,,,,,,
597,yes/no,Is the area lit?,yes,http://images.cocodataset.org/train2014/COCO_train2014_000000262283.jpg,5,294,0.9961204162635928,-0.07680335640907288,Yes,5,32.0,0.0022193706601967337,79.0,0.002304723920180644,32.0,0.0022753757837167903,0.9439158543202691,0.9537319865217083,0.974577991850166,14.0,0.0022724455680037314,5.0,0.002040804812528158,,,,,,,,,,,0.9032139773855579,0.9709505944546686,,,,,,,,,,,,,,,,,,,,,,,
598,yes/no,Are the vases identical?,no,http://images.cocodataset.org/train2014/COCO_train2014_000000262283.jpg,3,331,0.9991807731813301,-0.6362258195877075,No,3,17.0,0.0019456953490076105,27.0,0.0019297935990335057,28.0,0.0019305885291752156,0.9967828263127351,0.977777592259756,0.9880269590517888,,,,,,,,,,,,,,,,,,,,,,,,,,,,,,,,,,,,,,,
599,yes/no,Are these the normal size pieces of pizza?,yes,http://images.cocodataset.org/train2014/COCO_train2014_000000524428.jpg,12,211,0.9985521414639803,-0.34560132026672363,No,12,33.0,0.0019592539595880455,17.0,0.0019379373959835379,66.0,0.0019408055065000486,0.966014488431007,0.9519839065438831,0.9837069745513956,15.0,0.0019343915386835855,15.0,0.0019404679309909573,16.0,0.0019344069179861698,15.0,0.0019358904375124184,15.0,0.0019362802751872017,16.0,0.0019443924524053507,18.0,0.0019416251140655322,0.9543063494363562,0.9877812438119247,0.9886085007312412,0.9446232142545791,0.944623214254579,0.985056822321508,0.9388201415867106,22.0,0.0019358744954424052,15.0,0.001940774491851364,0.9961982334892152,1.0,,,,,,,,,,,,
600,yes/no,Could you eat all of this pizza?,no,http://images.cocodataset.org/train2014/COCO_train2014_000000524428.jpg,6,296,0.9965094356278886,-0.6878983974456787,Yes,6,18.0,0.002095125599272681,29.0,0.0020777686154521166,15.0,0.0020686075393992888,0.9388201415867106,0.9707625716534202,0.9446232142545791,17.0,0.0020714540813293607,19.0,0.0021532322669090974,15.0,0.0021073844360808727,,,,,,,,,0.9856676426534905,0.9258628921382102,0.9500685975366211,,,,,,,,,,,,,,,,,,,,,,
601,yes/no,Is there broccoli on a slice of pizza?,yes,http://images.cocodataset.org/train2014/COCO_train2014_000000524428.jpg,7,272,0.9987142469441713,-0.020349521189928055,No,7,37.0,0.0019404576373284492,15.0,0.0019237299164265422,29.0,0.0019269201164386538,0.9556541206059553,0.9446232142545791,0.9671944312960193,8.0,0.0019240657004525575,16.0,0.0019255005098037493,16.0,0.0019255079490300172,28.0,0.0019239360095076982,,,,,,,1.0,0.9414280318460244,0.9618974703476992,0.9844886915324046,,,,,,,,,,,,,,,,,,,,,
602,yes/no,Is there an animal that seems to stick out?,no,http://images.cocodataset.org/train2014/COCO_train2014_000000262285.jpg,6,289,0.9984861746464297,-0.4171525239944458,Yes,6,29.0,0.0019618307169816016,38.0,0.0019612228374325303,19.0,0.0019428339045755828,0.9572877264098986,0.9696005936541744,0.9687152128461037,15.0,0.0019388872586966629,31.0,0.0019383576023471534,22.0,0.0019497912478123318,,,,,,,,,0.9609640474436811,0.972913189687814,0.972959493974982,,,,,,,,,,,,,,,,,,,,,,
603,yes/no,Is this in a zoo?,no,http://images.cocodataset.org/train2014/COCO_train2014_000000262285.jpg,8,196,0.9979095314365697,-0.003087752964347601,No,8,15.0,0.00202265481497523,15.0,0.002044854720879644,85.0,0.002046077369710508,0.9949490477321437,1.0,0.9842886553456097,38.0,0.002038696792799913,35.0,0.002041669911279245,16.0,0.00203178256336787,45.0,0.0020461887478670326,4.0,0.0020243881487122936,,,,,0.9792954054681025,0.9811563059910088,0.9618974703476992,0.9959270812706417,0.0,,,,,,,,,,,,,,,,,,,,
604,yes/no,Is this in a desert?,yes,http://images.cocodataset.org/train2014/COCO_train2014_000000262285.jpg,0,271,0.9895488686083481,-0.23055070638656616,Yes,0,,,,,,,,,,,,,,,,,,,,,,,,,,,,,,,,,,,,,,,,,,,,,,,,
605,yes/no,Is this a banana toast?,yes,http://images.cocodataset.org/train2014/COCO_train2014_000000000142.jpg,1,235,0.994947039129057,-0.07049909979104996,Yes,1,72.0,0.0027607045249397727,,,,,0.9834242130928775,,,,,,,,,,,,,,,,,,,,,,,,,,,,,,,,,,,,,,,,,
606,yes/no,Are the people playing a game?,no,http://images.cocodataset.org/train2014/COCO_train2014_000000131215.jpg,4,162,0.9988843715273197,-0.3224807679653168,No,4,62.0,0.0018995882257990715,63.0,0.0018865027086241595,115.0,0.0018916645733961556,0.9951213728659949,0.9828492888078103,0.9831479945665873,55.0,0.0018814665001352523,,,,,,,,,,,,,0.9884269216311599,,,,,,,,,,,,,,,,,,,,,,,,
607,yes/no,Is the TV turned on?,yes,http://images.cocodataset.org/train2014/COCO_train2014_000000131215.jpg,4,235,0.9934798708327707,-0.18467646837234497,Yes,4,15.0,0.0026735496431848915,25.0,0.00248982743140844,10.0,0.0025529881429422058,0.9664572819896989,0.9909595631140102,0.9602297178607612,40.0,0.003062979428439999,,,,,,,,,,,,,0.905901835418552,,,,,,,,,,,,,,,,,,,,,,,,
608,yes/no,Is this person watching a movie?,yes,http://images.cocodataset.org/train2014/COCO_train2014_000000131215.jpg,3,312,0.998687165173904,-0.3918023407459259,Yes,3,16.0,0.002031169357935804,15.0,0.0019439028980309833,8.0,0.0019703834223859205,0.9320201587042914,0.9718495448242642,1.0,,,,,,,,,,,,,,,,,,,,,,,,,,,,,,,,,,,,,,,
609,yes/no,Is one of the giraffes eating?,yes,http://images.cocodataset.org/train2014/COCO_train2014_000000000144.jpg,2,262,0.9888071007399757,-0.19635412096977234,Yes,2,16.0,0.003242642797777089,18.0,0.003550638023031273,,,0.875,0.8424887242433627,,,,,,,,,,,,,,,,,,,,,,,,,,,,,,,,,,,,,,,,
610,yes/no,Is it daytime?,yes,http://images.cocodataset.org/train2014/COCO_train2014_000000393362.jpg,2,196,0.9990548957362678,-0.00812003668397665,Yes,2,258.0,0.0019387871098497155,65.0,0.0019384715689325018,,,0.9843002770768026,0.9667437175065365,,,,,,,,,,,,,,,,,,,,,,,,,,,,,,,,,,,,,,,,
611,yes/no,Are the kickstands down?,yes,http://images.cocodataset.org/train2014/COCO_train2014_000000393362.jpg,1,307,0.9985015371000884,-0.3962761461734772,No,1,29.0,0.001970508368074992,,,,,0.9137851287042326,,,,,,,,,,,,,,,,,,,,,,,,,,,,,,,,,,,,,,,,,
612,yes/no,Do you see any motorcycle helmets?,yes,http://images.cocodataset.org/train2014/COCO_train2014_000000393362.jpg,1,240,0.9964001615473327,-0.16919660568237305,Yes,1,21.0,0.003725723185616887,,,,,0.8768312711674585,,,,,,,,,,,,,,,,,,,,,,,,,,,,,,,,,,,,,,,,,
613,yes/no,Is the kite high in the air?,yes,http://images.cocodataset.org/train2014/COCO_train2014_000000000149.jpg,8,249,0.9975041412142485,-0.3744730055332184,Yes,8,26.0,0.002189270492066299,28.0,0.0021767990973028074,24.0,0.0020651494568060132,0.938007311034084,0.9825098436366377,0.9863826390090816,16.0,0.002113737274984801,15.0,0.002108069907508162,19.0,0.002110480684976643,7.0,0.002033452251554528,8.0,0.0020920339184534362,,,,,0.9528195311147832,0.944623214254579,0.9538677057815207,0.9821410328348752,0.954434002924965,,,,,,,,,,,,,,,,,,,,
614,yes/no,Is the sky clear?,no,http://images.cocodataset.org/train2014/COCO_train2014_000000000149.jpg,5,265,0.9981799332925821,-0.009437127970159054,No,5,21.0,0.002005496970042503,15.0,0.0019465492272015756,15.0,0.0019367692120556951,0.958411422117983,0.9949490477321437,0.9859247724121322,43.0,0.001958193893700779,15.0,0.001938391332605508,,,,,,,,,,,0.9865148784588608,0.9859247724121322,,,,,,,,,,,,,,,,,,,,,,,
615,yes/no,Are the people flying kites?,yes,http://images.cocodataset.org/train2014/COCO_train2014_000000000149.jpg,3,306,0.9900107896009858,-0.042775604873895645,Yes,3,38.0,0.0031561794591534282,19.0,0.0029821345347298732,15.0,0.002922707371154819,0.9737527666151571,0.9656476401164373,0.9147366491799204,,,,,,,,,,,,,,,,,,,,,,,,,,,,,,,,,,,,,,,
616,yes/no,Can you see any fish?,no,http://images.cocodataset.org/train2014/COCO_train2014_000000471373.jpg,0,268,0.9985734555804561,-0.030841704457998276,No,0,,,,,,,,,,,,,,,,,,,,,,,,,,,,,,,,,,,,,,,,,,,,,,,,
617,yes/no,Is this man swimming?,no,http://images.cocodataset.org/train2014/COCO_train2014_000000471373.jpg,4,275,0.9971552171665108,-0.5849001407623291,No,4,25.0,0.0020571504711751052,17.0,0.002048627986272933,10.0,0.002045682262318632,0.9758191061888972,0.9719977955078913,0.9602297178607612,12.0,0.0020570967214591073,,,,,,,,,,,,,1.0,,,,,,,,,,,,,,,,,,,,,,,,
618,yes/no,Is he turning?,no,http://images.cocodataset.org/train2014/COCO_train2014_000000471373.jpg,9,213,0.9980028660429099,-0.6601250767707825,Yes,9,16.0,0.0019033932535742347,20.0,0.0018992289771336205,16.0,0.0018821535816225807,0.9755307720176266,0.9854752972273343,0.9886085007312413,11.0,0.0018827134706645013,93.0,0.0019080192630594748,52.0,0.0019092680847772685,8.0,0.0018870104426877044,12.0,0.001909351634543897,14.0,0.0019037274473495843,,,0.9056185178648963,0.9723236628408388,0.9700915232659407,0.954434002924965,0.9798687566511528,0.903213977385558,,,,,,,,,,,,,,,,,,,
619,yes/no,Does the man have short hair?,yes,http://images.cocodataset.org/train2014/COCO_train2014_000000471373.jpg,3,253,0.9926775985600333,-0.3479893207550049,Yes,3,15.0,0.002957131395151656,27.0,0.0033183253373317225,39.0,0.0029336295384982647,0.9147366491799203,0.9298511434805797,0.9706298959913855,,,,,,,,,,,,,,,,,,,,,,,,,,,,,,,,,,,,,,,
620,yes/no,Is the bus featured in this picture typical?,no,http://images.cocodataset.org/train2014/COCO_train2014_000000131225.jpg,4,261,0.9989153136950084,-0.14937040209770203,No,4,15.0,0.00190564489456199,15.0,0.001876701480532955,127.0,0.0018878943020996862,0.9182958340544896,0.9664572819896989,0.9801401050535602,18.0,0.00189419101209711,,,,,,,,,,,,,0.9728825026363701,,,,,,,,,,,,,,,,,,,,,,,,
621,yes/no,Is this the latest make and model?,no,http://images.cocodataset.org/train2014/COCO_train2014_000000131225.jpg,7,201,0.9990616784851234,-0.007867448031902313,No,7,15.0,0.0018793724419964297,50.0,0.0018699809387819925,91.0,0.0018704581796173303,0.9709505944546686,0.9775274080747013,0.9700238651083236,16.0,0.0018672281673045314,19.0,0.0018592505707234362,13.0,0.0018643088361039685,42.0,0.0018635376204941443,,,,,,,0.9755307720176266,0.9769780367557707,0.9194324237704885,0.9650522656100656,,,,,,,,,,,,,,,,,,,,,
622,yes/no,Are there any building in the area?,yes,http://images.cocodataset.org/train2014/COCO_train2014_000000131225.jpg,0,271,0.9945576233004281,-0.15936189889907837,Yes,0,,,,,,,,,,,,,,,,,,,,,,,,,,,,,,,,,,,,,,,,,,,,,,,,
623,yes/no,Is there a fence in the background?,no,http://images.cocodataset.org/train2014/COCO_train2014_000000000154.jpg,4,315,0.9976069250409786,-0.009447718039155006,No,4,18.0,0.001992802019556766,20.0,0.002001308659757026,31.0,0.001995852278256716,0.9736669121131954,0.9921503172858166,0.9779018596186941,15.0,0.0020127023590684407,,,,,,,,,,,,,1.0,,,,,,,,,,,,,,,,,,,,,,,,
624,yes/no,Is the zebra's tail up?,no,http://images.cocodataset.org/train2014/COCO_train2014_000000000154.jpg,6,295,0.9984498148253079,-0.5187121629714966,No,6,16.0,0.0021786471269800373,34.0,0.0020768363447871423,15.0,0.0020456317547687453,0.8387794678549646,0.9763692021299742,0.9473080736174851,17.0,0.002094303016325179,28.0,0.0021194650266368855,16.0,0.0020817925419144433,,,,,,,,,0.925613407948596,0.9938747069399737,0.9248008763572906,,,,,,,,,,,,,,,,,,,,,,
625,yes/no,Are they the same type of animal?,yes,http://images.cocodataset.org/train2014/COCO_train2014_000000000154.jpg,8,262,0.9979326436147941,-0.3798530399799347,Yes,8,17.0,0.002147529458297818,15.0,0.002061273147255095,6.0,0.002022218259668506,0.9127332405984697,0.9161314485121343,1.0,15.0,0.0021008533520310135,16.0,0.0020683054904251713,30.0,0.0020600182252076813,12.0,0.002028419457406178,16.0,0.0020497487797299643,,,,,0.9018972358711528,0.9248008763572906,0.9749762821613741,0.9439592513355664,0.9618974703476992,,,,,,,,,,,,,,,,,,,,
626,yes/no,Are all zebras facing the same way?,no,http://images.cocodataset.org/train2014/COCO_train2014_000000000154.jpg,7,299,0.9927749735734708,-0.3427073657512665,No,7,31.0,0.002246937739342819,20.0,0.002265416375482335,96.0,0.0022534374032030105,0.9616418592336476,0.9354752972273344,0.979264265864875,21.0,0.0022295219127462934,25.0,0.002253359347225639,39.0,0.0022464434154158275,10.0,0.0022431957432674874,,,,,,,0.9574423384582357,0.9787071762354436,0.9656915210288951,1.0,,,,,,,,,,,,,,,,,,,,,
627,yes/no,Are the zebras running?,no,http://images.cocodataset.org/train2014/COCO_train2014_000000000154.jpg,5,299,0.9970373406461229,-0.09604953974485397,No,5,29.0,0.002035663507424651,65.0,0.002038145662804212,11.0,0.0020363393796196828,0.9684167629380332,0.9844138214164015,0.9431887805255736,15.0,0.0020445414771947962,22.0,0.0020434067061007814,,,,,,,,,,,1.0,0.9762393112841812,,,,,,,,,,,,,,,,,,,,,,,
628,yes/no,Is he going to fall?,no,http://images.cocodataset.org/train2014/COCO_train2014_000000262299.jpg,5,249,0.9986945190599904,-0.3864883482456207,No,5,30.0,0.0018921592242883633,8.0,0.0018739251654809831,38.0,0.00189388655615113,0.9784254845068616,0.9463946303571862,0.9697878998762338,17.0,0.0019022417870291925,50.0,0.0018937970468012556,,,,,,,,,,,0.9967828263127351,0.9800188893471188,,,,,,,,,,,,,,,,,,,,,,,
629,yes/no,Are the traffic lights facing the same direction?,no,http://images.cocodataset.org/train2014/COCO_train2014_000000393242.jpg,7,319,0.9986009986234914,-0.5531317591667175,No,7,15.0,0.0019947512950908605,18.0,0.0019826419611298912,37.0,0.001965078512513092,0.8443536850036224,0.9728825026363701,0.9745057218982472,27.0,0.001962174584147663,16.0,0.0019640077664179563,30.0,0.0019805133542121107,31.0,0.0019724843788739223,,,,,,,0.9928370275077354,0.9755307720176266,0.9227468142709698,0.9630944930916894,,,,,,,,,,,,,,,,,,,,,
630,yes/no,Is this cake made with fondant?,no,http://images.cocodataset.org/train2014/COCO_train2014_000000393375.jpg,1,112,0.9989339593618448,-0.3624982237815857,No,1,434.0,0.001898336080662094,,,,,0.9843229661866857,,,,,,,,,,,,,,,,,,,,,,,,,,,,,,,,,,,,,,,,,
631,yes/no,Is there a fork on the plate?,no,http://images.cocodataset.org/train2014/COCO_train2014_000000262308.jpg,10,247,0.9958164327776423,-0.5303003787994385,No,10,26.0,0.0021606344453941016,20.0,0.0022040963401667875,25.0,0.002158177611303601,0.9934151417289491,0.9545258142257613,0.9858296553988215,20.0,0.0021571092820711684,10.0,0.0021515861587957045,51.0,0.002151486247073374,41.0,0.0021400118018333686,31.0,0.00217379565462457,34.0,0.002173858743027894,12.0,0.002195151411611184,0.9763620978123273,0.9709505944546686,0.9800765381092239,0.9788683101039926,0.9562206756590976,0.9892248603703082,0.9182958340544896,,,,,,,,,,,,,,,,,,
632,yes/no,Is this black and white?,yes,http://images.cocodataset.org/train2014/COCO_train2014_000000262308.jpg,6,251,0.9944989310045518,-0.29703760147094727,No,6,28.0,0.00221604027776537,18.0,0.0022257772386903374,68.0,0.002250647351515115,0.9687190118734337,0.9656336071428252,0.9784552339111466,48.0,0.0022318551362286334,105.0,0.002218085386994987,29.0,0.0022228192696798375,,,,,,,,,0.9695605252065107,0.9817787123835674,0.9741790333644582,,,,,,,,,,,,,,,,,,,,,,
633,yes/no,Is a military person in the picture?,yes,http://images.cocodataset.org/train2014/COCO_train2014_000000000165.jpg,5,238,0.9937557319593203,-0.02918512560427189,Yes,5,42.0,0.0025419701695172455,20.0,0.0029096573639487916,2.0,0.0021651562747339943,0.9769196545813923,0.9630603734213402,0.0,6.0,0.0024387169038744606,62.0,0.0028101641690838355,,,,,,,,,,,0.9182958340544896,0.9775478942838036,,,,,,,,,,,,,,,,,,,,,,,
634,yes/no,Are they smiling?,yes,http://images.cocodataset.org/train2014/COCO_train2014_000000000165.jpg,10,181,0.9942690837210724,-0.044399719685316086,Yes,10,28.0,0.0023357225761491173,17.0,0.002242900007351541,63.0,0.0023180951774915987,0.9304474970966687,0.9719977955078916,0.9749627734436133,16.0,0.002318305643171705,97.0,0.0023762987919871024,25.0,0.002311336875637692,17.0,0.0023149689249576406,18.0,0.0022752152881925208,23.0,0.002298223717740821,17.0,0.0022713535271412905,0.9755307720176266,0.970395681188295,0.9745455500297384,0.9967828263127351,0.9773429734731779,0.9627069364469678,0.9771236998460402,,,,,,,,,,,,,,,,,,
635,yes/no,Is this an old building?,yes,http://images.cocodataset.org/train2014/COCO_train2014_000000415089.jpg,2,243,0.9947766568416051,-0.021280165761709213,Yes,2,18.0,0.0040210274385172095,24.0,0.002451506796677688,,,0.9910760598382222,0.9931913195045406,,,,,,,,,,,,,,,,,,,,,,,,,,,,,,,,,,,,,,,,
636,yes/no,Is the room almost full?,no,http://images.cocodataset.org/train2014/COCO_train2014_000000415089.jpg,8,240,0.9948028163582832,-0.287590354681015,No,8,15.0,0.002140694332842766,25.0,0.0021463417009646626,21.0,0.0021566261446474833,0.9018972358711528,0.9934804071359582,1.0,16.0,0.0021152014427589564,117.0,0.0021317566321736995,59.0,0.0021350258379068906,54.0,0.0021468478739535483,18.0,0.002143410935814733,,,,,0.9618974703476992,0.9829604348700474,0.9674191950290925,0.9795213999975468,0.9915323997298832,,,,,,,,,,,,,,,,,,,,
637,yes/no,Are the people on a soft surface?,no,http://images.cocodataset.org/train2014/COCO_train2014_000000393384.jpg,15,142,0.9928496154498225,-0.08597932010889053,No,15,17.0,0.0022415576317234166,37.0,0.002208654424153437,49.0,0.0022230790153582062,0.9975025463691152,0.981619035701548,0.9603097645132234,11.0,0.0022064884922141518,32.0,0.0022336362373948917,10.0,0.0022201835357328415,35.0,0.0022187614045891192,17.0,0.002213070486593825,19.0,0.00220657045892845,74.0,0.0022114660595147673,0.9940302114769565,0.9857833528033656,0.7219280948873623,0.9627387098730074,0.9770358764490155,0.9752404816059184,0.9800570599754619,41.0,0.002201089916585024,10.0,0.002201485392963991,0.9871848987322983,1.0,50.0,0.0022077507959790987,34.0,0.002209897654461884,23.0,0.002219168705244309,,,0.974067932077344,0.9595557254187435,0.9321883810995898,
638,yes/no,Has the grass been mowed recently?,no,http://images.cocodataset.org/train2014/COCO_train2014_000000393386.jpg,4,156,0.9969891862831664,-0.26561084389686584,No,4,16.0,0.0020571776522040823,28.0,0.002074356765332293,229.0,0.0021217246888005563,0.9690222556651344,0.9953625898154655,0.9887891528973213,96.0,0.002136432590211137,,,,,,,,,,,,,0.9871978172372154,,,,,,,,,,,,,,,,,,,,,,,,
639,yes/no,Is this scene in America?,no,http://images.cocodataset.org/train2014/COCO_train2014_000000131245.jpg,8,256,0.9986868666459121,-0.0007749221404083073,No,8,16.0,0.0019568898027918016,16.0,0.001936509428956382,30.0,0.0019461776304714976,0.9886994082884974,0.9056390622295665,0.976022214013387,52.0,0.0019400214302367465,15.0,0.0019361266833982232,30.0,0.0019365195546010355,22.0,0.0019285375698803544,36.0,0.0019407456564069889,,,,,0.9764617609660168,0.9877812438119247,0.9809464023464666,0.9686784727578369,0.9587730450951321,,,,,,,,,,,,,,,,,,,,
640,yes/no,Are all the laptops on?,yes,http://images.cocodataset.org/train2014/COCO_train2014_000000137918.jpg,7,236,0.9975005902330528,-0.47168827056884766,Yes,7,48.0,0.0019386010730888918,30.0,0.0019429225088341473,37.0,0.0019233966348190666,0.9703020220553792,0.9411428016923041,0.9762994064924988,34.0,0.0019347504037675188,29.0,0.0019243568933911205,31.0,0.0019338010809295315,63.0,0.0019343926005043971,,,,,,,0.9689547669582002,0.9551515577264507,0.9490909276052698,0.9852078501507939,,,,,,,,,,,,,,,,,,,,,
641,yes/no,Is this a hotel room?,yes,http://images.cocodataset.org/train2014/COCO_train2014_000000393394.jpg,1,260,0.9931597828105087,-0.07410915195941925,Yes,1,19.0,0.004548852464771425,,,,,0.8580597279744429,,,,,,,,,,,,,,,,,,,,,,,,,,,,,,,,,,,,,,,,,
642,yes/no,Is this a hotel?,yes,http://images.cocodataset.org/train2014/COCO_train2014_000000393394.jpg,1,249,0.9918834943449543,-0.09996500611305237,Yes,1,16.0,0.006264892627062043,,,,,0.954434002924965,,,,,,,,,,,,,,,,,,,,,,,,,,,,,,,,,,,,,,,,,
643,yes/no,Is an elephant walking down the street?,yes,http://images.cocodataset.org/train2014/COCO_train2014_000000438196.jpg,4,225,0.9957125320258733,-0.05126582458615303,Yes,4,19.0,0.0050622403975950775,16.0,0.002975679233940427,7.0,0.0022991676484087936,0.9980008838722996,0.9886085007312412,0.9821410328348752,15.0,0.0025984713330612043,,,,,,,,,,,,,0.9859247724121322,,,,,,,,,,,,,,,,,,,,,,,,
644,yes/no,Is the guy in the yellow shirt wearing a tie?,yes,http://images.cocodataset.org/train2014/COCO_train2014_000000438196.jpg,3,292,0.996072105833263,-0.0734938308596611,No,3,27.0,0.002112884071873263,17.0,0.0020715497067128863,16.0,0.0020303580467066974,0.9376547517881335,0.9967828263127351,0.9954133073923868,,,,,,,,,,,,,,,,,,,,,,,,,,,,,,,,,,,,,,,
645,yes/no,Is this a church?,yes,http://images.cocodataset.org/train2014/COCO_train2014_000000393396.jpg,0,273,0.9868244843937474,-0.1299259215593338,Yes,0,,,,,,,,,,,,,,,,,,,,,,,,,,,,,,,,,,,,,,,,,,,,,,,,
646,yes/no,Is there snow in the picture?,yes,http://images.cocodataset.org/train2014/COCO_train2014_000000393396.jpg,0,289,0.991631593165572,-0.043257471174001694,Yes,0,,,,,,,,,,,,,,,,,,,,,,,,,,,,,,,,,,,,,,,,,,,,,,,,
647,yes/no,Is there a clock on the church tower?,no,http://images.cocodataset.org/train2014/COCO_train2014_000000393396.jpg,2,229,0.9980061406389654,-0.05759734660387039,No,2,209.0,0.001983964868895035,15.0,0.0019672024903999233,,,0.9805277331896041,0.982798115178801,,,,,,,,,,,,,,,,,,,,,,,,,,,,,,,,,,,,,,,,
648,yes/no,Is there a clock?,no,http://images.cocodataset.org/train2014/COCO_train2014_000000393396.jpg,6,208,0.9975780761090696,-0.04515945166349411,No,6,39.0,0.0020299085850208217,52.0,0.0020226362991169334,54.0,0.0020183488651768764,0.9176284663685417,0.9429366220521083,0.9852008491267871,17.0,0.0020001473258682524,41.0,0.002006856320042767,16.0,0.00202045505642162,,,,,,,,,0.9844171139677748,0.9670003760748239,0.875,,,,,,,,,,,,,,,,,,,,,,
649,yes/no,Is this person wearing a backpack?,yes,http://images.cocodataset.org/train2014/COCO_train2014_000000524470.jpg,2,228,0.9730424303337121,-0.06664811074733734,Yes,2,33.0,0.006857492036848451,15.0,0.006788410452861244,,,0.8672072103388229,0.8024677973715656,,,,,,,,,,,,,,,,,,,,,,,,,,,,,,,,,,,,,,,,
650,yes/no,Is there a street light in the photo?,yes,http://images.cocodataset.org/train2014/COCO_train2014_000000524470.jpg,3,248,0.9869717668140239,-0.17296616733074188,Yes,3,17.0,0.0031097980187810743,23.0,0.005408777944807275,5.0,0.0026775228729046634,0.9936520348079907,0.8324634571186275,0.9709505944546686,,,,,,,,,,,,,,,,,,,,,,,,,,,,,,,,,,,,,,,
651,yes/no,Is the sun up?,no,http://images.cocodataset.org/train2014/COCO_train2014_000000524470.jpg,4,336,0.9986857591868104,-0.2551628053188324,Yes,4,19.0,0.0019962151870604587,37.0,0.001988869634862921,18.0,0.0019855770904739084,0.9495113755878273,0.9622485233578465,0.9535998353544741,17.0,0.002012689147265711,,,,,,,,,,,,,0.9770358764490155,,,,,,,,,,,,,,,,,,,,,,,,
652,yes/no,Is the oven on?,yes,http://images.cocodataset.org/train2014/COCO_train2014_000000524471.jpg,2,290,0.99789951367655,-0.051664743572473526,Yes,2,32.0,0.002112535887285474,21.0,0.0023508881148206562,,,0.983473278124495,0.8907082013105602,,,,,,,,,,,,,,,,,,,,,,,,,,,,,,,,,,,,,,,,
653,yes/no,Is there a window in this scene?,yes,http://images.cocodataset.org/train2014/COCO_train2014_000000524471.jpg,1,235,0.9839023177679085,-0.03738916292786598,Yes,1,20.0,0.007764919952236345,,,,,0.8445412464587145,,,,,,,,,,,,,,,,,,,,,,,,,,,,,,,,,,,,,,,,,
654,yes/no,Is this toast done?,no,http://images.cocodataset.org/train2014/COCO_train2014_000000524471.jpg,5,274,0.9978694212706323,-0.49331963062286377,Yes,5,15.0,0.002236024681553893,18.0,0.002152780440451323,11.0,0.002125749647779901,0.9147366491799204,0.9649450424307694,0.9922150607220183,22.0,0.002408023068087638,17.0,0.0024227894443302465,,,,,,,,,,,0.9015666752789384,0.8702290979524684,,,,,,,,,,,,,,,,,,,,,,,
655,yes/no,Is the microwave on?,no,http://images.cocodataset.org/train2014/COCO_train2014_000000524471.jpg,3,183,0.9988554853465714,-0.06244288757443428,Yes,3,20.0,0.0019985002431863715,209.0,0.0019333297301600723,53.0,0.0019319432268980613,0.858672711073255,0.986162949566972,0.9752845104669888,,,,,,,,,,,,,,,,,,,,,,,,,,,,,,,,,,,,,,,
656,yes/no,Is the toaster on?,yes,http://images.cocodataset.org/train2014/COCO_train2014_000000524471.jpg,3,292,0.99783058189421,-0.16285765171051025,Yes,3,18.0,0.0021476799764277707,11.0,0.002114031245914445,21.0,0.002386336403958362,0.9649450424307694,0.9922150607220183,0.8907082013105602,,,,,,,,,,,,,,,,,,,,,,,,,,,,,,,,,,,,,,,
657,yes/no,Is this a one way street?,yes,http://images.cocodataset.org/train2014/COCO_train2014_000000393403.jpg,7,273,0.9968773733660578,-0.6421940922737122,Yes,7,18.0,0.0019716450030254993,34.0,0.0019396031084287142,77.0,0.00196748759726004,0.872009434056298,0.9699474175019979,0.9647176414752421,25.0,0.0019620350059818313,27.0,0.0019509214102884818,18.0,0.0019511691147431629,28.0,0.001982907726379045,,,,,,,0.9661190960509453,0.9350740572236665,0.9081700569267039,0.9143901321670581,,,,,,,,,,,,,,,,,,,,,
658,yes/no,Are there people boarding the bus?,no,http://images.cocodataset.org/train2014/COCO_train2014_000000393403.jpg,3,222,0.9974002027294718,-0.02280251495540142,No,3,35.0,0.0020099949512473124,25.0,0.002006332450180572,20.0,0.0020238693182449887,0.9566617562744109,0.9520963796036712,0.9197455351500672,,,,,,,,,,,,,,,,,,,,,,,,,,,,,,,,,,,,,,,
659,yes/no,Is there a hardware store in the area?,no,http://images.cocodataset.org/train2014/COCO_train2014_000000393403.jpg,3,222,0.9971859832523432,-0.21257947385311127,No,3,37.0,0.0020527425375888343,36.0,0.002006657629555358,15.0,0.001969264591990675,0.9505317748448746,0.9522454182696324,0.9859247724121322,,,,,,,,,,,,,,,,,,,,,,,,,,,,,,,,,,,,,,,
660,yes/no,Are the drying the animal with a blow dryer?,yes,http://images.cocodataset.org/train2014/COCO_train2014_000000524476.jpg,6,192,0.9946068681801373,-0.1324869841337204,Yes,6,37.0,0.0026396567036761926,15.0,0.002801602752531258,19.0,0.002603156202511148,0.9881728902263416,0.9949490477321437,0.9863924063933985,32.0,0.0026076229622713325,10.0,0.002737794619868718,11.0,0.0027134669523569592,,,,,,,,,0.9723009070652475,0.9602297178607612,0.9922150607220183,,,,,,,,,,,,,,,,,,,,,,
661,yes/no,Is this a hotel?,no,http://images.cocodataset.org/train2014/COCO_train2014_000000283700.jpg,2,354,0.9988464646533031,-0.04579782858490944,No,2,17.0,0.001916089995503982,18.0,0.0018887995176189323,,,0.9774178175281716,0.9535998353544741,,,,,,,,,,,,,,,,,,,,,,,,,,,,,,,,,,,,,,,,
662,yes/no,Can you see the man's shadow?,yes,http://images.cocodataset.org/train2014/COCO_train2014_000000262336.jpg,3,305,0.9923977083351184,-0.06662816554307938,Yes,3,15.0,0.0026269709465624293,15.0,0.002625135999277918,20.0,0.002811850760719411,0.982798115178801,0.9446232142545791,0.9927376486136672,,,,,,,,,,,,,,,,,,,,,,,,,,,,,,,,,,,,,,,
663,yes/no,Is this lacrosse?,no,http://images.cocodataset.org/train2014/COCO_train2014_000000262336.jpg,5,161,0.9991633602001719,-0.004146877210587263,No,5,71.0,0.0018783608093059922,172.0,0.0018760942150262616,21.0,0.0018820046998808643,0.969389893028051,0.9845869813341609,0.9095134728820529,22.0,0.00187137608385074,15.0,0.0018631356964408784,,,,,,,,,,,0.9723293370171538,0.9949490477321437,,,,,,,,,,,,,,,,,,,,,,,
664,yes/no,The color of the court is green?,no,http://images.cocodataset.org/train2014/COCO_train2014_000000262336.jpg,7,146,0.9981672461396454,-0.23146046698093414,No,7,215.0,0.001993002757635912,28.0,0.001988866102646685,24.0,0.001987188178078325,0.9804546589997165,0.9756156973216475,0.9899343783255763,51.0,0.0019762193984436223,48.0,0.0019917405581365033,18.0,0.0019788576406750535,21.0,0.001984172561908853,,,,,,,0.9837891622254974,0.9821735911147313,0.9388201415867106,0.9693542486434171,,,,,,,,,,,,,,,,,,,,,
665,yes/no,Is this pizza nutritious enough to eat for a full dinner?,yes,http://images.cocodataset.org/train2014/COCO_train2014_000000000194.jpg,1,292,0.9963469561762555,-0.1770503968000412,No,1,26.0,0.002206172288207992,,,,,0.885907920103627,,,,,,,,,,,,,,,,,,,,,,,,,,,,,,,,,,,,,,,,,
666,yes/no,Are both beds made?,yes,http://images.cocodataset.org/train2014/COCO_train2014_000000257513.jpg,5,292,0.9973145562499806,-0.37077435851097107,No,5,38.0,0.002030505209943572,24.0,0.0020133804409366803,15.0,0.002007510268528198,0.9588726708838126,0.9949671891627881,0.9654013672997089,23.0,0.0020014874565809915,19.0,0.0019978265677945695,,,,,,,,,,,0.9627069364469678,0.9968868771609918,,,,,,,,,,,,,,,,,,,,,,,
667,yes/no,Is there a ladder in the picture?,yes,http://images.cocodataset.org/train2014/COCO_train2014_000000257513.jpg,2,233,0.9902394726514292,-0.11556348204612732,Yes,2,15.0,0.004649255318445317,21.0,0.005525424548857583,,,0.8616157143988104,0.8751124386426175,,,,,,,,,,,,,,,,,,,,,,,,,,,,,,,,,,,,,,,,
668,yes/no,Is this vehicle parked in a residential driveway?,yes,http://images.cocodataset.org/train2014/COCO_train2014_000000393412.jpg,3,278,0.9973603429114393,-0.6023938655853271,Yes,3,15.0,0.0020261205560467154,22.0,0.002212951157067833,10.0,0.001991913597525025,0.982798115178801,0.874587334195005,0.9911594714322186,,,,,,,,,,,,,,,,,,,,,,,,,,,,,,,,,,,,,,,
669,yes/no,Is the color of the car very common for vehicles?,no,http://images.cocodataset.org/train2014/COCO_train2014_000000393412.jpg,0,291,0.9963443209186893,-0.25175797939300537,No,0,,,,,,,,,,,,,,,,,,,,,,,,,,,,,,,,,,,,,,,,,,,,,,,,
670,yes/no,Are all the people looking at the same thing?,no,http://images.cocodataset.org/train2014/COCO_train2014_000000458785.jpg,5,282,0.9979813889197937,-0.5477129220962524,No,5,33.0,0.001965699232141799,55.0,0.001975090959281599,27.0,0.0019704138746218405,0.9781900528174539,0.987653950714431,0.9790780354420322,8.0,0.001967476978372285,26.0,0.001977026858516833,,,,,,,,,,,1.0,0.972362610668201,,,,,,,,,,,,,,,,,,,,,,,
671,yes/no,Do these ski boards have personality?,yes,http://images.cocodataset.org/train2014/COCO_train2014_000000000201.jpg,5,238,0.9981751633559195,-0.04172611981630325,Yes,5,52.0,0.001968187166084453,23.0,0.0019614201929362357,20.0,0.001987215231823227,0.9714696810480652,0.9787122437557367,0.8927376486136671,82.0,0.001956576417661892,16.0,0.0019653061095119507,,,,,,,,,,,0.983557879959143,0.9965119062478288,,,,,,,,,,,,,,,,,,,,,,,
672,yes/no,Is the woman wearing a dress?,no,http://images.cocodataset.org/train2014/COCO_train2014_000000131277.jpg,6,288,0.9955534911700831,-0.022039832547307014,No,6,18.0,0.002103060812394026,25.0,0.00206324549031833,65.0,0.00206660795862344,0.9910760598382222,0.9949956408022635,0.9851645565218541,19.0,0.0020606120662822218,16.0,0.0020574309244003916,15.0,0.0020490839596649752,,,,,,,,,0.9968868771609918,0.9618974703476992,0.982798115178801,,,,,,,,,,,,,,,,,,,,,,
673,yes/no,Are they playing a game?,yes,http://images.cocodataset.org/train2014/COCO_train2014_000000131277.jpg,2,246,0.9935117798257691,-0.011037842370569706,Yes,2,47.0,0.002993156449589362,16.0,0.0027362991978433174,,,0.9689494740987417,0.9822177815287605,,,,,,,,,,,,,,,,,,,,,,,,,,,,,,,,,,,,,,,,
674,yes/no,Will the bent person fall forward?,no,http://images.cocodataset.org/train2014/COCO_train2014_000000131277.jpg,2,277,0.9950293229977855,-0.2805126905441284,No,2,123.0,0.0021037168587768004,26.0,0.0021066294206711156,,,0.9821623693931066,0.982565040412523,,,,,,,,,,,,,,,,,,,,,,,,,,,,,,,,,,,,,,,,
675,yes/no,Is there a man and a woman?,yes,http://images.cocodataset.org/train2014/COCO_train2014_000000131277.jpg,3,239,0.9907239375394549,-0.19215388596057892,Yes,3,31.0,0.003202179193365939,14.0,0.0034141475141097576,16.0,0.003004106819621295,0.9779018596186941,0.9386935321483065,0.9822177815287605,,,,,,,,,,,,,,,,,,,,,,,,,,,,,,,,,,,,,,,
676,yes/no,Is this photo to blurry?,no,http://images.cocodataset.org/train2014/COCO_train2014_000000131277.jpg,4,268,0.9949692369058719,-0.35709014534950256,No,4,17.0,0.002127196200438356,109.0,0.002090894751950066,25.0,0.002083424035182696,0.9975025463691152,0.9874436766915068,0.9949956408022635,15.0,0.0020569543476237568,,,,,,,,,,,,,0.9859247724121322,,,,,,,,,,,,,,,,,,,,,,,,
677,yes/no,Would you get a ticket if you disobeyed this sign?,yes,http://images.cocodataset.org/train2014/COCO_train2014_000000393422.jpg,2,283,0.9949455014679902,-0.1692788451910019,Yes,2,16.0,0.0025616926640079007,27.0,0.002634614155373407,,,0.9320201587042914,0.9629892990890715,,,,,,,,,,,,,,,,,,,,,,,,,,,,,,,,,,,,,,,,
678,yes/no,Is the red stop sign on a wooden pole?,no,http://images.cocodataset.org/train2014/COCO_train2014_000000393422.jpg,6,277,0.9925972699172767,-0.27783358097076416,No,6,37.0,0.00223922086882971,40.0,0.0022115582042562393,15.0,0.002217630326754698,0.9816190357015482,0.9791568438604685,0.9543063494363562,37.0,0.002215866113734318,27.0,0.0022187869941234584,10.0,0.0022024989301239473,,,,,,,,,0.9900531280567489,0.9579008244473906,0.9911594714322186,,,,,,,,,,,,,,,,,,,,,,
679,yes/no,Can you see the sun in the picture?,yes,http://images.cocodataset.org/train2014/COCO_train2014_000000393422.jpg,5,233,0.9961589103710401,-0.16680826246738434,Yes,5,27.0,0.0021965018835864037,15.0,0.0021423062211241525,24.0,0.0022105728460450657,0.9816515199222766,0.9859247724121322,0.9882484440780547,35.0,0.0022422162408272314,26.0,0.0021593456300095723,,,,,,,,,,,0.9827258015755853,0.9849660857232596,,,,,,,,,,,,,,,,,,,,,,,
680,yes/no,Are they twins?,no,http://images.cocodataset.org/train2014/COCO_train2014_000000131279.jpg,2,246,0.9991234653329579,-0.254869669675827,No,2,69.0,0.00186599666028634,71.0,0.0018613510716807456,,,0.9621489761856167,0.9675686165252915,,,,,,,,,,,,,,,,,,,,,,,,,,,,,,,,,,,,,,,,
681,yes/no,Is one of the children a boy?,yes,http://images.cocodataset.org/train2014/COCO_train2014_000000131279.jpg,0,265,0.989270626843923,-0.15273988246917725,Yes,0,,,,,,,,,,,,,,,,,,,,,,,,,,,,,,,,,,,,,,,,,,,,,,,,
682,yes/no,Are these teenagers?,no,http://images.cocodataset.org/train2014/COCO_train2014_000000131279.jpg,2,245,0.99910512674602,-0.004918611608445644,No,2,70.0,0.0018696787353968628,71.0,0.0018655249502022337,,,0.962419165079541,0.9634723291734008,,,,,,,,,,,,,,,,,,,,,,,,,,,,,,,,,,,,,,,,
683,yes/no,Are both of the children smiling?,no,http://images.cocodataset.org/train2014/COCO_train2014_000000131279.jpg,12,244,0.9992291299655673,-0.5790448784828186,No,12,15.0,0.0018476227084932562,17.0,0.0018663520422037385,17.0,0.0018422855832770414,1.0,0.9127332405984697,0.9856676426534905,10.0,0.001842341340655159,2.0,0.0018181440648680858,24.0,0.0018434847283094761,24.0,0.0018433345456150632,28.0,0.0018739037908278267,16.0,0.001842575221328914,7.0,0.001827309653106358,0.8649735207179273,0.0,0.9560107101418428,0.9776902310822042,0.9508516318093154,0.9618974703476992,0.9821410328348752,28.0,0.0018576385277354654,17.0,0.0018557614026405687,0.9894065290848516,0.9967828263127351,,,,,,,,,,,,
684,yes/no,Is this child wearing socks?,no,http://images.cocodataset.org/train2014/COCO_train2014_000000131279.jpg,2,245,0.9991391605301178,-0.19773145020008087,No,2,68.0,0.001869160440662424,69.0,0.0018616154618569798,,,0.9559538994270708,0.9743222027854784,,,,,,,,,,,,,,,,,,,,,,,,,,,,,,,,,,,,,,,,
685,yes/no,Is the man's shirt a solid color?,no,http://images.cocodataset.org/train2014/COCO_train2014_000000448671.jpg,10,164,0.9941945937482418,-0.16962993144989014,No,10,22.0,0.0022286917565473214,19.0,0.0022197826858032597,36.0,0.0022164449481364887,0.9922150607220183,0.9649618403823442,0.9789283426941484,15.0,0.0022042275788790007,97.0,0.0022079272125975183,16.0,0.0022121020858266406,31.0,0.0022273377746929697,50.0,0.0021805678635855763,45.0,0.0021974701237852234,51.0,0.0022068450096104546,0.9018972358711528,0.9710804381744393,0.886859507142915,0.935820929355821,0.9816425087599406,0.9695612001179139,0.9712344675332922,,,,,,,,,,,,,,,,,,
686,yes/no,Is this man tan?,yes,http://images.cocodataset.org/train2014/COCO_train2014_000000554301.jpg,4,260,0.9958862728342399,-0.29938381910324097,Yes,4,43.0,0.002366820802385537,19.0,0.002378103807730671,7.0,0.00235568116335593,0.9905730676102213,0.9621305296911875,0.9852281360342515,15.0,0.0023795831031788862,,,,,,,,,,,,,0.982798115178801,,,,,,,,,,,,,,,,,,,,,,,,
687,yes/no,The tablecloths are white?,yes,http://images.cocodataset.org/train2014/COCO_train2014_000000262359.jpg,1,262,0.9925108830340929,-0.28167909383773804,Yes,1,21.0,0.0056779110131057065,,,,,0.8559631658263386,,,,,,,,,,,,,,,,,,,,,,,,,,,,,,,,,,,,,,,,,
688,yes/no,Are the pictures colorful?,yes,http://images.cocodataset.org/train2014/COCO_train2014_000000262359.jpg,4,275,0.9988213374075932,-0.6634201407432556,No,4,15.0,0.0019436836089008413,53.0,0.001986027845782551,62.0,0.002023184331627092,0.982798115178801,0.9862971485163117,0.9516509759129446,16.0,0.001993559815701348,,,,,,,,,,,,,0.9965119062478288,,,,,,,,,,,,,,,,,,,,,,,,
689,yes/no,Do you a mirror in the background?,no,http://images.cocodataset.org/train2014/COCO_train2014_000000262359.jpg,8,297,0.9987772670726748,-0.6374403238296509,No,8,16.0,0.0019325773080621353,15.0,0.001932989937091052,39.0,0.0019404002466905305,0.9755307720176265,0.8830374409547587,0.9518703953049704,27.0,0.0019603650745273547,46.0,0.0019329450976442715,25.0,0.0019497214070295144,27.0,0.0019039950818805856,22.0,0.001945555432622101,,,,,0.9198486681120148,0.9826348491310323,0.9143172867352864,0.974049618556168,0.998145975216737,,,,,,,,,,,,,,,,,,,,
690,yes/no,Is there food on the table?,no,http://images.cocodataset.org/train2014/COCO_train2014_000000262359.jpg,3,122,0.9983713599880598,-0.030971724539995193,No,3,164.0,0.0019256007051851195,75.0,0.0019321714017821489,63.0,0.0019269447918460103,0.9794275555119917,0.9701196677278705,0.976001867439063,,,,,,,,,,,,,,,,,,,,,,,,,,,,,,,,,,,,,,,
691,yes/no,Is there a pillow present in the picture?,yes,http://images.cocodataset.org/train2014/COCO_train2014_000000393432.jpg,2,246,0.9842771101195636,-0.03453546017408371,Yes,2,23.0,0.007153016420391388,15.0,0.003872072875205669,,,0.8950252083920531,0.9718495448242642,,,,,,,,,,,,,,,,,,,,,,,,,,,,,,,,,,,,,,,,
692,yes/no,Is she wearing a bathing suit?,yes,http://images.cocodataset.org/train2014/COCO_train2014_000000000036.jpg,2,227,0.9878861248556161,-0.030861375853419304,Yes,2,18.0,0.006778354267527007,48.0,0.0033964339671547776,,,0.9910760598382222,0.9829299752678956,,,,,,,,,,,,,,,,,,,,,,,,,,,,,,,,,,,,,,,,
693,yes/no,Are they surrounded by trees?,yes,http://images.cocodataset.org/train2014/COCO_train2014_000000524508.jpg,4,212,0.9958925669467135,-0.08627790212631226,Yes,4,20.0,0.0026893461969028877,63.0,0.002577008653284035,17.0,0.0026492641362622004,0.9416915491145067,0.992314870938221,0.903881788208597,54.0,0.0024167759175878346,,,,,,,,,,,,,0.98647073968333,,,,,,,,,,,,,,,,,,,,,,,,
694,yes/no,Is there a puddle of water on the dirt?,yes,http://images.cocodataset.org/train2014/COCO_train2014_000000524508.jpg,4,202,0.9900807514708966,-0.05585794150829315,Yes,4,18.0,0.003911049111441864,20.0,0.00326960076968526,35.0,0.0032773057596201913,0.8984122363247571,0.955894174002648,0.9913368707595324,33.0,0.0028939346150297822,,,,,,,,,,,,,0.9957058544475481,,,,,,,,,,,,,,,,,,,,,,,,
695,yes/no,Are these men on a boat?,no,http://images.cocodataset.org/train2014/COCO_train2014_000000474858.jpg,4,287,0.9983849655949159,-0.00953593198210001,No,4,15.0,0.0019411620333687869,16.0,0.00194661645106382,13.0,0.0019471677894653554,0.9718495448242642,0.9822177815287605,0.975031878218105,11.0,0.0019506945024846199,,,,,,,,,,,,,0.9922150607220183,,,,,,,,,,,,,,,,,,,,,,,,
696,yes/no,Are the boys happy?,yes,http://images.cocodataset.org/train2014/COCO_train2014_000000474858.jpg,2,310,0.998541256768908,-0.4411689341068268,No,2,33.0,0.0019678893689348063,12.0,0.0019702172165926312,,,0.9844517632608999,1.0,,,,,,,,,,,,,,,,,,,,,,,,,,,,,,,,,,,,,,,,
697,yes/no,Is the man in the forefront trying to get signal on a cell phone?,no,http://images.cocodataset.org/train2014/COCO_train2014_000000474858.jpg,3,287,0.9985147431296425,-0.17054569721221924,No,3,16.0,0.0019355082798044466,13.0,0.0019359261027229642,9.0,0.001930136804694395,0.9822177815287605,0.975031878218105,0.9656336071428252,,,,,,,,,,,,,,,,,,,,,,,,,,,,,,,,,,,,,,,
698,yes/no,Was this photo taken recently?,yes,http://images.cocodataset.org/train2014/COCO_train2014_000000474858.jpg,1,278,0.9921573660046032,-0.23039144277572632,Yes,1,57.0,0.002689261107505296,,,,,0.9823097801390548,,,,,,,,,,,,,,,,,,,,,,,,,,,,,,,,,,,,,,,,,
699,yes/no,Is this  a beach?,yes,http://images.cocodataset.org/train2014/COCO_train2014_000000474858.jpg,0,278,0.9813147206733468,-0.013618755154311657,Yes,0,,,,,,,,,,,,,,,,,,,,,,,,,,,,,,,,,,,,,,,,,,,,,,,,
700,yes/no,Is the guy making a performance?,no,http://images.cocodataset.org/train2014/COCO_train2014_000000474858.jpg,5,277,0.9979300024649917,-0.27438345551490784,No,5,18.0,0.002001556330144573,18.0,0.002006257884768132,12.0,0.002008167111685191,0.9649450424307694,0.9649450424307694,0.9808340377961404,16.0,0.0020120511736792203,8.0,0.0019799086984100423,,,,,,,,,,,1.0,0.985056822321508,,,,,,,,,,,,,,,,,,,,,,,
701,yes/no,Is he doing a trick?,no,http://images.cocodataset.org/train2014/COCO_train2014_000000474858.jpg,0,313,0.9984217637246702,-0.0778295025229454,No,0,,,,,,,,,,,,,,,,,,,,,,,,,,,,,,,,,,,,,,,,,,,,,,,,
702,yes/no,Is the man in the foreground barefooted?,yes,http://images.cocodataset.org/train2014/COCO_train2014_000000474858.jpg,0,278,0.9730101873971544,-0.4329245984554291,Yes,0,,,,,,,,,,,,,,,,,,,,,,,,,,,,,,,,,,,,,,,,,,,,,,,,
703,yes/no,Is this busy metropolis?,no,http://images.cocodataset.org/train2014/COCO_train2014_000000474858.jpg,3,322,0.998166317109882,-0.001141603454016149,No,3,16.0,0.0019711614090862192,18.0,0.001976034627033302,11.0,0.0019733493975978116,0.9690222556651344,0.9736669121131954,0.9922150607220183,,,,,,,,,,,,,,,,,,,,,,,,,,,,,,,,,,,,,,,
704,yes/no,What is the man on a skateboard?,no,http://images.cocodataset.org/train2014/COCO_train2014_000000474858.jpg,7,322,0.9944495198862376,-1.6767102479934692,No,7,57.0,0.002216079507522562,61.0,0.002258013084895403,26.0,0.0022630063859014355,0.9678138560278509,0.982197088514892,0.9978637260424629,26.0,0.002201359207099927,17.0,0.002221074983791496,29.0,0.0022478421774420167,15.0,0.0022273681568266567,,,,,,,0.9816033143723746,0.9256134079485958,0.9839067104067714,0.9602297178607612,,,,,,,,,,,,,,,,,,,,,
705,yes/no,Are there waves in the picture?,yes,http://images.cocodataset.org/train2014/COCO_train2014_000000474858.jpg,1,277,0.9906991431185557,-0.13454675674438477,Yes,1,15.0,0.0028622650768558443,,,,,0.9859247724121322,,,,,,,,,,,,,,,,,,,,,,,,,,,,,,,,,,,,,,,,,
706,yes/no,Did the man just steal the boy's kite?,no,http://images.cocodataset.org/train2014/COCO_train2014_000000393438.jpg,6,179,0.9931858572879885,-0.15708868205547333,No,6,50.0,0.002253132139871738,129.0,0.002256569320296228,15.0,0.0022335168973703365,0.9859779428475633,0.9869252435905115,0.9949490477321437,18.0,0.0022664768623207056,78.0,0.002274888539101162,15.0,0.002276831360282232,,,,,,,,,0.9854122527913256,0.9930620969683531,0.9877812438119246,,,,,,,,,,,,,,,,,,,,,,
707,yes/no,Is this a steam engine train?,yes,http://images.cocodataset.org/train2014/COCO_train2014_000000165859.jpg,3,258,0.9918156683737747,-0.13907182216644287,Yes,3,15.0,0.0027151276755913428,15.0,0.004001200207537485,24.0,0.0030146968960598672,0.9718495448242642,0.7835807040488099,0.9744707946273875,,,,,,,,,,,,,,,,,,,,,,,,,,,,,,,,,,,,,,,
708,yes/no,Are the umbrellas wet?,yes,http://images.cocodataset.org/train2014/COCO_train2014_000000393442.jpg,2,259,0.994861715617377,-0.4249672591686249,Yes,2,18.0,0.0032415475607588643,18.0,0.0031518676800081896,,,0.8096568334164151,0.8826232641893705,,,,,,,,,,,,,,,,,,,,,,,,,,,,,,,,,,,,,,,,
709,yes/no,Is there snow on the ground?,yes,http://images.cocodataset.org/train2014/COCO_train2014_000000131299.jpg,4,284,0.997208513096612,-0.10351219028234482,Yes,4,16.0,0.00217319551170191,26.0,0.002342837384312222,15.0,0.002329879187454956,0.9592101522724052,0.9119272826056852,0.9877812438119246,12.0,0.0026345275802565327,,,,,,,,,,,,,0.6500224216483541,,,,,,,,,,,,,,,,,,,,,,,,
710,yes/no,Does this oven look new?,no,http://images.cocodataset.org/train2014/COCO_train2014_000000131300.jpg,4,293,0.9987616420898208,-0.0037493573036044836,No,4,15.0,0.0018813807726124451,97.0,0.0018955324230168788,49.0,0.00189901700980749,0.9664572819896989,0.9818312447610316,0.9573290162270781,16.0,0.0018918718976464574,,,,,,,,,,,,,0.9755307720176266,,,,,,,,,,,,,,,,,,,,,,,,
711,yes/no,Does the oven have a digital buttons?,no,http://images.cocodataset.org/train2014/COCO_train2014_000000131300.jpg,5,250,0.9982101134916718,-0.16946616768836975,No,5,27.0,0.001973101645290718,70.0,0.0019467439680270354,15.0,0.0019574267384884674,0.9394813386904579,0.9868937889126079,0.9877812438119246,16.0,0.0019495123678059567,15.0,0.0019404900721136772,,,,,,,,,,,0.9618974703476992,0.9949490477321437,,,,,,,,,,,,,,,,,,,,,,,
712,yes/no,Is this oven greasy?,yes,http://images.cocodataset.org/train2014/COCO_train2014_000000131300.jpg,1,255,0.9896232353618083,-0.023326832801103592,Yes,1,15.0,0.004828510765031144,,,,,0.8024677973715656,,,,,,,,,,,,,,,,,,,,,,,,,,,,,,,,,,,,,,,,,
713,yes/no,Is the pizza on a baking tray?,yes,http://images.cocodataset.org/train2014/COCO_train2014_000000131300.jpg,11,324,0.9986943487859834,-0.537962794303894,No,11,16.0,0.0018962346082869713,28.0,0.0018977633151202294,17.0,0.0018993201226071312,0.9463946303571862,0.9793314350053132,0.9603948809345499,18.0,0.001899477369162657,16.0,0.0018977805097215481,19.0,0.001907601413826272,17.0,0.0018987168282882118,36.0,0.0019143595435410414,15.0,0.0018920790374620633,15.0,0.0018889461022386126,0.9915323997298832,0.9320201587042914,0.9223172148184832,0.9770358764490155,0.9436343577786132,0.9654013672997089,1.0,47.0,0.001897257507871648,,,0.957705292083215,,,,,,,,,,,,,
714,yes/no,Do you like chocolate cake?,yes,http://images.cocodataset.org/train2014/COCO_train2014_000000393445.jpg,6,269,0.9971821385294658,-0.06065716966986656,Yes,6,28.0,0.0021251001216714025,33.0,0.002183383142125459,39.0,0.002099743131537355,0.9930633401611941,0.9484579128587256,0.9775504748797208,22.0,0.002155628161712589,15.0,0.0021538435530885367,16.0,0.0020814388682164164,,,,,,,,,0.9849226290193991,0.9018972358711528,0.9886085007312413,,,,,,,,,,,,,,,,,,,,,,
715,yes/no,Are there any water glasses on the table?,yes,http://images.cocodataset.org/train2014/COCO_train2014_000000524518.jpg,4,226,0.9930187702908839,-0.19569085538387299,Yes,4,15.0,0.0037347223006286997,15.0,0.0029601527241828757,16.0,0.002863732585437951,0.8616157143988104,0.9613833012053531,0.9822177815287605,8.0,0.002659848912690145,,,,,,,,,,,,,0.985056822321508,,,,,,,,,,,,,,,,,,,,,,,,
716,yes/no,Are there tomatoes on the pizza?,yes,http://images.cocodataset.org/train2014/COCO_train2014_000000524518.jpg,3,256,0.9937992591252922,-0.05103302374482155,Yes,3,18.0,0.0028206205001165808,17.0,0.00279421661806313,9.0,0.002645299939448611,0.9853962684364186,0.9719977955078916,0.9656336071428252,,,,,,,,,,,,,,,,,,,,,,,,,,,,,,,,,,,,,,,
717,yes/no,Are there any people in the picture?,no,http://images.cocodataset.org/train2014/COCO_train2014_000000524518.jpg,8,167,0.9988227659284099,-0.6007214784622192,No,8,32.0,0.001895415038849757,71.0,0.001911811391624572,28.0,0.0018937021184739125,0.9669307776126193,0.975082272480946,0.984013443307608,24.0,0.0019107254170590531,123.0,0.0019030263158411984,27.0,0.0018968903683321,23.0,0.0019030644077449328,21.0,0.0018938743034116595,,,,,0.9239274071999327,0.9751593970588318,0.945061036273962,0.9863237070924825,0.9479530138916262,,,,,,,,,,,,,,,,,,,,
718,yes/no,Can they go?,no,http://images.cocodataset.org/train2014/COCO_train2014_000000524520.jpg,6,292,0.9969930597986233,-0.6145065426826477,No,6,33.0,0.0021618569495224075,76.0,0.0021388666803291607,16.0,0.0020612280587561736,0.9506479883971486,0.969771898031907,0.9886085007312413,7.0,0.0020404157470996676,29.0,0.0020688518089262723,11.0,0.002040073025276378,,,,,,,,,0.9852281360342515,0.9707625716534202,0.9922150607220183,,,,,,,,,,,,,,,,,,,,,,
719,yes/no,Are the cars parked?,no,http://images.cocodataset.org/train2014/COCO_train2014_000000524520.jpg,0,275,0.9926193483513732,-0.18600548803806305,Yes,0,,,,,,,,,,,,,,,,,,,,,,,,,,,,,,,,,,,,,,,,,,,,,,,,
720,yes/no,Are all the players wearing black shirts?,no,http://images.cocodataset.org/train2014/COCO_train2014_000000524522.jpg,9,153,0.9976993750295965,-0.1996179223060608,No,9,48.0,0.00197165868651223,27.0,0.0019697188317168487,77.0,0.001968464331881252,0.9359772156328221,0.9946468165806768,0.9548036541186239,43.0,0.0019607699242495573,15.0,0.001960185503958413,33.0,0.001958345780681701,78.0,0.001960073714223378,16.0,0.0019553077395398897,12.0,0.001955518524604589,,,0.972997563676551,0.9877812438119246,0.9672907225716294,0.9761322712080918,0.9886085007312413,0.9808340377961403,,,,,,,,,,,,,,,,,,,
721,yes/no,Is one of the trains going through a tunnel?,yes,http://images.cocodataset.org/train2014/COCO_train2014_000000524525.jpg,2,255,0.9929073106281431,-0.18416033685207367,Yes,2,16.0,0.002485231713986744,23.0,0.003495770745643755,,,0.9954133073923868,0.940725014049597,,,,,,,,,,,,,,,,,,,,,,,,,,,,,,,,,,,,,,,,
722,yes/no,Is the door open?,no,http://images.cocodataset.org/train2014/COCO_train2014_000000131312.jpg,12,159,0.9991785482253623,-0.5885301828384399,No,12,15.0,0.0018831420946175473,49.0,0.0019075634300205857,31.0,0.0018995416044563938,0.982798115178801,0.9548806489154825,0.9883408515446943,16.0,0.00190426091043353,65.0,0.0019081788333801053,34.0,0.001896861599031765,43.0,0.0019136122786035726,49.0,0.0019155049346373009,40.0,0.001921773942684741,17.0,0.0019095653734622815,0.9755307720176266,0.978000126076496,0.963183143620696,0.9586405544917995,0.9749460132753708,0.9693749991870044,0.9770358764490155,15.0,0.0019248112014550766,18.0,0.0019055903508396785,0.9967916319816366,0.9081700569267038,,,,,,,,,,,,
723,yes/no,Is the man on TV wearing a tie?,yes,http://images.cocodataset.org/train2014/COCO_train2014_000000131312.jpg,5,259,0.9945861808474474,-0.5867161154747009,Yes,5,29.0,0.0027857874803761404,15.0,0.002374267720301153,17.0,0.002439207713761802,0.9569332669259728,0.9664572819896989,0.9202698933070199,34.0,0.002518198891085983,26.0,0.0027096178277663825,,,,,,,,,,,0.9615674864012789,0.8923295896259419,,,,,,,,,,,,,,,,,,,,,,,
724,yes/no,Is everyone wearing glasses?,no,http://images.cocodataset.org/train2014/COCO_train2014_000000131315.jpg,6,199,0.998757442497353,-0.09946715086698532,No,6,120.0,0.0019247127046690257,13.0,0.0019116893857991399,46.0,0.001915378747427024,0.9806647663412058,0.9194324237704885,0.9507957970891037,29.0,0.0019167820816871728,15.0,0.0019110091840496134,15.0,0.0019052642154908492,,,,,,,,,0.9515588426253027,0.9877812438119246,0.9446232142545791,,,,,,,,,,,,,,,,,,,,,,
725,yes/no,Are both people of the same ethnic background?,no,http://images.cocodataset.org/train2014/COCO_train2014_000000131315.jpg,9,225,0.9985369910231195,-0.5489155650138855,No,9,16.0,0.0019454766738974175,48.0,0.001967760098488728,14.0,0.0019398499955336544,0.9618974703476992,0.9688051864209836,0.9620871761502205,15.0,0.0019369492373956729,15.0,0.0019286877554181936,15.0,0.0019492158299143315,32.0,0.001966654209961994,15.0,0.001939443666499362,16.0,0.0019836510706618756,,,0.9473080736174853,0.9859247724121322,0.9161314485121343,0.9696653002195654,0.982798115178801,0.8194483718728035,,,,,,,,,,,,,,,,,,,
726,yes/no,The man is wearing a helmet?,yes,http://images.cocodataset.org/train2014/COCO_train2014_000000262389.jpg,4,261,0.9977297126562029,-0.32587453722953796,Yes,4,15.0,0.002382799245167104,22.0,0.002157158586941754,17.0,0.002182610369959776,0.7835807040488099,0.9961982334892152,0.9519839065438831,20.0,0.0021869464241179217,,,,,,,,,,,,,0.9455339504580242,,,,,,,,,,,,,,,,,,,,,,,,
727,yes/no,Is this a government official's plane?,yes,http://images.cocodataset.org/train2014/COCO_train2014_000000000247.jpg,11,227,0.9936828311416889,-0.34513601660728455,No,11,19.0,0.0022969162302157596,22.0,0.002251047739211152,18.0,0.002266845324631874,0.9980008838722996,0.928326606390466,0.8783471047618534,104.0,0.0022442676248629113,26.0,0.0022539766589212457,38.0,0.002232413375678846,18.0,0.002238745328901882,47.0,0.002234325052897981,15.0,0.0022309071800590053,16.0,0.002241098371324092,0.9754126774642973,0.9932180545004211,0.9652383116280886,0.9081700569267038,0.9641120575640914,0.9500685975366211,0.949701216438411,16.0,0.002242856284906772,,,0.9463946303571862,,,,,,,,,,,,,
728,yes/no,Are the kids sitting?,no,http://images.cocodataset.org/train2014/COCO_train2014_000000393464.jpg,3,158,0.9987826747964019,-0.0023932461626827717,No,3,243.0,0.0019453741321796255,35.0,0.0019364884261010515,43.0,0.0019466454723947946,0.9780288749520859,0.9687431948084559,0.9767218172558102,,,,,,,,,,,,,,,,,,,,,,,,,,,,,,,,,,,,,,,
729,yes/no,Are these children playing a game?,yes,http://images.cocodataset.org/train2014/COCO_train2014_000000393464.jpg,1,239,0.9884915775657871,-0.025077253580093384,Yes,1,25.0,0.006892211792520284,,,,,0.8634588883901244,,,,,,,,,,,,,,,,,,,,,,,,,,,,,,,,,,,,,,,,,
730,yes/no,The zebras are in a field?,no,http://images.cocodataset.org/train2014/COCO_train2014_000000262393.jpg,2,243,0.996054219125636,-0.5449784994125366,Yes,2,15.0,0.0027997891150936833,16.0,0.0032879700057787376,,,0.9161314485121342,0.7743974703476992,,,,,,,,,,,,,,,,,,,,,,,,,,,,,,,,,,,,,,,,
731,yes/no,Have you ever been to this intersection?,no,http://images.cocodataset.org/train2014/COCO_train2014_000000000250.jpg,4,211,0.9974418008123583,-0.10924715548753738,No,4,17.0,0.002040973176205006,49.0,0.0020194459697106997,42.0,0.0020276918189975363,0.951983906543883,0.9947295213971088,0.9867637246878296,49.0,0.0020195157896873246,,,,,,,,,,,,,0.9907087308814523,,,,,,,,,,,,,,,,,,,,,,,,
732,yes/no,Are some of the trees dead?,yes,http://images.cocodataset.org/train2014/COCO_train2014_000000131323.jpg,5,222,0.9809346515393257,-0.028013281524181366,Yes,5,15.0,0.004273647048169776,23.0,0.003813695021868212,7.0,0.0033534564939157706,0.9285012313356799,0.975174456335476,0.9821410328348752,6.0,0.0027086427463862673,9.0,0.004287342317378016,,,,,,,,,,,1.0,0.9057125980138372,,,,,,,,,,,,,,,,,,,,,,,
733,yes/no,Are the rocks for the giraffe to sit on?,no,http://images.cocodataset.org/train2014/COCO_train2014_000000131323.jpg,3,257,0.9981086125164229,-0.12723514437675476,No,3,45.0,0.0020483591785380173,31.0,0.0020188666226195104,15.0,0.0020037537663051145,0.981405806741023,0.9837918621555541,0.9446232142545791,,,,,,,,,,,,,,,,,,,,,,,,,,,,,,,,,,,,,,,
734,yes/no,Does someone have a green thumb?,yes,http://images.cocodataset.org/train2014/COCO_train2014_000000131330.jpg,12,207,0.9894782236838714,-0.1456754207611084,Yes,12,107.0,0.0028061026095380455,25.0,0.0027986220649064177,23.0,0.0027638179225499522,0.9762142915458647,0.9158028259682082,0.9810720783927832,16.0,0.0027751997871440326,20.0,0.0028404239525022246,15.0,0.0027325427747265678,60.0,0.0026337335987002487,16.0,0.00296042638084343,17.0,0.0027563653960916315,20.0,0.002860085064901412,0.9320201587042914,0.9911594714322186,0.9500685975366211,0.9752981311688569,1.0,0.9967828263127351,0.9835386311891134,23.0,0.002807246326269528,15.0,0.0027146708779234073,0.9570850556153867,0.8616157143988104,,,,,,,,,,,,
735,yes/no,Is the seedling a hybrid?,yes,http://images.cocodataset.org/train2014/COCO_train2014_000000131330.jpg,1,329,0.9988156619932889,-0.5985464453697205,No,1,17.0,0.001930202838164717,,,,,0.9519839065438831,,,,,,,,,,,,,,,,,,,,,,,,,,,,,,,,,,,,,,,,,
736,yes/no,Is there a tent in the snow?,yes,http://images.cocodataset.org/train2014/COCO_train2014_000000524547.jpg,0,284,0.9882744364495023,-0.017840513959527016,Yes,0,,,,,,,,,,,,,,,,,,,,,,,,,,,,,,,,,,,,,,,,,,,,,,,,
737,yes/no,Is this terminal safe at night?,yes,http://images.cocodataset.org/train2014/COCO_train2014_000000000260.jpg,3,282,0.9939718417395327,-0.38872310519218445,Yes,3,24.0,0.0021874254657034994,17.0,0.002188814093525755,48.0,0.0021790540188994212,0.9925308085173911,0.9605278493513334,0.9852325236884113,,,,,,,,,,,,,,,,,,,,,,,,,,,,,,,,,,,,,,,
738,yes/no,Is the woman by herself?,yes,http://images.cocodataset.org/train2014/COCO_train2014_000000000260.jpg,1,300,0.9985207860217148,-0.4397881031036377,Yes,1,34.0,0.0019979066525377563,,,,,0.9747535449105574,,,,,,,,,,,,,,,,,,,,,,,,,,,,,,,,,,,,,,,,,
739,yes/no,Is it a clear day?,yes,http://images.cocodataset.org/train2014/COCO_train2014_000000524551.jpg,7,302,0.9973309889841517,-0.014325760304927826,Yes,7,40.0,0.002143987982289771,9.0,0.002187924036156073,15.0,0.0022033795333639703,0.9620692971384749,0.9182958340544896,0.9602297178607612,20.0,0.0022959906505297415,15.0,0.002152042604809127,15.0,0.002124842374518994,8.0,0.0020979157422935783,,,,,,,0.9089460785096519,0.9543063494363562,0.9949490477321437,0.9463946303571862,,,,,,,,,,,,,,,,,,,,,
740,yes/no,Is this person prone on his back or on his knees?,no,http://images.cocodataset.org/train2014/COCO_train2014_000000393480.jpg,4,139,0.9087977343070993,-0.9172680974006653,K,4,176.0,0.008890105703067286,18.0,0.013972086278267789,16.0,0.006571364148247891,0.9752637547488959,0.872009434056298,0.9592101522724051,11.0,0.004735183292392848,,,,,,,,,,,,,0.9681300137657637,,,,,,,,,,,,,,,,,,,,,,,,
741,yes/no,Is the skier on the ground?,yes,http://images.cocodataset.org/train2014/COCO_train2014_000000393480.jpg,2,266,0.9898843768410245,-0.1582408845424652,Yes,2,26.0,0.0026233410840492753,20.0,0.004238556813728603,,,0.976461760966017,0.858672711073255,,,,,,,,,,,,,,,,,,,,,,,,,,,,,,,,,,,,,,,,
742,yes/no,Is the subject of the photo facing downhill?,yes,http://images.cocodataset.org/train2014/COCO_train2014_000000393480.jpg,6,233,0.99874009726307,-0.5279014110565186,No,6,23.0,0.0020131497275158038,15.0,0.0019880261644142395,129.0,0.0019919231423014346,0.9203009775994394,0.9877812438119247,0.9775962391178015,31.0,0.001967685670860668,17.0,0.001969134773063799,37.0,0.002006217116339358,,,,,,,,,0.9779666143968004,0.9963890537299693,0.9690734764506507,,,,,,,,,,,,,,,,,,,,,,
743,yes/no,Is this man attached to his surfboard?,yes,http://images.cocodataset.org/train2014/COCO_train2014_000000131339.jpg,12,225,0.9988257373351528,-0.5642107129096985,Yes,12,16.0,0.0018935126062602353,18.0,0.0018840452956614784,15.0,0.0018930180990643086,0.9755307720176266,0.93654213858004,0.9500685975366211,20.0,0.0019083256811456104,20.0,0.0018993912315850435,15.0,0.0018919412142508235,11.0,0.0018817541174784764,41.0,0.0018938327677802838,24.0,0.0019007876973789247,10.0,0.001875185777302572,0.9545258142257613,0.9008047485295136,0.9500685975366211,0.9056185178648963,0.9680687054096805,0.966465823449233,0.9911594714322186,21.0,0.001890100818631048,62.0,0.001904007824223875,0.9907017951253161,0.9569751576918291,,,,,,,,,,,,
744,yes/no,Is this man riding a surfboard?,yes,http://images.cocodataset.org/train2014/COCO_train2014_000000131339.jpg,0,267,0.9865237945743923,-0.10434122383594513,Yes,0,,,,,,,,,,,,,,,,,,,,,,,,,,,,,,,,,,,,,,,,,,,,,,,,
745,yes/no,Is he wearing the right type of suit?,yes,http://images.cocodataset.org/train2014/COCO_train2014_000000131339.jpg,8,101,0.9990439301653343,-0.44508856534957886,No,8,37.0,0.0018922642868095716,31.0,0.0018983385581135884,61.0,0.0019099833182458397,0.9824770947536946,0.9926303449158697,0.9895984742498551,143.0,0.0018989537750434304,18.0,0.0018953768204792974,12.0,0.0018975511022441508,9.0,0.0018914050986529784,19.0,0.001902004410797174,,,,,0.977400719543566,0.9579945435450241,0.9808340377961404,0.9057125980138372,0.9968868771609918,,,,,,,,,,,,,,,,,,,,
746,yes/no,Is the man riding a white board?,no,http://images.cocodataset.org/train2014/COCO_train2014_000000131339.jpg,9,128,0.9976647033737478,-0.06390859186649323,No,9,33.0,0.002042749412683091,46.0,0.0020694753135746735,22.0,0.002089781336778638,0.9653326798193408,0.978327445809112,0.9922150607220183,54.0,0.0020598551583186227,20.0,0.0020706981740983106,113.0,0.002084546015913825,78.0,0.0020683927868716287,39.0,0.0020598938215431887,14.0,0.0020794620169523647,,,0.9729397145652728,0.9074899102582407,0.9701664498088808,0.9702061996291137,0.9395718375747344,1.0,,,,,,,,,,,,,,,,,,,
747,yes/no,Is the woman surfing?,yes,http://images.cocodataset.org/train2014/COCO_train2014_000000131339.jpg,0,264,0.9860997082871042,-0.4367593228816986,Yes,0,,,,,,,,,,,,,,,,,,,,,,,,,,,,,,,,,,,,,,,,,,,,,,,,
748,yes/no,Is the boy in the middle being attacked?,no,http://images.cocodataset.org/train2014/COCO_train2014_000000524557.jpg,4,206,0.997956401538019,-0.1897956132888794,No,4,72.0,0.0019673598340014292,57.0,0.0019588924450997442,36.0,0.0019476155331327866,0.9613206292935824,0.972608002752172,0.9856931955656304,15.0,0.0019499515530387347,,,,,,,,,,,,,0.9664572819896989,,,,,,,,,,,,,,,,,,,,,,,,
749,yes/no,Does the boy have his head stuck in the net?,no,http://images.cocodataset.org/train2014/COCO_train2014_000000524557.jpg,4,207,0.998052182704173,-0.15001444518566132,No,4,20.0,0.0019718599774267275,58.0,0.0019597265681176763,55.0,0.0019526942906604931,0.9074899102582407,0.9585289959192091,0.9780890500847008,25.0,0.0019402121154169323,,,,,,,,,,,,,0.9730265235413916,,,,,,,,,,,,,,,,,,,,,,,,
750,yes/no,Does the guy on the right look happy?,yes,http://images.cocodataset.org/train2014/COCO_train2014_000000131342.jpg,3,260,0.9910388919771029,-0.016122449189424515,Yes,3,15.0,0.0024098214656353353,27.0,0.0030868268029970616,15.0,0.0024522263486970947,0.9718495448242642,0.9629892990890715,0.9613833012053531,,,,,,,,,,,,,,,,,,,,,,,,,,,,,,,,,,,,,,,
751,yes/no,Are there multiple vegetables on the plate?,yes,http://images.cocodataset.org/train2014/COCO_train2014_000000393488.jpg,6,274,0.9953067601621777,-0.042575620114803314,Yes,6,15.0,0.0022517605669233752,34.0,0.0024989681468995106,16.0,0.002601363407553268,0.9718495448242642,0.9340541461401126,0.949701216438411,19.0,0.0027905012228560313,36.0,0.002598373991870633,17.0,0.0023206880273837793,,,,,,,,,0.9041116874399233,0.9381788197449262,0.981232716348107,,,,,,,,,,,,,,,,,,,,,,
752,yes/no,Is there meat on the plate?,yes,http://images.cocodataset.org/train2014/COCO_train2014_000000393488.jpg,8,253,0.9945257236601555,-0.11717193573713303,Yes,8,15.0,0.0022878093074373174,33.0,0.002561071796410924,15.0,0.0027079830185887787,0.9718495448242642,0.9434366063350369,0.9602297178607612,18.0,0.002922184593686736,19.0,0.002843935729069571,16.0,0.0028461378522945946,20.0,0.0024715865700190645,19.0,0.0026929881029519316,,,,,0.9206198357143051,0.8614856395892376,0.8348683589017412,0.9843006345716333,0.9462035592964384,,,,,,,,,,,,,,,,,,,,
753,yes/no,Is this a brand new phone?,no,http://images.cocodataset.org/train2014/COCO_train2014_000000393489.jpg,7,284,0.998737332896796,-0.5862769484519958,No,7,18.0,0.001875370842786503,23.0,0.0018853802440240903,23.0,0.0018771207718237446,0.9854122527913255,0.9978904239542102,0.9313210625720835,29.0,0.0018797320931843602,16.0,0.0018822314292011248,32.0,0.001888317989655292,12.0,0.0018760155321935008,,,,,,,0.9703666861169791,0.9755307720176266,0.9444732877807365,0.920619835714305,,,,,,,,,,,,,,,,,,,,,
754,yes/no,Does this phone fold closed?,no,http://images.cocodataset.org/train2014/COCO_train2014_000000393489.jpg,4,258,0.9978417456717342,-0.4906860888004303,Yes,4,17.0,0.0020542300446390145,44.0,0.002053576692768176,16.0,0.0020855572777117625,0.9963890537299694,0.9704650979262819,0.9528195311147832,15.0,0.002242521597335273,,,,,,,,,,,,,0.7835807040488099,,,,,,,,,,,,,,,,,,,,,,,,
755,yes/no,Is the phone broken?,no,http://images.cocodataset.org/train2014/COCO_train2014_000000393489.jpg,10,203,0.9985741015701874,-0.13186705112457275,No,10,23.0,0.001898582120133853,43.0,0.0018873290082314642,16.0,0.0018880397831917287,0.9810720783927832,0.9865148784588608,0.9618974703476992,16.0,0.001888655886155117,47.0,0.0018980645651969258,39.0,0.0019011131366253819,29.0,0.0018925934218034827,16.0,0.001890214229242098,24.0,0.001894796130154892,16.0,0.0018939953378790638,0.9414280318460245,0.9531175383929434,0.9695839359610758,0.9895191160649147,0.9414280318460245,0.9558902111251072,0.9965119062478288,,,,,,,,,,,,,,,,,,
756,yes/no,Is the phone light on?,no,http://images.cocodataset.org/train2014/COCO_train2014_000000393489.jpg,2,300,0.9978675857826573,-0.5726679563522339,Yes,2,38.0,0.0019636333267306822,17.0,0.0019953048018561716,,,0.9777039051645633,0.9771236998460402,,,,,,,,,,,,,,,,,,,,,,,,,,,,,,,,,,,,,,,,
757,yes/no,Is the display on?,no,http://images.cocodataset.org/train2014/COCO_train2014_000000393489.jpg,4,255,0.9979225240478121,-0.5257107019424438,Yes,4,16.0,0.00203027187074159,44.0,0.0020335304362846664,16.0,0.002060405043082747,1.0,0.9704650979262819,0.9528195311147832,15.0,0.0022053322592169994,,,,,,,,,,,,,0.7835807040488099,,,,,,,,,,,,,,,,,,,,,,,,
758,yes/no,Is the person using skype?,no,http://images.cocodataset.org/train2014/COCO_train2014_000000393489.jpg,9,274,0.9986455340793657,-0.04771577939391136,No,9,19.0,0.0018896710236619605,26.0,0.0018781556118540334,16.0,0.0018709767757607342,0.9649618403823442,0.9846016942256396,0.9618974703476992,15.0,0.001877012539557678,9.0,0.001875599703346347,19.0,0.0018784454017090506,21.0,0.0018813777897090027,45.0,0.0018823700854772385,16.0,0.0018793083608163444,,,1.0,0.9910760598382222,0.9656476401164372,0.978033486181519,0.9942483252907465,0.9755307720176266,,,,,,,,,,,,,,,,,,,
759,yes/no,Is the phone on?,no,http://images.cocodataset.org/train2014/COCO_train2014_000000393489.jpg,8,286,0.9988552573117018,-0.5549465417861938,No,8,31.0,0.0018722558779478444,26.0,0.0018698299127369554,27.0,0.0018717152987033703,0.9658304877874208,0.9743092791511181,0.965530792748052,15.0,0.0018804517209695484,20.0,0.0018732427972872941,5.0,0.0018739370662709538,27.0,0.0018792421339002123,16.0,0.0018640324091031483,,,,,0.9018972358711528,0.9763620978123273,0.0,0.9746820665998708,0.9528195311147832,,,,,,,,,,,,,,,,,,,,
760,yes/no,Is the background clear?,yes,http://images.cocodataset.org/train2014/COCO_train2014_000000393489.jpg,9,224,0.9988880702740581,-0.6420886516571045,No,9,16.0,0.0019226383813413083,132.0,0.00192208892881555,21.0,0.0019436428538665475,0.949701216438411,0.9813013995368951,0.9748830897462037,16.0,0.0019495574190788012,36.0,0.001926080773716318,25.0,0.0019136604353820524,36.0,0.0019326381581561013,29.0,0.001925665011819809,19.0,0.0019251537671396636,,,0.9886994082884974,0.9545220623692763,0.979549909227475,0.966449551540331,0.9760049988520801,0.8699773237111814,,,,,,,,,,,,,,,,,,,
761,yes/no,Is this an inside stadium?,yes,http://images.cocodataset.org/train2014/COCO_train2014_000000336077.jpg,8,196,0.9987127916296811,-0.26993370056152344,Yes,8,15.0,0.0019314146863875978,25.0,0.0019305145138396756,18.0,0.0019063140681861651,0.9654013672997089,0.9470920204059348,0.9736669121131954,18.0,0.0019189590493965175,83.0,0.0019473656167980629,97.0,0.0019372829531054563,33.0,0.0019295645046644447,31.0,0.0019236855238460697,,,,,0.9591479170272448,0.9716256888511408,0.9869038912567123,0.9629103319062741,0.9555280917123578,,,,,,,,,,,,,,,,,,,,
762,yes/no,Is the stadium crowded?,yes,http://images.cocodataset.org/train2014/COCO_train2014_000000336077.jpg,8,195,0.9986912479648887,-0.03120519034564495,Yes,8,16.0,0.0019324375110573338,25.0,0.0019324388438235393,18.0,0.0019086782506194532,0.9755307720176266,0.9470920204059348,0.9649450424307694,18.0,0.0019203084520692953,84.0,0.0019492057784960537,95.0,0.0019376396257824438,33.0,0.001933303175495965,31.0,0.0019253469232089313,,,,,0.9591479170272448,0.9743833662782289,0.9870441070391621,0.9589755596284874,0.9555280917123578,,,,,,,,,,,,,,,,,,,,
763,yes/no,Is the stadium full?,yes,http://images.cocodataset.org/train2014/COCO_train2014_000000336077.jpg,8,193,0.998699996612149,-0.05352262035012245,Yes,8,15.0,0.0019310354953219467,25.0,0.001930713093316575,18.0,0.0019072577308192127,0.9654013672997089,0.9470920204059348,0.9649450424307694,18.0,0.0019190512000424058,83.0,0.0019473077239862784,95.0,0.0019361282555896485,31.0,0.001932090516611734,31.0,0.0019234179706349433,,,,,0.9591479170272448,0.9716256888511408,0.9870441070391621,0.9459220275285186,0.9555280917123578,,,,,,,,,,,,,,,,,,,,
764,yes/no,Is there a baseball player holding a bat?,yes,http://images.cocodataset.org/train2014/COCO_train2014_000000336077.jpg,6,183,0.9987201465919823,-0.10772194713354111,Yes,6,15.0,0.0019331179700974922,148.0,0.0019423309576975369,17.0,0.0019075830286309214,0.9654013672997089,0.9748327093550302,0.9719977955078913,17.0,0.0019187580510371671,93.0,0.0019368599738523009,31.0,0.0019263461625395912,,,,,,,,,0.9664022887695614,0.9860605535811826,0.9560089022414302,,,,,,,,,,,,,,,,,,,,,,
765,yes/no,Is this bathroom all white?,no,http://images.cocodataset.org/train2014/COCO_train2014_000000546179.jpg,2,314,0.997783652508449,-0.629830002784729,No,2,15.0,0.0020301838648424885,21.0,0.0020022908379515245,,,0.9602297178607612,0.9763945235672327,,,,,,,,,,,,,,,,,,,,,,,,,,,,,,,,,,,,,,,,
766,yes/no,Has the bathroom been renovated recently?,no,http://images.cocodataset.org/train2014/COCO_train2014_000000546179.jpg,2,256,0.9971506082197252,-0.5746056437492371,Yes,2,23.0,0.0020423007418094554,25.0,0.002263175301924615,,,0.9877356204545924,0.8760275829643217,,,,,,,,,,,,,,,,,,,,,,,,,,,,,,,,,,,,,,,,
767,yes/no,Are there towels on the ground?,no,http://images.cocodataset.org/train2014/COCO_train2014_000000546179.jpg,1,318,0.9985372589583167,-0.6344824433326721,No,1,18.0,0.0019504301818324108,,,,,0.9649450424307694,,,,,,,,,,,,,,,,,,,,,,,,,,,,,,,,,,,,,,,,,
768,yes/no,Does this look clean?,yes,http://images.cocodataset.org/train2014/COCO_train2014_000000546179.jpg,2,260,0.9955813917007484,-0.06511528044939041,Yes,2,37.0,0.0023386695596487885,27.0,0.002722544595375472,,,0.9723448763242102,0.9011953799817248,,,,,,,,,,,,,,,,,,,,,,,,,,,,,,,,,,,,,,,,
769,yes/no,Is the shower curtain open?,no,http://images.cocodataset.org/train2014/COCO_train2014_000000546179.jpg,1,292,0.9948632800068085,-0.4637404680252075,No,1,15.0,0.0020777566537530357,,,,,0.9859247724121322,,,,,,,,,,,,,,,,,,,,,,,,,,,,,,,,,,,,,,,,,
770,yes/no,Does this bike have training wheels?,yes,http://images.cocodataset.org/train2014/COCO_train2014_000000393493.jpg,1,250,0.9908843065089215,-0.3690519332885742,Yes,1,18.0,0.004215816144166278,,,,,0.8866828800015338,,,,,,,,,,,,,,,,,,,,,,,,,,,,,,,,,,,,,,,,,
771,yes/no,Is the picnic table red?,yes,http://images.cocodataset.org/train2014/COCO_train2014_000000393493.jpg,0,269,0.9933909520381099,-0.07171472907066345,Yes,0,,,,,,,,,,,,,,,,,,,,,,,,,,,,,,,,,,,,,,,,,,,,,,,,
772,yes/no,Is this a clean room?,no,http://images.cocodataset.org/train2014/COCO_train2014_000000131351.jpg,9,240,0.9967050342733671,-0.21474041044712067,No,9,52.0,0.002014121975916924,16.0,0.0020367371837121053,36.0,0.0020274135135089724,0.9341522818209824,0.9886994082884974,0.9944291419612702,35.0,0.002028035552132096,26.0,0.0020093956757675667,17.0,0.0020053992825653545,16.0,0.002011128004988771,16.0,0.001994994516685178,15.0,0.0019905854395081413,,,0.9816509183144362,0.9697500292498814,0.8919296718389884,0.949701216438411,0.9772170014624825,0.9949490477321437,,,,,,,,,,,,,,,,,,,
773,yes/no,Is this bathroom clean?,yes,http://images.cocodataset.org/train2014/COCO_train2014_000000131351.jpg,7,253,0.9966740927420062,-0.1836484670639038,No,7,51.0,0.002019407529059221,16.0,0.002039288579062685,36.0,0.00203225578297947,0.9276758157861561,0.9886994082884974,0.9944291419612702,35.0,0.002030398770561457,25.0,0.0020103274882857704,15.0,0.0020047121884004407,16.0,0.00201393462425454,,,,,,,0.9816509183144362,0.9745455500297384,0.9161314485121342,0.949701216438411,,,,,,,,,,,,,,,,,,,,,
774,yes/no,Is the room clean?,no,http://images.cocodataset.org/train2014/COCO_train2014_000000131351.jpg,9,260,0.9968397655410568,-0.2906869947910309,No,9,27.0,0.0020127074901614282,16.0,0.0020306084887239044,36.0,0.00202180276697046,0.927028101884479,0.954434002924965,0.9965922086023823,31.0,0.0020196618567780043,16.0,0.0020129813310097713,7.0,0.001986690819991298,16.0,0.001999728682636481,30.0,0.001995529613985893,14.0,0.002000941474098545,,,0.9697953633097949,0.886859507142915,0.9852281360342515,0.9414280318460245,0.977347802041178,0.9657130652315669,,,,,,,,,,,,,,,,,,,
775,yes/no,Is there a mirror in the bathroom?,no,http://images.cocodataset.org/train2014/COCO_train2014_000000131351.jpg,10,237,0.9970108660617457,-0.195157989859581,No,10,28.0,0.002014100116960348,17.0,0.0020370900531170083,31.0,0.002012944370810684,0.9642508340183116,0.9774178175281716,0.98916048610723,37.0,0.0020311884338534932,15.0,0.0020006976314486864,15.0,0.001992698858586218,15.0,0.001985763879773336,8.0,0.0019909803342315537,8.0,0.0019872757651091346,10.0,0.0019848336776246886,0.9803181977470057,1.0,0.944623214254579,0.9949490477321437,0.954434002924965,1.0,0.9911594714322186,,,,,,,,,,,,,,,,,,
776,yes/no,Is there a green plant in this room?,no,http://images.cocodataset.org/train2014/COCO_train2014_000000131351.jpg,8,252,0.9969235920090844,-0.0727391317486763,No,8,40.0,0.002019819109247748,17.0,0.002042410999267047,32.0,0.002022517812516001,0.9325193900719935,0.9774178175281716,0.9921620369191795,37.0,0.002034353523953824,15.0,0.0020136741330314856,8.0,0.0019915962578961654,17.0,0.002009848708211467,13.0,0.001996054775057168,,,,,0.978213592366464,0.9018972358711528,1.0,0.9770358764490155,0.9629470156266078,,,,,,,,,,,,,,,,,,,,
777,yes/no,Is this room clean?,no,http://images.cocodataset.org/train2014/COCO_train2014_000000131351.jpg,9,233,0.9966974892853232,-0.14460407197475433,No,9,51.0,0.0020163365047941822,16.0,0.0020384006833805072,37.0,0.002029981443906996,0.9276758157861561,0.9886994082884974,0.9965449518672962,35.0,0.0020294077928830145,26.0,0.002010379733528842,16.0,0.002005695036406973,16.0,0.002012464943305481,16.0,0.001995756009304057,15.0,0.001989755200995466,,,0.9816509183144362,0.9697500292498814,0.8980898459737487,0.949701216438411,0.9772170014624825,0.9949490477321437,,,,,,,,,,,,,,,,,,,
778,yes/no,Is the cat trying to catch a bird?,no,http://images.cocodataset.org/train2014/COCO_train2014_000000524572.jpg,5,355,0.998275502919507,-0.1254640519618988,No,5,18.0,0.001995036675060372,15.0,0.0019502839434952907,16.0,0.001953355617107756,0.9910760598382222,0.9949490477321437,0.9618974703476992,17.0,0.0019720312261678444,23.0,0.0019687400993200132,,,,,,,,,,,0.9603948809345497,0.9863237070924824,,,,,,,,,,,,,,,,,,,,,,,
779,yes/no,Is the writing in French?,no,http://images.cocodataset.org/train2014/COCO_train2014_000000393503.jpg,1,262,0.9960267561709834,-0.05955402925610542,No,1,23.0,0.002259539749724668,,,,,0.8710381856146567,,,,,,,,,,,,,,,,,,,,,,,,,,,,,,,,,,,,,,,,,
780,yes/no,Is this a traveling circus?,no,http://images.cocodataset.org/train2014/COCO_train2014_000000393503.jpg,2,275,0.9962760277293714,-0.49854907393455505,No,2,22.0,0.002226702271219528,15.0,0.002140921910131638,,,0.9643787017331664,0.9654013672997089,,,,,,,,,,,,,,,,,,,,,,,,,,,,,,,,,,,,,,,,
781,yes/no,Are there long lenses?,yes,http://images.cocodataset.org/train2014/COCO_train2014_000000414639.jpg,4,147,0.9987854131424206,-0.09455931931734085,No,4,27.0,0.001896597177781585,129.0,0.0018926815308959607,115.0,0.0018959691648400864,0.9011953799817248,0.9857633624536818,0.9759881270005776,36.0,0.0018920296447866847,,,,,,,,,,,,,0.9512335376543434,,,,,,,,,,,,,,,,,,,,,,,,
782,yes/no,Is everyone wearing long sleeves?,yes,http://images.cocodataset.org/train2014/COCO_train2014_000000131366.jpg,7,244,0.998714480461116,-0.14484089612960815,No,7,17.0,0.001914505905386837,24.0,0.0018981337305212182,12.0,0.0019032657096686972,0.9770358764490155,0.9882484440780547,0.9358932809493993,16.0,0.001923182109578917,123.0,0.0019105391462603703,15.0,0.0018983368172524361,4.0,0.001893583643748898,,,,,,,0.8387794678549646,0.9670616635242854,0.9664572819896989,0.0,,,,,,,,,,,,,,,,,,,,,
783,yes/no,Are the woman wearing short dresses?,yes,http://images.cocodataset.org/train2014/COCO_train2014_000000131366.jpg,0,278,0.9917229793278807,-0.21171759068965912,Yes,0,,,,,,,,,,,,,,,,,,,,,,,,,,,,,,,,,,,,,,,,,,,,,,,,
784,yes/no,Is the lady smiling?,yes,http://images.cocodataset.org/train2014/COCO_train2014_000000131366.jpg,5,213,0.9907770509735939,-0.04220642149448395,Yes,5,58.0,0.0023511599258787047,157.0,0.0023558781216615624,20.0,0.0023779798272858133,0.974923241934343,0.9755024057439472,0.9630603734213402,16.0,0.0023286084390386932,15.0,0.0023372885700332726,,,,,,,,,,,0.9772170014624825,0.9161314485121343,,,,,,,,,,,,,,,,,,,,,,,
785,yes/no,Do they play for Red Sox?,no,http://images.cocodataset.org/train2014/COCO_train2014_000000131366.jpg,3,169,0.999137135851763,-0.02903134562075138,No,3,129.0,0.001861873317638154,22.0,0.001869386841223744,47.0,0.0018601998689118503,0.9914042645460512,0.8883377364609271,0.9863403040004866,,,,,,,,,,,,,,,,,,,,,,,,,,,,,,,,,,,,,,,
786,yes/no,Is this a mixed race group?,no,http://images.cocodataset.org/train2014/COCO_train2014_000000131366.jpg,5,235,0.9985665842624418,-0.2145216017961502,No,5,26.0,0.0019245683828523511,18.0,0.0019203233829111638,24.0,0.001940808659830438,0.9859255620968768,0.9579945435450241,0.9119543649294081,110.0,0.001934071263354192,11.0,0.001907099384497647,,,,,,,,,,,0.9646363777192094,0.9904129681145393,,,,,,,,,,,,,,,,,,,,,,,
787,yes/no,Are these people getting reading to go play sports?,yes,http://images.cocodataset.org/train2014/COCO_train2014_000000131366.jpg,2,284,0.9953046401625797,-0.43315547704696655,Yes,2,18.0,0.0024323485298899015,16.0,0.0021466433444048433,,,0.8527924884900404,0.9822177815287605,,,,,,,,,,,,,,,,,,,,,,,,,,,,,,,,,,,,,,,,
788,yes/no,Is there any females?,yes,http://images.cocodataset.org/train2014/COCO_train2014_000000131366.jpg,0,261,0.9879210897425835,-0.018861085176467896,Yes,0,,,,,,,,,,,,,,,,,,,,,,,,,,,,,,,,,,,,,,,,,,,,,,,,
789,yes/no,Is this a shop?,no,http://images.cocodataset.org/train2014/COCO_train2014_000000131366.jpg,1,255,0.998941827506581,-0.0024182209745049477,No,1,152.0,0.001885303498980552,,,,,0.9816187017339602,,,,,,,,,,,,,,,,,,,,,,,,,,,,,,,,,,,,,,,,,
790,yes/no,Are they happy?,yes,http://images.cocodataset.org/train2014/COCO_train2014_000000131366.jpg,8,300,0.9913183308927674,-0.032891545444726944,Yes,8,17.0,0.00258314376480257,116.0,0.0026258307299668613,29.0,0.0026525837986222157,0.9256134079485958,0.9817164441929472,0.9741790333644582,15.0,0.002614487020038344,15.0,0.002585950144183421,37.0,0.002695834544840371,16.0,0.0026016449764925255,15.0,0.0026088786344057647,,,,,0.9500685975366211,0.9877812438119247,0.9747016515811022,0.9755307720176266,0.9877812438119247,,,,,,,,,,,,,,,,,,,,
791,yes/no,Are the trying to fix the train?,yes,http://images.cocodataset.org/train2014/COCO_train2014_000000497565.jpg,3,262,0.9948243578139305,-0.273286372423172,Yes,3,15.0,0.002333026931465244,40.0,0.0028044267156112114,15.0,0.002305586145221811,0.9473080736174853,0.9645469932107993,0.9473080736174853,,,,,,,,,,,,,,,,,,,,,,,,,,,,,,,,,,,,,,,
792,yes/no,Is the train black?,yes,http://images.cocodataset.org/train2014/COCO_train2014_000000497565.jpg,1,259,0.9920203317055021,-0.13423162698745728,Yes,1,17.0,0.0032223685135934865,,,,,0.9595784770480081,,,,,,,,,,,,,,,,,,,,,,,,,,,,,,,,,,,,,,,,,
793,yes/no,Is this an evening scene?,yes,http://images.cocodataset.org/train2014/COCO_train2014_000000101431.jpg,6,212,0.9872543177278345,-0.01600336842238903,Yes,6,15.0,0.005111921457435451,16.0,0.003148584658408554,12.0,0.003433740997819888,0.9709505944546686,0.9592101522724051,0.9808340377961404,11.0,0.0036610071362810155,37.0,0.0032884776286202003,22.0,0.004437216185082568,,,,,,,,,0.9431887805255736,0.978647181152859,0.8883377364609271,,,,,,,,,,,,,,,,,,,,,,
794,yes/no,Is this a desert scene?,yes,http://images.cocodataset.org/train2014/COCO_train2014_000000101431.jpg,7,239,0.9904662626182212,-0.40592241287231445,No,7,27.0,0.002468531983736331,35.0,0.0024393017501380013,90.0,0.0024035545160627962,0.9901732069475997,0.9313178693894167,0.9782445851423609,24.0,0.002390400981260687,31.0,0.0023903402091392553,41.0,0.0024214243109777146,26.0,0.0023615807086947455,,,,,,,0.9925308085173911,0.9616418592336476,0.9431801645991307,0.9870271094132723,,,,,,,,,,,,,,,,,,,,,
795,yes/no,Is this a city street?,yes,http://images.cocodataset.org/train2014/COCO_train2014_000000262442.jpg,0,280,0.9856373439281018,-0.04175271838903427,Yes,0,,,,,,,,,,,,,,,,,,,,,,,,,,,,,,,,,,,,,,,,,,,,,,,,
796,yes/no,Is she wearing a bonnet?,yes,http://images.cocodataset.org/train2014/COCO_train2014_000000021895.jpg,7,219,0.9976381403715472,-0.24952544271945953,No,7,22.0,0.0020645913557139008,15.0,0.002014612704679048,15.0,0.0020196950359984275,0.8883377364609271,0.9718495448242642,0.9949490477321437,16.0,0.002017419714350878,10.0,0.0020147096992489235,18.0,0.0020211308400647663,15.0,0.0020106037556879004,,,,,,,0.9954133073923868,0.9911594714322186,0.9941181381188445,1.0,,,,,,,,,,,,,,,,,,,,,
797,yes/no,Was the woman's collar treated with starch?,yes,http://images.cocodataset.org/train2014/COCO_train2014_000000021895.jpg,2,254,0.9705656391639202,-0.10970820486545563,Yes,2,24.0,0.004376181514459624,15.0,0.004206342046071131,,,0.9863826390090816,0.9859247724121322,,,,,,,,,,,,,,,,,,,,,,,,,,,,,,,,,,,,,,,,
798,yes/no,Is it going to storm?,no,http://images.cocodataset.org/train2014/COCO_train2014_000000131373.jpg,7,252,0.9938987896018788,-0.16304418444633484,No,7,19.0,0.002186000420639165,24.0,0.0021686183301464616,23.0,0.0022002442453252667,0.94841021822029,0.9474343611056536,0.9061142770969308,132.0,0.0021833517807363944,17.0,0.0021628441130525367,15.0,0.0021833041136119454,16.0,0.0021707055290493622,,,,,,,0.9849639300676536,0.9856676426534905,0.9654013672997089,0.9681390622295665,,,,,,,,,,,,,,,,,,,,,
799,yes/no,Does this room have a low ceiling?,no,http://images.cocodataset.org/train2014/COCO_train2014_000000109277.jpg,7,258,0.9986063619512211,-0.6036410927772522,Yes,7,17.0,0.0018837225930856789,41.0,0.0018839659452602989,15.0,0.0018853174662451688,0.951983906543883,0.9758846479497671,0.9161314485121342,4.0,0.0018771165958291016,17.0,0.001874838614913409,30.0,0.001910224539373922,36.0,0.0019191283571483972,,,,,,,0.0,0.9719977955078913,0.9362411226229732,0.9890650532793258,,,,,,,,,,,,,,,,,,,,,
800,yes/no,Is a person wearing a hooded sweatshirt?,no,http://images.cocodataset.org/train2014/COCO_train2014_000000131376.jpg,8,247,0.9972119408296504,-0.10671103745698929,No,8,19.0,0.002132004486596153,16.0,0.002153975395792184,38.0,0.002151528958712463,0.9892422967543257,0.985056822321508,0.9230038607317279,54.0,0.00215189011849035,73.0,0.0021385964269442274,10.0,0.0020910125320598555,9.0,0.0021572520714950726,25.0,0.00212778303924944,,,,,0.9687604846223671,0.972776474059647,0.9911594714322186,0.7642045065086203,0.9643771190671295,,,,,,,,,,,,,,,,,,,,
801,yes/no,Is he wearing a helmet?,no,http://images.cocodataset.org/train2014/COCO_train2014_000000131376.jpg,4,140,0.9992280643371432,-0.00493430532515049,No,4,65.0,0.001900853212748502,115.0,0.0018860072148486043,88.0,0.0018867208228747281,0.9801453219278995,0.9849629339974428,0.9961682373750531,15.0,0.0018883477766433855,,,,,,,,,,,,,0.9877812438119247,,,,,,,,,,,,,,,,,,,,,,,,
802,counting,How many tattoos can be seen on this man's body?,1,http://images.cocodataset.org/train2014/COCO_train2014_000000393227.jpg,2,232,0.9982219353961732,-0.031469956040382385,,2,15.0,0.0019677917531594085,197.0,0.002005546171646433,,,0.982798115178801,0.9766144905947098,,,,,,,,,,,,,,,,,,,,,,,,,,,,,,,,,,,,,,,,
803,counting,How many pieces of furniture which are used for sleeping are featured in this picture?,2,http://images.cocodataset.org/train2014/COCO_train2014_000000131074.jpg,10,226,0.9971363408864603,-0.01513147447258234,,10,24.0,0.0020583877876564783,29.0,0.002050004045621583,86.0,0.0020402423721853804,0.9439592513355662,0.9666609439682858,0.9721527564615619,18.0,0.002050828750806501,25.0,0.002017512164931193,22.0,0.0020562089947037576,19.0,0.002038371938830023,36.0,0.0020276415723311327,17.0,0.0020568427546157953,15.0,0.0020223998143064216,0.9656336071428252,0.9719629156972361,0.9283266063904659,0.9237100600260872,0.9679026956152716,0.9437600120884534,0.8983958159908183,,,,,,,,,,,,,,,,,,
804,counting,How many people are in this image?,1,http://images.cocodataset.org/train2014/COCO_train2014_000000393230.jpg,7,203,0.9982437133191782,-0.004242705646902323,,7,36.0,0.0020249274598789797,114.0,0.002030000006095316,16.0,0.0020065657913693356,0.986868228679533,0.9746448030355985,0.9965119062478288,77.0,0.002033061942514617,22.0,0.002022037945908377,23.0,0.002046946413172256,15.0,0.002003173476704174,,,,,,,0.9635981297906979,0.9700357646545448,0.9024478255724019,0.9877812438119247,,,,,,,,,,,,,,,,,,,,,
805,counting,How many sheeps are this?,3,http://images.cocodataset.org/train2014/COCO_train2014_000000131093.jpg,9,284,0.9967812613456434,-0.10254223644733429,,9,15.0,0.002140781573007641,32.0,0.00211862140484144,17.0,0.0021132358011775095,0.9967916319816366,0.9472001465978339,0.9437600120884534,21.0,0.002132220213714326,15.0,0.0020911098421149254,30.0,0.0021278523081623207,16.0,0.002104405800257663,26.0,0.0020980481924526896,37.0,0.002099321325918044,,,0.9937866610055328,0.9877812438119247,0.9420749518080296,0.9965119062478288,0.9934151417289491,0.9579044156819906,,,,,,,,,,,,,,,,,,,
806,counting,How many giraffes are there?,2,http://images.cocodataset.org/train2014/COCO_train2014_000000000025.jpg,7,192,0.9979006964869854,-0.029129035770893097,,7,33.0,0.0020822268036172287,64.0,0.0021054463458027523,29.0,0.002090581254404171,0.92966092263565,0.9678981020386769,0.9839067104067716,19.0,0.002050844211789331,18.0,0.0020268325369026817,9.0,0.0020052581867808176,40.0,0.0020255841695551967,,,,,,,0.9279081769370418,0.9736669121131954,0.9656336071428252,0.9972566536196155,,,,,,,,,,,,,,,,,,,,,
807,counting,How many animals are in this photo?,2,http://images.cocodataset.org/train2014/COCO_train2014_000000000025.jpg,8,195,0.9980081660006487,-0.006505024153739214,,8,30.0,0.0020747698969058245,60.0,0.00209131741733995,27.0,0.0020595220554022317,0.9299056100857235,0.9744308739438449,0.9889836699098602,20.0,0.0020406494485313504,15.0,0.002021932648943107,18.0,0.0020088847406012165,8.0,0.0019781771018356317,32.0,0.0020003287894134626,,,,,0.9156703652986377,0.9446232142545791,0.9736669121131954,0.985056822321508,0.991899670033259,,,,,,,,,,,,,,,,,,,,
808,counting,How many people are on the boat?,5,http://images.cocodataset.org/train2014/COCO_train2014_000000262171.jpg,8,322,0.9963074285398046,-0.13975869119167328,,8,24.0,0.0021470215366385017,16.0,0.002229170227540649,33.0,0.002108347895617931,0.9398009074013692,0.9886994082884974,0.9639337727189048,19.0,0.002172281704385846,30.0,0.002177600712719057,25.0,0.0021323222000662638,15.0,0.002120799605669832,15.0,0.00207938823473706,,,,,0.9826301639446198,0.9561501793958975,0.9731010084990855,0.9877812438119246,0.982798115178801,,,,,,,,,,,,,,,,,,,,
809,counting,How many people are wearing shorts in the forefront of this photo?,4,http://images.cocodataset.org/train2014/COCO_train2014_000000524325.jpg,10,254,0.9970112264554862,-0.10700672119855881,,10,46.0,0.0021801694449213272,17.0,0.002164073745684122,16.0,0.002120183000409312,0.9621798846960917,0.8846148739279865,0.985056822321508,18.0,0.0021852552332749307,16.0,0.0021791751839966554,105.0,0.0021554499479696757,19.0,0.002117505730042232,6.0,0.0021201797824068527,17.0,0.0021329691660341935,21.0,0.0021163422960907407,0.872009434056298,0.8194483718728035,0.9693381920097552,0.9495113755878273,0.0,0.9878171319090819,0.9907017951253161,,,,,,,,,,,,,,,,,,
810,counting,How many planes are in the picture?,2,http://images.cocodataset.org/train2014/COCO_train2014_000000131118.jpg,5,235,0.995485610979071,-0.0114785460755229,,5,15.0,0.0021665339407092544,66.0,0.002212658305428501,79.0,0.002204618043489754,1.0,0.9617734183216998,0.9656102787850326,83.0,0.0021896436453665,15.0,0.002171028843989359,,,,,,,,,,,0.9821104984943684,1.0,,,,,,,,,,,,,,,,,,,,,,,
811,counting,How many trees are in this photo?,3,http://images.cocodataset.org/train2014/COCO_train2014_000000524338.jpg,4,125,0.997878298123178,-0.015029877424240112,,4,349.0,0.001971548522701182,52.0,0.0019599682490926587,28.0,0.0019519945731611497,0.9854373917721038,0.9710035471214209,0.9715182972217419,23.0,0.0019696703485454613,,,,,,,,,,,,,0.9810720783927832,,,,,,,,,,,,,,,,,,,,,,,,
812,counting,How many flowers are painted on the vase?,3,http://images.cocodataset.org/train2014/COCO_train2014_000000131128.jpg,6,215,0.9988500014473856,-0.09485699981451035,,6,83.0,0.002014406510580662,164.0,0.002005274238312013,12.0,0.0020559730010965877,0.9732240073315552,0.9698022018057627,0.6500224216483541,16.0,0.002056118570583203,16.0,0.0020486064572823575,17.0,0.0019908310884983868,,,,,,,,,1.0,1.0,0.932718552659954,,,,,,,,,,,,,,,,,,,,,,
813,counting,How many elephants are in the water?,2,http://images.cocodataset.org/train2014/COCO_train2014_000000370986.jpg,5,250,0.9992424294947165,-0.025339242070913315,,5,18.0,0.0019130812205025176,12.0,0.0018874540840659838,18.0,0.0019067190744619844,0.9823887817956214,0.9795739585136224,0.9853962684364186,9.0,0.001894662804146126,15.0,0.00189562634254773,,,,,,,,,,,1.0,0.9718495448242642,,,,,,,,,,,,,,,,,,,,,,,
814,counting,How many tails can you see in this picture?,3,http://images.cocodataset.org/train2014/COCO_train2014_000000370986.jpg,4,213,0.9990967939176666,-0.026638515293598175,,4,167.0,0.0019107196865927392,89.0,0.0019080753164769202,36.0,0.0018943492976632175,0.9814959652109538,0.9818015116006513,0.9742911765031681,26.0,0.0019088100767177692,,,,,,,,,,,,,0.922080088232489,,,,,,,,,,,,,,,,,,,,,,,,
815,counting,How many tusks are visible?,2,http://images.cocodataset.org/train2014/COCO_train2014_000000262204.jpg,7,267,0.9984458224177775,-0.011703161522746086,,7,28.0,0.0019967875543463382,25.0,0.001985953631315953,16.0,0.0019874984156241977,0.9930633401611941,0.9719629156972361,0.9772170014624824,13.0,0.001993036284258103,12.0,0.001979657383265041,8.0,0.0019706345826896597,21.0,0.00199058332384295,,,,,,,0.99473723787795,0.9808340377961403,1.0,0.9663407895758984,,,,,,,,,,,,,,,,,,,,,
816,counting,How many trees on the table?,3,http://images.cocodataset.org/train2014/COCO_train2014_000000458763.jpg,10,172,0.9971765164547644,-0.014619722962379456,,10,18.0,0.0021204882436623006,128.0,0.0021176231862869064,21.0,0.0021211976903558393,0.9728825026363701,0.9740981245113738,0.9095134728820526,52.0,0.002111277469816927,27.0,0.0020702225272628476,18.0,0.0020877813419223523,15.0,0.0020970274775245993,16.0,0.002065471396056144,16.0,0.0020666495492235966,17.0,0.002065599017812915,0.9501500218447478,0.966542437615227,0.9455305560363263,0.9602297178607612,0.9681390622295665,0.9772170014624825,0.9963890537299694,,,,,,,,,,,,,,,,,,
817,counting,How many horns are in the picture?,0,http://images.cocodataset.org/train2014/COCO_train2014_000000458763.jpg,4,274,0.9994754564781073,-0.04419959709048271,,4,31.0,0.0018432652148414842,15.0,0.0018388058158080034,17.0,0.0018459504627636718,0.8954428328119397,0.9500685975366211,0.9360847109776411,109.0,0.0018420907798542797,,,,,,,,,,,,,0.9724257950455755,,,,,,,,,,,,,,,,,,,,,,,,
818,counting,How many Giraffes are in this image?,2,http://images.cocodataset.org/train2014/COCO_train2014_000000000072.jpg,4,158,0.9981023941777023,-0.019067680463194847,,4,123.0,0.002034847873754163,25.0,0.0020355122706787686,160.0,0.002029320773798063,0.9740700639458115,0.9316462888311462,0.9767725920005598,12.0,0.002035913221927043,,,,,,,,,,,,,0.9798687566511528,,,,,,,,,,,,,,,,,,,,,,,,
819,counting,How many stairs are there?,6,http://images.cocodataset.org/train2014/COCO_train2014_000000393290.jpg,9,223,0.9982540368313673,-0.13204844295978546,,9,133.0,0.0019420205501031681,113.0,0.001935838515197228,15.0,0.0019330504104108333,0.9863739481647035,0.9872656704267494,0.9189900464321514,17.0,0.0019382366562192125,15.0,0.0019298525759210395,23.0,0.001926545910394381,16.0,0.0019274528995364515,14.0,0.0019308777745333154,18.0,0.0019261353753033557,,,0.9360847109776411,0.9500685975366211,0.9527439088345312,0.875,0.9417346261113358,0.9625632797054146,,,,,,,,,,,,,,,,,,,
820,counting,How many windows are there?,3,http://images.cocodataset.org/train2014/COCO_train2014_000000393291.jpg,9,217,0.9991079787132476,-0.017516426742076874,,9,67.0,0.0018791538912499386,104.0,0.0018969688178618245,16.0,0.0018753210014813212,0.9597341192536377,0.9809604292468848,0.985056822321508,39.0,0.0018898444910097096,12.0,0.0018611376578786473,11.0,0.001856195793511997,23.0,0.0018732054275744962,16.0,0.0018748735493357782,15.0,0.0018603667996050538,,,0.9429154380352913,0.9808340377961404,0.9713067383178076,0.9375221328852416,0.9755307720176266,0.982798115178801,,,,,,,,,,,,,,,,,,,
821,counting,How many birds are in the sink?,2,http://images.cocodataset.org/train2014/COCO_train2014_000000393292.jpg,10,226,0.9988370504114653,-0.02186003513634205,,10,30.0,0.001957456519332526,31.0,0.0019128549120008699,16.0,0.0019197259345765762,0.947730922119161,0.9551096572024695,0.9965119062478288,15.0,0.001922220010816407,28.0,0.0019178012437077784,25.0,0.0019540572398251328,18.0,0.0019449343089305185,39.0,0.0019174273356258526,33.0,0.001925887265803518,26.0,0.0019209109607047732,0.9877812438119247,0.9387737867296964,0.9899449185263033,0.872009434056298,0.9630032908392825,0.9384355900757856,0.936291221885284,,,,,,,,,,,,,,,,,,
822,counting,How many tennis players are in the photo?,1,http://images.cocodataset.org/train2014/COCO_train2014_000000262221.jpg,9,298,0.9979131514593486,-0.013131087645888329,,9,20.0,0.002083188598125039,24.0,0.002040853622808871,34.0,0.002059133953445805,0.8637400525036966,0.9745411476764105,0.9838523203895001,38.0,0.0020754495937396976,16.0,0.0020200288753883266,20.0,0.0020015338591669383,20.0,0.0020098658242741012,18.0,0.002019536662953417,8.0,0.002012871176974818,,,0.9871726721634888,0.9965119062478288,0.9658945311665491,0.9596390821693784,0.9455305560363263,0.8112781244591328,,,,,,,,,,,,,,,,,,,
823,counting,How many black sheep are there?,10,http://images.cocodataset.org/train2014/COCO_train2014_000000524375.jpg,11,244,0.998859154959169,-0.3946153521537781,,11,40.0,0.0019876518548372036,15.0,0.0019931934826218946,29.0,0.001962660714626269,0.9180297885239839,0.9709505944546686,0.98697797031737,16.0,0.0019525778028895062,15.0,0.0019618841053682845,57.0,0.001945753542984711,29.0,0.0019637131460291542,18.0,0.0019473039803129474,2.0,0.0018964667914341388,17.0,0.0019433976980340524,0.9755307720176266,0.9018972358711528,0.9704882363367878,0.98697797031737,0.9388201415867107,0.0,0.9256134079485958,22.0,0.00195651371685266,,,0.9849226290193991,,,,,,,,,,,,,
824,counting,How many lunches is this?,1,http://images.cocodataset.org/train2014/COCO_train2014_000000524377.jpg,6,255,0.9989448725529788,-0.04998580738902092,,6,30.0,0.0018908191288449293,35.0,0.0018701088098492362,83.0,0.001878886552557005,0.9405420943167032,0.974559471349543,0.9699833924119252,4.0,0.0018531521615459876,18.0,0.0018699026768121902,31.0,0.001888778913789315,,,,,,,,,1.0,0.9101415926479804,0.9728025989744131,,,,,,,,,,,,,,,,,,,,,,
825,counting,How many hot dogs are shown?,1,http://images.cocodataset.org/train2014/COCO_train2014_000000524377.jpg,6,246,0.9987823921572426,-0.009554466232657433,,6,25.0,0.00190121328891767,56.0,0.0018843686107754812,25.0,0.001887733124494257,0.9607709666679638,0.9547661990941466,0.9858296553988215,48.0,0.001887159763822406,17.0,0.0018854114395437868,51.0,0.0018961359702096517,,,,,,,,,0.9625820721047754,0.9664022887695614,0.9721547874784466,,,,,,,,,,,,,,,,,,,,,,
826,counting,How many pickle spears are there?,0,http://images.cocodataset.org/train2014/COCO_train2014_000000524377.jpg,4,261,0.9990555318383989,-0.027195900678634644,,4,29.0,0.0018914197912511337,38.0,0.0018728785458201735,87.0,0.0018788981829730219,0.9626897130117453,0.9525537594154314,0.9587896814911298,46.0,0.0018853857164531133,,,,,,,,,,,,,0.9619018556659207,,,,,,,,,,,,,,,,,,,,,,,,
827,counting,How many people are eating this hotdog?,1,http://images.cocodataset.org/train2014/COCO_train2014_000000524377.jpg,3,269,0.9978655565158819,-0.018591195344924927,,3,17.0,0.001976038684714773,6.0,0.0019534709675518252,17.0,0.001962196818597028,0.9963890537299694,0.9182958340544896,0.9719977955078913,,,,,,,,,,,,,,,,,,,,,,,,,,,,,,,,,,,,,,,
828,counting,How many sauces are there?,1,http://images.cocodataset.org/train2014/COCO_train2014_000000524377.jpg,7,226,0.998762270579806,-0.0026361490599811077,,7,19.0,0.0018938575219366067,17.0,0.0018930105482289326,76.0,0.0018900943517004393,0.9975194757207203,0.9360847109776411,0.9615887668641153,61.0,0.001884458440612503,24.0,0.001886951019317674,7.0,0.0018780502163394408,42.0,0.0018895759379244112,,,,,,,0.9655682988107956,0.9558902111251072,0.863120568566631,0.9542918413172545,,,,,,,,,,,,,,,,,,,,,
829,counting,How many kinds of meat products are here?,1,http://images.cocodataset.org/train2014/COCO_train2014_000000524377.jpg,11,188,0.9988505246936424,-0.0033432040363550186,,11,18.0,0.0018910099384053397,17.0,0.0018915013639268067,22.0,0.0018818450731120193,0.9206198357143051,0.8702290979524686,0.9094862157597151,51.0,0.0018819396119621082,30.0,0.0018794850857538473,31.0,0.0018925102851841855,33.0,0.0018789749638124817,20.0,0.0018793635980132069,17.0,0.0018807870225354623,60.0,0.0018853212888472804,0.9748338576193395,0.9699242827859327,0.9373043398312979,0.9767723236538033,0.9927376486136672,0.9967828263127351,0.952276515266501,19.0,0.0018845665289161,,,0.9124084931084311,,,,,,,,,,,,,
830,counting,How many rolls of toilet paper are on the toilet tank?,2,http://images.cocodataset.org/train2014/COCO_train2014_000000262159.jpg,9,217,0.9957463119731491,-0.028422651812434196,,9,16.0,0.0021191204429576098,10.0,0.0020977143629444025,23.0,0.0020968057982890575,0.9886085007312413,0.9372305632161296,0.9877356204545924,7.0,0.0021087355482237204,15.0,0.00217273371164768,16.0,0.0021930297064141667,15.0,0.002113089735084385,13.0,0.0020970105576671168,15.0,0.002104270309139802,,,0.9852281360342515,0.9877812438119247,0.9755307720176266,0.982798115178801,0.975031878218105,0.9949490477321437,,,,,,,,,,,,,,,,,,,
831,counting,How many layers are in this cake?,7,http://images.cocodataset.org/train2014/COCO_train2014_000000000092.jpg,5,144,0.9982679465657011,-0.0474981814622879,,5,50.0,0.0019944351431374443,197.0,0.001984522764141336,27.0,0.0019750631138922108,0.9614061650750647,0.9782943224561402,0.9701541708942546,72.0,0.001982347031462462,19.0,0.0019939132477421835,,,,,,,,,,,0.9592477107452833,0.9826301639446198,,,,,,,,,,,,,,,,,,,,,,,
832,counting,How many people can eat this cake?,1,http://images.cocodataset.org/train2014/COCO_train2014_000000000092.jpg,9,296,0.9982396617924273,-0.02464175969362259,,9,17.0,0.0019930560798224724,22.0,0.0020060156890418335,18.0,0.001982581923208357,0.9603948809345497,0.8949645376549995,0.9319131950454079,48.0,0.001969881137267322,17.0,0.0019691322864761624,19.0,0.0019834705641372284,15.0,0.0019625077727021055,21.0,0.0019953073123480775,20.0,0.0019878928461955206,,,0.9694419109153654,0.9519839065438831,0.9355095604394201,0.9543063494363562,0.9314107237997671,0.9609640474436811,,,,,,,,,,,,,,,,,,,
833,counting,How many vehicles are shown?,2,http://images.cocodataset.org/train2014/COCO_train2014_000000000094.jpg,5,119,0.9982896207706783,-0.02371237613260746,,5,203.0,0.002050464917122341,11.0,0.0020127317808331232,117.0,0.002019466285504211,0.9774066155894366,0.9056185178648963,0.9748307114925445,5.0,0.002014216805919648,34.0,0.0019976203352909884,,,,,,,,,,,0.0,0.9717701207194065,,,,,,,,,,,,,,,,,,,,,,,
834,counting,How many lamps are there?,2,http://images.cocodataset.org/train2014/COCO_train2014_000000524386.jpg,5,267,0.9994021914837434,-0.005948078352957964,,5,26.0,0.001903702361954608,55.0,0.0018760561174758585,47.0,0.0018738816905036653,0.9610115714257865,0.9771083882428754,0.9852661106399982,24.0,0.0018653035098533763,15.0,0.0018714034078067359,,,,,,,,,,,0.9747397737976484,0.9609640474436811,,,,,,,,,,,,,,,,,,,,,,,
835,counting,How many lamps are in the room?,2,http://images.cocodataset.org/train2014/COCO_train2014_000000524386.jpg,5,271,0.9994350462732169,-0.009891333058476448,,5,24.0,0.0019037453498219118,49.0,0.0018779314625394763,15.0,0.0018667729047600523,0.9363649184897272,0.9814972829470123,0.9949490477321437,29.0,0.0018716953506621777,24.0,0.0018633450631832605,,,,,,,,,,,0.9848296482841213,0.9747397737976484,,,,,,,,,,,,,,,,,,,,,,,
836,counting,How many pictures on the wall?,4,http://images.cocodataset.org/train2014/COCO_train2014_000000524386.jpg,4,287,0.9994462900372726,-0.014841293916106224,,4,24.0,0.0019008381454719812,41.0,0.0018784848800697178,33.0,0.0018703065322870386,0.9363649184897272,0.9830910188825027,0.975924590978431,24.0,0.0018611682422252902,,,,,,,,,,,,,0.9747397737976484,,,,,,,,,,,,,,,,,,,,,,,,
837,counting,How many TVs are on?,1,http://images.cocodataset.org/train2014/COCO_train2014_000000524386.jpg,7,267,0.9991481092813065,-0.006862890440970659,,7,112.0,0.0019423135851937723,15.0,0.0019203287139828928,25.0,0.00192625689463897,0.9816672886685422,0.9602297178607612,0.9893442852255486,41.0,0.0019318879479077744,18.0,0.0019120252259821847,7.0,0.0018935414698814236,32.0,0.001913452800628844,,,,,,,0.9677972880173603,0.952437502577629,0.9852281360342515,0.9596394165022569,,,,,,,,,,,,,,,,,,,,,
838,counting,How many pictures are on the wall?,4,http://images.cocodataset.org/train2014/COCO_train2014_000000524386.jpg,5,260,0.9994278955195103,-0.015680119395256042,,5,24.0,0.001900723499982239,60.0,0.0018747375935992143,15.0,0.0018643361123485574,0.9363649184897272,0.9758020306027169,0.9949490477321437,38.0,0.00186823097493945,24.0,0.001863786549188814,,,,,,,,,,,0.9729438911487345,0.9747397737976484,,,,,,,,,,,,,,,,,,,,,,,
839,counting,How many men in the picture are wearing sunglasses?,1,http://images.cocodataset.org/train2014/COCO_train2014_000000131172.jpg,5,239,0.998659050517961,-0.00983679573982954,,5,27.0,0.001995020801096983,57.0,0.0019859596473446547,59.0,0.001982010831853143,0.9446284658391851,0.9520399635997008,0.956464876781113,48.0,0.00199179503545044,15.0,0.002024137585281766,,,,,,,,,,,0.9634456492906294,0.9709505944546686,,,,,,,,,,,,,,,,,,,,,,,
840,counting,How many people can be seen?,2,http://images.cocodataset.org/train2014/COCO_train2014_000000393317.jpg,5,57,0.9976817138315679,-0.11561460047960281,,5,409.0,0.002013857566723164,22.0,0.002009619896108857,41.0,0.0020067398925351387,0.9804566217209559,0.894654665234365,0.9667850715864826,19.0,0.0020009185829173454,17.0,0.0020060878701413133,,,,,,,,,,,0.9720048748581784,0.9770358764490155,,,,,,,,,,,,,,,,,,,,,,,
841,counting,How many green lights are there?,1,http://images.cocodataset.org/train2014/COCO_train2014_000000393317.jpg,6,60,0.9976926662704211,-0.07727756351232529,,6,403.0,0.0020090160717633294,19.0,0.00201192343481444,19.0,0.002004137085516855,0.9816965537750989,0.8699773237111814,0.9237100600260872,18.0,0.0019909182598217513,16.0,0.001999944927185218,15.0,0.0019965887674637467,,,,,,,,,0.9773429734731779,0.985056822321508,0.9877812438119246,,,,,,,,,,,,,,,,,,,,,,
842,counting,How many lights does the plane have?,5,http://images.cocodataset.org/train2014/COCO_train2014_000000131174.jpg,11,238,0.9972865857582905,-0.11924469470977783,,11,34.0,0.0020186739848828262,56.0,0.002017145175006092,16.0,0.0020103811471765018,0.930693645185076,0.9734166643874269,0.9755307720176265,21.0,0.0020033848266649457,15.0,0.00200758310863167,31.0,0.0020302797424324856,26.0,0.0020102936747199303,36.0,0.0020005660618400596,17.0,0.002015631283854326,15.0,0.0020117872015068495,0.9907017951253161,0.9500685975366211,0.9480165858172861,0.9697500292498814,0.968226157687857,0.9603948809345497,0.9018972358711528,29.0,0.002013394192804821,,,0.9912920730740395,,,,,,,,,,,,,
843,counting,How many planes are in this photo?,1,http://images.cocodataset.org/train2014/COCO_train2014_000000131174.jpg,11,265,0.9962732119941349,-0.004986958112567663,,11,18.0,0.0021759227118198408,18.0,0.002123110138507998,29.0,0.002100617636863247,0.9910760598382222,0.9435794406736077,0.9365895140018885,33.0,0.002075928384665797,25.0,0.0021023681827676264,37.0,0.00213394579125375,21.0,0.0021344838267178443,26.0,0.0020877695472086436,15.0,0.0020906996135095996,34.0,0.0020973456203965133,0.9680385399569523,0.9470920204059348,0.9371589562902969,0.9803153789223941,0.9482510239685068,0.9500685975366211,0.9980273989850145,17.0,0.0021034821739907197,,,0.9770358764490155,,,,,,,,,,,,,
844,counting,How many people are standing in this image?,3,http://images.cocodataset.org/train2014/COCO_train2014_000000546151.jpg,6,195,0.9987369620115258,-0.005563747137784958,,6,93.0,0.0019638763276027303,28.0,0.001968005988328153,36.0,0.0019471512794653782,0.9695366803646299,0.8986547565311712,0.9813666624121501,94.0,0.0019533820478565803,32.0,0.0019402127520546184,21.0,0.0019407911939192442,,,,,,,,,0.9676449703874135,0.9764454386102976,0.9529073308031801,,,,,,,,,,,,,,,,,,,,,,
845,counting,How many poles is the person holding?,2,http://images.cocodataset.org/train2014/COCO_train2014_000000021826.jpg,12,203,0.9991045141156656,-0.05168488994240761,,12,22.0,0.0019200568925955832,26.0,0.0019504201928245836,41.0,0.0019372492134198387,0.9434038256873108,0.927142935993623,0.9630594071162302,28.0,0.001932003754228187,27.0,0.0019307716944188872,33.0,0.0019294035161042562,19.0,0.0019238514463166556,8.0,0.00189229722842477,8.0,0.0019093278218144842,28.0,0.00191562618555925,0.9856907914011863,0.9274506358581651,0.9861969392935268,0.9462035592964384,0.9463946303571862,0.954434002924965,0.9880269590517888,50.0,0.0019262898767789477,16.0,0.0019260469727223786,0.9674673804630762,0.985056822321508,,,,,,,,,,,,
846,counting,How many bodies of water are in this scene?,1,http://images.cocodataset.org/train2014/COCO_train2014_000000000109.jpg,10,123,0.9947464358162086,-0.007014320231974125,,10,130.0,0.0021696964068636643,20.0,0.0021677443052150512,26.0,0.0021474463797961857,0.9829226015866196,0.9232196723355077,0.964563236385718,29.0,0.002173308024316919,22.0,0.002166045050547714,95.0,0.0021847942542025313,53.0,0.0021662225572128928,22.0,0.002160870064385754,9.0,0.0021539034924932,19.0,0.0021885806900327045,0.9905655791153918,0.9681300137657637,0.9731850382199849,0.9751637738163622,0.9849226290193992,0.9182958340544896,0.9649618403823442,,,,,,,,,,,,,,,,,,
847,counting,How many light post is there?,4,http://images.cocodataset.org/train2014/COCO_train2014_000000000109.jpg,9,183,0.997012088280315,-0.06882358342409134,,9,17.0,0.002059164600595635,168.0,0.0020617041740927915,19.0,0.0020644705903264437,0.9603948809345499,0.9805452052227354,0.9826301639446198,22.0,0.0020575833399438044,71.0,0.002060843404938456,48.0,0.002060012446015592,15.0,0.0020414981838774247,11.0,0.002057218721122377,22.0,0.0020829969145701784,,,0.9538302300591572,0.964420915215811,0.9596907361101071,0.9602297178607612,0.9456603046006401,0.9741707427017496,,,,,,,,,,,,,,,,,,,
848,counting,How many people are in the picture?,3,http://images.cocodataset.org/train2014/COCO_train2014_000000000113.jpg,8,152,0.9975329323693392,-0.006872012745589018,,8,47.0,0.0020436730693924768,62.0,0.0020403600561393555,43.0,0.002076396248264625,0.9592192717184805,0.9652050832833511,0.924322680031763,56.0,0.0020472636460572647,24.0,0.0020188144452402074,35.0,0.0020188454558058904,35.0,0.002042252065903876,43.0,0.0020538599358539394,,,,,0.9840669099985907,0.955336232595348,0.960195652082001,0.9425475864148195,0.981933960793877,,,,,,,,,,,,,,,,,,,,
849,counting,How many pigeons are there?,6,http://images.cocodataset.org/train2014/COCO_train2014_000000262260.jpg,8,126,0.9981604390189205,-0.20463694632053375,,8,36.0,0.001998333798190936,69.0,0.0019962737737380673,182.0,0.0019851634504694155,0.966449551540331,0.9852313262533906,0.9855285217953544,33.0,0.002002076662554344,19.0,0.0019944362872479308,36.0,0.001957487662524921,15.0,0.001976553794704524,17.0,0.0019951538205570272,,,,,0.9615584165497967,0.8699773237111814,0.9761167036825542,0.9877812438119247,0.9360847109776411,,,,,,,,,,,,,,,,,,,,
850,counting,How many bells are there?,1,http://images.cocodataset.org/train2014/COCO_train2014_000000131190.jpg,6,284,0.9977555206014311,-0.0777190774679184,,6,17.0,0.0020160702877006346,75.0,0.0020112627050297913,26.0,0.001994533332433337,0.9770358764490155,0.9680176652967875,0.964563236385718,25.0,0.0020390393293756776,18.0,0.002023881036559712,23.0,0.002010112968748711,,,,,,,,,0.9513415946277461,0.9435794406736077,0.9978904239542103,,,,,,,,,,,,,,,,,,,,,,
851,counting,How many clock faces does this building have?,1,http://images.cocodataset.org/train2014/COCO_train2014_000000131190.jpg,4,315,0.99772910699507,-0.013707337900996208,,4,17.0,0.002023938073762648,69.0,0.0020616121532383513,15.0,0.0020366520806311002,0.9771236998460401,0.9613385784389775,1.0,15.0,0.002054627102693184,,,,,,,,,,,,,0.8830374409547587,,,,,,,,,,,,,,,,,,,,,,,,
852,counting,How many flags are by the building's entrance?,0,http://images.cocodataset.org/train2014/COCO_train2014_000000131190.jpg,8,182,0.9986302552268943,-0.056308068335056305,,8,15.0,0.0019708955652333973,68.0,0.0019525307323627963,92.0,0.0019804303833397823,0.9189900464321514,0.9755298318782916,0.9740290477534613,27.0,0.0019427679082407152,33.0,0.0020207922863929744,23.0,0.0019572274681698963,21.0,0.001958557631560482,17.0,0.001945881564399996,,,,,0.9730099067544401,0.9911125919419405,0.9619234050874884,0.9907017951253161,0.9856676426534906,,,,,,,,,,,,,,,,,,,,
853,counting,How many windows are shown?,5,http://images.cocodataset.org/train2014/COCO_train2014_000000131190.jpg,7,300,0.9979411090409617,-0.08865662664175034,,7,20.0,0.0020070391626724913,64.0,0.001992412545967898,12.0,0.001977167788618761,0.9835386311891136,0.9713515659395016,0.920619835714305,19.0,0.0019962924146234707,28.0,0.0020029165478462813,7.0,0.001956189335782055,16.0,0.001971133415531404,,,,,,,0.9826301639446198,0.9259479222338544,0.9852281360342515,0.9414280318460244,,,,,,,,,,,,,,,,,,,,,
854,counting,How many windows are pictured?,4,http://images.cocodataset.org/train2014/COCO_train2014_000000131190.jpg,8,272,0.997757808567379,-0.1017201691865921,,8,20.0,0.0020167179640392737,84.0,0.0020019019234365464,15.0,0.0019699178541123874,0.9835386311891136,0.970620985511719,0.9446232142545791,17.0,0.002000849930269999,6.0,0.001995363216028736,18.0,0.002018781851738047,15.0,0.0019956396345789675,21.0,0.0019908115935458417,,,,,0.9878171319090819,0.0,0.9342064019134055,0.9189900464321514,0.9907017951253161,,,,,,,,,,,,,,,,,,,,
855,counting,How many sheep can you see?,2,http://images.cocodataset.org/train2014/COCO_train2014_000000131197.jpg,6,167,0.9983980643714876,-0.02496119774878025,,6,44.0,0.0020040920840515082,37.0,0.001983701135224453,260.0,0.0020017657411473128,0.9784100250557196,0.9420627482962803,0.980058625619307,21.0,0.0020081905501308003,20.0,0.0020032037108553254,15.0,0.001961704653096426,,,,,,,,,0.9937866610055328,0.9835386311891136,0.9543063494363562,,,,,,,,,,,,,,,,,,,,,,
856,counting,How many people are there?,1,http://images.cocodataset.org/train2014/COCO_train2014_000000262273.jpg,10,237,0.9977217028542011,-0.008477519266307354,,10,20.0,0.0020677287670795106,16.0,0.0020741770348644845,15.0,0.0020570964929356264,0.9232196723355077,0.886859507142915,0.9602297178607612,13.0,0.002074977837325071,90.0,0.002071670266301145,13.0,0.0020483293702939355,27.0,0.0021009432468114134,19.0,0.002075673927564493,17.0,0.0020456591995624586,28.0,0.0020353348124499356,0.9957274520849255,0.973006252200336,0.9214632400757701,0.909695955411709,0.9894975386227151,0.9507532012507529,0.9715182972217419,,,,,,,,,,,,,,,,,,
857,counting,How many people are in the image?,1,http://images.cocodataset.org/train2014/COCO_train2014_000000262273.jpg,11,208,0.9966369159194673,-0.005346138961613178,,11,16.0,0.0020993981673742756,18.0,0.0021115883662553465,40.0,0.0021281085488259405,0.9248008763572906,0.9915323997298832,0.9370776605138382,119.0,0.0021240563668769455,17.0,0.0021254206164117847,25.0,0.0021386738697566268,19.0,0.0021054510796471525,18.0,0.0020971228164133565,22.0,0.0020952415993887035,16.0,0.00210001509935794,0.9740016175671974,0.9127332405984697,0.9211460945412073,0.9462035592964384,0.9524375025776289,0.9705525394685715,0.8980898459737487,10.0,0.0020951614030775036,,,0.9709505944546686,,,,,,,,,,,,,
858,counting,How many birds are there?,3,http://images.cocodataset.org/train2014/COCO_train2014_000000436929.jpg,1,229,0.999061842299292,-0.0541432648897171,,1,240.0,0.001982748310301725,,,,,0.9868881581353894,,,,,,,,,,,,,,,,,,,,,,,,,,,,,,,,,,,,,,,,,
859,counting,How many men are playing baseball?,5,http://images.cocodataset.org/train2014/COCO_train2014_000000284012.jpg,6,271,0.9986369110011947,-0.20434924960136414,,6,32.0,0.0019470541076035675,115.0,0.001956863189084769,17.0,0.0019365602733818854,0.9921620369191795,0.983998720126219,0.9878171319090819,16.0,0.0019370237398529146,16.0,0.0019418997821800408,25.0,0.0019305289316053752,,,,,,,,,0.949701216438411,0.9463946303571862,0.9949956408022633,,,,,,,,,,,,,,,,,,,,,,
860,counting,How many pots are hanging under the shelf?,2,http://images.cocodataset.org/train2014/COCO_train2014_000000000138.jpg,6,254,0.998678550437354,-0.025235135108232498,,6,73.0,0.0019278288463773455,21.0,0.0019146559331952055,23.0,0.0019159950852155867,0.9823376789882791,0.997618320255157,0.9459180977787195,16.0,0.001904643939774349,26.0,0.0019149985028174639,56.0,0.0019185648266882604,,,,,,,,,0.9618974703476992,0.9439287762440044,0.9804329520427897,,,,,,,,,,,,,,,,,,,,,,
861,counting,How many zebras are there?,13,http://images.cocodataset.org/train2014/COCO_train2014_000000262285.jpg,6,262,0.9986979366449324,-0.8575677871704102,,6,25.0,0.0019433979815701586,17.0,0.00196592379542042,24.0,0.0019725235112103144,0.9795628568170325,0.9771236998460402,0.9639125816315373,15.0,0.0019536936026446155,16.0,0.0019785023802673133,15.0,0.0019977716813416916,,,,,,,,,0.9949490477321437,0.9248008763572907,0.8830374409547587,,,,,,,,,,,,,,,,,,,,,,
862,counting,How many zebras can you see eating?,3,http://images.cocodataset.org/train2014/COCO_train2014_000000000154.jpg,9,241,0.9961886086857806,-0.018352095037698746,,9,62.0,0.0021311179308408355,20.0,0.0021211980797459307,36.0,0.002153122478127287,0.9655692567838742,0.9304820237218406,0.9543909257048029,20.0,0.002152407835316228,19.0,0.0020971186484497984,17.0,0.0020931232340649568,7.0,0.0020881000109272897,16.0,0.0020991500049430396,31.0,0.0020884333231116657,,,0.9835386311891136,0.9796494552648446,0.9664022887695614,0.863120568566631,0.9248008763572906,0.9892924071621719,,,,,,,,,,,,,,,,,,,
863,counting,How many kinds of animals are in this photo?,1,http://images.cocodataset.org/train2014/COCO_train2014_000000000154.jpg,5,256,0.9984451543575782,-0.0013692808570340276,,5,15.0,0.0020234793533016903,23.0,0.0020489688684471106,19.0,0.002069659268138989,0.9877812438119246,0.962898239727323,0.9520903566147753,103.0,0.0020297556802694136,39.0,0.002064762898471977,,,,,,,,,,,0.9796374392602692,0.9886217725500009,,,,,,,,,,,,,,,,,,,,,,,
864,counting,How many different types of animals are in this scene?,1,http://images.cocodataset.org/train2014/COCO_train2014_000000000154.jpg,6,233,0.9984154163643124,-0.0015869805356487632,,6,15.0,0.0020285572960290262,20.0,0.002065224783177483,18.0,0.0020874486165026085,0.9877812438119246,0.9288587345650742,0.9435794406736077,15.0,0.0020075931406708827,112.0,0.0020389203236866028,41.0,0.00207346985203012,,,,,,,,,0.9446232142545791,0.9751773605915767,0.9660634637733101,,,,,,,,,,,,,,,,,,,,,,
865,counting,How many animals are there?,3,http://images.cocodataset.org/train2014/COCO_train2014_000000000154.jpg,9,254,0.9977012384810415,-0.050491224974393845,,9,17.0,0.0021127091128910697,17.0,0.0020675566522829337,33.0,0.0021325980856586814,0.9603948809345497,0.9963890537299694,0.9897184236111026,20.0,0.0021459639572039163,20.0,0.002096960112489339,26.0,0.002129539733143581,15.0,0.002050659033807443,42.0,0.0020601736348788376,28.0,0.0020774609203191136,,,0.9372305632161296,0.9630603734213403,0.9098410046750501,0.982798115178801,0.984681643157984,0.9722040294927505,,,,,,,,,,,,,,,,,,,
866,counting,How many arrows can be seen?,1,http://images.cocodataset.org/train2014/COCO_train2014_000000393242.jpg,9,145,0.999075097210925,-0.03303329274058342,,9,20.0,0.0019224477159394428,40.0,0.0019417298527717151,44.0,0.0019232596270614645,0.9763620978123274,0.9463869711161702,0.9485872758161781,30.0,0.001931428694659149,15.0,0.0019242874524524052,30.0,0.0019259406749772858,135.0,0.0019341733347355108,24.0,0.0019260986931298194,15.0,0.0019240848079293534,,,0.951410267169595,0.9877812438119247,0.9730394139869819,0.9768464168834465,0.9514282211802997,0.9602297178607612,,,,,,,,,,,,,,,,,,,
867,counting,How many stripes are at the bottom of the picture?,5,http://images.cocodataset.org/train2014/COCO_train2014_000000393242.jpg,7,209,0.9991364103936039,-0.08817920088768005,,7,43.0,0.0019353998265809864,32.0,0.0019143176692900006,27.0,0.0019125986508177605,0.9304434384206498,0.9605393518021214,0.9628962824334484,95.0,0.001911205638407696,27.0,0.0019041145358612802,23.0,0.0019091452998616378,20.0,0.0019116937353133641,,,,,,,0.973260211839721,0.9974706934315656,0.9978904239542102,0.9354752972273342,,,,,,,,,,,,,,,,,,,,,
868,counting,How many potted plants do you see?,3,http://images.cocodataset.org/train2014/COCO_train2014_000000415089.jpg,10,202,0.9983913840244036,-0.03228160738945007,,10,59.0,0.002016471852411738,25.0,0.002025827373019432,66.0,0.002010782348917427,0.9605212964877842,0.9063581495887165,0.9611138774522542,19.0,0.0019938469462942214,45.0,0.002034864874309137,22.0,0.0020152454480135357,15.0,0.0019809449039164787,13.0,0.001969347075012501,16.0,0.0020258095096039965,19.0,0.0020097574830341657,0.9892422967543257,0.9857455698200129,0.9645454255594046,0.9543063494363562,0.9610115714257866,0.8950145145731531,0.9237100600260872,,,,,,,,,,,,,,,,,,
869,counting,How many chairs are there?,1,http://images.cocodataset.org/train2014/COCO_train2014_000000415089.jpg,6,230,0.9977632919992474,-0.03390287607908249,,6,121.0,0.0020375955580032414,25.0,0.0020396040009308556,56.0,0.002029349022367468,0.9756963461160082,0.9618169031300021,0.9758602309033327,17.0,0.0020458994368733295,49.0,0.0020643646749422275,21.0,0.002036142311217815,,,,,,,,,0.9603948809345497,0.9647656967040641,0.969354248643417,,,,,,,,,,,,,,,,,,,,,,
870,counting,How many kids in this photo?,3,http://images.cocodataset.org/train2014/COCO_train2014_000000393384.jpg,5,255,0.9957376401672239,-0.0742904394865036,,5,73.0,0.002293849024108293,64.0,0.0022396437431068043,46.0,0.0022286221898220283,0.9725451186092119,0.9805157545134128,0.9526968280511369,24.0,0.0022787413288462093,20.0,0.0022108798268189707,,,,,,,,,,,0.9320027314271102,0.9703227248076731,,,,,,,,,,,,,,,,,,,,,,,
871,counting,How many animals?,5,http://images.cocodataset.org/train2014/COCO_train2014_000000393386.jpg,11,271,0.9984206029651049,-0.04070579260587692,,11,41.0,0.001995684623393332,24.0,0.002007207448839444,16.0,0.0019809350621469556,0.9339245514241541,0.927694271103767,0.9965119062478288,18.0,0.0020080857337427083,16.0,0.0019916242831653956,69.0,0.002003110468508074,19.0,0.001984021931466615,19.0,0.0019857300524499487,15.0,0.0019772885388830005,22.0,0.001980153096845002,0.9342064019134055,0.9463946303571862,0.9791609248860794,0.9462035592964384,0.9237100600260872,0.8983958159908183,0.9513590473032969,15.0,0.002012322456457239,,,0.9967916319816366,,,,,,,,,,,,,
872,counting,How many laptops are on the coffee table?,3,http://images.cocodataset.org/train2014/COCO_train2014_000000137918.jpg,9,201,0.9989103623421293,-0.018071964383125305,,9,30.0,0.0019009191694220183,15.0,0.0019012038695471396,27.0,0.0019062582807502543,0.9555573858597382,0.9147366491799203,0.9804966463881547,60.0,0.001907237295422593,28.0,0.0019246563008008895,37.0,0.0019094086674104698,33.0,0.0019270061707051297,53.0,0.0019049544842202097,26.0,0.0019078377432982753,,,0.9650841225130169,0.9204872819937729,0.9681996798568528,0.9962859311888502,0.9504379073770297,0.9507796043250699,,,,,,,,,,,,,,,,,,,
873,counting,How many people are in the picture?,50,http://images.cocodataset.org/train2014/COCO_train2014_000000438196.jpg,2,222,0.9994333187801953,-1.1207765340805054,,2,29.0,0.001873782920587623,118.0,0.0018479714133001334,,,0.9531054072865287,0.9836191636830637,,,,,,,,,,,,,,,,,,,,,,,,,,,,,,,,,,,,,,,,
874,counting,How many knobs are there?,4,http://images.cocodataset.org/train2014/COCO_train2014_000000524471.jpg,6,271,0.9994018814268946,-0.019228262826800346,,6,19.0,0.0019462539286219196,21.0,0.0019116057042511435,19.0,0.0018806642768304058,0.9980008838722996,0.8881659264001537,0.9892422967543257,44.0,0.001888390160079688,17.0,0.001868252335386578,15.0,0.001876740731124423,,,,,,,,,0.9737207946871345,0.9595784770480079,0.9161314485121343,,,,,,,,,,,,,,,,,,,,,,
875,counting,How many buses are there?,1,http://images.cocodataset.org/train2014/COCO_train2014_000000393403.jpg,6,129,0.9951983013648016,-0.026005582883954048,,6,121.0,0.0021497815164382493,23.0,0.002101227999275558,132.0,0.0021347485738707336,0.9660284190157405,0.9656642397714295,0.9800535974281704,19.0,0.0021064725724612306,54.0,0.0021427023211717253,22.0,0.0021470081340336116,,,,,,,,,0.9621305296911873,0.9552061868692534,0.9681300137657637,,,,,,,,,,,,,,,,,,,,,,
876,counting,How many decks does this bus have?,2,http://images.cocodataset.org/train2014/COCO_train2014_000000393403.jpg,6,177,0.9976428338052634,-0.029546597972512245,,6,111.0,0.002025957531219002,22.0,0.002013670601046959,20.0,0.001991048597218573,0.9711067327676525,0.9849226290193991,0.9349775297671233,91.0,0.0020062596381297745,66.0,0.0020057516538593287,18.0,0.001997856488796138,,,,,,,,,0.9737461251371786,0.9786866551206448,0.9524375025776289,,,,,,,,,,,,,,,,,,,,,,
877,counting,How many windows?,11,http://images.cocodataset.org/train2014/COCO_train2014_000000283700.jpg,9,270,0.9978344277104253,-0.08916718512773514,,9,15.0,0.00195048083337504,47.0,0.0019607046816456255,26.0,0.0019680929155601826,0.8830374409547587,0.9834763045526094,0.9010228122187913,21.0,0.0019328810967504484,16.0,0.0019413374034669972,39.0,0.001938989762076634,19.0,0.0019582070465787695,17.0,0.001957220961081541,15.0,0.0019304150890545005,,,0.9663407895758984,0.985056822321508,0.9851509837180298,0.9617367430790453,0.9127332405984697,0.9543063494363562,,,,,,,,,,,,,,,,,,,
878,counting,How many steps does it take to get to the top?,2,http://images.cocodataset.org/train2014/COCO_train2014_000000257513.jpg,7,149,0.9985484060884428,-0.09543309360742569,,7,117.0,0.0019849759677335417,50.0,0.001988529260859959,104.0,0.0019948608175338477,0.9729607372322701,0.9626535367987127,0.9634369487068599,16.0,0.001979429420862851,53.0,0.0019978145448172058,62.0,0.0019794627605645714,23.0,0.0019864935799884386,,,,,,,0.949701216438411,0.9855923507405423,0.977630630892715,0.908035645676523,,,,,,,,,,,,,,,,,,,,,
879,counting,How many ski boards are in the picture?,5,http://images.cocodataset.org/train2014/COCO_train2014_000000000201.jpg,7,193,0.9985730924448787,-0.09039613604545593,,7,106.0,0.0019540780464910863,86.0,0.0019588131119746997,16.0,0.0019284060708374244,0.9727159802409834,0.9768387261390938,0.9886085007312412,16.0,0.0019555845557995355,16.0,0.0019444216044956471,28.0,0.0019441719933905575,76.0,0.0019442702354367995,,,,,,,0.886859507142915,0.985056822321508,0.9439935625075735,0.967892424890652,,,,,,,,,,,,,,,,,,,,,
880,counting,How many blue stripes are on the babies shirt?,many,http://images.cocodataset.org/train2014/COCO_train2014_000000131279.jpg,9,206,0.9985359477962612,-0.10379667580127716,,9,21.0,0.002002426506621444,34.0,0.0019886417487266056,33.0,0.0019554159182796934,0.9748830897462036,0.9480737840663962,0.9672420160753019,32.0,0.001975631701539549,15.0,0.0019757942751616026,16.0,0.0019735512268102212,29.0,0.0019793826599910375,43.0,0.0019606261489780352,70.0,0.0019910563354352457,,,0.983510363583724,0.9602297178607612,0.9755307720176266,0.9453273454467302,0.9819292673084211,0.9833614087146421,,,,,,,,,,,,,,,,,,,
881,counting,How many babies are in this photo?,2,http://images.cocodataset.org/train2014/COCO_train2014_000000131279.jpg,9,229,0.9988261908693452,-0.007953539490699768,,9,46.0,0.0019330106410202217,37.0,0.001963793126139633,33.0,0.0019595241593568305,0.9649393932504136,0.9561490534102385,0.9393056899317642,16.0,0.001955566479613736,34.0,0.0019248832393982433,17.0,0.0019266245685282874,15.0,0.0019322476758333355,41.0,0.0019541860811820282,15.0,0.0019348053246887082,,,0.8957541375001011,0.974465434584423,0.92026989330702,0.9877812438119247,0.988425568499585,0.8983958159908183,,,,,,,,,,,,,,,,,,,
882,counting,How many balls are on the ground?,6,http://images.cocodataset.org/train2014/COCO_train2014_000000554301.jpg,11,243,0.9972253265271761,-0.31526267528533936,,11,44.0,0.0020520928302312775,25.0,0.002084472689990704,20.0,0.002052834814400801,0.9679913171718869,0.998561914578656,0.9545258142257613,35.0,0.002069747322302243,15.0,0.0020238372538494104,15.0,0.002016962960175624,17.0,0.0020804032661474623,30.0,0.0020417829872144905,16.0,0.0020308357395405676,17.0,0.0020218231993846293,0.9474340466027725,0.9500685975366211,0.9602297178607612,0.9975025463691152,0.9824567505740444,0.9755307720176266,0.932718552659954,29.0,0.002019737328545193,,,0.9856439974153608,,,,,,,,,,,,,
883,counting,How many glasses are there?,2,http://images.cocodataset.org/train2014/COCO_train2014_000000262359.jpg,7,228,0.9985891657023297,-0.020910408347845078,,7,37.0,0.001954958838632975,67.0,0.001955744634953067,21.0,0.0019350137917774329,0.9766225170143792,0.9671361155476729,0.9479530138916262,17.0,0.001927386379176151,40.0,0.0019429227765981772,59.0,0.0019454971232194121,25.0,0.001941504743855195,,,,,,,0.9856676426534906,0.9777943660763379,0.9757879860546429,0.9795499092274749,,,,,,,,,,,,,,,,,,,,,
884,counting,How many horses are on the picture?,3,http://images.cocodataset.org/train2014/COCO_train2014_000000524508.jpg,8,220,0.9965600847135665,-0.03757505491375923,,8,34.0,0.0021042608755014658,30.0,0.0020919472917071136,7.0,0.0020586206868082745,0.9711157282390109,0.9715270798158866,0.9852281360342515,23.0,0.0021202505567807155,15.0,0.0021027470332512796,15.0,0.002077854045536341,29.0,0.0020638315277311113,62.0,0.0020882052485225434,,,,,0.9978904239542103,0.8983958159908183,0.9446232142545791,0.9857704986199521,0.9786143783184272,,,,,,,,,,,,,,,,,,,,
885,counting,How many horses are in the picture?,3,http://images.cocodataset.org/train2014/COCO_train2014_000000524508.jpg,7,231,0.9963767528535967,-0.05072646960616112,,7,32.0,0.0020942161825575826,32.0,0.0020873074767124374,27.0,0.0020653703919857095,0.9914290233306116,0.9791345236976524,0.9655657185484742,6.0,0.002036564449706577,23.0,0.0020988996877090976,56.0,0.0020714986338582777,23.0,0.0020438038876841773,,,,,,,1.0,0.9978904239542103,0.9824554753701998,0.9801433740737774,,,,,,,,,,,,,,,,,,,,,
886,counting,How many kids?,1,http://images.cocodataset.org/train2014/COCO_train2014_000000393438.jpg,9,257,0.9945925640896283,-0.04949956014752388,,9,19.0,0.0023136707295724184,54.0,0.00231442264723809,23.0,0.0022804161336768673,0.9649618403823442,0.961542405300003,0.9810720783927832,23.0,0.0022954234397325503,27.0,0.00224175523097185,29.0,0.002331366949002037,20.0,0.0023009027185916394,17.0,0.0022266326646252907,22.0,0.002288724792396071,,,0.9321883810995898,0.9701541708942546,0.9920582746997479,0.8911143594569009,0.9605278493513334,0.8870666226667561,,,,,,,,,,,,,,,,,,,
887,counting,How many black umbrellas?,3,http://images.cocodataset.org/train2014/COCO_train2014_000000393442.jpg,6,238,0.9987754372070459,-0.02687421627342701,,6,54.0,0.0019632664871168655,39.0,0.0019627752708529485,23.0,0.0019539564987720677,0.9650671143857773,0.9624350350452756,0.9627069364469678,17.0,0.0019670547596243597,15.0,0.0019529392762506399,81.0,0.001959754614481567,,,,,,,,,0.9878171319090819,0.9877812438119247,0.9592294934055121,,,,,,,,,,,,,,,,,,,,,,
888,counting,How many skis are on the ground?,4,http://images.cocodataset.org/train2014/COCO_train2014_000000131299.jpg,9,281,0.9988324079210307,-0.04918026551604271,,9,16.0,0.0019413229817433085,16.0,0.0019201097435435314,16.0,0.0019374572739994987,0.886859507142915,0.9528195311147832,0.9320201587042914,19.0,0.0019426292803799469,23.0,0.0019106662382529635,19.0,0.0019479345979158311,17.0,0.0019188247661889428,19.0,0.0019381722053100727,31.0,0.0019613686783903537,,,0.8699773237111814,0.9849269366259108,0.9826301639446198,0.9771236998460402,0.8899149938380799,0.9808375750239486,,,,,,,,,,,,,,,,,,,
889,counting,How many water jugs are visible?,2,http://images.cocodataset.org/train2014/COCO_train2014_000000524522.jpg,6,147,0.9976382488326653,-0.029968267306685448,,6,224.0,0.002067750157362615,58.0,0.002080398102370216,38.0,0.002057580906303316,0.9761238656748085,0.9581285582696241,0.9809790849502934,21.0,0.0020303206387986498,16.0,0.0020474693394775343,15.0,0.0020158333504459755,,,,,,,,,0.9588649012766761,0.9965119062478288,0.9664572819896989,,,,,,,,,,,,,,,,,,,,,,
890,counting,How many trains are there?,3,http://images.cocodataset.org/train2014/COCO_train2014_000000524525.jpg,6,186,0.9985977793450158,-0.05019229277968407,,6,36.0,0.0019255992253936368,212.0,0.0019334499173938406,18.0,0.0019282665642882722,0.9429317140224938,0.988367846413726,0.9081700569267039,20.0,0.0019234225074716963,17.0,0.0019138735592020668,16.0,0.0019150244384562411,,,,,,,,,0.9630603734213402,0.9519839065438831,0.9414280318460245,,,,,,,,,,,,,,,,,,,,,,
891,counting,How many kids are there?,5,http://images.cocodataset.org/train2014/COCO_train2014_000000393464.jpg,10,217,0.9990827185651412,-0.11849017441272736,,10,17.0,0.0019209316161141873,19.0,0.001923340104424621,48.0,0.0019366200477394472,0.932718552659954,0.9796494552648447,0.9778428654731015,15.0,0.0019334348521647126,38.0,0.0019338791926182643,18.0,0.0019379074944905657,18.0,0.0019464151815429638,37.0,0.001969625301130045,49.0,0.00193541248523465,24.0,0.0019432735126392088,0.9189900464321514,0.9879052062850862,0.9915323997298832,0.9728825026363701,0.963500354534654,0.9836211018555008,0.9838824188369656,,,,,,,,,,,,,,,,,,
892,counting,How many rocks?,2,http://images.cocodataset.org/train2014/COCO_train2014_000000262393.jpg,13,146,0.9992466204471744,-0.06042274087667465,,13,15.0,0.0019199684598595202,36.0,0.0018920289610522255,42.0,0.0018852274289823086,0.9182958340544896,0.9769300918466638,0.9759425922353028,28.0,0.0018951780372693952,22.0,0.0019059236358449797,32.0,0.0018969626573741615,24.0,0.0019096590340580398,23.0,0.0018899237210228102,16.0,0.001919853520970661,52.0,0.0018903389771659992,0.9938747069399737,0.9226754683112184,0.9805899280827401,0.9239274071999327,0.9527439088345311,1.0,0.9812446587459385,19.0,0.0018884683608613498,21.0,0.001898009856604012,0.9720048748581784,0.978033486181519,58.0,0.0019016238026818406,,,,,,,0.9697245635574833,,,
893,counting,How many zebras are there?,2,http://images.cocodataset.org/train2014/COCO_train2014_000000262393.jpg,9,165,0.9990759893149923,-0.034254275262355804,,9,44.0,0.0019043710184750802,109.0,0.0019173942036837604,26.0,0.0019098714282305114,0.9710875811174713,0.9751403456797543,0.9554742918793261,23.0,0.001892514290779098,18.0,0.0019146813784934776,24.0,0.0019107231720733437,17.0,0.0019319024020291221,34.0,0.0019163790984597696,54.0,0.0019103109400967248,,,0.9512875620837767,0.9342064019134054,0.9795739585136223,0.9975025463691152,0.9378722826566348,0.9491049967399537,,,,,,,,,,,,,,,,,,,
894,counting,How many floors do you think the highest building has?,50,http://images.cocodataset.org/train2014/COCO_train2014_000000000250.jpg,6,259,0.9982633064507945,-0.1795695573091507,,6,68.0,0.001855530644537535,17.0,0.001855039101677369,15.0,0.0018490952538810694,0.9807590748860162,0.9603948809345499,0.9877812438119246,81.0,0.001852824696663797,58.0,0.0018532339732020581,19.0,0.0018464487033770713,,,,,,,,,0.9600101180323222,0.9813362509226408,0.9796494552648447,,,,,,,,,,,,,,,,,,,,,,
895,counting,How many people are surfing?,1,http://images.cocodataset.org/train2014/COCO_train2014_000000131339.jpg,7,268,0.9982852595285038,-0.005627043079584837,,7,32.0,0.002020420091412963,64.0,0.0020129321974452917,21.0,0.002021074284824385,0.9696653002195654,0.9765763530029136,0.9420864622689729,18.0,0.0020049598123497285,10.0,0.001986620633545596,50.0,0.0020206275823297214,18.0,0.002003926948699249,,,,,,,0.9535998353544739,0.9602297178607612,0.9788322092635394,0.9535998353544741,,,,,,,,,,,,,,,,,,,,,
896,counting,How many kids are wearing black and white?,5,http://images.cocodataset.org/train2014/COCO_train2014_000000524557.jpg,10,272,0.9981432492510308,-0.048604365438222885,,10,23.0,0.002041306551851089,23.0,0.002069368242687199,68.0,0.0020899658241243933,0.9504416045240514,0.9765762937075554,0.9719007128739384,30.0,0.0020927334204138824,18.0,0.002149149718197155,15.0,0.002035225901449294,17.0,0.0020561157426106204,16.0,0.0020324655662990222,7.0,0.002024476940154706,16.0,0.002020490362690207,0.9467073662418842,1.0,0.9877812438119247,0.9878171319090819,0.9248008763572906,0.863120568566631,0.9772170014624824,,,,,,,,,,,,,,,,,,
897,counting,How many men are wearing hats?,0,http://images.cocodataset.org/train2014/COCO_train2014_000000131342.jpg,9,182,0.9990947523121485,-0.028874212875962257,,9,17.0,0.001895870872683722,23.0,0.0019037372962592343,20.0,0.0018876376910640954,0.9770358764490155,0.9224409677146627,0.951850848028674,23.0,0.0018972122742706577,25.0,0.0019068332392912861,105.0,0.001887324805859122,26.0,0.0018924343473003485,50.0,0.001884807422343393,19.0,0.0018845634429042494,,,0.9810720783927832,0.9551541663346149,0.977729372375043,0.9737515929092133,0.9908095289554105,0.9892422967543257,,,,,,,,,,,,,,,,,,,
898,counting,How many holes are on the phone case?,1,http://images.cocodataset.org/train2014/COCO_train2014_000000393489.jpg,7,249,0.9969311425438614,-0.20232081413269043,,7,47.0,0.001990371702646998,83.0,0.001980873802181163,28.0,0.001987393216906548,0.943222622565072,0.9714906568216862,0.9825098436366377,28.0,0.0019959436933611853,27.0,0.001985395659030157,15.0,0.001972727152727784,16.0,0.0019721367950898037,,,,,,,0.9451415838544158,0.9700484006760405,0.9500685975366211,0.875,,,,,,,,,,,,,,,,,,,,,
899,counting,How many phones do you see?,1,http://images.cocodataset.org/train2014/COCO_train2014_000000393489.jpg,2,129,0.9982103030799573,-0.018078884109854698,,2,359.0,0.001985897876668034,33.0,0.0019758280650841935,,,0.9860494111438912,0.9719342103820018,,,,,,,,,,,,,,,,,,,,,,,,,,,,,,,,,,,,,,,,
900,counting,How many cookies can be seen?,2,http://images.cocodataset.org/train2014/COCO_train2014_000000000009.jpg,4,134,0.9993632875091332,-0.0583987683057785,,4,90.0,0.0018595406551732937,206.0,0.0018687927151508545,27.0,0.001875022268847018,0.9806992224769102,0.9814365520914171,0.8997598005436134,78.0,0.0018672324402629382,,,,,,,,,,,,,0.9674628658725872,,,,,,,,,,,,,,,,,,,,,,,,
901,counting,How many girls are visible?,2,http://images.cocodataset.org/train2014/COCO_train2014_000000393493.jpg,7,200,0.9987612674472032,-0.033777836710214615,,7,40.0,0.001913768263382806,17.0,0.0019304702487178086,82.0,0.00193215458807034,0.9782215861773551,0.9770358764490155,0.968537631112493,20.0,0.0019191717010301073,24.0,0.0019305846538033179,51.0,0.0019207135984109565,8.0,0.0019017480817605389,,,,,,,0.9927376486136672,0.9360898016760627,0.968308589201076,0.9463946303571862,,,,,,,,,,,,,,,,,,,,,
902,counting,How many colors are in the tile?,1,http://images.cocodataset.org/train2014/COCO_train2014_000000131351.jpg,5,190,0.9979323227523013,-0.015955401584506035,,5,176.0,0.002043058860447455,29.0,0.0020087139775831447,31.0,0.0020315738343040153,0.985012752499349,0.9671944312960192,0.9801667511608102,60.0,0.0020398719134734197,13.0,0.002019850584665218,,,,,,,,,,,0.9828676607043543,0.9629470156266078,,,,,,,,,,,,,,,,,,,,,,,
903,counting,How many people are standing next to each other?,4,http://images.cocodataset.org/train2014/COCO_train2014_000000131366.jpg,10,240,0.9985096311273233,-0.015841003507375717,,10,16.0,0.0020104569167479144,18.0,0.00198049641513323,21.0,0.0019695750335292183,0.954434002924965,0.9915323997298832,0.9907017951253161,17.0,0.0019725622013073573,30.0,0.0019660401875544165,61.0,0.0019818767367263315,15.0,0.0019668883798667873,31.0,0.0019656237061680733,17.0,0.0019757469064001494,35.0,0.00197599142200307,0.9967828263127351,0.9925081039441961,0.9628727572480161,0.9500685975366211,0.9606783413242757,0.9967828263127351,0.9566617562744109,,,,,,,,,,,,,,,,,,
904,counting,How many rackets?,8,http://images.cocodataset.org/train2014/COCO_train2014_000000131366.jpg,10,233,0.9982649536680789,-0.026067860424518585,,10,15.0,0.0019803585204674983,16.0,0.0020178925105577075,19.0,0.0019895029849032134,0.9500685975366211,0.954434002924965,0.9975194757207203,15.0,0.0019794591048119103,17.0,0.001980418961228586,28.0,0.001972142354472416,55.0,0.001995146065312341,33.0,0.001971496557159544,22.0,0.001981227866888854,36.0,0.00198467349248173,0.9877812438119247,0.9967828263127351,0.9722040294927505,0.9736672845395754,0.9544529039170896,0.9904129681145393,0.9596011076729789,,,,,,,,,,,,,,,,,,
905,counting,How many people are in this photo?,4,http://images.cocodataset.org/train2014/COCO_train2014_000000131366.jpg,12,219,0.9985215256820967,-0.026372088119387627,,12,15.0,0.0019686366827028953,17.0,0.002013331449381452,18.0,0.001985327877631515,0.9654013672997089,0.9774178175281716,0.9915323997298832,17.0,0.0019800477245660825,17.0,0.001977900336036262,31.0,0.0019680935882922597,61.0,0.0019845270374580963,15.0,0.0019851788690823493,12.0,0.001977183706801888,31.0,0.001967405686804055,0.9967828263127351,0.9967828263127351,0.9949806056372279,0.9628727572480161,0.8649735207179273,0.9798687566511528,0.9606783413242757,38.0,0.001973542030658994,18.0,0.0019779129403102525,0.9530732068218356,0.9915323997298832,,,,,,,,,,,,
906,counting,How many girls are in the picture?,4,http://images.cocodataset.org/train2014/COCO_train2014_000000131366.jpg,11,224,0.9985417960232925,-0.039379630237817764,,11,17.0,0.002010293871794707,18.0,0.001984263551727235,21.0,0.001972846906315113,0.9774178175281716,0.9915323997298832,0.9907017951253161,17.0,0.001975752202143248,30.0,0.001966634516866323,61.0,0.001983783953119233,15.0,0.001984958293722157,12.0,0.001978418372880241,31.0,0.00196650578490539,37.0,0.001973548823618728,0.9967828263127351,0.9925081039441961,0.9628727572480161,0.8649735207179273,0.9798687566511528,0.9606783413242757,0.9479638476841505,17.0,0.0019765140456122735,,,0.9967828263127351,,,,,,,,,,,,,
907,counting,How many people don't have a skateboard?,4,http://images.cocodataset.org/train2014/COCO_train2014_000000131366.jpg,5,299,0.9992170380256966,-0.07199352234601974,,5,25.0,0.00182838029965312,23.0,0.0018243076154907407,53.0,0.001818806232133971,0.9053496664211536,0.9321883810995898,0.9657844323383512,53.0,0.001817688330418868,17.0,0.0018140794509286793,,,,,,,,,,,0.9711309585247516,0.9519839065438831,,,,,,,,,,,,,,,,,,,,,,,
908,counting,How many of the four main individuals are wearing baseball caps?,0,http://images.cocodataset.org/train2014/COCO_train2014_000000131366.jpg,8,260,0.9969172138969247,-0.00896911695599556,,8,46.0,0.002020362018317859,17.0,0.0020187855758563625,16.0,0.0020119957578606687,0.9725854147258669,0.9437600120884535,0.985056822321508,28.0,0.0020194898885786553,15.0,0.002006951197424858,94.0,0.0020055444094355976,23.0,0.001993436432352635,9.0,0.0019983277082652093,,,,,0.9127045965049082,0.9877812438119246,0.9675231954583211,0.9910581831938823,0.9910760598382222,,,,,,,,,,,,,,,,,,,,
909,counting,How many racquets?,8,http://images.cocodataset.org/train2014/COCO_train2014_000000131366.jpg,10,234,0.9981206413921069,-0.029356300830841064,,10,15.0,0.001990758189172592,16.0,0.00202680671766528,20.0,0.0020014755802131913,0.9500685975366211,0.954434002924965,0.9911594714322186,16.0,0.0019873249114502334,17.0,0.001988069694276295,28.0,0.001980608121430802,54.0,0.002004284348911795,33.0,0.001978351751510262,22.0,0.001987951771876592,36.0,0.0019919369675139398,0.9755307720176265,0.9967828263127351,0.9722040294927505,0.9685304977395375,0.9544529039170896,0.9904129681145393,0.9596011076729789,,,,,,,,,,,,,,,,,,
910,counting,How many legs are in the image?,8,http://images.cocodataset.org/train2014/COCO_train2014_000000131366.jpg,8,265,0.9982548281050417,-0.06020096689462662,,8,16.0,0.0020083231646545905,21.0,0.0019779104451654625,16.0,0.001975060785054896,0.954434002924965,0.9907017951253161,0.9965119062478288,28.0,0.001970137488693535,55.0,0.001991456182534996,32.0,0.0019761340234440883,37.0,0.001979566980430356,22.0,0.001981333481539976,,,,,0.9930633401611941,0.9779052687810937,0.9587060085275527,0.9402633704564628,0.9849226290193991,,,,,,,,,,,,,,,,,,,,
911,counting,How many passengers does this bus carry?,30,http://images.cocodataset.org/train2014/COCO_train2014_000000262442.jpg,5,172,0.9977060503832792,-0.3287053108215332,,5,251.0,0.002080815994219618,28.0,0.0020272786212938267,62.0,0.0020338395193095936,0.9905996033467164,0.9869780214917598,0.9741826718516557,15.0,0.0019842199872283704,5.0,0.001947737076023582,,,,,,,,,,,0.9446232142545791,0.9709505944546686,,,,,,,,,,,,,,,,,,,,,,,
912,counting,How many open umbrellas are there on the beach?,3,http://images.cocodataset.org/train2014/COCO_train2014_000000131374.jpg,9,210,0.9960663556366463,-0.11447938531637192,,9,22.0,0.0021856995153468175,88.0,0.002230379156874313,72.0,0.00218599486088249,0.9970151057384783,0.978409870881577,0.9736354999756929,32.0,0.00218779418012986,15.0,0.002147965799632346,7.0,0.002143765573541716,29.0,0.002189680716425423,16.0,0.0021505341631160085,17.0,0.0021537871191143563,,,0.9914290233306118,0.9664572819896988,0.9852281360342515,0.9736836164521924,0.9886085007312412,0.9771236998460402,,,,,,,,,,,,,,,,,,,
913,counting,How many umbrellas do you see?,3,http://images.cocodataset.org/train2014/COCO_train2014_000000131374.jpg,8,190,0.9960607957561206,-0.06860549002885818,,8,26.0,0.0021781470646177743,91.0,0.0022191546699105317,81.0,0.0021828713610623418,0.9934151417289491,0.9699873032216351,0.9699942563050029,16.0,0.002211094672110251,32.0,0.002179045261555137,17.0,0.0021469212796105044,8.0,0.0021413556321393298,28.0,0.002174624349320715,,,,,0.886859507142915,0.9949408496067699,0.9856676426534905,1.0,0.9598164920666118,,,,,,,,,,,,,,,,,,,,
914,counting,How many striped objects are in the photo?,4,http://images.cocodataset.org/train2014/COCO_train2014_000000131374.jpg,7,237,0.9963214552165226,-0.08352218568325043,,7,26.0,0.002142255650486234,84.0,0.002183603610983528,67.0,0.00214214620762798,0.9934151417289491,0.9799530624053842,0.9778562789435304,34.0,0.002146437354675474,15.0,0.002107234980174458,7.0,0.0020938416261891647,33.0,0.002142557106952766,,,,,,,0.9952787538076179,0.9664572819896988,0.9852281360342515,0.9653154701053245,,,,,,,,,,,,,,,,,,,,,
915,location,Where is the giraffe?,near tree,http://images.cocodataset.org/train2014/COCO_train2014_000000000025.jpg,0,292,0.9958837482171764,-1.1192967891693115,Z,0,,,,,,,,,,,,,,,,,,,,,,,,,,,,,,,,,,,,,,,,,,,,,,,,
916,location,Where are the two blue coolers?,left,http://images.cocodataset.org/train2014/COCO_train2014_000000262172.jpg,2,305,0.9974278439864956,-0.6370041966438293,F,2,32.0,0.0020380877281816552,21.0,0.0021695337512035386,,,0.9924056671541609,0.9424257960378288,,,,,,,,,,,,,,,,,,,,,,,,,,,,,,,,,,,,,,,,
917,location,Where are the trucks?,dock,http://images.cocodataset.org/train2014/COCO_train2014_000000262184.jpg,6,198,0.9990123712616975,-1.2149415016174316,Park,6,27.0,0.0019260943819148452,254.0,0.0019431531859045016,35.0,0.0019105470825628373,0.9946468165806769,0.9941667149796418,0.9774423134349047,16.0,0.0018847360074287804,8.0,0.001890442471217201,15.0,0.0018855668267447991,,,,,,,,,0.9822177815287605,1.0,0.9949490477321437,,,,,,,,,,,,,,,,,,,,,,
918,location,Where is Brooklyn Avenue?,bottom,http://images.cocodataset.org/train2014/COCO_train2014_000000131126.jpg,8,104,0.9509293786616067,-1.6725168228149414,Brook,8,246.0,0.00606577821605164,21.0,0.004807637477414081,15.0,0.007284805558556569,0.9708172944276792,0.9345195551189082,0.9967916319816366,36.0,0.004922865420492477,45.0,0.005364397556789909,19.0,0.005637437681230486,15.0,0.0071736653550083605,25.0,0.006047427306541836,,,,,0.9306314909545548,0.9475718239756135,0.899507835327561,0.9709505944546686,0.9119170469093422,,,,,,,,,,,,,,,,,,,,
919,location,Where is the bird?,on cliff,http://images.cocodataset.org/train2014/COCO_train2014_000000262201.jpg,8,253,0.9970906238463753,-0.85201096534729,On,8,25.0,0.002112596418529388,16.0,0.002140470282024024,24.0,0.0021095561233465897,0.9745130035431456,0.985056822321508,0.9612120105563207,19.0,0.0022015085255987507,111.0,0.002156860923775982,16.0,0.00212586711502937,21.0,0.0020990995173618687,15.0,0.002152475820292903,,,,,0.9258628921382102,0.9915690309304432,0.8903195311147832,0.9973038706391728,0.9500685975366211,,,,,,,,,,,,,,,,,,,,
920,location,Where is the mirror?,wall,http://images.cocodataset.org/train2014/COCO_train2014_000000262207.jpg,10,132,0.9992280306928831,-1.7479345798492432,On,10,38.0,0.0018571834475391309,25.0,0.0018615377880108288,27.0,0.0018692268108073192,0.9893497337838474,0.925282216451617,1.0,17.0,0.0018524143937507734,88.0,0.001851307306105293,148.0,0.0018585598386710867,17.0,0.001844229127726183,57.0,0.0018481359709763172,34.0,0.0018507154466414436,25.0,0.0018532101051234348,0.9967828263127351,0.9817899977509151,0.9790046224654995,0.9202698933070199,0.968210622340834,0.9753731579910171,0.9379260350024929,,,,,,,,,,,,,,,,,,
921,location,Where is the sink located?,bathroom,http://images.cocodataset.org/train2014/COCO_train2014_000000393291.jpg,6,200,0.9794483399420272,-0.09694063663482666,Bath,6,24.0,0.0033208777133863204,32.0,0.0032082598289335635,111.0,0.0033595263029561344,0.9764415047936531,0.9549178218546128,0.965857762352559,18.0,0.0035933594271867954,16.0,0.003392643774499785,33.0,0.003241192025076036,,,,,,,,,0.9758159039662214,0.8903195311147832,0.9705501568810623,,,,,,,,,,,,,,,,,,,,,,
922,location,Where is the soap?,shower,http://images.cocodataset.org/train2014/COCO_train2014_000000393291.jpg,6,276,0.9986644148453283,-1.503165364265442,On,6,23.0,0.0018699367558628593,16.0,0.0018564792960375912,24.0,0.0018762010194181692,0.992638795254511,0.9681390622295665,0.8848616689990431,18.0,0.0018640028503217193,17.0,0.0018573245755187802,5.0,0.001835732094344854,,,,,,,,,0.9524375025776289,0.9507532012507531,0.9709505944546686,,,,,,,,,,,,,,,,,,,,,,
923,location,Where is the human?,on top of hill,http://images.cocodataset.org/train2014/COCO_train2014_000000524375.jpg,6,245,0.9360362373519963,-1.1834203004837036,Hill,6,15.0,0.003904199746547337,40.0,0.005035547232012744,15.0,0.00495648681875482,0.9859247724121322,0.9804077717836933,0.9609640474436811,39.0,0.004723884236586921,43.0,0.006188308246226493,8.0,0.003985224984241313,,,,,,,,,0.9810137470883057,0.9939518456696579,0.9463946303571862,,,,,,,,,,,,,,,,,,,,,,
924,location,Where is the light coming from?,window,http://images.cocodataset.org/train2014/COCO_train2014_000000262159.jpg,6,204,0.9907105288146631,-1.2034475803375244,Light,6,116.0,0.0023555343080602026,42.0,0.002343135263198443,15.0,0.0022914361399031407,0.9701889679188199,0.9678137855345103,0.982798115178801,19.0,0.002301550151760075,23.0,0.002273927131399625,20.0,0.002414181768786814,,,,,,,,,0.968715212846104,0.9744978312404311,0.9911594714322186,,,,,,,,,,,,,,,,,,,,,,
925,location,Where is the television?,wall,http://images.cocodataset.org/train2014/COCO_train2014_000000524386.jpg,5,159,0.9994316663983682,-0.3701327443122864,Living,5,190.0,0.001849437057601306,47.0,0.0018478338142465676,10.0,0.0018202359704227035,0.9788336914199645,0.9815449329757913,0.9911594714322186,16.0,0.0018272979433706898,17.0,0.0018299534653366412,,,,,,,,,,,0.9886085007312413,0.9078505748471366,,,,,,,,,,,,,,,,,,,,,,,
926,location,Where is the street sign?,pole,http://images.cocodataset.org/train2014/COCO_train2014_000000393317.jpg,5,413,0.9932373640503036,-1.0910592079162598,On,5,21.0,0.0024018025373949026,15.0,0.0024776607999957207,15.0,0.0026014996019284795,0.9479530138916262,0.9018972358711528,0.9967916319816366,15.0,0.0023282151206759204,16.0,0.00245686292482126,,,,,,,,,,,0.982798115178801,0.949701216438411,,,,,,,,,,,,,,,,,,,,,,,
927,location,Where are the women walking?,crosswalk,http://images.cocodataset.org/train2014/COCO_train2014_000000393317.jpg,10,281,0.9905568735769299,-0.7128266096115112,Side,10,32.0,0.002860098158425546,19.0,0.0032736146314070033,17.0,0.0029079342848083835,0.9714542967241258,0.8693978806749074,0.9967828263127351,45.0,0.0030970670712597657,22.0,0.002792489854939984,18.0,0.0034762987363270723,15.0,0.002978629602410756,26.0,0.0032821097415557496,17.0,0.0032486081712813746,16.0,0.0029126994675119405,0.9590269363858318,0.9666425652015441,0.9910760598382222,0.9500685975366211,0.9236658308516222,0.8702290979524684,0.9965119062478288,,,,,,,,,,,,,,,,,,
928,location,Where is the woman standing?,crosswalk,http://images.cocodataset.org/train2014/COCO_train2014_000000393317.jpg,10,281,0.9916256768610069,-0.546572744846344,Side,10,32.0,0.002785484366089943,18.0,0.003153954810280459,17.0,0.0028388345943165904,0.9714542967241258,0.8783471047618534,0.9967828263127351,45.0,0.0030106539212268702,22.0,0.0027236482539813004,17.0,0.0033695754199686346,15.0,0.00288461846901807,26.0,0.0031724496818379853,17.0,0.003154109237401776,16.0,0.0028211530192093237,0.9590269363858318,0.9666425652015441,0.9774178175281716,0.9500685975366211,0.9236658308516222,0.8702290979524684,0.9965119062478288,,,,,,,,,,,,,,,,,,
929,location,Where was this shot at?,florist,http://images.cocodataset.org/train2014/COCO_train2014_000000262283.jpg,7,193,0.987905752907308,-1.1772160530090332,Flor,7,39.0,0.0028008168941751053,7.0,0.002846956041731958,22.0,0.002827072883124508,0.9834633933418431,0.9852281360342515,0.995226686335856,24.0,0.0027991551201965847,15.0,0.0030295202714823817,15.0,0.002851829527364795,20.0,0.0035607536402048772,,,,,,,0.9947018912428341,0.9543063494363562,0.9613833012053531,0.8804820237218406,,,,,,,,,,,,,,,,,,,,,
930,location,Where is the cupcake?,plate,http://images.cocodataset.org/train2014/COCO_train2014_000000393375.jpg,5,207,0.9992669745492122,-0.433348149061203,On,5,28.0,0.0018930276052499246,245.0,0.0019138367541416197,26.0,0.0019163103166180279,0.9642747495647357,0.9835928140068616,0.9250751035817213,17.0,0.0018716980799282652,17.0,0.0019048398557296713,,,,,,,,,,,0.9595784770480081,0.9878171319090819,,,,,,,,,,,,,,,,,,,,,,,
931,location,Where was this picture taken?,parking lot,http://images.cocodataset.org/train2014/COCO_train2014_000000393384.jpg,8,182,0.9810815693722857,-0.8650963306427002,Airport,8,18.0,0.0031881531079936292,110.0,0.003322093144810905,48.0,0.0034729073083418437,0.9535998353544741,0.9699204622351525,0.9912722657208475,44.0,0.003257200923212565,27.0,0.0033850866480044403,38.0,0.003445605237128431,19.0,0.003835595652900637,21.0,0.0036699187264493077,,,,,0.9624284132555648,0.9274506358581651,0.9712055321904748,0.858059727974443,0.9821410328348752,,,,,,,,,,,,,,,,,,,,
932,location,Where is the laptop?,on table,http://images.cocodataset.org/train2014/COCO_train2014_000000137918.jpg,6,154,0.9934528157942989,-0.8954660892486572,Table,6,261.0,0.002805886899457856,16.0,0.0026409347782524392,16.0,0.0025147834773851397,0.971359722430954,0.985056822321508,0.9528195311147832,15.0,0.002479179604433691,15.0,0.0024809274756786457,21.0,0.00272474856343234,,,,,,,,,0.944623214254579,0.9609640474436811,0.9566859396996199,,,,,,,,,,,,,,,,,,,,,,
933,location,Where are the two upside down glasses?,nightstand,http://images.cocodataset.org/train2014/COCO_train2014_000000393394.jpg,5,171,0.9989475432442928,-1.1698147058486938,On,5,16.0,0.0019547143061008107,143.0,0.001962471210500194,18.0,0.001962832035575192,0.985056822321508,0.9763549699316685,0.9915323997298832,16.0,0.0019874670697955115,192.0,0.0019737630038923616,,,,,,,,,,,1.0,0.979844011322729,,,,,,,,,,,,,,,,,,,,,,,
934,location,Where is the open door?,nowhere,http://images.cocodataset.org/train2014/COCO_train2014_000000393403.jpg,6,215,0.9884329600297357,-1.2564414739608765,Bus,6,121.0,0.00294492202736329,15.0,0.002823270416835519,19.0,0.0030474114960342084,0.9691274130551805,0.9654013672997089,0.9283213239079567,34.0,0.002788292742837946,26.0,0.0026928090103988576,51.0,0.0029373635674950272,,,,,,,,,0.9917318484100388,0.9843224547633986,0.9791790953673671,,,,,,,,,,,,,,,,,,,,,,
935,location,Where are the buns?,by plates,http://images.cocodataset.org/train2014/COCO_train2014_000000524486.jpg,5,311,0.9934848153971542,-1.000093698501587,On,5,39.0,0.002413101899288193,43.0,0.002360476261800868,25.0,0.00234071098925193,0.9319899848835443,0.9337120005926067,0.9555371569586555,37.0,0.0023593337666165787,23.0,0.0023996377843516726,,,,,,,,,,,0.9745057218982472,0.941022554068431,,,,,,,,,,,,,,,,,,,,,,,
936,location,Where is the table lamp?,on table,http://images.cocodataset.org/train2014/COCO_train2014_000000448671.jpg,10,287,0.9989206937392526,-1.5167068243026733,On,10,18.0,0.001977451795564412,15.0,0.0019511302538281587,19.0,0.0019523017194193165,0.920619835714305,0.9500685975366211,0.9431541408460862,16.0,0.0019954542658701616,44.0,0.0019612353948602525,19.0,0.0020205374818339657,58.0,0.0019616493238240433,13.0,0.0019318572389519016,18.0,0.001976636272864352,20.0,0.00195343989323023,0.9886994082884974,0.974796904194751,0.9980008838722996,0.9640167940202268,0.9169636088209151,0.9342064019134055,0.9609640474436811,,,,,,,,,,,,,,,,,,
937,location,Where is the cup?,on table,http://images.cocodataset.org/train2014/COCO_train2014_000000393428.jpg,10,241,0.9991743025273496,-0.7897446751594543,On,10,24.0,0.0019401929566463534,24.0,0.001905115196153541,16.0,0.001954777985686173,0.9566410953446085,0.9747397737976486,0.9320201587042914,35.0,0.0019112494663797107,10.0,0.0019031677474875218,17.0,0.001970784145036552,32.0,0.0019470640166203716,13.0,0.001939729765877986,32.0,0.0019280249381304485,17.0,0.001944645159076287,0.9782222164697568,0.9602297178607612,0.8702290979524684,0.9359772741332624,0.8956403056385981,0.9409635741103464,0.9770358764490155,,,,,,,,,,,,,,,,,,
938,location,Where do you think all these are located?,restaurant,http://images.cocodataset.org/train2014/COCO_train2014_000000262359.jpg,9,232,0.9986915772657435,-0.41605687141418457,R,9,22.0,0.0019225035206311054,15.0,0.0019179557548796547,21.0,0.0019112839180755042,0.9431887805255736,0.9967916319816366,0.91874241485597,49.0,0.00190810464461083,26.0,0.0018987810255791321,37.0,0.0019012650962568901,14.0,0.00192074048787585,20.0,0.0019032806182362715,74.0,0.001905241493307296,,,0.9704745276465839,0.935664292914376,0.9663588384946588,0.9402859586706311,0.8967670977833667,0.9807904946628015,,,,,,,,,,,,,,,,,,,
939,location,Where is the room?,restaurant,http://images.cocodataset.org/train2014/COCO_train2014_000000262359.jpg,5,235,0.9980776487646272,-0.6313238739967346,R,5,20.0,0.001970250892460803,21.0,0.001945350427298334,132.0,0.001963980575610831,0.8637400525036966,0.9517619850443704,0.9850609444152517,34.0,0.0019411234031903746,69.0,0.0019371956400620202,,,,,,,,,,,0.9391810265958614,0.9813435573580852,,,,,,,,,,,,,,,,,,,,,,,
940,location,Where is the cat?,bed,http://images.cocodataset.org/train2014/COCO_train2014_000000393432.jpg,9,236,0.9838317628316859,-0.7887256145477295,Bed,9,26.0,0.002967994768043668,12.0,0.002814062799044581,17.0,0.0029230224984292813,0.9934151417289493,0.9808340377961403,0.9363348190250749,23.0,0.003151536981657405,16.0,0.0030567792979041206,17.0,0.002876561072417619,12.0,0.002855140014200882,18.0,0.002994121713435132,15.0,0.0029101682840527677,,,0.9321883810995898,0.949701216438411,0.9771236998460402,0.9808340377961403,0.9388201415867107,0.8983958159908183,,,,,,,,,,,,,,,,,,,
941,location,Where is number 8?,left,http://images.cocodataset.org/train2014/COCO_train2014_000000524557.jpg,11,162,0.9911767025198667,-1.5553925037384033,Now,11,17.0,0.002259020803265199,35.0,0.0022338186862973708,16.0,0.0022219401074064287,0.9437600120884534,0.9562427629934293,0.9248008763572906,17.0,0.002256482777781901,81.0,0.002270398217289335,40.0,0.0022486708493897915,28.0,0.0022831164413769428,58.0,0.0022894493468267976,39.0,0.002248978806406088,58.0,0.0022514012123509538,0.9878171319090819,0.9860042032521916,0.9549704071500048,0.9963070340085629,0.9695959069660336,0.9578874369628868,0.9715413259065173,23.0,0.0023036948014463067,,,0.9982526816976662,,,,,,,,,,,,,
942,location,Where is the shower located?,in bathroom,http://images.cocodataset.org/train2014/COCO_train2014_000000546179.jpg,4,279,0.988529526381545,-0.19658851623535156,Bath,4,15.0,0.0027634627624860825,39.0,0.002777855097292074,18.0,0.0028554266944382824,0.9877812438119246,0.9809610264900549,0.9206250851407773,125.0,0.0029828135525396195,,,,,,,,,,,,,0.9750418270208193,,,,,,,,,,,,,,,,,,,,,,,,
943,location,Where is the cat sitting?,stump,http://images.cocodataset.org/train2014/COCO_train2014_000000524572.jpg,3,245,0.9935966696499646,-1.0529555082321167,F,3,92.0,0.0025294852298273817,19.0,0.002487788746398773,11.0,0.0024832666524629014,0.9855983627828854,0.9769780367557707,0.9713067383178076,,,,,,,,,,,,,,,,,,,,,,,,,,,,,,,,,,,,,,,
944,location,Where is this?,beach,http://images.cocodataset.org/train2014/COCO_train2014_000000131373.jpg,3,80,0.9833790479265643,-0.5217681527137756,Beach,3,217.0,0.003127719929456251,60.0,0.002829248902475279,53.0,0.0028397444316729976,0.9739917182053689,0.9873097084335718,0.980735966694412,,,,,,,,,,,,,,,,,,,,,,,,,,,,,,,,,,,,,,,
945,reasoning,Why is the man on the street?,homeless,http://images.cocodataset.org/train2014/COCO_train2014_000000524314.jpg,7,179,0.993845798126706,-1.3658194541931152,The,7,15.0,0.0023056492166337755,36.0,0.002305936763108825,23.0,0.0025914548413760556,0.982798115178801,0.987871444692221,0.9876197168461964,105.0,0.002431421533923713,65.0,0.0024391588127236166,17.0,0.0023454843335253325,11.0,0.002406304473238714,,,,,,,0.9645587248982945,0.9751192178030282,0.9856676426534906,0.9940302114769565,,,,,,,,,,,,,,,,,,,,,
946,reasoning,Why are the birds only appearing as black silhouettes?,shadows,http://images.cocodataset.org/train2014/COCO_train2014_000000262260.jpg,4,282,0.998381940406815,-0.7918427586555481,The,4,19.0,0.0019809760748845267,91.0,0.001993769289996411,5.0,0.0020008461005562726,0.9306951768918329,0.9845911655011339,0.0,19.0,0.0019865147951952968,,,,,,,,,,,,,0.9796494552648447,,,,,,,,,,,,,,,,,,,,,,,,
947,reasoning,Why are there so many clothes on the bed?,laundry,http://images.cocodataset.org/train2014/COCO_train2014_000000131208.jpg,5,320,0.9982784843223718,-0.7329858541488647,The,5,16.0,0.0019662754229798334,18.0,0.002015082416177353,15.0,0.0019649697832501726,0.9528195311147832,0.9342064019134055,0.9543063494363562,48.0,0.001989253715956034,29.0,0.001982405143431522,,,,,,,,,,,0.9776035538425857,0.9671441365986523,,,,,,,,,,,,,,,,,,,,,,,
948,reasoning,Why is the man cooking so many hot dogs?,party,http://images.cocodataset.org/train2014/COCO_train2014_000000524486.jpg,8,269,0.9989716828481991,-1.04279363155365,The,8,44.0,0.0019728163313014625,24.0,0.0019799518609474654,17.0,0.0019437151854204712,0.9888078552842768,0.9363649184897272,0.925613407948596,51.0,0.0019694329061233197,23.0,0.0019492640633270385,22.0,0.00196295743006911,15.0,0.001966665670307752,16.0,0.001977519617478203,,,,,0.9697401851326835,0.9527439088345312,0.9645454255594046,0.9189900464321514,0.886859507142915,,,,,,,,,,,,,,,,,,,,
949,reasoning,Why is the girl holding an umbrella?,sun,http://images.cocodataset.org/train2014/COCO_train2014_000000000036.jpg,5,283,0.9992594478828839,-0.9832038879394531,The,5,17.0,0.001944820616695034,17.0,0.0019084617259817198,27.0,0.0019270500831632834,0.9127332405984697,0.9664022887695614,0.978535424197746,15.0,0.0018925284015983352,22.0,0.0019106090397521002,,,,,,,,,,,0.944623214254579,0.9705525394685715,,,,,,,,,,,,,,,,,,,,,,,
950,reasoning,Why would someone not like the fruit at the front?,they don't like oranges,http://images.cocodataset.org/train2014/COCO_train2014_000000039288.jpg,6,283,0.9983002469965496,-1.806901216506958,The,6,83.0,0.0021348795968025693,17.0,0.002131935165066604,14.0,0.0021469022658167068,0.9759024435497995,0.8702290979524684,0.9852281360342515,45.0,0.0020877127267929585,20.0,0.002190433837257197,30.0,0.002061511799997524,,,,,,,,,0.9591086667335008,0.8637400525036966,0.9555573858597382,,,,,,,,,,,,,,,,,,,,,,
951,reasoning,Why is the top light on?,to stop traffic,http://images.cocodataset.org/train2014/COCO_train2014_000000524520.jpg,6,217,0.9970643121129157,-1.0230543613433838,The,6,43.0,0.0022702798206478735,16.0,0.002321967139529975,131.0,0.0022355207183943826,0.9769358029161527,0.9886994082884974,0.9661639396156977,19.0,0.002210058628389141,24.0,0.002264800497364163,18.0,0.0021623864211535284,,,,,,,,,0.9355095604394199,0.9608948553419607,0.977342973473178,,,,,,,,,,,,,,,,,,,,,,
952,reasoning,Why is the man in mid-air?,snowboarding,http://images.cocodataset.org/train2014/COCO_train2014_000000524547.jpg,3,300,0.994792926890469,-0.6316044330596924,The,3,47.0,0.002631616706538747,17.0,0.0025234647476706463,44.0,0.002602821997673623,0.9383891725678818,0.9878171319090819,0.9605232519304585,,,,,,,,,,,,,,,,,,,,,,,,,,,,,,,,,,,,,,,
953,classification,What kind of room is this?,living room,http://images.cocodataset.org/train2014/COCO_train2014_000000262172.jpg,4,264,0.9993376175332952,-0.23452594876289368,Living,4,48.0,0.001841649528932711,16.0,0.0018488966591650303,46.0,0.0018453083222285678,0.9507336669412534,0.9965119062478288,0.9514980957043193,16.0,0.0018335010597158954,,,,,,,,,,,,,0.9414280318460244,,,,,,,,,,,,,,,,,,,,,,,,
954,classification,What kind of trees are on the table?,christmas,http://images.cocodataset.org/train2014/COCO_train2014_000000458763.jpg,3,202,0.9754927394762866,-0.4703928828239441,Christmas,3,27.0,0.005541996688991542,86.0,0.004801502441153197,82.0,0.0039405183429156235,0.9082192657503421,0.965558402474005,0.9834678038457725,,,,,,,,,,,,,,,,,,,,,,,,,,,,,,,,,,,,,,,
955,classification,What kind of food is shown?,hot dog,http://images.cocodataset.org/train2014/COCO_train2014_000000524377.jpg,6,108,0.9948914764499658,-1.099043607711792,Hot,6,227.0,0.0025326011958422944,16.0,0.002652975049701116,28.0,0.002532368269728722,0.9731540329785087,0.9886994082884974,0.9963070340085628,220.0,0.0025078769167876966,47.0,0.0024991033763854024,15.0,0.0023568775540666717,,,,,,,,,0.9813413339692861,0.9898122192270563,0.9602297178607612,,,,,,,,,,,,,,,,,,,,,,
956,classification,What kind of sauce is in the largest ramekin?,butter,http://images.cocodataset.org/train2014/COCO_train2014_000000524377.jpg,7,233,0.9781493368914933,-0.9606754779815674,Must,7,29.0,0.003444724286580744,19.0,0.0032730263724964253,16.0,0.003193280964355437,0.9987413016463778,0.90647263812994,0.9965119062478288,56.0,0.0033269293273905137,18.0,0.0032564345218299103,248.0,0.0033628721490713133,29.0,0.0032964465973092903,,,,,,,0.9870775432532373,0.9081700569267039,0.9844415150239479,0.9790762587626788,,,,,,,,,,,,,,,,,,,,,
957,classification,What kind of toppings are on the hot dogs?,onions,http://images.cocodataset.org/train2014/COCO_train2014_000000524377.jpg,2,99,0.9844752050519558,-0.6558362245559692,On,2,15.0,0.0032319943050661943,294.0,0.0038962107138571247,,,0.9664572819896989,0.9724856722175895,,,,,,,,,,,,,,,,,,,,,,,,,,,,,,,,,,,,,,,,
958,classification,What kind of meat is this?,hot dog,http://images.cocodataset.org/train2014/COCO_train2014_000000524377.jpg,3,300,0.9901629783291368,-0.6487321853637695,Hot,3,29.0,0.0026856067933618308,15.0,0.0026599613465660902,15.0,0.002689369176010246,0.921656789159766,0.9018972358711528,0.9018972358711528,,,,,,,,,,,,,,,,,,,,,,,,,,,,,,,,,,,,,,,
959,classification,What kind of potato are the fries?,sweet,http://images.cocodataset.org/train2014/COCO_train2014_000000524377.jpg,5,245,0.9974494720926821,-0.587687611579895,S,5,15.0,0.0019474476415554307,16.0,0.0019395762693645141,22.0,0.0019476730295619098,0.982798115178801,0.9724056781360315,0.9888167467420675,8.0,0.0019535535504463263,15.0,0.0019323818869320867,,,,,,,,,,,0.954434002924965,0.9718495448242642,,,,,,,,,,,,,,,,,,,,,,,
960,classification,What kind of plants are these?,flowers,http://images.cocodataset.org/train2014/COCO_train2014_000000393306.jpg,7,194,0.9980959817399605,-0.8192254304885864,D,7,26.0,0.0019089286422727947,27.0,0.00195432981034872,84.0,0.0019130128956255257,0.9743092791511183,0.9527086220160397,0.9729507355304969,16.0,0.0019400826550304044,19.0,0.0019138080775738225,16.0,0.0018987995609231582,15.0,0.0018875263704284063,,,,,,,0.7743974703476992,0.9056841333772502,0.9681390622295665,0.9473080736174853,,,,,,,,,,,,,,,,,,,,,
961,classification,What kind of aircraft is this?,cargo plane,http://images.cocodataset.org/train2014/COCO_train2014_000000393311.jpg,1,27,0.9981068097481279,-0.49308130145072937,Air,1,666.0,0.0020179205130124774,,,,,0.9935077332882636,,,,,,,,,,,,,,,,,,,,,,,,,,,,,,,,,,,,,,,,,
962,classification,What kind of lamp is on the floor?,floor lamp,http://images.cocodataset.org/train2014/COCO_train2014_000000524386.jpg,3,320,0.9983272436480926,-1.23813796043396,L,3,18.0,0.0024935846687027204,21.0,0.0024419530389572326,15.0,0.0027004631051082847,0.8826232641893706,0.9586785101742114,0.9967916319816366,,,,,,,,,,,,,,,,,,,,,,,,,,,,,,,,,,,,,,,
963,classification,What kind of hat is the man with the girls wearing?,baseball cap,http://images.cocodataset.org/train2014/COCO_train2014_000000131172.jpg,1,250,0.98976481906433,-0.42587488889694214,Baseball,1,25.0,0.0032636067702460723,,,,,0.911362508786453,,,,,,,,,,,,,,,,,,,,,,,,,,,,,,,,,,,,,,,,,
964,classification,What kind of celebration is this?,birthday,http://images.cocodataset.org/train2014/COCO_train2014_000000000113.jpg,5,166,0.9972914942067229,-0.7126922011375427,Wed,5,178.0,0.0019838231602109964,26.0,0.0019606546431183373,17.0,0.0019847887046481644,0.9771933723959443,0.991349357137775,0.9878171319090819,21.0,0.0019710575901995533,16.0,0.0019421332716383194,,,,,,,,,,,0.9580067478829604,0.9954133073923868,,,,,,,,,,,,,,,,,,,,,,,
965,classification,What kind of court is at the edge of the field?,soccer,http://images.cocodataset.org/train2014/COCO_train2014_000000000149.jpg,7,166,0.9978684339149679,-0.33876803517341614,Tennis,7,33.0,0.0020647290702256863,90.0,0.0021144528405383513,35.0,0.002040160804425484,0.9845584593852323,0.9758147676486042,0.9636482956143729,15.0,0.0021192069546735427,30.0,0.0020944397330258852,2.0,0.0018957822773289564,8.0,0.002047794183438862,,,,,,,0.9877812438119247,0.9444147390354652,0.0,1.0,,,,,,,,,,,,,,,,,,,,,
966,classification,What kind of nut is shown?,peanut,http://images.cocodataset.org/train2014/COCO_train2014_000000393379.jpg,4,239,0.9935820393023124,-0.9742817878723145,Wal,4,192.0,0.002471482507901357,26.0,0.0024777702912238495,10.0,0.002307879779013061,0.976357358453306,0.9098410046750504,0.9911594714322186,15.0,0.0023949469145144865,,,,,,,,,,,,,0.9877812438119247,,,,,,,,,,,,,,,,,,,,,,,,
967,classification,What kind of animals are in there?,cows,http://images.cocodataset.org/train2014/COCO_train2014_000000131245.jpg,5,217,0.9984403368897471,-0.6656526327133179,C,5,38.0,0.001906265835745754,23.0,0.001902374687142377,17.0,0.0019021004590057922,0.9847332066426742,0.9800409174590822,0.981232716348107,108.0,0.0019076533475874677,18.0,0.0019178303170989763,,,,,,,,,,,0.9813947447144312,0.8424887242433627,,,,,,,,,,,,,,,,,,,,,,,
968,classification,What kind of siding is on this house?,tile,http://images.cocodataset.org/train2014/COCO_train2014_000000524471.jpg,6,245,0.9996836889742136,-0.8280519247055054,T,6,74.0,0.0017651399992643585,21.0,0.001763907950729154,16.0,0.001764769524913707,0.9872918123273918,0.9907017951253161,0.8950145145731531,42.0,0.0017635472238363898,39.0,0.0017635842958755611,32.0,0.0017642814703718883,,,,,,,,,0.9773599333232038,0.9372643179205277,0.9835103635837239,,,,,,,,,,,,,,,,,,,,,,
969,classification,What kind of vehicle is the yellow one?,truck,http://images.cocodataset.org/train2014/COCO_train2014_000000283700.jpg,4,378,0.9997121814003302,-0.2918822765350342,T,4,21.0,0.0017593250413318858,18.0,0.0017603190779398935,112.0,0.0017607854746098854,0.9420864622689729,0.9656336071428252,0.9776874080759992,20.0,0.0017592229207646574,,,,,,,,,,,,,0.9609640474436811,,,,,,,,,,,,,,,,,,,,,,,,
970,classification,What kind of room is this?,kitchen,http://images.cocodataset.org/train2014/COCO_train2014_000000393418.jpg,7,297,0.9978088745264915,-0.09708841145038605,K,7,16.0,0.0020368105149875396,26.0,0.00207131165728137,38.0,0.002059534213878584,0.985056822321508,0.9170996694997753,0.9793701029900674,21.0,0.0020259140150441666,39.0,0.0020118285509442666,23.0,0.0020115275178334197,16.0,0.0020007501985652466,,,,,,,0.9907017951253161,0.9779038539959252,0.9627069364469679,0.9618974703476992,,,,,,,,,,,,,,,,,,,,,
971,classification,What kind of pizza is this?,cheese,http://images.cocodataset.org/train2014/COCO_train2014_000000131300.jpg,13,189,0.9973744650813421,-0.7355406284332275,Che,13,19.0,0.0021076840954074526,45.0,0.0020877033804069444,16.0,0.002090919276028129,0.9649618403823442,0.9718414004379075,0.9755307720176265,48.0,0.0020871628712164315,21.0,0.0020841078853854208,15.0,0.0020913975599484475,18.0,0.002106398479374284,48.0,0.0020993115624238076,27.0,0.0021133009610108766,17.0,0.0020698361031136494,0.9885449908346248,0.9060780454433018,0.9018972358711528,0.9342064019134055,0.9602418337903112,0.9946468165806769,0.9856676426534905,37.0,0.002087314018570871,25.0,0.002125713777203324,0.9867413814626288,0.8869559756502736,37.0,0.0021028165916190875,,,,,,,0.9815519481552132,,,
972,classification,What kind of trees are in this photo?,pine,http://images.cocodataset.org/train2014/COCO_train2014_000000393480.jpg,7,195,0.9977930808637423,-0.220227912068367,P,7,15.0,0.0020321871260029064,95.0,0.0020640974632808074,15.0,0.001987096257519899,0.9500685975366211,0.9704172765530126,0.9859247724121322,9.0,0.0019895370714018154,24.0,0.0020065828525283142,17.0,0.0020156187561394872,37.0,0.0020082524298898037,,,,,,,0.9656336071428252,0.9444347946052616,0.951983906543883,0.9769541243558841,,,,,,,,,,,,,,,,,,,,,
973,classification,What kind of suit is he wearing?,swim,http://images.cocodataset.org/train2014/COCO_train2014_000000131339.jpg,2,363,0.9983214501011384,-0.983712911605835,Sw,2,16.0,0.0023833184825406356,23.0,0.002285216222539621,,,0.886859507142915,0.9619234050874884,,,,,,,,,,,,,,,,,,,,,,,,,,,,,,,,,,,,,,,,
974,classification,What kind of passenger does the bus carry?,children,http://images.cocodataset.org/train2014/COCO_train2014_000000262415.jpg,6,316,0.9950640734539985,-0.9561401605606079,School,6,40.0,0.0023717853067724117,15.0,0.0023973267770430367,21.0,0.002340527232301461,0.9638167327149533,0.8830374409547587,0.9907017951253161,35.0,0.002312307052045184,20.0,0.002322059331149358,10.0,0.0022623765475180135,,,,,,,,,0.9553999642579547,1.0,0.9372305632161296,,,,,,,,,,,,,,,,,,,,,,
975,classification,What kind of id is that?,old id,http://images.cocodataset.org/train2014/COCO_train2014_000000393489.jpg,7,215,0.9867024346246669,-1.5571695566177368,Phone,7,24.0,0.0028565012357241043,25.0,0.0037337907168709457,22.0,0.003921514608722373,0.9795739585136222,0.9548163081079344,0.9645454255594046,26.0,0.0033195290133590126,74.0,0.004391401191157783,27.0,0.00387324518733135,25.0,0.0035205224309920314,,,,,,,0.9870271094132725,0.9646851600992835,0.9713833059551538,0.9505030771498539,,,,,,,,,,,,,,,,,,,,,
976,classification,What kind of phone is this?,pharos,http://images.cocodataset.org/train2014/COCO_train2014_000000393489.jpg,7,226,0.9939983891642918,-1.34636652469635,This,7,51.0,0.0023978462224951845,55.0,0.002409254384344173,18.0,0.0023568675904826458,0.9877574015423097,0.958512490395844,0.9591479170272448,13.0,0.002291729454939023,15.0,0.002356922683918682,46.0,0.002331849833041051,25.0,0.002495446965331151,,,,,,,0.99473723787795,0.9877812438119246,0.9672917971171852,0.9211460945412073,,,,,,,,,,,,,,,,,,,,,
977,classification,What kind of animal is on the beach?,horse,http://images.cocodataset.org/train2014/COCO_train2014_000000131373.jpg,3,194,0.997510483950045,-0.04018029198050499,Hor,3,106.0,0.0021602789635035294,114.0,0.002226147690757739,19.0,0.002073473551040526,0.9709719089522363,0.9585431273008282,0.9880900585356664,,,,,,,,,,,,,,,,,,,,,,,,,,,,,,,,,,,,,,,
978,comparison,Which hand holds the umbrella?,right,http://images.cocodataset.org/train2014/COCO_train2014_000000131101.jpg,6,164,0.9991995144043556,-0.6584815979003906,Left,6,76.0,0.0019232547847476335,15.0,0.0019123777915204115,23.0,0.0019191079520649989,0.9727135445967592,0.9018972358711528,0.9366841657848176,56.0,0.0019019681989580622,121.0,0.0018960734308533912,15.0,0.0018894253042021916,,,,,,,,,0.9773072178233737,0.9788420637596242,0.9543063494363562,,,,,,,,,,,,,,,,,,,,,,
979,comparison,Which direction is Brooklyn Ave?,north,http://images.cocodataset.org/train2014/COCO_train2014_000000131126.jpg,3,101,0.9921169227578326,-0.5341799855232239,Right,3,298.0,0.0025243695060736464,13.0,0.002596333053903013,31.0,0.002493676087909754,0.9792520826849382,0.7559699029892675,0.9388755173709971,,,,,,,,,,,,,,,,,,,,,,,,,,,,,,,,,,,,,,,
980,comparison,Which hand is the man holding up?,left,http://images.cocodataset.org/train2014/COCO_train2014_000000393306.jpg,6,90,0.998877411756381,-0.584469199180603,Left,6,160.0,0.001998400060043134,172.0,0.001970123829652397,16.0,0.0019938081381600196,0.9808454121158008,0.9789712449623869,0.949701216438411,28.0,0.002008293593878129,36.0,0.0019824047028311623,6.0,0.001945868065740686,,,,,,,,,0.9248091838645597,0.9789763645567235,0.9182958340544896,,,,,,,,,,,,,,,,,,,,,,
981,comparison,Which floor lamp is not lit?,one in corner,http://images.cocodataset.org/train2014/COCO_train2014_000000524386.jpg,2,164,0.9986208050611586,-0.9971798658370972,Right,2,260.0,0.002044378122212396,15.0,0.002025605262840918,,,0.9781480742696597,0.9161314485121342,,,,,,,,,,,,,,,,,,,,,,,,,,,,,,,,,,,,,,,,
982,comparison,Which buses are double deckers?,0,http://images.cocodataset.org/train2014/COCO_train2014_000000000149.jpg,9,245,0.9968347251535454,-0.6602163314819336,,9,48.0,0.002096726273182725,25.0,0.0021328607503819925,37.0,0.002107708677123195,0.9677225911336605,0.998561914578656,0.9452913342792314,39.0,0.0020903114825548317,21.0,0.0020688719916914463,16.0,0.002037996293555182,21.0,0.0020608543313376773,23.0,0.002076721814363302,16.0,0.002039332536867151,,,0.9412640115794102,0.9693542486434172,0.9414280318460244,0.9751060324573735,0.9668324690003138,0.9414280318460245,,,,,,,,,,,,,,,,,,,
983,comparison,Which way can you not turn?,left,http://images.cocodataset.org/train2014/COCO_train2014_000000393419.jpg,8,210,0.9990164085421199,-0.9204273223876953,Left,8,115.0,0.0018849052171221745,18.0,0.001867902711260843,28.0,0.001860046980836102,0.9743236351232791,0.9773429734731779,0.9567512721438739,15.0,0.0018858696939359992,45.0,0.0018722349266754254,15.0,0.001861257774292562,15.0,0.0018785568436203153,16.0,0.0018759181954760948,,,,,0.8443536850036222,0.9549530998574552,0.9446232142545791,0.9018972358711528,0.9755307720176266,,,,,,,,,,,,,,,,,,,,
984,comparison,Which baby is still an infant?,neither,http://images.cocodataset.org/train2014/COCO_train2014_000000131279.jpg,5,128,0.9989479245660202,-0.9192694425582886,Left,5,189.0,0.0019472562048654081,25.0,0.0019544475705941915,90.0,0.0019086622211770049,0.9853486666222937,0.978702905712759,0.9836862562727692,19.0,0.0019248286522355255,25.0,0.0019304092139803748,,,,,,,,,,,0.9656476401164372,0.9787071762354438,,,,,,,,,,,,,,,,,,,,,,,
985,comparison,Which man is controlling the kite?,no,http://images.cocodataset.org/train2014/COCO_train2014_000000474858.jpg,5,203,0.9972638103369366,-0.7597557306289673,Man,5,31.0,0.0019842022501654383,11.0,0.002047671304598408,8.0,0.0020341807101195266,0.9838381090694905,0.9431887805255736,0.954434002924965,98.0,0.002122411106808725,27.0,0.0021580179637474125,,,,,,,,,,,0.9695606812600006,0.9251797353804685,,,,,,,,,,,,,,,,,,,,,,,
986,comparison,Which vehicle is the smallest?,car,http://images.cocodataset.org/train2014/COCO_train2014_000000131299.jpg,9,247,0.9936806595736368,-0.1999327838420868,Car,9,21.0,0.0024723661413186583,25.0,0.002541919404179055,15.0,0.0025057434949635523,0.9244658211275739,0.9154797084056363,0.9189900464321514,43.0,0.0024010706737070038,27.0,0.002456237236660192,45.0,0.0024365615851960317,16.0,0.0024181518179711716,30.0,0.002507095792287501,15.0,0.0024607273986540276,,,0.9963323009275135,0.979539249112788,0.9948750962158969,0.9886085007312413,0.9522829494478414,1.0,,,,,,,,,,,,,,,,,,,
987,comparison,Which hand is the person holding the phone in?,left,http://images.cocodataset.org/train2014/COCO_train2014_000000393489.jpg,7,205,0.9986933858444658,-0.25231367349624634,Left,7,75.0,0.0020375779822242378,33.0,0.002015799318909774,41.0,0.001992128502698787,0.9505462589751184,0.9837745254370537,0.9656503835854644,16.0,0.001947828894245535,8.0,0.0019358779236649517,35.0,0.0019773431299266366,16.0,0.0019715209583943513,,,,,,,0.9822177815287605,0.9463946303571862,0.9711853753478181,0.9886085007312413,,,,,,,,,,,,,,,,,,,,,
988,comparison,Which room is this?,bedroom,http://images.cocodataset.org/train2014/COCO_train2014_000000131352.jpg,3,242,0.9854835017723979,-0.006804737262427807,Bed,3,26.0,0.0028586400175789435,27.0,0.0027275868219108794,13.0,0.0026263706318780163,0.9129986686368239,0.919686429908761,0.9421567638998994,,,,,,,,,,,,,,,,,,,,,,,,,,,,,,,,,,,,,,,
989,comparison,Which two are actually playing?,0,http://images.cocodataset.org/train2014/COCO_train2014_000000131366.jpg,7,271,0.999107783787261,-1.1263514757156372,,7,21.0,0.0018800604632521058,97.0,0.0018812979907019578,26.0,0.0018687431812590774,0.9693542486434171,0.9692813114394377,0.9772810666478722,8.0,0.0018619813916794087,15.0,0.0018950305620194135,17.0,0.0018670763663501697,17.0,0.0018682770299090433,,,,,,,1.0,0.8443536850036224,0.951983906543883,0.9519839065438831,,,,,,,,,,,,,,,,,,,,,
990,comparison,Which direction is the turn lane going?,right,http://images.cocodataset.org/train2014/COCO_train2014_000000262442.jpg,3,188,0.9987691787487804,-0.732947826385498,Left,3,86.0,0.0020175729564331536,59.0,0.0019667514648268954,100.0,0.0020099384814356207,0.975071643337859,0.9643501767479036,0.9675573766488097,,,,,,,,,,,,,,,,,,,,,,,,,,,,,,,,,,,,,,,
991,comparison,Which way is the man's hat facing?,down,http://images.cocodataset.org/train2014/COCO_train2014_000000131376.jpg,7,325,0.9928269105068303,-1.2788729667663574,For,7,26.0,0.0025101861703927925,16.0,0.002532062754178006,18.0,0.0026680024333727258,0.9402291231778049,0.9755307720176266,0.9206198357143051,24.0,0.0026333976529107645,27.0,0.0026589693132001344,22.0,0.002524922745926035,17.0,0.0025760077270420576,,,,,,,0.9608948553419607,0.9303268625291959,0.9218033790156257,0.9967828263127351,,,,,,,,,,,,,,,,,,,,,
992,person identification,Who made the cock?,rolex,http://images.cocodataset.org/train2014/COCO_train2014_000000000064.jpg,2,320,0.9827056395204444,-0.416282057762146,Ro,2,36.0,0.004855585286074315,25.0,0.005519202000211864,,,0.9371058762160986,0.8598512313565111,,,,,,,,,,,,,,,,,,,,,,,,,,,,,,,,,,,,,,,,
993,person identification,Whose logo is on the official's chair?,wilson,http://images.cocodataset.org/train2014/COCO_train2014_000000262221.jpg,1,81,0.978952478259955,-1.0069113969802856,W,1,330.0,0.0036936674379381704,,,,,0.9763060206581323,,,,,,,,,,,,,,,,,,,,,,,,,,,,,,,,,,,,,,,,,
994,person identification,Who is in the photo?,zebras,http://images.cocodataset.org/train2014/COCO_train2014_000000000154.jpg,7,202,0.9867091720189367,-0.1323549747467041,Z,7,15.0,0.0030587130959390915,16.0,0.003229628684139444,41.0,0.0035299465064365107,0.982798115178801,0.9042492561839792,0.9733331509975487,7.0,0.0030998383578106055,26.0,0.0032401542342341246,15.0,0.0036515896198746883,86.0,0.0035654009464584093,,,,,,,0.863120568566631,0.991349357137775,0.9877812438119247,0.9774602997700819,,,,,,,,,,,,,,,,,,,,,
995,person identification,Who is going to eat this pizza?,people,http://images.cocodataset.org/train2014/COCO_train2014_000000000194.jpg,3,249,0.9995353168145745,-2.4158172607421875,A,3,34.0,0.001925331380996563,15.0,0.001832996526497922,41.0,0.0018531569196822536,0.9441888671990644,0.9718495448242642,0.9882892955579875,,,,,,,,,,,,,,,,,,,,,,,,,,,,,,,,,,,,,,,
996,person identification,Who is the woman the picture on wall?,none,http://images.cocodataset.org/train2014/COCO_train2014_000000131312.jpg,3,172,0.9968240491724649,-2.91650652885437,Woman,3,95.0,0.0022575395512673263,147.0,0.0022263638730119265,27.0,0.0022208399033251487,0.9680538376319857,0.9764814941716828,0.9936173358336904,,,,,,,,,,,,,,,,,,,,,,,,,,,,,,,,,,,,,,,
997,person identification,Who is the pilot?,man,http://images.cocodataset.org/train2014/COCO_train2014_000000000247.jpg,9,165,0.9981786455917416,-2.297433376312256,Not,9,54.0,0.0019580561723748125,42.0,0.0019491321719530162,49.0,0.001968766480635274,0.9868702541301135,0.9646161491044477,0.9922505439813014,77.0,0.00193258632372987,19.0,0.0019324765602377497,36.0,0.0019335489511247074,25.0,0.0019267826055786874,17.0,0.0019455295713039422,32.0,0.0019660778826198102,,,0.9900427676466442,0.968715212846104,0.9936113459320467,0.9909595631140102,0.9967828263127351,0.9943497041442486,,,,,,,,,,,,,,,,,,,
998,time-related,What game would you play when you saw this as a child?,tag,http://images.cocodataset.org/train2014/COCO_train2014_000000524375.jpg,5,286,0.9980501153847967,-1.4382046461105347,Cow,5,33.0,0.0018652096029737567,29.0,0.0018561028688576665,15.0,0.0018532635984191755,0.9625604297235413,0.9290068097440191,0.982798115178801,17.0,0.0018517288851929742,49.0,0.0018635704555003808,,,,,,,,,,,0.9936520348079905,0.9398799485413191,,,,,,,,,,,,,,,,,,,,,,,
999,time-related,Were people moving when this picture was taken?,no,http://images.cocodataset.org/train2014/COCO_train2014_000000474858.jpg,7,228,0.9988979366367474,-0.668229341506958,Yes,7,29.0,0.0019037995217247694,67.0,0.001919845063392395,16.0,0.0019025747962691892,0.9531273546653181,0.9720381713152179,0.9414280318460244,121.0,0.0019173997386817939,18.0,0.001929023544885487,17.0,0.0019093734476925343,8.0,0.0018992640841685201,,,,,,,0.9735238094647056,0.8783471047618534,0.8919296718389884,0.954434002924965,,,,,,,,,,,,,,,,,,,,,
