image_id,question_type,question,ground_truth,image_url,n_clusters,n_noise,attention_entropy,token_confidence,predicted_token,cluster_count,cluster_0_n_points,cluster_0_avg_strength,cluster_1_n_points,cluster_1_avg_strength,cluster_2_n_points,cluster_2_avg_strength,cluster_0_entropy,cluster_1_entropy,cluster_2_entropy,cluster_3_n_points,cluster_3_avg_strength,cluster_4_n_points,cluster_4_avg_strength,cluster_5_n_points,cluster_5_avg_strength,cluster_6_n_points,cluster_6_avg_strength,cluster_7_n_points,cluster_7_avg_strength,cluster_8_n_points,cluster_8_avg_strength,cluster_9_n_points,cluster_9_avg_strength,cluster_10_n_points,cluster_10_avg_strength,cluster_11_n_points,cluster_11_avg_strength,cluster_3_entropy,cluster_4_entropy,cluster_5_entropy,cluster_6_entropy,cluster_7_entropy,cluster_8_entropy,cluster_9_entropy,cluster_10_entropy,cluster_11_entropy,cluster_12_n_points,cluster_12_avg_strength,cluster_13_n_points,cluster_13_avg_strength,cluster_12_entropy,cluster_13_entropy
0,object identification,What is this photo taken looking through?,net,http://images.cocodataset.org/train2014/COCO_train2014_000000458752.jpg,3,348,0.9880159954000101,-0.741280734539032,Net,3,17.0,0.0033422509899708234,15.0,0.0030537166208013103,16.0,0.0031756865191909615,0.8919296718389884,0.9609640474436811,0.8980898459737487,,,,,,,,,,,,,,,,,,,,,,,,,,,,,,,,,
1,object identification,What is this man riding on?,skateboard,http://images.cocodataset.org/train2014/COCO_train2014_000000393227.jpg,12,178,0.977065605292856,-0.022987300530076027,Sk,12,16.0,0.003214534677517345,39.0,0.003119713838231434,20.0,0.0032558351840156633,0.8950145145731531,0.95608688913861,0.8564438107590803,16.0,0.00318540612426073,19.0,0.0031539370073559265,50.0,0.0031751791095392906,29.0,0.0032199155837156733,29.0,0.0032207956384032936,47.0,0.003113692910744303,15.0,0.003280027058343774,46.0,0.0031968944641764035,25.0,0.00319852394019043,0.9755307720176266,0.9462035592964384,0.9711164835109073,0.9912920730740395,0.9803191016087496,0.9774494038283421,0.7835807040488099,0.9929875007823311,0.931646288831146,,,,,,
2,object identification,What is this person doing?,skiing,http://images.cocodataset.org/train2014/COCO_train2014_000000393230.jpg,8,291,0.9970690001772701,-0.8525318503379822,The,8,15.0,0.0021235233118838876,15.0,0.0021461541102937207,21.0,0.0021519508560180474,0.8983958159908183,0.8616157143988104,0.9517619850443704,18.0,0.00219069612272452,27.0,0.0021903288179867743,19.0,0.0021378646259951925,21.0,0.0021438025015854453,18.0,0.002110439735479896,,,,,,,,,0.8783471047618534,0.9746917888251707,0.9462035592964384,0.978033486181519,0.9773429734731779,,,,,,,,,,
3,object identification,What is this?,bear,http://images.cocodataset.org/train2014/COCO_train2014_000000137045.jpg,4,276,0.9503933902656562,-1.0891048908233643,Bear,4,33.0,0.00565785417674531,15.0,0.005369325696834475,44.0,0.006268213572599235,0.9372425311338689,0.9543063494363562,0.9571531019528033,16.0,0.00763153361776242,,,,,,,,,,,,,,,,,0.886859507142915,,,,,,,,,,,,,,
4,object identification,What is this device?,refrigerator,http://images.cocodataset.org/train2014/COCO_train2014_000000131113.jpg,6,189,0.9962520403379447,-0.24692760407924652,Re,6,16.0,0.0022908087666174324,15.0,0.002284097841724439,145.0,0.002557492828730091,0.9886085007312413,0.9664572819896988,0.9760343232687357,30.0,0.002530992715608309,41.0,0.0023866141288151933,19.0,0.0025253675020098,,,,,,,,,,,,,0.9824567505740444,0.978373064281298,0.8699773237111816,,,,,,,,,,,,
5,object identification,What is this animal?,elephant,http://images.cocodataset.org/train2014/COCO_train2014_000000262204.jpg,5,180,0.9981791306071245,-0.019028861075639725,Ele,5,59.0,0.0022746329072534993,89.0,0.0022838723396174203,51.0,0.002278989723506418,0.965374062186463,0.9780431169569425,0.9114888834597745,15.0,0.002170861738354151,18.0,0.0021034637198140433,,,,,,,,,,,,,,,0.9500685975366211,0.9955380299191111,,,,,,,,,,,,,
6,object identification,What is this person wearing on head?,hat,http://images.cocodataset.org/train2014/COCO_train2014_000000000086.jpg,5,210,0.9981493305795194,-0.14402242004871368,Hat,5,142.0,0.0020656594317240346,54.0,0.0020279267174687656,18.0,0.002024698626040721,0.9605422285324229,0.9870287412879867,0.9955380299191111,8.0,0.001988020092451574,19.0,0.0020435876626252107,,,,,,,,,,,,,,,0.9463946303571862,0.9796494552648446,,,,,,,,,,,,,
7,object identification,What is this man laying on?,surfboard,http://images.cocodataset.org/train2014/COCO_train2014_000000471373.jpg,5,246,0.9990870500451671,-0.03403230756521225,Sur,5,16.0,0.001891169245605825,15.0,0.0018841572016652986,66.0,0.0018756096132237891,0.9755307720176266,0.9877812438119247,0.9789861741007687,23.0,0.0018821897657734412,51.0,0.0019003925992087467,,,,,,,,,,,,,,,0.9841517646228418,0.9470029708306298,,,,,,,,,,,,,
8,object identification,What is this person holding?,hot dog,http://images.cocodataset.org/train2014/COCO_train2014_000000393428.jpg,5,213,0.9960286089344217,-0.18262039124965668,Hot,5,32.0,0.0023411844596680225,15.0,0.0021845201863011153,74.0,0.002192506705009927,0.9232616544897537,0.9949490477321437,0.9953858393686303,26.0,0.0021717269412551495,19.0,0.0022515502629042524,,,,,,,,,,,,,,,0.9849660857232596,0.9431541408460862,,,,,,,,,,,,,
9,object identification,What is this person standing on?,sand,http://images.cocodataset.org/train2014/COCO_train2014_000000474858.jpg,3,298,0.993656247480601,-0.21085621416568756,Sand,3,23.0,0.0024936413546815172,32.0,0.0023917541393357927,20.0,0.002566654246573168,0.9370919134731258,0.9814849352773115,0.9089460785096519,,,,,,,,,,,,,,,,,,,,,,,,,,,,,,,,,
10,object identification,What is this cake made with?,chocolate,http://images.cocodataset.org/train2014/COCO_train2014_000000393445.jpg,14,237,0.9900336625582302,-0.12224200367927551,Ch,14,20.0,0.0021293334989428425,16.0,0.0021262448303518934,42.0,0.0021304242018054557,0.9911594714322186,0.9320201587042914,0.9853451944291881,15.0,0.00213182544869704,20.0,0.002126866508923028,33.0,0.0021234722360939325,18.0,0.0021267257278369386,26.0,0.0021249048563739843,44.0,0.0021254463237053204,26.0,0.002126244824984498,28.0,0.002129573949216958,31.0,0.0021281921165266244,0.9709505944546686,0.9008047485295138,0.9375103180245025,0.9758159039662214,0.9785634767531909,0.9890169567976743,0.9325023032951825,0.9926140680171256,0.981768562394777,29.0,0.00212580051117556,20.0,0.002128934645707367,0.98697797031737,0.9976834773764092
11,object identification,What is this person doing?,snowboarding,http://images.cocodataset.org/train2014/COCO_train2014_000000524551.jpg,2,285,0.9884595657159387,-0.8340779542922974,The,2,18.0,0.0034885425797410996,15.0,0.0027651841636235812,,,0.8962406251802889,0.9613833012053531,,,,,,,,,,,,,,,,,,,,,,,,,,,,,,,,,,
12,other,What position is this man playing?,pitcher,http://images.cocodataset.org/train2014/COCO_train2014_000000458752.jpg,2,334,0.9992371725934016,-0.11920883506536484,P,2,16.0,0.00207735396527169,107.0,0.0019725219199595756,,,0.9886994082884974,0.9778025093848901,,,,,,,,,,,,,,,,,,,,,,,,,,,,,,,,,,
13,other,What is the person doing?,skiing,http://images.cocodataset.org/train2014/COCO_train2014_000000262146.jpg,5,231,0.9690532648852473,-0.7267114520072937,The,5,15.0,0.004070739139607163,172.0,0.004100196660372182,21.0,0.00419874414785362,0.9018972358711528,0.9717415171493932,0.9211854965885542,24.0,0.004314105135209024,29.0,0.004013049561053668,,,,,,,,,,,,,,,0.9608948553419607,0.9453273454467302,,,,,,,,,,,,,
14,other,What is in the person's hand?,frisbee,http://images.cocodataset.org/train2014/COCO_train2014_000000524291.jpg,9,233,0.9990415968663847,-1.6356706619262695,A,9,27.0,0.0019162692165704553,59.0,0.0018877626501913746,24.0,0.0019136689243858963,0.9671616786460292,0.9754162268967019,0.9112034807099072,20.0,0.0018817997443366583,9.0,0.0018584022117190517,17.0,0.001881855173645729,18.0,0.0018697778190222103,11.0,0.001963458619599266,18.0,0.001943301315036127,,,,,,,0.9921503172858166,1.0,0.9856676426534905,0.9736669121131954,0.6840384356390417,0.9206198357143051,,,,,,,,,
15,other,Is the dog looking at a tennis ball or frisbee?,frisbee,http://images.cocodataset.org/train2014/COCO_train2014_000000524291.jpg,6,222,0.9987352295624904,-0.9495864510536194,F,6,20.0,0.0026920088746279205,16.0,0.0022676047204066283,16.0,0.0022418118358887872,0.8927376486136671,0.9886085007312413,0.9618974703476992,24.0,0.002107405919872816,18.0,0.002389240404490928,25.0,0.0024505048497440994,,,,,,,,,,,,,0.9677023894542703,0.977342973473178,0.9293334771441444,,,,,,,,,,,,
16,other,What is the white streak?,contrail,http://images.cocodataset.org/train2014/COCO_train2014_000000393221.jpg,4,202,0.9686802058465326,-1.6712605953216553,Jet,4,61.0,0.004407927189399901,47.0,0.005955510300258064,22.0,0.004200363102997136,0.9603745104599639,0.9319214404688005,0.960058249314534,16.0,0.003797608607052269,,,,,,,,,,,,,,,,,0.9724056781360314,,,,,,,,,,,,,,
17,other,What is the child doing?,brushing teeth,http://images.cocodataset.org/train2014/COCO_train2014_000000393223.jpg,8,232,0.9708547919884871,-0.590377688407898,The,8,15.0,0.00458538454386024,24.0,0.004017569655551228,15.0,0.003584804026699649,0.9182958340544896,0.9478440781021911,0.9446232142545791,20.0,0.003972367705518029,22.0,0.0034505262735809727,17.0,0.0037578801369673944,27.0,0.0038058942065769684,18.0,0.004093692308046951,,,,,,,,,0.8862106770924657,0.995226686335856,0.9664022887695614,0.9701541708942544,0.9758159039662214,,,,,,,,,,
18,other,What is the business man doing in the picture?,frowning,http://images.cocodataset.org/train2014/COCO_train2014_000000393224.jpg,1,313,0.9632176778856523,-0.8655480146408081,The,1,16.0,0.00515372505129615,,,,,0.7743974703476992,,,,,,,,,,,,,,,,,,,,,,,,,,,,,,,,,,,
19,other,What is the man riding on?,motorcycle,http://images.cocodataset.org/train2014/COCO_train2014_000000131084.jpg,6,307,0.9983031812603478,-0.5844169855117798,D,6,17.0,0.0020390474571522106,51.0,0.0019724163843420216,16.0,0.001975015045479567,0.8409160494198367,0.9778839130801407,0.9528195311147832,15.0,0.0019846400872235493,16.0,0.001982938014704077,9.0,0.001947614288786718,,,,,,,,,,,,,0.9877812438119247,0.9414280318460244,0.9656336071428251,,,,,,,,,,,,
20,other,What is on the pillow?,gray,http://images.cocodataset.org/train2014/COCO_train2014_000000131074.jpg,14,143,0.99273250785855,-1.9065357446670532,P,14,16.0,0.0021506638774640573,23.0,0.0021665868099799627,18.0,0.0021620622828206646,0.9755307720176265,0.9570850556153867,0.9728825026363701,16.0,0.0021297329210228136,43.0,0.0021494632835354853,15.0,0.002141977412031568,54.0,0.00214380545265331,84.0,0.00217361696558549,31.0,0.002139485633224206,16.0,0.0021640346773829752,15.0,0.002142776122147448,16.0,0.0021498416522246666,0.9886085007312413,0.9756718839840665,1.0,0.9677658037999465,0.9759385573235455,0.9714634447796382,0.886859507142915,0.9877812438119247,0.9755307720176266,26.0,0.0021585288189377573,18.0,0.0021607904847499343,0.9450520768166325,0.9656336071428251
21,other,What is sitting on the bench?,purse,http://images.cocodataset.org/train2014/COCO_train2014_000000131074.jpg,1,253,0.9809075894128297,-0.8452702760696411,Pur,1,79.0,0.004679649762803348,,,,,0.969796775200468,,,,,,,,,,,,,,,,,,,,,,,,,,,,,,,,,,,
22,other,What is the man doing?,skiing,http://images.cocodataset.org/train2014/COCO_train2014_000000393230.jpg,6,247,0.9772309194630244,-0.6940596699714661,The,6,18.0,0.003422077365239843,100.0,0.003728742935423886,15.0,0.0038391556214470873,0.9535998353544739,0.9637754626819675,0.8024677973715657,30.0,0.0033229606438736343,38.0,0.00426602461093466,25.0,0.0035260254632832077,,,,,,,,,,,,,0.9608629101672778,0.9417970286595597,0.9949956408022635,,,,,,,,,,,,
23,other,What is the person wearing?,skis,http://images.cocodataset.org/train2014/COCO_train2014_000000393230.jpg,5,261,0.9894458147099996,-1.377563714981079,Jack,5,28.0,0.002476722289289998,15.0,0.0024453496918034447,21.0,0.002483695689540898,0.9762175452369313,0.9949490477321437,0.997618320255157,24.0,0.002506111351243619,30.0,0.002429932728644618,,,,,,,,,,,,,,,0.8936586862414604,1.0,,,,,,,,,,,,,
24,other,What is she holding?,poles,http://images.cocodataset.org/train2014/COCO_train2014_000000393230.jpg,4,231,0.9961710522438973,-0.45861849188804626,Ski,4,62.0,0.0019262891653288995,38.0,0.001916445099845778,15.0,0.0019518209847399616,0.9666825600958524,0.9724667279614662,0.7835807040488099,35.0,0.0019261882408959164,,,,,,,,,,,,,,,,,0.9728806637786349,,,,,,,,,,,,,,
25,other,What is the dog riding on?,surfboard,http://images.cocodataset.org/train2014/COCO_train2014_000000131087.jpg,9,238,0.999025447541058,-0.04244949296116829,Sur,9,17.0,0.0019337816474025234,32.0,0.0019359873066498792,26.0,0.001932713578844048,0.8919296718389884,0.9110644478228669,0.9499751659432053,11.0,0.0019116976102426077,16.0,0.001951360790511014,27.0,0.0019195140318517695,4.0,0.0018753138763218512,16.0,0.001931705292360477,7.0,0.0019014289008140357,,,,,,,0.9431887805255736,0.949701216438411,0.9397197537274474,1.0,0.9056390622295665,0.9852281360342515,,,,,,,,,
26,other,What is in the water?,dog,http://images.cocodataset.org/train2014/COCO_train2014_000000131087.jpg,3,200,0.9928463474934142,-0.39782997965812683,Sur,3,74.0,0.004290573252063125,32.0,0.003612487637809663,17.0,0.004494641543045673,0.9593259903813073,0.9643133128622857,0.8787419949064401,,,,,,,,,,,,,,,,,,,,,,,,,,,,,,,,,
27,other,"What does the green light, on the TV, indicate?",on,http://images.cocodataset.org/train2014/COCO_train2014_000000131075.jpg,9,259,0.9926712582174974,-0.9904668927192688,The,9,24.0,0.0027000311809369584,28.0,0.002657267701118679,17.0,0.002764943396011686,0.9949671891627881,0.9527244773049428,0.9360847109776411,4.0,0.002270145128552753,28.0,0.0026981158745550166,15.0,0.002724218601403043,22.0,0.0026301255844098374,50.0,0.0027996666909420364,25.0,0.002754814383892375,,,,,,,1.0,0.9169393427449589,0.9189900464321514,0.9434038256873108,0.9757367704463266,0.9697352853986261,,,,,,,,,
28,other,What room of the house is this?,office,http://images.cocodataset.org/train2014/COCO_train2014_000000131075.jpg,3,122,0.9871036312053276,-0.3292185366153717,Office,3,252.0,0.002599037714813616,42.0,0.002578798617232,78.0,0.0026173708020896503,0.9832189348596917,0.96916571833715,0.9668649762890974,,,,,,,,,,,,,,,,,,,,,,,,,,,,,,,,,
29,other,What is the size of the TV?,large,http://images.cocodataset.org/train2014/COCO_train2014_000000131075.jpg,3,294,0.998697080354949,-0.44768816232681274,Lar,3,48.0,0.0019806479593136705,22.0,0.002024425644193624,17.0,0.0020300224411911377,0.9907959931870783,0.9262190370370645,0.9770358764490155,,,,,,,,,,,,,,,,,,,,,,,,,,,,,,,,,
30,other,How big is the TV?,very big,http://images.cocodataset.org/train2014/COCO_train2014_000000131075.jpg,5,306,0.9983388044320891,-0.7300753593444824,Lar,5,16.0,0.0019788824916258402,19.0,0.0020504954395531155,17.0,0.0020543160238007136,0.9954133073923868,0.8765746478058233,0.9878171319090819,23.0,0.0021066206772439667,24.0,0.0020765746278090945,,,,,,,,,,,,,,,0.9876197168461962,0.8946998735610134,,,,,,,,,,,,,
31,other,What companion object to the TV can be seen in the bottom right of the picture?,laptop,http://images.cocodataset.org/train2014/COCO_train2014_000000131075.jpg,4,192,0.9802148597966093,-0.5811519622802734,La,4,18.0,0.004931210336698108,107.0,0.005533738083371038,21.0,0.006490106528034448,0.9535998353544741,0.9663947576753785,0.8907082013105603,18.0,0.005358583443654107,,,,,,,,,,,,,,,,,0.9206250851407773,,,,,,,,,,,,,,
32,other,What is the small computer on the left called?,laptop,http://images.cocodataset.org/train2014/COCO_train2014_000000131075.jpg,2,196,0.9939898732255279,-0.6766418218612671,La,2,136.0,0.00339900701661743,43.0,0.0033928752662112016,,,0.9748439463875488,0.9560761268264212,,,,,,,,,,,,,,,,,,,,,,,,,,,,,,,,,,
33,other,What is above the TV?,vent,http://images.cocodataset.org/train2014/COCO_train2014_000000131075.jpg,6,213,0.9940503590438587,-0.30137139558792114,Project,6,111.0,0.0023791145878263127,18.0,0.002282269177538496,15.0,0.0024199345755592794,0.9738011201278121,0.9736669121131954,0.7835807040488099,15.0,0.002260130843250688,16.0,0.0022635618928687645,24.0,0.0023987722622412187,,,,,,,,,,,,,0.9859247724121322,0.9822177815287605,0.9725177829378439,,,,,,,,,,,,
34,other,What is on the display?,document,http://images.cocodataset.org/train2014/COCO_train2014_000000131075.jpg,4,226,0.9133975249405807,-1.0193549394607544,Out,4,128.0,0.007957234707707329,16.0,0.005219496183740201,21.0,0.009298816450730682,0.9647787999410415,0.9592101522724052,0.9164299980118937,23.0,0.008582744816198553,,,,,,,,,,,,,,,,,0.9244732696028456,,,,,,,,,,,,,,
35,other,Is it a monitor or a screen projection?,screen projection,http://images.cocodataset.org/train2014/COCO_train2014_000000131075.jpg,3,256,0.9505884534968941,-0.6383779644966125,Screen,3,67.0,0.00825407343999861,19.0,0.0061297662585623235,15.0,0.004418250774185154,0.9524131877260612,0.9224323529821663,0.9718495448242642,,,,,,,,,,,,,,,,,,,,,,,,,,,,,,,,,
36,other,What is on the TV screen?,computer,http://images.cocodataset.org/train2014/COCO_train2014_000000131075.jpg,4,227,0.9268966394321886,-1.16265869140625,Out,4,125.0,0.007349940980076746,22.0,0.004774424564087074,21.0,0.008413086152983407,0.967006755736041,0.9673124750084657,0.9164299980118937,19.0,0.008951064707556475,,,,,,,,,,,,,,,,,0.9975194757207203,,,,,,,,,,,,,,
37,other,What is the title of the presentation in the picture?,outlook web app,http://images.cocodataset.org/train2014/COCO_train2014_000000131075.jpg,0,259,0.9891956179247012,-0.6359298229217529,Out,0,,,,,,,,,,,,,,,,,,,,,,,,,,,,,,,,,,,,,,,,,,
38,other,What is the man playing?,wii,http://images.cocodataset.org/train2014/COCO_train2014_000000524311.jpg,2,210,0.988593148125027,-0.33083853125572205,W,2,86.0,0.004140494514736252,16.0,0.003644149219899824,,,0.9560571550506849,0.9248008763572906,,,,,,,,,,,,,,,,,,,,,,,,,,,,,,,,,,
39,other,What does the man have on his face?,glasses,http://images.cocodataset.org/train2014/COCO_train2014_000000524311.jpg,8,333,0.999392627900503,-0.3657515048980713,G,8,46.0,0.0017853530912053824,16.0,0.0017826083655476744,29.0,0.00178263057962252,0.9564583062021325,0.9965119062478288,0.952425013614611,15.0,0.001785216297768917,71.0,0.0017832447839884063,22.0,0.0017824258336771382,17.0,0.0017832495526994723,18.0,0.0017834226705365627,,,,,,,,,0.9967916319816366,0.9775221350691446,0.9023079388127894,0.9360847109776411,0.9728825026363701,,,,,,,,,,
40,other,What is in front of the giraffes?,tree,http://images.cocodataset.org/train2014/COCO_train2014_000000000025.jpg,4,124,0.9931610097864919,-1.0163557529449463,Log,4,136.0,0.0037643963239460316,55.0,0.003161202294929113,17.0,0.002644609624080872,0.946032194563235,0.9747942027072753,0.9641157682210613,15.0,0.002887010812885832,,,,,,,,,,,,,,,,,0.9949490477321437,,,,,,,,,,,,,,
41,other,What do these giraffes have in common?,eating,http://images.cocodataset.org/train2014/COCO_train2014_000000000025.jpg,9,189,0.996532774888209,-1.6401653289794922,They,9,25.0,0.002421569446930644,17.0,0.0024915373065009265,18.0,0.0028702715941584557,0.9606960595049052,0.951983906543883,0.920619835714305,12.0,0.002467195694364237,31.0,0.0028469268454009715,16.0,0.0022720234926431704,24.0,0.002841139442935346,40.0,0.002692838203866827,32.0,0.0026427195440103454,,,,,,,0.9206198357143051,0.98916048610723,0.9822177815287605,0.8936586862414604,0.988874162305053,0.9541824894160462,,,,,,,,,
42,other,What is the giraffe standing behind?,tree,http://images.cocodataset.org/train2014/COCO_train2014_000000000025.jpg,1,238,0.9965760720390577,-1.014675498008728,Log,1,28.0,0.0029174590303653646,,,,,0.9329930994033471,,,,,,,,,,,,,,,,,,,,,,,,,,,,,,,,,,,
43,other,What is on the ground next to the giraffe on the right?,log,http://images.cocodataset.org/train2014/COCO_train2014_000000000025.jpg,6,197,0.9985901457047013,-0.6021549701690674,Log,6,45.0,0.0020870546236763914,17.0,0.00212840209158075,27.0,0.002025776982554508,0.9838752014413757,0.9360847109776411,0.9644111117521388,72.0,0.00214145532265639,36.0,0.002056541958158206,22.0,0.0020752908756465787,,,,,,,,,,,,,0.9564826264690227,0.9624888168967702,0.9314001250982629,,,,,,,,,,,,
44,other,How is the man sitting?,cross legged,http://images.cocodataset.org/train2014/COCO_train2014_000000524314.jpg,5,299,0.9943099496276169,-1.583821177482605,On,5,32.0,0.0023434078686358096,28.0,0.002443231276014008,19.0,0.0024215986548950194,0.967339292606591,0.9724347495570991,0.9431541408460861,33.0,0.002378048907531153,26.0,0.002460900103822134,,,,,,,,,,,,,,,0.9873554549725151,0.9433524046116085,,,,,,,,,,,,,
45,other,"What does the word in the upper-left corner, behind the window, translate to in English?",automatic,http://images.cocodataset.org/train2014/COCO_train2014_000000524314.jpg,6,226,0.9868071149992509,-0.41282013058662415,Autom,6,74.0,0.003063520835444399,23.0,0.002990526208460575,15.0,0.002642316722079887,0.979025329214557,0.9649604371142175,0.9859247724121322,32.0,0.003306967843635175,14.0,0.00281776750936447,15.0,0.003890248246228471,,,,,,,,,,,,,0.934430383340196,0.9620871761502205,0.9182958340544896,,,,,,,,,,,,
46,other,What type of watercraft is that?,raft,http://images.cocodataset.org/train2014/COCO_train2014_000000262171.jpg,7,124,0.9977437660030837,-0.5865410566329956,Bo,7,111.0,0.0020980902018174043,47.0,0.002038288435334999,41.0,0.002076475846286429,0.9776316757219389,0.9823174395751475,0.9665425850522243,15.0,0.002068444041705845,13.0,0.0020252307517114013,10.0,0.0021471582519629255,18.0,0.0021101070373812673,,,,,,,,,,,0.9446232142545791,0.9938866857439921,0.7219280948873623,0.9319131950454079,,,,,,,,,,,
47,other,What is the vase sitting on?,railing,http://images.cocodataset.org/train2014/COCO_train2014_000000000030.jpg,10,167,0.9969205969129262,-1.2221364974975586,Table,10,127.0,0.0022583390886641505,11.0,0.002199486002868221,19.0,0.0023034400614940177,0.967875265376823,0.9056185178648963,0.9520903566147753,12.0,0.002169991423003014,17.0,0.002151002255792008,43.0,0.0021658491224641595,16.0,0.0021976040284723782,15.0,0.002217621082034682,16.0,0.002170500293514335,15.0,0.00222965448872589,,,,,0.9808340377961404,0.9719977955078916,0.9850282464034775,0.9056390622295665,0.9877812438119247,0.9772170014624824,0.9500685975366211,,,,,,,,
48,other,Is the sun to the right or left of this flower?,left,http://images.cocodataset.org/train2014/COCO_train2014_000000000030.jpg,7,175,0.9982390101897299,-0.46742308139801025,Left,7,66.0,0.00211087197050151,21.0,0.002048676487279179,13.0,0.0020434366968710236,0.9544226833577937,0.9823520940407287,0.99473723787795,15.0,0.00207963079685372,25.0,0.002099000268206105,14.0,0.0020177277055014177,62.0,0.002019520743765348,,,,,,,,,,,0.9500685975366211,0.8937492640704446,0.9620871761502207,0.988691289726153,,,,,,,,,,,
49,other,What is the zebra eating?,grass,http://images.cocodataset.org/train2014/COCO_train2014_000000240304.jpg,11,226,0.9996062646854157,-1.386210560798645,Le,11,29.0,0.0018538251551438957,28.0,0.0018325442234908976,30.0,0.001853552270342204,0.9199511452030484,0.9806758027350554,0.9166013304855254,44.0,0.001836959185430831,58.0,0.0018403020932581506,24.0,0.0018425399111828146,17.0,0.0018282075176546853,19.0,0.001841174945375688,15.0,0.0018466802141071932,7.0,0.0018204661140627462,22.0,0.0018485370818823912,,,0.948873555204993,0.9690628434622225,0.9899343783255763,0.9519839065438831,0.912408493108431,0.8443536850036222,0.863120568566631,0.9283266063904658,,,,,,,
50,other,What is the tree covered with?,wire,http://images.cocodataset.org/train2014/COCO_train2014_000000240304.jpg,8,206,0.9915711523196191,-0.41049450635910034,Le,8,46.0,0.002392118384667325,80.0,0.0024033131128222158,32.0,0.002358275578115778,0.9780702391546288,0.9624175523972734,0.9745983135651328,29.0,0.002340203523718456,36.0,0.002377641082668469,21.0,0.0023797349773705553,20.0,0.002385470874227572,16.0,0.0023862237900560616,,,,,,,,,0.9717557750696807,0.974291176503168,0.997618320255157,0.9763620978123273,0.9755307720176266,,,,,,,,,,
51,other,What is the animal eating?,grass,http://images.cocodataset.org/train2014/COCO_train2014_000000000034.jpg,4,253,0.9947962659896229,-0.1645319163799286,Gr,4,53.0,0.0020315036268619526,44.0,0.0020437517591570817,16.0,0.002027898934222858,0.9837564684563364,0.9880601072683041,0.9886085007312413,45.0,0.0020297881909036647,,,,,,,,,,,,,,,,,0.9802654581825104,,,,,,,,,,,,,,
52,other,How old is animal?,10 years,http://images.cocodataset.org/train2014/COCO_train2014_000000000034.jpg,7,299,0.9956731933861298,-0.7501601576805115,Young,7,67.0,0.0021683547124489726,15.0,0.0022541294758120717,19.0,0.0022946292110560527,0.9874110693261341,0.8443536850036222,0.8693978806749074,8.0,0.002188410898120061,17.0,0.0021925723084004088,28.0,0.0022191594662040303,16.0,0.0022362774999287955,,,,,,,,,,,0.8112781244591328,0.903881788208597,0.9642508340183118,0.8950145145731531,,,,,,,,,,,
53,other,What is the man holding?,knife,http://images.cocodataset.org/train2014/COCO_train2014_000000393251.jpg,4,154,0.9871142250322185,-1.4746310710906982,Kn,4,269.0,0.0026539085460196097,24.0,0.002689390861670514,15.0,0.0025663759410462657,0.9844105653629164,0.9838824188369656,0.9949490477321437,16.0,0.002541423160317525,,,,,,,,,,,,,,,,,0.9954133073923868,,,,,,,,,,,,,,
54,other,What is the man cutting?,cake,http://images.cocodataset.org/train2014/COCO_train2014_000000393251.jpg,8,216,0.9987029159150863,-0.12633240222930908,C,8,34.0,0.001994182383375356,19.0,0.0020004447797861737,25.0,0.00201435930999584,0.9797128714504786,0.9826301639446198,0.9661190960509454,79.0,0.0019863680531056987,27.0,0.0019516936357757543,45.0,0.0019478935983511282,20.0,0.0019917274735289717,15.0,0.002002511954887035,,,,,,,,,0.9752803603420444,0.9396046783331057,0.9804429853514481,0.9008047485295136,0.8830374409547587,,,,,,,,,,
55,other,What is the fruit?,banana,http://images.cocodataset.org/train2014/COCO_train2014_000000262180.jpg,3,300,0.9950688969337398,-0.034152258187532425,Ban,3,16.0,0.002292739083121222,47.0,0.002434503148388665,15.0,0.002297225157204693,0.9886085007312413,0.9903089021271592,0.9285012313356799,,,,,,,,,,,,,,,,,,,,,,,,,,,,,,,,,
56,other,What is the name of the type of person that would make this food?,chef,http://images.cocodataset.org/train2014/COCO_train2014_000000262180.jpg,2,309,0.9968116803297451,-0.2514694631099701,Che,2,43.0,0.002422051041605377,23.0,0.00236656962990131,,,0.9208278369834462,0.9486586303348536,,,,,,,,,,,,,,,,,,,,,,,,,,,,,,,,,,
57,other,What type of ice cream is on the plate?,vanilla,http://images.cocodataset.org/train2014/COCO_train2014_000000262180.jpg,7,174,0.9925685503439562,-0.7709563970565796,Van,7,15.0,0.002921060691000381,25.0,0.0029169717651015285,57.0,0.002569336034269183,0.8443536850036222,0.9440510350957405,0.9780779834752846,15.0,0.0024870578506286027,9.0,0.002537830321696349,64.0,0.0025021187976132135,70.0,0.0025654554384918742,,,,,,,,,,,0.9664572819896989,0.9910760598382222,0.9715431148157552,0.9715309682874795,,,,,,,,,,,
58,other,Is this an indoor or outdoor photo?,outdoor,http://images.cocodataset.org/train2014/COCO_train2014_000000524325.jpg,9,211,0.991694706945143,-0.03743278607726097,Out,9,28.0,0.0024776706562352033,15.0,0.002492629256312066,39.0,0.0024559395799765966,0.9591290214322044,0.8886831177898309,0.9930831911935056,15.0,0.0024570802761220032,13.0,0.0024544731997805766,5.0,0.0024474190738443765,8.0,0.0024462445352327997,15.0,0.0024681868803613297,23.0,0.002455211837288559,,,,,,,1.0,0.9938866857439921,0.9709505944546686,0.985056822321508,0.9949490477321437,0.9893838764999124,,,,,,,,,
59,other,What's missing from this hot dog?,mustard,http://images.cocodataset.org/train2014/COCO_train2014_000000043697.jpg,10,279,0.9877181070197477,-1.2956411838531494,K,10,48.0,0.002274907197671224,15.0,0.00224466433475676,18.0,0.0022847649927895675,0.9681308182529547,0.9446232142545791,0.9728825026363701,71.0,0.0022819072382652275,20.0,0.002273910072304325,29.0,0.0022638534499995608,17.0,0.002291018563754878,9.0,0.0022527411543426276,22.0,0.002300946698036254,30.0,0.002271590576815701,,,,,0.9648619663444841,0.9232196723355077,0.9742418047665328,0.8846148739279865,0.9910760598382222,0.9643787017331664,0.9225403154817576,,,,,,,,
60,other,What is the hog dog sitting on?,bun,http://images.cocodataset.org/train2014/COCO_train2014_000000043697.jpg,9,218,0.9991439062582975,-1.1501933336257935,Nap,9,20.0,0.001861771023298893,53.0,0.001864873457255483,28.0,0.0018526719681783606,0.9976834773764092,0.9770488820898205,0.9856907914011863,27.0,0.0018473533547029646,27.0,0.0018568944218669873,25.0,0.0018479191002668664,15.0,0.0018488719595038017,29.0,0.0018476381115232648,36.0,0.0018538892867071917,,,,,,,0.9707537064911389,0.960267607603483,0.9474124181532299,0.9877812438119247,0.9856439974153608,0.9265017370704814,,,,,,,,,
61,other,What is the sky full of?,clouds,http://images.cocodataset.org/train2014/COCO_train2014_000000262184.jpg,3,176,0.9975835109848945,-0.07884813100099564,Cloud,3,180.0,0.0023725049331200037,35.0,0.002565197387402436,18.0,0.002407321197071742,0.9818021330996307,0.9238980130941616,0.9455305560363263,,,,,,,,,,,,,,,,,,,,,,,,,,,,,,,,,
62,other,What is the color of the carpet?,brown,http://images.cocodataset.org/train2014/COCO_train2014_000000131113.jpg,3,237,0.9834615352659037,-1.3387300968170166,Blue,3,22.0,0.004798985052639906,55.0,0.0047813581901357234,27.0,0.005354194092800562,0.9538197181912221,0.9658542266742854,0.9286520722868113,,,,,,,,,,,,,,,,,,,,,,,,,,,,,,,,,
63,other,What shape are the windows on the side of the plane?,square,http://images.cocodataset.org/train2014/COCO_train2014_000000262187.jpg,3,195,0.9974397329413418,-1.064629077911377,Rect,3,87.0,0.002005428668517774,108.0,0.0020042899546767875,71.0,0.0019990214794310445,0.9682620237218325,0.9666301063826422,0.9513237948128147,,,,,,,,,,,,,,,,,,,,,,,,,,,,,,,,,
64,other,What is the website on the sign?,wmatacom,http://images.cocodataset.org/train2014/COCO_train2014_000000262191.jpg,2,255,0.9942388166954461,-1.4275187253952026,W,2,15.0,0.0026377756663539006,16.0,0.002841997481769753,,,0.9718495448242642,0.9592101522724052,,,,,,,,,,,,,,,,,,,,,,,,,,,,,,,,,,
65,other,What is the bear called?,teddy,http://images.cocodataset.org/train2014/COCO_train2014_000000262191.jpg,9,266,0.9841540783130543,-0.26297664642333984,Ted,9,126.0,0.0030400629119408506,30.0,0.002998939263431442,23.0,0.0031187186063927307,0.9829303858136698,0.9965319781619123,0.9982526816976661,26.0,0.0030595573750169126,50.0,0.003000782552800507,42.0,0.002989917615162407,28.0,0.0030197721147975196,21.0,0.002976080636599799,34.0,0.003067134085724627,,,,,,,0.980618302361438,0.9798273235391646,0.9787207639733051,0.9825098436366377,0.9907017951253161,0.9988912428907762,,,,,,,,,
66,other,What type of tree is the man standing next to?,elm,http://images.cocodataset.org/train2014/COCO_train2014_000000524338.jpg,1,219,0.970943845325045,-0.9829784631729126,Oak,1,118.0,0.0072875964500582965,,,,,0.9517729986331055,,,,,,,,,,,,,,,,,,,,,,,,,,,,,,,,,,,
67,other,What pattern is on the pants?,stripes,http://images.cocodataset.org/train2014/COCO_train2014_000000213863.jpg,9,100,0.9885354887972482,-0.24826189875602722,St,9,97.0,0.0022177204140282104,103.0,0.002214351399037576,76.0,0.002217437461606157,0.9826753856082775,0.9873471954600258,0.9796420970154349,25.0,0.0022107842578293624,11.0,0.0022134095843476735,15.0,0.00220732268478802,18.0,0.0022213164768797424,74.0,0.0022288282689040787,63.0,0.002223571086670834,,,,,,,0.9505030771498539,0.826074224242703,0.944623214254579,0.9656336071428251,0.9729029555973164,0.9837676134004137,,,,,,,,,
68,other,What sport is this person playing?,baseball,http://images.cocodataset.org/train2014/COCO_train2014_000000213863.jpg,6,288,0.9922869488698012,-0.007030406501144171,Baseball,6,51.0,0.002623466451205576,30.0,0.002623540016876654,42.0,0.0027363088425601204,0.9719789485345436,0.9925081039441961,0.9429518178478695,31.0,0.0029019380681525398,15.0,0.002614853542471214,11.0,0.0028442883511231097,,,,,,,,,,,,,0.9423686512598033,0.9877812438119247,0.8453509366224364,,,,,,,,,,,,
69,other,What is the position of the player behind the batter called?,catcher,http://images.cocodataset.org/train2014/COCO_train2014_000000213863.jpg,4,105,0.9932862127648074,-0.04568713903427124,C,4,15.0,0.002999409822651127,277.0,0.003123238833165467,25.0,0.002932249810080812,0.9877812438119246,0.9789466350839114,0.9005281271448751,17.0,0.003041728568547598,,,,,,,,,,,,,,,,,0.8919296718389884,,,,,,,,,,,,,,
70,other,What are they drinking?,beer,http://images.cocodataset.org/train2014/COCO_train2014_000000393268.jpg,4,275,0.9914533119941227,-0.13066698610782623,Be,4,15.0,0.002705007552552116,34.0,0.0025118917439467775,15.0,0.002436945136811864,0.9189900464321514,0.961144085057906,0.982798115178801,19.0,0.0025792654619121373,,,,,,,,,,,,,,,,,0.9056841333772502,,,,,,,,,,,,,,
71,other,What brand of beer is visible?,sierra nevada,http://images.cocodataset.org/train2014/COCO_train2014_000000393268.jpg,4,286,0.999217312939865,-1.849627137184143,P,4,41.0,0.0018713874833801666,22.0,0.0019150272447822345,22.0,0.001862091833752487,0.9542580944119529,0.9741707427017494,0.9961982334892152,23.0,0.001856547328470682,,,,,,,,,,,,,,,,,0.9800409174590822,,,,,,,,,,,,,,
72,other,What logo is on the man's shirt?,nike,http://images.cocodataset.org/train2014/COCO_train2014_000000131127.jpg,6,132,0.9961575724865152,-0.25150179862976074,N,6,15.0,0.0022475031326269815,7.0,0.002026539023157902,137.0,0.002374416426091457,0.8983958159908182,0.9821410328348752,0.9624260298340473,72.0,0.002352800415496464,33.0,0.00242611365183407,16.0,0.0023733723347903876,,,,,,,,,,,,,0.9517295703434276,0.897444507263125,0.949701216438411,,,,,,,,,,,,
73,other,What direction is the bird looking?,right,http://images.cocodataset.org/train2014/COCO_train2014_000000262201.jpg,6,250,0.9938379318881571,-1.074902892112732,Right,6,15.0,0.002508429051557295,45.0,0.002358224395306173,15.0,0.002357058710159651,0.8830374409547587,0.9817731062345624,0.9609640474436811,15.0,0.0025175197333665274,15.0,0.0023950688245172494,15.0,0.002564738691182109,,,,,,,,,,,,,0.9189900464321514,0.9161314485121342,0.8443536850036224,,,,,,,,,,,,
74,other,What time of day is it?,morning,http://images.cocodataset.org/train2014/COCO_train2014_000000370986.jpg,5,147,0.998701785532406,-1.2138419151306152,Af,5,119.0,0.0019944835376649365,88.0,0.001953097663484389,14.0,0.0019810862416078,0.9633703978794754,0.9672984019799291,0.8920082108960956,66.0,0.0019609779365011575,10.0,0.001913749635097459,,,,,,,,,,,,,,,0.959319525070641,0.9602297178607612,,,,,,,,,,,,,
75,other,What type of plane is this?,propeller,http://images.cocodataset.org/train2014/COCO_train2014_000000131133.jpg,5,187,0.9969273909569195,-1.530693531036377,Small,5,182.0,0.0019226356970618683,57.0,0.0019327621199618703,15.0,0.0019047215988246102,0.9723960456308046,0.9603430341009455,0.9949490477321437,15.0,0.0018984419065798377,20.0,0.0019302738753198226,,,,,,,,,,,,,,,0.9718495448242642,0.8564438107590803,,,,,,,,,,,,,
76,other,What is in the picture?,clock,http://images.cocodataset.org/train2014/COCO_train2014_000000000064.jpg,5,199,0.9982769404258999,-1.5349434614181519,C,5,38.0,0.0020280637686152228,27.0,0.0020163017906876407,122.0,0.001999184335092841,0.9605710399119527,0.9637298207225214,0.9727992464669983,16.0,0.0019695815606036475,8.0,0.0019372122863523288,,,,,,,,,,,,,,,0.9724056781360315,0.985056822321508,,,,,,,,,,,,,
77,other,What time is the clock showing?,6:10,http://images.cocodataset.org/train2014/COCO_train2014_000000000064.jpg,9,177,0.9985822253399914,-0.3560032844543457,,9,15.0,0.0019579029865702245,58.0,0.001988254336232109,30.0,0.001975548996734549,0.9877812438119247,0.9451111620241739,0.9965319781619122,10.0,0.0019266589303381545,68.0,0.0019464627243376779,15.0,0.001959931837832498,51.0,0.0019744437659673414,17.0,0.0019804789941863864,15.0,0.0019647112794587136,,,,,,,0.9602297178607612,0.9784583869378608,0.9500685975366211,0.9936059724451389,0.9770358764490155,0.9877812438119247,,,,,,,,,
78,other,What are the vases sitting on?,table,http://images.cocodataset.org/train2014/COCO_train2014_000000458763.jpg,8,221,0.9984483851873823,-0.7693058252334595,Table,8,50.0,0.002149049140707344,23.0,0.0021613543206401888,31.0,0.0021064570953593298,0.9807876468784741,0.906591925253781,0.8930189312797023,65.0,0.0020751476652017863,16.0,0.002090946736866593,15.0,0.0020837388414709462,17.0,0.0021194665075859338,18.0,0.0021300619340291842,,,,,,,,,0.9824104034844862,0.985056822321508,0.9500685975366211,0.9603948809345497,0.9728825026363701,,,,,,,,,,
79,other,What is the table made of?,wood,http://images.cocodataset.org/train2014/COCO_train2014_000000458763.jpg,4,235,0.994082344498644,-0.12204689532518387,Wood,4,15.0,0.002794288943020523,30.0,0.0026539399629662472,16.0,0.0025664683294824198,0.9967916319816366,0.923044530856772,0.949701216438411,19.0,0.0028211571434976304,,,,,,,,,,,,,,,,,0.8693978806749074,,,,,,,,,,,,,,
80,other,What is the green stuff on this pizza?,spinach,http://images.cocodataset.org/train2014/COCO_train2014_000000567990.jpg,8,253,0.9940665805165579,-0.5289545655250549,Bro,8,16.0,0.0026835199197043813,55.0,0.0031785333383696594,17.0,0.002777454482885221,0.9042492561839792,0.9394786607065478,0.9664022887695614,20.0,0.004081017095777527,15.0,0.0025726182554280676,17.0,0.0036954227151205377,24.0,0.0032371372715135414,16.0,0.0028462855350265587,,,,,,,,,0.8637400525036966,0.9664572819896988,0.8409160494198367,0.9195861945271689,0.9401204074720739,,,,,,,,,,
81,other,Is it thick or thin crust?,thick,http://images.cocodataset.org/train2014/COCO_train2014_000000567990.jpg,1,217,0.9529869002146742,-0.00571096409112215,Th,1,35.0,0.017237851568170325,,,,,0.9142375839462944,,,,,,,,,,,,,,,,,,,,,,,,,,,,,,,,,,,
82,other,What is the orange thing?,bag,http://images.cocodataset.org/train2014/COCO_train2014_000000393286.jpg,7,306,0.9985506863461887,-0.3297589123249054,Ban,7,19.0,0.0020124408761457353,25.0,0.002014614841280832,15.0,0.002021060758611384,0.9355095604394199,0.9745455500297382,0.9602297178607612,16.0,0.0020227717124802224,29.0,0.0020376385566047593,21.0,0.002051995589521016,19.0,0.0019767729699841684,,,,,,,,,,,0.949701216438411,0.9069376661757248,0.9164299980118936,0.9880900585356664,,,,,,,,,,,
83,other,Is this train headed towards or from the orange building?,from,http://images.cocodataset.org/train2014/COCO_train2014_000000000071.jpg,4,265,0.9987484545565816,-0.3696756064891815,Tow,4,17.0,0.0025784056404533876,25.0,0.002087409410832904,23.0,0.0025870058280902768,0.8091970544181963,0.9844232298383694,0.962336684315086,17.0,0.002566384894051374,,,,,,,,,,,,,,,,,0.9360847109776411,,,,,,,,,,,,,,
84,other,What is the giraffe eating?,leaves,http://images.cocodataset.org/train2014/COCO_train2014_000000000072.jpg,7,265,0.9991035151649803,-0.3008907735347748,Le,7,67.0,0.0018645796007779724,63.0,0.001861268190979931,18.0,0.001865248102933542,0.9794499619795389,0.97859874379638,0.9206250851407773,14.0,0.0018584619957092321,18.0,0.001880128107840127,17.0,0.0018757578182878026,15.0,0.0018665843548136883,,,,,,,,,,,0.995232557322099,0.9057125980138372,0.926262155095312,0.9500685975366211,,,,,,,,,,,
85,other,What is on the woman's neck?,necklace,http://images.cocodataset.org/train2014/COCO_train2014_000000393290.jpg,11,268,0.9894292427851774,-0.23328262567520142,Ne,11,49.0,0.0024434118455157277,35.0,0.002442102591243275,73.0,0.002454622082799899,0.9849132721985127,0.9753970535202382,0.9908764043841384,17.0,0.002457137104252977,7.0,0.002394762304082252,21.0,0.002445565844377136,28.0,0.0024177094077703558,19.0,0.002435385959447292,15.0,0.0024661299702935643,44.0,0.002446843337204252,15.0,0.0024685394925156707,,,0.8702290979524684,0.863120568566631,0.8924709137188214,0.9546444483376652,0.899507835327561,0.9967916319816366,0.9871336321578644,0.9709505944546686,,,,,,,
86,other,What item is folded up and sitting on the edge of the shower stall?,towel,http://images.cocodataset.org/train2014/COCO_train2014_000000393291.jpg,10,101,0.9991771195647756,-0.47816258668899536,Tow,10,137.0,0.0018929641144415218,47.0,0.001884104921855912,22.0,0.0018970053224226402,0.9751419798228611,0.9808038691325913,0.9477528103057692,89.0,0.0018903445308358906,24.0,0.0018834109007696902,16.0,0.001878650642600245,27.0,0.0018789431537800353,16.0,0.0018751120550088614,11.0,0.001887859593107652,16.0,0.0018862925971517299,,,,,0.9642762896251781,0.9977436826817001,0.9772170014624825,0.9466241891908829,0.9681390622295665,0.9940302114769565,0.9965119062478288,,,,,,,,
87,other,What pattern is on the shower curtain?,solid,http://images.cocodataset.org/train2014/COCO_train2014_000000393291.jpg,10,142,0.9909253871791326,-0.6685898900032043,St,10,27.0,0.00222061446637016,74.0,0.002213367304892974,15.0,0.0022236419671357987,0.9628962824334484,0.9744085876279388,0.8830374409547587,45.0,0.0022118590823261494,64.0,0.0022258171595532293,26.0,0.0022141685369077685,40.0,0.0022268047581073987,19.0,0.002221104282417561,31.0,0.002214248339279919,16.0,0.0022070965605817763,,,,,0.9644466196655214,0.9596401163186893,0.9566466065061588,0.9505224782002707,0.9119149038015315,0.9714634447796382,0.9681390622295665,,,,,,,,
88,other,What are the colors of the countertop?,brown,http://images.cocodataset.org/train2014/COCO_train2014_000000393291.jpg,3,333,0.9969220931224919,-0.8813028335571289,White,3,31.0,0.0023640381590160045,19.0,0.002284601154506011,18.0,0.0022767001225432004,0.9771521080630206,0.9427556840016249,0.9955380299191112,,,,,,,,,,,,,,,,,,,,,,,,,,,,,,,,,
89,other,What is the person on the right called?,referee,http://images.cocodataset.org/train2014/COCO_train2014_000000262221.jpg,2,86,0.9690812330562533,-0.7288854718208313,Ref,2,611.0,0.003193353795608134,90.0,0.003168571001450746,,,0.9977994258520587,0.9971103205137037,,,,,,,,,,,,,,,,,,,,,,,,,,,,,,,,,,
90,other,What time does the clock say?,8:00,http://images.cocodataset.org/train2014/COCO_train2014_000000000078.jpg,4,182,0.9970463064844869,-0.35930144786834717,,4,58.0,0.0022045980195408072,19.0,0.002174049144847579,28.0,0.002137052285875169,0.9589699218440477,0.9462035592964384,0.9564164990541855,133.0,0.0021506329483065175,,,,,,,,,,,,,,,,,0.9780316231244136,,,,,,,,,,,,,,
91,other,What is the last letter over the plane?,e,http://images.cocodataset.org/train2014/COCO_train2014_000000000081.jpg,9,227,0.9969906446317343,-1.6500742435455322,A,9,15.0,0.0021609909123180256,21.0,0.0021836837807552444,36.0,0.0021480094420935954,0.9877812438119247,0.91874241485597,0.9667846160039171,27.0,0.00217422280104433,40.0,0.0021689470417830614,28.0,0.0021883233076544746,44.0,0.002146834619606341,25.0,0.002146897950152017,16.0,0.0021677763487050823,,,,,,,0.9222277221150782,0.9744065574451692,0.9642508340183118,0.9683999590847038,0.9719629156972361,0.9755307720176266,,,,,,,,,
92,other,What is the number on the mailbox?,24,http://images.cocodataset.org/train2014/COCO_train2014_000000000086.jpg,8,189,0.9991574684062487,-0.11177265644073486,,8,17.0,0.0019199618136115334,17.0,0.0018915635788288787,133.0,0.001914397566046602,0.8726389366057714,0.9771236998460402,0.9712877106035529,33.0,0.001909196718014954,16.0,0.0019111593543490895,16.0,0.0019036533808741015,13.0,0.001896159600926088,76.0,0.0019011869487931328,,,,,,,,,0.9712979007376968,0.8950145145731531,0.9755307720176265,0.9629470156266078,0.9687394140087767,,,,,,,,,,
93,other,What are the animals doing?,grazing,http://images.cocodataset.org/train2014/COCO_train2014_000000524375.jpg,7,221,0.996127029271027,-1.1210582256317139,The,7,39.0,0.0024543065129640157,15.0,0.002410400299264585,74.0,0.0023183212883238023,0.931396931279037,0.8830374409547587,0.9681542946113316,24.0,0.0023503223960242917,16.0,0.002356984479103662,17.0,0.002402214464521013,25.0,0.002421260063167253,,,,,,,,,,,0.9360898016760627,0.9755307720176266,0.9603948809345497,0.9934804071359582,,,,,,,,,,,
94,other,What breed of livestock is shown?,sheep,http://images.cocodataset.org/train2014/COCO_train2014_000000524375.jpg,2,297,0.9990051607472682,-0.08899398893117905,She,2,15.0,0.001966078526696907,62.0,0.001993631354685139,,,0.9446232142545791,0.9834549228624486,,,,,,,,,,,,,,,,,,,,,,,,,,,,,,,,,,
95,other,What language is the sign written in?,spanish,http://images.cocodataset.org/train2014/COCO_train2014_000000131160.jpg,0,267,0.9990961163070439,-0.7903167009353638,English,0,,,,,,,,,,,,,,,,,,,,,,,,,,,,,,,,,,,,,,,,,,
96,other,How has the cheese been prepared?,melted,http://images.cocodataset.org/train2014/COCO_train2014_000000524377.jpg,3,255,0.9990960473051633,-0.9700993299484253,M,3,16.0,0.001853411671794139,15.0,0.0018523516422311143,16.0,0.0019380499624343588,0.9822177815287605,0.9859247724121322,0.8194483718728035,,,,,,,,,,,,,,,,,,,,,,,,,,,,,,,,,
97,other,What is the cutting board used for in this scene?,plate,http://images.cocodataset.org/train2014/COCO_train2014_000000524377.jpg,5,173,0.9991596951307217,-1.593522071838379,C,5,131.0,0.001930660103159362,22.0,0.0019100293525169732,31.0,0.0019191186432867642,0.9738358126229891,0.948769510358905,0.9740469587344318,21.0,0.0019367137384140626,2.0,0.001867377020303887,,,,,,,,,,,,,,,0.9588649012766761,0.0,,,,,,,,,,,,,
98,other,Of what meal is this kind of food typical?,lunch,http://images.cocodataset.org/train2014/COCO_train2014_000000524377.jpg,10,146,0.9992401679865982,-0.1735175997018814,L,10,118.0,0.0018971856823461015,30.0,0.001920569280552551,40.0,0.0019021380841730592,0.9883844489581577,0.9768921860244644,0.980156190244276,17.0,0.0018970122340370207,13.0,0.001896648898889753,15.0,0.0018981561432217181,19.0,0.0019022894344906073,2.0,0.0018444300340661798,48.0,0.0019066565532870896,20.0,0.0019448536135832737,,,,,0.9256134079485958,0.8956403056385981,0.9602297178607612,0.9495113755878273,0.0,0.9794305405237486,0.858672711073255,,,,,,,,
99,other,What type of food is shown?,hot dog,http://images.cocodataset.org/train2014/COCO_train2014_000000524377.jpg,6,98,0.9975470009043895,-0.9515660405158997,Hot,6,227.0,0.0022866160179210566,17.0,0.0023810344240400906,29.0,0.0023005933889142117,0.9774513186501377,0.9975025463691152,0.9951756793098177,215.0,0.0022613613875559686,44.0,0.0022525506554892123,15.0,0.0021675423097003567,,,,,,,,,,,,,0.9809446888978056,0.9888078552842766,0.9602297178607612,,,,,,,,,,,,
100,other,What is the topping on the hot dog?,peppers,http://images.cocodataset.org/train2014/COCO_train2014_000000524377.jpg,1,102,0.9936093142765452,-0.29542601108551025,On,1,315.0,0.0031131680105108213,,,,,0.9723415546913441,,,,,,,,,,,,,,,,,,,,,,,,,,,,,,,,,,,
101,other,What topping is on the hot dog?,onions,http://images.cocodataset.org/train2014/COCO_train2014_000000524377.jpg,1,104,0.993521193467526,-0.2736632525920868,On,1,308.0,0.0031452063849084205,,,,,0.9727347471901521,,,,,,,,,,,,,,,,,,,,,,,,,,,,,,,,,,,
102,other,What is in the small container?,butter,http://images.cocodataset.org/train2014/COCO_train2014_000000524377.jpg,4,252,0.9990500032396731,-0.9534705281257629,May,4,22.0,0.00184789678423405,62.0,0.001864465504175892,16.0,0.00186951122068303,0.9811519819141796,0.991762093995524,0.9965119062478288,18.0,0.001886096326753437,,,,,,,,,,,,,,,,,0.8929352898779308,,,,,,,,,,,,,,
103,other,What are the components of this dish?,butter,http://images.cocodataset.org/train2014/COCO_train2014_000000524377.jpg,9,237,0.9969721878029764,-1.5429534912109375,The,9,15.0,0.0022756642186950366,28.0,0.002196401054355239,18.0,0.002253248793674516,0.9654013672997089,0.9416209858724521,0.9591479170272448,89.0,0.002389782026727494,21.0,0.002401229309134309,16.0,0.0024574260596670794,15.0,0.0024242550173167996,53.0,0.0023150244277860385,23.0,0.002313606873524065,,,,,,,0.9803471112914708,0.9803153789223941,0.9886994082884974,0.9967916319816366,0.9755089101181273,0.992638795254511,,,,,,,,,
104,other,How delicious does this look?,very,http://images.cocodataset.org/train2014/COCO_train2014_000000524377.jpg,3,284,0.9969040244460047,-0.6713836193084717,Very,3,20.0,0.002188235791983536,32.0,0.0022000459718271,29.0,0.0022883260401923523,0.9077266474915605,0.9301408892296912,0.8491591553471043,,,,,,,,,,,,,,,,,,,,,,,,,,,,,,,,,
105,other,What two vegetables are in the white bowl?,none,http://images.cocodataset.org/train2014/COCO_train2014_000000524377.jpg,2,149,0.9990971143154603,-1.1039769649505615,On,2,24.0,0.001974458976985277,155.0,0.0020546129740027135,,,0.9795739585136224,0.9706477591500181,,,,,,,,,,,,,,,,,,,,,,,,,,,,,,,,,,
106,other,What type of filling is in the dish on the bottom left?,mayonnaise,http://images.cocodataset.org/train2014/COCO_train2014_000000524377.jpg,4,273,0.9981264706584082,-1.907235860824585,Must,4,24.0,0.0022359935461538365,23.0,0.0021534842079159954,17.0,0.002193955600024119,0.9089487034762164,0.918194298054991,0.932718552659954,15.0,0.0024182068984498224,,,,,,,,,,,,,,,,,0.9182958340544896,,,,,,,,,,,,,,
107,other,What is the yellow stuff in a bowl?,butter,http://images.cocodataset.org/train2014/COCO_train2014_000000524377.jpg,2,265,0.995127144737438,-0.7394894957542419,Must,2,172.0,0.0023753986679794434,20.0,0.0023658242814279294,,,0.9876421466100768,1.0,,,,,,,,,,,,,,,,,,,,,,,,,,,,,,,,,,
108,other,What is the hot dog sitting on top of?,bun,http://images.cocodataset.org/train2014/COCO_train2014_000000524377.jpg,12,289,0.9914596333278697,-0.19391436874866486,Bun,12,17.0,0.002746562581765062,15.0,0.0028277863856984806,15.0,0.002810377636961777,0.8702290979524684,0.9709505944546686,0.9967916319816366,27.0,0.0026369851925813043,39.0,0.002604408502203915,17.0,0.002504065806094162,32.0,0.0027712984657447316,17.0,0.0025069265852463046,33.0,0.0025211153337147624,19.0,0.002611840417298621,16.0,0.0026829407340491934,15.0,0.0026077893223517595,0.978535424197746,0.9624350350452756,0.9771236998460402,0.9416739596186111,0.9856676426534905,0.9729903075900136,0.9119149038015315,0.9463946303571862,0.9654013672997089,,,,,,
109,other,What are the orange things?,sweet potato fries,http://images.cocodataset.org/train2014/COCO_train2014_000000524377.jpg,1,119,0.9886507962432916,-0.5235883593559265,On,1,306.0,0.003719459533679041,,,,,0.9712409686011525,,,,,,,,,,,,,,,,,,,,,,,,,,,,,,,,,,,
110,other,Are the carrots diced or cut long ways?,long ways,http://images.cocodataset.org/train2014/COCO_train2014_000000524377.jpg,2,292,0.9985145168247611,-0.8966535925865173,C,2,30.0,0.0019653297765037897,26.0,0.001954524783886948,,,0.9715270798158865,0.9703543378134543,,,,,,,,,,,,,,,,,,,,,,,,,,,,,,,,,,
111,other,What is in the cup?,mayo,http://images.cocodataset.org/train2014/COCO_train2014_000000524377.jpg,9,237,0.9989823843492928,-1.0913254022598267,May,9,15.0,0.0018465369715509681,15.0,0.0018465879930104766,28.0,0.0018522593984982665,0.982798115178801,0.9543063494363562,0.9766622869908744,103.0,0.0018628367903937768,23.0,0.0018501177841298525,17.0,0.0018691051335642818,30.0,0.0018597139322393962,22.0,0.0018505364005773884,16.0,0.0018665017537335905,,,,,,,0.9853701852375245,0.9909775756786534,0.9975025463691152,0.9768921860244644,0.9177440790123383,1.0,,,,,,,,,
112,other,What is the orange root called?,sweet potato,http://images.cocodataset.org/train2014/COCO_train2014_000000524377.jpg,5,261,0.9933908684321081,-0.2586309611797333,Car,5,56.0,0.0023173159791715476,22.0,0.0024987435872709587,23.0,0.002339877525246384,0.9823857228707404,0.9063593311749661,0.9527439088345311,93.0,0.002372594616491863,60.0,0.0023973499354566804,,,,,,,,,,,,,,,0.980682824816096,0.9836592950321824,,,,,,,,,,,,,
113,other,What is the blackened meat on the bread?,hot dog,http://images.cocodataset.org/train2014/COCO_train2014_000000524377.jpg,7,226,0.9953171196311207,-0.48911184072494507,Hot,7,15.0,0.002216732617598929,27.0,0.002377604970645101,16.0,0.0021729758313458686,0.982798115178801,0.9564142500056078,0.9822177815287605,67.0,0.002261230891395761,24.0,0.002313953829837288,15.0,0.0022000144109114725,52.0,0.00228037424899691,,,,,,,,,,,0.9808582029259693,0.9441359346989788,0.982798115178801,0.9684432052462089,,,,,,,,,,,
114,other,What is on the sandwich?,hot dog,http://images.cocodataset.org/train2014/COCO_train2014_000000524377.jpg,1,91,0.9883914525070526,-0.40626317262649536,On,1,327.0,0.0035668768725212762,,,,,0.971925415579937,,,,,,,,,,,,,,,,,,,,,,,,,,,,,,,,,,,
115,other,What animal is on the plate?,pig,http://images.cocodataset.org/train2014/COCO_train2014_000000524377.jpg,10,205,0.9931973302847447,-0.2981802821159363,Dog,10,27.0,0.0027222143636378925,16.0,0.00281036467211481,18.0,0.0027294522036453686,0.9749158709665856,0.9965119062478288,0.9773429734731779,36.0,0.002607272625974308,41.0,0.0026894973638612687,17.0,0.0025149614053051705,8.0,0.0023436950226722346,10.0,0.0027505242325974164,21.0,0.00259254145110508,23.0,0.003210190344654145,,,,,0.9803813185510974,0.9944599503431344,0.9719977955078916,0.9463946303571862,1.0,0.9507271636456953,0.8710381856146567,,,,,,,,
116,other,What is on the hotdog?,onions,http://images.cocodataset.org/train2014/COCO_train2014_000000524377.jpg,1,125,0.9788176378237415,-0.3554539084434509,On,1,301.0,0.00432676141378124,,,,,0.9709232890297443,,,,,,,,,,,,,,,,,,,,,,,,,,,,,,,,,,,
117,other,What two vegetables can be seen on the pizza?,none,http://images.cocodataset.org/train2014/COCO_train2014_000000524377.jpg,1,150,0.9928262263099007,-0.5942868590354919,On,1,225.0,0.0030262543368932537,,,,,0.9753179831702785,,,,,,,,,,,,,,,,,,,,,,,,,,,,,,,,,,,
118,other,What condiment is on the potatoes?,butter,http://images.cocodataset.org/train2014/COCO_train2014_000000524377.jpg,9,181,0.996004295569334,-1.3481093645095825,But,9,15.0,0.0021738157109247574,17.0,0.002185804418867394,139.0,0.0021783750097844885,0.8830374409547587,0.9437600120884534,0.9802110263137995,19.0,0.0022239624899097767,19.0,0.0022072061293162437,73.0,0.0021786934317355963,30.0,0.002186780594653913,32.0,0.0021695814198064095,20.0,0.0022001564462212444,,,,,,,0.858059727974443,0.9649618403823442,0.98172700696557,0.9866270499054915,0.9799985373075658,0.9976834773764093,,,,,,,,,
119,other,What sauces are shown?,butter,http://images.cocodataset.org/train2014/COCO_train2014_000000524377.jpg,6,224,0.9976349484591444,-1.3902966976165771,Must,6,60.0,0.0022754777756271044,32.0,0.0021330238935490255,15.0,0.002202879807817439,0.9749665846475243,0.9962028335770804,1.0,35.0,0.0021528739154542515,28.0,0.0021703926272136362,59.0,0.002160232258889888,,,,,,,,,,,,,0.9734265286457107,0.9564164990541855,0.9833682034553665,,,,,,,,,,,,
120,other,What is mainly featured?,hot dog,http://images.cocodataset.org/train2014/COCO_train2014_000000524377.jpg,4,267,0.994392416544814,-0.9283919930458069,Hot,4,26.0,0.0021912915287186437,16.0,0.0022043118786639923,35.0,0.002201969836295751,0.9960328067605414,0.9886085007312413,0.9874117084085251,30.0,0.0022733956399002917,,,,,,,,,,,,,,,,,0.8843159484381338,,,,,,,,,,,,,,
121,other,What is the pattern on the vase?,floral,http://images.cocodataset.org/train2014/COCO_train2014_000000393306.jpg,2,173,0.9991324734876397,-0.7459755539894104,Flor,2,250.0,0.002023365157907129,12.0,0.001974817367741483,,,0.9774057765216364,0.9358932809493993,,,,,,,,,,,,,,,,,,,,,,,,,,,,,,,,,,
122,other,What is the primary color of the bathroom?,yellow,http://images.cocodataset.org/train2014/COCO_train2014_000000262159.jpg,3,233,0.9550448536922992,-0.4568241834640503,Y,3,53.0,0.00659216509846654,65.0,0.006655945702483155,25.0,0.006646952515450665,0.96315450087862,0.9808984229866329,0.9837115354331802,,,,,,,,,,,,,,,,,,,,,,,,,,,,,,,,,
123,other,What is printed on the orange sign?,pizza,http://images.cocodataset.org/train2014/COCO_train2014_000000000094.jpg,4,170,0.9941646153985216,-1.9769706726074219,Peace,4,113.0,0.0035506833737908206,40.0,0.0027975972332565926,43.0,0.0030937890048672472,0.9735925703944254,0.9463129103753751,0.9339197595742913,20.0,0.0031315304388486085,,,,,,,,,,,,,,,,,0.9138646883853215,,,,,,,,,,,,,,
124,other,What is the name of the hotel?,peace way,http://images.cocodataset.org/train2014/COCO_train2014_000000000094.jpg,4,188,0.9859273102042723,-1.5236873626708984,Peace,4,139.0,0.004913302805021342,25.0,0.003507118918542854,34.0,0.003928189679757481,0.9778731872963048,0.9310898965050362,0.9211866868776989,18.0,0.00380031126541401,,,,,,,,,,,,,,,,,0.9591479170272447,,,,,,,,,,,,,,
125,other,What mode of transportation is pictured?,car,http://images.cocodataset.org/train2014/COCO_train2014_000000000094.jpg,5,172,0.9933701001393584,-0.12183532863855362,Car,5,16.0,0.0023382824469708515,8.0,0.002282671274320312,16.0,0.0023585280833899633,0.9886085007312413,0.985056822321508,0.9886085007312412,225.0,0.0024172113035568483,39.0,0.0024245038550485105,,,,,,,,,,,,,,,0.9964709798923604,0.9979524766517746,,,,,,,,,,,,,
126,other,What airline is this?,everts air cargo,http://images.cocodataset.org/train2014/COCO_train2014_000000393311.jpg,6,223,0.9966788702646372,-2.306500196456909,Jet,6,15.0,0.0021637326445592495,28.0,0.0021209421347265665,96.0,0.0021613198920984894,0.9602297178607612,0.9652818091232153,0.9719710121592594,18.0,0.002168380127380954,25.0,0.0021688681566489052,16.0,0.0022227253356048786,,,,,,,,,,,,,0.9206250851407775,0.8851354818762932,0.8950145145731531,,,,,,,,,,,,
127,other,The plane's stand resembles what letter?,a,http://images.cocodataset.org/train2014/COCO_train2014_000000393311.jpg,7,314,0.9974024918126017,-1.2203943729400635,E,7,20.0,0.002336371876495907,27.0,0.002236723842547448,23.0,0.0022985327958371395,0.9602297178607612,0.978535424197746,0.9185103271193574,15.0,0.0021848227827907496,52.0,0.00224280132640562,24.0,0.002264127988752233,15.0,0.0022149621872229112,,,,,,,,,,,0.9877812438119246,0.9679479670243725,0.9856259180022331,0.9500685975366211,,,,,,,,,,,
128,other,What type of plane is this?,cargo,http://images.cocodataset.org/train2014/COCO_train2014_000000393311.jpg,4,275,0.9947429125016417,-0.7773014903068542,C,4,17.0,0.00251728274753743,15.0,0.0023670829902689553,93.0,0.0025983416974488197,0.9519839065438831,0.982798115178801,0.9707617367847665,20.0,0.0025533462167368287,,,,,,,,,,,,,,,,,0.9927376486136672,,,,,,,,,,,,,,
129,other,What is written on the picture?,dutchsimba,http://images.cocodataset.org/train2014/COCO_train2014_000000393311.jpg,7,292,0.9986745570927026,-1.60935378074646,"""",7,40.0,0.0019730246172069096,26.0,0.0019750707372525977,37.0,0.0019842677648515693,0.9549704071500047,0.9325023032951825,0.9238557080624094,7.0,0.0019379666810624718,62.0,0.001976409704301876,16.0,0.0019786770367676274,15.0,0.002003773527832618,,,,,,,,,,,0.9852281360342515,0.9582234829982232,0.8950145145731531,0.9709505944546686,,,,,,,,,,,
130,other,What shipping company is represented in the scene?,everts air cargo,http://images.cocodataset.org/train2014/COCO_train2014_000000393311.jpg,10,138,0.9974651021139532,-1.125246286392212,Fed,10,23.0,0.001964958434765669,63.0,0.0019417673294006375,15.0,0.001941754713746025,0.9056822735153807,0.9743375902414179,0.9543063494363562,47.0,0.0019412013538204333,15.0,0.0019408598298003457,3.0,0.0019293673254898874,37.0,0.0019291456911164741,18.0,0.001927722557875548,16.0,0.0019343381689877282,17.0,0.001957962046860021,,,,,0.9730138903474125,0.9446232142545791,0.0,0.9985102899533136,1.0,0.9724056781360315,0.9770358764490155,,,,,,,,
131,other,What airline is this plane from?,everts air cargo,http://images.cocodataset.org/train2014/COCO_train2014_000000393311.jpg,2,265,0.9964944056454841,-2.134610176086426,Jet,2,89.0,0.0021755996397097295,23.0,0.0022619331852670164,,,0.9737066702625848,0.8757633818798277,,,,,,,,,,,,,,,,,,,,,,,,,,,,,,,,,,
132,other,How does the man get down from the machine?,stairs,http://images.cocodataset.org/train2014/COCO_train2014_000000393311.jpg,2,249,0.9979519004249761,-0.9227129220962524,Lad,2,66.0,0.0023057229675729567,18.0,0.002146502382781968,,,0.9614469169032324,0.9579945435450241,,,,,,,,,,,,,,,,,,,,,,,,,,,,,,,,,,
133,other,What is the picture of on wall?,abstract,http://images.cocodataset.org/train2014/COCO_train2014_000000524386.jpg,5,178,0.999427800357982,-2.206655263900757,A,5,124.0,0.001950146736942163,15.0,0.0019414980596213524,15.0,0.001965253286928623,0.9639411284903124,0.9602297178607612,0.9018972358711528,17.0,0.002023996551456735,16.0,0.0018967745964428196,,,,,,,,,,,,,,,0.8409160494198367,1.0,,,,,,,,,,,,,
134,other,What is on the carpet?,rug,http://images.cocodataset.org/train2014/COCO_train2014_000000524386.jpg,6,239,0.9995256388379251,-1.2422196865081787,R,6,24.0,0.0017977779897621884,17.0,0.001796135513277933,23.0,0.001801228418747867,0.9941242220390273,0.9844171139677748,0.9464015429169481,15.0,0.001816325107239392,19.0,0.0018071250451560592,19.0,0.0018086191782711548,,,,,,,,,,,,,0.7835807040488099,0.9355095604394199,0.9064726381299402,,,,,,,,,,,,
135,other,What are the ladies doing?,texting,http://images.cocodataset.org/train2014/COCO_train2014_000000131172.jpg,3,321,0.9695402204901744,-0.74611496925354,The,3,16.0,0.003603031073709154,24.0,0.0035806936485558312,28.0,0.003978343222743998,0.9618974703476992,0.9776902310822042,0.928138501383303,,,,,,,,,,,,,,,,,,,,,,,,,,,,,,,,,
136,other,What is written on the street?,nothing,http://images.cocodataset.org/train2014/COCO_train2014_000000393317.jpg,6,168,0.9802025835428178,-0.2020358294248581,Som,6,106.0,0.0038968494166965453,29.0,0.0036220228889233164,18.0,0.005993996764263963,0.9562780066820503,0.9551515577264507,1.0,115.0,0.004345625224327028,53.0,0.004804359074838504,8.0,0.003661227315503701,,,,,,,,,,,,,0.9857733347982648,0.9859734851658795,0.8112781244591328,,,,,,,,,,,,
137,other,Urban or suburban?,urban,http://images.cocodataset.org/train2014/COCO_train2014_000000393317.jpg,9,139,0.9978258176969368,-0.10598936676979065,Urban,9,17.0,0.001982992296337238,141.0,0.001967578060792109,18.0,0.001979499533221359,0.9360847109776411,0.9808271815344001,0.9915323997298832,37.0,0.001978476942910126,71.0,0.001959154058077422,21.0,0.001975243093334087,16.0,0.0019878116771143498,21.0,0.0019743989767626456,30.0,0.001977734799148443,,,,,,,0.9511167773047663,0.9781050470833941,0.8768312711674585,0.886859507142915,0.9517619850443704,0.9824567505740444,,,,,,,,,
138,other,What type of vehicle is on the left?,bus,http://images.cocodataset.org/train2014/COCO_train2014_000000393317.jpg,6,241,0.9959748864126107,-0.43370306491851807,Car,6,219.0,0.0021607085044779853,15.0,0.0022044185359772475,26.0,0.002149812704239651,0.9866870937649055,0.9182958340544896,0.9392336446625552,39.0,0.0021360156958905065,22.0,0.0021351725435728402,27.0,0.0021713222450672246,,,,,,,,,,,,,0.9979524766517746,0.9747321513897028,0.9829951409678864,,,,,,,,,,,,
139,other,What is being held green?,light,http://images.cocodataset.org/train2014/COCO_train2014_000000393317.jpg,5,325,0.9964302838715636,-1.0106966495513916,Tra,5,16.0,0.002359407591518717,21.0,0.0022001373281209987,22.0,0.00219184384828376,0.954434002924965,0.9152702405299552,0.9162551119060502,15.0,0.002126809413834912,58.0,0.0022519980546194546,,,,,,,,,,,,,,,0.9446232142545791,0.9568964997390423,,,,,,,,,,,,,
140,other,What time of day is it?,afternoon,http://images.cocodataset.org/train2014/COCO_train2014_000000393317.jpg,2,214,0.998750752238687,-1.070979356765747,Af,2,212.0,0.0019749351872596545,16.0,0.0019509177724783252,,,0.970213609021307,0.9248008763572907,,,,,,,,,,,,,,,,,,,,,,,,,,,,,,,,,,
141,other,What country name is written as the highest word on the bus?,guatemala,http://images.cocodataset.org/train2014/COCO_train2014_000000546151.jpg,7,264,0.9991783202624694,-1.3080188035964966,Mexico,7,18.0,0.002131370134997726,16.0,0.0022789302509291978,19.0,0.0021726762332158144,0.9319131950454078,0.8194483718728035,0.9119149038015315,8.0,0.0020884208849418287,16.0,0.002195507786714882,16.0,0.0020724385337531474,2.0,0.0018041605813432751,,,,,,,,,,,0.8112781244591328,0.8950145145731531,0.9528195311147832,0.0,,,,,,,,,,,
142,other,What is the skier standing on?,skis,http://images.cocodataset.org/train2014/COCO_train2014_000000021826.jpg,3,296,0.9895388400938725,-0.11904775351285934,Snow,3,31.0,0.00310794657218812,15.0,0.003463122889545179,20.0,0.0041354816780102555,0.9571234706007656,0.8983958159908183,0.8427376486136672,,,,,,,,,,,,,,,,,,,,,,,,,,,,,,,,,
143,other,What is the person doing?,skiing,http://images.cocodataset.org/train2014/COCO_train2014_000000021826.jpg,7,293,0.9915365880159239,-0.5380029082298279,The,7,26.0,0.002669118634322394,21.0,0.0027150465243357793,15.0,0.0025313445217184163,0.9785634767531909,0.9517619850443704,0.9543063494363562,21.0,0.0028179654350380537,30.0,0.002722310528013653,27.0,0.0027215466493183175,10.0,0.0027572687706491827,,,,,,,,,,,0.8907082013105603,0.9243395009813076,0.9687108622217321,0.8812908992306927,,,,,,,,,,,
144,other,What infrastructure would one drive on to go perpendicular to the water?,boat,http://images.cocodataset.org/train2014/COCO_train2014_000000000109.jpg,6,208,0.9987422421755977,-0.6947438716888428,Bridge,6,63.0,0.0019682336571083797,24.0,0.00197269788115549,16.0,0.001975200259384573,0.9729512284517018,0.9441359346989788,0.9755307720176266,16.0,0.0019678812029527808,54.0,0.0019760390722315417,15.0,0.0019438945809476154,,,,,,,,,,,,,0.8980898459737486,0.954469120293331,0.9161314485121343,,,,,,,,,,,,
145,other,What pizza topping is this?,cheese,http://images.cocodataset.org/train2014/COCO_train2014_000000000110.jpg,7,239,0.9980006267181901,-0.7999823093414307,Che,7,73.0,0.0021068576997957055,25.0,0.0020749132485098,11.0,0.0020484025331217234,0.9635615552071298,0.9949956408022633,0.9922150607220183,73.0,0.002076176770423001,20.0,0.002074944576965247,25.0,0.002098824417632832,23.0,0.002149950556571057,,,,,,,,,,,0.9773825629909703,0.9763620978123273,0.9506546819022289,0.9876197168461961,,,,,,,,,,,
146,other,What is in the vase next to the flowers?,paper,http://images.cocodataset.org/train2014/COCO_train2014_000000305853.jpg,2,276,0.9979031020894966,-1.0697355270385742,P,2,15.0,0.0019897213570419076,29.0,0.0020514143824686202,,,0.9949490477321437,0.915609109060633,,,,,,,,,,,,,,,,,,,,,,,,,,,,,,,,,,
147,other,Are these flowers real or silk?,real,http://images.cocodataset.org/train2014/COCO_train2014_000000305853.jpg,2,260,0.9598046015314654,-0.6235829591751099,Real,2,24.0,0.004185536703657707,17.0,0.008560479348138453,,,0.9931913195045409,0.8726389366057714,,,,,,,,,,,,,,,,,,,,,,,,,,,,,,,,,,
148,other,England's Queen mother and these blooms share what syllable?,sun,http://images.cocodataset.org/train2014/COCO_train2014_000000305853.jpg,4,236,0.996914025858627,-2.102712631225586,"""",4,43.0,0.0022917397522193832,27.0,0.0022440821121832537,35.0,0.0021365342911519097,0.9306375743592765,0.9804966463881547,0.9766336545574054,15.0,0.00212713904763136,,,,,,,,,,,,,,,,,0.982798115178801,,,,,,,,,,,,,,
149,other,What emblem is on the cake?,words,http://images.cocodataset.org/train2014/COCO_train2014_000000000113.jpg,6,135,0.9983401443139447,-0.9680891036987305,An,6,254.0,0.0019600181603256733,18.0,0.001966006296191599,40.0,0.0019455355098467711,0.9820018220710419,0.9915323997298832,0.978800506072831,24.0,0.0019386272211573327,16.0,0.0019387634955214457,5.0,0.001954118843141491,,,,,,,,,,,,,0.9697883595925099,0.9618974703476992,0.0,,,,,,,,,,,,
150,other,Are they outside or in?,inside,http://images.cocodataset.org/train2014/COCO_train2014_000000000113.jpg,7,150,0.998799601808117,-0.5497056841850281,Inside,7,65.0,0.001965570648227287,29.0,0.0019328742957079438,15.0,0.001939547597850301,0.9714695868425441,0.9759457518122127,0.944623214254579,99.0,0.0019628183936631145,16.0,0.0019475696671133061,18.0,0.0019348907752729724,11.0,0.0019148164333611104,,,,,,,,,,,0.9624726914708462,0.9414280318460245,0.9736669121131954,0.9681300137657637,,,,,,,,,,,
151,other,What are the initials on the cake?,md,http://images.cocodataset.org/train2014/COCO_train2014_000000000113.jpg,7,253,0.9991836951464028,-2.4046499729156494,M,7,15.0,0.0018700235219698477,89.0,0.0018871174933199361,19.0,0.001877551804067383,0.9446232142545791,0.978898786190794,0.9752404816059184,41.0,0.0018769686224452413,15.0,0.0018950150663073569,21.0,0.0018824676974399876,13.0,0.0018736904234039253,,,,,,,,,,,0.9607493953792975,0.9967916319816366,0.9363346784550166,0.92146324007577,,,,,,,,,,,
152,other,What utensil is in the pan?,knife,http://images.cocodataset.org/train2014/COCO_train2014_000000262261.jpg,3,295,0.9960763162240649,-1.012486219406128,Kn,3,32.0,0.002191770071491188,19.0,0.0021336138017878114,16.0,0.0021511692486173204,0.9618301774210533,0.9863924063933985,1.0,,,,,,,,,,,,,,,,,,,,,,,,,,,,,,,,,
153,other,What is the red vegetable in the clear dish?,tomato,http://images.cocodataset.org/train2014/COCO_train2014_000000262261.jpg,5,219,0.9956131045793069,-0.7407791614532471,Tom,5,156.0,0.0022903628377094042,15.0,0.002232266741938277,15.0,0.002274846713031307,0.9897828198686436,0.982798115178801,0.9543063494363562,43.0,0.00233703284599342,36.0,0.0023952107616178092,,,,,,,,,,,,,,,0.9567886483236617,0.9625323662330156,,,,,,,,,,,,,
154,other,What tree is on the left?,evergreen,http://images.cocodataset.org/train2014/COCO_train2014_000000131190.jpg,2,145,0.9854246876332659,-1.5083767175674438,Oak,2,164.0,0.002790848770264439,168.0,0.0028103395757118847,,,0.9913385445812616,0.994782937244674,,,,,,,,,,,,,,,,,,,,,,,,,,,,,,,,,,
155,other,What is the material right around the clock?,wood,http://images.cocodataset.org/train2014/COCO_train2014_000000131190.jpg,6,194,0.9987016973512289,-0.34235888719558716,Br,6,54.0,0.0022386126886514805,26.0,0.0021854320268549295,27.0,0.0021759456215895232,0.928025680880059,0.9507796043250699,0.9330829761526953,19.0,0.002129259257359155,20.0,0.002114672499389861,21.0,0.002112645950188909,,,,,,,,,,,,,0.9720048748581784,0.9403319177008926,0.9663407895758984,,,,,,,,,,,,
156,other,How tall is this building?,100 feet,http://images.cocodataset.org/train2014/COCO_train2014_000000131190.jpg,6,257,0.9966645995184624,-1.0200836658477783,T,6,17.0,0.002272695419144279,22.0,0.0023094235216060406,20.0,0.0023308130608105824,0.9771236998460401,0.9538197181912221,0.9630603734213403,15.0,0.002317650685720737,67.0,0.002348419634391849,15.0,0.0022436155842060945,,,,,,,,,,,,,0.9877812438119247,0.968220431717149,0.9664572819896989,,,,,,,,,,,,
157,other,What materials are on the roof?,shingles,http://images.cocodataset.org/train2014/COCO_train2014_000000131190.jpg,5,304,0.9937068235987132,-1.0599371194839478,Br,5,23.0,0.0024999988227723396,16.0,0.0026241408053135143,15.0,0.0023204960664169696,0.992638795254511,0.8387794678549646,0.982798115178801,15.0,0.0023368149228442997,24.0,0.002352362736857579,,,,,,,,,,,,,,,0.9446232142545791,0.9776902310822042,,,,,,,,,,,,,
158,other,What is in gold at the top of the building?,clock,http://images.cocodataset.org/train2014/COCO_train2014_000000131190.jpg,7,207,0.9985808104769588,-0.1925998032093048,C,7,43.0,0.0019713632139821318,52.0,0.001997414135090293,29.0,0.0020242471877380142,0.980756363442972,0.9881395240659793,0.9884926523631881,46.0,0.001988882989204433,15.0,0.001982810885945108,82.0,0.002006120648262539,23.0,0.002016899521726372,,,,,,,,,,,0.9750437935268509,0.9877812438119246,0.9717106878475805,0.8950252083920532,,,,,,,,,,,
159,other,What are on both side of the building?,trees,http://images.cocodataset.org/train2014/COCO_train2014_000000131190.jpg,8,233,0.9929495334998988,-1.5267435312271118,Windows,8,37.0,0.0026824556457553106,9.0,0.0028060268449903716,15.0,0.0027687041771835147,0.9692906219117087,0.7642045065086203,0.9500685975366211,75.0,0.0027475919609289278,3.0,0.0023500029707654714,15.0,0.0027283494371522447,21.0,0.003031080090491068,18.0,0.0026685806554281274,,,,,,,,,0.9560098306461063,0.0,0.9500685975366211,0.9748830897462037,0.9591479170272447,,,,,,,,,,
160,other,What is around the tree?,building,http://images.cocodataset.org/train2014/COCO_train2014_000000131190.jpg,5,250,0.9930017648788688,-1.3344526290893555,F,5,23.0,0.0027754648988344175,99.0,0.002769723205863169,16.0,0.0025121455402175473,0.8840088129995087,0.9812688819567726,0.9886085007312413,13.0,0.002561130613308748,22.0,0.002600383325030253,,,,,,,,,,,,,,,0.99473723787795,0.9609557933859342,,,,,,,,,,,,,
161,other,What is the woman doing in this photo?,petting sheep,http://images.cocodataset.org/train2014/COCO_train2014_000000131197.jpg,1,282,0.9864337355913854,-0.8789640069007874,The,1,61.0,0.003374727264163803,,,,,0.9683837456318922,,,,,,,,,,,,,,,,,,,,,,,,,,,,,,,,,,,
162,other,What are the sheep standing on?,hay,http://images.cocodataset.org/train2014/COCO_train2014_000000131197.jpg,5,123,0.9987796841094704,-0.11455410718917847,Hay,5,50.0,0.0020324231034472636,67.0,0.0020461158306701267,30.0,0.0020066097250643023,0.9714388624735721,0.955604392556911,0.9830851323894999,149.0,0.0020430147923441036,13.0,0.0020690985622920694,,,,,,,,,,,,,,,0.9876784682508382,0.8956403056385981,,,,,,,,,,,,,
163,other,What is the woman feeding the animal?,hay,http://images.cocodataset.org/train2014/COCO_train2014_000000131197.jpg,6,189,0.9982011561991139,-1.286804437637329,The,6,32.0,0.0021846513166957635,16.0,0.002067671587599713,6.0,0.0020148304106718602,0.9126886090576747,0.9681390622295665,0.9182958340544896,21.0,0.0020645865274287038,24.0,0.002066857767872966,113.0,0.002114609654143963,,,,,,,,,,,,,0.9663407895758984,0.9560107101418428,0.9653138359350604,,,,,,,,,,,,
164,other,What type of silverware is on the plates?,knife and spoon,http://images.cocodataset.org/train2014/COCO_train2014_000000000127.jpg,6,326,0.9969498881944482,-0.7245078086853027,F,6,23.0,0.0019753866660952688,40.0,0.001965154273485192,15.0,0.00197332955264115,0.9668324690003138,0.9655721489145151,0.8830374409547587,21.0,0.001959297071484093,10.0,0.0019646972188132415,20.0,0.0019638091980062693,,,,,,,,,,,,,0.9838704118664547,0.9709505944546686,0.9794359242226801,,,,,,,,,,,,
165,other,What is the man holding in his left hand?,ski pole,http://images.cocodataset.org/train2014/COCO_train2014_000000262273.jpg,9,257,0.9851422390692568,-0.4320022761821747,Ski,9,22.0,0.004408325826046625,17.0,0.004708242215815818,17.0,0.0035670958763776303,0.9385170840201624,0.8726389366057715,0.9856676426534905,11.0,0.0031120749429365126,36.0,0.0035601464104279635,15.0,0.003856840991751967,12.0,0.0032641829801299915,15.0,0.0033136322314268286,16.0,0.004062444323148519,,,,,,,0.9922150607220183,0.9725245172437427,0.9654013672997089,0.9808340377961404,0.9949490477321437,0.9755307720176266,,,,,,,,,
166,other,What is the color of the zipper?,black,http://images.cocodataset.org/train2014/COCO_train2014_000000262273.jpg,5,323,0.9979277184529625,-0.8884302973747253,Black,5,20.0,0.0024078487739184755,22.0,0.002334520867681932,15.0,0.0022554309713096786,0.8713688243068336,0.97283015230032,0.9877812438119247,27.0,0.0022825162494167963,21.0,0.002503444604415991,,,,,,,,,,,,,,,0.9579073713825506,0.9748830897462037,,,,,,,,,,,,,
167,other,Are the boots a solid color or patterned?,patterned,http://images.cocodataset.org/train2014/COCO_train2014_000000262273.jpg,7,234,0.9939249405477661,-0.5983223915100098,Pattern,7,22.0,0.0023601873778142145,100.0,0.0023881691592345807,7.0,0.00228973581393065,0.9849226290193991,0.9734248600726665,0.863120568566631,21.0,0.002351229995532062,24.0,0.0022414175979577158,7.0,0.002245788597549681,16.0,0.002273586901110161,,,,,,,,,,,0.9693542486434171,0.9874259884612199,0.9852281360342515,0.9618974703476992,,,,,,,,,,,
168,other,What are the people doing in the street?,walking,http://images.cocodataset.org/train2014/COCO_train2014_000000524420.jpg,3,335,0.9992051276694607,-1.3972218036651611,The,3,24.0,0.0018936449344201147,20.0,0.001932059610689233,29.0,0.0019424588347354665,0.9892915793608772,0.906015005671138,0.919289053701708,,,,,,,,,,,,,,,,,,,,,,,,,,,,,,,,,
169,other,What is floating near the bird?,ice,http://images.cocodataset.org/train2014/COCO_train2014_000000436929.jpg,5,238,0.999035430374005,-1.9758356809616089,Log,5,15.0,0.001998975091704581,42.0,0.002035017077331391,31.0,0.0020128282321682893,0.9664572819896989,0.9563523144988247,0.95913489477838,31.0,0.002132489650751496,22.0,0.002102910918799096,,,,,,,,,,,,,,,0.9412391822933702,0.8883377364609271,,,,,,,,,,,,,
170,other,What brand of soda is advertised?,pepsi,http://images.cocodataset.org/train2014/COCO_train2014_000000284012.jpg,7,164,0.9839669919334566,-0.6074304580688477,Pe,7,110.0,0.004010592517391201,13.0,0.002961548484970132,15.0,0.004033679375094918,0.9684078350541446,0.9610115714257865,0.8024677973715657,24.0,0.002921600456561322,16.0,0.0033081976425451687,35.0,0.0038478168066627626,18.0,0.004118347663784255,,,,,,,,,,,0.9586048612313037,0.9681390622295665,0.9224178202858734,0.9915323997298832,,,,,,,,,,,
171,other,What Mexican food restaurant chain is advertised?,del taco,http://images.cocodataset.org/train2014/COCO_train2014_000000284012.jpg,9,243,0.999224908522542,-1.1749376058578491,T,9,54.0,0.0018418979242941854,36.0,0.0018331621477808732,15.0,0.0018477351379127614,0.9817605251204867,0.9799687510595309,0.9967916319816366,37.0,0.0018449388281114958,16.0,0.0018400678790751952,19.0,0.001834905216130124,17.0,0.0018367750472772437,40.0,0.0018347559982748538,15.0,0.0018359186500895917,,,,,,,0.950416872542817,0.9320201587042914,0.9656476401164373,0.9967828263127351,0.968832849969582,0.9654013672997089,,,,,,,,,
172,other,How is the turnout?,good,http://images.cocodataset.org/train2014/COCO_train2014_000000284012.jpg,9,264,0.9943331070464526,-1.5307989120483398,Good,9,16.0,0.002403490928887041,21.0,0.002415158228279036,19.0,0.00237876229953574,0.985056822321508,0.969354248643417,0.9656476401164372,23.0,0.0024668112136170288,26.0,0.002492816863062598,16.0,0.0024580084283942413,44.0,0.0023856463737139365,17.0,0.0023143022875275446,20.0,0.0024810448057395514,,,,,,,0.9650095768458276,0.9715547730761043,0.9320201587042914,0.9719887855409742,0.9856676426534905,0.8713688243068336,,,,,,,,,
173,other,What is the large sculpture next to the oversized cola bottle?,building,http://images.cocodataset.org/train2014/COCO_train2014_000000284012.jpg,8,154,0.9715678266934439,-0.6524620056152344,Pe,8,98.0,0.00444000766236591,78.0,0.003748703887627021,18.0,0.003925909310401202,0.9640379253112451,0.9723544413716353,0.9535998353544741,56.0,0.004752582089886004,31.0,0.00580569939986938,32.0,0.004579514003325407,15.0,0.004241772673078542,15.0,0.004322065810705548,,,,,,,,,0.9630635650951751,0.9443107604031358,0.9669716135792632,0.9500685975366211,0.9189900464321514,,,,,,,,,,
174,other,What time is it?,1:50,http://images.cocodataset.org/train2014/COCO_train2014_000000000138.jpg,9,181,0.9982026869298294,-0.3568408489227295,,9,19.0,0.0020668849192683383,21.0,0.002036524971656183,112.0,0.002050671972363531,0.8614856395892376,0.978033486181519,0.9833310759631989,15.0,0.0021100197420719983,43.0,0.002055956229003326,18.0,0.002012898533896479,17.0,0.0020104436247500427,18.0,0.0020115057274683688,28.0,0.0020204213898152947,,,,,,,0.9709505944546686,0.9424228472169841,0.9955380299191111,0.9664022887695614,0.9773429734731779,0.9762175452369313,,,,,,,,,
175,other,What continent might this be?,africa,http://images.cocodataset.org/train2014/COCO_train2014_000000262285.jpg,10,212,0.9982047224551708,-0.07420910149812698,Africa,10,39.0,0.0020896238273465343,20.0,0.0020948600799574864,48.0,0.0020749078598243918,0.9680772515723347,0.9074899102582407,0.9764836975680617,25.0,0.0021121489200285263,23.0,0.002121888230477276,47.0,0.0020709343306486512,28.0,0.0020383492472430807,15.0,0.0021194396935227153,10.0,0.00206235547525311,17.0,0.0020624237573616897,,,,,0.9787029057127591,0.941022554068431,0.9553044277378441,0.9507123368985603,0.8443536850036222,0.9709505944546686,0.8787419949064401,,,,,,,,
176,other,What type of fruit is on the plate?,banana,http://images.cocodataset.org/train2014/COCO_train2014_000000000142.jpg,3,283,0.996588742260065,-0.009922576136887074,Ban,3,16.0,0.0023146690525280853,18.0,0.002271407087356405,25.0,0.0024343252567346724,0.9886085007312412,0.9736669121131954,0.9145616041731919,,,,,,,,,,,,,,,,,,,,,,,,,,,,,,,,,
177,other,What is in the blue chair?,teddy bears,http://images.cocodataset.org/train2014/COCO_train2014_000000131215.jpg,6,224,0.9981525134445564,-1.038891077041626,D,6,15.0,0.0021695046515177855,20.0,0.002091766853116877,18.0,0.0020259811087028922,0.7835807040488099,0.9927376486136672,0.9823887817956214,34.0,0.002013493827217887,30.0,0.00202534530851797,9.0,0.0020664590160506596,,,,,,,,,,,,,0.9785646408561924,0.9966326984880959,0.9910760598382222,,,,,,,,,,,,
178,other,What type of footwear is the person wearing?,socks,http://images.cocodataset.org/train2014/COCO_train2014_000000131215.jpg,4,252,0.9986104631472221,-0.664183497428894,So,4,27.0,0.002011952329578521,82.0,0.002013835038515655,21.0,0.0020309794775206355,0.9701541708942546,0.9692598028793912,0.9693542486434172,15.0,0.002017400292621444,,,,,,,,,,,,,,,,,0.9877812438119247,,,,,,,,,,,,,,
179,other,What are the animals doing?,eating,http://images.cocodataset.org/train2014/COCO_train2014_000000000144.jpg,6,275,0.9810008187788626,-0.887445867061615,The,6,60.0,0.003197122974777388,15.0,0.0028518340155021913,25.0,0.002857249527244971,0.9655684846284515,0.9543063494363562,0.9734710306379832,16.0,0.0028614059282965083,11.0,0.002760143088522575,27.0,0.0029821119304180737,,,,,,,,,,,,,0.9618974703476992,0.9922150607220183,0.9743163353697012,,,,,,,,,,,,
180,other,What type of animal is in the picture?,giraffe,http://images.cocodataset.org/train2014/COCO_train2014_000000000144.jpg,5,305,0.9761935879104755,-0.028042029589414597,G,5,22.0,0.004721056428288044,48.0,0.00422680840377608,31.0,0.004965670172170506,0.9700357646545448,0.9637848885536281,0.891735014787239,19.0,0.0046996129976947625,16.0,0.006262978171401449,,,,,,,,,,,,,,,0.9237100600260872,0.9886994082884974,,,,,,,,,,,,,
181,other,What does the front of the bus say at the top?,special,http://images.cocodataset.org/train2014/COCO_train2014_000000131225.jpg,8,211,0.8983840967141525,-0.20864254236221313,Special,8,105.0,0.007049068572831143,41.0,0.006724614573554345,24.0,0.007525306687226706,0.9798696155996897,0.9817054208842019,0.9608948553419607,45.0,0.008534367093585609,17.0,0.007964537584474473,40.0,0.00834172000626491,19.0,0.00614185399207172,15.0,0.008593805922197889,,,,,,,,,0.95288194502431,0.8846148739279865,0.9784260207053045,0.9656476401164373,0.9967916319816366,,,,,,,,,,
182,other,What direction are the animals heading?,right,http://images.cocodataset.org/train2014/COCO_train2014_000000000154.jpg,6,179,0.9929835929311474,-1.0751545429229736,Right,6,46.0,0.0025887511896671793,53.0,0.002660683761008614,45.0,0.0025719928227957048,0.9811540805693052,0.9527134954265414,0.9610287879759132,15.0,0.0025157251837752857,20.0,0.0025293513289767733,23.0,0.0025718781636642697,,,,,,,,,,,,,0.9446232142545791,0.9701955028602792,0.8914869561787029,,,,,,,,,,,,
183,other,Is the zebra walking or standing still?,walking,http://images.cocodataset.org/train2014/COCO_train2014_000000000154.jpg,8,218,0.9947745173903055,-0.11582405120134354,Walk,8,26.0,0.0031003332532946936,27.0,0.003061604063975324,29.0,0.0034591853624551996,0.9435852571065405,0.9579073713825506,0.9639325558578161,18.0,0.0029492960382244055,12.0,0.0027386756880910025,16.0,0.0027426573354500253,15.0,0.0026301268933283293,16.0,0.0037900294112910137,,,,,,,,,0.977342973473178,0.9808340377961404,0.9886085007312413,0.9949490477321437,0.8194483718728035,,,,,,,,,,
184,other,Number of animals?,3,http://images.cocodataset.org/train2014/COCO_train2014_000000000154.jpg,8,248,0.9983002752522129,-0.01740712672472,,8,17.0,0.0020406624264062766,18.0,0.0020051609161383746,32.0,0.0020582523056209695,0.9967828263127351,0.9955380299191111,0.9797843315575092,20.0,0.0020755870536115313,18.0,0.0020207496672601318,41.0,0.002007512336660622,33.0,0.0020323915293002834,14.0,0.002019763090686901,,,,,,,,,0.9372305632161296,0.9455305560363264,0.9758846479497671,0.9560891321681818,0.9417346261113358,,,,,,,,,,
185,other,What is on the plate?,cupcake,http://images.cocodataset.org/train2014/COCO_train2014_000000393375.jpg,4,156,0.9836245105545856,-0.31296706199645996,Cup,4,189.0,0.0046178254754787925,17.0,0.005933857249551337,15.0,0.003923724229923543,0.9689892981615188,0.8409160494198367,0.9161314485121342,5.0,0.002727968354072629,,,,,,,,,,,,,,,,,0.9709505944546686,,,,,,,,,,,,,,
186,other,What are the pink pieces of paper called?,post-its,http://images.cocodataset.org/train2014/COCO_train2014_000000393375.jpg,3,277,0.999337503672443,-0.43985307216644287,Post,3,67.0,0.001963030526119603,21.0,0.0019370079564870564,16.0,0.001945747558227462,0.9563389156388526,0.9588649012766763,0.9414280318460244,,,,,,,,,,,,,,,,,,,,,,,,,,,,,,,,,
187,other,What is the green stuff?,broccoli,http://images.cocodataset.org/train2014/COCO_train2014_000000393379.jpg,11,295,0.9967800122370255,-0.027145493775606155,Bro,11,20.0,0.002308139646465159,16.0,0.002319596593489666,33.0,0.002341122802074647,0.9763620978123273,0.9755307720176266,0.9756863014774092,32.0,0.002249053066961364,19.0,0.002433746551130814,40.0,0.0024378433590363908,16.0,0.0024918682337886824,15.0,0.0024687393494470565,33.0,0.0025288417693188803,16.0,0.00233201878434236,15.0,0.0023573096579935196,,,0.9969508731172718,0.9649618403823442,0.977263440070944,1.0,0.9967916319816366,0.9879791662522363,0.949701216438411,0.9189900464321514,,,,,,,
188,other,Is this a finger food or dish?,dish,http://images.cocodataset.org/train2014/COCO_train2014_000000393379.jpg,8,220,0.9921116828950037,-0.14441384375095367,D,8,31.0,0.002229611034036144,44.0,0.002267474777831847,24.0,0.0022466443798793345,0.9475188180245874,0.9851779339125153,0.9207513821718255,15.0,0.0022038675355037967,23.0,0.002246251142715609,15.0,0.002194170914678624,37.0,0.002204305278349232,15.0,0.00223891624953662,,,,,,,,,0.9543063494363562,0.9765762937075554,0.9664572819896989,0.961022673052638,0.9189900464321514,,,,,,,,,,
189,other,What ICING IS USED ON THIS CAKE?,vanilla,http://images.cocodataset.org/train2014/COCO_train2014_000000262308.jpg,5,277,0.9987897145295266,-1.4554846286773682,Van,5,16.0,0.002010666188438154,95.0,0.0020258519196547677,15.0,0.0019853296989497267,0.875,0.9691345640747003,0.9609640474436811,15.0,0.0019780502954686962,16.0,0.002053819852127189,,,,,,,,,,,,,,,0.944623214254579,0.8620485698650454,,,,,,,,,,,,,
190,other,What is the figure on the cupcake?,soldier,http://images.cocodataset.org/train2014/COCO_train2014_000000262308.jpg,9,250,0.9889292650168211,-0.9037292003631592,Sold,9,30.0,0.002777204071861726,12.0,0.0026583301551209837,19.0,0.002731429902808612,0.9645574599350535,1.0,0.9892422967543257,9.0,0.002672087807995656,58.0,0.0027796411973198976,56.0,0.002920597613957613,46.0,0.002800314257420857,34.0,0.0028018515902240725,9.0,0.002820970816423079,,,,,,,0.9910760598382222,0.9721510085112305,0.9673049929681166,0.9550823466427757,0.9598263543421176,0.7642045065086203,,,,,,,,,
191,other,What flavor is the cupcake?,vanilla,http://images.cocodataset.org/train2014/COCO_train2014_000000262308.jpg,6,195,0.9937389844328735,-0.6003377437591553,Ch,6,30.0,0.0024060298966139607,32.0,0.002300069772829399,25.0,0.0023683764031501436,0.9272055711883544,0.9893796874098554,0.8921203485466429,36.0,0.0022518476818324897,18.0,0.0022590991301908903,9.0,0.0022200600694558485,,,,,,,,,,,,,0.9884230482327897,0.9941181381188445,1.0,,,,,,,,,,,,
192,other,What is the woman doing?,cutting tie,http://images.cocodataset.org/train2014/COCO_train2014_000000000165.jpg,6,306,0.9826092417663806,-0.7419081330299377,The,6,16.0,0.003279074539778771,21.0,0.003197569687091658,23.0,0.002855045562976322,0.9463946303571862,0.9751060324573733,0.9643533288260141,15.0,0.002874000900419916,16.0,0.002837212371268207,17.0,0.0032606879115477344,,,,,,,,,,,,,0.9543063494363562,0.9592101522724052,0.9878171319090819,,,,,,,,,,,,
193,other,What room is this?,living room,http://images.cocodataset.org/train2014/COCO_train2014_000000415089.jpg,8,165,0.9988530919270892,-0.27810415625572205,Living,8,94.0,0.0019710089617786357,11.0,0.00191349936444435,43.0,0.0019241241239194937,0.9683553999124869,0.9431887805255736,0.9777050984176259,24.0,0.0019729760049026863,35.0,0.001923503574586755,16.0,0.0019070988574980082,38.0,0.001925800346195889,17.0,0.00197429924238356,,,,,,,,,0.8936586862414604,0.9705180867246013,0.9592101522724052,0.9664276767886498,0.9603948809345499,,,,,,,,,,
194,other,What is the boy doing?,herding,http://images.cocodataset.org/train2014/COCO_train2014_000000131245.jpg,5,270,0.9853436104578673,-0.5420791506767273,The,5,25.0,0.003845865647533793,15.0,0.0035900576398489284,2.0,0.002342059878888726,0.9551541663346148,0.8830374409547587,0.0,21.0,0.00306030141897693,20.0,0.003275090157247256,,,,,,,,,,,,,,,0.96279369278381,0.9927376486136672,,,,,,,,,,,,,
195,other,What animal is on the walls?,fish,http://images.cocodataset.org/train2014/COCO_train2014_000000393394.jpg,2,300,0.992496785402509,-0.6983914971351624,Fish,2,15.0,0.003221572917583556,9.0,0.0035230765599948855,,,0.9949490477321437,0.9910760598382222,,,,,,,,,,,,,,,,,,,,,,,,,,,,,,,,,,
196,other,Sunny or overcast?,overcast,http://images.cocodataset.org/train2014/COCO_train2014_000000393396.jpg,4,243,0.9945046301314796,-0.19004079699516296,Over,4,39.0,0.001968026618147232,16.0,0.001965175429911752,38.0,0.001991678342885061,0.977903853995925,0.9618974703476992,0.9251280850490593,20.0,0.001964702703237251,,,,,,,,,,,,,,,,,0.9596390821693784,,,,,,,,,,,,,,
197,other,What is the color of the roof shingles?,gray,http://images.cocodataset.org/train2014/COCO_train2014_000000393396.jpg,1,311,0.9978518178568787,-0.7176325917243958,Brown,1,16.0,0.0023748027801445398,,,,,0.9042492561839792,,,,,,,,,,,,,,,,,,,,,,,,,,,,,,,,,,,
198,other,What symbol sits atop the tower?,cross,http://images.cocodataset.org/train2014/COCO_train2014_000000393396.jpg,3,283,0.994772618875398,-0.15923042595386505,Cross,3,26.0,0.002489465966247051,22.0,0.0024010818461647847,18.0,0.003113729728712235,0.941231701051615,0.9428673519422247,0.9910760598382222,,,,,,,,,,,,,,,,,,,,,,,,,,,,,,,,,
199,other,What is the grate for?,toaster oven,http://images.cocodataset.org/train2014/COCO_train2014_000000524471.jpg,8,256,0.9987462103244834,-1.7872402667999268,Cook,8,62.0,0.0019489107243681047,42.0,0.0019577591304980597,35.0,0.0019549963928939275,0.969895992992774,0.9724778001261087,0.9654088223310497,26.0,0.0019326194504241745,15.0,0.0019420880743365792,29.0,0.0019414198391178555,47.0,0.001969530289545904,16.0,0.001943583899725992,,,,,,,,,0.9870271094132725,1.0,0.9774277505035682,0.9779508796518873,0.985056822321508,,,,,,,,,,
200,other,What time is it?,11:55,http://images.cocodataset.org/train2014/COCO_train2014_000000262329.jpg,4,348,0.9992293475935727,-0.22700060904026031,,4,40.0,0.0019012531982342622,23.0,0.0018974108062089095,18.0,0.0019038534442188467,0.9617059297180831,0.9810145480662167,0.9524375025776289,18.0,0.0019192377563971763,,,,,,,,,,,,,,,,,0.9728825026363701,,,,,,,,,,,,,,
201,other,What is the brown object with a clock on it?,birdhouse,http://images.cocodataset.org/train2014/COCO_train2014_000000262329.jpg,3,301,0.9982263201665724,-0.9665508270263672,C,3,15.0,0.002070122467111781,15.0,0.0021904618069954872,41.0,0.0021288984468131873,0.9949490477321437,0.9654013672997089,0.9887434006371401,,,,,,,,,,,,,,,,,,,,,,,,,,,,,,,,,
202,other,What number bus is this?,892,http://images.cocodataset.org/train2014/COCO_train2014_000000393403.jpg,0,261,0.998369224213117,-0.25784432888031006,,0,,,,,,,,,,,,,,,,,,,,,,,,,,,,,,,,,,,,,,,,,,
203,other,What is the woman holding?,hair dryer,http://images.cocodataset.org/train2014/COCO_train2014_000000524476.jpg,7,202,0.9970236819985772,-0.9495357275009155,H,7,49.0,0.0020915788212454087,26.0,0.002170210943523437,17.0,0.0020801716029155734,0.9521379233481633,0.9892410142019503,0.9771236998460402,17.0,0.002091472653079682,34.0,0.0020684602958480126,29.0,0.0020526734416031274,24.0,0.0020673553992727476,,,,,,,,,,,0.9327185526599537,0.9717701207194065,0.9684167629380332,0.983566009043177,,,,,,,,,,,
204,other,What shape is at the bottom of the pole?,rectangle,http://images.cocodataset.org/train2014/COCO_train2014_000000257513.jpg,11,182,0.9984010730576363,-1.22868812084198,Round,11,26.0,0.001926952018496286,22.0,0.001930893751968063,16.0,0.0019391791440657182,0.960968854230661,0.9538197181912221,0.985056822321508,70.0,0.0019338474476039765,15.0,0.0019279435247893328,15.0,0.0019327442054620288,10.0,0.0019473007301611463,15.0,0.0019497746263001797,34.0,0.0019556102884395092,18.0,0.0019558644762493454,80.0,0.0019512426314389135,,,0.9575854761948555,0.9877812438119247,0.9877812438119246,0.7219280948873623,0.8443536850036224,0.9274080901417541,0.9206198357143051,0.9668745812233214,,,,,,,
205,other,What type of bed is in the picture?,bunk bed,http://images.cocodataset.org/train2014/COCO_train2014_000000257513.jpg,10,165,0.9908525014063059,-0.1622338891029358,B,10,23.0,0.0025883722324821982,30.0,0.0026436385556768997,60.0,0.0025747336591742994,0.9765762937075553,0.9485118582263627,0.9490232266862558,88.0,0.0026539518976074054,71.0,0.002575397237381022,26.0,0.0025882167515201577,5.0,0.0023224226677222093,56.0,0.002692264140955729,19.0,0.002671268206023103,19.0,0.0027024408709963497,,,,,0.9697434148708274,0.9632105783785768,0.9281183057049376,0.9709505944546686,0.9427850254098212,0.9223172148184832,0.9223172148184832,,,,,,,,
206,other,What is he cooking?,hot dogs,http://images.cocodataset.org/train2014/COCO_train2014_000000524486.jpg,5,228,0.9934094191588226,-0.2838592827320099,Hot,5,26.0,0.002601463968511961,16.0,0.0025737764869271512,15.0,0.002548147288244643,0.8767754053876623,0.9320201587042914,0.9602297178607612,19.0,0.0024668185414187184,37.0,0.002545103285385156,,,,,,,,,,,,,,,0.9056841333772504,0.9773023724486426,,,,,,,,,,,,,
207,other,Is this a new or ancient clock?,ancient,http://images.cocodataset.org/train2014/COCO_train2014_000000458785.jpg,4,220,0.9409983755375797,-0.03958065062761307,An,4,15.0,0.007949436291188279,31.0,0.0052590005241687525,41.0,0.006310386301949199,0.9967916319816366,0.961732474565328,0.9654229496430746,138.0,0.006932518367582085,,,,,,,,,,,,,,,,,0.979107757785399,,,,,,,,,,,,,,
208,other,What time does the clock read?,12:55,http://images.cocodataset.org/train2014/COCO_train2014_000000458785.jpg,10,254,0.9988412059383248,-0.37894806265830994,,10,32.0,0.0019438216143974685,35.0,0.0019493347623704364,23.0,0.0019377765802104398,0.9879171970544534,0.9355535908738857,0.9619234050874884,21.0,0.0019382811150224475,15.0,0.0019312621080891823,33.0,0.0019546623051801115,28.0,0.001953645570491973,17.0,0.0019853572592717396,17.0,0.0019521727282920157,23.0,0.0019363520889579388,,,,,0.9907017951253161,1.0,0.9562433184174151,0.9545730628886677,0.9975025463691152,0.9603948809345499,0.9359550701662825,,,,,,,,
209,other,What mountain was this taken at?,lookout,http://images.cocodataset.org/train2014/COCO_train2014_000000000201.jpg,9,273,0.9963289073118513,-1.3161773681640625,M,9,22.0,0.0020802196532244068,17.0,0.0020465646791408727,17.0,0.0020767914546482545,0.9609557933859342,0.9595784770480081,0.9363348190250749,18.0,0.0020848133290696153,28.0,0.0021130128028740325,33.0,0.0021170256980955443,17.0,0.0021060568263023866,18.0,0.0022019502615130224,19.0,0.0020765857682671688,,,,,,,0.952437502577629,0.9674317817828602,0.9483447403737116,0.9967828263127351,0.9910760598382222,0.9796494552648447,,,,,,,,,
210,other,What is the black thing he is wearing?,apron,http://images.cocodataset.org/train2014/COCO_train2014_000000393418.jpg,6,163,0.996436376835804,-0.12066289782524109,A,6,28.0,0.002181564497799573,159.0,0.002125980562854209,31.0,0.002135701014449869,0.9620871761502205,0.9825651221702589,0.9817010974521608,15.0,0.002127923188912232,45.0,0.0021188756630883343,18.0,0.0020986968445729794,,,,,,,,,,,,,0.9877812438119247,0.9657750722895903,0.9853962684364186,,,,,,,,,,,,
211,other,What is the man doing in the picture?,cooking,http://images.cocodataset.org/train2014/COCO_train2014_000000393418.jpg,2,370,0.9832788835812383,-0.6984109282493591,The,2,18.0,0.0033451840938071684,18.0,0.003119826854282668,,,0.9342064019134054,0.9388201415867106,,,,,,,,,,,,,,,,,,,,,,,,,,,,,,,,,,
212,other,What is the cartoon man presenting to the cartoon woman?,ring,http://images.cocodataset.org/train2014/COCO_train2014_000000393419.jpg,9,202,0.9993575127750649,-1.483894944190979,A,9,19.0,0.0018303662736907542,13.0,0.0018396476132086247,30.0,0.0018414172489662646,0.9621305296911875,0.8420887815606471,0.9730533294331416,33.0,0.00184064540673396,31.0,0.0018343155080589061,106.0,0.001843198268015856,18.0,0.0018407673606487876,15.0,0.0018294576951162144,19.0,0.0018354906831407037,,,,,,,0.9677369496751524,0.9761328838624836,0.9742363693204781,0.9915323997298832,0.9949490477321437,0.9656476401164373,,,,,,,,,
213,other,What does the sign with the white arrow say?,one way,http://images.cocodataset.org/train2014/COCO_train2014_000000393419.jpg,2,270,0.9819561897794766,-0.8613737225532532,One,2,31.0,0.0032607964861424274,21.0,0.0050194855038534015,,,0.9933589108967058,0.8667775371761242,,,,,,,,,,,,,,,,,,,,,,,,,,,,,,,,,,
214,other,"What is above the ""No Left Turn"" sign?",one way,http://images.cocodataset.org/train2014/COCO_train2014_000000393419.jpg,4,145,0.9979712816717304,-1.4161932468414307,Billboard,4,291.0,0.001848019488836233,17.0,0.0018360370392206543,33.0,0.0018343886262206866,0.9816447393609801,0.9771236998460402,0.9781900528174539,16.0,0.0018441920474836985,,,,,,,,,,,,,,,,,0.985056822321508,,,,,,,,,,,,,,
215,other,What is the sign says?,stop,http://images.cocodataset.org/train2014/COCO_train2014_000000393422.jpg,1,133,0.9799983617049952,-1.0024460554122925,Stop,1,318.0,0.003799927691458081,,,,,0.9837299332984668,,,,,,,,,,,,,,,,,,,,,,,,,,,,,,,,,,,
216,other,What gender are both of the children likely to be?,female,http://images.cocodataset.org/train2014/COCO_train2014_000000131279.jpg,6,270,0.9931247595340115,-0.48584336042404175,Fem,6,15.0,0.0024585614696930745,16.0,0.0023807692267131093,52.0,0.0025638066286409406,0.9500685975366211,0.9414280318460245,0.9466680467894555,28.0,0.002337117557069239,33.0,0.0025291756928002684,29.0,0.002513985627837032,,,,,,,,,,,,,0.9547567364410264,0.9483447403737116,0.9281962690133062,,,,,,,,,,,,
217,other,What is the one girl doing to the other girl's hair?,brushing,http://images.cocodataset.org/train2014/COCO_train2014_000000131279.jpg,10,154,0.9626040154364544,-0.5665501356124878,The,10,16.0,0.005088951607133486,15.0,0.003786691873986672,55.0,0.004190365840846873,0.7743974703476992,0.9613833012053531,0.9813081494377555,21.0,0.004073126338658507,43.0,0.004664598007701446,15.0,0.0035492441211190987,61.0,0.004091801584704286,16.0,0.004193245690636552,21.0,0.004412682172102142,3.0,0.00370846095005581,,,,,0.9409256218900506,0.9812737679688848,1.0,0.9739180823931083,0.9528195311147832,0.9244658211275739,0.0,,,,,,,,
218,other,Something new to wear with a men's shirt?,tie,http://images.cocodataset.org/train2014/COCO_train2014_000000448671.jpg,7,226,0.9983346666763755,-0.4585719108581543,Yes,7,140.0,0.0020119120015474417,15.0,0.0020072716623760257,22.0,0.0020139868460099654,0.9830334469742777,0.9877812438119247,0.9538197181912221,15.0,0.001991679338692235,13.0,0.0020208671096078952,17.0,0.002036734499322065,27.0,0.0020238947454064974,,,,,,,,,,,0.9446232142545791,0.8956403056385981,0.9878171319090819,0.9823887817956214,,,,,,,,,,,
219,other,How much did they pay for the hot dogs?,1,http://images.cocodataset.org/train2014/COCO_train2014_000000393428.jpg,4,339,0.9987504507929754,-1.50449800491333,$,4,33.0,0.0020849930642294697,16.0,0.0019870479964539892,16.0,0.0019836728788585603,0.9827744952751618,0.9528195311147832,0.9681390622295665,16.0,0.0019755601791737586,,,,,,,,,,,,,,,,,0.9886085007312413,,,,,,,,,,,,,,
220,other,What is in the man's hand?,tennis racket,http://images.cocodataset.org/train2014/COCO_train2014_000000554301.jpg,13,153,0.9973534584410233,-0.289237916469574,Tennis,13,92.0,0.0021886151241511374,17.0,0.002249111454316034,19.0,0.0023115310739657362,0.974405906047065,0.8787419949064399,0.8597769141610625,11.0,0.0023602105430574473,30.0,0.002206757192928003,6.0,0.0019944255902810044,23.0,0.00217849720502347,26.0,0.0022539566487449415,10.0,0.002282798698562355,18.0,0.0021642929735057183,11.0,0.0022930805051703247,25.0,0.0021358471778721846,0.8453509366224364,0.9444147390354649,1.0,0.9619234050874884,0.9147934626534964,0.8812908992306927,0.9535998353544739,0.9456603046006401,0.9719629156972361,13.0,0.002265856709406997,,,0.8420887815606471,
221,other,What silverware is on the table?,knife and fork,http://images.cocodataset.org/train2014/COCO_train2014_000000262359.jpg,5,224,0.997399034192296,-0.5906121730804443,F,5,56.0,0.001979612961332333,76.0,0.0019700274722074793,86.0,0.0019802460093768684,0.957358003884601,0.9725919838639391,0.9670450794121223,29.0,0.001974392774339488,15.0,0.001955613100660189,,,,,,,,,,,,,,,0.9365895140018886,0.982798115178801,,,,,,,,,,,,,
222,other,What type of animal is it?,cat,http://images.cocodataset.org/train2014/COCO_train2014_000000393432.jpg,5,240,0.9945047797684073,-0.015283738262951374,Cat,5,15.0,0.0026881965795691972,56.0,0.0026128426716495,16.0,0.0029103670359228876,0.9500685975366211,0.9699990780553384,0.8387794678549646,25.0,0.0025237369103216474,19.0,0.0025507506497417917,,,,,,,,,,,,,,,0.9612922645609548,0.9880900585356664,,,,,,,,,,,,,
223,other,What is the man standing on?,sand,http://images.cocodataset.org/train2014/COCO_train2014_000000474858.jpg,3,286,0.993426116843435,-0.17968511581420898,Sand,3,17.0,0.0024754632597110055,23.0,0.00234062924178418,18.0,0.0025386635168305974,0.8846148739279865,0.9504416045240514,0.8527924884900406,,,,,,,,,,,,,,,,,,,,,,,,,,,,,,,,,
224,other,What are these men standing in front of?,ocean,http://images.cocodataset.org/train2014/COCO_train2014_000000474858.jpg,2,294,0.9991305618146572,-0.8914170861244202,Sur,2,15.0,0.0019340710906602878,21.0,0.0020145050121293537,,,0.9877812438119247,0.8559631658263386,,,,,,,,,,,,,,,,,,,,,,,,,,,,,,,,,,
225,other,What is the temperature outside?,cold,http://images.cocodataset.org/train2014/COCO_train2014_000000474858.jpg,5,211,0.9936696187759203,-0.9625611305236816,Cold,5,28.0,0.002834904467453904,80.0,0.0026265475459751374,119.0,0.002692753214664304,0.9360652220417258,0.9828905337421093,0.9738358615570818,19.0,0.0028362178707516217,19.0,0.0026907400184127007,,,,,,,,,,,,,,,0.9649618403823442,0.9064726381299402,,,,,,,,,,,,,
226,other,What is lying on the ground?,surfboard,http://images.cocodataset.org/train2014/COCO_train2014_000000474858.jpg,9,208,0.9989308516395246,-0.3811224102973938,Sur,9,26.0,0.0020554495109437665,25.0,0.002187217112695786,47.0,0.002030491527497733,0.9737515929092135,0.9801625908629509,0.9810718753689287,20.0,0.0020319742143198724,7.0,0.001971022110700379,30.0,0.0020554081210087723,17.0,0.001982299833302125,15.0,0.0019652042514398437,8.0,0.001988440084908116,,,,,,,0.9927376486136672,0.9852281360342515,0.9724998319497862,0.9856676426534905,0.9949490477321437,0.954434002924965,,,,,,,,,
227,other,What is flying in the air?,kites,http://images.cocodataset.org/train2014/COCO_train2014_000000474858.jpg,5,326,0.9982012849608373,-0.14447644352912903,K,5,169.0,0.0020505079162438954,15.0,0.002035135310736721,32.0,0.002064753785677577,0.9810888628715148,1.0,0.9850011108227404,28.0,0.0020308184149174526,16.0,0.0020503478626825175,,,,,,,,,,,,,,,0.9789770621982029,0.949701216438411,,,,,,,,,,,,,
228,other,What brand of shoes is the skateboarder wearing?,none,http://images.cocodataset.org/train2014/COCO_train2014_000000474858.jpg,3,248,0.998565320513561,-1.0143624544143677,N,3,45.0,0.002026146711340281,35.0,0.0020735662081001723,21.0,0.0022346004614625025,0.961434250399498,0.947318682913247,0.8420928684542169,,,,,,,,,,,,,,,,,,,,,,,,,,,,,,,,,
229,other,What type of clouds are visible in this photo?,cumulus,http://images.cocodataset.org/train2014/COCO_train2014_000000474858.jpg,3,282,0.994773023674778,-0.9486436247825623,C,3,18.0,0.0028695896644586496,19.0,0.002515316059866269,42.0,0.002342225276394614,0.9342064019134054,0.9418071986717287,0.987384469573918,,,,,,,,,,,,,,,,,,,,,,,,,,,,,,,,,
230,other,What is the man doing?,standing,http://images.cocodataset.org/train2014/COCO_train2014_000000474858.jpg,6,265,0.9893869546753241,-0.6132104992866516,The,6,38.0,0.0029611894471363812,8.0,0.0028629635844956832,23.0,0.0036646474860337896,0.9399292898626755,0.954434002924965,0.9932927654933185,24.0,0.0035592646583688116,17.0,0.0027917300404742347,19.0,0.002900503725543905,,,,,,,,,,,,,0.8920795639257109,0.9856676426534905,0.9279081769370418,,,,,,,,,,,,
231,other,Is the person on the right male or female?,male,http://images.cocodataset.org/train2014/COCO_train2014_000000474858.jpg,2,205,0.9935842059155862,-0.004398408345878124,Male,2,144.0,0.002466453713543539,28.0,0.0024542418561987263,,,0.9672117424650093,0.9247366404479429,,,,,,,,,,,,,,,,,,,,,,,,,,,,,,,,,,
232,other,What object is painted on the surfboard?,star,http://images.cocodataset.org/train2014/COCO_train2014_000000474858.jpg,10,158,0.992619400047164,-0.37937870621681213,T,10,45.0,0.0025925472813116512,73.0,0.002998006498678363,16.0,0.002492576317641307,0.9865853755747892,0.940015728085516,0.9822177815287605,9.0,0.002523773806878087,11.0,0.0026103133258366436,31.0,0.0025133203995726166,8.0,0.0026018733853062016,8.0,0.002412173545001193,10.0,0.002540310638797669,16.0,0.0026272467345527695,,,,,0.9656336071428251,0.9922150607220183,0.9790777081558828,1.0,0.985056822321508,0.9602297178607612,0.9886085007312413,,,,,,,,
233,other,What does the train ride along?,tracks,http://images.cocodataset.org/train2014/COCO_train2014_000000165859.jpg,1,288,0.9968524082564448,-0.9582738280296326,Train,1,133.0,0.002555204630019304,,,,,0.9779906234033551,,,,,,,,,,,,,,,,,,,,,,,,,,,,,,,,,,,
234,other,What is turned on?,light,http://images.cocodataset.org/train2014/COCO_train2014_000000039288.jpg,11,104,0.9984037882009458,-0.433454692363739,L,11,43.0,0.0019074536384764988,15.0,0.001908575997267481,17.0,0.0018982095633521708,0.9702524175514526,0.9500685975366211,0.9856676426534905,58.0,0.0019008080774019804,34.0,0.0019021391857271617,119.0,0.0019037651207455862,18.0,0.001895143560405972,13.0,0.0019027734383202433,15.0,0.0019056390491815854,6.0,0.0018936663293022723,33.0,0.0019083359246738253,,,0.971940100891384,0.9955508920914201,0.9785015684647852,0.9736669121131954,0.9194324237704885,0.9877812438119246,0.9182958340544896,0.9455060008494699,,,,,,,
235,other,What is the name of the yellow fruit pictured?,banana,http://images.cocodataset.org/train2014/COCO_train2014_000000039288.jpg,5,216,0.997307368050485,-0.7792483568191528,Ban,5,17.0,0.002355053720111355,9.0,0.00222650822254503,15.0,0.0022342418073463314,0.9770358764490155,0.9910760598382222,0.9161314485121343,68.0,0.0022711730029186077,20.0,0.002347341367767029,,,,,,,,,,,,,,,0.9501183309814047,0.9197455351500672,,,,,,,,,,,,,
236,other,What shape are the plates?,round,http://images.cocodataset.org/train2014/COCO_train2014_000000524518.jpg,4,99,0.9984619288216776,-0.22695431113243103,Round,4,15.0,0.002029763175473783,15.0,0.002026548439861082,16.0,0.0019982316932995164,0.9877812438119247,0.9877812438119247,1.0,357.0,0.0020369830586694426,,,,,,,,,,,,,,,,,0.9845260609569046,,,,,,,,,,,,,,
237,other,What indicates that this is for a party?,many plates,http://images.cocodataset.org/train2014/COCO_train2014_000000524518.jpg,8,242,0.9992906692910014,-1.1934651136398315,The,8,24.0,0.0018595302838302944,27.0,0.0018582835071246679,51.0,0.0018676194699267343,0.9398009074013692,0.9889836699098602,0.9530338058039679,29.0,0.0018556523332578822,17.0,0.0018715506037478202,17.0,0.0018802505031802659,15.0,0.0018560504651432695,23.0,0.0018542663144741802,,,,,,,,,0.9785463292474802,0.8091970544181966,0.8702290979524684,0.9654013672997089,0.9603532512498222,,,,,,,,,,
238,other,What two utensils are next to the plate?,fork and knife,http://images.cocodataset.org/train2014/COCO_train2014_000000524518.jpg,4,204,0.9975037461887049,-0.8538505434989929,F,4,17.0,0.0019153245828146272,264.0,0.0019183460150137496,17.0,0.0019145386689904417,0.9967828263127351,0.9874401817810362,0.9770358764490155,37.0,0.0019118861767891296,,,,,,,,,,,,,,,,,0.9902507729536278,,,,,,,,,,,,,,
239,other,How lucky is it that no one was walking on the sidewalk at that time?,very,http://images.cocodataset.org/train2014/COCO_train2014_000000524520.jpg,11,169,0.9922225375142407,-0.8938307166099548,Very,11,49.0,0.0024269194626326,62.0,0.0024229745413750273,17.0,0.0024295892967412993,0.9691441606514662,0.9702732545045504,0.9770358764490155,125.0,0.0024675642332843825,30.0,0.002433037514697377,46.0,0.0024301144610882155,25.0,0.0023971232583368286,18.0,0.002490733639018586,9.0,0.0023788472516383793,15.0,0.0023813121319209204,21.0,0.002421575663406495,,,0.9785667568619869,0.9340666504173057,0.9553987526249139,0.9303382354917419,0.872009434056298,0.9182958340544896,0.8983958159908183,0.9420864622689729,,,,,,,
240,other,What traffic light is on?,red,http://images.cocodataset.org/train2014/COCO_train2014_000000524520.jpg,2,264,0.9820627522798451,-1.2691251039505005,Red,2,40.0,0.004128936483131182,15.0,0.004339975845498062,,,0.9920072226350961,0.8983958159908183,,,,,,,,,,,,,,,,,,,,,,,,,,,,,,,,,,
241,other,What number does the battery have on his shirt?,11,http://images.cocodataset.org/train2014/COCO_train2014_000000524522.jpg,6,268,0.9981474385477506,-0.15393859148025513,,6,25.0,0.0020171844346765395,54.0,0.0020400912086062477,25.0,0.002015233875695857,0.9555371569586555,0.9594128539440187,0.9598206673056707,15.0,0.0020474876578091905,26.0,0.0019993546552651304,15.0,0.002013677262748411,,,,,,,,,,,,,0.9967916319816366,0.9446382758194373,0.9654013672997089,,,,,,,,,,,,
242,other,What team is the batter from?,yankees,http://images.cocodataset.org/train2014/COCO_train2014_000000524522.jpg,6,107,0.9993447581350485,-1.9551703929901123,San,6,125.0,0.0018855734960924755,123.0,0.001876345403059767,30.0,0.0018601893034530272,0.9668179229103779,0.9815343943412627,0.9925823876369816,55.0,0.001872134928259212,20.0,0.0018742503784622395,27.0,0.0019063252782704624,,,,,,,,,,,,,0.9897691050996664,0.9927376486136672,0.8997598005436134,,,,,,,,,,,,
243,other,What objects are directly above the TV set?,pictures,http://images.cocodataset.org/train2014/COCO_train2014_000000131312.jpg,4,326,0.9834144465637766,-1.7201632261276245,Pictures,4,36.0,0.003020908458346021,17.0,0.002949679067567245,16.0,0.003332067574335288,0.9777597878241788,0.9507532012507529,0.9886994082884974,23.0,0.0028685058038061427,,,,,,,,,,,,,,,,,0.9428752442570708,,,,,,,,,,,,,,
244,other,What print is this woman's dress?,dots,http://images.cocodataset.org/train2014/COCO_train2014_000000131315.jpg,8,320,0.994086532070875,-1.1707024574279785,St,8,15.0,0.002019829507643114,20.0,0.0020034705853341954,18.0,0.0020017521663575643,0.9709505944546686,0.9794359242226801,0.9524375025776289,26.0,0.0020029388894951244,49.0,0.002014590937645906,24.0,0.0020098177876542596,16.0,0.0020089834707269485,16.0,0.0020097742859954124,,,,,,,,,0.9572692011644617,0.9603097645132231,0.9856259180022331,0.9463946303571862,0.886859507142915,,,,,,,,,,
245,other,What is on the handlebars?,bird,http://images.cocodataset.org/train2014/COCO_train2014_000000262389.jpg,2,148,0.9937621357971552,-1.2227414846420288,Hel,2,188.0,0.002724074496027083,167.0,0.002616848946788642,,,0.9759988248808756,0.9810046011825335,,,,,,,,,,,,,,,,,,,,,,,,,,,,,,,,,,
246,other,What bird is on the man's bike?,parrot,http://images.cocodataset.org/train2014/COCO_train2014_000000262389.jpg,2,151,0.9991087721068669,-0.12581157684326172,Par,2,273.0,0.0019904522679472106,15.0,0.0019200643201238428,,,0.9839922712134741,0.9718495448242642,,,,,,,,,,,,,,,,,,,,,,,,,,,,,,,,,,
247,other,What is the fence made of?,metal,http://images.cocodataset.org/train2014/COCO_train2014_000000262393.jpg,5,145,0.9980037354360232,-0.31888940930366516,Metal,5,15.0,0.002129963339214186,239.0,0.002142828937460032,24.0,0.0021241697242914033,0.9602297178607612,0.9841612208135158,0.9829829070554724,16.0,0.002077783159734213,4.0,0.001982034955207276,,,,,,,,,,,,,,,0.9362025230160499,1.0,,,,,,,,,,,,,
248,other,What is the name of the street that starts with a color?,greenwich,http://images.cocodataset.org/train2014/COCO_train2014_000000000250.jpg,4,254,0.9896509925712519,-0.07032617181539536,Green,4,60.0,0.0024948860980274746,15.0,0.0024422496914988734,19.0,0.0025626981366702224,0.9838356173542758,0.9949490477321437,0.9119149038015315,27.0,0.002655729786716731,,,,,,,,,,,,,,,,,0.909695955411709,,,,,,,,,,,,,,
249,other,How can you tell the giraffe is in captivity?,fence,http://images.cocodataset.org/train2014/COCO_train2014_000000131323.jpg,6,342,0.9985385847723734,-1.2986387014389038,The,6,16.0,0.002095266798891237,14.0,0.002033596988166003,10.0,0.002103527100717833,0.8957541375001011,0.9417346261113358,0.7219280948873623,25.0,0.0021007469919344076,27.0,0.0020295199012072586,23.0,0.0020840769768892724,,,,,,,,,,,,,0.9551541663346148,0.9347955122158105,0.9321883810995899,,,,,,,,,,,,
250,other,What is the name of the store behind the lady?,pike place fish,http://images.cocodataset.org/train2014/COCO_train2014_000000262399.jpg,6,211,0.9971524281802194,-0.6259305477142334,P,6,35.0,0.002689266223007923,15.0,0.002628646454949637,18.0,0.0027576352133765344,0.9351322465723062,0.8983958159908183,0.9206250851407773,25.0,0.002818923072435458,26.0,0.0033752921833543428,17.0,0.003250652228100686,,,,,,,,,,,,,0.9161069336715039,0.9162116854111507,0.8409160494198367,,,,,,,,,,,,
251,other,What does the lady have in her mouth?,fish,http://images.cocodataset.org/train2014/COCO_train2014_000000262399.jpg,4,178,0.9987216941299549,-1.691676139831543,A,4,23.0,0.0018971329404790563,186.0,0.0019123943260221498,19.0,0.001891533589516461,0.9574188086517484,0.9816822743930937,0.9798272346259995,7.0,0.001891035511071772,,,,,,,,,,,,,,,,,0.9852281360342515,,,,,,,,,,,,,,
252,other,What are the popsicle sticks used for?,labels,http://images.cocodataset.org/train2014/COCO_train2014_000000131330.jpg,7,284,0.99841931924148,-1.9836101531982422,Ident,7,19.0,0.0018309186512135956,16.0,0.0018240155598039502,2.0,0.0018003665422565277,0.912408493108431,0.8980898459737486,0.0,15.0,0.0018243534590263858,17.0,0.001821011030557503,16.0,0.0018214059064054072,15.0,0.00181661093255694,,,,,,,,,,,1.0,0.9771236998460401,0.9528195311147832,0.9543063494363562,,,,,,,,,,,
253,other,What is the structure in the background?,teepee,http://images.cocodataset.org/train2014/COCO_train2014_000000524547.jpg,8,233,0.9950136274144579,-0.5827150940895081,T,8,17.0,0.0022714716904708126,15.0,0.0023075689320215744,21.0,0.002304834946913043,0.9967828263127351,0.9967916319816366,0.9937866610055328,19.0,0.002282556870071059,126.0,0.002241062681415421,22.0,0.0021985162493958843,17.0,0.002198949501186833,20.0,0.0022659455868432824,,,,,,,,,0.9894975386227151,0.9867247226414815,0.995226686335856,0.9595784770480079,0.9416915491145067,,,,,,,,,,
254,other,What are these people doing?,snowboarding,http://images.cocodataset.org/train2014/COCO_train2014_000000524551.jpg,11,172,0.9895602126134839,-1.6671597957611084,Snow,11,18.0,0.0030566925668498047,18.0,0.0030780721345168823,16.0,0.003008292668996071,0.9915323997298832,0.9915323997298832,0.9755307720176265,35.0,0.0029667918867068424,93.0,0.002944949633682698,18.0,0.0029670225112677865,24.0,0.0031226497800205823,16.0,0.002604090576752092,19.0,0.0029428935535178286,106.0,0.0031745160320666324,40.0,0.0032098227824939192,,,0.9612250859989109,0.9738751538316778,0.9206250851407773,0.9838824188369656,0.9822177815287605,0.9355095604394199,0.9618196210371134,0.9784260207053045,,,,,,,
255,other,What is the white structure behind the ramp?,teepee,http://images.cocodataset.org/train2014/COCO_train2014_000000524551.jpg,5,227,0.9981745661406274,-0.3817112147808075,Te,5,201.0,0.002201466707658078,20.0,0.002095986573818769,15.0,0.0021567141544653824,0.9851190786179741,0.9403319177008926,0.9189900464321514,18.0,0.002064024547084063,38.0,0.0021618690562506303,,,,,,,,,,,,,,,0.9736669121131954,0.9437627332374472,,,,,,,,,,,,,
256,other,What is on the ground?,snow,http://images.cocodataset.org/train2014/COCO_train2014_000000393480.jpg,1,304,0.9924799605067905,-0.06353937834501266,Snow,1,33.0,0.0034582105447673885,,,,,0.908072608265467,,,,,,,,,,,,,,,,,,,,,,,,,,,,,,,,,,,
257,other,What is the man wearing?,shorts,http://images.cocodataset.org/train2014/COCO_train2014_000000131339.jpg,1,235,0.996677824817592,-0.9679453372955322,Short,1,27.0,0.0024885646734550105,,,,,0.9096959554117089,,,,,,,,,,,,,,,,,,,,,,,,,,,,,,,,,,,
258,other,What sport are they playing?,soccer,http://images.cocodataset.org/train2014/COCO_train2014_000000524557.jpg,5,268,0.9868827076056826,-0.02428290992975235,Soccer,5,20.0,0.0026330924138477153,30.0,0.0026714255822912615,22.0,0.002632445903869416,1.0,0.9740853231175152,0.9513590473032969,43.0,0.002681763216379489,17.0,0.0027904427513403113,,,,,,,,,,,,,,,0.9609990990172882,0.8726389366057714,,,,,,,,,,,,,
259,other,Color is the goaltenders shirt?,white,http://images.cocodataset.org/train2014/COCO_train2014_000000524557.jpg,2,210,0.930579830488574,-0.4436805844306946,Y,2,60.0,0.013535214227113927,15.0,0.00902873371106102,,,0.9427448770193387,0.9949490477321437,,,,,,,,,,,,,,,,,,,,,,,,,,,,,,,,,,
260,other,Are they coworkers or best friends?,best friends,http://images.cocodataset.org/train2014/COCO_train2014_000000131342.jpg,5,209,0.9971890155168448,-0.666093647480011,Cow,5,74.0,0.002029273157105295,15.0,0.0020102173681111404,12.0,0.0020095649256239713,0.9777090245851144,0.9446232142545791,1.0,49.0,0.002011894088948552,23.0,0.0020117850763800792,,,,,,,,,,,,,,,0.9929091304064473,0.9828127520742013,,,,,,,,,,,,,
261,other,What is in the glass in the lower right?,wine,http://images.cocodataset.org/train2014/COCO_train2014_000000131342.jpg,4,240,0.9996026799642638,-0.5067470073699951,W,4,38.0,0.0018088949930007382,29.0,0.0018076976328304818,188.0,0.0018077050428331896,0.9884977621461698,0.9705914245664364,0.9770522928899981,15.0,0.0017991936366296437,,,,,,,,,,,,,,,,,0.9543063494363562,,,,,,,,,,,,,,
262,other,The wall is made out of?,brick,http://images.cocodataset.org/train2014/COCO_train2014_000000131342.jpg,2,289,0.9957904942755692,-0.018756315112113953,Br,2,15.0,0.002050159528151288,16.0,0.0020537103038431102,,,1.0,0.9954133073923868,,,,,,,,,,,,,,,,,,,,,,,,,,,,,,,,,,
263,other,What does the sign in the background say?,no parking,http://images.cocodataset.org/train2014/COCO_train2014_000000262415.jpg,9,190,0.9961399549872237,-2.3530924320220947,The,9,15.0,0.002329589832904016,20.0,0.0024045551352139126,45.0,0.002365214822717361,0.9877812438119247,0.9518508480286741,0.9528822982635027,15.0,0.00228147080196349,32.0,0.002253579784099326,63.0,0.0025309394262677063,28.0,0.002336660687019269,21.0,0.0023970856239258673,17.0,0.002416162066909008,,,,,,,0.9543063494363562,0.9750468862157312,0.9458923261542728,0.9460749267140258,0.969354248643417,0.8919296718389884,,,,,,,,,
264,other,What is behind the mirror?,bus,http://images.cocodataset.org/train2014/COCO_train2014_000000262415.jpg,3,287,0.9969684156772504,-0.9135974645614624,School,3,33.0,0.002246373484829505,73.0,0.0024499555669619077,17.0,0.0022300443156138923,0.9731037172464956,0.977806265278579,0.9595784770480081,,,,,,,,,,,,,,,,,,,,,,,,,,,,,,,,,
265,other,How healthy does this meal look?,very,http://images.cocodataset.org/train2014/COCO_train2014_000000393488.jpg,7,218,0.9976050801707579,-0.26458078622817993,Very,7,104.0,0.002121295411227699,32.0,0.0021057799438759027,9.0,0.0021438764208729626,0.9739449073181653,0.9709885115240867,0.7642045065086203,7.0,0.002076799875180639,13.0,0.002117270115893877,17.0,0.002220270107779755,28.0,0.0020973542834599747,,,,,,,,,,,0.863120568566631,0.8956403056385981,0.9774178175281716,0.9890498244170132,,,,,,,,,,,
266,other,What meat is used in the main dish?,beef,http://images.cocodataset.org/train2014/COCO_train2014_000000393488.jpg,5,205,0.9979076017567188,-0.3542903959751129,Be,5,64.0,0.0020432798467903126,172.0,0.0020718554360794573,18.0,0.002087053653929294,0.9727565257773272,0.9892848835312289,0.8783471047618534,47.0,0.0020898507643271167,74.0,0.002081123789417129,,,,,,,,,,,,,,,0.966434063740281,0.965475058889687,,,,,,,,,,,,,
267,other,What is the man reaching for?,phone,http://images.cocodataset.org/train2014/COCO_train2014_000000393489.jpg,5,227,0.9938329908670758,-0.8088328838348389,The,5,37.0,0.0024020511949027533,18.0,0.002422582557001615,32.0,0.00269091116136542,0.9814950788891824,0.9941181381188445,0.9716575563491824,24.0,0.0026190141156221904,37.0,0.002841718832390912,,,,,,,,,,,,,,,0.8890357678451779,0.9521416308533424,,,,,,,,,,,,,
268,other,What language is the text on the sign?,english,http://images.cocodataset.org/train2014/COCO_train2014_000000393489.jpg,6,219,0.9990159443932835,-0.09699317812919617,English,6,81.0,0.0019333673009216553,26.0,0.0019136546365215688,68.0,0.0019108902961442586,0.9653963554665616,0.9846016942256396,0.9753561367386546,16.0,0.0019003298674941215,13.0,0.0018980374002568533,34.0,0.0019084665128197042,,,,,,,,,,,,,0.9618974703476992,0.99473723787795,0.9886884345757851,,,,,,,,,,,,
269,other,What is the man holding?,phone,http://images.cocodataset.org/train2014/COCO_train2014_000000393489.jpg,10,208,0.9807639236185708,-0.8324583768844604,Phone,10,17.0,0.003057226309804976,45.0,0.0033541803140559323,16.0,0.0035034725263385796,0.9719977955078913,0.974967073473844,0.9414280318460245,34.0,0.0046382233191897,24.0,0.004047793999922226,20.0,0.004085502976266453,54.0,0.0038647565527519944,17.0,0.003526800389435985,15.0,0.0036898933940864033,10.0,0.0029947823940286887,,,,,0.9176826905295181,0.9949671891627881,0.9283898247235197,0.9679161911379067,0.9771236998460402,1.0,0.9911594714322186,,,,,,,,
270,other,What does this phone case look like?,silver,http://images.cocodataset.org/train2014/COCO_train2014_000000393489.jpg,5,264,0.9986752701795087,-1.2956398725509644,The,5,19.0,0.002014629944697713,55.0,0.0020461050067553956,44.0,0.002010096471616847,0.8964728241376874,0.9632247566190499,0.9555175224273476,15.0,0.002013295330941166,19.0,0.002036989817696706,,,,,,,,,,,,,,,0.9877812438119247,0.9495113755878273,,,,,,,,,,,,,
271,other,What is the brand of the phone?,pharos,http://images.cocodataset.org/train2014/COCO_train2014_000000393489.jpg,8,310,0.8356315232060793,-0.24426685273647308,Ph,8,20.0,0.009111496102313592,19.0,0.011880544138639346,70.0,0.01039491111449975,0.9008047485295138,0.8693978806749074,0.9421222369418288,18.0,0.014001490172946761,18.0,0.013590218706526545,27.0,0.011576687008901099,24.0,0.012611851250311985,39.0,0.00957498006941219,,,,,,,,,1.0,1.0,0.9455305560363263,0.985056822321508,0.9203864492457542,,,,,,,,,,
272,other,What does this controller go with?,phone,http://images.cocodataset.org/train2014/COCO_train2014_000000393489.jpg,8,206,0.9835178149179373,-1.3436150550842285,Phone,8,36.0,0.003215557162283969,29.0,0.003688334241420118,23.0,0.00338908771825589,0.977186991517121,0.9513086369859299,0.9681464573140728,22.0,0.003368780526949046,25.0,0.0033789106153712784,73.0,0.004119441017385934,29.0,0.003800642950392761,29.0,0.00356293949913012,,,,,,,,,0.9609557933859342,0.9682247582559769,0.9692708363529223,0.9839067104067714,0.9714486610795995,,,,,,,,,,
273,other,What brand is the phone?,pharos,http://images.cocodataset.org/train2014/COCO_train2014_000000393489.jpg,8,312,0.837520496649546,-0.18977861106395721,Ph,8,20.0,0.009121877856938125,20.0,0.011341952852987098,70.0,0.010300282842452588,0.9008047485295138,0.9197173235750931,0.9421222369418288,18.0,0.013755805237212747,18.0,0.013394893223374275,27.0,0.011423174596355449,24.0,0.012428087223306366,39.0,0.009530000566859783,,,,,,,,,1.0,1.0,0.9455305560363263,0.985056822321508,0.9203864492457542,,,,,,,,,,
274,other,What is the person holding in their hand?,cell phone,http://images.cocodataset.org/train2014/COCO_train2014_000000393489.jpg,9,232,0.970788770690221,-1.1345727443695068,Phone,9,36.0,0.0036927150363173173,15.0,0.003818557209066188,34.0,0.005306722704940131,0.9785457988007077,0.944623214254579,0.9176826905295181,22.0,0.004527287808433104,23.0,0.005106167795767472,63.0,0.004878789092948155,20.0,0.00424702507256695,16.0,0.004378998900118676,10.0,0.003346022568195093,,,,,,,0.9970151057384782,0.9224409677146627,0.9703916715796482,0.9927376486136672,0.9965119062478288,0.9911594714322186,,,,,,,,,
275,other,What is the person holding?,phone,http://images.cocodataset.org/train2014/COCO_train2014_000000393489.jpg,10,210,0.9791729417237632,-0.8490006923675537,Phone,10,15.0,0.003078047774588471,44.0,0.0033948286470194596,16.0,0.0035398237308208146,0.9718495448242642,0.9738382090025194,0.9414280318460245,34.0,0.004754648489212532,23.0,0.00412682633884983,21.0,0.004308521081987796,55.0,0.0040250207538441414,17.0,0.0036512267138504788,15.0,0.0037920795915395112,10.0,0.003051233552564194,,,,,0.9176826905295181,0.9926387952545109,0.91874241485597,0.9711605851279134,0.9771236998460402,1.0,0.9911594714322186,,,,,,,,
276,other,What's on the other side of the shower curtain?,shower,http://images.cocodataset.org/train2014/COCO_train2014_000000546179.jpg,5,77,0.9955237197357234,-1.1910045146942139,Bat,5,282.0,0.002246860793125573,119.0,0.002234249355169814,11.0,0.0021678782289652468,0.9817616332497509,0.969688473384566,0.9922150607220183,18.0,0.0021868228188462765,16.0,0.0021503362930826637,,,,,,,,,,,,,,,0.9955380299191111,0.9822177815287605,,,,,,,,,,,,,
277,other,What is the green stuff?,broccoli,http://images.cocodataset.org/train2014/COCO_train2014_000000000009.jpg,5,110,0.9969660804479024,-0.02940252237021923,Bro,5,238.0,0.0025064517072340515,63.0,0.002493329342097109,14.0,0.0023525724305651246,0.9789795782039364,0.9649157312065629,0.9032139773855579,44.0,0.0024518755969839437,44.0,0.0027034629183068574,,,,,,,,,,,,,,,0.9790234233205267,0.9881050782744698,,,,,,,,,,,,,
278,other,What is the floor made of?,tile,http://images.cocodataset.org/train2014/COCO_train2014_000000131351.jpg,7,162,0.9964086765869805,-0.2192842960357666,T,7,42.0,0.0019409369983736885,146.0,0.001946173191724287,24.0,0.0019479069954196728,0.9656318647866395,0.9701417772559139,0.9838824188369656,15.0,0.0019399522395321185,67.0,0.001945381293710147,15.0,0.0019434438565038162,39.0,0.0019439207406741804,,,,,,,,,,,0.9602297178607612,0.9628990109633334,0.9500685975366211,0.9570573386086031,,,,,,,,,,,
279,other,What is the ratio of white tiles to blue?,many more white,http://images.cocodataset.org/train2014/COCO_train2014_000000131351.jpg,7,194,0.9990683626586906,-0.18432681262493134,,7,20.0,0.0019197322836941887,231.0,0.0019144261782701414,16.0,0.0019025038816411917,0.9835386311891134,0.9808929964149127,0.985056822321508,23.0,0.0018818777066973195,16.0,0.0019364485861334537,20.0,0.0019185512685217121,47.0,0.0019010384247243393,,,,,,,,,,,0.9435232932310381,0.9886994082884974,0.9602297178607612,0.981281384915718,,,,,,,,,,,
280,other,What power tool is present?,drill,http://images.cocodataset.org/train2014/COCO_train2014_000000131351.jpg,8,180,0.9991293415005973,-0.8179718852043152,Dr,8,142.0,0.0019408411140296091,44.0,0.0019019063690323683,11.0,0.0019464138218268222,0.9740366541386349,0.9730080829777492,0.8453509366224364,16.0,0.001892427467305188,12.0,0.001899556323872155,24.0,0.0019338119184800653,11.0,0.001912757981209944,17.0,0.0019442520629904037,,,,,,,,,0.9690222556651344,1.0,0.9360898016760626,0.9056185178648963,0.9437600120884535,,,,,,,,,,
281,other,What fruit is present?,watermelon,http://images.cocodataset.org/train2014/COCO_train2014_000000131352.jpg,3,203,0.9938999031317347,-0.618189811706543,St,3,57.0,0.002035079017785368,14.0,0.002022334799200908,33.0,0.002041663140487253,0.9548745638381492,0.9620871761502205,0.9675170719920672,,,,,,,,,,,,,,,,,,,,,,,,,,,,,,,,,
282,other,What do you think the cat is looking at?,bird,http://images.cocodataset.org/train2014/COCO_train2014_000000524572.jpg,5,287,0.9985366842350014,-1.759214997291565,The,5,18.0,0.0020319768400602267,16.0,0.0019559045143958563,17.0,0.0020221849003572473,0.9535998353544741,0.9592101522724052,0.9771236998460401,15.0,0.0019877465392524616,17.0,0.002007600426766737,,,,,,,,,,,,,,,0.9664572819896989,0.9771236998460402,,,,,,,,,,,,,
283,other,What utensil is sitting next to the food?,fork,http://images.cocodataset.org/train2014/COCO_train2014_000000112497.jpg,11,222,0.9959579326080477,-0.060841482132673264,F,11,32.0,0.0019850879043446516,17.0,0.0019796281671841456,9.0,0.0019719584855913035,0.9949408496067699,0.9605278493513334,0.9910760598382222,31.0,0.0019830093304373567,16.0,0.0019875658411860966,46.0,0.0019763656873084943,25.0,0.0019803101665691143,15.0,0.001966406353614495,23.0,0.001997242960669055,25.0,0.001977894398886008,15.0,0.001966177438652397,,,0.9837918621555541,0.9755307720176266,0.9932091084033814,0.9949956408022635,0.9664572819896989,0.9765762937075555,0.9505030771498542,0.9543063494363562,,,,,,,
284,other,What is in the jug?,beer,http://images.cocodataset.org/train2014/COCO_train2014_000000112497.jpg,6,194,0.9884037617621906,-0.060008227825164795,Be,6,22.0,0.002188362227042939,33.0,0.002191200574968204,70.0,0.002190777228665639,0.9970151057384783,0.9775371806834615,0.9777570839203459,69.0,0.0021786403967758426,38.0,0.002194078884667988,23.0,0.002188156947277272,,,,,,,,,,,,,0.9449951571937185,0.9274619389398707,0.9926387952545109,,,,,,,,,,,,
285,other,What is the name of this crusted food?,pizza,http://images.cocodataset.org/train2014/COCO_train2014_000000112497.jpg,4,306,0.9991687834425864,-0.025436265394091606,P,4,16.0,0.0019170525948262332,17.0,0.0019373115168040574,28.0,0.0020175146683375235,0.9822177815287605,0.9963890537299694,0.9752813738495056,16.0,0.0019266810385884872,,,,,,,,,,,,,,,,,0.9772170014624824,,,,,,,,,,,,,,
286,other,What animal is on the flatbed?,cow,http://images.cocodataset.org/train2014/COCO_train2014_000000393503.jpg,1,189,0.9885794466468328,-0.01428930088877678,Cow,1,191.0,0.0032978092236356487,,,,,0.9734732817639624,,,,,,,,,,,,,,,,,,,,,,,,,,,,,,,,,,,
287,other,What room of the house is this?,kitchen,http://images.cocodataset.org/train2014/COCO_train2014_000000393508.jpg,4,321,0.9995427224591679,-0.005704909563064575,K,4,16.0,0.0018402134707345408,15.0,0.0018279637606983558,8.0,0.0018285250246263764,0.9965119062478288,0.9664572819896988,0.954434002924965,17.0,0.0018302661234322324,,,,,,,,,,,,,,,,,0.9856676426534905,,,,,,,,,,,,,,
288,other,What is the floor made out of?,wood,http://images.cocodataset.org/train2014/COCO_train2014_000000393508.jpg,5,208,0.9936817620787558,-0.013493145816028118,Wood,5,16.0,0.002516278153140025,15.0,0.002495710744816709,25.0,0.0026664985323054686,0.9362025230160499,0.9473080736174851,0.9429172805197473,17.0,0.0026848741703241557,29.0,0.003094966685926143,,,,,,,,,,,,,,,0.932718552659954,0.9657014388865989,,,,,,,,,,,,,
289,other,What do you use the stove for?,cooking,http://images.cocodataset.org/train2014/COCO_train2014_000000393508.jpg,8,337,0.9983863589542022,-0.21188318729400635,Cook,8,25.0,0.00202684734624341,21.0,0.002010130486525042,20.0,0.001989462351510171,0.9661190960509453,0.9673577477123131,0.9596390821693782,17.0,0.002004821786781866,15.0,0.0019976354175199164,30.0,0.002027099564635972,29.0,0.0020088178692416556,18.0,0.0020210343222356,,,,,,,,,0.9878171319090819,0.9654013672997089,0.9613833012053531,0.9453273454467304,0.9656336071428252,,,,,,,,,,
290,other,What is the batter wearing on his ankles?,guards,http://images.cocodataset.org/train2014/COCO_train2014_000000414639.jpg,10,338,0.9985978151936398,-0.6124354004859924,So,10,19.0,0.0021187576939771698,20.0,0.0020604615222534328,20.0,0.0020339178506905134,0.9980008838722996,0.9602297178607612,0.9283898247235197,24.0,0.0020398653558486267,17.0,0.0020315505297602587,24.0,0.002045019820511694,16.0,0.002024172559812385,29.0,0.0020339084487328474,16.0,0.0020323161751804315,19.0,0.0020607709322309218,,,,,0.9795739585136224,0.9770358764490155,0.9528195311147832,0.9755307720176265,0.9839067104067716,0.9320201587042914,0.9520903566147753,,,,,,,,
291,other,What is the crouching man in the mask called?,catcher,http://images.cocodataset.org/train2014/COCO_train2014_000000414639.jpg,14,253,0.9857328217351905,-0.5557695031166077,U,14,29.0,0.002644130520293129,31.0,0.0027037962910313163,18.0,0.002823576939862355,0.98697797031737,0.9505285341747067,0.9910760598382222,23.0,0.0027370548970461726,21.0,0.002725074576386503,27.0,0.002702412920475825,23.0,0.0025852225405094335,15.0,0.00257994177123076,21.0,0.002623599386638136,19.0,0.0025935713439038167,42.0,0.002588936164535202,16.0,0.002513259816041694,0.9982526816976662,0.9937866610055328,0.9764903352594523,0.9459180977787195,0.9877812438119247,0.9586785101742114,0.9431541408460862,0.9678137855345103,0.9415787376332126,20.0,0.0025864863340230608,16.0,0.002771999914709212,0.9927376486136672,0.9886994082884974
292,other,What are the two women carrying?,rackets,http://images.cocodataset.org/train2014/COCO_train2014_000000131366.jpg,3,213,0.9976807528174614,-0.33710601925849915,Tennis,3,53.0,0.001920991075226222,99.0,0.0019013456576513087,50.0,0.0018918419442546272,0.9533961301099168,0.9793376951569455,0.9597747900331327,,,,,,,,,,,,,,,,,,,,,,,,,,,,,,,,,
293,other,What are these people holding?,tennis rackets,http://images.cocodataset.org/train2014/COCO_train2014_000000131366.jpg,5,150,0.9979391648145806,-0.2540076673030853,Tennis,5,170.0,0.002108309576966183,113.0,0.0021204325161449547,16.0,0.0019650067290205835,0.9752270444916332,0.971007766125343,0.9822177815287605,16.0,0.0020022137804852147,15.0,0.002002259776408175,,,,,,,,,,,,,,,0.9886085007312413,0.9664572819896989,,,,,,,,,,,,,
294,other,What is the woman wearing on her neck?,collar,http://images.cocodataset.org/train2014/COCO_train2014_000000131366.jpg,10,168,0.9989982187359305,-1.2245808839797974,Ne,10,44.0,0.001923416042299867,22.0,0.0019197258519133272,17.0,0.0019316688472657921,0.9570482754904911,0.9162551119060502,0.9603948809345497,15.0,0.0019533892967442557,37.0,0.0019545519635854247,26.0,0.0019006274688416118,64.0,0.0019089185749529697,47.0,0.0019143280555674388,16.0,0.0019015518662382335,27.0,0.0019177100634874694,,,,,0.9182958340544896,0.9770831070544646,0.9753484718583375,0.9793086649590453,0.9611201807950286,0.9886085007312412,0.9420979429922838,,,,,,,,
295,other,What sports are they playing?,tennis,http://images.cocodataset.org/train2014/COCO_train2014_000000131366.jpg,7,294,0.9548735677080056,-0.05476461350917816,Tennis,7,89.0,0.0042173334943892415,56.0,0.004548136612738487,26.0,0.003789735347902366,0.9772034694042144,0.9617583537147844,0.9546641369561337,20.0,0.004064329757031482,24.0,0.00476800047448461,15.0,0.004628479885178301,15.0,0.004674906932671922,,,,,,,,,,,0.9794359242226801,0.9808340377961403,0.9967916319816366,0.9967916319816366,,,,,,,,,,,
296,other,What is the approximate time period of this photo?,1950s,http://images.cocodataset.org/train2014/COCO_train2014_000000131366.jpg,11,210,0.9981636379295529,-0.3705214262008667,,11,15.0,0.001940383893500004,27.0,0.0019525788877553624,20.0,0.0019362760800352337,0.8830374409547587,0.9829951409678863,0.947730922119161,32.0,0.0019496931909477218,17.0,0.00191907050707588,15.0,0.0019388574035439454,15.0,0.001915617819806785,16.0,0.0019190903415292999,30.0,0.0019238913992880942,41.0,0.0019222680627296734,20.0,0.0019259455762889548,,,0.9789665110555532,0.9213299651463159,0.8830374409547587,0.982798115178801,0.9772170014624825,0.9816760515467436,0.9737517839435837,0.9412329787642941,,,,,,,
297,other,What are the ladies doing?,playing tennis,http://images.cocodataset.org/train2014/COCO_train2014_000000131366.jpg,10,230,0.9904980273102442,-0.7160945534706116,The,10,15.0,0.002832225157946695,38.0,0.002743848736397069,27.0,0.002616025905862927,0.7835807040488099,0.9505855329638916,0.9167468165543663,17.0,0.002686194140601024,39.0,0.002626883339675664,35.0,0.0027139404673176644,15.0,0.0027072375932681173,23.0,0.0027579057593805707,18.0,0.0028543685824818886,17.0,0.0026975397721028123,,,,,0.8787419949064399,0.950112683804309,0.985307083461149,0.9189900464321514,0.9370919134731258,0.8783471047618534,0.9878171319090819,,,,,,,,
298,other,"What three letter word, best describes the liquid container on the ground between the two people?",jug,http://images.cocodataset.org/train2014/COCO_train2014_000000131366.jpg,13,145,0.9979355695095342,-1.143315315246582,B,13,26.0,0.0019857467995814736,30.0,0.0020168753111976406,15.0,0.0020224614288871737,0.9181495965822319,0.9919355566090764,0.9182958340544896,20.0,0.001987660187831101,28.0,0.0020078177822059344,15.0,0.0019858700298327012,41.0,0.001975104719931216,24.0,0.0019775138814691917,23.0,0.0019716609897307428,48.0,0.00197307098026493,29.0,0.0019728216075663384,22.0,0.0019689860444766193,0.9416915491145068,0.9813785236762205,0.9500685975366211,0.9853261572095896,0.9925308085173911,0.9320248652292954,0.9822802986211004,0.9666804614201145,0.9536483097207457,37.0,0.0019788185835737638,,,0.9663588384946588,
299,other,What does the wall say on the far left?,nothing,http://images.cocodataset.org/train2014/COCO_train2014_000000131366.jpg,9,228,0.9939749506343112,-1.0984793901443481,Nothing,9,18.0,0.002454319445428935,68.0,0.0025071411927255847,18.0,0.002417079393141616,0.952437502577629,0.9741543265454654,0.9874687506009635,8.0,0.0024572970797845524,84.0,0.00253892328002596,20.0,0.0026226767061927714,15.0,0.002519888364310217,33.0,0.0026632361075078852,40.0,0.0025593684202363785,,,,,,,0.8112781244591328,0.9741539944631867,0.9602297178607612,0.9018972358711528,0.9479153459101665,0.9768968918379417,,,,,,,,,
300,other,What is the woman wearing?,skirt,http://images.cocodataset.org/train2014/COCO_train2014_000000131366.jpg,4,212,0.9982059899078412,-1.2153180837631226,Sk,4,17.0,0.0020497226468407076,32.0,0.0020173395466471836,116.0,0.0021648476095397573,0.9856676426534905,0.9834732781244951,0.9608159608370875,78.0,0.0021100617239616735,,,,,,,,,,,,,,,,,0.9791938541600747,,,,,,,,,,,,,,
301,other,What type of photo is this?,black and white,http://images.cocodataset.org/train2014/COCO_train2014_000000131366.jpg,5,248,0.9885522081858871,-0.3181283175945282,Black,5,18.0,0.003715002540801577,17.0,0.004435125054704062,32.0,0.00356370269828531,0.9182958340544894,0.8409160494198367,0.9669307776126193,20.0,0.003872235816906757,16.0,0.0033208440535568797,,,,,,,,,,,,,,,0.9354752972273344,0.9618974703476992,,,,,,,,,,,,,
302,other,What sport is this?,tennis,http://images.cocodataset.org/train2014/COCO_train2014_000000131366.jpg,10,267,0.9686562792676692,-0.020482443273067474,Tennis,10,15.0,0.003908806968371445,41.0,0.004096009443654697,10.0,0.0037352467117439726,0.9018972358711528,0.9458589499961908,1.0,29.0,0.003639045943624157,15.0,0.0035831314414948878,16.0,0.004017816077642627,15.0,0.0039627267624234895,21.0,0.004498958049302704,26.0,0.003910085796554122,15.0,0.004412566552985927,,,,,0.9671944312960193,0.9543063494363562,0.9463946303571862,0.9189900464321514,0.9092748525610023,0.9711362770397297,0.9967916319816366,,,,,,,,
303,other,What are the people holding?,tennis rackets,http://images.cocodataset.org/train2014/COCO_train2014_000000131366.jpg,4,130,0.9977789819082732,-0.41240787506103516,Tennis,4,294.0,0.00203948343512728,26.0,0.00201972176970597,25.0,0.002004701461606288,0.9769840176691548,0.9934151417289493,0.9795499092274749,17.0,0.0020302450770313786,,,,,,,,,,,,,,,,,0.9967828263127351,,,,,,,,,,,,,,
304,other,What is the group of people holding in their hand?,tennis rackets,http://images.cocodataset.org/train2014/COCO_train2014_000000131366.jpg,4,158,0.9978436899187779,-0.24401432275772095,Tennis,4,169.0,0.002043819443041031,110.0,0.0020516824893294858,16.0,0.00193985919837465,0.9741137772871785,0.9703670320093133,0.9592101522724052,15.0,0.0019482502565786799,,,,,,,,,,,,,,,,,0.982798115178801,,,,,,,,,,,,,,
305,other,Is the game live or on television?,live,http://images.cocodataset.org/train2014/COCO_train2014_000000131366.jpg,3,177,0.956847913959961,-0.27285662293434143,Live,3,65.0,0.005146465357839442,78.0,0.005343248359939303,65.0,0.006648525190647373,0.9872560260074172,0.9682049484153982,0.9631177430726492,,,,,,,,,,,,,,,,,,,,,,,,,,,,,,,,,
306,other,How would you call for more information about the bus?,877-pwp-green,http://images.cocodataset.org/train2014/COCO_train2014_000000262442.jpg,2,223,0.9978651727157307,-1.1724474430084229,Call,2,23.0,0.003930056171260808,29.0,0.0031162413678450574,,,0.8710381856146567,0.9250324237332364,,,,,,,,,,,,,,,,,,,,,,,,,,,,,,,,,,
307,other,What pattern does the woman have on?,polka dot,http://images.cocodataset.org/train2014/COCO_train2014_000000021895.jpg,7,177,0.9786345575330825,-0.7621273398399353,Pol,7,122.0,0.002817844417082437,78.0,0.002831576874261175,58.0,0.0028099164448593594,0.9886892863525001,0.9719259160630357,0.9707378719878355,29.0,0.002838222447241494,81.0,0.0027789122132816243,59.0,0.0028206240684084376,21.0,0.002747176780312403,,,,,,,,,,,0.9951756793098177,0.989445336005203,0.9964723025029469,0.9663407895758982,,,,,,,,,,,
308,other,What is running across the beach?,horse,http://images.cocodataset.org/train2014/COCO_train2014_000000131373.jpg,8,179,0.9984544809187297,-1.6434813737869263,Water,8,17.0,0.0020664965320616696,56.0,0.002029087753121251,94.0,0.0019673356235974113,0.8409160494198367,0.9661495420294686,0.9784933587945654,26.0,0.001943868540977447,15.0,0.0019828011641463083,15.0,0.0019735453350329967,25.0,0.002021152066474459,24.0,0.0020184007429644656,,,,,,,,,0.9567644070024935,0.9877812438119246,0.944623214254579,0.9934804071359582,0.9899343783255763,,,,,,,,,,
309,other,What is causing the smoke?,grill,http://images.cocodataset.org/train2014/COCO_train2014_000000131374.jpg,4,282,0.9993206480580641,-1.6368236541748047,A,4,16.0,0.0019425446610174275,47.0,0.001906713035239185,15.0,0.0019623894509551267,0.9755307720176266,0.9583975195904847,0.8830374409547587,15.0,0.0019510469022589753,,,,,,,,,,,,,,,,,0.9500685975366211,,,,,,,,,,,,,,
310,other,What ethnicity is the man?,african american,http://images.cocodataset.org/train2014/COCO_train2014_000000109277.jpg,4,284,0.9979905335169116,-0.3240077793598175,Black,4,22.0,0.002162059598387714,28.0,0.0022150139677671377,15.0,0.002102436636188613,0.9562266726976326,0.9259892395985448,0.9446232142545791,17.0,0.0022417093009291823,,,,,,,,,,,,,,,,,0.9878171319090819,,,,,,,,,,,,,,
311,other,Is the man wearing shorts or pants?,shorts,http://images.cocodataset.org/train2014/COCO_train2014_000000131376.jpg,2,221,0.9523322654413103,-0.2076064944267273,Short,2,47.0,0.013127338332377924,15.0,0.00918127763702422,,,0.9460503593571373,0.9446232142545791,,,,,,,,,,,,,,,,,,,,,,,,,,,,,,,,,,
312,color recognition,What color is the players shirt?,orange,http://images.cocodataset.org/train2014/COCO_train2014_000000458752.jpg,7,261,0.9957574253660202,-0.180270254611969,Orange,7,23.0,0.0024781207081629535,52.0,0.002542106161666537,19.0,0.003165200666022567,0.9705502589382583,0.9758594026452843,0.9041116874399233,16.0,0.0028873902356325878,18.0,0.0030170484002234508,11.0,0.0025022773422061243,17.0,0.002746257182528565,,,,,,,,,,,0.9320201587042914,0.9435794406736077,0.9431887805255736,0.9967828263127351,,,,,,,,,,,
313,color recognition,What color is the snow?,white,http://images.cocodataset.org/train2014/COCO_train2014_000000262146.jpg,3,287,0.9890050757277434,-0.110648512840271,White,3,41.0,0.0037226311073732857,28.0,0.003797925805822992,16.0,0.003559463471864493,0.9237300774944799,0.9724347495570991,0.8903195311147832,,,,,,,,,,,,,,,,,,,,,,,,,,,,,,,,,
314,color recognition,What color is the persons headwear?,red,http://images.cocodataset.org/train2014/COCO_train2014_000000262146.jpg,5,303,0.996919523342554,-0.2662280201911926,Red,5,17.0,0.0021813817296266968,18.0,0.002121877784391327,36.0,0.0021558038939171772,0.8919296718389884,0.9955380299191111,0.9116502442087119,29.0,0.002221209573876205,16.0,0.0020975673813371613,,,,,,,,,,,,,,,0.9129189577149243,0.9618974703476992,,,,,,,,,,,,,
315,color recognition,What color is the toothbrush?,white and purple,http://images.cocodataset.org/train2014/COCO_train2014_000000393223.jpg,3,236,0.9960808913243113,-1.0207417011260986,White,3,39.0,0.0019502585397079247,79.0,0.001957146088248883,9.0,0.0019699148238647942,0.9831668653879464,0.9631170862643925,0.7642045065086203,,,,,,,,,,,,,,,,,,,,,,,,,,,,,,,,,
316,color recognition,What colors are shown in this picture?,black and white,http://images.cocodataset.org/train2014/COCO_train2014_000000524297.jpg,8,324,0.990537138663155,-0.3645102083683014,Black,8,19.0,0.0026153283942250893,15.0,0.0025549235590656286,17.0,0.002499818465094863,0.9649618403823442,0.8830374409547587,0.9878171319090819,58.0,0.0025833338560625795,18.0,0.0026379596448381708,47.0,0.0025492170097888016,22.0,0.0026775595684325002,15.0,0.002425376204259463,,,,,,,,,0.9429218515104141,0.8783471047618534,0.9628795868157818,0.9643787017331664,1.0,,,,,,,,,,
317,color recognition,What color is his hat?,blue,http://images.cocodataset.org/train2014/COCO_train2014_000000393227.jpg,7,161,0.9651685659904449,-0.02392144314944744,Blue,7,40.0,0.006736914992908451,105.0,0.006395916549879414,19.0,0.0055913904447682265,0.9044521771199049,0.9594073895546242,0.9237100600260872,25.0,0.006581492796272142,19.0,0.006191985987178655,25.0,0.006932149276077414,26.0,0.003926861440136804,,,,,,,,,,,0.9661190960509454,0.9975194757207203,0.832890542803119,0.9587885988006132,,,,,,,,,,,
318,color recognition,What color is the jacket?,green,http://images.cocodataset.org/train2014/COCO_train2014_000000131084.jpg,0,288,0.9892232334088417,-0.22691766917705536,Green,0,,,,,,,,,,,,,,,,,,,,,,,,,,,,,,,,,,,,,,,,,,
319,color recognition,What color is the sky?,gray,http://images.cocodataset.org/train2014/COCO_train2014_000000393230.jpg,3,214,0.9986298797258167,-0.5028190612792969,Gray,3,91.0,0.002158797112528672,22.0,0.002111315071734058,18.0,0.0019929150058904752,0.960629065240273,0.9658234187802699,0.9894641713470743,,,,,,,,,,,,,,,,,,,,,,,,,,,,,,,,,
320,color recognition,What color is his coat?,blue,http://images.cocodataset.org/train2014/COCO_train2014_000000393230.jpg,1,261,0.9821252353563694,-0.057834524661302567,Blue,1,44.0,0.006070066495816179,,,,,0.9215035470139618,,,,,,,,,,,,,,,,,,,,,,,,,,,,,,,,,,,
321,color recognition,What color is the bear?,black,http://images.cocodataset.org/train2014/COCO_train2014_000000137045.jpg,4,271,0.9759148237256688,-0.16323482990264893,Black,4,19.0,0.004931799981083422,15.0,0.0034620944712387735,27.0,0.005232402907521173,0.8743862973701078,0.9859247724121322,0.9901732069475997,17.0,0.005097596818610597,,,,,,,,,,,,,,,,,0.9127332405984697,,,,,,,,,,,,,,
322,color recognition,What color are the leaves?,green,http://images.cocodataset.org/train2014/COCO_train2014_000000262171.jpg,8,208,0.989153935278576,-0.084180548787117,Green,8,45.0,0.0027945868614658452,22.0,0.0028681316297853904,35.0,0.002723560023995549,0.9685396216831968,0.9870296937811092,0.9940870816934497,37.0,0.002745953184602129,18.0,0.002708673322064599,6.0,0.002635278044204647,17.0,0.0027962196769965746,6.0,0.0025633627419721547,,,,,,,,,0.9553743254417432,0.9955380299191111,1.0,0.8516924496551459,1.0,,,,,,,,,,
323,color recognition,What color is the umbrella?,pink,http://images.cocodataset.org/train2014/COCO_train2014_000000131101.jpg,3,284,0.9936128228712958,-0.03591538593173027,P,3,33.0,0.002828631876500111,17.0,0.0025365647865001166,16.0,0.0027357088814638454,0.942817802427928,0.9856676426534905,0.8348683589017413,,,,,,,,,,,,,,,,,,,,,,,,,,,,,,,,,
324,color recognition,What color is the vase?,white,http://images.cocodataset.org/train2014/COCO_train2014_000000000030.jpg,5,166,0.9386519358821928,-0.029316650703549385,White,5,15.0,0.0050114974700882775,226.0,0.0063228757240108395,15.0,0.00501408595201623,0.8983958159908183,0.9720051386307869,0.944623214254579,35.0,0.006532814784487466,15.0,0.0048872534512669165,,,,,,,,,,,,,,,0.9618422163325505,0.9161314485121342,,,,,,,,,,,,,
325,color recognition,What color is the napkin?,white,http://images.cocodataset.org/train2014/COCO_train2014_000000043697.jpg,7,270,0.9806372852339669,-0.052065957337617874,White,7,15.0,0.0037054356546597235,17.0,0.003030257333662299,17.0,0.004291645048875568,0.944623214254579,0.9936520348079905,0.8787419949064399,23.0,0.0045513202698913595,33.0,0.004921254596749931,35.0,0.0040795380679369995,13.0,0.004831597609366216,,,,,,,,,,,0.9828913818695839,0.9854734812572029,0.9757651166128233,0.9957274520849255,,,,,,,,,,,
326,color recognition,What color is the refrigerator?,silver,http://images.cocodataset.org/train2014/COCO_train2014_000000131113.jpg,4,181,0.9942889138890405,-0.22461752593517303,Silver,4,87.0,0.0029820710810978964,21.0,0.0026132796058783623,27.0,0.0024843012897161018,0.9595342652395609,0.9416964533717589,0.9740496185561681,14.0,0.00272976394779123,,,,,,,,,,,,,,,,,0.9821410328348752,,,,,,,,,,,,,,
327,color recognition,What color is the plane?,red,http://images.cocodataset.org/train2014/COCO_train2014_000000262187.jpg,2,247,0.9935905742524939,-0.23965920507907867,Red,2,15.0,0.0037344069202697562,30.0,0.005161334933649925,,,0.9161314485121342,0.8922560047532223,,,,,,,,,,,,,,,,,,,,,,,,,,,,,,,,,,
328,color recognition,What color horse is closer to the camera?,black,http://images.cocodataset.org/train2014/COCO_train2014_000000000049.jpg,4,200,0.9712276546896974,-0.2762416899204254,Black,4,17.0,0.0052712985364526885,11.0,0.006005305866876535,73.0,0.005855916223361813,0.951983906543883,0.826074224242703,0.9618612134881859,28.0,0.006863808235533106,,,,,,,,,,,,,,,,,0.8757609339601583,,,,,,,,,,,,,,
329,color recognition,What color is the girl's shirt?,blue,http://images.cocodataset.org/train2014/COCO_train2014_000000393268.jpg,7,186,0.9820178364508534,-0.3036065399646759,Blue,7,27.0,0.004485119682816289,18.0,0.0049332483863855706,33.0,0.005149144433785303,0.935944697445866,0.9435794406736079,0.9323071646118102,37.0,0.0036525927259710117,36.0,0.005038018515058643,11.0,0.0038737591125708906,51.0,0.005047951982825498,,,,,,,,,,,0.9852422126602658,0.9151719294732336,0.9056185178648963,0.9554293273375702,,,,,,,,,,,
330,color recognition,What color are the flowers?,yellow and white,http://images.cocodataset.org/train2014/COCO_train2014_000000131128.jpg,2,257,0.9961350065401803,-0.3625185191631317,Y,2,16.0,0.0023747782682250838,28.0,0.0024007041938635234,,,0.9618974703476992,0.8964958912725173,,,,,,,,,,,,,,,,,,,,,,,,,,,,,,,,,,
331,color recognition,What colors are the flowers?,yellow and white,http://images.cocodataset.org/train2014/COCO_train2014_000000131128.jpg,3,221,0.995941349187596,-0.8477439880371094,Y,3,19.0,0.002149456666948358,43.0,0.0021688382620816222,44.0,0.0021313610507164727,0.8899149938380798,0.9657714252904636,0.9544347351899647,,,,,,,,,,,,,,,,,,,,,,,,,,,,,,,,,
332,color recognition,What color is the animal?,gray,http://images.cocodataset.org/train2014/COCO_train2014_000000262204.jpg,5,267,0.997562813954235,-0.08006220310926437,Gray,5,15.0,0.0024870555507334516,15.0,0.0023313574348448897,23.0,0.0025816875328121755,0.9602297178607612,0.9609640474436811,0.9203009775994394,20.0,0.002304383706839657,22.0,0.0024673556456435417,,,,,,,,,,,,,,,0.9921503172858166,0.9434038256873106,,,,,,,,,,,,,
333,color recognition,What color is the plane?,red and white,http://images.cocodataset.org/train2014/COCO_train2014_000000131133.jpg,7,244,0.9966465724208321,-0.26381203532218933,Red,7,21.0,0.002292385843474741,16.0,0.0022108081608300497,15.0,0.0020973926087143623,0.9937866610055328,0.9755307720176266,0.9285012313356796,15.0,0.0021145784117355933,7.0,0.0020148959814275183,7.0,0.002012785018375776,17.0,0.0022979611993754943,,,,,,,,,,,0.8886831177898309,0.9821410328348752,0.9821410328348752,0.8726389366057714,,,,,,,,,,,
334,color recognition,What color are the seats?,tan,http://images.cocodataset.org/train2014/COCO_train2014_000000262207.jpg,7,222,0.9935761297399639,-0.711423933506012,Brown,7,15.0,0.0027983259569226548,17.0,0.0031218539817834613,18.0,0.0026938403009312,0.9147366491799203,0.8919296718389884,0.9375433175393748,19.0,0.002740862650837317,128.0,0.0035704999301300476,16.0,0.0027520534193010825,7.0,0.002763752254553852,,,,,,,,,,,0.9427556840016249,0.9835237502153217,0.9681390622295665,0.863120568566631,,,,,,,,,,,
335,color recognition,What color is the middle vase?,blue,http://images.cocodataset.org/train2014/COCO_train2014_000000458763.jpg,4,291,0.9968207361733028,-0.16503478586673737,Blue,4,18.0,0.0031771260161338657,51.0,0.002310672081768383,11.0,0.0021044526443621775,1.0,0.9800431310521897,0.9904129681145393,18.0,0.0024494724975050344,,,,,,,,,,,,,,,,,0.977342973473178,,,,,,,,,,,,,,
336,color recognition,What color is the window frame?,white,http://images.cocodataset.org/train2014/COCO_train2014_000000393291.jpg,5,315,0.9964232074879483,-1.1898740530014038,White,5,22.0,0.002479906058099414,9.0,0.0022313470647736377,25.0,0.002313815030197867,0.9849226290193991,0.9057125980138372,0.9449744556693416,15.0,0.0024121505278519423,20.0,0.0023826136550460803,,,,,,,,,,,,,,,0.9877812438119246,0.9927376486136672,,,,,,,,,,,,,
337,color recognition,What color is the sign?,white,http://images.cocodataset.org/train2014/COCO_train2014_000000131160.jpg,4,215,0.9835738671855964,-1.2718925476074219,Brown,4,38.0,0.004022883622492603,15.0,0.00447327722679441,74.0,0.004458904799849229,0.9619577068074998,0.9877812438119246,0.9566871684002516,15.0,0.0038435755762283156,,,,,,,,,,,,,,,,,0.9664572819896988,,,,,,,,,,,,,,
338,color recognition,What color is the tray?,white,http://images.cocodataset.org/train2014/COCO_train2014_000000524377.jpg,11,182,0.9861102792900743,-0.1892745941877365,White,11,17.0,0.0033600307679206645,15.0,0.0035118353555415355,12.0,0.002997647107222561,0.9363348190250748,0.9500685975366211,1.0,27.0,0.004303911324762023,29.0,0.0039167843080137555,15.0,0.0037184556979548544,18.0,0.0032899253127092,27.0,0.0034871315775312417,9.0,0.0035675672671927287,46.0,0.003286732780550679,38.0,0.003380791560857104,,,0.9168740213914222,0.8916603548773429,0.8830374409547587,0.977342973473178,0.9450610362739622,0.7642045065086203,0.9672917971171853,0.9633065988428692,,,,,,,
339,color recognition,What color is the bathroom?,yellow,http://images.cocodataset.org/train2014/COCO_train2014_000000262159.jpg,5,223,0.9807538015662572,-0.49324047565460205,Y,5,15.0,0.003812911047520622,7.0,0.0036490487356760936,23.0,0.0060924263765012475,0.982798115178801,0.9852281360342515,0.9314885997695779,63.0,0.004588939525703842,26.0,0.004550468729741051,,,,,,,,,,,,,,,0.9835075258982703,0.9518454061235637,,,,,,,,,,,,,
340,color recognition,What color is the wall?,yellow,http://images.cocodataset.org/train2014/COCO_train2014_000000262159.jpg,3,234,0.9637549359160339,-0.18320080637931824,Y,3,53.0,0.005957607060072232,66.0,0.006001644729308034,25.0,0.0060251466325401334,0.96315450087862,0.9802670336493107,0.9837115354331802,,,,,,,,,,,,,,,,,,,,,,,,,,,,,,,,,
341,color recognition,What color are the bathroom walls?,yellow,http://images.cocodataset.org/train2014/COCO_train2014_000000262159.jpg,3,233,0.9699218320800357,-0.18752096593379974,Y,3,53.0,0.0054990722764475955,66.0,0.005529403699501975,25.0,0.005523811253911013,0.96315450087862,0.9802670336493107,0.9837115354331802,,,,,,,,,,,,,,,,,,,,,,,,,,,,,,,,,
342,color recognition,What color is the sofa?,gray,http://images.cocodataset.org/train2014/COCO_train2014_000000524386.jpg,2,261,0.99948464242668,-1.1166731119155884,Brown,2,38.0,0.002039751086299829,27.0,0.0021112904838648592,,,0.9464754564753023,0.8997598005436134,,,,,,,,,,,,,,,,,,,,,,,,,,,,,,,,,,
343,color recognition,What color is the man's shirt in the front of the photo?,black,http://images.cocodataset.org/train2014/COCO_train2014_000000131172.jpg,4,248,0.975350373586264,-0.06464851647615433,Black,4,15.0,0.004536165203649561,15.0,0.005304116698550643,31.0,0.004854286004010722,0.8983958159908183,0.9018972358711528,0.9560089022414302,27.0,0.0046746526925887716,,,,,,,,,,,,,,,,,0.9707537064911389,,,,,,,,,,,,,,
344,color recognition,What color is the traffic signal?,green,http://images.cocodataset.org/train2014/COCO_train2014_000000393317.jpg,2,221,0.9929217659532388,-0.1388775110244751,Green,2,19.0,0.003498863299670994,30.0,0.003206846649993131,,,0.8597769141610625,0.8996431878969785,,,,,,,,,,,,,,,,,,,,,,,,,,,,,,,,,,
345,color recognition,What color is the woman's sweater?,gray,http://images.cocodataset.org/train2014/COCO_train2014_000000000110.jpg,8,222,0.9975508569687798,-0.6481379270553589,Gray,8,35.0,0.0025441067323166747,35.0,0.0025680575275151205,19.0,0.0025529819256826652,0.9476175670117862,0.9926856150315784,0.9617367430790453,17.0,0.0024900972644719003,15.0,0.00242094433866971,62.0,0.0024367050174977263,19.0,0.0028274784785637637,6.0,0.0021738138053126878,,,,,,,,,0.9360847109776411,0.9018972358711528,0.9677151222464624,0.9980008838722996,0.9182958340544896,,,,,,,,,,
346,color recognition,What color are the chairs?,blue,http://images.cocodataset.org/train2014/COCO_train2014_000000000113.jpg,2,255,0.9895826732860865,-0.07259427011013031,Blue,2,50.0,0.005470776325698598,16.0,0.006335227388048448,,,0.9025775045801174,0.9886994082884974,,,,,,,,,,,,,,,,,,,,,,,,,,,,,,,,,,
347,color recognition,What color is the building?,red,http://images.cocodataset.org/train2014/COCO_train2014_000000131190.jpg,12,85,0.9891541302357166,-0.42010945081710815,Red,12,65.0,0.003005733423484146,29.0,0.0028731474424822222,60.0,0.002954631999923312,0.9812365861214722,0.9797175706304523,0.9812425751830718,26.0,0.0029241616597351344,14.0,0.0027013853489327804,16.0,0.0030708985516651162,27.0,0.0036499145826905245,52.0,0.003344513400759377,16.0,0.003755308774423687,84.0,0.0032404463255822735,18.0,0.0031765645819794414,36.0,0.003368742131014619,0.9772810666478722,0.9620871761502205,0.9965119062478288,0.9198486681120148,0.9479815183639775,1.0,0.9721087207333231,0.9081700569267039,0.9554935575691156,,,,,,
348,color recognition,What color are the flowers?,red,http://images.cocodataset.org/train2014/COCO_train2014_000000131190.jpg,10,112,0.9857611259887162,-0.737014651298523,Red,10,48.0,0.003024107145837725,35.0,0.00321724365472981,77.0,0.0033563076283763243,0.9783356354975598,0.9603716844220385,0.9805078561633618,74.0,0.003223679614348741,17.0,0.003046464379397408,27.0,0.003691397891830445,44.0,0.0034219283917185355,16.0,0.003808453191808401,79.0,0.003320975151161334,23.0,0.003505840746105792,,,,,0.972860573700211,0.9519839065438831,0.9527086220160396,0.9377126731225476,1.0,0.9665226320279311,0.9321883810995899,,,,,,,,
349,color recognition,What color is the clock tower in this photo?,white,http://images.cocodataset.org/train2014/COCO_train2014_000000131190.jpg,5,299,0.9900452830154972,-1.0989359617233276,White,5,22.0,0.0029441585563020635,15.0,0.0031228953242829916,27.0,0.0036610367949079813,0.9833753864788932,0.9877812438119246,0.9455305560363263,18.0,0.0033179592441320727,15.0,0.00333252254479697,,,,,,,,,,,,,,,0.9915323997298832,0.8024677973715656,,,,,,,,,,,,,
350,color recognition,What color plate is this?,white,http://images.cocodataset.org/train2014/COCO_train2014_000000000127.jpg,4,275,0.9849800382844566,-0.13300912082195282,White,4,21.0,0.0037348290620033255,23.0,0.004021296387378142,43.0,0.0038835598218864694,0.9517619850443704,0.9237619558190567,0.9352500120571573,28.0,0.0033633933439721187,,,,,,,,,,,,,,,,,0.9387737867296964,,,,,,,,,,,,,,
351,color recognition,What color are the skis?,yellow,http://images.cocodataset.org/train2014/COCO_train2014_000000262273.jpg,6,298,0.9980152526687789,-0.8610341548919678,Black,6,21.0,0.0021863241045744315,20.0,0.002363467197037326,21.0,0.002279524020132608,0.9663407895758984,0.8713688243068336,0.9566859396996199,20.0,0.002166781192734755,27.0,0.002242083314328115,21.0,0.002449965392822925,,,,,,,,,,,,,0.9596390821693784,0.9579073713825506,0.9748830897462037,,,,,,,,,,,,
352,color recognition,What color is the man's hat?,black,http://images.cocodataset.org/train2014/COCO_train2014_000000262273.jpg,2,172,0.9795487199618949,-0.17934268712997437,Black,2,159.0,0.004598299894245501,15.0,0.003499521235475915,,,0.9680264140507341,0.9285012313356796,,,,,,,,,,,,,,,,,,,,,,,,,,,,,,,,,,
353,color recognition,What color is the woman's shorts?,black,http://images.cocodataset.org/train2014/COCO_train2014_000000524420.jpg,5,340,0.9969894354196379,-0.2393123358488083,Black,5,26.0,0.002303441386916351,40.0,0.002243690372315384,37.0,0.0023477408979692377,0.9595930518283794,0.9691628576191903,0.9540411663358735,15.0,0.0021735423366409474,25.0,0.002374825517429783,,,,,,,,,,,,,,,0.9949490477321437,0.9530186554098734,,,,,,,,,,,,,
354,color recognition,What color is the girl's hair?,red,http://images.cocodataset.org/train2014/COCO_train2014_000000131208.jpg,3,256,0.9943255374439636,-0.17054569721221924,Red,3,15.0,0.002786489346758987,6.0,0.0024032660341617765,15.0,0.003549241400852197,0.9609640474436811,1.0,0.7835807040488099,,,,,,,,,,,,,,,,,,,,,,,,,,,,,,,,,
355,color recognition,What color is the catcher's pants?,gray,http://images.cocodataset.org/train2014/COCO_train2014_000000284012.jpg,3,287,0.9912073182569324,-0.24340513348579407,White,3,19.0,0.003671421555896668,18.0,0.0031306211851329867,16.0,0.0031505941290225635,0.8389921403188865,0.977342973473178,0.9056390622295665,,,,,,,,,,,,,,,,,,,,,,,,,,,,,,,,,
356,color recognition,What color flowers are on the top right?,purple,http://images.cocodataset.org/train2014/COCO_train2014_000000262283.jpg,3,180,0.9908650759492371,-0.5611609220504761,P,3,217.0,0.002496821527583749,22.0,0.00247892220499458,64.0,0.002465783407572459,0.9759962138302274,0.9970151057384782,0.9720830611902619,,,,,,,,,,,,,,,,,,,,,,,,,,,,,,,,,
357,color recognition,What color is the cloth?,gray,http://images.cocodataset.org/train2014/COCO_train2014_000000524428.jpg,7,256,0.9968951773003198,-1.1988067626953125,White,7,79.0,0.00237478764415182,15.0,0.002358813856013398,32.0,0.0023402280057488395,0.9510869501310828,0.9018972358711528,0.9264626131355841,25.0,0.0023038477564873024,21.0,0.0024300562988214154,21.0,0.0023422462401971275,15.0,0.002310080083448683,,,,,,,,,,,0.980825296201085,1.0,0.9517619850443704,0.9602297178607612,,,,,,,,,,,
358,color recognition,What color is the milk carton?,blue,http://images.cocodataset.org/train2014/COCO_train2014_000000000142.jpg,11,111,0.999094375446172,-0.7189103364944458,White,11,92.0,0.001895341891812526,51.0,0.0018998245189398191,12.0,0.0019008052484468412,0.9798342322591398,0.9666480732082238,0.9798687566511528,110.0,0.0019097358256234991,47.0,0.0018932627794442897,22.0,0.0019002394043576086,15.0,0.0018831116242099895,4.0,0.0018760264945470514,15.0,0.0018993865006386517,7.0,0.0018531770653280198,16.0,0.0018833040545746407,,,0.9675660933208384,0.9454486763427925,0.9645454255594046,0.9147366491799203,0.0,0.9018972358711528,0.9821410328348752,0.9414280318460244,,,,,,,
359,color recognition,What color is the building?,red,http://images.cocodataset.org/train2014/COCO_train2014_000000000149.jpg,2,238,0.99173881556657,-0.7648184895515442,Red,2,65.0,0.004283888033700908,18.0,0.003571142055690738,,,0.9528596826537898,0.9535998353544741,,,,,,,,,,,,,,,,,,,,,,,,,,,,,,,,,,
360,color recognition,What color is this girl's shirt?,red,http://images.cocodataset.org/train2014/COCO_train2014_000000109986.jpg,5,151,0.9949998591409284,-0.04555020108819008,Red,5,141.0,0.0029395250427669793,17.0,0.0024810274488049427,19.0,0.0025781605433170874,0.9549838561111452,0.9719977955078913,0.9621305296911873,16.0,0.0029073973449763742,34.0,0.0027373213713786236,,,,,,,,,,,,,,,0.9755307720176266,0.9505180493964058,,,,,,,,,,,,,
361,color recognition,What color is the girls hot dog?,red,http://images.cocodataset.org/train2014/COCO_train2014_000000109986.jpg,2,259,0.9970192993653935,-0.5828574895858765,Red,2,55.0,0.002389271112484135,23.0,0.0023478001620757085,,,0.9497832825153646,0.9412621082710939,,,,,,,,,,,,,,,,,,,,,,,,,,,,,,,,,,
362,color recognition,What color are the girl's lips?,red,http://images.cocodataset.org/train2014/COCO_train2014_000000109986.jpg,2,197,0.9962162563802197,-0.5168693661689758,Red,2,21.0,0.00256465347212952,116.0,0.002787027991091876,,,0.9629610647945142,0.9521491368890687,,,,,,,,,,,,,,,,,,,,,,,,,,,,,,,,,,
363,color recognition,What color is the school bus?,blue yellow,http://images.cocodataset.org/train2014/COCO_train2014_000000131225.jpg,1,301,0.9970376237721643,-0.4637051224708557,Blue,1,107.0,0.002531400195255501,,,,,0.9733060225894892,,,,,,,,,,,,,,,,,,,,,,,,,,,,,,,,,,,
364,color recognition,What color is the bus?,blue and yellow,http://images.cocodataset.org/train2014/COCO_train2014_000000131225.jpg,7,213,0.9924703090961973,-0.4359978139400482,Blue,7,16.0,0.0030360121631270525,20.0,0.002805059688433418,25.0,0.003057972965741122,0.949701216438411,0.9927376486136672,0.931646288831146,180.0,0.003324852894022096,23.0,0.002518809200744732,16.0,0.003027466092785792,8.0,0.002768454252096708,,,,,,,,,,,0.9771753892540677,0.9910581831938823,0.949701216438411,0.8112781244591328,,,,,,,,,,,
365,color recognition,What color are the stakes in the dirt?,yellow,http://images.cocodataset.org/train2014/COCO_train2014_000000262299.jpg,1,250,0.9919212158636465,-0.019756117835640907,Y,1,36.0,0.0037589917594187017,,,,,0.9518955212388588,,,,,,,,,,,,,,,,,,,,,,,,,,,,,,,,,,,
366,color recognition,What color shirt is the man standing in the background wearing?,yellow,http://images.cocodataset.org/train2014/COCO_train2014_000000262299.jpg,3,209,0.9265167870533348,-0.045112062245607376,Y,3,34.0,0.01212248034773371,49.0,0.0149906325497866,15.0,0.0075985968330436904,0.9341485503019665,0.9469837221434962,0.9949490477321437,,,,,,,,,,,,,,,,,,,,,,,,,,,,,,,,,
367,color recognition,What color are the majority of sheep?,black,http://images.cocodataset.org/train2014/COCO_train2014_000000393386.jpg,1,291,0.9814695746598855,-0.2450370192527771,Black,1,51.0,0.0035425999694450117,,,,,0.9827269919363335,,,,,,,,,,,,,,,,,,,,,,,,,,,,,,,,,,,
368,color recognition,What color are the flowers?,pink,http://images.cocodataset.org/train2014/COCO_train2014_000000262329.jpg,5,325,0.99927534165069,-0.12407020479440689,P,5,22.0,0.0018895348992732097,32.0,0.001916634655880461,24.0,0.001923206222260211,0.9888167467420675,0.9864307990847075,0.9949671891627881,36.0,0.0019098339204929409,28.0,0.0019246726305356232,,,,,,,,,,,,,,,0.9652129358425556,0.9542845650649427,,,,,,,,,,,,,
369,color recognition,What color is the bus?,red and yellow,http://images.cocodataset.org/train2014/COCO_train2014_000000393403.jpg,5,257,0.9916885454160109,-0.6605187058448792,Y,5,19.0,0.002950675909003436,36.0,0.002874097819139778,17.0,0.0033034357300701705,0.9720048748581784,0.952819791716029,0.8091970544181963,29.0,0.0029670610861580685,17.0,0.003234012247899824,,,,,,,,,,,,,,,0.9300715749465442,0.8516924496551459,,,,,,,,,,,,,
370,color recognition,What color are the girls earrings?,silver,http://images.cocodataset.org/train2014/COCO_train2014_000000524476.jpg,2,117,0.9927244685015598,-1.2039943933486938,Silver,2,354.0,0.0025511773004241855,53.0,0.002405937336492125,,,0.983237983919768,0.9859449626482234,,,,,,,,,,,,,,,,,,,,,,,,,,,,,,,,,,
371,color recognition,What color is the plate?,white,http://images.cocodataset.org/train2014/COCO_train2014_000000000194.jpg,3,252,0.993668125593843,-0.10929236561059952,White,3,27.0,0.0032932045707516205,25.0,0.004191611953464954,15.0,0.004462608008211896,0.9336892509124572,0.9445127868218253,0.9967916319816366,,,,,,,,,,,,,,,,,,,,,,,,,,,,,,,,,
372,color recognition,What color is the car?,orange,http://images.cocodataset.org/train2014/COCO_train2014_000000393412.jpg,3,50,0.9833055103004087,-0.580768883228302,Orange,3,292.0,0.0038166655403955047,307.0,0.0036498585283692197,18.0,0.003745719614567118,0.9712068731869736,0.9743314273889117,0.8929352898779307,,,,,,,,,,,,,,,,,,,,,,,,,,,,,,,,,
373,color recognition,What color is the sign?,black and white,http://images.cocodataset.org/train2014/COCO_train2014_000000393419.jpg,3,251,0.992636239449084,-0.8602081537246704,White,3,138.0,0.002753972644078559,31.0,0.0026424299326101657,13.0,0.0025846261164105384,0.9665820241742582,0.9719442553087106,0.9629470156266078,,,,,,,,,,,,,,,,,,,,,,,,,,,,,,,,,
374,color recognition,What color is the girl's brush?,blue,http://images.cocodataset.org/train2014/COCO_train2014_000000131279.jpg,2,268,0.9800323929242717,-0.24044188857078552,Blue,2,43.0,0.005587097301320228,20.0,0.007839901083057405,,,0.9086469375045809,0.8637400525036966,,,,,,,,,,,,,,,,,,,,,,,,,,,,,,,,,,
375,color recognition,What color is the comb?,blue,http://images.cocodataset.org/train2014/COCO_train2014_000000131279.jpg,2,260,0.9804212185792553,-0.22881172597408295,Blue,2,42.0,0.005702423084190784,19.0,0.007971250505104392,,,0.9063258997423383,0.8693978806749074,,,,,,,,,,,,,,,,,,,,,,,,,,,,,,,,,,
376,color recognition,What color is the table?,brown,http://images.cocodataset.org/train2014/COCO_train2014_000000393428.jpg,6,225,0.9990679817603302,-0.9183312058448792,Brown,6,96.0,0.0019925871266469014,15.0,0.001917821212124873,51.0,0.0019557819328123666,0.9659571703945931,0.9664572819896989,0.9794041967670908,20.0,0.0019539337547865784,22.0,0.0019735894224638065,15.0,0.0019568813292528465,,,,,,,,,,,,,0.9927376486136672,0.9700357646545448,0.9602297178607612,,,,,,,,,,,,
377,color recognition,What color is the knife handle?,silver,http://images.cocodataset.org/train2014/COCO_train2014_000000262359.jpg,3,95,0.9976030017497222,-0.40107446908950806,Silver,3,340.0,0.0021266833350094237,80.0,0.0020840190307780692,20.0,0.00209776197213125,0.9857910201535075,0.9757677968348756,0.9763620978123273,,,,,,,,,,,,,,,,,,,,,,,,,,,,,,,,,
378,color recognition,What color eyes does the cat have?,blue,http://images.cocodataset.org/train2014/COCO_train2014_000000393432.jpg,2,229,0.9979347249000036,-0.8774911165237427,Blue,2,28.0,0.0033409560398056206,32.0,0.003166243398929886,,,0.8936914553520411,0.9230218461456751,,,,,,,,,,,,,,,,,,,,,,,,,,,,,,,,,,
379,color recognition,What color is the umbrella?,pink,http://images.cocodataset.org/train2014/COCO_train2014_000000000036.jpg,2,259,0.9992182501375704,-0.03099564090371132,P,2,17.0,0.0020060781843363983,18.0,0.002169456401808198,,,0.9771236998460401,0.9057125980138372,,,,,,,,,,,,,,,,,,,,,,,,,,,,,,,,,,
380,color recognition,What color is the man's skin?,white,http://images.cocodataset.org/train2014/COCO_train2014_000000474858.jpg,6,350,0.995595735066782,-0.13700908422470093,White,6,16.0,0.0027436308835444346,15.0,0.0025240071700718793,41.0,0.002618255580249792,0.8194483718728035,0.9602297178607612,0.9838029637883657,15.0,0.0024308612457152167,26.0,0.0023017297451517534,16.0,0.0023730065239282697,,,,,,,,,,,,,0.9877812438119247,0.989316588808282,0.9681390622295665,,,,,,,,,,,,
381,color recognition,What color is the shirt of the man standing?,black,http://images.cocodataset.org/train2014/COCO_train2014_000000474858.jpg,2,263,0.9819544983331131,-0.21671147644519806,Black,2,51.0,0.005177214810742214,24.0,0.004318508771562266,,,0.9225939600552474,0.9434264036172708,,,,,,,,,,,,,,,,,,,,,,,,,,,,,,,,,,
382,color recognition,What color is the board?,white,http://images.cocodataset.org/train2014/COCO_train2014_000000474858.jpg,4,349,0.9961994981094185,-1.026063084602356,White,4,18.0,0.0026239580126574047,17.0,0.002571842183673343,47.0,0.0023582887985064437,0.8929352898779307,0.9360847109776411,0.9565687203588571,19.0,0.002227923152090755,,,,,,,,,,,,,,,,,0.9880900585356664,,,,,,,,,,,,,,
383,color recognition,What colors are in the kite?,"black, blue, red, orange, yellow",http://images.cocodataset.org/train2014/COCO_train2014_000000393438.jpg,6,234,0.9949067034318212,-1.3060107231140137,Red,6,94.0,0.002631998227822486,42.0,0.002583702557893108,17.0,0.0024116911373914837,0.974182327651531,0.9442102297673567,0.9771236998460401,28.0,0.002578631090881561,28.0,0.0026177783731780686,22.0,0.002505974510404556,,,,,,,,,,,,,0.9687190118734337,0.9548193549840598,0.9904129681145393,,,,,,,,,,,,
384,color recognition,What color is the train's bumper?,red,http://images.cocodataset.org/train2014/COCO_train2014_000000165859.jpg,6,220,0.9910781956211729,-0.7382103800773621,Black,6,26.0,0.003390256610194833,48.0,0.0034384553274320498,16.0,0.003111694176808825,0.936291221885284,0.9362621941156885,0.9618974703476992,18.0,0.003045076959121551,10.0,0.0036042709018622755,15.0,0.002736427371316485,,,,,,,,,,,,,0.9736669121131954,0.8812908992306927,0.9613833012053531,,,,,,,,,,,,
385,color recognition,What color dresses are the women wearing?,orange,http://images.cocodataset.org/train2014/COCO_train2014_000000393442.jpg,8,137,0.9673708940143197,-0.9994292259216309,Orange,8,203.0,0.005233636426061885,15.0,0.004278520198302914,56.0,0.004818529646859013,0.9717738286094885,0.9018972358711528,0.9466216828799453,17.0,0.004986721094438099,102.0,0.004231260730515376,3.0,0.00316624110297265,17.0,0.004635597909803572,16.0,0.0047534989933396,,,,,,,,,0.8846148739279865,0.9689571741960468,0.0,0.9360847109776411,0.8620485698650454,,,,,,,,,,
386,color recognition,What color is the plate?,white,http://images.cocodataset.org/train2014/COCO_train2014_000000393445.jpg,13,120,0.9622593712064733,-0.045978862792253494,White,13,35.0,0.005517631552856714,52.0,0.004775321886816699,20.0,0.0055886310388067705,0.9452091780576286,0.9490450718646073,0.9197173235750933,90.0,0.005280217274899439,34.0,0.005020523380410793,11.0,0.005098644819881253,22.0,0.0051193120147032985,61.0,0.005899218888851119,35.0,0.005229750823017565,17.0,0.004036013471933618,43.0,0.005082172245257166,13.0,0.005029013299957978,0.96928245738618,0.9378722826566346,0.8453509366224364,0.9074246850599204,0.9727114376230034,0.9334232465383778,0.932718552659954,0.9440349568260117,0.9612366047228759,35.0,0.0049305981683639725,,,0.9346577893095904,
387,color recognition,What color is the picket fence?,white,http://images.cocodataset.org/train2014/COCO_train2014_000000524525.jpg,5,242,0.9967354197566903,-0.41347160935401917,White,5,20.0,0.0024782241437038923,16.0,0.0025799228124445735,67.0,0.0023269892101511857,0.9703227248076731,0.8957541375001011,0.9801164724115297,33.0,0.002634368258349657,15.0,0.002482643016727767,,,,,,,,,,,,,,,0.9770509095592854,0.9500685975366211,,,,,,,,,,,,,
388,color recognition,What color is this airplane?,"red, white, and blue",http://images.cocodataset.org/train2014/COCO_train2014_000000000247.jpg,5,254,0.9987399396260984,-0.3670118749141693,Blue,5,21.0,0.0021491884833766987,20.0,0.0022305415981039257,15.0,0.0021098947542962415,0.9353777085126238,0.8550976671496154,0.9161314485121343,18.0,0.002178810130523492,15.0,0.002025611262286598,,,,,,,,,,,,,,,0.9206250851407773,0.9718495448242642,,,,,,,,,,,,,
389,color recognition,What color is the woman's shirt?,red,http://images.cocodataset.org/train2014/COCO_train2014_000000262399.jpg,1,279,0.992839203998784,-0.0749436467885971,Red,1,29.0,0.004036912974444698,,,,,0.9069376661757246,,,,,,,,,,,,,,,,,,,,,,,,,,,,,,,,,,,
390,color recognition,What color is the lighted sign?,blue,http://images.cocodataset.org/train2014/COCO_train2014_000000000260.jpg,0,285,0.9973777524467988,-0.565628707408905,Blue,0,,,,,,,,,,,,,,,,,,,,,,,,,,,,,,,,,,,,,,,,,,
391,color recognition,What color is the surfboard?,red,http://images.cocodataset.org/train2014/COCO_train2014_000000131339.jpg,2,212,0.9967979990223774,-0.11317336559295654,Red,2,22.0,0.00238374439759012,97.0,0.0030254455373431507,,,0.9567068588479387,0.9732990075647497,,,,,,,,,,,,,,,,,,,,,,,,,,,,,,,,,,
392,color recognition,What color is the bus in the mirror?,yellow,http://images.cocodataset.org/train2014/COCO_train2014_000000262415.jpg,7,230,0.9867408181064354,-0.08423630893230438,Y,7,18.0,0.0043127770026717225,48.0,0.003701307065950833,8.0,0.0033221820186196843,0.920619835714305,0.95891178617651,0.954434002924965,29.0,0.003971613076070023,26.0,0.0045155081360724394,25.0,0.004931149095235025,15.0,0.0035949426352399204,,,,,,,,,,,0.9705914245664364,0.9543125239945704,0.9899449185263033,0.8616157143988104,,,,,,,,,,,
393,color recognition,What color is the phone?,gray,http://images.cocodataset.org/train2014/COCO_train2014_000000393489.jpg,9,109,0.9957849177061476,-0.6826223134994507,Silver,9,47.0,0.00229572944659211,66.0,0.0022892010874167694,7.0,0.0022563767575742885,0.9715964390536806,0.9760337193423791,0.863120568566631,7.0,0.002290750758335889,7.0,0.0022569621839742767,27.0,0.002276114947934868,110.0,0.002301108099139313,11.0,0.002253975285295559,9.0,0.002220609140386853,,,,,,,0.863120568566631,0.863120568566631,0.9794773758936528,0.9789182001402543,0.9713067383178076,0.9656336071428251,,,,,,,,,
394,color recognition,What color is the shower curtain?,white,http://images.cocodataset.org/train2014/COCO_train2014_000000546179.jpg,8,263,0.9573737210758073,-0.032658979296684265,White,8,35.0,0.005685137654556362,31.0,0.004446696193186288,18.0,0.005292477180723641,0.9897130248846461,0.9658304877874208,0.9342064019134055,45.0,0.004618047190913053,27.0,0.005134154356786576,16.0,0.003714198582609869,16.0,0.004902710985166892,19.0,0.00440399681284238,,,,,,,,,0.9540234825224603,0.9270281018844788,0.9724056781360314,0.9463946303571862,0.9892422967543257,,,,,,,,,,
395,color recognition,What color are the dishes?,pink and yellow,http://images.cocodataset.org/train2014/COCO_train2014_000000000009.jpg,1,248,0.9775012947359397,-0.46928197145462036,Y,1,17.0,0.011247724140213682,,,,,0.8091970544181966,,,,,,,,,,,,,,,,,,,,,,,,,,,,,,,,,,,
396,color recognition,What color is the water in the bathtub?,clear,http://images.cocodataset.org/train2014/COCO_train2014_000000131351.jpg,6,248,0.9984829230822474,-0.482033908367157,Blue,6,20.0,0.002134451144708077,28.0,0.0020769205214610656,17.0,0.002189262983515923,0.9703227248076731,0.990725179630931,0.8516924496551459,15.0,0.002114920866169752,23.0,0.0021227705752143748,20.0,0.0021372047348233855,,,,,,,,,,,,,0.9147366491799203,0.9627069364469678,0.8967670977833667,,,,,,,,,,,,
397,color recognition,What color are these mattresses?,white,http://images.cocodataset.org/train2014/COCO_train2014_000000131352.jpg,4,293,0.9960800117338044,-0.1188809871673584,Red,4,16.0,0.002205711914489421,11.0,0.0022157830681512726,15.0,0.0024758816539884377,0.9592101522724052,0.9922150607220183,0.9018972358711528,31.0,0.0026715945665807235,,,,,,,,,,,,,,,,,0.940399911317696,,,,,,,,,,,,,,
398,color recognition,What color are the items on the truck?,white,http://images.cocodataset.org/train2014/COCO_train2014_000000393503.jpg,4,278,0.9973781669164175,-1.2306913137435913,White,4,65.0,0.002047364058688263,16.0,0.0020418849932231043,20.0,0.002163009162977569,0.9949165670522809,1.0,0.8804820237218406,18.0,0.0020876631329007347,,,,,,,,,,,,,,,,,0.9524375025776289,,,,,,,,,,,,,,
399,color recognition,What color is the locomotive?,black,http://images.cocodataset.org/train2014/COCO_train2014_000000497565.jpg,8,215,0.9708022656124181,-0.06671016663312912,Black,8,20.0,0.005123244948843453,30.0,0.0056543017471084546,17.0,0.004561841344694499,0.9630603734213402,0.9854256351542897,0.9519839065438831,21.0,0.0062244821180246135,18.0,0.0054443547902993565,18.0,0.005306752313367692,12.0,0.0035555446618235954,21.0,0.007058652663044658,,,,,,,,,0.8420928684542169,0.8821022532543101,0.8559562007872498,0.9795739585136224,0.9141008920185653,,,,,,,,,,
400,color recognition,What color is the sky?,orange,http://images.cocodataset.org/train2014/COCO_train2014_000000101431.jpg,7,308,0.9960395300180608,-0.368137925863266,Orange,7,15.0,0.002577640875852521,17.0,0.002436699653452848,16.0,0.0028504766857131865,0.9654013672997089,0.9856676426534906,0.8194483718728035,15.0,0.002648082792442204,18.0,0.002489680584999215,20.0,0.0025434224445252313,16.0,0.002390772772989885,,,,,,,,,,,0.9018972358711528,0.9854122527913256,0.9927376486136672,1.0,,,,,,,,,,,
401,color recognition,What color is the carpet in the middle of the floor?,blue,http://images.cocodataset.org/train2014/COCO_train2014_000000109277.jpg,2,313,0.9979190352978878,-0.2167404145002365,Blue,2,16.0,0.002199385325344753,17.0,0.0022279635414607455,,,0.9681390622295665,0.951983906543883,,,,,,,,,,,,,,,,,,,,,,,,,,,,,,,,,,
402,color recognition,What color hat is this man wearing?,black,http://images.cocodataset.org/train2014/COCO_train2014_000000131376.jpg,5,273,0.9633532896093386,-0.17712219059467316,Black,5,42.0,0.004372587433083316,20.0,0.0046197830949797685,34.0,0.004505109324819531,0.9461981279816377,0.8713688243068336,0.9766703142956847,19.0,0.004457629282883632,45.0,0.004723135317221726,,,,,,,,,,,,,,,0.8899149938380798,0.9813280813990631,,,,,,,,,,,,,
403,color recognition,What color are the shoelaces?,red,http://images.cocodataset.org/train2014/COCO_train2014_000000131376.jpg,3,343,0.997786936410838,-0.8854437470436096,Black,3,18.0,0.0021721190367100882,22.0,0.0022260153655094934,15.0,0.0022774225965708473,0.9649450424307694,0.9961982334892152,1.0,,,,,,,,,,,,,,,,,,,,,,,,,,,,,,,,,
404,color recognition,What color is the guy's shirt?,white,http://images.cocodataset.org/train2014/COCO_train2014_000000131376.jpg,3,314,0.9737827642936685,-0.05299367383122444,White,3,17.0,0.0049598222906454825,44.0,0.004130285060295049,18.0,0.003935787707005844,0.9774178175281716,0.9520519857037172,0.9206250851407773,,,,,,,,,,,,,,,,,,,,,,,,,,,,,,,,,
405,yes/no,Is this man a professional baseball player?,yes,http://images.cocodataset.org/train2014/COCO_train2014_000000458752.jpg,6,352,0.9942500757571928,-0.37851423025131226,Yes,6,16.0,0.0023730051874976724,15.0,0.0025117277500336056,24.0,0.0024719158811041565,0.9886085007312413,0.9500685975366211,0.9807765320912628,9.0,0.0023513113861262317,15.0,0.002566521283552951,16.0,0.0023917857922897585,,,,,,,,,,,,,0.9057125980138372,0.9189900464321514,0.9414280318460245,,,,,,,,,,,,
406,yes/no,Is the dog waiting?,yes,http://images.cocodataset.org/train2014/COCO_train2014_000000524291.jpg,8,325,0.9837742784822316,-0.37036120891571045,Yes,8,28.0,0.002877735733496672,15.0,0.0025995936741689033,28.0,0.002711532618063391,0.9580003027486083,0.9949490477321437,0.9880269590517888,15.0,0.002740219201522296,18.0,0.002735942851061322,29.0,0.0027647214307118437,15.0,0.0026313505669526022,15.0,0.0028322959295997542,,,,,,,,,0.9877812438119247,0.9625632797054146,0.9698084978026384,0.9664572819896988,0.9018972358711528,,,,,,,,,,
407,yes/no,Is the sky blue?,yes,http://images.cocodataset.org/train2014/COCO_train2014_000000393221.jpg,7,242,0.9979788471254105,-0.025402333587408066,Yes,7,57.0,0.002142499412951246,17.0,0.0021956498393995378,15.0,0.0020981258281365686,0.9747855732833473,0.9603948809345497,0.9543063494363562,31.0,0.002118567389059717,22.0,0.0021675100020418616,25.0,0.002221762437443789,18.0,0.002309882245477366,,,,,,,,,,,0.9564612380527144,0.9970151057384783,0.9697352853986261,0.9910760598382222,,,,,,,,,,,
408,yes/no,Is there snow on the mountains?,yes,http://images.cocodataset.org/train2014/COCO_train2014_000000393221.jpg,8,255,0.9860395221442482,-0.0402442030608654,Yes,8,64.0,0.002854898828359942,23.0,0.0028585623704040376,15.0,0.002758379579413547,0.9717170380290348,0.9765762937075555,0.9877812438119247,15.0,0.0028058519947327595,9.0,0.0026758537152841767,15.0,0.002657576845302986,21.0,0.002856577367035299,23.0,0.002961855667860726,,,,,,,,,0.9500685975366211,0.9910760598382222,0.9664572819896989,0.9693542486434172,0.9251735116075493,,,,,,,,,,
409,yes/no,Is the window open?,yes,http://images.cocodataset.org/train2014/COCO_train2014_000000393223.jpg,7,134,0.9989891225608335,-0.5881801247596741,No,7,127.0,0.0019380289928546644,122.0,0.0019285918689706289,13.0,0.001915895719564139,0.9699592040474136,0.9829034070211513,0.99473723787795,11.0,0.0019125771701327806,10.0,0.0019408428805207886,15.0,0.0019381606578606691,33.0,0.001913981108643413,,,,,,,,,,,0.9431887805255736,0.8812908992306927,0.9500685975366211,0.9844517632609002,,,,,,,,,,,
410,yes/no,Is she brushing?,yes,http://images.cocodataset.org/train2014/COCO_train2014_000000393223.jpg,3,258,0.9890218148357388,-0.07673056423664093,Yes,3,15.0,0.0027381266052090222,15.0,0.0027014596483589206,39.0,0.003542924398626651,0.9473080736174853,0.9718495448242642,0.9439486199792463,,,,,,,,,,,,,,,,,,,,,,,,,,,,,,,,,
411,yes/no,Is the man smiling?,no,http://images.cocodataset.org/train2014/COCO_train2014_000000393224.jpg,6,230,0.999199956183656,-0.0057379999198019505,No,6,17.0,0.0018490403668309872,90.0,0.0018556778023903083,49.0,0.0018533865373770925,0.981232716348107,0.9763183368845342,0.9826607150084946,18.0,0.00187166023142885,18.0,0.0018604387170230371,23.0,0.001865066636408948,,,,,,,,,,,,,0.8929352898779307,1.0,0.9650095768458276,,,,,,,,,,,,
412,yes/no,Does his tie pair well with his suit?,no,http://images.cocodataset.org/train2014/COCO_train2014_000000393224.jpg,2,276,0.9967311990564253,-0.5066207051277161,Yes,2,46.0,0.0020804768342633146,15.0,0.002225194306785104,,,0.9879675110054511,0.9654013672997089,,,,,,,,,,,,,,,,,,,,,,,,,,,,,,,,,,
413,yes/no,Does the man look happy?,no,http://images.cocodataset.org/train2014/COCO_train2014_000000393224.jpg,10,195,0.9991856247294981,-0.0038160085678100586,No,10,30.0,0.0018516105819954979,97.0,0.0018587600436575375,54.0,0.0018564054861021908,0.9830851323895001,0.9740720917140284,0.9833270743424333,15.0,0.0018587074631570995,10.0,0.0018479605947070293,16.0,0.001861550371412899,3.0,0.0018468577131817733,20.0,0.0018707315272913111,17.0,0.0018614258700584867,24.0,0.001866901140146509,,,,,0.9654013672997089,0.9602297178607612,0.949701216438411,0.0,0.9372305632161296,0.9967828263127351,0.9553810531234105,,,,,,,,
414,yes/no,Is this photo in color?,no,http://images.cocodataset.org/train2014/COCO_train2014_000000393224.jpg,4,295,0.9974082219734056,-0.6839930415153503,Yes,4,37.0,0.0020167157786776828,40.0,0.0019952237127823214,18.0,0.0020387097765227243,0.9579044156819906,0.9481185866109569,1.0,20.0,0.002066108918092534,,,,,,,,,,,,,,,,,0.9835386311891134,,,,,,,,,,,,,,
415,yes/no,Is the man wearing a plain tie?,no,http://images.cocodataset.org/train2014/COCO_train2014_000000393224.jpg,9,201,0.9973592173165897,-0.12846381962299347,No,9,16.0,0.0020145217901237408,24.0,0.002024581605843681,37.0,0.0020232127941956345,0.9592101522724051,0.9859894062555719,0.9973114608656496,26.0,0.0020339360364028895,81.0,0.002040878842361409,56.0,0.0020523567527595877,44.0,0.002046130931972028,24.0,0.0020322779244194415,15.0,0.0020245795500419784,,,,,,,0.9510902942890812,0.9694949035697918,0.966054848088072,0.9380564777486883,0.9265419002141438,1.0,,,,,,,,,
416,yes/no,"Judging from the dress, was this taken in a Latin American country?",yes,http://images.cocodataset.org/train2014/COCO_train2014_000000524297.jpg,8,194,0.9992893421214633,-0.6802998185157776,No,8,27.0,0.0018694903286641178,43.0,0.0018686461034192819,18.0,0.001879775736822042,0.9344745216267824,0.9613072939629967,0.9342064019134054,30.0,0.0018735029993553183,18.0,0.001862272970704159,126.0,0.0018843193981364925,33.0,0.0018600153846925725,19.0,0.001867472819214405,,,,,,,,,0.9629719687673245,0.9773429734731779,0.9703048778430601,0.975924590978431,0.9656476401164372,,,,,,,,,,
417,yes/no,Are the men on the sidewalk?,no,http://images.cocodataset.org/train2014/COCO_train2014_000000524297.jpg,0,300,0.9909655560935604,-0.2670884132385254,Yes,0,,,,,,,,,,,,,,,,,,,,,,,,,,,,,,,,,,,,,,,,,,
418,yes/no,Was this photo taken recently?,no,http://images.cocodataset.org/train2014/COCO_train2014_000000524297.jpg,4,106,0.9990866047591832,-0.0034121605567634106,No,4,16.0,0.0018615626752900582,123.0,0.0018759163980821055,75.0,0.0018862704637973916,0.9681390622295665,0.9852829540088761,0.9604081668355176,149.0,0.001878365147152786,,,,,,,,,,,,,,,,,0.97560826086045,,,,,,,,,,,,,,
419,yes/no,Does the guy have a tattoo?,yes,http://images.cocodataset.org/train2014/COCO_train2014_000000393227.jpg,0,295,0.9842626205647235,-0.04044297710061073,Yes,0,,,,,,,,,,,,,,,,,,,,,,,,,,,,,,,,,,,,,,,,,,
420,yes/no,Is the man's visor providing his face enough protection?,no,http://images.cocodataset.org/train2014/COCO_train2014_000000393227.jpg,5,176,0.9992102953897315,-0.2768338620662689,No,5,17.0,0.0018673602911666884,15.0,0.0018610842814005628,123.0,0.0018897503132045167,0.9595784770480081,1.0,0.9724342565956388,142.0,0.0018840302451024224,15.0,0.0018896726427544929,,,,,,,,,,,,,,,0.9764769465022219,0.9967916319816366,,,,,,,,,,,,,
421,yes/no,Is the man riding on a dirt path?,yes,http://images.cocodataset.org/train2014/COCO_train2014_000000131084.jpg,2,316,0.9821052103347563,-0.16387684643268585,Yes,2,26.0,0.0030326702654863177,15.0,0.0026756218297236093,,,0.9737515929092135,0.9718495448242642,,,,,,,,,,,,,,,,,,,,,,,,,,,,,,,,,,
422,yes/no,Are the walls done in a summery color?,yes,http://images.cocodataset.org/train2014/COCO_train2014_000000131074.jpg,5,232,0.9981147582407865,-0.6370302438735962,Yes,5,84.0,0.0020146315187791262,28.0,0.0019491392502107353,15.0,0.0019336089523323047,0.9798179141838219,0.9907251796309312,0.9949490477321437,18.0,0.0019588016304599425,40.0,0.0019435125211970117,,,,,,,,,,,,,,,0.977342973473178,0.9779659181929926,,,,,,,,,,,,,
423,yes/no,Is the curtain patterned?,no,http://images.cocodataset.org/train2014/COCO_train2014_000000131074.jpg,3,234,0.9938676534245374,-0.4622213840484619,Yes,3,26.0,0.0030712768456948652,30.0,0.002519665670282363,17.0,0.004200576624549252,0.9093233353400527,0.9901618381118774,0.9774178175281716,,,,,,,,,,,,,,,,,,,,,,,,,,,,,,,,,
424,yes/no,Are the windows the same size?,yes,http://images.cocodataset.org/train2014/COCO_train2014_000000131074.jpg,9,294,0.9974644121026979,-0.5417677760124207,No,9,18.0,0.002058785803762014,10.0,0.0020680225743413137,19.0,0.0021240919929702454,0.9955380299191111,1.0,0.8580597279744429,71.0,0.0021126774614750707,15.0,0.0020744642423240044,16.0,0.0020770042670774885,15.0,0.00207888374231463,16.0,0.0020817220092703773,18.0,0.002080573507711136,,,,,,,0.9724042863820824,0.9877812438119246,0.9755307720176266,0.9500685975366211,0.9755307720176266,0.9915323997298832,,,,,,,,,
425,yes/no,Is there a shadow of a tree in the foreground?,no,http://images.cocodataset.org/train2014/COCO_train2014_000000393230.jpg,7,188,0.9834585035459696,-0.5505661368370056,Yes,7,15.0,0.0028108245312030307,17.0,0.002945639617883602,19.0,0.003099147241414801,0.9664572819896989,0.932718552659954,0.9975194757207203,124.0,0.0030531839382941326,107.0,0.003027425690734353,17.0,0.003030673645544531,24.0,0.0032314794234169163,,,,,,,,,,,0.9825097766627019,0.9826442928152196,0.9967828263127351,0.927694271103767,,,,,,,,,,,
426,yes/no,Did someone forget his luggage in the snow?,no,http://images.cocodataset.org/train2014/COCO_train2014_000000393230.jpg,8,153,0.9969796336263348,-0.13094952702522278,No,8,84.0,0.0020904748046339616,26.0,0.0021039866504886148,16.0,0.0020804146641403534,0.9817778045347813,0.9098410046750501,0.9401204074720739,15.0,0.00210082751237039,67.0,0.0020982428155603785,78.0,0.002085283872345567,29.0,0.002117810003484695,28.0,0.0021120258111797375,,,,,,,,,0.9018972358711528,0.9660846808004283,0.9721328631243454,0.8854571607491718,0.8986547565311712,,,,,,,,,,
427,yes/no,Is it daytime?,yes,http://images.cocodataset.org/train2014/COCO_train2014_000000393230.jpg,8,235,0.9855870123620242,-0.18023264408111572,Yes,8,15.0,0.0027147084617420926,16.0,0.0027008545656905633,15.0,0.0031838533450393837,0.944623214254579,0.9681390622295665,0.9182958340544896,19.0,0.002970582297472166,41.0,0.0028370114185779726,105.0,0.0029181463761983823,45.0,0.0028789377688751357,26.0,0.003047639572570456,,,,,,,,,0.989497538622715,0.9742791844315025,0.975216251568253,0.9800510484135025,0.9932180545004212,,,,,,,,,,
428,yes/no,Is the person wearing a hat?,no,http://images.cocodataset.org/train2014/COCO_train2014_000000393230.jpg,8,188,0.9836926794650968,-0.45156899094581604,Yes,8,15.0,0.002830384637190199,135.0,0.0031754217326192004,18.0,0.003171629133986396,0.9285012313356796,0.968381962370018,0.9915323997298832,42.0,0.0030626401185333764,15.0,0.0030824706728549314,17.0,0.0031459020098343576,23.0,0.0032781296119464907,54.0,0.003094482501172433,,,,,,,,,0.9668902767061266,0.9877812438119247,0.9967828263127351,0.9224409677146627,0.96663683284458,,,,,,,,,,
429,yes/no,Is the dog wearing a collar?,yes,http://images.cocodataset.org/train2014/COCO_train2014_000000131087.jpg,2,255,0.9937524285406091,-0.5533023476600647,Yes,2,220.0,0.0026266551942854296,56.0,0.002578036092033575,,,0.9857367969593005,0.9728798339939599,,,,,,,,,,,,,,,,,,,,,,,,,,,,,,,,,,
430,yes/no,Is it a clear day?,yes,http://images.cocodataset.org/train2014/COCO_train2014_000000131087.jpg,3,236,0.9764587800380367,-0.07131106406450272,Yes,3,17.0,0.003350247371401242,201.0,0.0035131062656215337,44.0,0.0034920692450149896,0.8919296718389884,0.9837701567823066,0.9548704026008977,,,,,,,,,,,,,,,,,,,,,,,,,,,,,,,,,
431,yes/no,Is there a body of water here?,yes,http://images.cocodataset.org/train2014/COCO_train2014_000000131087.jpg,2,303,0.9841951144566576,-0.00148651166819036,Yes,2,15.0,0.0027319512322262086,23.0,0.003758553970525114,,,0.9613833012053531,0.8950252083920532,,,,,,,,,,,,,,,,,,,,,,,,,,,,,,,,,,
432,yes/no,Is the light on?,no,http://images.cocodataset.org/train2014/COCO_train2014_000000131075.jpg,7,235,0.9990337230399442,-0.5320413112640381,No,7,24.0,0.0019160561630467497,27.0,0.001889746397296055,31.0,0.0018979656010384021,0.9265419002141438,0.9816515199222768,0.9884417163620965,35.0,0.0019016992482509298,16.0,0.0018991255264835614,44.0,0.0019106418743135756,67.0,0.0019157638071114467,,,,,,,,,,,0.9741867829828257,0.9414280318460245,0.9755035302650034,0.9729972805756955,,,,,,,,,,,
433,yes/no,Is the room messy?,no,http://images.cocodataset.org/train2014/COCO_train2014_000000131075.jpg,7,193,0.9983125508982411,-0.07371953129768372,No,7,19.0,0.0019870851678861893,87.0,0.0019753184515556394,38.0,0.0019809665816052356,0.8614856395892376,0.9772256742449706,0.9733589790154389,70.0,0.001975701892046612,28.0,0.001983297246852428,24.0,0.001966885743153589,15.0,0.0019516059588095779,,,,,,,,,,,0.9847354573446028,0.954284565064943,0.9829829070554726,0.9949490477321437,,,,,,,,,,,
434,yes/no,Is this a TV screen?,yes,http://images.cocodataset.org/train2014/COCO_train2014_000000131075.jpg,5,225,0.9985617090924123,-0.3538581132888794,No,5,25.0,0.0019416262598304535,86.0,0.0019402038928979437,39.0,0.0019426304004214888,0.9069758075430853,0.9855147471918717,0.9800425621124161,49.0,0.0019436600690497141,27.0,0.001948241044812945,,,,,,,,,,,,,,,0.977308907249081,0.9479272264839022,,,,,,,,,,,,,
435,yes/no,Is there a laptop in the image?,yes,http://images.cocodataset.org/train2014/COCO_train2014_000000131075.jpg,3,306,0.9888173096555443,-0.052329834550619125,Yes,3,21.0,0.0028230029050263046,20.0,0.0027703622271909372,27.0,0.002729835959118695,0.978033486181519,0.9927376486136672,0.9344909209500865,,,,,,,,,,,,,,,,,,,,,,,,,,,,,,,,,
436,yes/no,Is the animal a mammal?,yes,http://images.cocodataset.org/train2014/COCO_train2014_000000137045.jpg,1,278,0.9850754865194733,-0.027721362188458443,Yes,1,16.0,0.0048978424034078335,,,,,0.7743974703476992,,,,,,,,,,,,,,,,,,,,,,,,,,,,,,,,,,,
437,yes/no,Are there rocks in the picture?,yes,http://images.cocodataset.org/train2014/COCO_train2014_000000131093.jpg,1,264,0.9941070584223215,-0.029671723023056984,Yes,1,15.0,0.0027019571486790184,,,,,0.9613833012053531,,,,,,,,,,,,,,,,,,,,,,,,,,,,,,,,,,,
438,yes/no,Has the sheep recently been shaved?,no,http://images.cocodataset.org/train2014/COCO_train2014_000000131093.jpg,3,172,0.9972721213391723,-0.5380630493164062,No,3,297.0,0.0021047984040103115,48.0,0.002111093527815642,15.0,0.0020769392805644617,0.9805533867813411,0.975786892930398,0.9602297178607612,,,,,,,,,,,,,,,,,,,,,,,,,,,,,,,,,
439,yes/no,Are there three sheep?,yes,http://images.cocodataset.org/train2014/COCO_train2014_000000131093.jpg,5,277,0.9924996318763104,-0.3542296588420868,Yes,5,18.0,0.0027654528396942896,56.0,0.0024538449246569423,16.0,0.002422585245217033,0.8783471047618534,0.9721485509075299,0.9592101522724052,17.0,0.0025061136097800016,17.0,0.0024961401244125827,,,,,,,,,,,,,,,0.9856676426534905,0.9519839065438831,,,,,,,,,,,,,
440,yes/no,Is the man having a good time?,yes,http://images.cocodataset.org/train2014/COCO_train2014_000000524311.jpg,8,254,0.9939530715559461,-0.01584663614630699,Yes,8,29.0,0.0026285998052386424,16.0,0.002506545388573503,27.0,0.0024811489348206335,0.9951756793098177,0.985056822321508,0.9502839500170489,47.0,0.002504518372386576,27.0,0.0024258129502180504,16.0,0.0024105954632959894,21.0,0.0026654034321561292,59.0,0.00250167042575213,,,,,,,,,0.9567315566755752,0.977777592259756,0.9414280318460245,0.9424257960378288,0.9681648798782794,,,,,,,,,,
441,yes/no,Could this photo be from a zoo?,yes,http://images.cocodataset.org/train2014/COCO_train2014_000000000025.jpg,0,289,0.9825191329264339,-0.0371050089597702,Yes,0,,,,,,,,,,,,,,,,,,,,,,,,,,,,,,,,,,,,,,,,,,
442,yes/no,Are the animals eating?,yes,http://images.cocodataset.org/train2014/COCO_train2014_000000000025.jpg,7,309,0.9840229581279262,-0.33636748790740967,Yes,7,26.0,0.0031971772397062356,32.0,0.0029432432684495546,15.0,0.0030552528595200737,0.9131226292013046,0.9641629356137634,0.8830374409547587,15.0,0.0029096284006078182,22.0,0.0028416918338224225,17.0,0.003289482208805862,27.0,0.0030228354120081656,,,,,,,,,,,0.9877812438119247,0.9666425652015439,0.9975025463691152,0.960267607603483,,,,,,,,,,,
443,yes/no,Is there a zebra?,no,http://images.cocodataset.org/train2014/COCO_train2014_000000000025.jpg,3,192,0.9967487460876427,-0.028189711272716522,No,3,311.0,0.0020884380043921236,19.0,0.0020830047381708867,15.0,0.0020773240094045893,0.9842128009609634,0.9656476401164373,0.9877812438119246,,,,,,,,,,,,,,,,,,,,,,,,,,,,,,,,,
444,yes/no,Is the giraffe eating the tree?,yes,http://images.cocodataset.org/train2014/COCO_train2014_000000000025.jpg,4,220,0.9987769809616788,-0.38046324253082275,No,4,150.0,0.0018973867876153838,24.0,0.0019081135554317754,18.0,0.0019095329166336167,0.9797655941309938,0.9195861945271689,0.9915323997298832,22.0,0.0018946965798808694,,,,,,,,,,,,,,,,,0.9529125160336603,,,,,,,,,,,,,,
445,yes/no,Are both giraffes standing?,no,http://images.cocodataset.org/train2014/COCO_train2014_000000000025.jpg,4,267,0.9978374994987634,-0.5712001919746399,No,4,15.0,0.0019983054593616743,105.0,0.001992069409208281,16.0,0.001991202519045699,0.8983958159908183,0.9743745767992221,0.9618974703476992,17.0,0.0019984434437511967,,,,,,,,,,,,,,,,,0.951983906543883,,,,,,,,,,,,,,
446,yes/no,Are they at a zoo?,yes,http://images.cocodataset.org/train2014/COCO_train2014_000000000025.jpg,0,283,0.985044001885549,-0.23039542138576508,Yes,0,,,,,,,,,,,,,,,,,,,,,,,,,,,,,,,,,,,,,,,,,,
447,yes/no,Are some of the trees dead?,yes,http://images.cocodataset.org/train2014/COCO_train2014_000000000025.jpg,0,275,0.988227525750401,-0.23528894782066345,Yes,0,,,,,,,,,,,,,,,,,,,,,,,,,,,,,,,,,,,,,,,,,,
448,yes/no,Are any of the animals eating?,yes,http://images.cocodataset.org/train2014/COCO_train2014_000000000025.jpg,7,305,0.9842517167784779,-0.41906800866127014,Yes,7,26.0,0.0032220187926053495,38.0,0.0029047112328516003,17.0,0.0031260348200120294,0.9131226292013046,0.9633065988428693,0.8702290979524686,28.0,0.0028230727124568004,17.0,0.0033453728237041154,21.0,0.0030118113670499947,6.0,0.0029968525373153102,,,,,,,,,,,0.956948824997087,0.9975025463691152,0.9420864622689729,0.0,,,,,,,,,,,
449,yes/no,Is the giraffe in the shade?,no,http://images.cocodataset.org/train2014/COCO_train2014_000000000025.jpg,7,280,0.9977921347897019,-0.4883396327495575,No,7,17.0,0.002092988819357023,35.0,0.0020694137631654926,14.0,0.002027471164364698,0.8726389366057715,0.95845441934051,0.9657130652315669,63.0,0.002041911721028617,16.0,0.0020238329746814303,19.0,0.002001342137488788,9.0,0.0019785342082831742,,,,,,,,,,,0.9620567840017002,0.9414280318460245,0.9732425514710831,1.0,,,,,,,,,,,
450,yes/no,Are these giraffes living free range?,yes,http://images.cocodataset.org/train2014/COCO_train2014_000000000025.jpg,2,146,0.9985077501643341,-0.12748786807060242,No,2,407.0,0.001945355785347117,16.0,0.0019448993822510211,,,0.9866068723776102,0.886859507142915,,,,,,,,,,,,,,,,,,,,,,,,,,,,,,,,,,
451,yes/no,Is there a rock near the giraffe?,no,http://images.cocodataset.org/train2014/COCO_train2014_000000000025.jpg,7,232,0.9961512232763269,-0.27749305963516235,No,7,58.0,0.0021212385586729,18.0,0.0020923183335723825,18.0,0.0021148910578828416,0.968806596873869,0.9736669121131954,0.9388201415867106,67.0,0.002110557911695642,15.0,0.0020979349725852455,18.0,0.0021078483633792193,24.0,0.002099529713697226,,,,,,,,,,,0.9717230688344276,0.9446232142545791,0.9955380299191111,0.9776902310822042,,,,,,,,,,,
452,yes/no,Are they moving?,yes,http://images.cocodataset.org/train2014/COCO_train2014_000000262172.jpg,5,243,0.9910065757950779,-0.07646968960762024,Yes,5,21.0,0.002614477758124783,8.0,0.002523601879145352,120.0,0.00264338645901028,0.942853596811846,1.0,0.9652621740280733,21.0,0.0025238231023403442,22.0,0.002507106707490782,,,,,,,,,,,,,,,0.9416964533717589,0.9737865837049762,,,,,,,,,,,,,
453,yes/no,Is this man angry?,no,http://images.cocodataset.org/train2014/COCO_train2014_000000131101.jpg,9,171,0.9992598322655243,-0.16407418251037598,No,9,19.0,0.0018810065749314403,28.0,0.001876696059686068,27.0,0.0018770687651103594,0.9892422967543257,0.9761557074062762,0.9643682935866033,7.0,0.0018710130867782592,11.0,0.0018660396884651806,47.0,0.001884204223109805,119.0,0.0018996698517219587,21.0,0.0018986530800383498,37.0,0.0019062564779548548,,,,,,,0.9852281360342515,0.9681300137657637,0.9703906780504907,0.9771458802820434,0.8924709137188214,0.9373550634130486,,,,,,,,,
454,yes/no,Are there flowers in the vase?,yes,http://images.cocodataset.org/train2014/COCO_train2014_000000000030.jpg,4,256,0.9870241017646286,-0.01875370368361473,Yes,4,18.0,0.0036040451632198245,30.0,0.003255837111727709,15.0,0.0027245555074522083,0.8424887242433627,0.9504581666683132,0.9718495448242642,15.0,0.003046519178436423,,,,,,,,,,,,,,,,,0.9446232142545791,,,,,,,,,,,,,,
455,yes/no,Are the flowers open?,yes,http://images.cocodataset.org/train2014/COCO_train2014_000000000030.jpg,5,357,0.9855253150031574,-0.09731602668762207,Yes,5,16.0,0.003151414484276137,44.0,0.0029798853752443983,15.0,0.0026437208180809025,0.9886994082884974,0.9660356189265378,0.9446232142545791,55.0,0.0028458767927875264,16.0,0.0028504079395731204,,,,,,,,,,,,,,,0.9812030286359715,0.9320201587042914,,,,,,,,,,,,,
456,yes/no,Are all the flowers white?,no,http://images.cocodataset.org/train2014/COCO_train2014_000000000030.jpg,5,225,0.9950053114162528,-0.345598965883255,No,5,31.0,0.002086942276173708,63.0,0.002071093844608083,27.0,0.002062191761881265,0.9196029809291423,0.9879325201459273,0.9929281551787843,77.0,0.0020690189680187083,24.0,0.002065982435733136,,,,,,,,,,,,,,,0.9762922655923939,0.9744707946273875,,,,,,,,,,,,,
457,yes/no,Is the man standing on both foot?,no,http://images.cocodataset.org/train2014/COCO_train2014_000000524320.jpg,7,288,0.9988793504088005,-0.23377634584903717,No,7,23.0,0.0019035327314350624,17.0,0.0018948278861161947,19.0,0.0019052392946241746,0.9000719974005987,0.9363348190250749,0.9975194757207203,15.0,0.0018944781097554068,24.0,0.0018901046876258806,15.0,0.0018979835524905024,29.0,0.0019012062364864137,,,,,,,,,,,0.9877812438119247,0.9592301465966596,0.9500685975366211,0.9393482560227614,,,,,,,,,,,
458,yes/no,Was this picture likely taken recently?,no,http://images.cocodataset.org/train2014/COCO_train2014_000000524320.jpg,6,298,0.9990386253997743,-0.2522905170917511,No,6,19.0,0.0018640710995194308,24.0,0.0018802621510843477,22.0,0.00188857107657832,0.9687152128461037,0.9054129626675887,0.998145975216737,29.0,0.0018753636724862172,29.0,0.0018741385202179833,24.0,0.0018936000011278195,,,,,,,,,,,,,0.9513086369859298,0.9671441365986523,1.0,,,,,,,,,,,,
459,yes/no,Do the gentleman's socks match his shoes and belt?,no,http://images.cocodataset.org/train2014/COCO_train2014_000000524320.jpg,8,261,0.9991940157233336,-0.3857079744338989,No,8,16.0,0.0018472146367653037,15.0,0.0018448356195454852,16.0,0.0018646574504202179,0.9886085007312413,0.9949490477321437,0.8957541375001011,16.0,0.0018659919479631012,24.0,0.0018550812930585119,21.0,0.0018526919745390825,20.0,0.001853771858560371,21.0,0.00185926330985761,,,,,,,,,0.8194483718728035,0.9558902111251072,0.997618320255157,0.9927376486136672,0.9420864622689729,,,,,,,,,,
460,yes/no,Are the zebras facing the same direction?,yes,http://images.cocodataset.org/train2014/COCO_train2014_000000240304.jpg,5,286,0.9976623537195907,-0.4201904535293579,No,5,23.0,0.002095991345495686,18.0,0.002100391509030698,186.0,0.002094639895886993,0.9765762937075554,0.9656336071428252,0.9786352018023489,15.0,0.0021437859694382892,10.0,0.0020320159144267195,,,,,,,,,,,,,,,0.9709505944546686,0.9372305632161296,,,,,,,,,,,,,
461,yes/no,Is this a horse?,no,http://images.cocodataset.org/train2014/COCO_train2014_000000000034.jpg,13,224,0.9972579109920647,-0.004053930751979351,No,13,15.0,0.00209409128356558,16.0,0.00209691714115017,73.0,0.0020744084542503555,0.9967916319816366,0.9886994082884974,0.9760482375857277,49.0,0.0020897362962958833,55.0,0.002062278603150376,28.0,0.0020889925308756607,10.0,0.00206252552152562,29.0,0.002071981881719322,17.0,0.0020725043677733844,20.0,0.002066545090904982,24.0,0.0020760776701021174,20.0,0.0020776107973747198,0.9856160286702607,0.985185960380028,0.9850714896676578,0.9709505944546686,0.9912920730740395,0.9770358764490155,0.9794359242226801,0.9195861945271689,0.9008047485295136,17.0,0.002067177669363961,,,0.903881788208597,
462,yes/no,Are they drinking wine at the child's party?,yes,http://images.cocodataset.org/train2014/COCO_train2014_000000393251.jpg,3,306,0.9886861978506835,-0.2154441773891449,Yes,3,26.0,0.0029449462831770733,41.0,0.0026593945067671806,25.0,0.002602721299711809,0.938007311034084,0.9810011741101758,0.9706252067822185,,,,,,,,,,,,,,,,,,,,,,,,,,,,,,,,,
463,yes/no,Is the man wearing glasses?,yes,http://images.cocodataset.org/train2014/COCO_train2014_000000393251.jpg,1,275,0.9899715260956027,-0.019088154658675194,Yes,1,16.0,0.0035332955239856362,,,,,0.7743974703476992,,,,,,,,,,,,,,,,,,,,,,,,,,,,,,,,,,,
464,yes/no,Is this a good dessert?,yes,http://images.cocodataset.org/train2014/COCO_train2014_000000262180.jpg,2,318,0.9936024457501675,-0.09122651815414429,Yes,2,15.0,0.0024665264305522416,36.0,0.0023688523519136977,,,1.0,0.9917895208553738,,,,,,,,,,,,,,,,,,,,,,,,,,,,,,,,,,
465,yes/no,Are those kites in the air?,yes,http://images.cocodataset.org/train2014/COCO_train2014_000000524325.jpg,2,248,0.9828268615783957,-0.02870563603937626,Yes,2,29.0,0.0038017550950032305,15.0,0.0033302380482046895,,,0.9801357285547446,0.9859247724121322,,,,,,,,,,,,,,,,,,,,,,,,,,,,,,,,,,
466,yes/no,Is this a hot dog?,yes,http://images.cocodataset.org/train2014/COCO_train2014_000000043697.jpg,4,238,0.9875941573859255,-0.014996054582297802,Yes,4,15.0,0.0027612185439858895,13.0,0.0031415051783609963,8.0,0.0027227416418929033,1.0,0.9610115714257865,0.985056822321508,13.0,0.0029394250596635175,,,,,,,,,,,,,,,,,0.9750318782181051,,,,,,,,,,,,,,
467,yes/no,Is there ketchup on the hot dog?,no,http://images.cocodataset.org/train2014/COCO_train2014_000000043697.jpg,4,257,0.998802845371893,-0.25116032361984253,No,4,59.0,0.0019257988379846275,37.0,0.001927999287494931,35.0,0.001923063181719479,0.9518024844445583,0.9568394061400002,0.9587664939190434,34.0,0.001927570469343282,,,,,,,,,,,,,,,,,0.9892248603703082,,,,,,,,,,,,,,
468,yes/no,Has this hot dog been grilled?,no,http://images.cocodataset.org/train2014/COCO_train2014_000000043697.jpg,6,206,0.9978044870746035,-0.2955838143825531,No,6,17.0,0.0020004362728373876,17.0,0.001999897307025134,78.0,0.002032590082144894,0.9856676426534905,0.9963890537299693,0.9707291484600158,24.0,0.002030339447401996,70.0,0.0020250686607863637,36.0,0.0019989225245315334,,,,,,,,,,,,,0.9949671891627881,0.9950993164513449,0.9593928150345552,,,,,,,,,,,,
469,yes/no,Have you tried a hot dog like this before?,yes,http://images.cocodataset.org/train2014/COCO_train2014_000000043697.jpg,8,192,0.9976496367801152,-0.4196014106273651,Yes,8,56.0,0.0020587833671498316,15.0,0.0020705418997263403,17.0,0.0020702119975965737,0.9702365173905659,1.0,0.903881788208597,15.0,0.0020663389687244856,21.0,0.002072379103902391,18.0,0.0020879116797052327,132.0,0.002100453525235937,34.0,0.002061778282143104,,,,,,,,,1.0,0.9907017951253161,0.9656336071428252,0.9818272363474071,0.962772908522986,,,,,,,,,,
470,yes/no,Is this a toy-sized truck?,no,http://images.cocodataset.org/train2014/COCO_train2014_000000262184.jpg,3,406,0.9962685588692154,-0.09226541966199875,No,3,15.0,0.002083580661096957,33.0,0.0020544714559614886,15.0,0.002056748525709361,0.9018972358711528,0.9862230759143288,0.9543063494363562,,,,,,,,,,,,,,,,,,,,,,,,,,,,,,,,,
471,yes/no,Is there a carpet on the floor?,yes,http://images.cocodataset.org/train2014/COCO_train2014_000000131113.jpg,4,258,0.9876470194980344,-0.35892415046691895,Yes,4,15.0,0.00314023948078726,22.0,0.002866729325546332,85.0,0.0029590698238040627,0.8830374409547587,0.9658234187802699,0.9562242579264398,15.0,0.003055517980524831,,,,,,,,,,,,,,,,,0.9189900464321514,,,,,,,,,,,,,,
472,yes/no,Is this plane landing?,no,http://images.cocodataset.org/train2014/COCO_train2014_000000262187.jpg,6,134,0.9964093903761395,-0.19042296707630157,No,6,15.0,0.0020188416391094875,15.0,0.0020853905481636507,15.0,0.0020372862919312237,0.9664572819896989,0.9182958340544896,0.9877812438119246,145.0,0.0020378477886217527,86.0,0.0020209404821376242,15.0,0.002014580124413094,,,,,,,,,,,,,0.9870029134482791,0.9858615140811032,0.9949490477321437,,,,,,,,,,,,
473,yes/no,Is the plane taking off?,no,http://images.cocodataset.org/train2014/COCO_train2014_000000262187.jpg,4,134,0.9970133059079419,-0.047935303300619125,No,4,165.0,0.0020042717740727427,15.0,0.002061453404295573,64.0,0.00199776108910908,0.9868039015225973,0.9182958340544896,0.9904759270666212,15.0,0.001984286486882822,,,,,,,,,,,,,,,,,0.9718495448242642,,,,,,,,,,,,,,
474,yes/no,Are these airliners?,yes,http://images.cocodataset.org/train2014/COCO_train2014_000000131118.jpg,4,336,0.9975964406059946,-0.16046079993247986,No,4,23.0,0.0020389776626792092,15.0,0.0020177406127738174,15.0,0.0019910972031803535,0.8718013581689131,0.9654013672997089,0.9718495448242642,17.0,0.0020074188723709454,,,,,,,,,,,,,,,,,0.9519839065438831,,,,,,,,,,,,,,
475,yes/no,Are this cargo planes?,yes,http://images.cocodataset.org/train2014/COCO_train2014_000000131118.jpg,5,343,0.9967140740130611,-0.3351542055606842,No,5,16.0,0.002082046493746276,5.0,0.0020386342202714657,29.0,0.002067855191242304,0.9248008763572906,0.9709505944546686,0.9585920161302939,19.0,0.0020810316209238845,10.0,0.0020626013828836634,,,,,,,,,,,,,,,0.9968868771609918,0.9372305632161296,,,,,,,,,,,,,
476,yes/no,Is this bear a normal size?,no,http://images.cocodataset.org/train2014/COCO_train2014_000000262191.jpg,4,319,0.9974481978390923,-0.268263041973114,No,4,27.0,0.0020654883743738283,15.0,0.0020284708868719185,18.0,0.002014822101691712,0.9746820665998708,0.9543063494363562,0.9853962684364186,17.0,0.002028505377297482,,,,,,,,,,,,,,,,,0.9771236998460402,,,,,,,,,,,,,,
477,yes/no,Is there a flower arrangement on the lawn?,yes,http://images.cocodataset.org/train2014/COCO_train2014_000000000049.jpg,0,284,0.9844449330316849,-0.257284551858902,Yes,0,,,,,,,,,,,,,,,,,,,,,,,,,,,,,,,,,,,,,,,,,,
478,yes/no,Are they playing polo?,no,http://images.cocodataset.org/train2014/COCO_train2014_000000000049.jpg,2,252,0.9971219657501397,-0.6476858258247375,No,2,154.0,0.0021115342747202266,34.0,0.0020936653232837676,,,0.9864137367195628,0.9857783850051175,,,,,,,,,,,,,,,,,,,,,,,,,,,,,,,,,,
479,yes/no,Is this man reading a cell phone screen?,no,http://images.cocodataset.org/train2014/COCO_train2014_000000524338.jpg,8,140,0.9993477690717224,-0.08000247180461884,No,8,44.0,0.0018315676068902142,47.0,0.0018352146279260104,15.0,0.0018347249370488804,0.9845194651949835,0.990308902127159,0.9500685975366211,50.0,0.0018343702525137676,77.0,0.0018398709233878308,60.0,0.0018449774526608331,27.0,0.0018437653742311452,71.0,0.001843756786635052,,,,,,,,,0.95930698575853,0.9836945563420068,0.979215834771834,0.9946468165806768,0.9806416269503012,,,,,,,,,,
480,yes/no,Is there a stop sign in the picture?,yes,http://images.cocodataset.org/train2014/COCO_train2014_000000131126.jpg,5,276,0.9930695799546333,-0.2557936906814575,No,5,17.0,0.002331049718188499,41.0,0.002272343509378864,17.0,0.002253201234877647,0.9603948809345497,0.9872769371232788,0.9719977955078913,32.0,0.0022440648988318987,11.0,0.0022546764130743553,,,,,,,,,,,,,,,0.9714891199569776,0.9713067383178076,,,,,,,,,,,,,
481,yes/no,Is the man unhappy?,no,http://images.cocodataset.org/train2014/COCO_train2014_000000131127.jpg,3,226,0.9972989745420152,-0.061461810022592545,No,3,142.0,0.0019993232886460588,41.0,0.0020023319809909404,64.0,0.0020063692626002575,0.9838449427257544,0.9990436899508683,0.9829513344211916,,,,,,,,,,,,,,,,,,,,,,,,,,,,,,,,,
482,yes/no,Are the men going to share the bananas?,no,http://images.cocodataset.org/train2014/COCO_train2014_000000131127.jpg,8,210,0.9982385137761466,-0.36111581325531006,No,8,18.0,0.0019605647266359,19.0,0.0019448552304382166,43.0,0.001959092845282738,0.9206198357143051,0.9462035592964384,0.9383833602895734,12.0,0.0019257228317553297,17.0,0.0019309941387412933,55.0,0.0019339992181247442,23.0,0.001928780071395104,15.0,0.0019360994139118464,,,,,,,,,0.9808340377961403,0.9856676426534905,0.9813081494377556,0.9739096708911105,0.9877812438119246,,,,,,,,,,
483,yes/no,Do the painted flowers match the real ones?,no,http://images.cocodataset.org/train2014/COCO_train2014_000000131128.jpg,6,84,0.9986474952849169,-0.4246799349784851,No,6,355.0,0.0018934674103571222,54.0,0.0018918653414909529,20.0,0.0018962510551974142,0.9903525754018053,0.9566376276944547,0.9911594714322186,35.0,0.001894482026408558,15.0,0.0018909612606328662,30.0,0.0018892408664811543,,,,,,,,,,,,,0.9219579196036597,0.9602297178607612,0.9856470247152446,,,,,,,,,,,,
484,yes/no,Will the birds go into the water?,no,http://images.cocodataset.org/train2014/COCO_train2014_000000262201.jpg,4,256,0.9987806882728667,-0.06983498483896255,No,4,43.0,0.0020082810799472678,15.0,0.0019102652539992003,25.0,0.0019432065282732676,0.9955636402652732,0.9859247724121322,0.9949956408022635,24.0,0.0019214505827338062,,,,,,,,,,,,,,,,,0.9820156765792629,,,,,,,,,,,,,,
485,yes/no,Is this bird afraid of the ledge?,no,http://images.cocodataset.org/train2014/COCO_train2014_000000262201.jpg,6,230,0.9985774943586564,-0.4405147135257721,No,6,41.0,0.002012253138049992,17.0,0.0019347475311936272,12.0,0.0019485527096251142,0.9897203794032249,0.981232716348107,0.9358932809493993,44.0,0.0019626247650990263,30.0,0.0019430454461916056,17.0,0.0019537636429964307,,,,,,,,,,,,,0.9801998130975882,0.9853043650586081,0.9519839065438831,,,,,,,,,,,,
486,yes/no,Are the mountains high?,yes,http://images.cocodataset.org/train2014/COCO_train2014_000000131133.jpg,7,299,0.991588165315478,-0.06640634685754776,Yes,7,21.0,0.0026737406227953934,15.0,0.002693057583463102,46.0,0.0025521448179090618,0.9517619850443704,0.9018972358711528,0.9680644363323505,63.0,0.0026700932669131553,64.0,0.002737897316804829,36.0,0.002760574905075686,18.0,0.0026608463555912606,,,,,,,,,,,0.9885980532319917,0.9855840381411975,0.933798406475988,0.9728825026363701,,,,,,,,,,,
487,yes/no,Is there a person standing in front of the television?,yes,http://images.cocodataset.org/train2014/COCO_train2014_000000262207.jpg,2,264,0.9948227132510189,-0.04789190739393234,Yes,2,15.0,0.0023751066398065477,22.0,0.002718153813686266,,,0.9613833012053531,0.9915247666433382,,,,,,,,,,,,,,,,,,,,,,,,,,,,,,,,,,
488,yes/no,Is there enough room under the armchairs for a cat to hide?,yes,http://images.cocodataset.org/train2014/COCO_train2014_000000262207.jpg,7,249,0.9987680163652237,-0.5105834007263184,No,7,55.0,0.0018869281401122722,16.0,0.001892998449661973,15.0,0.0019057178821310571,0.9904144196713583,0.9414280318460244,0.9189900464321514,10.0,0.0018791053396839327,23.0,0.0018993880748166421,39.0,0.001914732801261912,25.0,0.0019040321677090421,,,,,,,,,,,0.9911594714322186,0.9581834297016358,0.9397968862149727,0.9470920204059345,,,,,,,,,,,
489,yes/no,Are there numbers on the clock face?,no,http://images.cocodataset.org/train2014/COCO_train2014_000000000064.jpg,4,296,0.9961162293610506,-0.5048215985298157,Yes,4,20.0,0.002191201132563685,17.0,0.0022890354647289225,17.0,0.002451362391800011,0.9596390821693782,0.9770358764490155,0.9774178175281716,27.0,0.00216839813999141,,,,,,,,,,,,,,,,,0.9768423538049816,,,,,,,,,,,,,,
490,yes/no,Is there a big tree behind the clock?,yes,http://images.cocodataset.org/train2014/COCO_train2014_000000000064.jpg,3,313,0.9881994665090491,-0.11533576250076294,Yes,3,17.0,0.002718121410073737,17.0,0.0030958505942866193,31.0,0.0025502784132577947,0.9770358764490155,0.9774178175281716,0.9863614429035357,,,,,,,,,,,,,,,,,,,,,,,,,,,,,,,,,
491,yes/no,Is this a wedding?,no,http://images.cocodataset.org/train2014/COCO_train2014_000000458763.jpg,6,205,0.9956658201440268,-0.0020574619993567467,No,6,53.0,0.002077465342952319,8.0,0.0020346947064527597,16.0,0.0020428351258015907,0.9814943935787762,0.985056822321508,0.9592101522724051,6.0,0.0020426246544629216,32.0,0.0020635462931026007,105.0,0.002075973401978629,,,,,,,,,,,,,0.9182958340544896,0.992893139205804,0.9864696668255158,,,,,,,,,,,,
492,yes/no,Does the crust look burnt?,yes,http://images.cocodataset.org/train2014/COCO_train2014_000000567990.jpg,1,277,0.9900835324651053,-0.17696110904216766,Yes,1,20.0,0.004172756358637857,,,,,0.8804820237218406,,,,,,,,,,,,,,,,,,,,,,,,,,,,,,,,,,,
493,yes/no,Does this pizza have a deep dish crust?,yes,http://images.cocodataset.org/train2014/COCO_train2014_000000567990.jpg,5,279,0.9993138674709184,-0.6599959135055542,No,5,15.0,0.0019073660128657323,12.0,0.001886968503443163,10.0,0.0019006710680772164,0.9877812438119247,0.9463946303571862,0.9709505944546686,47.0,0.0019206051555047568,24.0,0.0018838148597963734,,,,,,,,,,,,,,,0.9292956573836,0.9941242220390273,,,,,,,,,,,,,
494,yes/no,Is the banana freshly peeled?,yes,http://images.cocodataset.org/train2014/COCO_train2014_000000393286.jpg,9,144,0.9890858495350404,-0.30123379826545715,Yes,9,68.0,0.0027668331390296474,37.0,0.0027909558204556916,21.0,0.0027076654166012593,0.9826507722609896,0.9953731187147085,0.9588649012766761,36.0,0.0027875975380105195,89.0,0.002877591295299093,31.0,0.0029113590011233567,41.0,0.002726175210772467,9.0,0.0027639610116778693,22.0,0.002768919518717074,,,,,,,0.9474708343528001,0.9691885200397719,0.9726684774197097,0.9793190977152518,0.9182958340544896,0.9266710044099615,,,,,,,,,
495,yes/no,Is the banana closed?,no,http://images.cocodataset.org/train2014/COCO_train2014_000000393286.jpg,5,224,0.9983246207911578,-0.14718784391880035,No,5,25.0,0.0019381193863176555,109.0,0.0019464930449875487,21.0,0.0019483494729573242,0.9688722567006118,0.9769048654223875,0.9907017951253161,35.0,0.0019538648149662755,16.0,0.0019308597913470962,,,,,,,,,,,,,,,0.9483884984022831,0.9724056781360314,,,,,,,,,,,,,
496,yes/no,Does this photo show train tracks?,yes,http://images.cocodataset.org/train2014/COCO_train2014_000000000071.jpg,4,285,0.9861289869639386,-0.053814686834812164,Yes,4,79.0,0.002616756770951631,33.0,0.0026332233742586164,19.0,0.0026326886486022967,0.9563081976533833,0.9225905118619655,0.9975194757207203,20.0,0.0025756674126003595,,,,,,,,,,,,,,,,,0.9763620978123273,,,,,,,,,,,,,,
497,yes/no,Does this train work?,yes,http://images.cocodataset.org/train2014/COCO_train2014_000000000071.jpg,0,290,0.9910288307348889,-0.051968950778245926,Yes,0,,,,,,,,,,,,,,,,,,,,,,,,,,,,,,,,,,,,,,,,,,
498,yes/no,Are the giraffes under the trees?,yes,http://images.cocodataset.org/train2014/COCO_train2014_000000000072.jpg,4,304,0.990639557768662,-0.13091439008712769,Yes,4,52.0,0.0030530308916753243,17.0,0.003243034616707916,14.0,0.0028862313278408954,0.9854203628122903,0.8846148739279867,0.9032139773855579,15.0,0.0031072528528039195,,,,,,,,,,,,,,,,,0.8830374409547587,,,,,,,,,,,,,,
499,yes/no,Are there 3 elephants?,yes,http://images.cocodataset.org/train2014/COCO_train2014_000000393228.jpg,2,351,0.9968826313926297,-0.40117257833480835,Yes,2,19.0,0.002408181528908356,17.0,0.0023506957840031197,,,0.8614856395892377,0.9603948809345497,,,,,,,,,,,,,,,,,,,,,,,,,,,,,,,,,,
500,yes/no,Are all of the elephants full grown?,no,http://images.cocodataset.org/train2014/COCO_train2014_000000393228.jpg,8,261,0.9986711442625043,-0.040153179317712784,No,8,15.0,0.0019641055874225917,26.0,0.0019398905024490844,35.0,0.001954786849572604,0.9967916319816366,0.9645632363857178,0.9699004261075989,20.0,0.0019452485808913345,10.0,0.0019373747624891447,68.0,0.001960456591528625,53.0,0.0019485007230788717,80.0,0.001965157008398453,,,,,,,,,0.9630603734213403,0.8649735207179273,0.9665397296604045,0.9606652250994756,0.9933176093949438,,,,,,,,,,
501,yes/no,Are the elephants in the jungle?,yes,http://images.cocodataset.org/train2014/COCO_train2014_000000393228.jpg,1,283,0.9889845158726428,-0.011168568395078182,Yes,1,16.0,0.00497139136702976,,,,,0.8194483718728035,,,,,,,,,,,,,,,,,,,,,,,,,,,,,,,,,,,
502,yes/no,Is the woman eating the pizza?,no,http://images.cocodataset.org/train2014/COCO_train2014_000000393290.jpg,11,213,0.9991032137320196,-0.0803610235452652,No,11,25.0,0.0018628085270383573,15.0,0.0018600767298038183,40.0,0.0018685511748757883,0.9949956408022633,0.944623214254579,0.9914610640641686,48.0,0.0018754203967426598,28.0,0.0018759289144592434,24.0,0.0018685038022338285,40.0,0.001884557507812504,18.0,0.0018680476620756355,26.0,0.0018658182575020834,16.0,0.0018754139524210375,15.0,0.0018654833673380311,,,0.9613838795890995,0.9231668365524242,0.9466788904575343,0.9772032125307271,0.9182958340544896,0.9433061815857017,0.886859507142915,0.9654013672997089,,,,,,,
503,yes/no,Are there any reflections in this picture?,no,http://images.cocodataset.org/train2014/COCO_train2014_000000393291.jpg,0,332,0.9989020351394676,-0.6593544483184814,No,0,,,,,,,,,,,,,,,,,,,,,,,,,,,,,,,,,,,,,,,,,,
504,yes/no,Is the water on?,no,http://images.cocodataset.org/train2014/COCO_train2014_000000393292.jpg,5,217,0.9950361592632834,-0.5205438137054443,Yes,5,16.0,0.002210503076573993,10.0,0.002137842873139892,15.0,0.00226534906022089,0.9414280318460245,0.9602297178607612,0.9500685975366211,101.0,0.002220609046689237,26.0,0.002299339021778433,,,,,,,,,,,,,,,0.9786035995305276,0.8923295896259419,,,,,,,,,,,,,
505,yes/no,Is this photo outdoors?,yes,http://images.cocodataset.org/train2014/COCO_train2014_000000393292.jpg,1,239,0.983519870444906,-0.02482321858406067,Yes,1,20.0,0.005825624243229165,,,,,0.8550976671496154,,,,,,,,,,,,,,,,,,,,,,,,,,,,,,,,,,,
506,yes/no,Are the clock and owl made in the same artistic fashion?,no,http://images.cocodataset.org/train2014/COCO_train2014_000000000078.jpg,8,188,0.997817935699124,-0.6443197131156921,Yes,8,91.0,0.002022480712701963,70.0,0.0020476272071972322,33.0,0.0019736682573389657,0.9725887623012454,0.9895626633120743,0.9590709693758944,19.0,0.001996012718944325,20.0,0.002004712622705254,16.0,0.0019859346518870578,20.0,0.0019929571256937367,17.0,0.0019796196543734835,,,,,,,,,0.9656476401164373,0.9518508480286741,0.9248008763572907,0.9927376486136672,0.951983906543883,,,,,,,,,,
507,yes/no,Is that owl a candle?,yes,http://images.cocodataset.org/train2014/COCO_train2014_000000000078.jpg,3,311,0.980252516721843,-0.28880995512008667,Yes,3,76.0,0.002995005991178448,10.0,0.003077111719092646,18.0,0.0030607406087974393,0.9818433444688205,0.9709505944546686,0.9955380299191111,,,,,,,,,,,,,,,,,,,,,,,,,,,,,,,,,
508,yes/no,Does this planes tail have 4 colors?,no,http://images.cocodataset.org/train2014/COCO_train2014_000000000081.jpg,7,194,0.9978779070468564,-0.5323801040649414,Yes,7,16.0,0.002007562177640785,10.0,0.002048699476240927,16.0,0.0020372455366342006,0.9681390622295665,1.0,0.9248008763572906,114.0,0.00207354368230138,45.0,0.002106568655958088,21.0,0.0021212339385561657,24.0,0.002013325188612374,,,,,,,,,,,0.9789455001696042,0.9549658513057095,0.9937866610055328,0.9513282751069652,,,,,,,,,,,
509,yes/no,Is this plane landing?,no,http://images.cocodataset.org/train2014/COCO_train2014_000000000081.jpg,11,169,0.9983684318760981,-0.19036851823329926,No,11,16.0,0.001976745472779292,19.0,0.001975627330853462,23.0,0.00196993182088623,0.8957541375001011,0.9649618403823442,0.9810720783927832,28.0,0.00196064172568281,20.0,0.001959038223235661,31.0,0.0019630976670257302,15.0,0.0019621395655236126,15.0,0.001956058847618104,108.0,0.0019698091878255736,15.0,0.0019448233671973127,75.0,0.0019658174478161166,,,0.984013443307608,1.0,0.9883408515446943,0.9877812438119246,0.9446232142545791,0.9777635654854308,0.9613833012053531,0.986907289489258,,,,,,,
510,yes/no,Is this plane taking off?,no,http://images.cocodataset.org/train2014/COCO_train2014_000000000081.jpg,7,239,0.9916171460408683,-0.4482436180114746,Yes,7,32.0,0.0026094167306559826,15.0,0.002510049761308013,41.0,0.002436839939747664,0.9380410260035945,0.9877812438119247,0.9872769371232788,57.0,0.0024767018276016296,24.0,0.00251688566680226,20.0,0.0025875057470556963,23.0,0.002556911224421807,,,,,,,,,,,0.9856448519898815,0.9611030852894162,0.9074899102582407,0.9320826120181367,,,,,,,,,,,
511,yes/no,Are these wings strong?,yes,http://images.cocodataset.org/train2014/COCO_train2014_000000000081.jpg,7,234,0.9724972352926784,-0.03296109288930893,Yes,7,31.0,0.003103153331716316,44.0,0.0030253410365185408,25.0,0.003055599427755104,0.9423685684126697,0.99286128653027,0.9372765336772136,32.0,0.0031541300967463356,21.0,0.003310812499362469,29.0,0.0031508891871479413,59.0,0.0032363868226397046,,,,,,,,,,,0.9849967615534697,1.0,0.9632690179490982,0.9929986191784994,,,,,,,,,,,
512,yes/no,Is that a bicycle?,yes,http://images.cocodataset.org/train2014/COCO_train2014_000000000086.jpg,1,246,0.981649587669197,-0.05873183161020279,Yes,1,18.0,0.004379952485897443,,,,,0.9532156861075461,,,,,,,,,,,,,,,,,,,,,,,,,,,,,,,,,,,
513,yes/no,Is this a cow farm?,yes,http://images.cocodataset.org/train2014/COCO_train2014_000000524375.jpg,6,245,0.997627608351312,-0.03129872679710388,No,6,25.0,0.0020248430282266963,31.0,0.0020089229155162594,95.0,0.0020413739786805762,0.9598206673056707,0.9564612380527145,0.978993015174525,47.0,0.002048342623980581,46.0,0.0020287754739781996,10.0,0.002013411800824337,,,,,,,,,,,,,0.9626181490478322,0.9575207033098548,0.9709505944546686,,,,,,,,,,,,
514,yes/no,Is this a prairie?,yes,http://images.cocodataset.org/train2014/COCO_train2014_000000524375.jpg,2,292,0.9938531277857482,-0.5197040438652039,Yes,2,23.0,0.002794763028530821,15.0,0.003076948836950083,,,0.9244732696028456,0.8443536850036224,,,,,,,,,,,,,,,,,,,,,,,,,,,,,,,,,,
515,yes/no,Is there a village in the background?,no,http://images.cocodataset.org/train2014/COCO_train2014_000000524375.jpg,7,267,0.9964921613420887,-0.08211715519428253,No,7,15.0,0.0021083991853479184,40.0,0.0021255406380986607,15.0,0.0020984167232694045,0.944623214254579,0.9852660073450025,0.982798115178801,67.0,0.0021601935042452466,53.0,0.002128890431840352,6.0,0.0020840141031395047,12.0,0.0021385765110079826,,,,,,,,,,,0.9528728802558887,0.9813535069332198,0.9182958340544896,0.9798687566511528,,,,,,,,,,,
516,yes/no,Would you be able to find a mosque in this city?,yes,http://images.cocodataset.org/train2014/COCO_train2014_000000131160.jpg,0,302,0.9844571021916806,-0.0065500205382704735,Yes,0,,,,,,,,,,,,,,,,,,,,,,,,,,,,,,,,,,,,,,,,,,
517,yes/no,Is there ketchup?,no,http://images.cocodataset.org/train2014/COCO_train2014_000000524377.jpg,1,258,0.9986089190535226,-0.17368507385253906,No,1,119.0,0.001915313978053861,,,,,0.9773738281892065,,,,,,,,,,,,,,,,,,,,,,,,,,,,,,,,,,,
518,yes/no,Is the hotdog well seasoned?,yes,http://images.cocodataset.org/train2014/COCO_train2014_000000524377.jpg,5,259,0.9958764211927973,-0.1033540740609169,Yes,5,15.0,0.0021473783287803746,24.0,0.0022174649035364463,36.0,0.0022378383422318074,0.9718495448242642,0.9803465725883601,0.9728911924099742,58.0,0.002232051414610249,6.0,0.002318908591336032,,,,,,,,,,,,,,,0.9894846504867933,0.0,,,,,,,,,,,,,
519,yes/no,Is this a healthy meal?,no,http://images.cocodataset.org/train2014/COCO_train2014_000000524377.jpg,1,215,0.9989897536564005,-0.015655234456062317,No,1,210.0,0.001874957608655124,,,,,0.9744374125554832,,,,,,,,,,,,,,,,,,,,,,,,,,,,,,,,,,,
520,yes/no,Is there a spoon in this photo?,no,http://images.cocodataset.org/train2014/COCO_train2014_000000524377.jpg,1,269,0.9985895449083085,-0.023823648691177368,No,1,121.0,0.001921304712207654,,,,,0.9773759193409699,,,,,,,,,,,,,,,,,,,,,,,,,,,,,,,,,,,
521,yes/no,Is this breakfast?,no,http://images.cocodataset.org/train2014/COCO_train2014_000000524377.jpg,5,222,0.9988860096792358,-0.005774389021098614,No,5,18.0,0.001870110467699165,18.0,0.001880278473002864,128.0,0.0018840234831684836,0.9955380299191111,0.9915323997298832,0.9850456526709779,23.0,0.0018748782878925843,16.0,0.0018878952119071074,,,,,,,,,,,,,,,0.9681464573140728,0.8957541375001011,,,,,,,,,,,,,
522,yes/no,Is there a drink in this picture?,no,http://images.cocodataset.org/train2014/COCO_train2014_000000524377.jpg,1,258,0.9981612712941638,-0.20630723237991333,No,1,136.0,0.001963713551564053,,,,,0.9713476362664811,,,,,,,,,,,,,,,,,,,,,,,,,,,,,,,,,,,
523,yes/no,Do these hot dogs look like they taste good?,yes,http://images.cocodataset.org/train2014/COCO_train2014_000000524377.jpg,9,251,0.994314081972975,-0.06277456879615784,Yes,9,18.0,0.002566379322539454,28.0,0.0024887707116979553,37.0,0.002484242595421747,1.0,0.9598164920666118,0.9681582163344764,109.0,0.002609217383713918,25.0,0.0026190261949324144,16.0,0.0026127706245227746,25.0,0.002433266758173019,17.0,0.0024581415677202146,16.0,0.002614072781053161,,,,,,,0.9828054197477794,0.9934804071359582,0.8950145145731531,0.9643771190671293,0.9363348190250748,0.886859507142915,,,,,,,,,
524,yes/no,Are those tomatoes on the sandwich?,no,http://images.cocodataset.org/train2014/COCO_train2014_000000524377.jpg,1,259,0.9810838410282817,-0.30796292424201965,Yes,1,15.0,0.005975082480243551,,,,,0.9182958340544896,,,,,,,,,,,,,,,,,,,,,,,,,,,,,,,,,,,
525,yes/no,Are the fries plain?,no,http://images.cocodataset.org/train2014/COCO_train2014_000000524377.jpg,2,292,0.9984087491017726,-0.5932632088661194,No,2,100.0,0.001965640109111198,10.0,0.0019641653796148855,,,0.9698301201547668,0.9709505944546686,,,,,,,,,,,,,,,,,,,,,,,,,,,,,,,,,,
526,yes/no,Does this breakfast dish primarily carbohydrates?,yes,http://images.cocodataset.org/train2014/COCO_train2014_000000524377.jpg,0,269,0.9867940803971179,-0.40336647629737854,Yes,0,,,,,,,,,,,,,,,,,,,,,,,,,,,,,,,,,,,,,,,,,,
527,yes/no,Has someone started eating?,no,http://images.cocodataset.org/train2014/COCO_train2014_000000524377.jpg,2,272,0.9990019860581643,-0.3777289092540741,No,2,16.0,0.0018642299590277906,106.0,0.001895687934745521,,,0.9822177815287605,0.9715160252389645,,,,,,,,,,,,,,,,,,,,,,,,,,,,,,,,,,
528,yes/no,Would this be good for dessert?,no,http://images.cocodataset.org/train2014/COCO_train2014_000000524377.jpg,4,178,0.9989473437023111,-0.009175063110888004,No,4,15.0,0.0018577861612997177,15.0,0.0018725675683888955,195.0,0.0018853867286653502,0.982798115178801,0.9877812438119247,0.9708805164650864,18.0,0.0018840549276716613,,,,,,,,,,,,,,,,,0.9435794406736077,,,,,,,,,,,,,,
529,yes/no,Is there a butter plate on the table?,yes,http://images.cocodataset.org/train2014/COCO_train2014_000000524377.jpg,6,260,0.9990341079370475,-0.5385855436325073,No,6,23.0,0.001902335797213709,15.0,0.0018891881145622685,16.0,0.0018914295292785433,0.9443479439410531,0.9446232142545791,0.9248008763572907,15.0,0.0018946863883194936,11.0,0.001900982168121633,92.0,0.0019082457495462482,,,,,,,,,,,,,0.9877812438119247,0.826074224242703,0.9794588111949788,,,,,,,,,,,,
530,yes/no,Does this have lettuce?,no,http://images.cocodataset.org/train2014/COCO_train2014_000000524377.jpg,1,258,0.9985598190835182,-0.16585643589496613,No,1,121.0,0.0019249149085895135,,,,,0.9785275999385723,,,,,,,,,,,,,,,,,,,,,,,,,,,,,,,,,,,
531,yes/no,Does the food look good?,yes,http://images.cocodataset.org/train2014/COCO_train2014_000000524377.jpg,7,274,0.9901875149779861,-0.07262074202299118,Yes,7,18.0,0.0027395610647236454,26.0,0.002766145869067788,35.0,0.0027310494484555216,0.9535998353544739,0.982565040412523,0.9329548636457049,88.0,0.0027752266058232917,25.0,0.0028652107368101498,18.0,0.0027118285791536555,15.0,0.002825737040724352,,,,,,,,,,,0.9833911784722826,0.9983119055396815,0.9773429734731779,0.9018972358711528,,,,,,,,,,,
532,yes/no,Is this meat?,yes,http://images.cocodataset.org/train2014/COCO_train2014_000000524377.jpg,0,267,0.9913271819172149,-0.40938761830329895,Yes,0,,,,,,,,,,,,,,,,,,,,,,,,,,,,,,,,,,,,,,,,,,
533,yes/no,Would this typically be eaten for breakfast?,no,http://images.cocodataset.org/train2014/COCO_train2014_000000524377.jpg,3,210,0.9989620704045307,-0.010693179443478584,No,3,15.0,0.00185950834552272,204.0,0.0018824209279887075,15.0,0.0018666647255013472,0.9877812438119247,0.9732874185077552,0.9189900464321514,,,,,,,,,,,,,,,,,,,,,,,,,,,,,,,,,
534,yes/no,Is that bacon from a delicatessen?,yes,http://images.cocodataset.org/train2014/COCO_train2014_000000524377.jpg,4,255,0.9986417560606606,-0.15357866883277893,No,4,15.0,0.0018917852561221402,15.0,0.001907049781106177,35.0,0.001917283086428562,0.9949490477321437,1.0,0.9446785702546556,74.0,0.0019059151412461704,,,,,,,,,,,,,,,,,0.979561222486573,,,,,,,,,,,,,,
535,yes/no,Is the man wearing formal clothes?,no,http://images.cocodataset.org/train2014/COCO_train2014_000000393306.jpg,4,254,0.9990737574260496,-0.0023602063301950693,No,4,25.0,0.0019080481694455694,16.0,0.0018864351816325245,16.0,0.0018902354797537245,0.9069758075430852,0.9886085007312413,1.0,7.0,0.001883615126639614,,,,,,,,,,,,,,,,,0.9852281360342515,,,,,,,,,,,,,,
536,yes/no,Is there a deodorant on the sink?,no,http://images.cocodataset.org/train2014/COCO_train2014_000000262159.jpg,3,280,0.9976744999674019,-0.4569731056690216,No,3,50.0,0.0020770767967656246,19.0,0.002052791485954925,23.0,0.0020050297925756134,0.9463364293763945,0.9355095604394199,0.997189429761854,,,,,,,,,,,,,,,,,,,,,,,,,,,,,,,,,
537,yes/no,Is there a full roll of toilet paper in the bathroom?,yes,http://images.cocodataset.org/train2014/COCO_train2014_000000262159.jpg,10,253,0.9927197364018703,-0.6736708283424377,Yes,10,38.0,0.0027489033249621384,31.0,0.002718986385228633,38.0,0.0026730586323675193,0.9423125402943955,0.989680260279054,0.9966475176644728,24.0,0.0025603177463770677,40.0,0.0025545890586337926,53.0,0.0025227894759105593,17.0,0.0024230857075876085,16.0,0.00247441609150146,21.0,0.0024832098924480665,15.0,0.002472827163639931,,,,,0.9265419002141438,0.9768968918379417,0.9606652250994756,0.9771236998460401,0.9056390622295665,0.997618320255157,0.9877812438119247,,,,,,,,
538,yes/no,Would someone be able to watch you change from the outside?,yes,http://images.cocodataset.org/train2014/COCO_train2014_000000262159.jpg,4,209,0.9971297078507563,-0.5274394750595093,No,4,81.0,0.002067579070777492,38.0,0.0020072737974409735,9.0,0.0020596588499128834,0.9564557803164448,0.9545513303610759,0.7642045065086203,13.0,0.0020203171695946636,,,,,,,,,,,,,,,,,0.99473723787795,,,,,,,,,,,,,,
539,yes/no,Does the shower have a glass door?,no,http://images.cocodataset.org/train2014/COCO_train2014_000000262159.jpg,1,252,0.996054108244572,-0.22765585780143738,No,1,47.0,0.0021527598766260393,,,,,0.9346852760340022,,,,,,,,,,,,,,,,,,,,,,,,,,,,,,,,,,,
540,yes/no,Is the towel rack silver?,no,http://images.cocodataset.org/train2014/COCO_train2014_000000262159.jpg,8,310,0.993980925514924,-0.5181035995483398,No,8,16.0,0.0024053846093724527,26.0,0.002379669178521798,48.0,0.0023909184085843175,0.8957541375001011,0.9697500292498814,0.9672175113703365,16.0,0.002353764041295464,18.0,0.002345755356573628,17.0,0.002427659601732838,20.0,0.0023497737011319107,24.0,0.0024745410717088175,,,,,,,,,0.9965119062478288,0.9388201415867106,0.8726389366057715,0.9794359242226801,0.985056822321508,,,,,,,,,,
541,yes/no,Is there a shower curtain?,yes,http://images.cocodataset.org/train2014/COCO_train2014_000000262159.jpg,2,226,0.9964484997509531,-0.05605776235461235,No,2,73.0,0.0021104447442850875,8.0,0.002094010175159627,,,0.9533666728110842,0.8112781244591328,,,,,,,,,,,,,,,,,,,,,,,,,,,,,,,,,,
542,yes/no,Is the toilet lid down?,yes,http://images.cocodataset.org/train2014/COCO_train2014_000000262159.jpg,8,261,0.9944216621112073,-0.5905269980430603,Yes,8,78.0,0.0023548598410124528,21.0,0.002317594391079634,20.0,0.0023918856022419766,0.9750586213255439,0.9517619850443704,0.9372305632161296,22.0,0.0022760348003041347,24.0,0.002268697699093224,18.0,0.0022776762049944383,35.0,0.0023809803414816706,17.0,0.002314657164783988,,,,,,,,,0.9434038256873108,0.9654381125870258,0.9182958340544894,0.9949104835767224,0.9770358764490155,,,,,,,,,,
543,yes/no,Does this cake look like it chocolate?,yes,http://images.cocodataset.org/train2014/COCO_train2014_000000000092.jpg,3,242,0.9864338992416388,-0.11586587876081467,Yes,3,15.0,0.0030792106440128667,22.0,0.002934485960857498,21.0,0.004806208485110138,1.0,0.9787533425105092,0.8751124386426175,,,,,,,,,,,,,,,,,,,,,,,,,,,,,,,,,
544,yes/no,Is this a small town?,yes,http://images.cocodataset.org/train2014/COCO_train2014_000000000094.jpg,9,238,0.9985737309620308,-0.6340899467468262,No,9,23.0,0.0019042795883424883,27.0,0.0019147367670007897,47.0,0.0019063381864394791,0.9810720783927832,0.969312269279739,0.9867625293400838,53.0,0.001900454516993248,53.0,0.001902585196853055,49.0,0.001910032089132673,17.0,0.0018919203554355179,11.0,0.0019029973652773015,15.0,0.001899922331804432,,,,,,,0.972856215239855,0.9650256068087819,0.9728422687235647,0.9963890537299693,0.9940302114769565,0.9877812438119247,,,,,,,,,
545,yes/no,Will these planes be used to transport people?,no,http://images.cocodataset.org/train2014/COCO_train2014_000000393311.jpg,2,278,0.9801504502154681,-0.4510928988456726,Yes,2,16.0,0.003947502675709078,7.0,0.002920229841649109,,,0.9886085007312412,0.9821410328348752,,,,,,,,,,,,,,,,,,,,,,,,,,,,,,,,,,
546,yes/no,Is the room carpeted?,yes,http://images.cocodataset.org/train2014/COCO_train2014_000000524386.jpg,1,248,0.9851410273490842,-0.48521655797958374,Yes,1,38.0,0.003102231001230764,,,,,0.9803151982105407,,,,,,,,,,,,,,,,,,,,,,,,,,,,,,,,,,,
547,yes/no,Is there a fireplace?,no,http://images.cocodataset.org/train2014/COCO_train2014_000000524386.jpg,2,224,0.9987684385409296,-0.014273460023105145,No,2,115.0,0.0019261180418185667,24.0,0.0019480548261981213,,,0.9839054515685782,0.9054129626675887,,,,,,,,,,,,,,,,,,,,,,,,,,,,,,,,,,
548,yes/no,Are stains on the floor?,no,http://images.cocodataset.org/train2014/COCO_train2014_000000524386.jpg,2,236,0.9988352829309609,-0.1490449160337448,No,2,118.0,0.0019186623546418658,24.0,0.0019330038769443455,,,0.9820224047389252,0.9054129626675887,,,,,,,,,,,,,,,,,,,,,,,,,,,,,,,,,,
549,yes/no,Are these boys at home?,no,http://images.cocodataset.org/train2014/COCO_train2014_000000524386.jpg,7,275,0.9985848351489041,-0.5446707010269165,Yes,7,17.0,0.0019346048494398402,17.0,0.0019577086082884056,47.0,0.001934314928873555,0.9664022887695612,0.8919296718389884,0.9715964390536806,36.0,0.0019483144991963054,17.0,0.0019680671661315326,25.0,0.0019801495587940896,27.0,0.001997231225266611,,,,,,,,,,,0.9663767971302667,0.9437600120884534,0.8916332668646492,0.9527086220160396,,,,,,,,,,,
550,yes/no,Is this a 60's motif?,no,http://images.cocodataset.org/train2014/COCO_train2014_000000524386.jpg,2,239,0.9987876802682578,-0.15972846746444702,No,2,128.0,0.0019193950716809192,23.0,0.0019302409740156636,,,0.9809336259756736,0.8840666900918297,,,,,,,,,,,,,,,,,,,,,,,,,,,,,,,,,,
551,yes/no,Is the light green?,yes,http://images.cocodataset.org/train2014/COCO_train2014_000000393317.jpg,8,240,0.9943819516037792,-0.1415034383535385,Yes,8,17.0,0.003356274823807895,18.0,0.0029018164867234035,25.0,0.002506210748409496,0.9975025463691152,0.8826232641893705,0.9734710306379833,15.0,0.0029084752995926955,17.0,0.0030978694241693048,15.0,0.0024946124596623544,18.0,0.0024539157410276573,11.0,0.002588218835686298,,,,,,,,,0.9189900464321514,0.8702290979524686,0.982798115178801,0.9853962684364186,0.9431887805255736,,,,,,,,,,
552,yes/no,Is it raining?,no,http://images.cocodataset.org/train2014/COCO_train2014_000000393317.jpg,8,282,0.9912423153347517,-0.30306097865104675,Yes,8,26.0,0.002862467295799948,84.0,0.00265490708861331,28.0,0.0026114797405539674,0.9437693223442527,0.9713421008761607,0.9890498244170132,22.0,0.0027018813120790425,25.0,0.0026444242264114758,15.0,0.002609083772101881,16.0,0.002961741730619928,17.0,0.002996917816823905,,,,,,,,,0.9904129681145393,0.9745455500297384,0.9877812438119247,1.0,0.9975025463691152,,,,,,,,,,
553,yes/no,Is this woman crossing a street?,yes,http://images.cocodataset.org/train2014/COCO_train2014_000000393317.jpg,5,289,0.991710341508416,-0.15174612402915955,Yes,5,20.0,0.0028125001148895366,77.0,0.0026370371242051883,29.0,0.0027093280137058078,0.9304820237218406,0.9868025949436716,0.9824214478970339,23.0,0.0025657618251471483,16.0,0.002779502708722065,,,,,,,,,,,,,,,0.9656642397714292,0.949701216438411,,,,,,,,,,,,,
554,yes/no,Is this in the United States?,yes,http://images.cocodataset.org/train2014/COCO_train2014_000000393317.jpg,9,264,0.99755396637471,-0.4103735685348511,No,9,18.0,0.0020664766776509395,18.0,0.0020730711091093207,26.0,0.0020687866543112944,0.9915323997298832,0.9915323997298832,0.9588999279334551,21.0,0.002057623221613034,21.0,0.002065697211828745,129.0,0.0020846807096363126,21.0,0.00208424300849466,20.0,0.0020809813481357958,55.0,0.0020740835781441693,,,,,,,0.9529073308031801,0.969354248643417,0.9884956461574661,0.9937866610055328,0.9976834773764092,0.9922133571553106,,,,,,,,,
555,yes/no,Is there anyone in the cockpit?,yes,http://images.cocodataset.org/train2014/COCO_train2014_000000131174.jpg,9,302,0.9876549380649847,-0.3364078104496002,Yes,9,17.0,0.0026903667063901513,15.0,0.0029595347163992943,46.0,0.0027782919751471145,0.951983906543883,0.9709505944546686,0.9428166636379601,15.0,0.002789594205486081,19.0,0.002799883537078259,16.0,0.002801159410650991,17.0,0.0029139297481035075,16.0,0.0028445847605859205,19.0,0.0027111702611815423,,,,,,,0.9189900464321514,0.90647263812994,0.949701216438411,0.8702290979524684,0.8957541375001011,0.8964728241376874,,,,,,,,,
556,yes/no,Is the bus stopped?,yes,http://images.cocodataset.org/train2014/COCO_train2014_000000546151.jpg,5,281,0.990758213689139,-0.2922331690788269,Yes,5,15.0,0.0023378638852563725,58.0,0.002544618648295507,17.0,0.002488358996160345,0.9613833012053531,0.9458420059489818,0.9363348190250748,16.0,0.0025252268777570365,19.0,0.0024845694934931585,,,,,,,,,,,,,,,0.985056822321508,0.9796494552648447,,,,,,,,,,,,,
557,yes/no,Is this an ocean area?,yes,http://images.cocodataset.org/train2014/COCO_train2014_000000000109.jpg,8,235,0.9925371471806966,-0.18180815875530243,No,8,29.0,0.0024203393059832636,16.0,0.0023525185532862467,63.0,0.002322957886845739,0.988492652363188,0.9965119062478288,0.9851594126101053,35.0,0.0023623709119891625,16.0,0.0023154925169037105,117.0,0.002352505678033024,39.0,0.0023859619718572126,25.0,0.0023493140878044975,,,,,,,,,0.9607975451763596,0.9886085007312413,0.9862036166483072,0.949663966515346,0.9290432386024722,,,,,,,,,,
558,yes/no,Is the ground near the waterfront squishy?,no,http://images.cocodataset.org/train2014/COCO_train2014_000000000109.jpg,8,245,0.9967358658749963,-0.4471599757671356,Yes,8,36.0,0.002152058761276854,22.0,0.0021802773164537504,20.0,0.002132198960654203,0.9553852137257013,0.9700357646545448,0.9481816004150758,33.0,0.002122038554079787,77.0,0.0021789172319241013,26.0,0.002212511441285355,16.0,0.002244825733414212,24.0,0.002189614053620835,,,,,,,,,0.979184025287864,0.9623916035873897,0.9771411972194372,1.0,0.9608948553419607,,,,,,,,,,
559,yes/no,Is the water calm?,yes,http://images.cocodataset.org/train2014/COCO_train2014_000000000109.jpg,11,278,0.9843192475550425,-0.21743077039718628,Yes,11,19.0,0.0032602988945901945,15.0,0.0028003649154819885,18.0,0.0028675360677463224,0.9258628921382102,0.9664572819896989,0.977342973473178,6.0,0.0026495812804932972,32.0,0.0030044980150863987,20.0,0.0028875972440868913,9.0,0.002712494172833888,27.0,0.0032669752790110917,22.0,0.0029093707181726517,20.0,0.0029355753539973915,15.0,0.0029362983561562733,,,1.0,0.9770781018065818,0.9412329787642941,0.9656336071428252,0.9560569454861144,0.9666425652015439,0.9927376486136672,0.9877812438119247,,,,,,,
560,yes/no,Is this a cheese pizza?,yes,http://images.cocodataset.org/train2014/COCO_train2014_000000000110.jpg,6,263,0.9961243839667837,-0.5653176307678223,Yes,6,30.0,0.002147574702467275,18.0,0.002172351011715968,17.0,0.00214868437317989,0.9715270798158865,0.9081700569267038,0.9363348190250748,17.0,0.002255584815329244,58.0,0.0021508272983781925,16.0,0.002153925022973584,,,,,,,,,,,,,0.8702290979524684,0.9716763490900081,0.8980898459737486,,,,,,,,,,,,
561,yes/no,Is there more than one vase on the table?,yes,http://images.cocodataset.org/train2014/COCO_train2014_000000305853.jpg,2,232,0.9917783216628552,-0.20663601160049438,Yes,2,83.0,0.0025913835928781217,20.0,0.0030239284685040324,,,0.9820298080125528,0.9008047485295136,,,,,,,,,,,,,,,,,,,,,,,,,,,,,,,,,,
562,yes/no,Is there a cake here?,yes,http://images.cocodataset.org/train2014/COCO_train2014_000000000113.jpg,1,258,0.9883177736705578,-0.03879441320896149,Yes,1,16.0,0.004114417769641978,,,,,0.7743974703476992,,,,,,,,,,,,,,,,,,,,,,,,,,,,,,,,,,,
563,yes/no,Are there any pens on the table?,no,http://images.cocodataset.org/train2014/COCO_train2014_000000000113.jpg,13,203,0.9985412659757729,-0.21041738986968994,No,13,74.0,0.0019571940957321993,38.0,0.0019491050356901223,20.0,0.0019485499813092287,0.9889807330382755,0.9668266452803644,0.9406454496153462,22.0,0.0019472684701143611,16.0,0.00193657334612053,15.0,0.0019599976791259835,15.0,0.001946383690023532,17.0,0.0019389180054623155,23.0,0.0019381545745061407,12.0,0.0019353793644620134,16.0,0.0019401866597134603,26.0,0.0019424333309759922,0.9700357646545448,0.9681390622295665,0.9967916319816366,0.9654013672997089,0.9605278493513334,0.9546469740366291,0.9808340377961404,0.9248008763572906,0.966392649271559,18.0,0.0019427270413875672,,,0.9524375025776289,
564,yes/no,Is this image tilted?,yes,http://images.cocodataset.org/train2014/COCO_train2014_000000262260.jpg,3,297,0.9950904552832565,-0.34131404757499695,Yes,3,33.0,0.002346398101031713,21.0,0.0023201461006236135,28.0,0.002241283480154392,0.9825409751405885,0.9664730487321721,0.9826940451798984,,,,,,,,,,,,,,,,,,,,,,,,,,,,,,,,,
565,yes/no,Does this image contain a pie pan?,yes,http://images.cocodataset.org/train2014/COCO_train2014_000000262261.jpg,5,258,0.9946866856653759,-0.4558752775192261,Yes,5,15.0,0.002319216772942023,25.0,0.0024109558016821206,16.0,0.0023427839138008026,0.9859247724121322,0.9706252067822185,0.9822177815287605,9.0,0.002308699408106432,23.0,0.0026208217733589946,,,,,,,,,,,,,,,0.9656336071428251,0.9581834297016358,,,,,,,,,,,,,
566,yes/no,Is this a large house?,yes,http://images.cocodataset.org/train2014/COCO_train2014_000000131190.jpg,9,263,0.9912719422754505,-0.5182002782821655,Yes,9,16.0,0.0026354808256628254,28.0,0.002597827445693105,31.0,0.0025925794475075837,0.9755307720176266,0.9558029763224309,0.9560089022414302,15.0,0.0024732827765866017,14.0,0.0026532119683357926,15.0,0.0026820293559713334,16.0,0.0026633115032254715,15.0,0.0024613910769411425,40.0,0.0028081130393645608,,,,,,,0.944623214254579,0.9032139773855579,0.8830374409547587,0.949701216438411,0.982798115178801,0.9539625121297577,,,,,,,,,
567,yes/no,Is there a fountain in front of the building?,no,http://images.cocodataset.org/train2014/COCO_train2014_000000131190.jpg,4,295,0.9962469807986641,-0.03671414405107498,No,4,38.0,0.0020738339201113376,16.0,0.0020989990570519732,28.0,0.002072650463689886,0.9752257010508053,0.9320201587042914,0.9538755848972527,25.0,0.0020547701063257395,,,,,,,,,,,,,,,,,0.9828039728592469,,,,,,,,,,,,,,
568,yes/no,Is the sun shining?,yes,http://images.cocodataset.org/train2014/COCO_train2014_000000131190.jpg,9,272,0.9843284366108888,-0.0786881297826767,Yes,9,16.0,0.0029442749610869502,16.0,0.0029400366760180693,33.0,0.0028955387041416053,0.949701216438411,0.9755307720176266,0.9556374616711746,37.0,0.002929592760940168,23.0,0.0029892634995525424,16.0,0.0030437247965473635,10.0,0.002872921052668111,23.0,0.003095261861897272,30.0,0.0030640614579996376,,,,,,,0.9501401983164582,0.9765762937075555,0.886859507142915,1.0,0.9131048906957293,0.9666164230148087,,,,,,,,,
569,yes/no,Is this a church?,yes,http://images.cocodataset.org/train2014/COCO_train2014_000000131190.jpg,6,277,0.9958697768907073,-0.14273701608181,No,6,36.0,0.002089179301632619,15.0,0.0021208963743193127,8.0,0.002096634746255428,0.9786310936497998,0.9018972358711528,0.8112781244591328,30.0,0.002098218772133531,25.0,0.0020781492556401337,15.0,0.0020784691253294646,,,,,,,,,,,,,0.9643304728838091,0.9828039728592469,0.9664572819896989,,,,,,,,,,,,
570,yes/no,Are there clouds visible?,no,http://images.cocodataset.org/train2014/COCO_train2014_000000131190.jpg,6,255,0.9947522551453513,-0.12067177891731262,No,6,54.0,0.0021674745729062224,17.0,0.0022030766333588285,15.0,0.0021716908285388235,0.9788462888311885,0.8846148739279865,0.9500685975366211,15.0,0.0021580368335988994,69.0,0.0021711704864394417,33.0,0.002135300125473906,,,,,,,,,,,,,0.9877812438119246,0.9776157221180084,0.99117484354739,,,,,,,,,,,,
571,yes/no,Is this a sunny day?,yes,http://images.cocodataset.org/train2014/COCO_train2014_000000131190.jpg,9,275,0.9840467424922597,-0.014039319939911366,Yes,9,16.0,0.0029740025019952005,16.0,0.002968716893465181,32.0,0.002924953939962081,0.949701216438411,0.9755307720176266,0.9537167042160073,37.0,0.0029600710755913772,23.0,0.003019724393224454,16.0,0.003079797448191844,15.0,0.002862760823716644,23.0,0.003127064309279687,29.0,0.003094026520543311,,,,,,,0.9501401983164582,0.9765762937075555,0.886859507142915,0.9877812438119246,0.9131048906957293,0.9639325558578161,,,,,,,,,
572,yes/no,Are the hedges well-groomed?,no,http://images.cocodataset.org/train2014/COCO_train2014_000000131190.jpg,6,266,0.9873168005793256,-0.19377848505973816,Yes,6,17.0,0.0024675437744740734,16.0,0.0025767194433295774,41.0,0.002525848924492883,0.9936520348079907,0.9414280318460245,0.9822629780098193,61.0,0.002770079439366166,13.0,0.002568104033796038,8.0,0.0026330787711125276,,,,,,,,,,,,,0.9652155618397723,0.9770455804590027,0.8112781244591328,,,,,,,,,,,,
573,yes/no,Does the building in the back have an elevator?,no,http://images.cocodataset.org/train2014/COCO_train2014_000000131190.jpg,4,295,0.9980135598364206,-0.036460597068071365,No,4,15.0,0.001961259193391325,37.0,0.001958046223182635,27.0,0.0019777041061936292,0.9602297178607612,0.9828921985272666,0.9336667589021741,19.0,0.0019452646526444347,,,,,,,,,,,,,,,,,0.968715212846104,,,,,,,,,,,,,,
574,yes/no,Do you a phone booth?,no,http://images.cocodataset.org/train2014/COCO_train2014_000000131190.jpg,3,308,0.9976990346147977,-0.038387712091207504,No,3,30.0,0.0019831698442553053,24.0,0.0020031260517778746,25.0,0.0019684783853763208,0.957928905739542,0.9054129626675887,0.9706252067822185,,,,,,,,,,,,,,,,,,,,,,,,,,,,,,,,,
575,yes/no,Are the buildings tall?,yes,http://images.cocodataset.org/train2014/COCO_train2014_000000131190.jpg,9,262,0.9964737187918797,-0.4807603657245636,No,9,18.0,0.0021921579907809774,24.0,0.002129263449023352,19.0,0.002150507837321098,0.9057125980138372,0.9764415047936531,0.8654626260259275,75.0,0.002163388126362326,22.0,0.0021247714160241528,15.0,0.002149317965925309,23.0,0.0021168487037534892,22.0,0.002161750337766839,16.0,0.0021372707239157855,,,,,,,0.980819265170587,0.9723293370171536,0.9500685975366211,0.9230756314524023,0.9477528103057691,0.9755307720176266,,,,,,,,,
576,yes/no,Is the clock between two arches?,no,http://images.cocodataset.org/train2014/COCO_train2014_000000131190.jpg,1,279,0.9943135990265403,-0.4807526469230652,Yes,1,15.0,0.003045745121313763,,,,,0.944623214254579,,,,,,,,,,,,,,,,,,,,,,,,,,,,,,,,,,,
577,yes/no,Are there any entrance gates at the bottom of the tower?,no,http://images.cocodataset.org/train2014/COCO_train2014_000000131190.jpg,6,193,0.9969985083636483,-0.5261529684066772,Yes,6,16.0,0.0023176588620159445,21.0,0.0023603967373026277,23.0,0.0021595149967923474,0.949701216438411,0.9095134728820526,0.9971894297618539,116.0,0.002294733931251158,16.0,0.002229925329822395,12.0,0.0021453521966400177,,,,,,,,,,,,,0.9651303557421742,0.8980898459737486,1.0,,,,,,,,,,,,
578,yes/no,Is the building a high rise?,no,http://images.cocodataset.org/train2014/COCO_train2014_000000131190.jpg,5,288,0.9954559676692345,-0.02073598839342594,No,5,38.0,0.0021125562823261375,16.0,0.002149183248123088,8.0,0.0021267214347670256,0.9823216100266066,0.886859507142915,0.8112781244591328,37.0,0.00212348350859672,26.0,0.002097732537840403,,,,,,,,,,,,,,,0.9774318120697311,0.9910386727156579,,,,,,,,,,,,,
579,yes/no,Is part of this tower made of wood?,yes,http://images.cocodataset.org/train2014/COCO_train2014_000000131190.jpg,2,289,0.9895630311357729,-0.24515484273433685,Yes,2,24.0,0.002781285208273245,36.0,0.002836107486519464,,,0.9368761481098031,0.9842409977000564,,,,,,,,,,,,,,,,,,,,,,,,,,,,,,,,,,
580,yes/no,Can the tree tell time?,no,http://images.cocodataset.org/train2014/COCO_train2014_000000131190.jpg,3,303,0.997849875714722,-0.05056263133883476,No,3,37.0,0.0019700038755959427,26.0,0.001990473300191922,25.0,0.0019568387770603902,0.9828921985272666,0.9271572097176579,0.9706252067822185,,,,,,,,,,,,,,,,,,,,,,,,,,,,,,,,,
581,yes/no,Is the emblem a sun face clock?,yes,http://images.cocodataset.org/train2014/COCO_train2014_000000131190.jpg,9,243,0.9841991228004544,-0.36777496337890625,Yes,9,19.0,0.003008117170847009,31.0,0.003090483495683796,29.0,0.0030824169059871895,0.9656476401164372,0.9709462384035892,0.9665859482843117,23.0,0.0030653035746051834,15.0,0.003230705477193741,10.0,0.0029558708389155817,16.0,0.0031489593904886347,16.0,0.0030586466347701366,43.0,0.0031289165683296124,,,,,,,0.9504416045240514,0.8830374409547587,1.0,0.949701216438411,0.8980898459737486,0.9519831496112494,,,,,,,,,
582,yes/no,Is the ram's fleece dirty?,no,http://images.cocodataset.org/train2014/COCO_train2014_000000131197.jpg,0,268,0.9872817487641634,-0.44046860933303833,Yes,0,,,,,,,,,,,,,,,,,,,,,,,,,,,,,,,,,,,,,,,,,,
583,yes/no,Is there a travel guide on the table?,yes,http://images.cocodataset.org/train2014/COCO_train2014_000000000127.jpg,3,306,0.9887238866508223,-0.18428194522857666,Yes,3,15.0,0.0028461820676125627,15.0,0.0027039837162169383,16.0,0.0028062893965075473,0.9147366491799204,0.9949490477321437,0.9618974703476992,,,,,,,,,,,,,,,,,,,,,,,,,,,,,,,,,
584,yes/no,Is there snow?,yes,http://images.cocodataset.org/train2014/COCO_train2014_000000262273.jpg,4,222,0.9840162168319634,-0.009249957278370857,Yes,4,150.0,0.0029652962763651335,15.0,0.0027371032516754334,68.0,0.0028869187336220646,0.982298284329938,0.8983958159908182,0.9627898236604449,17.0,0.0031885907587480343,,,,,,,,,,,,,,,,,0.9774178175281716,,,,,,,,,,,,,,
585,yes/no,Is it summer?,no,http://images.cocodataset.org/train2014/COCO_train2014_000000262273.jpg,6,164,0.9988159486904602,-0.0010852740379050374,No,6,31.0,0.0019004555731687851,43.0,0.0019057633525792364,38.0,0.0019018575613861362,0.9828905295495743,0.9804138953714058,0.9820163571432277,160.0,0.0019124964099501277,13.0,0.0019215896245746134,18.0,0.0019296196852415068,,,,,,,,,,,,,0.987081852105399,0.8904916402194913,1.0,,,,,,,,,,,,
586,yes/no,Is the picture in color?,yes,http://images.cocodataset.org/train2014/COCO_train2014_000000524420.jpg,5,335,0.9985550713182164,-0.1421634554862976,Yes,5,18.0,0.002024292927327919,69.0,0.0020327965224687717,5.0,0.0019578997626897706,0.9625632797054147,0.97028746905621,0.9709505944546686,17.0,0.0020537061765664713,12.0,0.0021005984594353036,,,,,,,,,,,,,,,0.9603948809345499,0.8112781244591328,,,,,,,,,,,,,
587,yes/no,Is there a dog in the photo?,yes,http://images.cocodataset.org/train2014/COCO_train2014_000000524420.jpg,2,263,0.9905150088720164,-0.027863172814249992,Yes,2,15.0,0.0035865787849251756,7.0,0.0031326728224165454,,,0.944623214254579,0.9852281360342515,,,,,,,,,,,,,,,,,,,,,,,,,,,,,,,,,,
588,yes/no,Is the dog on a leash?,yes,http://images.cocodataset.org/train2014/COCO_train2014_000000524420.jpg,2,266,0.9879466347219045,-0.09223031997680664,Yes,2,17.0,0.003163958740645996,15.0,0.0029854280520057847,,,0.9856676426534905,0.9473080736174853,,,,,,,,,,,,,,,,,,,,,,,,,,,,,,,,,,
589,yes/no,Are all of the birds in flight?,no,http://images.cocodataset.org/train2014/COCO_train2014_000000436929.jpg,3,266,0.9992370411450818,-0.07757548987865448,No,3,111.0,0.0018617118508322782,55.0,0.0018621721236465395,19.0,0.0018537120631640887,0.9750194444519648,0.960314576010407,0.9720048748581784,,,,,,,,,,,,,,,,,,,,,,,,,,,,,,,,,
590,yes/no,Are there three birds in the picture?,yes,http://images.cocodataset.org/train2014/COCO_train2014_000000436929.jpg,3,402,0.9992787463412776,-0.5343548059463501,No,3,15.0,0.0018782192356124562,19.0,0.001884445353816364,40.0,0.0019011447562440568,0.9877812438119247,0.90647263812994,0.959892753399371,,,,,,,,,,,,,,,,,,,,,,,,,,,,,,,,,
591,yes/no,Is this a dog?,no,http://images.cocodataset.org/train2014/COCO_train2014_000000436929.jpg,8,350,0.9986374869445774,-0.00260728457942605,No,8,18.0,0.001967481106433838,30.0,0.0019573095980843177,42.0,0.001965415413016854,0.9915323997298832,0.9630632035569816,0.9365523198183832,20.0,0.0019861320164765916,15.0,0.0019551323430896297,15.0,0.0019903358733586456,4.0,0.0019354353647832187,44.0,0.0019882808181677283,,,,,,,,,0.9545258142257613,0.8616157143988104,0.9967916319816366,0.0,0.9499962277449616,,,,,,,,,,
592,yes/no,Is this a winter scene?,yes,http://images.cocodataset.org/train2014/COCO_train2014_000000436929.jpg,0,261,0.9848564532028808,-0.0037117258179932833,Yes,0,,,,,,,,,,,,,,,,,,,,,,,,,,,,,,,,,,,,,,,,,,
593,yes/no,Is the water frozen?,yes,http://images.cocodataset.org/train2014/COCO_train2014_000000436929.jpg,3,277,0.9886067957313063,-0.16288964450359344,Yes,3,70.0,0.0027762393592287654,16.0,0.0027317842409049684,19.0,0.002983956905333567,0.9782754544251395,0.9414280318460244,0.8743862973701078,,,,,,,,,,,,,,,,,,,,,,,,,,,,,,,,,
594,yes/no,Is that a laptop on the chair?,yes,http://images.cocodataset.org/train2014/COCO_train2014_000000131208.jpg,10,220,0.9970138399742844,-0.16879041492938995,No,10,37.0,0.0019935960205861554,54.0,0.0020026718106862045,44.0,0.001995128129582593,0.9815519481552132,0.9763996524251639,0.9586931388987451,48.0,0.0019891384589614592,15.0,0.0019725560075806157,42.0,0.0019973243640272246,20.0,0.001987625521329587,32.0,0.0020086901822008577,17.0,0.001996533682742526,18.0,0.0020072377862171463,,,,,0.9729868418630282,0.982798115178801,0.965228534604068,0.9703227248076731,1.0,0.9360847109776411,0.872009434056298,,,,,,,,
595,yes/no,Is Cingular a sponsor of this field?,yes,http://images.cocodataset.org/train2014/COCO_train2014_000000284012.jpg,1,322,0.9894679593428158,-0.29311567544937134,Yes,1,16.0,0.002822524400313143,,,,,0.9886085007312413,,,,,,,,,,,,,,,,,,,,,,,,,,,,,,,,,,,
596,yes/no,Is this a conventional kitchen?,no,http://images.cocodataset.org/train2014/COCO_train2014_000000000138.jpg,6,249,0.9978734804787337,-0.028475819155573845,No,6,15.0,0.0018846673980861717,58.0,0.0018951209362455092,49.0,0.0019036897712662432,0.9543063494363562,0.9803849029905926,0.9467229887489966,41.0,0.0019038381133932199,34.0,0.001898878982863032,17.0,0.0019015574214801365,,,,,,,,,,,,,0.9647121060378285,0.9592293673459648,0.8846148739279867,,,,,,,,,,,,
597,yes/no,Is the area lit?,yes,http://images.cocodataset.org/train2014/COCO_train2014_000000262283.jpg,10,188,0.992919608924565,-0.07680335640907288,Yes,10,26.0,0.002361072606082157,15.0,0.0023156031912933434,18.0,0.0023563533948186013,0.964563236385718,0.9446232142545791,0.9591479170272448,32.0,0.0023471389562750205,52.0,0.002401566406833298,46.0,0.0023641723182188045,10.0,0.002395118013439188,22.0,0.002446976779612958,13.0,0.0025601402478858037,15.0,0.0023840560930038003,,,,,0.9596426772820082,0.9628827385047818,0.9792530496072722,0.8812908992306927,0.9477528103057691,0.7793498372920851,0.9654013672997089,,,,,,,,
598,yes/no,Are the vases identical?,no,http://images.cocodataset.org/train2014/COCO_train2014_000000262283.jpg,3,333,0.9993009369014932,-0.6362258195877075,No,3,19.0,0.0019316332507725918,17.0,0.00189827856440714,18.0,0.001913011624731134,0.8899149938380798,0.9963890537299693,0.9535998353544741,,,,,,,,,,,,,,,,,,,,,,,,,,,,,,,,,
599,yes/no,Are these the normal size pieces of pizza?,yes,http://images.cocodataset.org/train2014/COCO_train2014_000000524428.jpg,8,311,0.9986515394144101,-0.34560132026672363,No,8,33.0,0.0019573385603423206,34.0,0.001934389918689306,16.0,0.0019292934287734366,0.9609557933859342,0.933102096961719,0.9618974703476992,20.0,0.0019292400660851662,10.0,0.0019387202496053888,24.0,0.0019421835630168184,17.0,0.0019425971116371048,24.0,0.0019330918855393793,,,,,,,,,0.9596390821693782,0.8812908992306927,0.9398009074013692,0.9967828263127351,0.9859894062555719,,,,,,,,,,
600,yes/no,Could you eat all of this pizza?,no,http://images.cocodataset.org/train2014/COCO_train2014_000000524428.jpg,7,245,0.9964486991735267,-0.6878983974456787,Yes,7,16.0,0.0021642628531265058,16.0,0.002108713139494897,16.0,0.002150531095478664,0.9463946303571862,0.9528195311147832,0.985056822321508,16.0,0.0022111628186784827,18.0,0.0021660716539438716,75.0,0.002144048958783089,19.0,0.0021991809813256733,,,,,,,,,,,0.8387794678549646,0.9081700569267039,0.9625955670837514,0.9520903566147753,,,,,,,,,,,
601,yes/no,Is there broccoli on a slice of pizza?,yes,http://images.cocodataset.org/train2014/COCO_train2014_000000524428.jpg,6,312,0.998758693471582,-0.020349521189928055,No,6,46.0,0.0019401238791949132,17.0,0.0019213356561028113,29.0,0.0019254195625059529,0.9601150357947837,0.9519839065438831,0.9436246817013407,15.0,0.0019246494526800806,17.0,0.0019307183657300507,22.0,0.0019226298222050282,,,,,,,,,,,,,0.8983958159908183,0.9967828263127351,0.9762393112841812,,,,,,,,,,,,
602,yes/no,Is there an animal that seems to stick out?,no,http://images.cocodataset.org/train2014/COCO_train2014_000000262285.jpg,12,192,0.9955806071418994,-0.4171525239944458,Yes,12,27.0,0.002376249978440851,17.0,0.0024546706758928655,30.0,0.00241279209280332,0.9713833059551538,0.8846148739279865,0.9734241641863766,23.0,0.002489976155545939,16.0,0.0024765737241306714,42.0,0.002429133163967341,23.0,0.00234898353506277,13.0,0.0022908138540860693,26.0,0.002361992622054358,16.0,0.002357887368653176,37.0,0.0024076315270128977,47.0,0.002360973412340186,0.9876197168461961,0.8194483718728035,0.9339947955336246,0.9527439088345311,0.9169636088209152,0.9195946630360914,0.9755307720176266,0.9587606708428666,0.9664015048246418,,,,,,
603,yes/no,Is this in a zoo?,no,http://images.cocodataset.org/train2014/COCO_train2014_000000262285.jpg,7,190,0.9979725194087997,-0.003087752964347601,No,7,16.0,0.0020203985736112415,16.0,0.0020208568936801253,26.0,0.0020450841766154757,0.9772170014624824,1.0,0.9934151417289491,81.0,0.002040835210675904,83.0,0.002036988593300134,35.0,0.002035175900951728,16.0,0.0020292338457378514,,,,,,,,,,,0.9865177575559521,0.9888302443958625,0.9730158014931675,0.9618974703476992,,,,,,,,,,,
604,yes/no,Is this in a desert?,yes,http://images.cocodataset.org/train2014/COCO_train2014_000000262285.jpg,0,278,0.9804307902533937,-0.23055070638656616,Yes,0,,,,,,,,,,,,,,,,,,,,,,,,,,,,,,,,,,,,,,,,,,
605,yes/no,Is this a banana toast?,yes,http://images.cocodataset.org/train2014/COCO_train2014_000000000142.jpg,0,286,0.986372923564475,-0.07049909979104996,Yes,0,,,,,,,,,,,,,,,,,,,,,,,,,,,,,,,,,,,,,,,,,,
606,yes/no,Are the people playing a game?,no,http://images.cocodataset.org/train2014/COCO_train2014_000000131215.jpg,6,223,0.9989409135748633,-0.3224807679653168,No,6,15.0,0.001904039190358286,57.0,0.0018930213015637188,31.0,0.001876503632909526,0.9182958340544896,0.9785135619735674,0.9915887405521694,93.0,0.0018861758452442597,15.0,0.0018802344260896102,15.0,0.001884550094748181,,,,,,,,,,,,,0.9737137322445204,0.9664572819896988,0.9877812438119247,,,,,,,,,,,,
607,yes/no,Is the TV turned on?,yes,http://images.cocodataset.org/train2014/COCO_train2014_000000131215.jpg,8,278,0.9883477021951415,-0.18467646837234497,Yes,8,46.0,0.002645637937041529,40.0,0.002598886239194606,18.0,0.0025214402477113738,0.9971876104405712,0.9829750923228208,0.9736669121131954,31.0,0.002641059103431003,19.0,0.0026743415369638195,8.0,0.002461111187994758,17.0,0.00278357840922988,15.0,0.00263622359617278,,,,,,,,,0.9616418592336476,0.9431541408460862,0.9463946303571862,0.8846148739279865,0.9877812438119247,,,,,,,,,,
608,yes/no,Is this person watching a movie?,yes,http://images.cocodataset.org/train2014/COCO_train2014_000000131215.jpg,8,225,0.9959733389961304,-0.3918023407459259,Yes,8,105.0,0.002319849297026449,47.0,0.0022821900380349245,18.0,0.0023107047496667013,0.9808058829155437,0.9588436289325335,0.9758159039662214,17.0,0.002238376378916277,22.0,0.0023383667066080405,36.0,0.0022404933988737267,26.0,0.002270802172906353,16.0,0.0022850599311005906,,,,,,,,,0.950753201250753,0.9185661622343082,0.9549986907556468,0.9341827334786041,0.9965119062478288,,,,,,,,,,
609,yes/no,Is one of the giraffes eating?,yes,http://images.cocodataset.org/train2014/COCO_train2014_000000000144.jpg,4,281,0.9911392667969707,-0.19635412096977234,Yes,4,59.0,0.002628153059959033,17.0,0.0027088925008303586,35.0,0.0027678831422932064,0.988446511815339,0.9519839065438831,0.9527710679781883,15.0,0.0027366299262538184,,,,,,,,,,,,,,,,,0.9877812438119246,,,,,,,,,,,,,,
610,yes/no,Is it daytime?,yes,http://images.cocodataset.org/train2014/COCO_train2014_000000393362.jpg,9,281,0.9886795440733451,-0.00812003668397665,Yes,9,18.0,0.002463623382519828,20.0,0.0025685422018687683,30.0,0.00267919258224981,0.9736669121131954,0.951850848028674,0.9467073662418842,15.0,0.0025471027184252254,4.0,0.0024566865519691826,15.0,0.0026213161410586472,30.0,0.002525679161637481,47.0,0.002616246293865859,44.0,0.0026153141751620664,,,,,,,0.9602297178607612,0.0,0.8830374409547587,0.9426909987961697,0.9937160753779996,0.9766270172264644,,,,,,,,,
611,yes/no,Are the kickstands down?,yes,http://images.cocodataset.org/train2014/COCO_train2014_000000393362.jpg,1,310,0.998649773187931,-0.3962761461734772,No,1,28.0,0.0019592868642697857,,,,,0.8977787726133678,,,,,,,,,,,,,,,,,,,,,,,,,,,,,,,,,,,
612,yes/no,Do you see any motorcycle helmets?,yes,http://images.cocodataset.org/train2014/COCO_train2014_000000393362.jpg,0,290,0.9950361370867729,-0.16919660568237305,Yes,0,,,,,,,,,,,,,,,,,,,,,,,,,,,,,,,,,,,,,,,,,,
613,yes/no,Is the kite high in the air?,yes,http://images.cocodataset.org/train2014/COCO_train2014_000000000149.jpg,6,335,0.9755221686976286,-0.3744730055332184,Yes,6,22.0,0.003242905092455692,16.0,0.0030651736476936917,25.0,0.0035403744610726547,0.9530005717699481,0.9886085007312413,0.9530186554098734,16.0,0.0031484365382807686,53.0,0.0034032402373204143,24.0,0.003464475519430243,,,,,,,,,,,,,0.9681390622295665,0.9677631563641301,0.8848616689990428,,,,,,,,,,,,
614,yes/no,Is the sky clear?,no,http://images.cocodataset.org/train2014/COCO_train2014_000000000149.jpg,5,273,0.998287085484095,-0.009437127970159054,No,5,21.0,0.0020083893675270736,17.0,0.001957724197495145,16.0,0.001948484506158333,0.958411422117983,0.9856676426534906,0.9690222556651344,17.0,0.0019445892831916945,9.0,0.0019366456545834815,,,,,,,,,,,,,,,0.9719977955078913,0.9656336071428251,,,,,,,,,,,,,
615,yes/no,Are the people flying kites?,yes,http://images.cocodataset.org/train2014/COCO_train2014_000000000149.jpg,9,265,0.9777348679296567,-0.042775604873895645,Yes,9,41.0,0.0034197992215613576,25.0,0.003271656369118363,26.0,0.003484205391063183,0.9829591740572222,0.9745455500297384,0.9098410046750501,19.0,0.0032315234948712833,12.0,0.0031147474084446797,20.0,0.003549036326195969,18.0,0.003418086521007174,15.0,0.0029982851350341248,22.0,0.003114979851780752,,,,,,,0.9656476401164373,0.920619835714305,0.9463946303571862,0.9758159039662214,0.9664572819896988,0.9833753864788932,,,,,,,,,
616,yes/no,Can you see any fish?,no,http://images.cocodataset.org/train2014/COCO_train2014_000000471373.jpg,0,266,0.9986340735510119,-0.030841704457998276,No,0,,,,,,,,,,,,,,,,,,,,,,,,,,,,,,,,,,,,,,,,,,
617,yes/no,Is this man swimming?,no,http://images.cocodataset.org/train2014/COCO_train2014_000000471373.jpg,5,279,0.9974400877603858,-0.5849001407623291,No,5,25.0,0.0020321812377586783,43.0,0.0020473835601934626,13.0,0.0020453639207792538,0.9776100734525683,0.9844812174297091,0.99473723787795,9.0,0.002051252047563266,15.0,0.0020383858551443162,,,,,,,,,,,,,,,0.9910760598382222,0.9664572819896989,,,,,,,,,,,,,
618,yes/no,Is he turning?,no,http://images.cocodataset.org/train2014/COCO_train2014_000000471373.jpg,6,297,0.9975491080564511,-0.6601250767707825,Yes,6,16.0,0.0020719494645481873,12.0,0.002037773866613557,48.0,0.0021049007304925625,0.8903195311147832,0.9808340377961404,0.9608790493673989,46.0,0.002100194330204663,24.0,0.0020818935642245673,18.0,0.002112497109447081,,,,,,,,,,,,,0.985882790700113,0.9441359346989788,0.8588801260706667,,,,,,,,,,,,
619,yes/no,Does the man have short hair?,yes,http://images.cocodataset.org/train2014/COCO_train2014_000000471373.jpg,3,286,0.9838212872556955,-0.3479893207550049,Yes,3,15.0,0.0032127115646696383,11.0,0.002887649627476405,38.0,0.0030819675900060663,0.8616157143988104,0.9431887805255736,0.9683970235441689,,,,,,,,,,,,,,,,,,,,,,,,,,,,,,,,,
620,yes/no,Is the bus featured in this picture typical?,no,http://images.cocodataset.org/train2014/COCO_train2014_000000131225.jpg,5,268,0.9989641290161868,-0.14937040209770203,No,5,17.0,0.0018805068456941364,15.0,0.0019045997350702363,37.0,0.0018846189991488618,0.951983906543883,0.9182958340544896,0.9546203798567627,61.0,0.0018853419231795719,23.0,0.0018860197253991232,,,,,,,,,,,,,,,0.9605560628324185,0.9244732696028456,,,,,,,,,,,,,
621,yes/no,Is this the latest make and model?,no,http://images.cocodataset.org/train2014/COCO_train2014_000000131225.jpg,6,218,0.9990956184361626,-0.007867448031902313,No,6,17.0,0.0018811459086995853,46.0,0.0018645170759470093,182.0,0.0018707878333806534,0.9774178175281716,0.9853977279988982,0.9864974970841759,11.0,0.001858722366463725,19.0,0.0018712891912156984,25.0,0.0018652041353069684,,,,,,,,,,,,,0.9431887805255736,0.9826301639446198,0.9745455500297384,,,,,,,,,,,,
622,yes/no,Are there any building in the area?,yes,http://images.cocodataset.org/train2014/COCO_train2014_000000131225.jpg,1,291,0.9906105796752586,-0.15936189889907837,Yes,1,15.0,0.002692305825378901,,,,,0.9718495448242642,,,,,,,,,,,,,,,,,,,,,,,,,,,,,,,,,,,
623,yes/no,Is there a fence in the background?,no,http://images.cocodataset.org/train2014/COCO_train2014_000000000154.jpg,1,355,0.9977356390664371,-0.009447718039155006,No,1,20.0,0.00199419008934417,,,,,0.9921503172858166,,,,,,,,,,,,,,,,,,,,,,,,,,,,,,,,,,,
624,yes/no,Is the zebra's tail up?,no,http://images.cocodataset.org/train2014/COCO_train2014_000000000154.jpg,11,267,0.9985170412235378,-0.5187121629714966,No,11,24.0,0.0020839031375105544,20.0,0.0021019939370009602,18.0,0.002123081453101798,0.9631824976064278,0.9232196723355077,0.9435794406736079,19.0,0.002095405942647858,21.0,0.002080360021918829,16.0,0.0020443122548466854,17.0,0.0020480730763758315,15.0,0.0021340777751967283,15.0,0.00207122612043322,16.0,0.002059614669406401,9.0,0.00205372353801792,,,0.90647263812994,0.9693542486434172,0.9618974703476992,0.9771236998460402,0.7835807040488099,0.9877812438119247,0.9056390622295665,0.9910760598382222,,,,,,,
625,yes/no,Are they the same type of animal?,yes,http://images.cocodataset.org/train2014/COCO_train2014_000000000154.jpg,6,266,0.987736653239807,-0.3798530399799347,Yes,6,47.0,0.0025340298053799924,20.0,0.00269502858889513,78.0,0.002602266328077805,0.964436087275253,0.9835386311891134,0.9729002570470283,59.0,0.0025963486817030734,17.0,0.002552032466273524,19.0,0.0026691758113752775,,,,,,,,,,,,,0.9573797059449608,0.9519839065438831,0.9826301639446198,,,,,,,,,,,,
626,yes/no,Are all zebras facing the same way?,no,http://images.cocodataset.org/train2014/COCO_train2014_000000000154.jpg,11,263,0.9939746455709336,-0.3427073657512665,No,11,16.0,0.002219774006625806,31.0,0.0022339008703780015,18.0,0.002190205568665194,0.9755307720176265,0.9546863293677471,0.9532156861075463,18.0,0.0022126580536814184,6.0,0.0022272192399083682,92.0,0.0022117396440753463,13.0,0.0022165759292877185,25.0,0.0022132526640388163,42.0,0.0022140790472455416,10.0,0.0022093903383572054,15.0,0.002220738030622096,,,0.9455305560363263,0.0,0.9786441920016463,0.8956403056385981,0.9787071762354436,0.9751780125753334,1.0,0.9500685975366211,,,,,,,
627,yes/no,Are the zebras running?,no,http://images.cocodataset.org/train2014/COCO_train2014_000000000154.jpg,2,337,0.9972202911031948,-0.09604953974485397,No,2,19.0,0.00203614411256894,29.0,0.002023919992874212,,,0.9621305296911873,0.9778076480990365,,,,,,,,,,,,,,,,,,,,,,,,,,,,,,,,,,
628,yes/no,Is he going to fall?,no,http://images.cocodataset.org/train2014/COCO_train2014_000000262299.jpg,5,267,0.9987615948421483,-0.3864883482456207,No,5,32.0,0.0018945152316356512,45.0,0.0018904767627732117,19.0,0.0018994429195020434,0.9696653002195654,0.9615118744495369,0.9975194757207203,57.0,0.0018925344722301254,15.0,0.0018895951882204355,,,,,,,,,,,,,,,0.9841140525879517,0.9602297178607612,,,,,,,,,,,,,
629,yes/no,Are the traffic lights facing the same direction?,no,http://images.cocodataset.org/train2014/COCO_train2014_000000393242.jpg,5,285,0.9988047363378199,-0.5531317591667175,No,5,17.0,0.001971813806587112,26.0,0.0019606826483181813,17.0,0.0019219883822015787,0.9770358764490155,0.9982270255729266,0.9719977955078913,53.0,0.001956347319857845,23.0,0.001962460918894302,,,,,,,,,,,,,,,0.9465862542024686,0.9535274401940106,,,,,,,,,,,,,
630,yes/no,Is this cake made with fondant?,no,http://images.cocodataset.org/train2014/COCO_train2014_000000393375.jpg,1,120,0.9989875955460512,-0.3624982237815857,No,1,438.0,0.0018960294771002996,,,,,0.9827089753577979,,,,,,,,,,,,,,,,,,,,,,,,,,,,,,,,,,,
631,yes/no,Is there a fork on the plate?,no,http://images.cocodataset.org/train2014/COCO_train2014_000000262308.jpg,7,317,0.9960690383855194,-0.5303003787994385,No,7,28.0,0.002173159950010312,17.0,0.002189566607681718,22.0,0.002171049593420146,0.9975904446236391,0.9770358764490155,0.9849226290193991,19.0,0.0021484554170956446,15.0,0.0021242971325101975,15.0,0.002119298906156558,32.0,0.002170692276072371,,,,,,,,,,,0.9892422967543257,0.9609640474436811,0.982798115178801,0.9879171970544534,,,,,,,,,,,
632,yes/no,Is this black and white?,yes,http://images.cocodataset.org/train2014/COCO_train2014_000000262308.jpg,8,247,0.9946733842714972,-0.29703760147094727,No,8,29.0,0.002220333911095007,18.0,0.002218960837510623,55.0,0.0022471515927141475,0.9803191016087496,0.9656336071428252,0.9865545449886005,20.0,0.0022309703554171537,22.0,0.0022145084462078923,77.0,0.0022021079693099266,19.0,0.0021892511822187016,24.0,0.0021956080212818334,,,,,,,,,0.9911594714322186,0.9849226290193992,0.9805677181950734,0.9656476401164373,0.9558902111251072,,,,,,,,,,
633,yes/no,Is a military person in the picture?,yes,http://images.cocodataset.org/train2014/COCO_train2014_000000000165.jpg,4,276,0.9873585433383637,-0.02918512560427189,Yes,4,31.0,0.002617683289139903,40.0,0.002561771230108585,51.0,0.002663292431433087,0.9719926507769261,0.9672018484835344,0.9500447402325897,45.0,0.002682747466617833,,,,,,,,,,,,,,,,,0.9672002922951668,,,,,,,,,,,,,,
634,yes/no,Are they smiling?,yes,http://images.cocodataset.org/train2014/COCO_train2014_000000000165.jpg,11,176,0.9870717101816209,-0.044399719685316086,Yes,11,15.0,0.0026422290767745033,23.0,0.0026909571008898654,17.0,0.0025712741066794185,0.9500685975366211,0.9199497628575135,0.9605278493513334,17.0,0.0026145665134943274,28.0,0.0026788848030666465,17.0,0.0027152887411411885,117.0,0.002699018271103544,24.0,0.0027571865061226035,25.0,0.0025818064697155324,19.0,0.002668808991793133,34.0,0.002812633023422384,,,0.9363348190250749,0.9372205298021211,0.9437600120884535,0.981455876392746,0.9608948553419607,0.9682247582559769,0.9462035592964384,0.9746173995492844,,,,,,,
635,yes/no,Is this an old building?,yes,http://images.cocodataset.org/train2014/COCO_train2014_000000415089.jpg,1,343,0.9916997426355815,-0.021280165761709213,Yes,1,20.0,0.0031558028299363355,,,,,0.8586727110732552,,,,,,,,,,,,,,,,,,,,,,,,,,,,,,,,,,,
636,yes/no,Is the room almost full?,no,http://images.cocodataset.org/train2014/COCO_train2014_000000415089.jpg,5,292,0.9947461444150383,-0.287590354681015,No,5,17.0,0.002160322929495828,22.0,0.0021588953172394653,35.0,0.0021359139599767415,0.8919296718389884,0.9970151057384783,0.993632916125363,78.0,0.002142573384801217,40.0,0.0021509804279786246,,,,,,,,,,,,,,,0.9820602844548422,0.9825769740397202,,,,,,,,,,,,,
637,yes/no,Are the people on a soft surface?,no,http://images.cocodataset.org/train2014/COCO_train2014_000000393384.jpg,13,208,0.9930297829088499,-0.08597932010889053,No,13,18.0,0.002266614052194763,32.0,0.002207094214521425,8.0,0.002194102814610104,0.9910760598382222,0.9714542967241258,1.0,28.0,0.0022373990805283515,31.0,0.0022501625941343476,9.0,0.0022069969955496238,26.0,0.0022188709845683873,22.0,0.0022273538843732735,65.0,0.0022124072263711814,27.0,0.0021974683926848566,11.0,0.0021902255855004923,34.0,0.0022116284115220805,1.0,0.9896802602790538,0.9182958340544896,0.9663243931957521,0.9115339911368305,0.973155061966482,0.9611812297793677,0.9922150607220183,0.9693892020986329,8.0,0.0021947791513827536,,,1.0,
638,yes/no,Has the grass been mowed recently?,no,http://images.cocodataset.org/train2014/COCO_train2014_000000393386.jpg,5,146,0.9972219185307089,-0.26561084389686584,No,5,25.0,0.002063395426422322,17.0,0.0020942719798299164,29.0,0.00205564942398876,0.9865939378067348,0.9878171319090819,0.9726067396805654,218.0,0.002097394198142156,98.0,0.002117789391377959,,,,,,,,,,,,,,,0.9886798098498343,0.9804720816283561,,,,,,,,,,,,,
639,yes/no,Is this scene in America?,no,http://images.cocodataset.org/train2014/COCO_train2014_000000131245.jpg,9,277,0.9987764423571273,-0.0007749221404083073,No,9,17.0,0.0019290814303825014,21.0,0.0019355754364473693,38.0,0.0019432029516360373,0.9519839065438831,0.9304144385624713,0.9672834358818927,33.0,0.001937829601429942,31.0,0.0019318082158148956,24.0,0.0019384431276395974,33.0,0.0019431101097891147,19.0,0.001930723764675651,8.0,0.0019220978735785777,,,,,,,0.9531085625609608,0.9801667511608102,0.9745411476764105,0.9854734812572029,0.9796494552648447,1.0,,,,,,,,,
640,yes/no,Are all the laptops on?,yes,http://images.cocodataset.org/train2014/COCO_train2014_000000137918.jpg,5,132,0.9958568207879162,-0.47168827056884766,Yes,5,35.0,0.00221170754328068,52.0,0.0022648611129966333,237.0,0.00222564498159027,0.9874206943925473,0.9739085905394591,0.9738158578641276,37.0,0.0022808843031608653,12.0,0.002259420618001475,,,,,,,,,,,,,,,0.9669763571088359,0.9182958340544896,,,,,,,,,,,,,
641,yes/no,Is this a hotel room?,yes,http://images.cocodataset.org/train2014/COCO_train2014_000000393394.jpg,5,303,0.9840613446946559,-0.07410915195941925,Yes,5,16.0,0.002934130552650928,8.0,0.002858636254914856,23.0,0.003731863402218375,0.9886085007312413,1.0,0.9659535505394685,15.0,0.0027719026869191554,16.0,0.002932592743864959,,,,,,,,,,,,,,,0.9718495448242642,0.9618974703476992,,,,,,,,,,,,,
642,yes/no,Is this a hotel?,yes,http://images.cocodataset.org/train2014/COCO_train2014_000000393394.jpg,1,274,0.9843874244941183,-0.09996500611305237,Yes,1,20.0,0.004644411106485203,,,,,0.9089460785096519,,,,,,,,,,,,,,,,,,,,,,,,,,,,,,,,,,,
643,yes/no,Is an elephant walking down the street?,yes,http://images.cocodataset.org/train2014/COCO_train2014_000000438196.jpg,3,263,0.9858062448344034,-0.05126582458615303,Yes,3,25.0,0.004141412421016984,17.0,0.0032645999085258374,9.0,0.0028771054671077653,0.832890542803119,0.9664022887695614,0.9656336071428252,,,,,,,,,,,,,,,,,,,,,,,,,,,,,,,,,
644,yes/no,Is the guy in the yellow shirt wearing a tie?,yes,http://images.cocodataset.org/train2014/COCO_train2014_000000438196.jpg,4,295,0.9964561942546866,-0.0734938308596611,No,4,25.0,0.002093447206017327,19.0,0.002050571973103537,19.0,0.0020575099684056438,0.9445127868218253,0.9306951768918329,0.9495113755878273,8.0,0.002034798965327416,,,,,,,,,,,,,,,,,0.954434002924965,,,,,,,,,,,,,,
645,yes/no,Is this a church?,yes,http://images.cocodataset.org/train2014/COCO_train2014_000000393396.jpg,0,272,0.9833436073662605,-0.1299259215593338,Yes,0,,,,,,,,,,,,,,,,,,,,,,,,,,,,,,,,,,,,,,,,,,
646,yes/no,Is there snow in the picture?,yes,http://images.cocodataset.org/train2014/COCO_train2014_000000393396.jpg,4,287,0.9888359375203561,-0.043257471174001694,Yes,4,19.0,0.0028024637803894846,19.0,0.0024618570768486893,15.0,0.0026220688283766324,0.9462035592964384,0.9963737177488018,0.9609640474436811,16.0,0.002540526406382465,,,,,,,,,,,,,,,,,0.9822177815287605,,,,,,,,,,,,,,
647,yes/no,Is there a clock on the church tower?,no,http://images.cocodataset.org/train2014/COCO_train2014_000000393396.jpg,4,215,0.9981000021671779,-0.05759734660387039,No,4,110.0,0.0019823889568753956,55.0,0.0019767060777326315,25.0,0.001961056253318649,0.9651037061813462,0.9622007118353194,0.9776100734525683,71.0,0.0019706355668057582,,,,,,,,,,,,,,,,,0.9744772858833137,,,,,,,,,,,,,,
648,yes/no,Is there a clock?,no,http://images.cocodataset.org/train2014/COCO_train2014_000000393396.jpg,6,210,0.9976791718976271,-0.04515945166349411,No,6,39.0,0.00202280650024841,47.0,0.00201654925427708,56.0,0.0020107413396828603,0.9286046417116552,0.9403070336662268,0.9663500851786447,18.0,0.0019976957641066723,51.0,0.002000775212037379,16.0,0.0020181531837627233,,,,,,,,,,,,,0.9853962684364186,0.9817615652109618,0.8348683589017412,,,,,,,,,,,,
649,yes/no,Is this person wearing a backpack?,yes,http://images.cocodataset.org/train2014/COCO_train2014_000000524470.jpg,1,274,0.983977612123904,-0.06664811074733734,Yes,1,21.0,0.0047639278182090355,,,,,0.9141008920185653,,,,,,,,,,,,,,,,,,,,,,,,,,,,,,,,,,,
650,yes/no,Is there a street light in the photo?,yes,http://images.cocodataset.org/train2014/COCO_train2014_000000524470.jpg,3,289,0.9840379856823347,-0.17296616733074188,Yes,3,15.0,0.0028668626233032133,23.0,0.0033440780681801793,16.0,0.0030150740065482563,0.9949490477321437,0.9061142770969308,0.9618974703476992,,,,,,,,,,,,,,,,,,,,,,,,,,,,,,,,,
651,yes/no,Is the sun up?,no,http://images.cocodataset.org/train2014/COCO_train2014_000000524470.jpg,9,273,0.9840125421063426,-0.2551628053188324,Yes,9,31.0,0.0028796469323761563,16.0,0.0028708863587254187,5.0,0.0025857980461362674,0.9423685684126696,0.8980898459737486,0.9709505944546686,32.0,0.002853168221342249,33.0,0.0029845154261568933,24.0,0.0030132518850744957,15.0,0.0028786414688250924,17.0,0.0029531215995177436,34.0,0.0029283959214884215,,,,,,,0.966930777612619,0.9751128316348158,0.9856259180022331,0.9877812438119247,0.9770358764490155,0.9706773421683861,,,,,,,,,
652,yes/no,Is the oven on?,yes,http://images.cocodataset.org/train2014/COCO_train2014_000000524471.jpg,10,243,0.9867500672442729,-0.051664743572473526,Yes,10,35.0,0.002740747252650706,34.0,0.0026624509996133537,123.0,0.002736051845001197,0.9721862409248936,0.9715541143096358,0.9779017637218607,23.0,0.0027014534802925335,16.0,0.002730321699680389,18.0,0.0027137557234547223,15.0,0.0026622937718482355,15.0,0.0026657358769263543,32.0,0.002815210402011594,18.0,0.002740403258354252,,,,,0.9668324690003138,0.886859507142915,0.8588801260706667,0.9018972358711528,0.9018972358711528,0.9378012340076707,0.9656336071428251,,,,,,,,
653,yes/no,Is there a window in this scene?,yes,http://images.cocodataset.org/train2014/COCO_train2014_000000524471.jpg,0,257,0.9866977088413137,-0.03738916292786598,Yes,0,,,,,,,,,,,,,,,,,,,,,,,,,,,,,,,,,,,,,,,,,,
654,yes/no,Is this toast done?,no,http://images.cocodataset.org/train2014/COCO_train2014_000000524471.jpg,6,287,0.9976504885722568,-0.49331963062286377,Yes,6,15.0,0.002043633970179653,11.0,0.0020506277784436006,30.0,0.0021300109485473,0.9473080736174853,0.9922150607220183,0.9878074815754176,16.0,0.0021611071012196557,30.0,0.0020716883816165117,25.0,0.0021927063795476186,,,,,,,,,,,,,0.949701216438411,0.9703601654147594,0.9063581495887165,,,,,,,,,,,,
655,yes/no,Is the microwave on?,no,http://images.cocodataset.org/train2014/COCO_train2014_000000524471.jpg,5,292,0.9976851505874553,-0.06244288757443428,Yes,5,30.0,0.0021316146101257594,45.0,0.00216674560808982,18.0,0.002242936153860492,0.9851252538922312,0.9727323728766577,0.9728825026363701,18.0,0.0020835830630709807,25.0,0.002235707371984694,,,,,,,,,,,,,,,0.9941181381188445,0.9063581495887165,,,,,,,,,,,,,
656,yes/no,Is the toaster on?,yes,http://images.cocodataset.org/train2014/COCO_train2014_000000524471.jpg,9,278,0.9868917322130343,-0.16285765171051025,Yes,9,38.0,0.0027720698481783716,33.0,0.002697560826631809,16.0,0.002683321269796233,0.9839330922873069,0.950797566508826,0.8903195311147831,23.0,0.0027404557667050837,68.0,0.002672147578680534,15.0,0.002855321773731871,15.0,0.0027726149245411945,30.0,0.0027711106483742924,19.0,0.0027651300638401335,,,,,,,0.9668324690003138,0.9807846093061795,0.9709505944546686,0.8830374409547587,0.9734241641863766,0.9826301639446198,,,,,,,,,
657,yes/no,Is this a one way street?,yes,http://images.cocodataset.org/train2014/COCO_train2014_000000393403.jpg,5,271,0.9970399435288092,-0.6421940922737122,Yes,5,127.0,0.0020628036039700313,26.0,0.0020308365535837676,13.0,0.0020149562691661295,0.9735135185666919,0.9402291231778049,0.99473723787795,41.0,0.002032863361760825,16.0,0.0020382868858919456,,,,,,,,,,,,,,,0.9856686813152132,0.985056822321508,,,,,,,,,,,,,
658,yes/no,Are there people boarding the bus?,no,http://images.cocodataset.org/train2014/COCO_train2014_000000393403.jpg,4,229,0.9973439546766795,-0.02280251495540142,No,4,35.0,0.002022285466925362,19.0,0.002018870273353673,20.0,0.0020398473544712597,0.9566617562744109,0.9237100600260872,0.9197455351500672,7.0,0.0019219323770552081,,,,,,,,,,,,,,,,,0.9821410328348752,,,,,,,,,,,,,,
659,yes/no,Is there a hardware store in the area?,no,http://images.cocodataset.org/train2014/COCO_train2014_000000393403.jpg,3,235,0.9971127536449204,-0.21257947385311127,No,3,34.0,0.0020730084591387135,35.0,0.002009918628695407,17.0,0.0019805174088558955,0.9706164208583749,0.9601531485194237,0.9936520348079905,,,,,,,,,,,,,,,,,,,,,,,,,,,,,,,,,
660,yes/no,Are the drying the animal with a blow dryer?,yes,http://images.cocodataset.org/train2014/COCO_train2014_000000524476.jpg,1,287,0.9905790796781917,-0.1324869841337204,Yes,1,22.0,0.002775920661710068,,,,,0.9673124750084657,,,,,,,,,,,,,,,,,,,,,,,,,,,,,,,,,,,
661,yes/no,Is this a hotel?,no,http://images.cocodataset.org/train2014/COCO_train2014_000000283700.jpg,3,342,0.9989276436682881,-0.04579782858490944,No,3,19.0,0.001916933319497353,30.0,0.001891855470945615,15.0,0.001886425185235133,0.8580597279744429,0.9772004543185644,1.0,,,,,,,,,,,,,,,,,,,,,,,,,,,,,,,,,
662,yes/no,Can you see the man's shadow?,yes,http://images.cocodataset.org/train2014/COCO_train2014_000000262336.jpg,6,313,0.9835190918671669,-0.06662816554307938,Yes,6,22.0,0.00273764074848732,18.0,0.0028877714360729285,22.0,0.0028768909655547638,0.9530005717699479,0.8288713632524444,0.9283266063904658,16.0,0.002744338869150774,28.0,0.002971978812221425,17.0,0.002674096963136787,,,,,,,,,,,,,0.9965119062478288,0.9521736661155111,0.9963890537299693,,,,,,,,,,,,
663,yes/no,Is this lacrosse?,no,http://images.cocodataset.org/train2014/COCO_train2014_000000262336.jpg,4,162,0.9991954737791268,-0.004146877210587263,No,4,175.0,0.0018760039662972395,70.0,0.0018787532208608456,18.0,0.0018847932669177414,0.9831586151947297,0.9793742887781867,0.9656336071428252,22.0,0.0018745812118940615,,,,,,,,,,,,,,,,,0.9723293370171538,,,,,,,,,,,,,,
664,yes/no,The color of the court is green?,no,http://images.cocodataset.org/train2014/COCO_train2014_000000262336.jpg,7,181,0.9985120061683924,-0.23146046698093414,No,7,194.0,0.0019552232300580914,17.0,0.001953845611067087,18.0,0.0019364926376331272,0.9746571029194977,0.9967828263127351,0.9853962684364186,47.0,0.001950753268066584,22.0,0.0019444617709657734,11.0,0.001961403470220789,20.0,0.0019458488966886435,,,,,,,,,,,0.9779909855996055,0.972959493974982,0.8453509366224364,1.0,,,,,,,,,,,
665,yes/no,Is this pizza nutritious enough to eat for a full dinner?,yes,http://images.cocodataset.org/train2014/COCO_train2014_000000000194.jpg,2,283,0.9962732311014031,-0.1770503968000412,No,2,27.0,0.002213248707351268,16.0,0.002115320428808349,,,0.9075793714257622,0.9618974703476992,,,,,,,,,,,,,,,,,,,,,,,,,,,,,,,,,,
666,yes/no,Are both beds made?,yes,http://images.cocodataset.org/train2014/COCO_train2014_000000257513.jpg,7,255,0.9976256609243076,-0.37077435851097107,No,7,45.0,0.001993365951612154,25.0,0.0019793903189569344,25.0,0.0019844121011021966,0.9770877640891475,0.9668212623277386,0.9934804071359582,17.0,0.001984356636246414,24.0,0.0019745176223301426,16.0,0.001960380771145387,16.0,0.0019647053281894285,,,,,,,,,,,0.9770358764490155,0.9859894062555719,0.9592101522724052,0.9886085007312413,,,,,,,,,,,
667,yes/no,Is there a ladder in the picture?,yes,http://images.cocodataset.org/train2014/COCO_train2014_000000257513.jpg,2,253,0.9888501570878115,-0.11556348204612732,Yes,2,16.0,0.003539852110638621,20.0,0.004198428274150283,,,0.8903195311147832,0.8427376486136672,,,,,,,,,,,,,,,,,,,,,,,,,,,,,,,,,,
668,yes/no,Is this vehicle parked in a residential driveway?,yes,http://images.cocodataset.org/train2014/COCO_train2014_000000393412.jpg,7,243,0.9973376627408209,-0.6023938655853271,Yes,7,15.0,0.002034770999313024,16.0,0.002059559808731861,15.0,0.0021000138671887934,0.9949490477321437,0.9283832117695864,0.9877812438119247,44.0,0.0020609798306731614,7.0,0.0020316454979519964,17.0,0.002163609260591282,18.0,0.0021147686276663897,,,,,,,,,,,0.9828968295878009,0.9852281360342515,0.9603948809345497,0.9081700569267038,,,,,,,,,,,
669,yes/no,Is the color of the car very common for vehicles?,no,http://images.cocodataset.org/train2014/COCO_train2014_000000393412.jpg,2,285,0.9964124360881361,-0.25175797939300537,No,2,25.0,0.0020149452534342967,14.0,0.002023353181096773,,,0.9909595631140103,0.9926140680171257,,,,,,,,,,,,,,,,,,,,,,,,,,,,,,,,,,
670,yes/no,Are all the people looking at the same thing?,no,http://images.cocodataset.org/train2014/COCO_train2014_000000458785.jpg,5,293,0.9981449802718093,-0.5477129220962524,No,5,18.0,0.001989333330314999,31.0,0.0019614522805956928,16.0,0.0019734645603747465,0.8527924884900406,0.9687757222218183,0.9755307720176265,35.0,0.001969155228419995,34.0,0.0019678229621538806,,,,,,,,,,,,,,,0.9903771535458223,0.9591991048308263,,,,,,,,,,,,,
671,yes/no,Do these ski boards have personality?,yes,http://images.cocodataset.org/train2014/COCO_train2014_000000000201.jpg,8,256,0.9980303179716765,-0.04172611981630325,Yes,8,16.0,0.002029482890717803,56.0,0.0020845060877033583,66.0,0.002083850085872501,0.9681390622295665,0.947013896140088,0.9638011513316191,41.0,0.002072809490820652,38.0,0.0020595124203425744,36.0,0.0020901605541812657,17.0,0.0020870284455807666,23.0,0.0021297618282222408,,,,,,,,,0.9686189129619512,0.9717196719014215,0.9820517399768917,0.8516924496551459,0.9982526816976661,,,,,,,,,,
672,yes/no,Is the woman wearing a dress?,no,http://images.cocodataset.org/train2014/COCO_train2014_000000131277.jpg,6,288,0.9958700234305583,-0.022039832547307014,No,6,17.0,0.002107060758634452,17.0,0.0020582597433978556,92.0,0.002060700390084357,0.9774178175281716,0.9363348190250749,0.9805898913737996,10.0,0.002042403050714567,21.0,0.002063895024679015,17.0,0.00205681228578241,,,,,,,,,,,,,0.9372305632161296,0.997618320255157,0.9327185526599537,,,,,,,,,,,,
673,yes/no,Are they playing a game?,yes,http://images.cocodataset.org/train2014/COCO_train2014_000000131277.jpg,1,290,0.9795115889708731,-0.011037842370569706,Yes,1,55.0,0.003345149203245485,,,,,0.9738899892419409,,,,,,,,,,,,,,,,,,,,,,,,,,,,,,,,,,,
674,yes/no,Will the bent person fall forward?,no,http://images.cocodataset.org/train2014/COCO_train2014_000000131277.jpg,6,271,0.9952531792349437,-0.2805126905441284,No,6,15.0,0.0021324374078184375,15.0,0.0020903004530590003,24.0,0.0020783733912272174,0.9967916319816366,0.9877812438119246,0.9639125816315371,15.0,0.002070090703596885,51.0,0.002084312707924369,17.0,0.0020776372675704326,,,,,,,,,,,,,0.982798115178801,0.9854356644546344,0.9963890537299693,,,,,,,,,,,,
675,yes/no,Is there a man and a woman?,yes,http://images.cocodataset.org/train2014/COCO_train2014_000000131277.jpg,1,278,0.9882593963888191,-0.19215388596057892,Yes,1,57.0,0.0030238037803611536,,,,,0.9684765856886361,,,,,,,,,,,,,,,,,,,,,,,,,,,,,,,,,,,
676,yes/no,Is this photo to blurry?,no,http://images.cocodataset.org/train2014/COCO_train2014_000000131277.jpg,3,275,0.9958392519022468,-0.35709014534950256,No,3,15.0,0.0020871553231348273,137.0,0.0020640174126378705,25.0,0.0020597086983858716,0.9967916319816366,0.9820105178328035,0.989991281604527,,,,,,,,,,,,,,,,,,,,,,,,,,,,,,,,,
677,yes/no,Would you get a ticket if you disobeyed this sign?,yes,http://images.cocodataset.org/train2014/COCO_train2014_000000393422.jpg,5,250,0.9946245085812745,-0.1692788451910019,Yes,5,21.0,0.0025956925013376096,30.0,0.0027771611717619686,18.0,0.0025879528749563974,0.936781259256497,0.9787718665090315,0.9915323997298832,17.0,0.002442244857293089,63.0,0.0024056163792956693,,,,,,,,,,,,,,,0.9519839065438831,0.9863396393506263,,,,,,,,,,,,,
678,yes/no,Is the red stop sign on a wooden pole?,no,http://images.cocodataset.org/train2014/COCO_train2014_000000393422.jpg,4,256,0.9926897694202835,-0.27783358097076416,No,4,17.0,0.0022173835150578643,40.0,0.002224295731801696,32.0,0.0022208386632891672,0.9719977955078913,0.9654115061865971,0.991899670033259,26.0,0.00223646841356489,,,,,,,,,,,,,,,,,0.9586439858163115,,,,,,,,,,,,,,
679,yes/no,Can you see the sun in the picture?,yes,http://images.cocodataset.org/train2014/COCO_train2014_000000393422.jpg,6,253,0.9953105016899553,-0.16680826246738434,Yes,6,42.0,0.002358730145255165,19.0,0.0023249491380583145,90.0,0.002415078267139259,0.9824625782749788,0.9892422967543257,0.9653461647980522,48.0,0.0023312818934455985,16.0,0.0024941115268484497,27.0,0.002324962416364348,,,,,,,,,,,,,0.9591423874017659,0.9886994082884974,0.9613686282726053,,,,,,,,,,,,
680,yes/no,Are they twins?,no,http://images.cocodataset.org/train2014/COCO_train2014_000000131279.jpg,3,247,0.9991432712907486,-0.254869669675827,No,3,39.0,0.0018345015101435252,46.0,0.0018558595911939988,79.0,0.0018659600668124124,0.977349872524151,0.9828867971358561,0.9722617108009208,,,,,,,,,,,,,,,,,,,,,,,,,,,,,,,,,
681,yes/no,Is one of the children a boy?,yes,http://images.cocodataset.org/train2014/COCO_train2014_000000131279.jpg,0,278,0.9894519359284509,-0.15273988246917725,Yes,0,,,,,,,,,,,,,,,,,,,,,,,,,,,,,,,,,,,,,,,,,,
682,yes/no,Are these teenagers?,no,http://images.cocodataset.org/train2014/COCO_train2014_000000131279.jpg,4,248,0.9991233611441142,-0.004918611608445644,No,4,31.0,0.0018386257135684923,7.0,0.0018288169227471556,48.0,0.001861174809364656,0.972913189687814,0.9821410328348752,0.9915137158921369,79.0,0.001869424960627233,,,,,,,,,,,,,,,,,0.9735488311498465,,,,,,,,,,,,,,
683,yes/no,Are both of the children smiling?,no,http://images.cocodataset.org/train2014/COCO_train2014_000000131279.jpg,10,279,0.999270360366624,-0.5790448784828186,No,10,15.0,0.0018534772115805485,19.0,0.0018425181719110284,10.0,0.0018380120822983567,0.8830374409547587,0.9796494552648447,0.8649735207179273,2.0,0.0018169933746492843,16.0,0.0018464525380219284,17.0,0.0018395326421625693,8.0,0.001844503168378006,15.0,0.0018366158291489658,27.0,0.0018628901919222295,26.0,0.001845656985904848,,,,,0.0,0.8903195311147831,0.932718552659954,0.8112781244591328,0.9609640474436811,0.9546859469463559,0.9894135780696172,,,,,,,,
684,yes/no,Is this child wearing socks?,no,http://images.cocodataset.org/train2014/COCO_train2014_000000131279.jpg,3,258,0.9991578305662258,-0.19773145020008087,No,3,26.0,0.0018364894589217454,49.0,0.0018592649984961148,80.0,0.0018668656703213558,0.9793283207185154,0.9910125711933411,0.9758354379070162,,,,,,,,,,,,,,,,,,,,,,,,,,,,,,,,,
685,yes/no,Is the man's shirt a solid color?,no,http://images.cocodataset.org/train2014/COCO_train2014_000000448671.jpg,7,194,0.9954087728826091,-0.16962993144989014,No,7,41.0,0.0021898851646720463,28.0,0.002183458726718789,95.0,0.0021792325980476,0.9626958674479072,0.9629610647945144,0.9740508930048019,34.0,0.0021923090898654037,15.0,0.002147709536037543,48.0,0.00214812508228787,47.0,0.002146600296029633,,,,,,,,,,,0.9420198906290862,1.0,0.9788240892703963,0.9727081260562277,,,,,,,,,,,
686,yes/no,Is this man tan?,yes,http://images.cocodataset.org/train2014/COCO_train2014_000000554301.jpg,4,270,0.9901232830436077,-0.29938381910324097,Yes,4,15.0,0.002628044880624664,22.0,0.002754688101853355,76.0,0.002629257311203051,1.0,0.8883377364609268,0.9702159454570762,13.0,0.0025992279947264618,,,,,,,,,,,,,,,,,0.962947015626608,,,,,,,,,,,,,,
687,yes/no,The tablecloths are white?,yes,http://images.cocodataset.org/train2014/COCO_train2014_000000262359.jpg,2,328,0.986504433297753,-0.28167909383773804,Yes,2,17.0,0.003169489782932765,19.0,0.004527734692661288,,,0.9856676426534905,0.9980008838722996,,,,,,,,,,,,,,,,,,,,,,,,,,,,,,,,,,
688,yes/no,Are the pictures colorful?,yes,http://images.cocodataset.org/train2014/COCO_train2014_000000262359.jpg,5,273,0.9989949335222505,-0.6634201407432556,No,5,16.0,0.0019329672839486,58.0,0.001960082698386991,36.0,0.0019918663592444104,0.9618974703476992,0.9815816846715653,0.9204365626165665,21.0,0.0019566475767495892,16.0,0.0019650840234547574,,,,,,,,,,,,,,,0.9244658211275739,0.9965119062478288,,,,,,,,,,,,,
689,yes/no,Do you a mirror in the background?,no,http://images.cocodataset.org/train2014/COCO_train2014_000000262359.jpg,7,300,0.9988531456192399,-0.6374403238296509,No,7,15.0,0.0019279402864511516,37.0,0.0019352799544599022,24.0,0.0019495119735650117,0.9877812438119247,0.9662768259002552,0.9608948553419607,17.0,0.0019195407861771925,26.0,0.001962224237380136,18.0,0.0019369530727328709,20.0,0.001950910155895216,,,,,,,,,,,0.9856676426534905,0.9170996694997753,1.0,0.9976834773764092,,,,,,,,,,,
690,yes/no,Is there food on the table?,no,http://images.cocodataset.org/train2014/COCO_train2014_000000262359.jpg,3,132,0.9983470698312576,-0.030971724539995193,No,3,209.0,0.001930238296242746,68.0,0.0019301622537060382,84.0,0.0019341404562972812,0.9744464042646921,0.9704799607519389,0.9599987417909246,,,,,,,,,,,,,,,,,,,,,,,,,,,,,,,,,
691,yes/no,Is there a pillow present in the picture?,yes,http://images.cocodataset.org/train2014/COCO_train2014_000000393432.jpg,1,265,0.9838936061886182,-0.03453546017408371,Yes,1,23.0,0.006487957753487563,,,,,0.8950252083920531,,,,,,,,,,,,,,,,,,,,,,,,,,,,,,,,,,,
692,yes/no,Is she wearing a bathing suit?,yes,http://images.cocodataset.org/train2014/COCO_train2014_000000000036.jpg,4,237,0.9862745759356131,-0.030861375853419304,Yes,4,22.0,0.0031575538068012387,15.0,0.003312348529929288,18.0,0.0042328389361677415,0.9162695888499091,0.9189900464321514,0.9910760598382222,46.0,0.002979292589877922,,,,,,,,,,,,,,,,,0.9770035071647207,,,,,,,,,,,,,,
693,yes/no,Are they surrounded by trees?,yes,http://images.cocodataset.org/train2014/COCO_train2014_000000524508.jpg,8,265,0.9878809568517657,-0.08627790212631226,Yes,8,15.0,0.002564444116189906,25.0,0.0028659499610315738,16.0,0.002574086997025381,0.9446232142545791,0.9551541663346149,0.9618974703476992,26.0,0.0028832911526451644,15.0,0.0026650152836863684,15.0,0.002523402312101218,22.0,0.002721543366545666,59.0,0.0027985775525618027,,,,,,,,,0.9629320612355918,0.9877812438119247,0.982798115178801,0.9258518579886873,0.9632801737248092,,,,,,,,,,
694,yes/no,Is there a puddle of water on the dirt?,yes,http://images.cocodataset.org/train2014/COCO_train2014_000000524508.jpg,3,261,0.9875132554637731,-0.05585794150829315,Yes,3,18.0,0.0035506700368650467,21.0,0.003159704772671565,38.0,0.0030561920768911142,0.9915323997298832,0.9580067478829606,0.9918291156184754,,,,,,,,,,,,,,,,,,,,,,,,,,,,,,,,,
695,yes/no,Are these men on a boat?,no,http://images.cocodataset.org/train2014/COCO_train2014_000000474858.jpg,5,298,0.9984807705977974,-0.00953593198210001,No,5,17.0,0.0019388171334869641,18.0,0.0019407278763412389,12.0,0.0019443696527921552,0.9936520348079905,0.9941181381188445,1.0,15.0,0.0019444089263538642,10.0,0.0019349787685506675,,,,,,,,,,,,,,,0.9949490477321437,0.9911594714322186,,,,,,,,,,,,,
696,yes/no,Are the boys happy?,yes,http://images.cocodataset.org/train2014/COCO_train2014_000000474858.jpg,2,290,0.9986881995992054,-0.4411689341068268,No,2,62.0,0.0019614222839904978,16.0,0.001954364839454792,,,0.988375989778075,1.0,,,,,,,,,,,,,,,,,,,,,,,,,,,,,,,,,,
697,yes/no,Is the man in the forefront trying to get signal on a cell phone?,no,http://images.cocodataset.org/train2014/COCO_train2014_000000474858.jpg,4,291,0.9986260278494604,-0.17054569721221924,No,4,15.0,0.0019205293305365827,18.0,0.0019240911424396184,13.0,0.0019221440908747018,0.9718495448242642,0.9941181381188445,0.975031878218105,9.0,0.0019155408567130589,,,,,,,,,,,,,,,,,1.0,,,,,,,,,,,,,,
698,yes/no,Was this photo taken recently?,yes,http://images.cocodataset.org/train2014/COCO_train2014_000000474858.jpg,8,285,0.9863676913006754,-0.23039144277572632,Yes,8,79.0,0.00297307489729161,17.0,0.003179951907700531,15.0,0.002976234535343421,0.9843918165425315,0.926262155095312,1.0,18.0,0.0029401468384788244,17.0,0.003018932475349633,8.0,0.0029322006222816588,16.0,0.002873407488611962,26.0,0.0029584033989563715,,,,,,,,,0.9773429734731779,0.9967828263127351,0.8112781244591328,0.9528195311147832,0.9566466065061588,,,,,,,,,,
699,yes/no,Is this  a beach?,yes,http://images.cocodataset.org/train2014/COCO_train2014_000000474858.jpg,0,291,0.9848184382758656,-0.013618755154311657,Yes,0,,,,,,,,,,,,,,,,,,,,,,,,,,,,,,,,,,,,,,,,,,
700,yes/no,Is the guy making a performance?,no,http://images.cocodataset.org/train2014/COCO_train2014_000000474858.jpg,4,297,0.9982077686884022,-0.27438345551490784,No,4,16.0,0.001968963673077421,17.0,0.0019777588032191384,11.0,0.0019834152652912084,0.9822177815287605,0.9812327163481073,0.9922150607220183,10.0,0.001976667710612384,,,,,,,,,,,,,,,,,0.9911594714322186,,,,,,,,,,,,,,
701,yes/no,Is he doing a trick?,no,http://images.cocodataset.org/train2014/COCO_train2014_000000474858.jpg,2,308,0.998510232397525,-0.0778295025229454,No,2,16.0,0.001936391505585156,15.0,0.0019365953769626073,,,0.9822177815287605,0.9859247724121322,,,,,,,,,,,,,,,,,,,,,,,,,,,,,,,,,,
702,yes/no,Is the man in the foreground barefooted?,yes,http://images.cocodataset.org/train2014/COCO_train2014_000000474858.jpg,0,287,0.983624176611218,-0.4329245984554291,Yes,0,,,,,,,,,,,,,,,,,,,,,,,,,,,,,,,,,,,,,,,,,,
703,yes/no,Is this busy metropolis?,no,http://images.cocodataset.org/train2014/COCO_train2014_000000474858.jpg,6,298,0.998287357899576,-0.001141603454016149,No,6,19.0,0.001966649706234499,18.0,0.0019624766807861504,12.0,0.0019656514145591814,0.9687152128461037,0.9941181381188445,1.0,16.0,0.001971870376644576,9.0,0.001958675257070133,15.0,0.001967309784167998,,,,,,,,,,,,,0.9886085007312413,0.9656336071428252,0.9664572819896989,,,,,,,,,,,,
704,yes/no,What is the man on a skateboard?,no,http://images.cocodataset.org/train2014/COCO_train2014_000000474858.jpg,7,326,0.9954299504017589,-1.6767102479934692,No,7,49.0,0.0022175351921242844,23.0,0.0022345294572244253,18.0,0.002167897673744581,0.983023808735135,0.992638795254511,0.9736669121131954,13.0,0.0021783785514425742,9.0,0.002142814088439578,15.0,0.002175697051071915,15.0,0.002194134471064303,,,,,,,,,,,0.99473723787795,0.9656336071428252,0.982798115178801,0.9446232142545791,,,,,,,,,,,
705,yes/no,Are there waves in the picture?,yes,http://images.cocodataset.org/train2014/COCO_train2014_000000474858.jpg,2,312,0.9859894394831948,-0.13454675674438477,Yes,2,16.0,0.0034662036915190843,15.0,0.002829865019083255,,,0.875,0.9718495448242642,,,,,,,,,,,,,,,,,,,,,,,,,,,,,,,,,,
706,yes/no,Did the man just steal the boy's kite?,no,http://images.cocodataset.org/train2014/COCO_train2014_000000393438.jpg,6,178,0.9931090007344403,-0.15708868205547333,No,6,15.0,0.002234430097766311,144.0,0.002265514288669416,7.0,0.00222930177515568,0.9949490477321437,0.9874464676006377,0.9852281360342515,21.0,0.0022601590031983204,99.0,0.002281577133691081,16.0,0.002285323057907858,,,,,,,,,,,,,0.9973038706391728,0.992052545510374,0.985056822321508,,,,,,,,,,,,
707,yes/no,Is this a steam engine train?,yes,http://images.cocodataset.org/train2014/COCO_train2014_000000165859.jpg,4,274,0.9840644294655012,-0.13907182216644287,Yes,4,60.0,0.002755300640332621,19.0,0.0030454257059531406,25.0,0.0028572977367019316,0.9786720412873459,0.8614856395892377,0.9949956408022635,26.0,0.0028134441343260715,,,,,,,,,,,,,,,,,0.9870271094132727,,,,,,,,,,,,,,
708,yes/no,Are the umbrellas wet?,yes,http://images.cocodataset.org/train2014/COCO_train2014_000000393442.jpg,7,257,0.9923476420058925,-0.4249672591686249,Yes,7,32.0,0.0024371969281637923,30.0,0.0024759181062010836,32.0,0.0025512916406941885,0.986008477873212,0.9824567505740444,0.911903641598614,15.0,0.002408137267047732,26.0,0.0023644338165896488,27.0,0.002422601230164389,26.0,0.0025932923165199896,,,,,,,,,,,0.9877812438119246,0.9205473661494109,0.9286520722868112,0.9131226292013046,,,,,,,,,,,
709,yes/no,Is there snow on the ground?,yes,http://images.cocodataset.org/train2014/COCO_train2014_000000131299.jpg,5,207,0.9952904508408598,-0.10351219028234482,Yes,5,17.0,0.002307941251502292,10.0,0.002208474496828092,95.0,0.002365430703413514,0.9519839065438831,0.9911594714322186,0.9702648292126326,13.0,0.002210964431961341,50.0,0.002308932662235108,,,,,,,,,,,,,,,0.9610115714257866,0.9654627156861835,,,,,,,,,,,,,
710,yes/no,Does this oven look new?,no,http://images.cocodataset.org/train2014/COCO_train2014_000000131300.jpg,3,297,0.9987938750590409,-0.0037493573036044836,No,3,87.0,0.0018953840764049283,54.0,0.0018945803573996252,16.0,0.001888287187745106,0.9889888126777404,0.9663611612548327,0.8980898459737487,,,,,,,,,,,,,,,,,,,,,,,,,,,,,,,,,
711,yes/no,Does the oven have a digital buttons?,no,http://images.cocodataset.org/train2014/COCO_train2014_000000131300.jpg,5,273,0.9983013843070551,-0.16946616768836975,No,5,22.0,0.0019784547522343466,72.0,0.0019510577582927437,18.0,0.0019526347378919517,0.8949645376549995,0.9892436986684657,0.9455305560363263,16.0,0.0019428975641566952,10.0,0.001956949168525933,,,,,,,,,,,,,,,0.9618974703476992,1.0,,,,,,,,,,,,,
712,yes/no,Is this oven greasy?,yes,http://images.cocodataset.org/train2014/COCO_train2014_000000131300.jpg,2,287,0.987644609343542,-0.023326832801103592,Yes,2,27.0,0.0027084567011151205,6.0,0.0026324405493332627,,,0.984602124386703,1.0,,,,,,,,,,,,,,,,,,,,,,,,,,,,,,,,,,
713,yes/no,Is the pizza on a baking tray?,yes,http://images.cocodataset.org/train2014/COCO_train2014_000000131300.jpg,11,251,0.9987369352565059,-0.537962794303894,No,11,24.0,0.0019045443553404422,23.0,0.001891284544148077,27.0,0.0018946446897655578,0.9725177829378439,0.9581834297016358,0.9889836699098602,20.0,0.0019134528807730291,17.0,0.0018978182653646503,40.0,0.0019100778332533652,42.0,0.0019134464709571603,11.0,0.001878258935461091,18.0,0.0018946613839420105,41.0,0.0018929831882134492,29.0,0.0019023498109210848,,,0.9713107216099232,0.9967828263127351,0.9474818901754603,0.9437770167908333,0.9431887805255736,0.9388201415867106,0.9870308032586212,0.9705914245664364,,,,,,,
714,yes/no,Do you like chocolate cake?,yes,http://images.cocodataset.org/train2014/COCO_train2014_000000393445.jpg,7,280,0.9961706290379262,-0.06065716966986656,Yes,7,23.0,0.002406151800074015,18.0,0.0026079040793367636,16.0,0.002354863547150512,0.9765762937075553,0.9910760598382222,0.9755307720176266,108.0,0.002344778913461522,11.0,0.0024234884289033327,15.0,0.002256098605151033,16.0,0.0025373372317952438,,,,,,,,,,,0.9852351637647607,0.8453509366224364,0.9543063494363562,1.0,,,,,,,,,,,
715,yes/no,Are there any water glasses on the table?,yes,http://images.cocodataset.org/train2014/COCO_train2014_000000524518.jpg,2,263,0.9924580557191858,-0.19569085538387299,Yes,2,16.0,0.0027152174393397935,38.0,0.002561203545023518,,,0.9618974703476992,0.9636486249377361,,,,,,,,,,,,,,,,,,,,,,,,,,,,,,,,,,
716,yes/no,Are there tomatoes on the pizza?,yes,http://images.cocodataset.org/train2014/COCO_train2014_000000524518.jpg,3,227,0.992511118028734,-0.05103302374482155,Yes,3,97.0,0.002496417520306875,16.0,0.002527280724828811,29.0,0.002632902442242322,0.9822633519672579,0.9618974703476992,0.9126150046360407,,,,,,,,,,,,,,,,,,,,,,,,,,,,,,,,,
717,yes/no,Are there any people in the picture?,no,http://images.cocodataset.org/train2014/COCO_train2014_000000524518.jpg,5,159,0.9988975709809879,-0.6007214784622192,No,5,37.0,0.001892433303841288,65.0,0.0018933625720648788,214.0,0.0019004744007190954,0.981619035701548,0.96852739120748,0.9773639986727086,20.0,0.0018896942901688197,21.0,0.0018919620769758758,,,,,,,,,,,,,,,0.9156703652986377,0.978033486181519,,,,,,,,,,,,,
718,yes/no,Can they go?,no,http://images.cocodataset.org/train2014/COCO_train2014_000000524520.jpg,5,278,0.9974028411623755,-0.6145065426826477,No,5,31.0,0.0021211948281624716,85.0,0.0021056732401831236,15.0,0.002030924090184557,0.9500813260110865,0.9645029718083062,0.9664572819896989,31.0,0.002058406025252964,11.0,0.0020257295919331006,,,,,,,,,,,,,,,0.9719442553087106,0.9922150607220183,,,,,,,,,,,,,
719,yes/no,Are the cars parked?,no,http://images.cocodataset.org/train2014/COCO_train2014_000000524520.jpg,1,315,0.9896507005045737,-0.18600548803806305,Yes,1,16.0,0.002668918788395968,,,,,0.9822177815287605,,,,,,,,,,,,,,,,,,,,,,,,,,,,,,,,,,,
720,yes/no,Are all the players wearing black shirts?,no,http://images.cocodataset.org/train2014/COCO_train2014_000000524522.jpg,9,104,0.9978089236153056,-0.1996179223060608,No,9,110.0,0.0019655372019566682,21.0,0.0019772888639445203,76.0,0.0019661260616060045,0.9640082171542659,0.9141008920185653,0.9752223974724709,20.0,0.001971115478745909,20.0,0.0019567882801769876,56.0,0.0019558860919989033,17.0,0.001953846663248605,80.0,0.0019570391931507565,33.0,0.001953832077378673,,,,,,,0.9545258142257613,0.9927376486136672,0.9852100345384988,0.9963890537299693,0.9820380867818786,0.9911748435473898,,,,,,,,,
721,yes/no,Is one of the trains going through a tunnel?,yes,http://images.cocodataset.org/train2014/COCO_train2014_000000524525.jpg,9,277,0.9885714985891538,-0.18416033685207367,Yes,9,15.0,0.0027369965957387502,24.0,0.002682879839959749,26.0,0.0026155129495746337,0.9602297178607612,0.9859894062555719,0.963638119861195,32.0,0.0027996433243119025,52.0,0.0027219244925342024,16.0,0.0027977070924018036,25.0,0.0027032805229056578,16.0,0.0028547554107448943,18.0,0.002892241288139627,,,,,,,0.9590529538323754,0.9652469187221732,0.949701216438411,0.979549909227475,0.886859507142915,0.9057125980138372,,,,,,,,,
722,yes/no,Is the door open?,no,http://images.cocodataset.org/train2014/COCO_train2014_000000131312.jpg,6,168,0.9992842658837252,-0.5885301828384399,No,6,145.0,0.0018985350110780359,73.0,0.0019026857184282475,32.0,0.0019050539155538154,0.9825274725194035,0.9605474594827408,0.949893833238136,35.0,0.0019063624708990986,10.0,0.0018722408772659273,32.0,0.0018993120281808437,,,,,,,,,,,,,0.9427384767641536,0.9372305632161296,0.9805899280827401,,,,,,,,,,,,
723,yes/no,Is the man on TV wearing a tie?,yes,http://images.cocodataset.org/train2014/COCO_train2014_000000131312.jpg,6,255,0.9936666189150635,-0.5867161154747009,Yes,6,25.0,0.002767411415294943,15.0,0.0024269014661809723,20.0,0.0025524001232119543,0.9113625087864532,0.982798115178801,0.9481816004150758,12.0,0.002609411891971347,15.0,0.0024112553649320973,15.0,0.0024651364480860897,,,,,,,,,,,,,0.8734790278701756,0.982798115178801,0.9664572819896989,,,,,,,,,,,,
724,yes/no,Is everyone wearing glasses?,no,http://images.cocodataset.org/train2014/COCO_train2014_000000131315.jpg,5,205,0.9988001779243819,-0.09946715086698532,No,5,24.0,0.001900967016338442,15.0,0.0018980840533877005,126.0,0.001926975124357007,0.9941242220390273,0.9949490477321437,0.9796386183848423,20.0,0.0019083697121445712,44.0,0.0019105995478906927,,,,,,,,,,,,,,,0.9481816004150758,0.9548794676163675,,,,,,,,,,,,,
725,yes/no,Are both people of the same ethnic background?,no,http://images.cocodataset.org/train2014/COCO_train2014_000000131315.jpg,8,225,0.9986655380525576,-0.5489155650138855,No,8,17.0,0.0019372978439355282,57.0,0.001955791438800076,10.0,0.0019293256098139335,0.9519839065438831,0.9757172040762808,0.9372305632161296,17.0,0.0019262836278570459,27.0,0.001923019003981608,15.0,0.0019331606593379997,34.0,0.001954472080575443,11.0,0.0019746735922222198,,,,,,,,,0.9719977955078913,0.9891024697768301,0.9446232142545791,0.966388311600932,0.6840384356390417,,,,,,,,,,
726,yes/no,The man is wearing a helmet?,yes,http://images.cocodataset.org/train2014/COCO_train2014_000000262389.jpg,6,271,0.9876378357980303,-0.32587453722953796,Yes,6,26.0,0.002774410478829872,103.0,0.0027789166077779974,62.0,0.0028129374674061357,0.9892410142019504,0.9850593250026349,0.9844509183828851,21.0,0.002705336472832871,19.0,0.0026820740031852316,43.0,0.0026884635059111913,,,,,,,,,,,,,0.9420864622689729,0.9462035592964384,0.9438881517855126,,,,,,,,,,,,
727,yes/no,Is this a government official's plane?,yes,http://images.cocodataset.org/train2014/COCO_train2014_000000000247.jpg,6,296,0.9936472357214555,-0.34513601660728455,No,6,20.0,0.002351702039766079,19.0,0.00226780772208759,19.0,0.002261880764805629,0.8586727110732552,0.9720048748581784,0.9720048748581784,40.0,0.0022770716323761942,34.0,0.002234000377039521,17.0,0.0022294344376339714,,,,,,,,,,,,,0.9736501981515562,0.9857783850051174,0.9844171139677748,,,,,,,,,,,,
728,yes/no,Are the kids sitting?,no,http://images.cocodataset.org/train2014/COCO_train2014_000000393464.jpg,4,149,0.9988255019699072,-0.0023932461626827717,No,4,238.0,0.0019467618684195181,15.0,0.001936149626354751,39.0,0.0019334209973890565,0.9763410118922163,0.8830374409547587,0.9591220815161772,41.0,0.0019440426228628752,,,,,,,,,,,,,,,,,0.9763154181031528,,,,,,,,,,,,,,
729,yes/no,Are these children playing a game?,yes,http://images.cocodataset.org/train2014/COCO_train2014_000000393464.jpg,5,215,0.987574946964245,-0.025077253580093384,Yes,5,34.0,0.003072144134407132,8.0,0.0026584561591884758,30.0,0.00280244354862809,0.9823961563809068,0.985056822321508,0.9852427571678163,11.0,0.0029504643841103133,22.0,0.004317631547959939,,,,,,,,,,,,,,,0.9922150607220183,0.9063593311749661,,,,,,,,,,,,,
730,yes/no,The zebras are in a field?,no,http://images.cocodataset.org/train2014/COCO_train2014_000000262393.jpg,3,317,0.9969647847974356,-0.5449784994125366,Yes,3,21.0,0.0024607002390922153,23.0,0.002322488100243544,11.0,0.0025033732232244317,0.9748830897462036,0.8840088129995087,0.6840384356390417,,,,,,,,,,,,,,,,,,,,,,,,,,,,,,,,,
731,yes/no,Have you ever been to this intersection?,no,http://images.cocodataset.org/train2014/COCO_train2014_000000000250.jpg,4,194,0.9975854414447902,-0.10924715548753738,No,4,81.0,0.002026732404290625,53.0,0.002021609941694423,55.0,0.0020230726378632764,0.9881987691412127,0.9770912262314989,0.9903592263124398,15.0,0.002036687953065145,,,,,,,,,,,,,,,,,1.0,,,,,,,,,,,,,,
732,yes/no,Are some of the trees dead?,yes,http://images.cocodataset.org/train2014/COCO_train2014_000000131323.jpg,3,243,0.9827487348364099,-0.028013281524181366,Yes,3,15.0,0.0036618592220979333,15.0,0.00400120941273106,15.0,0.0038126176620813185,0.9613833012053531,0.9285012313356799,0.9473080736174851,,,,,,,,,,,,,,,,,,,,,,,,,,,,,,,,,
733,yes/no,Are the rocks for the giraffe to sit on?,no,http://images.cocodataset.org/train2014/COCO_train2014_000000131323.jpg,4,261,0.9982305628848697,-0.12723514437675476,No,4,48.0,0.0020256306217848945,37.0,0.0020080598266662975,18.0,0.0019950694848801563,0.9592363070257975,0.9642874471117663,0.9455305560363263,17.0,0.001975006928212509,,,,,,,,,,,,,,,,,0.9719977955078913,,,,,,,,,,,,,,
734,yes/no,Does someone have a green thumb?,yes,http://images.cocodataset.org/train2014/COCO_train2014_000000131330.jpg,6,271,0.9898058158577835,-0.1456754207611084,Yes,6,103.0,0.0029254917192296425,25.0,0.0029783105134558547,59.0,0.002745774053671181,0.976701831903207,0.9010779432441408,0.9724933162081676,10.0,0.00260404341698897,9.0,0.0027760439674591447,16.0,0.0028511328609606246,,,,,,,,,,,,,0.9372305632161296,0.9910760598382222,0.9965119062478288,,,,,,,,,,,,
735,yes/no,Is the seedling a hybrid?,yes,http://images.cocodataset.org/train2014/COCO_train2014_000000131330.jpg,1,327,0.9988754072427418,-0.5985464453697205,No,1,21.0,0.0019396412342276546,,,,,0.9907017951253161,,,,,,,,,,,,,,,,,,,,,,,,,,,,,,,,,,,
736,yes/no,Is there a tent in the snow?,yes,http://images.cocodataset.org/train2014/COCO_train2014_000000524547.jpg,0,285,0.9774773949220494,-0.017840513959527016,Yes,0,,,,,,,,,,,,,,,,,,,,,,,,,,,,,,,,,,,,,,,,,,
737,yes/no,Is this terminal safe at night?,yes,http://images.cocodataset.org/train2014/COCO_train2014_000000000260.jpg,12,223,0.9928884214597045,-0.38872310519218445,Yes,12,29.0,0.0024985480953230127,37.0,0.002403450538822969,24.0,0.002347266164419911,0.9951756793098177,0.9644972077167583,0.9560107101418428,23.0,0.002445690697379928,13.0,0.0023888972433193786,47.0,0.0024645780128903947,32.0,0.0024651360153378414,25.0,0.002356074294413581,27.0,0.002497793124625108,28.0,0.0023661080766397206,17.0,0.002422071276884315,15.0,0.0025305297973650114,0.8932461863447871,0.9194324237704885,0.9744746319581622,0.9822177815287605,0.9556457132279714,0.9829951409678864,0.9538755848972527,0.9878171319090819,0.9709505944546686,,,,,,
738,yes/no,Is the woman by herself?,yes,http://images.cocodataset.org/train2014/COCO_train2014_000000000260.jpg,6,260,0.9897737580305664,-0.4397881031036377,Yes,6,21.0,0.0026882669203194126,33.0,0.002805668402364714,34.0,0.0024512259583566536,0.9517619850443704,0.9615584165497967,0.9879951308734748,16.0,0.00253993962192086,23.0,0.0024822157073656147,28.0,0.0025702704058060293,,,,,,,,,,,,,0.9414280318460245,0.9567610824451992,0.9455426007711245,,,,,,,,,,,,
739,yes/no,Is it a clear day?,yes,http://images.cocodataset.org/train2014/COCO_train2014_000000524551.jpg,9,218,0.973852092903953,-0.014325760304927826,Yes,9,19.0,0.003349981331955086,25.0,0.003517931941663367,135.0,0.0033848806873836767,0.9124084931084311,0.9211460945412073,0.9788896965534404,51.0,0.0032701567732352776,16.0,0.0035618944430583725,24.0,0.0035350338573995953,11.0,0.0030698647849829517,47.0,0.0034027945806116636,15.0,0.00351716367210097,,,,,,,0.9823356670486965,1.0,0.8920795639257109,0.9713067383178076,0.9378274574196126,0.9967916319816366,,,,,,,,,
740,yes/no,Is this person prone on his back or on his knees?,no,http://images.cocodataset.org/train2014/COCO_train2014_000000393480.jpg,4,139,0.909032112151071,-0.9172680974006653,K,4,175.0,0.008892423276173133,18.0,0.01394338897148135,16.0,0.0065559755205960215,0.975301441502109,0.872009434056298,0.9592101522724051,11.0,0.004732434628010769,,,,,,,,,,,,,,,,,0.9681300137657637,,,,,,,,,,,,,,
741,yes/no,Is the skier on the ground?,yes,http://images.cocodataset.org/train2014/COCO_train2014_000000393480.jpg,4,291,0.9845273464971288,-0.1582408845424652,Yes,4,35.0,0.0027757400416666116,18.0,0.0026351444515865714,10.0,0.0025823631687535544,0.9749180009238317,0.9649450424307694,0.9911594714322186,37.0,0.002641888150681564,,,,,,,,,,,,,,,,,0.9826237884795803,,,,,,,,,,,,,,
742,yes/no,Is the subject of the photo facing downhill?,yes,http://images.cocodataset.org/train2014/COCO_train2014_000000393480.jpg,7,234,0.9988886292545176,-0.5279014110565186,No,7,15.0,0.0019613408621726672,15.0,0.001975808537375135,125.0,0.001978129319949572,0.9877812438119247,0.9500685975366211,0.9799274880445868,19.0,0.0019603058366595883,18.0,0.0019541503350527082,18.0,0.001967703052175078,49.0,0.0019747751900371854,,,,,,,,,,,0.9892422967543257,0.9874687506009635,0.9206250851407775,0.9622169720760558,,,,,,,,,,,
743,yes/no,Is this man attached to his surfboard?,yes,http://images.cocodataset.org/train2014/COCO_train2014_000000131339.jpg,9,287,0.9925082093308532,-0.5642107129096985,Yes,9,25.0,0.0026495125201215107,50.0,0.0026320737171667374,17.0,0.002587703630015369,0.9828390276231687,0.9629749723835895,0.9770358764490155,18.0,0.0026105257128366624,25.0,0.002591257978580024,19.0,0.0025888043048192693,19.0,0.0026171304527315108,17.0,0.002644652213719121,16.0,0.0024852082509885247,,,,,,,0.9915323997298832,0.931646288831146,0.9119149038015315,0.9975194757207203,0.8091970544181963,0.9618974703476992,,,,,,,,,
744,yes/no,Is this man riding a surfboard?,yes,http://images.cocodataset.org/train2014/COCO_train2014_000000131339.jpg,0,289,0.9830016396194581,-0.10434122383594513,Yes,0,,,,,,,,,,,,,,,,,,,,,,,,,,,,,,,,,,,,,,,,,,
745,yes/no,Is he wearing the right type of suit?,yes,http://images.cocodataset.org/train2014/COCO_train2014_000000131339.jpg,7,117,0.9991121753474721,-0.44508856534957886,No,7,44.0,0.0018881727864468593,29.0,0.0018951715178603672,66.0,0.001904857078799525,0.988512261848594,0.9982569475097562,0.994709786943457,134.0,0.0018926292090196719,30.0,0.0018865578112811632,4.0,0.0018694724160031534,25.0,0.001895409069198455,,,,,,,,,,,0.9789216062071477,0.9758071098111266,1.0,0.9949956408022635,,,,,,,,,,,
746,yes/no,Is the man riding a white board?,no,http://images.cocodataset.org/train2014/COCO_train2014_000000131339.jpg,10,131,0.9978590387091889,-0.06390859186649323,No,10,33.0,0.0020312949498337055,46.0,0.0020554465183991537,26.0,0.002076579535254278,0.9653326798193408,0.978327445809112,0.9162116854111507,56.0,0.002047027576667402,20.0,0.0020490660552645408,98.0,0.0020628369571947503,39.0,0.002046821047321277,23.0,0.002057850285595293,14.0,0.002065944681106721,46.0,0.002046284862847604,,,,,0.9773869806498721,0.951850848028674,0.9714495787150601,0.9395718375747344,0.9810720783927832,0.9852281360342515,0.957409378537326,,,,,,,,
747,yes/no,Is the woman surfing?,yes,http://images.cocodataset.org/train2014/COCO_train2014_000000131339.jpg,2,257,0.9839503296417138,-0.4367593228816986,Yes,2,15.0,0.0029816482056239757,10.0,0.0038988445488339365,,,0.9718495448242642,0.8812908992306927,,,,,,,,,,,,,,,,,,,,,,,,,,,,,,,,,,
748,yes/no,Is the boy in the middle being attacked?,no,http://images.cocodataset.org/train2014/COCO_train2014_000000524557.jpg,4,216,0.9981434485914933,-0.1897956132888794,No,4,72.0,0.0019600075878265905,48.0,0.0019446516125762724,53.0,0.001954771555799116,0.9699672438618916,0.9757955201371283,0.984596444702155,16.0,0.0019494272375038054,,,,,,,,,,,,,,,,,0.9618974703476992,,,,,,,,,,,,,,
749,yes/no,Does the boy have his head stuck in the net?,no,http://images.cocodataset.org/train2014/COCO_train2014_000000524557.jpg,5,199,0.9981559857737338,-0.15001444518566132,No,5,19.0,0.001962162023820107,76.0,0.0019550540973726147,48.0,0.0019393021030367401,0.9462035592964384,0.9729653916723895,0.9757955201371283,53.0,0.0019511743338193964,16.0,0.0019466880316882215,,,,,,,,,,,,,,,0.984596444702155,0.9618974703476992,,,,,,,,,,,,,
750,yes/no,Does the guy on the right look happy?,yes,http://images.cocodataset.org/train2014/COCO_train2014_000000131342.jpg,4,273,0.9867577054405892,-0.016122449189424515,Yes,4,41.0,0.0028634124282730443,15.0,0.002653712607917307,17.0,0.002801576983316855,0.970829221946796,0.982798115178801,0.9507532012507529,15.0,0.003187718483380386,,,,,,,,,,,,,,,,,0.7835807040488099,,,,,,,,,,,,,,
751,yes/no,Are there multiple vegetables on the plate?,yes,http://images.cocodataset.org/train2014/COCO_train2014_000000393488.jpg,4,271,0.9931506946897816,-0.042575620114803314,Yes,4,24.0,0.0023439714636004218,19.0,0.002501163673457024,71.0,0.002420874373176286,0.9693294619156917,0.9237100600260872,0.9697748543224632,22.0,0.0026219330691688385,,,,,,,,,,,,,,,,,0.8949645376549995,,,,,,,,,,,,,,
752,yes/no,Is there meat on the plate?,yes,http://images.cocodataset.org/train2014/COCO_train2014_000000393488.jpg,3,269,0.9905867713887226,-0.11717193573713303,Yes,3,40.0,0.0024522201825554184,19.0,0.00265005529079953,88.0,0.0025374310688870546,0.9765225384543693,0.899507835327561,0.9634691842436018,,,,,,,,,,,,,,,,,,,,,,,,,,,,,,,,,
753,yes/no,Is this a brand new phone?,no,http://images.cocodataset.org/train2014/COCO_train2014_000000393489.jpg,8,299,0.9988286637221014,-0.5862769484519958,No,8,26.0,0.001863471199490632,19.0,0.0018676060134245962,24.0,0.001868182429858755,0.9636381198611949,0.9720048748581784,0.9447780195994977,12.0,0.0018601374319084125,27.0,0.0018720612352255885,17.0,0.0018737929140761505,17.0,0.0018735295705789223,15.0,0.0018704834343405562,,,,,,,,,1.0,0.978535424197746,0.9770358764490155,0.9770358764490155,0.9500685975366211,,,,,,,,,,
754,yes/no,Does this phone fold closed?,no,http://images.cocodataset.org/train2014/COCO_train2014_000000393489.jpg,7,234,0.9930224382896514,-0.4906860888004303,Yes,7,31.0,0.002505430077147192,43.0,0.0024848259283763545,36.0,0.0024725576998925777,0.954686329367747,0.9341665668510466,0.9591479170272447,15.0,0.002387835076255887,30.0,0.0024295923830931405,16.0,0.002418102313627636,16.0,0.0024438803718354737,,,,,,,,,,,0.9664572819896988,0.9749762821613741,0.9414280318460245,0.9401204074720739,,,,,,,,,,,
755,yes/no,Is the phone broken?,no,http://images.cocodataset.org/train2014/COCO_train2014_000000393489.jpg,8,223,0.9986158116067266,-0.13186705112457275,No,8,23.0,0.0019028939867039073,39.0,0.0018907512012823018,16.0,0.0018868650124818026,0.9570850556153866,0.9988307967057263,0.9618974703476992,80.0,0.001900745236353286,29.0,0.0018934949362351616,17.0,0.0018922331220758168,24.0,0.0018967119829033784,16.0,0.00189570500158719,,,,,,,,,0.9693166934796987,0.971019255248206,0.932718552659954,0.9558902111251072,0.985056822321508,,,,,,,,,,
756,yes/no,Is the phone light on?,no,http://images.cocodataset.org/train2014/COCO_train2014_000000393489.jpg,4,277,0.9976164833367558,-0.5726679563522339,Yes,4,16.0,0.00205776778450428,56.0,0.0020352674394043574,21.0,0.0019971308077035912,0.9755307720176266,0.9717936875283083,0.9785395778702867,19.0,0.0020845220401098825,,,,,,,,,,,,,,,,,0.8614856395892377,,,,,,,,,,,,,,
757,yes/no,Is the display on?,no,http://images.cocodataset.org/train2014/COCO_train2014_000000393489.jpg,5,254,0.9968222711630246,-0.5257107019424438,Yes,5,15.0,0.002103663575872922,51.0,0.002122165293701832,37.0,0.0021665951336711405,0.9543063494363562,0.9709422681761647,0.9824247182097233,18.0,0.002134432312301702,16.0,0.00215834166835143,,,,,,,,,,,,,,,0.9535998353544741,0.9755307720176266,,,,,,,,,,,,,
758,yes/no,Is the person using skype?,no,http://images.cocodataset.org/train2014/COCO_train2014_000000393489.jpg,8,274,0.9986773026194101,-0.04771577939391136,No,8,21.0,0.0018949743213545448,25.0,0.0018791684479521305,15.0,0.0018720459222862863,0.9526841246715825,0.9858296553988215,0.9543063494363562,15.0,0.001876066353287576,10.0,0.0018778590998302061,17.0,0.0018833370697116352,23.0,0.0018797748805034896,47.0,0.0018841534850507502,,,,,,,,,1.0,0.9709505944546686,0.9603948809345497,0.9527439088345311,0.9905360681744062,,,,,,,,,,
759,yes/no,Is the phone on?,no,http://images.cocodataset.org/train2014/COCO_train2014_000000393489.jpg,9,295,0.9989149785578422,-0.5549465417861938,No,9,16.0,0.001886391419630665,16.0,0.0018584308948485914,35.0,0.0018610745398704664,0.9886994082884974,0.9414280318460244,0.9632796684330479,41.0,0.0018626020099657137,16.0,0.0018568763428488898,17.0,0.001875837720711512,29.0,0.0018714905803363766,16.0,0.0018671693165717479,19.0,0.001871870203380029,,,,,,,0.973709547801927,0.9618974703476992,0.8846148739279865,0.9741790333644582,0.985056822321508,0.9894975386227151,,,,,,,,,
760,yes/no,Is the background clear?,yes,http://images.cocodataset.org/train2014/COCO_train2014_000000393489.jpg,10,256,0.9989675115079678,-0.6420886516571045,No,10,16.0,0.0019119505159628473,44.0,0.0019035640239636962,16.0,0.0018937502699680013,0.949701216438411,0.9509517740963983,0.9056390622295665,17.0,0.0019115339842090313,16.0,0.0019345324273326101,38.0,0.0019169526716631899,20.0,0.001903501176732302,52.0,0.0019024007786167091,21.0,0.0019080671912145462,30.0,0.0019170757333753096,,,,,0.9603948809345497,0.9886994082884974,0.9526999271688609,0.9794359242226801,0.9748783004159215,0.9693542486434171,0.9824567505740444,,,,,,,,
761,yes/no,Is this an inside stadium?,yes,http://images.cocodataset.org/train2014/COCO_train2014_000000336077.jpg,2,309,0.9926994190684924,-0.26993370056152344,Yes,2,17.0,0.002366870953712328,16.0,0.002427876435278327,,,0.9719977955078913,0.9618974703476992,,,,,,,,,,,,,,,,,,,,,,,,,,,,,,,,,,
762,yes/no,Is the stadium crowded?,yes,http://images.cocodataset.org/train2014/COCO_train2014_000000336077.jpg,2,314,0.9929103568779568,-0.03120519034564495,Yes,2,17.0,0.002323973122483594,17.0,0.002422958508549262,,,0.9719977955078913,0.9519839065438831,,,,,,,,,,,,,,,,,,,,,,,,,,,,,,,,,,
763,yes/no,Is the stadium full?,yes,http://images.cocodataset.org/train2014/COCO_train2014_000000336077.jpg,10,245,0.9977451483305968,-0.05352262035012245,Yes,10,19.0,0.002062964420145103,16.0,0.0020562722543668232,17.0,0.002047523294147989,0.9237100600260872,0.875,0.9664022887695614,17.0,0.0020959261488675478,42.0,0.0020557547137155957,20.0,0.002077427248288638,34.0,0.0020965577731669118,18.0,0.002046514976672757,23.0,0.002052239875147956,15.0,0.002026905634524236,,,,,0.8702290979524684,0.9684436114547434,0.9232196723355077,0.933987365789303,0.977342973473178,0.9504416045240514,0.9446232142545791,,,,,,,,
764,yes/no,Is there a baseball player holding a bat?,yes,http://images.cocodataset.org/train2014/COCO_train2014_000000336077.jpg,10,246,0.9873506456487434,-0.10772194713354111,Yes,10,16.0,0.0027138926231012584,15.0,0.002917292841081469,31.0,0.0028117565078469085,0.9755307720176266,0.9182958340544896,0.9610541506765681,132.0,0.002795896813625989,21.0,0.0028411171908249303,17.0,0.002656874260831205,47.0,0.002766847152620048,17.0,0.00272634650578317,17.0,0.0026802609123361704,24.0,0.0027828670883725966,,,,,0.982340857267515,0.9937866610055328,0.9519839065438831,0.9804036857071775,0.9967828263127351,0.8919296718389884,0.9745411476764105,,,,,,,,
765,yes/no,Is this bathroom all white?,no,http://images.cocodataset.org/train2014/COCO_train2014_000000546179.jpg,1,315,0.9979458760123973,-0.629830002784729,No,1,70.0,0.002018578484736988,,,,,0.9805989512371729,,,,,,,,,,,,,,,,,,,,,,,,,,,,,,,,,,,
766,yes/no,Has the bathroom been renovated recently?,no,http://images.cocodataset.org/train2014/COCO_train2014_000000546179.jpg,1,297,0.997162057828912,-0.5746056437492371,Yes,1,70.0,0.0020376793168892754,,,,,0.9891817040477896,,,,,,,,,,,,,,,,,,,,,,,,,,,,,,,,,,,
767,yes/no,Are there towels on the ground?,no,http://images.cocodataset.org/train2014/COCO_train2014_000000546179.jpg,2,304,0.9986239739707508,-0.6344824433326721,No,2,15.0,0.001961741264761812,47.0,0.001964915345359902,,,0.9877812438119247,0.9800163678977146,,,,,,,,,,,,,,,,,,,,,,,,,,,,,,,,,,
768,yes/no,Does this look clean?,yes,http://images.cocodataset.org/train2014/COCO_train2014_000000546179.jpg,5,329,0.9854332248728026,-0.06511528044939041,Yes,5,15.0,0.0028716353925674243,12.0,0.0029292087929184227,15.0,0.0028873698938873143,0.982798115178801,0.9463946303571862,0.9446232142545791,20.0,0.002993034026924688,17.0,0.0030097359033986024,,,,,,,,,,,,,,,0.9927376486136672,0.950753201250753,,,,,,,,,,,,,
769,yes/no,Is the shower curtain open?,no,http://images.cocodataset.org/train2014/COCO_train2014_000000546179.jpg,1,347,0.9948081504995915,-0.4637404680252075,No,1,32.0,0.002087328968235138,,,,,0.9807123967270923,,,,,,,,,,,,,,,,,,,,,,,,,,,,,,,,,,,
770,yes/no,Does this bike have training wheels?,yes,http://images.cocodataset.org/train2014/COCO_train2014_000000393493.jpg,1,299,0.9920132635362815,-0.3690519332885742,Yes,1,29.0,0.0025966260197215194,,,,,0.9653495373234844,,,,,,,,,,,,,,,,,,,,,,,,,,,,,,,,,,,
771,yes/no,Is the picnic table red?,yes,http://images.cocodataset.org/train2014/COCO_train2014_000000393493.jpg,5,277,0.9960315328776296,-0.07171472907066345,Yes,5,15.0,0.00235172332991332,46.0,0.002450231965092417,18.0,0.002368475670484033,0.9664572819896988,0.9588399314061894,0.9955380299191112,11.0,0.0023044048023524643,18.0,0.0024594956357164863,,,,,,,,,,,,,,,0.9431887805255736,0.8866828800015338,,,,,,,,,,,,,
772,yes/no,Is this a clean room?,no,http://images.cocodataset.org/train2014/COCO_train2014_000000131351.jpg,8,234,0.9966165750005719,-0.21474041044712067,No,8,48.0,0.002017548338979266,46.0,0.0020418052223461257,34.0,0.0020369846377612504,0.9502857121998333,0.955214439045327,0.9826220863735003,27.0,0.0020181756424801035,15.0,0.0020051364612796085,15.0,0.002021374439241824,6.0,0.001992969181373395,15.0,0.001997962612077891,,,,,,,,,0.9889836699098602,0.9543063494363562,0.9602297178607612,0.9182958340544896,0.9949490477321437,,,,,,,,,,
773,yes/no,Is this bathroom clean?,yes,http://images.cocodataset.org/train2014/COCO_train2014_000000131351.jpg,6,241,0.996586532888496,-0.1836484670639038,No,6,49.0,0.0020210158037704496,59.0,0.002035434540159468,33.0,0.0020399830966562407,0.9561864478662461,0.9466994002733468,0.9745630531045548,26.0,0.002019510063319113,10.0,0.0020008952151521773,15.0,0.002023949248010551,,,,,,,,,,,,,0.9894135780696172,0.9372305632161296,0.9602297178607612,,,,,,,,,,,,
774,yes/no,Is the room clean?,no,http://images.cocodataset.org/train2014/COCO_train2014_000000131351.jpg,8,253,0.9968533220887587,-0.2906869947910309,No,8,40.0,0.0020075980182897584,17.0,0.0020351706616384,31.0,0.0020160829943884372,0.9452713686625515,0.9774178175281716,0.9953897503830361,36.0,0.0020294481068273418,15.0,0.00200553712367301,17.0,0.002011114075999517,20.0,0.002006121201680536,16.0,0.0019904180426089718,,,,,,,,,0.9780626485133967,0.9654013672997089,0.9770358764490155,0.9630603734213403,1.0,,,,,,,,,,
775,yes/no,Is there a mirror in the bathroom?,no,http://images.cocodataset.org/train2014/COCO_train2014_000000131351.jpg,7,258,0.9969837669050302,-0.195157989859581,No,7,30.0,0.002021094590665094,17.0,0.002046306787655286,30.0,0.002017859546245205,0.9748184294045096,0.9774178175281716,0.9888936569923773,38.0,0.002041855144638576,16.0,0.002008894946084902,19.0,0.0020044047362120106,15.0,0.001989460072289049,,,,,,,,,,,0.9787985623610309,0.9965119062478288,0.9892422967543257,0.9543063494363562,,,,,,,,,,,
776,yes/no,Is there a green plant in this room?,no,http://images.cocodataset.org/train2014/COCO_train2014_000000131351.jpg,6,258,0.9968598113600048,-0.0727391317486763,No,6,41.0,0.0020132621659276137,16.0,0.002044365580031387,36.0,0.002033936657848272,0.9428569357536313,0.9886994082884974,0.9944291419612702,38.0,0.002041815450128455,21.0,0.002014246988698862,13.0,0.0020033233448002877,,,,,,,,,,,,,0.9809590692822444,0.969354248643417,0.9629470156266078,,,,,,,,,,,,
777,yes/no,Is this room clean?,no,http://images.cocodataset.org/train2014/COCO_train2014_000000131351.jpg,7,243,0.9966067875292891,-0.14460407197475433,No,7,48.0,0.0020190439428407927,50.0,0.0020393423025168705,33.0,0.0020393815713534344,0.9502857121998333,0.9303926967889765,0.9745630531045548,26.0,0.002019551729930876,15.0,0.002005900348279823,15.0,0.0020229196734811977,6.0,0.001993775310454178,,,,,,,,,,,0.9894135780696172,0.9543063494363562,0.9602297178607612,0.9182958340544896,,,,,,,,,,,
778,yes/no,Is the cat trying to catch a bird?,no,http://images.cocodataset.org/train2014/COCO_train2014_000000524572.jpg,10,263,0.9983611679497704,-0.1254640519618988,No,10,17.0,0.0019792936416691636,15.0,0.001959541954661572,17.0,0.0019654758381780577,0.9127332405984697,1.0,0.9967828263127351,19.0,0.001954884011638429,16.0,0.001951759163147419,23.0,0.0019551530084091296,30.0,0.001946358874299156,16.0,0.0019638348776245505,29.0,0.0019643286822462543,15.0,0.0019604875167574683,,,,,0.9892422967543257,0.9618974703476992,0.9718864326999254,0.9790348215383857,0.9755307720176266,0.9513086369859298,0.9602297178607612,,,,,,,,
779,yes/no,Is the writing in French?,no,http://images.cocodataset.org/train2014/COCO_train2014_000000393503.jpg,1,277,0.9960669224194098,-0.05955402925610542,No,1,22.0,0.0022521931824344503,,,,,0.874587334195005,,,,,,,,,,,,,,,,,,,,,,,,,,,,,,,,,,,
780,yes/no,Is this a traveling circus?,no,http://images.cocodataset.org/train2014/COCO_train2014_000000393503.jpg,2,276,0.9963667575055909,-0.49854907393455505,No,2,22.0,0.002235931002821546,19.0,0.0021276653150146497,,,0.9643787017331664,0.9656476401164372,,,,,,,,,,,,,,,,,,,,,,,,,,,,,,,,,,
781,yes/no,Are there long lenses?,yes,http://images.cocodataset.org/train2014/COCO_train2014_000000414639.jpg,5,185,0.9988300507201759,-0.09455931931734085,No,5,18.0,0.0019013845607915314,16.0,0.001879068286927568,119.0,0.001893489887174558,0.8424887242433627,0.9772170014624824,0.9843398003775329,84.0,0.0018978075333545557,32.0,0.0018979949059254647,,,,,,,,,,,,,,,0.9561526445032642,0.9466942884379629,,,,,,,,,,,,,
782,yes/no,Is everyone wearing long sleeves?,yes,http://images.cocodataset.org/train2014/COCO_train2014_000000131366.jpg,6,238,0.9987662914628328,-0.14484089612960815,No,6,20.0,0.0019214035245043305,15.0,0.001897011562677259,15.0,0.0018941400594397408,0.9835386311891134,0.9664572819896988,0.9664572819896989,15.0,0.0019216124014650488,16.0,0.001905824120609081,141.0,0.0019132967674665058,,,,,,,,,,,,,0.8649735207179273,0.9248008763572906,0.9782711195042094,,,,,,,,,,,,
783,yes/no,Are the woman wearing short dresses?,yes,http://images.cocodataset.org/train2014/COCO_train2014_000000131366.jpg,6,291,0.9886906024615095,-0.21171759068965912,Yes,6,15.0,0.0024320377999154023,10.0,0.0025484379030768045,17.0,0.0025650325345402823,0.9859247724121322,0.9372305632161296,0.9429842044464152,25.0,0.00262539721039984,17.0,0.0027862054477630085,16.0,0.002751939956008379,,,,,,,,,,,,,0.9790081411766282,0.9878171319090819,0.9965119062478288,,,,,,,,,,,,
784,yes/no,Is the lady smiling?,yes,http://images.cocodataset.org/train2014/COCO_train2014_000000131366.jpg,8,255,0.9847846104531076,-0.04220642149448395,Yes,8,41.0,0.002872830796315752,18.0,0.002969527756942437,60.0,0.002955510241666589,0.9573538710164249,0.9915323997298832,0.9594900680999511,32.0,0.003082837418695848,39.0,0.002813299856156697,17.0,0.0028047360278454256,11.0,0.0027392815480490845,16.0,0.0028760929209477233,,,,,,,,,0.9690222556651344,0.975554093190526,0.9605278493513334,0.9431887805255736,0.985056822321508,,,,,,,,,,
785,yes/no,Do they play for Red Sox?,no,http://images.cocodataset.org/train2014/COCO_train2014_000000131366.jpg,2,179,0.9991567247204717,-0.02903134562075138,No,2,160.0,0.001864693292860832,53.0,0.0018638261009238251,,,0.9852374110965811,0.9837947815907561,,,,,,,,,,,,,,,,,,,,,,,,,,,,,,,,,,
786,yes/no,Is this a mixed race group?,no,http://images.cocodataset.org/train2014/COCO_train2014_000000131366.jpg,6,274,0.998658472978685,-0.2145216017961502,No,6,18.0,0.001936837826075837,15.0,0.0019391722901453941,120.0,0.0019266392770156242,0.9728825026363701,0.8649735207179273,0.9723254890358936,7.0,0.001914878470157486,10.0,0.001908607075931669,4.0,0.0019099913318793393,,,,,,,,,,,,,0.863120568566631,0.9602297178607612,0.0,,,,,,,,,,,,
787,yes/no,Are these people getting reading to go play sports?,yes,http://images.cocodataset.org/train2014/COCO_train2014_000000131366.jpg,4,290,0.9943676966511888,-0.43315547704696655,Yes,4,88.0,0.002493444444119228,80.0,0.0025016131998053972,37.0,0.002560820204098967,0.9566840569239049,0.9675090677410288,0.9561490534102385,17.0,0.002517603791663205,,,,,,,,,,,,,,,,,0.9437600120884535,,,,,,,,,,,,,,
788,yes/no,Is there any females?,yes,http://images.cocodataset.org/train2014/COCO_train2014_000000131366.jpg,0,299,0.9884171114344731,-0.018861085176467896,Yes,0,,,,,,,,,,,,,,,,,,,,,,,,,,,,,,,,,,,,,,,,,,
789,yes/no,Is this a shop?,no,http://images.cocodataset.org/train2014/COCO_train2014_000000131366.jpg,5,232,0.9989741688567526,-0.0024182209745049477,No,5,16.0,0.0018835738678908537,17.0,0.001865977726566185,122.0,0.00188620551467836,0.9965119062478288,0.9719977955078916,0.9770770748797093,48.0,0.0018843070017236733,9.0,0.0018770560249187851,,,,,,,,,,,,,,,0.9899030738088075,0.9910760598382222,,,,,,,,,,,,,
790,yes/no,Are they happy?,yes,http://images.cocodataset.org/train2014/COCO_train2014_000000131366.jpg,7,236,0.9946678074761823,-0.032891545444726944,Yes,7,114.0,0.002520100992713643,45.0,0.002612056130940711,41.0,0.002459004632135583,0.9696957297333487,0.9357491359038467,0.9810236888589469,17.0,0.002543547726209291,15.0,0.002568063171105695,17.0,0.0023487590203745672,18.0,0.0024695955124943397,,,,,,,,,,,0.9437600120884534,0.8443536850036224,0.9595784770480081,0.9206250851407773,,,,,,,,,,,
791,yes/no,Are the trying to fix the train?,yes,http://images.cocodataset.org/train2014/COCO_train2014_000000497565.jpg,3,344,0.9869953891088633,-0.273286372423172,Yes,3,15.0,0.0028028825036049373,15.0,0.002703742586894923,16.0,0.0029177748213808446,0.9877812438119247,0.9664572819896989,0.9755307720176266,,,,,,,,,,,,,,,,,,,,,,,,,,,,,,,,,
792,yes/no,Is the train black?,yes,http://images.cocodataset.org/train2014/COCO_train2014_000000497565.jpg,1,283,0.9896745034568876,-0.13423162698745728,Yes,1,25.0,0.0030023062520669734,,,,,0.9776100734525681,,,,,,,,,,,,,,,,,,,,,,,,,,,,,,,,,,,
793,yes/no,Is this an evening scene?,yes,http://images.cocodataset.org/train2014/COCO_train2014_000000101431.jpg,5,258,0.975703840760489,-0.01600336842238903,Yes,5,19.0,0.003479765732899318,20.0,0.0037314853688745877,24.0,0.0036921175576803706,0.9538677057815207,0.9927376486136672,0.9925308085173911,22.0,0.004182641169364838,16.0,0.0034663990183563882,,,,,,,,,,,,,,,0.9061060148293874,0.9772170014624824,,,,,,,,,,,,,
794,yes/no,Is this a desert scene?,yes,http://images.cocodataset.org/train2014/COCO_train2014_000000101431.jpg,10,212,0.9900343732820662,-0.40592241287231445,No,10,28.0,0.002500996122889762,24.0,0.002432757841296525,32.0,0.002373382372642055,0.9883002301566584,0.9192496137328233,0.9643133128622856,26.0,0.002424517230310462,46.0,0.002415741183857547,13.0,0.0024651958707026006,15.0,0.002423216985209718,43.0,0.0024150549765273137,26.0,0.002366744263244593,53.0,0.0024205875619386433,,,,,0.9711362770397297,0.958716443843159,0.9957274520849255,0.9654013672997089,0.9413052837921437,0.9913493571377747,0.9718015510511213,,,,,,,,
795,yes/no,Is this a city street?,yes,http://images.cocodataset.org/train2014/COCO_train2014_000000262442.jpg,2,262,0.9918277726103405,-0.04175271838903427,Yes,2,15.0,0.0037212416800630906,15.0,0.002631405268542458,,,0.7835807040488099,0.9718495448242642,,,,,,,,,,,,,,,,,,,,,,,,,,,,,,,,,,
796,yes/no,Is she wearing a bonnet?,yes,http://images.cocodataset.org/train2014/COCO_train2014_000000021895.jpg,6,230,0.9977612713507858,-0.24952544271945953,No,6,27.0,0.002058808712818671,20.0,0.0020226643275872433,34.0,0.0020169251369287792,0.9441150046142881,1.0,0.9970913354258117,18.0,0.00201789830970188,17.0,0.002010673359342681,17.0,0.0020101770442655822,,,,,,,,,,,,,0.9941181381188445,0.9936520348079905,0.981232716348107,,,,,,,,,,,,
797,yes/no,Was the woman's collar treated with starch?,yes,http://images.cocodataset.org/train2014/COCO_train2014_000000021895.jpg,2,240,0.9874915888538733,-0.10970820486545563,Yes,2,30.0,0.0030449232496166526,15.0,0.004647170642227738,,,0.980323676223755,0.8443536850036224,,,,,,,,,,,,,,,,,,,,,,,,,,,,,,,,,,
798,yes/no,Is it going to storm?,no,http://images.cocodataset.org/train2014/COCO_train2014_000000131373.jpg,7,244,0.9937257627125855,-0.16304418444633484,No,7,19.0,0.002200225551170127,31.0,0.002177644753124945,21.0,0.0021880510221053626,0.9720048748581784,0.95913489477838,0.9529073308031801,76.0,0.0021831975560566118,16.0,0.0021678807949481677,35.0,0.0021783370836427427,16.0,0.002175920102266178,,,,,,,,,,,0.9833439925104893,0.9886085007312412,0.9678997818271566,0.9681390622295665,,,,,,,,,,,
799,yes/no,Does this room have a low ceiling?,no,http://images.cocodataset.org/train2014/COCO_train2014_000000109277.jpg,7,293,0.9984037420640145,-0.6036410927772522,Yes,7,54.0,0.001967376032456407,35.0,0.0019713969337396393,8.0,0.0019118506083706382,0.9493521748556994,0.990263010736486,0.985056822321508,15.0,0.001959512765194819,18.0,0.0019539757796891094,22.0,0.0019596937472849273,33.0,0.0019715414514131667,,,,,,,,,,,1.0,0.952437502577629,0.9258518579886873,0.9703490094475666,,,,,,,,,,,
800,yes/no,Is a person wearing a hooded sweatshirt?,no,http://images.cocodataset.org/train2014/COCO_train2014_000000131376.jpg,7,260,0.9974381565483214,-0.10671103745698929,No,7,22.0,0.002177751397292493,51.0,0.002137660367764877,68.0,0.002119234667948197,0.9015666752789386,0.9664218189960759,0.9800485821240011,16.0,0.002111683167455903,8.0,0.0020746283380607255,8.0,0.002125642108565125,19.0,0.002129955634624156,,,,,,,,,,,0.9681390622295665,0.9463946303571862,0.8112781244591328,0.9720048748581784,,,,,,,,,,,
801,yes/no,Is he wearing a helmet?,no,http://images.cocodataset.org/train2014/COCO_train2014_000000131376.jpg,4,154,0.9992448752690861,-0.00493430532515049,No,4,61.0,0.0018988099198984083,110.0,0.00188593252605436,58.0,0.0018894912338838523,0.9759066359557201,0.9888475148730759,0.9973460688864594,26.0,0.0018841233381485785,,,,,,,,,,,,,,,,,0.9786315268756205,,,,,,,,,,,,,,
802,counting,How many tattoos can be seen on this man's body?,1,http://images.cocodataset.org/train2014/COCO_train2014_000000393227.jpg,3,240,0.9985965775647742,-0.031469956040382385,,3,30.0,0.001968330154104592,19.0,0.00196555664477492,160.0,0.0019786408594518103,0.9809464023464665,0.9720048748581784,0.9754656587045719,,,,,,,,,,,,,,,,,,,,,,,,,,,,,,,,,
803,counting,How many pieces of furniture which are used for sleeping are featured in this picture?,2,http://images.cocodataset.org/train2014/COCO_train2014_000000131074.jpg,11,229,0.997683033701378,-0.01513147447258234,,11,81.0,0.0020086206094260587,15.0,0.0020116536782292236,19.0,0.002024588326430336,0.968633536302295,0.8830374409547587,0.9649618403823442,9.0,0.001997775275169286,18.0,0.002023513096733681,55.0,0.0020242999293717755,6.0,0.0019593709733913456,16.0,0.0020152471550014734,20.0,0.0020295873398792,16.0,0.0019969732960831922,6.0,0.001963155473706967,,,0.9182958340544896,0.9656336071428252,0.9743360394736593,0.9182958340544896,0.9320201587042914,0.9602297178607612,0.8980898459737487,1.0,,,,,,,
804,counting,How many people are in this image?,1,http://images.cocodataset.org/train2014/COCO_train2014_000000393230.jpg,4,230,0.9984859943589507,-0.004242705646902323,,4,34.0,0.0019996120030013787,212.0,0.0020098295986942295,15.0,0.001979964631373261,0.9841231705280498,0.9726407192643446,1.0,16.0,0.00199389486801013,,,,,,,,,,,,,,,,,0.9965119062478288,,,,,,,,,,,,,,
805,counting,How many sheeps are this?,3,http://images.cocodataset.org/train2014/COCO_train2014_000000131093.jpg,12,260,0.9960776181014265,-0.10254223644733429,,12,15.0,0.0021400533726934176,16.0,0.002184218331342819,33.0,0.0021479782164012724,0.8830374409547587,1.0,0.9519700253548895,17.0,0.0021446877043719815,22.0,0.00216802742503542,20.0,0.0021102691067183313,25.0,0.002171877696202136,15.0,0.0021605093036118263,13.0,0.002112591059392118,19.0,0.002151350454914141,25.0,0.0021257277153296917,25.0,0.002139976728757755,0.9437600120884534,0.9922150607220183,0.9481816004150758,0.9224447258666205,0.8649735207179273,0.99473723787795,0.9975194757207203,0.989991281604527,0.9548163081079344,,,,,,
806,counting,How many giraffes are there?,2,http://images.cocodataset.org/train2014/COCO_train2014_000000000025.jpg,7,205,0.9982035297734615,-0.029129035770893097,,7,31.0,0.0020504749410426735,34.0,0.0020501168715732487,23.0,0.002069278445117727,0.9450641143811579,0.980817922268136,0.9237619558190567,31.0,0.0020616476211409527,16.0,0.0020193865839949034,33.0,0.0019936384163564773,42.0,0.002004653918975453,,,,,,,,,,,0.9763834999274413,0.9056390622295665,0.9781900528174539,0.9981154864489723,,,,,,,,,,,
807,counting,How many animals are in this photo?,2,http://images.cocodataset.org/train2014/COCO_train2014_000000000025.jpg,7,223,0.9983381057709099,-0.006505024153739214,,7,26.0,0.002021400232642163,25.0,0.0020314547236864318,26.0,0.0020180660349544965,0.9663243931957521,0.911362508786453,0.9663243931957524,26.0,0.002029105431518504,15.0,0.0020036540052119334,17.0,0.001979328819773401,51.0,0.001979015149761117,,,,,,,,,,,0.9260816518918209,0.9877812438119247,0.9429842044464152,0.9951639205728202,,,,,,,,,,,
808,counting,How many people are on the boat?,5,http://images.cocodataset.org/train2014/COCO_train2014_000000262171.jpg,7,279,0.9967367847515539,-0.13975869119167328,,7,30.0,0.002280123403971843,15.0,0.0021361508542787812,9.0,0.002118782135355927,0.9450537400706276,0.944623214254579,0.9910760598382222,17.0,0.002128334176653232,31.0,0.002101537792454646,24.0,0.002177986771484168,17.0,0.002111842060102504,,,,,,,,,,,0.9519839065438831,0.9749457089280309,0.9558902111251072,0.9554035229062984,,,,,,,,,,,
809,counting,How many people are wearing shorts in the forefront of this photo?,4,http://images.cocodataset.org/train2014/COCO_train2014_000000524325.jpg,6,260,0.9974434245627679,-0.10700672119855881,,6,25.0,0.002191547755629456,16.0,0.002164677703392468,15.0,0.002190997585068827,0.9551541663346149,0.9320201587042914,0.8443536850036224,16.0,0.0021090975819044117,110.0,0.002174820893896486,39.0,0.002116094544329662,,,,,,,,,,,,,0.9248008763572906,0.9685820333378992,0.9676455826296914,,,,,,,,,,,,
810,counting,How many planes are in the picture?,2,http://images.cocodataset.org/train2014/COCO_train2014_000000131118.jpg,7,259,0.9961103221789366,-0.0114785460755229,,7,34.0,0.002168485801364333,34.0,0.0021890206139277657,66.0,0.0021627645060316764,0.9642532707233757,0.9043596142089313,0.9705236073558373,15.0,0.0021322000996565863,15.0,0.0021529678417278875,17.0,0.00213027811272052,15.0,0.0021694606163557917,,,,,,,,,,,0.9446232142545791,1.0,0.9963890537299693,0.9602297178607612,,,,,,,,,,,
811,counting,How many trees are in this photo?,3,http://images.cocodataset.org/train2014/COCO_train2014_000000524338.jpg,5,175,0.9985195155607669,-0.015029877424240112,,5,15.0,0.0019170477568553187,318.0,0.0019342357180320016,17.0,0.001930914405001494,0.9877812438119247,0.9804672316835928,0.8516924496551459,21.0,0.0019282748869797258,15.0,0.0019220302913750518,,,,,,,,,,,,,,,0.9566859396996199,0.9500685975366211,,,,,,,,,,,,,
812,counting,How many flowers are painted on the vase?,3,http://images.cocodataset.org/train2014/COCO_train2014_000000131128.jpg,8,220,0.9989800709449842,-0.09485699981451035,,8,29.0,0.0019455378061475044,94.0,0.001973009010037966,15.0,0.001956723650237788,0.9778076480990364,0.9811821213629417,0.982798115178801,37.0,0.0019737420415167828,10.0,0.001950725485343329,19.0,0.0020373078744342094,15.0,0.002032668378602683,34.0,0.001967544408523897,,,,,,,,,0.9622485233578465,0.9372305632161296,0.8693978806749074,0.9967916319816366,0.9711528396237051,,,,,,,,,,
813,counting,How many elephants are in the water?,2,http://images.cocodataset.org/train2014/COCO_train2014_000000370986.jpg,5,246,0.9993646568509367,-0.025339242070913315,,5,16.0,0.0018698934401662857,42.0,0.0018678340402868202,57.0,0.0018651838956216344,0.9056390622295665,0.9514259100942927,0.9924517295434611,25.0,0.0018752806639383993,15.0,0.001866058943744208,,,,,,,,,,,,,,,0.9745455500297384,0.9147366491799204,,,,,,,,,,,,,
814,counting,How many tails can you see in this picture?,3,http://images.cocodataset.org/train2014/COCO_train2014_000000370986.jpg,5,239,0.9992648853307686,-0.026638515293598175,,5,117.0,0.0018726163025980192,23.0,0.0018755210672129561,68.0,0.0018810391693246313,0.9826532302466191,0.992638795254511,0.9799753762552917,29.0,0.001864276612642122,10.0,0.0018590722159245738,,,,,,,,,,,,,,,0.9671944312960192,0.9372305632161296,,,,,,,,,,,,,
815,counting,How many tusks are visible?,2,http://images.cocodataset.org/train2014/COCO_train2014_000000262204.jpg,6,283,0.9986649305619536,-0.011703161522746086,,6,57.0,0.0019655030963469633,12.0,0.0019409932365455108,83.0,0.00196529842889427,0.9477011095368273,0.9358932809493993,0.9690056325877342,17.0,0.0019415648552806887,24.0,0.001966184777698962,15.0,0.001960496780291933,,,,,,,,,,,,,0.9856676426534905,0.9838824188369656,0.9018972358711528,,,,,,,,,,,,
816,counting,How many trees on the table?,3,http://images.cocodataset.org/train2014/COCO_train2014_000000458763.jpg,10,188,0.9971447229405382,-0.014619722962379456,,10,17.0,0.0021482919801569704,50.0,0.0021374328626536914,60.0,0.002145422698092371,0.8919296718389884,0.9759333330599401,0.9797809729361119,16.0,0.002089411691063394,34.0,0.0021378204326535683,12.0,0.002108187375534591,16.0,0.0021013905335491665,17.0,0.002109593429339803,17.0,0.00213433751220821,5.0,0.002022628315577511,,,,,0.9592101522724051,0.942754830288021,0.9463946303571862,0.9681390622295665,0.9771236998460402,0.9256134079485958,0.9709505944546686,,,,,,,,
817,counting,How many horns are in the picture?,0,http://images.cocodataset.org/train2014/COCO_train2014_000000458763.jpg,8,243,0.9994589548145419,-0.04419959709048271,,8,16.0,0.0018526706252110735,17.0,0.0018471616734281294,15.0,0.0018404889923591872,0.9463946303571862,0.9967828263127351,0.9877812438119246,136.0,0.0018641505217150444,15.0,0.0018544622899959748,16.0,0.0018479075094437966,27.0,0.0018303039666252476,20.0,0.0018469510351554052,,,,,,,,,0.9781418587362272,0.8830374409547587,0.985056822321508,0.9929281551787843,0.9854752972273343,,,,,,,,,,
818,counting,How many Giraffes are in this image?,2,http://images.cocodataset.org/train2014/COCO_train2014_000000000072.jpg,5,173,0.998457809377048,-0.019067680463194847,,5,132.0,0.002034625013040449,25.0,0.002016874146146173,85.0,0.002012390927487425,0.9779015359251415,0.9745455500297384,0.9783020815268333,12.0,0.001985971265692508,17.0,0.0020329201201414503,,,,,,,,,,,,,,,1.0,0.9603948809345497,,,,,,,,,,,,,
819,counting,How many stairs are there?,6,http://images.cocodataset.org/train2014/COCO_train2014_000000393290.jpg,7,201,0.9985429016993123,-0.13204844295978546,,7,45.0,0.0019607941837403715,40.0,0.0019645001017796603,58.0,0.001960391474554902,0.9495180749222457,0.9692221575105981,0.965207097972934,54.0,0.0019489673086353872,17.0,0.001955391720540061,113.0,0.001967568207783612,21.0,0.0019487409903864003,,,,,,,,,,,0.974371155390474,0.9770358764490155,0.9782312404213639,0.9907017951253161,,,,,,,,,,,
820,counting,How many windows are there?,3,http://images.cocodataset.org/train2014/COCO_train2014_000000393291.jpg,8,219,0.9990281341934254,-0.017516426742076874,,8,47.0,0.0018805856213454685,95.0,0.001900174658197432,31.0,0.0018950534495339242,0.9677084793184947,0.9772610251190237,0.939870414848049,16.0,0.0018738428720311714,19.0,0.0018708448059870152,13.0,0.0018737131631795317,25.0,0.0018852016776065089,17.0,0.0018830457523810657,,,,,,,,,0.9414280318460245,0.968715212846104,0.9770455804590027,0.9668212623277386,0.951983906543883,,,,,,,,,,
821,counting,How many birds are in the sink?,2,http://images.cocodataset.org/train2014/COCO_train2014_000000393292.jpg,8,297,0.9991914360764647,-0.02186003513634205,,8,23.0,0.0019510300808837273,16.0,0.0019121676908485956,15.0,0.0019113368635436806,0.9982526816976661,0.9755307720176265,0.9500685975366211,30.0,0.0018988898887322663,22.0,0.001941113525430914,27.0,0.0019360805635153684,38.0,0.0018887116641177306,18.0,0.0019366974566028315,,,,,,,,,0.9827537340124273,0.9870296937811092,0.8997598005436134,0.9777039051645633,0.9342064019134054,,,,,,,,,,
822,counting,How many tennis players are in the photo?,1,http://images.cocodataset.org/train2014/COCO_train2014_000000262221.jpg,8,297,0.9979711981242959,-0.013131087645888329,,8,17.0,0.0020781478417462914,31.0,0.0020741660250887762,34.0,0.0020719468260290137,0.8726389366057715,0.9505285341747067,0.9932116195804823,16.0,0.002035214691471242,15.0,0.002003560243926595,21.0,0.0020185318299007927,20.0,0.0020422382492225285,9.0,0.0020199932694354977,,,,,,,,,0.9965119062478288,0.9543063494363562,0.9763945235672327,0.9416915491145067,0.9182958340544896,,,,,,,,,,
823,counting,How many black sheep are there?,10,http://images.cocodataset.org/train2014/COCO_train2014_000000524375.jpg,3,272,0.9986466694931206,-0.3946153521537781,,3,29.0,0.002049935374917193,22.0,0.0020312125248589034,60.0,0.0020284681486497816,0.9714486610795995,0.9666425652015439,0.9700673228641171,,,,,,,,,,,,,,,,,,,,,,,,,,,,,,,,,
824,counting,How many lunches is this?,1,http://images.cocodataset.org/train2014/COCO_train2014_000000524377.jpg,5,248,0.9989647479772478,-0.04998580738902092,,5,27.0,0.0018875204498118219,17.0,0.0018918473320620234,27.0,0.0018692941361307476,0.9115455847100358,0.8702290979524686,0.9665424376152272,76.0,0.001872677436646801,55.0,0.0018787021147028608,,,,,,,,,,,,,,,0.9713438618091497,0.9483108239726126,,,,,,,,,,,,,
825,counting,How many hot dogs are shown?,1,http://images.cocodataset.org/train2014/COCO_train2014_000000524377.jpg,10,219,0.9989190419245756,-0.009554466232657433,,10,27.0,0.0018880880931189522,18.0,0.0018922710713183584,15.0,0.0018830310751557099,0.9241440130296626,0.8527924884900404,0.8830374409547587,26.0,0.0018695494570001047,21.0,0.001866349554027907,16.0,0.0018764457821252621,10.0,0.0018617997920683106,33.0,0.0018695820931099527,58.0,0.001878789919171269,16.0,0.0018707347513059272,,,,,0.9586439858163115,0.9574423384582357,0.985056822321508,0.9602297178607612,0.9796066917521711,0.967650903874637,0.9681390622295665,,,,,,,,
826,counting,How many pickle spears are there?,0,http://images.cocodataset.org/train2014/COCO_train2014_000000524377.jpg,9,223,0.9990599169199529,-0.027195900678634644,,9,31.0,0.0018850221600089697,15.0,0.0018953248074573647,17.0,0.0018652542357339879,0.9195836925880947,0.9709505944546686,0.9213299651463159,8.0,0.0018711844685869274,42.0,0.0018663979698238559,35.0,0.001871617333762083,16.0,0.0018654149849954326,53.0,0.00188141829314462,15.0,0.0018628782188164252,,,,,,,0.8112781244591328,0.9651909018237158,0.9679484779156485,0.9618974703476992,0.9849815063970317,0.9609640474436811,,,,,,,,,
827,counting,How many people are eating this hotdog?,1,http://images.cocodataset.org/train2014/COCO_train2014_000000524377.jpg,3,283,0.9978755860248493,-0.018591195344924927,,3,19.0,0.0019740706005905704,18.0,0.001962475983210565,15.0,0.00196287122970677,0.9968868771609918,0.9736669121131954,0.9664572819896989,,,,,,,,,,,,,,,,,,,,,,,,,,,,,,,,,
828,counting,How many sauces are there?,1,http://images.cocodataset.org/train2014/COCO_train2014_000000524377.jpg,13,170,0.9989519630483956,-0.0026361490599811077,,13,23.0,0.001877184271908494,17.0,0.0018828448732269702,22.0,0.0018813730305462751,0.9570850556153867,0.8726389366057715,0.9074246850599204,66.0,0.001870699089521419,24.0,0.0018728344000829003,24.0,0.001870827861057795,31.0,0.0018781030125457005,41.0,0.0018733900661298203,25.0,0.001867066733333314,15.0,0.0018728677033556318,20.0,0.0018750507374782593,16.0,0.0018737416547802055,0.9573937362611081,0.9558902111251072,0.9807765320912628,0.98916048610723,0.9540494953633459,0.9606389616258703,0.9602297178607612,0.9283898247235197,0.9755307720176266,3.0,0.001855422336941145,,,0.0,
829,counting,How many kinds of meat products are here?,1,http://images.cocodataset.org/train2014/COCO_train2014_000000524377.jpg,11,196,0.998970156610747,-0.0033432040363550186,,11,23.0,0.001878181085653567,19.0,0.001883001496598641,21.0,0.0018754244185091799,0.9486586303348536,0.9041116874399232,0.91874241485597,11.0,0.001859077809845957,38.0,0.0018654101921940743,15.0,0.0018702009666985743,28.0,0.0018725466685916912,18.0,0.0018659235619627056,69.0,0.0018690050709410696,16.0,0.0018757594452813496,19.0,0.0018701198010338395,,,0.9922150607220183,0.9525537594154315,0.9877812438119246,0.9894065290848518,0.9955380299191112,0.9640873083385364,0.9320201587042914,0.9462035592964384,,,,,,,
830,counting,How many rolls of toilet paper are on the toilet tank?,2,http://images.cocodataset.org/train2014/COCO_train2014_000000262159.jpg,9,161,0.9954585291817356,-0.028422651812434196,,9,75.0,0.002138004704064556,39.0,0.002145751522183166,52.0,0.0021203871037524923,0.9809167955774837,0.9769093060268966,0.9628752936197171,5.0,0.002155275465664945,23.0,0.002190739035607362,15.0,0.0021180508612007104,26.0,0.002129779818566136,20.0,0.0021343018180773007,15.0,0.0020912923698087624,,,,,,,0.0,0.8988561494235656,0.982798115178801,0.9870271094132725,0.9403319177008926,0.982798115178801,,,,,,,,,
831,counting,How many layers are in this cake?,7,http://images.cocodataset.org/train2014/COCO_train2014_000000000092.jpg,4,143,0.998485186569483,-0.0474981814622879,,4,190.0,0.0019975741149259284,63.0,0.00196352327216792,33.0,0.0019816861873417487,0.9766056703442357,0.9754256052352682,0.9577400550210546,6.0,0.0019502685998847886,,,,,,,,,,,,,,,,,0.9182958340544896,,,,,,,,,,,,,,
832,counting,How many people can eat this cake?,1,http://images.cocodataset.org/train2014/COCO_train2014_000000000092.jpg,9,228,0.9985910149505413,-0.02464175969362259,,9,16.0,0.0019437723408103705,32.0,0.0019629889133952905,17.0,0.0019483898216701564,0.9965119062478288,0.9238068136047357,0.9770358764490155,87.0,0.0019441550771148839,18.0,0.0019518424253164553,47.0,0.00193888820400856,18.0,0.0019438195916284115,18.0,0.001940552905152131,21.0,0.0019467518203882476,,,,,,,0.9689151492205406,0.9758159039662214,0.9899543222831184,0.9319131950454078,0.9535998353544739,0.969354248643417,,,,,,,,,
833,counting,How many vehicles are shown?,2,http://images.cocodataset.org/train2014/COCO_train2014_000000000094.jpg,8,143,0.998410983125438,-0.02371237613260746,,8,64.0,0.0020577506308208874,15.0,0.002037612086908776,27.0,0.002021776290644794,0.9567844940880902,0.9189900464321514,0.9579073713825503,32.0,0.002050608266774433,49.0,0.0020281302863544093,11.0,0.0020140049177839107,79.0,0.002014694182688568,37.0,0.0020125750010827467,,,,,,,,,0.9380410260035945,0.9559395984213186,0.9056185178648963,0.9754278810305194,0.9643082099100372,,,,,,,,,,
834,counting,How many lamps are there?,2,http://images.cocodataset.org/train2014/COCO_train2014_000000524386.jpg,9,217,0.9994376770935136,-0.005948078352957964,,9,30.0,0.0019001425435310423,79.0,0.0018884599412547355,16.0,0.0018671978217244054,0.9526821575578099,0.9648987475253875,0.9772170014624824,8.0,0.0018784009247098878,9.0,0.0018768245808452584,33.0,0.0018737624900257196,15.0,0.0018701063280380304,15.0,0.0018610024172217878,15.0,0.0018606503275143968,,,,,,,0.8112781244591328,0.9182958340544896,0.9873554549725149,0.944623214254579,0.9664572819896989,0.9949490477321437,,,,,,,,,
835,counting,How many lamps are in the room?,2,http://images.cocodataset.org/train2014/COCO_train2014_000000524386.jpg,5,239,0.9994737911118643,-0.009891333058476448,,5,23.0,0.0018997892349488408,101.0,0.0018808925905583604,15.0,0.0018797656233517422,0.8710381856146566,0.965612945227453,0.9602297178607612,37.0,0.0018635096802886565,15.0,0.001861875390041194,,,,,,,,,,,,,,,0.9698929786839217,0.9609640474436811,,,,,,,,,,,,,
836,counting,How many pictures on the wall?,4,http://images.cocodataset.org/train2014/COCO_train2014_000000524386.jpg,4,260,0.9995034084964569,-0.014841293916106224,,4,90.0,0.001865854424194137,17.0,0.0018709747036407011,57.0,0.0018453855037882162,0.9755164524990596,0.8846148739279865,0.9780580044181509,24.0,0.0018428652421557344,,,,,,,,,,,,,,,,,0.9747397737976486,,,,,,,,,,,,,,
837,counting,How many TVs are on?,1,http://images.cocodataset.org/train2014/COCO_train2014_000000524386.jpg,6,257,0.9993167446039837,-0.006862890440970659,,6,97.0,0.0019192472756252227,15.0,0.0018830535127234023,21.0,0.0018984723303214347,0.9764384673611307,0.9161314485121343,0.9849500113113598,40.0,0.0019078388279243018,18.0,0.0018914882168268464,24.0,0.001894162572154459,,,,,,,,,,,,,0.9768968918379417,0.9625632797054146,0.9558902111251072,,,,,,,,,,,,
838,counting,How many pictures are on the wall?,4,http://images.cocodataset.org/train2014/COCO_train2014_000000524386.jpg,5,233,0.999491110454866,-0.015680119395256042,,5,15.0,0.0018455704409023471,91.0,0.0018677770215708776,24.0,0.0018674702143287505,0.9664572819896989,0.9737321443741191,0.9608948553419607,54.0,0.0018463606145940404,24.0,0.0018443591008879257,,,,,,,,,,,,,,,0.9781402601990568,0.9747397737976486,,,,,,,,,,,,,
839,counting,How many men in the picture are wearing sunglasses?,1,http://images.cocodataset.org/train2014/COCO_train2014_000000131172.jpg,7,212,0.9988833144355623,-0.00983679573982954,,7,73.0,0.0019535219282551934,26.0,0.0019821535120887125,23.0,0.0019267308134390802,0.966302791142076,0.9543125239945704,0.9800409174590822,47.0,0.0019523605049289537,65.0,0.0019732744010817153,15.0,0.0019264275819837965,16.0,0.0020051072158004217,,,,,,,,,,,0.9648542431825956,0.9723020321676685,0.9664572819896988,0.9886994082884974,,,,,,,,,,,
840,counting,How many people can be seen?,2,http://images.cocodataset.org/train2014/COCO_train2014_000000393317.jpg,5,59,0.9977492097176504,-0.11561460047960281,,5,412.0,0.002011367224094009,22.0,0.002006944447769148,41.0,0.0020055042253946196,0.9818191707001569,0.894654665234365,0.9667850715864826,18.0,0.001998683387694586,16.0,0.002005004560017098,,,,,,,,,,,,,,,0.9773429734731779,0.9755307720176266,,,,,,,,,,,,,
841,counting,How many green lights are there?,1,http://images.cocodataset.org/train2014/COCO_train2014_000000393317.jpg,8,126,0.9981657325049916,-0.07727756351232529,,8,246.0,0.001998019802498755,20.0,0.001966625903706666,21.0,0.001970814615721726,0.9750050998974215,0.9596390821693784,0.9654826361821827,17.0,0.0019847337260162743,30.0,0.0019905661546984065,48.0,0.002000135530187809,17.0,0.001997057265958806,15.0,0.0019678551694915993,,,,,,,,,0.8787419949064401,0.93352706838011,0.9616074208472979,0.8846148739279865,0.9161314485121342,,,,,,,,,,
842,counting,How many lights does the plane have?,5,http://images.cocodataset.org/train2014/COCO_train2014_000000131174.jpg,10,194,0.9962663890079554,-0.11924469470977783,,10,19.0,0.0023548886771978753,21.0,0.0022629677763528855,41.0,0.0022349348373263186,0.9283213239079567,0.9693542486434172,0.9758691352305455,19.0,0.002318312562659458,32.0,0.002202063385396025,12.0,0.00218094890114855,25.0,0.002202676037489714,15.0,0.002247907397665468,16.0,0.002199706401149493,52.0,0.0023132741891114497,,,,,0.9894975386227151,0.9622327822349966,0.9808340377961404,0.9688722567006118,0.9602297178607612,0.9414280318460245,0.9688631824911574,,,,,,,,
843,counting,How many planes are in this photo?,1,http://images.cocodataset.org/train2014/COCO_train2014_000000131174.jpg,12,243,0.9963370793513998,-0.004986958112567663,,12,16.0,0.002155170766623598,17.0,0.002116013122254296,24.0,0.0021004096456571737,0.9886994082884974,0.9603948809345497,0.9441359346989788,39.0,0.0020804117541947183,27.0,0.002115333091000064,40.0,0.002148840014055897,48.0,0.002132551494223855,30.0,0.002100007115819737,16.0,0.002093380065543161,38.0,0.0021143261053981877,11.0,0.002067260164332322,29.0,0.0021226035651867097,0.9567341270872922,0.9345922587417768,0.9474727229851386,0.9521069656094462,0.9629719687673246,0.9755307720176266,0.9960197593954816,0.9056185178648963,0.9569332669259728,,,,,,
844,counting,How many people are standing in this image?,3,http://images.cocodataset.org/train2014/COCO_train2014_000000546151.jpg,7,196,0.9989040760239719,-0.005563747137784958,,7,83.0,0.0019440716046598243,28.0,0.0019238499392415884,105.0,0.001931003970466262,0.9704361337757945,0.9021628049326856,0.9779348405939083,18.0,0.0019282928675633942,20.0,0.0019190138440643076,21.0,0.0019180606538849853,38.0,0.0019256609528703055,,,,,,,,,,,0.8821022532543101,0.9156703652986375,0.9529073308031801,0.9573734260821257,,,,,,,,,,,
845,counting,How many poles is the person holding?,2,http://images.cocodataset.org/train2014/COCO_train2014_000000021826.jpg,13,126,0.999130205845947,-0.05168488994240761,,13,15.0,0.0019372561536874172,35.0,0.0019527278531593798,64.0,0.0019432369974342876,0.9602297178607612,0.9476175670117863,0.9552839611731121,15.0,0.0019106597367873756,37.0,0.0019429726984371378,42.0,0.0019165032662058078,15.0,0.0019198480608324765,14.0,0.0019240456964049967,13.0,0.001903592998557514,29.0,0.001923826925471321,33.0,0.0019149495983374377,23.0,0.0019503452502652183,0.982798115178801,0.9574228193461607,0.9848387273501605,0.9446232142545791,0.995232557322099,0.9938866857439921,0.9943818288602024,0.9762807165614926,0.962898239727323,15.0,0.001967048564711739,,,0.9709505944546686,
846,counting,How many bodies of water are in this scene?,1,http://images.cocodataset.org/train2014/COCO_train2014_000000000109.jpg,5,216,0.9963849460093023,-0.007014320231974125,,5,119.0,0.0021280087462369427,26.0,0.002113030862168426,17.0,0.002093829444947712,0.976062958251033,0.9305883513235473,0.9856676426534905,25.0,0.002090366880773358,64.0,0.002145066648246406,,,,,,,,,,,,,,,0.9865939378067348,0.9455661368742415,,,,,,,,,,,,,
847,counting,How many light post is there?,4,http://images.cocodataset.org/train2014/COCO_train2014_000000000109.jpg,7,240,0.9968713283384891,-0.06882358342409134,,7,58.0,0.0020803383197980393,28.0,0.0020774560088984992,7.0,0.0020760774925602933,0.9786983889290498,0.967822723280148,0.863120568566631,8.0,0.002070254657307294,47.0,0.0021422827779423595,20.0,0.0021285587431357014,16.0,0.002078970012271962,,,,,,,,,,,0.954434002924965,0.9528118549247827,0.9416915491145068,0.9618974703476992,,,,,,,,,,,
848,counting,How many people are in the picture?,3,http://images.cocodataset.org/train2014/COCO_train2014_000000000113.jpg,8,162,0.9980387855464635,-0.006872012745589018,,8,49.0,0.0020158577385042085,54.0,0.0020144249432049208,40.0,0.0020258046879327043,0.9594686280106474,0.9709861187722266,0.9481411755455188,49.0,0.00200213216013771,16.0,0.0019896776891383996,39.0,0.001996791037702699,41.0,0.0020137081987873263,45.0,0.0020203085048332275,,,,,,,,,0.9697075871526397,0.9414280318460244,0.9590379378173006,0.9534885510710378,0.990726062534166,,,,,,,,,,
849,counting,How many pigeons are there?,6,http://images.cocodataset.org/train2014/COCO_train2014_000000262260.jpg,8,237,0.998190390863296,-0.20463694632053375,,8,28.0,0.002046639089689486,21.0,0.0020768350112902664,20.0,0.002004479176795508,0.9318651666364991,1.0,0.9596390821693782,15.0,0.0020268765194378937,31.0,0.0019966268832921803,15.0,0.0019972277187380667,18.0,0.0020525088039547983,26.0,0.0020320490483111448,,,,,,,,,0.9877812438119247,0.9850098620532908,0.9664572819896988,0.9915323997298832,0.9305883513235473,,,,,,,,,,
850,counting,How many bells are there?,1,http://images.cocodataset.org/train2014/COCO_train2014_000000131190.jpg,4,317,0.997954799975379,-0.0777190774679184,,4,44.0,0.002048691498295483,30.0,0.002026655080012918,16.0,0.0020158984971684096,0.9145286310328197,0.976022214013387,0.8903195311147831,15.0,0.002003086849405892,,,,,,,,,,,,,,,,,0.8983958159908183,,,,,,,,,,,,,,
851,counting,How many clock faces does this building have?,1,http://images.cocodataset.org/train2014/COCO_train2014_000000131190.jpg,7,302,0.9980371312204539,-0.013707337900996208,,7,15.0,0.001996105551359438,18.0,0.0020153742320131716,49.0,0.0020677359847709256,0.982798115178801,0.977342973473178,0.94868047237345,12.0,0.002000508076446541,16.0,0.0020303666562672415,16.0,0.002010615412952283,15.0,0.0020252658695543565,,,,,,,,,,,0.9808340377961404,0.9755307720176265,0.9414280318460245,0.9602297178607612,,,,,,,,,,,
852,counting,How many flags are by the building's entrance?,0,http://images.cocodataset.org/train2014/COCO_train2014_000000131190.jpg,7,192,0.9985621657639678,-0.056308068335056305,,7,70.0,0.001961936393427272,92.0,0.0019914497862851843,18.0,0.001941437085008965,0.9747396021845933,0.9698191604668004,0.9853962684364186,33.0,0.002040209167183935,24.0,0.001972033839070734,21.0,0.0019763734304127155,17.0,0.001962384712998238,,,,,,,,,,,0.9911125919419405,0.9712286306293441,0.9907017951253161,0.9856676426534906,,,,,,,,,,,
853,counting,How many windows are shown?,5,http://images.cocodataset.org/train2014/COCO_train2014_000000131190.jpg,11,232,0.9980248131909162,-0.08865662664175034,,11,18.0,0.002024028692935642,45.0,0.0020121631225297363,16.0,0.002000929726695057,0.920619835714305,0.9535537877105728,0.9320201587042914,33.0,0.001991418162640487,22.0,0.002020925032159584,15.0,0.0020263462464176437,16.0,0.0019934931574116348,25.0,0.0020098319672574114,19.0,0.0019803277013358466,36.0,0.0020148584666178403,15.0,0.001954487538613856,,,0.9604755749429759,0.874587334195005,0.9967916319816366,0.985056822321508,0.9934804071359582,0.9306951768918329,0.9454073806138529,0.9718495448242642,,,,,,,
854,counting,How many windows are pictured?,4,http://images.cocodataset.org/train2014/COCO_train2014_000000131190.jpg,8,271,0.9977489918461402,-0.1017201691865921,,8,24.0,0.0020586660960137454,41.0,0.002043311439310091,16.0,0.0020427839201820333,0.8936586862414604,0.960097567268655,0.9755307720176266,33.0,0.002022706375663322,19.0,0.002072876056059259,25.0,0.002050688623075773,35.0,0.0020581982591255646,17.0,0.0019897931037277765,,,,,,,,,0.977677446538365,0.922317214818483,0.9934804071359582,0.9652318379343539,0.9595784770480079,,,,,,,,,,
855,counting,How many sheep can you see?,2,http://images.cocodataset.org/train2014/COCO_train2014_000000131197.jpg,7,168,0.9985678707539332,-0.02496119774878025,,7,40.0,0.001984714547393512,246.0,0.0019874761945213593,16.0,0.0019760905275909174,0.9647140222664666,0.9810827641399726,0.9755307720176266,15.0,0.001981991729134332,18.0,0.0019918157420887516,15.0,0.001933727522135669,24.0,0.0019491247657508792,,,,,,,,,,,0.9018972358711528,0.9656336071428252,0.9859247724121322,0.9882484440780547,,,,,,,,,,,
856,counting,How many people are there?,1,http://images.cocodataset.org/train2014/COCO_train2014_000000262273.jpg,10,238,0.9979365539456931,-0.008477519266307354,,10,15.0,0.0020440666785369586,18.0,0.0020496657336145038,29.0,0.002036705595141721,0.9018972358711528,1.0,0.9513086369859298,85.0,0.002054507675692648,12.0,0.0020262886521593914,15.0,0.0020606261747351984,27.0,0.0020810992430033764,18.0,0.0020326547244848667,17.0,0.002030025298145824,32.0,0.002022259050395829,,,,,0.9857216355619008,0.9358932809493993,0.8443536850036222,0.909695955411709,0.9524375025776289,0.9256134079485958,0.9609520212306829,,,,,,,,
857,counting,How many people are in the image?,1,http://images.cocodataset.org/train2014/COCO_train2014_000000262273.jpg,10,243,0.996953040440401,-0.005346138961613178,,10,15.0,0.002078909846177432,15.0,0.0020877446530248173,39.0,0.0021035956968975685,0.9147366491799203,0.9877812438119247,0.9699661186893127,89.0,0.002109765377624587,17.0,0.0020808506457809374,17.0,0.0021133551701674096,19.0,0.0020885310040141217,18.0,0.0020842237157565066,32.0,0.0020842564925348515,10.0,0.002087383484333983,,,,,0.977002530583546,0.9327185526599537,0.9127332405984697,0.9656476401164373,0.9524375025776289,0.9696198626999741,0.9709505944546686,,,,,,,,
858,counting,How many birds are there?,3,http://images.cocodataset.org/train2014/COCO_train2014_000000436929.jpg,2,224,0.9991426511046214,-0.0541432648897171,,2,230.0,0.001963415484814953,15.0,0.0019370137937001974,,,0.9838959613554072,1.0,,,,,,,,,,,,,,,,,,,,,,,,,,,,,,,,,,
859,counting,How many men are playing baseball?,5,http://images.cocodataset.org/train2014/COCO_train2014_000000284012.jpg,7,249,0.9988034695156244,-0.20434924960136414,,7,50.0,0.0019589448983848593,86.0,0.0019700330686125297,25.0,0.0019579313318896867,0.9575820815619805,0.9633540875704774,0.9983119055396815,22.0,0.0019377133265301666,16.0,0.0019541698981804427,16.0,0.0019227204495431732,52.0,0.001967497138001087,,,,,,,,,,,0.9666425652015439,0.949701216438411,0.9886085007312413,0.9750022206786951,,,,,,,,,,,
860,counting,How many pots are hanging under the shelf?,2,http://images.cocodataset.org/train2014/COCO_train2014_000000000138.jpg,10,261,0.9985193859931608,-0.025235135108232498,,10,91.0,0.0019641906987387303,22.0,0.0019510099097357098,27.0,0.0019549093388644334,0.9725253348663434,0.9849226290193991,0.9628962824334484,7.0,0.001929761421426039,15.0,0.0019253442081570173,19.0,0.0019482043958659605,26.0,0.0019712793188191536,15.0,0.0019515223548445654,6.0,0.0019097026347251872,22.0,0.001938768931139155,,,,,0.863120568566631,0.9664572819896989,0.9431541408460861,0.9629320612355918,0.9189900464321514,1.0,0.9609557933859342,,,,,,,,
861,counting,How many zebras are there?,13,http://images.cocodataset.org/train2014/COCO_train2014_000000262285.jpg,12,197,0.9992444635976788,-0.8575677871704102,,12,17.0,0.0019643695634214272,52.0,0.001915030007720732,15.0,0.0019252845450780276,0.9878171319090819,0.9909162579452615,0.9147366491799204,46.0,0.0019387675849970466,11.0,0.0019128815730652976,11.0,0.001882548527700524,17.0,0.0019452429266684868,15.0,0.0019413724580824262,8.0,0.0019180046327676376,12.0,0.0018931940862157229,24.0,0.001941228743135349,16.0,0.0019925373436212477,0.9681823018470527,0.9713067383178076,0.9904129681145393,0.9256134079485958,0.9877812438119247,1.0,0.9591479170272448,0.9807765320912628,0.8194483718728035,,,,,,
862,counting,How many zebras can you see eating?,3,http://images.cocodataset.org/train2014/COCO_train2014_000000000154.jpg,8,253,0.9971334781334346,-0.018352095037698746,,8,38.0,0.0020754048452641537,15.0,0.00204279966001493,18.0,0.002081746911077106,0.9516276187834101,0.9664572819896989,1.0,34.0,0.002103981880276337,22.0,0.0021167361540652572,16.0,0.0020769660682208833,6.0,0.0020335807011884967,44.0,0.0020626373158740456,,,,,,,,,0.9339873657893031,0.998145975216737,0.9755307720176266,0.9182958340544896,0.9744104328051626,,,,,,,,,,
863,counting,How many kinds of animals are in this photo?,1,http://images.cocodataset.org/train2014/COCO_train2014_000000000154.jpg,8,268,0.998234124612856,-0.0013692808570340276,,8,25.0,0.002041808071424377,18.0,0.0020510312468810226,11.0,0.002066492621837586,0.9372765336772135,0.952437502577629,0.9456603046006401,16.0,0.0020498337849914386,24.0,0.0020447650636991888,31.0,0.0020298047518892176,15.0,0.0020199534712211373,44.0,0.0021256564357550124,,,,,,,,,0.9965119062478288,0.9829829070554724,0.9726953778841869,0.9664572819896988,0.9567124964748134,,,,,,,,,,
864,counting,How many different types of animals are in this scene?,1,http://images.cocodataset.org/train2014/COCO_train2014_000000000154.jpg,6,287,0.9986160911944076,-0.0015869805356487632,,6,17.0,0.0020546898918095725,20.0,0.002053474669603885,20.0,0.00209019406733359,0.9967828263127351,0.9518508480286741,0.9463946303571862,16.0,0.0020332627430509364,43.0,0.002017475557051308,29.0,0.0020221393993603886,,,,,,,,,,,,,0.9965119062478288,0.9812938621878347,0.9943818288602024,,,,,,,,,,,,
865,counting,How many animals are there?,3,http://images.cocodataset.org/train2014/COCO_train2014_000000000154.jpg,9,225,0.9978107554581455,-0.050491224974393845,,9,40.0,0.002122915286942126,17.0,0.002174659780926544,16.0,0.0021975825757684685,0.954964816191072,0.9360847109776411,0.8194483718728035,29.0,0.002161869480626084,18.0,0.0020935848354178125,24.0,0.0020889170063151867,16.0,0.0021620849265054413,16.0,0.0020466404182952953,25.0,0.0021217897316876564,,,,,,,0.9499958485944459,0.9955380299191111,0.9803465725883601,0.8950145145731531,0.9822177815287605,0.989991281604527,,,,,,,,,
866,counting,How many arrows can be seen?,1,http://images.cocodataset.org/train2014/COCO_train2014_000000393242.jpg,6,201,0.9992072401470069,-0.03303329274058342,,6,58.0,0.0019060201695572255,151.0,0.0019004694679860697,20.0,0.001904338425305105,0.9596417452512607,0.980408706184647,0.9288587345650742,23.0,0.0018945965866125688,17.0,0.0018894868487383519,15.0,0.0018960670040992177,,,,,,,,,,,,,0.9527439088345311,0.9519839065438831,0.9602297178607612,,,,,,,,,,,,
867,counting,How many stripes are at the bottom of the picture?,5,http://images.cocodataset.org/train2014/COCO_train2014_000000393242.jpg,4,269,0.99919954610688,-0.08817920088768005,,4,41.0,0.0019120616195535346,15.0,0.0018715677115196101,25.0,0.0018923107432941505,0.9584162168985699,0.9613833012053531,0.9820988001732522,51.0,0.0018937163999444885,,,,,,,,,,,,,,,,,0.9808363766290081,,,,,,,,,,,,,,
868,counting,How many potted plants do you see?,3,http://images.cocodataset.org/train2014/COCO_train2014_000000415089.jpg,5,220,0.998204448020404,-0.03228160738945007,,5,20.0,0.0020736059491130317,15.0,0.0020333705394536836,32.0,0.0020655384369778944,0.9477309221191609,0.944623214254579,0.9879171970544535,15.0,0.002066617875868879,149.0,0.002083986085455284,,,,,,,,,,,,,,,0.9654013672997089,0.9746965137453628,,,,,,,,,,,,,
869,counting,How many chairs are there?,1,http://images.cocodataset.org/train2014/COCO_train2014_000000415089.jpg,6,228,0.997831378477884,-0.03390287607908249,,6,42.0,0.0020307739021124395,15.0,0.0020068325158670705,15.0,0.002052094462716553,0.9705972660530622,0.9949490477321437,0.8616157143988104,37.0,0.0020773467399141086,60.0,0.002084538908568695,50.0,0.002048866728382948,,,,,,,,,,,,,0.986238261487513,0.9676691284950731,0.9635673393175336,,,,,,,,,,,,
870,counting,How many kids in this photo?,3,http://images.cocodataset.org/train2014/COCO_train2014_000000393384.jpg,9,209,0.9962973317938718,-0.0742904394865036,,9,64.0,0.0022283413663698372,66.0,0.002197577915272194,45.0,0.0021960535121762674,0.9622619862414472,0.9793957158279861,0.9299837084261785,23.0,0.0022512930095671645,15.0,0.002176902848781363,25.0,0.0022136490557331276,16.0,0.00217715025487359,17.0,0.0022111232983535027,18.0,0.002143427325558587,,,,,,,0.9982526816976662,0.9500685975366211,0.9787029057127591,0.9965119062478288,0.926262155095312,0.9955380299191112,,,,,,,,,
871,counting,How many animals?,5,http://images.cocodataset.org/train2014/COCO_train2014_000000393386.jpg,10,254,0.9983800979270288,-0.04070579260587692,,10,24.0,0.0019778861612417364,18.0,0.0020482062743295477,17.0,0.002059786373614874,0.9803465725883603,0.8527924884900406,0.9975025463691152,17.0,0.0020135630057282377,15.0,0.002014524010419421,64.0,0.001997954392975574,35.0,0.0019856391476359217,16.0,0.0020143992105160205,15.0,0.001980265153540763,15.0,0.001955589998982102,,,,,0.9770358764490155,0.9018972358711528,0.9729282492442377,0.982327287480667,0.949701216438411,0.9446232142545791,0.9613833012053531,,,,,,,,
872,counting,How many laptops are on the coffee table?,3,http://images.cocodataset.org/train2014/COCO_train2014_000000137918.jpg,6,236,0.9989179211727429,-0.018071964383125305,,6,25.0,0.0019069008147295679,17.0,0.00190789422579375,83.0,0.0019103626374828017,0.9435647789643825,0.9363348190250748,0.9784186288174678,30.0,0.001931698895036874,22.0,0.0019152273046134567,56.0,0.0019131975917497017,,,,,,,,,,,,,0.9919355566090764,0.9700357646545448,0.9567566092632979,,,,,,,,,,,,
873,counting,How many people are in the picture?,50,http://images.cocodataset.org/train2014/COCO_train2014_000000438196.jpg,5,301,0.9980913863473462,-1.1207765340805054,,5,28.0,0.0021454981020277396,52.0,0.0020580499930442165,29.0,0.002088482647875258,0.9963070340085628,0.9694140047289903,0.9300500341483483,27.0,0.0020525192841585414,16.0,0.0020280097269013623,,,,,,,,,,,,,,,0.9613686282726053,0.9772170014624825,,,,,,,,,,,,,
874,counting,How many knobs are there?,4,http://images.cocodataset.org/train2014/COCO_train2014_000000524471.jpg,5,333,0.999445489826826,-0.019228262826800346,,5,18.0,0.0019051298092634074,21.0,0.0018731515399546483,24.0,0.0018738226992575215,0.9910760598382222,0.9454604967945989,0.9899343783255763,54.0,0.0018771302368630338,15.0,0.0018649130859338084,,,,,,,,,,,,,,,0.9817605251204867,0.9602297178607612,,,,,,,,,,,,,
875,counting,How many buses are there?,1,http://images.cocodataset.org/train2014/COCO_train2014_000000393403.jpg,5,105,0.995062054432488,-0.026005582883954048,,5,142.0,0.0021418943718525727,137.0,0.0021477006232088216,19.0,0.002114181777844221,0.9754984787611558,0.9728215972169056,0.9224323529821663,29.0,0.0021361809887335526,96.0,0.0021525191380232203,,,,,,,,,,,,,,,0.9399064443371018,0.9602758218479326,,,,,,,,,,,,,
876,counting,How many decks does this bus have?,2,http://images.cocodataset.org/train2014/COCO_train2014_000000393403.jpg,9,112,0.9973890594875658,-0.029546597972512245,,9,25.0,0.0020070565723863077,113.0,0.0020337163198552288,24.0,0.002014957620544619,0.9549982147833365,0.9695446692192721,0.960225238422717,117.0,0.002033906192097705,21.0,0.0020039128990188984,73.0,0.002029343476120838,18.0,0.002039117055510525,15.0,0.0020305735307221177,22.0,0.002019903266005503,,,,,,,0.9708730991684222,0.9580067478829604,0.9661108648765077,0.9656336071428251,0.8830374409547587,0.9904129681145393,,,,,,,,,
877,counting,How many windows?,11,http://images.cocodataset.org/train2014/COCO_train2014_000000283700.jpg,6,319,0.9979562208171238,-0.08916718512773514,,6,23.0,0.0019756884078294436,38.0,0.0019886582834508794,23.0,0.0019528558923317674,0.962898239727323,0.956741061227995,0.9423383283068838,26.0,0.0019535072988811704,17.0,0.0019465195901793718,15.0,0.0019664052648144374,,,,,,,,,,,,,0.9772810666478722,0.9856676426534906,0.9500685975366211,,,,,,,,,,,,
878,counting,How many steps does it take to get to the top?,2,http://images.cocodataset.org/train2014/COCO_train2014_000000257513.jpg,7,251,0.9988145995596868,-0.09543309360742569,,7,75.0,0.0019494502242859498,16.0,0.0019509368569009494,45.0,0.0019656369102485738,0.9730427997965637,0.8903195311147831,0.9652195036348035,16.0,0.0019378374751900457,24.0,0.0019818172252399732,18.0,0.0019489778747068948,15.0,0.0019274095102317064,,,,,,,,,,,0.9414280318460244,0.9022925846688998,0.9388201415867106,0.982798115178801,,,,,,,,,,,
879,counting,How many ski boards are in the picture?,5,http://images.cocodataset.org/train2014/COCO_train2014_000000000201.jpg,9,231,0.9983558524746983,-0.09039613604545593,,9,16.0,0.0020097718817769206,4.0,0.0019778513616878083,40.0,0.002001054642348053,0.949701216438411,0.0,0.9570737499121174,66.0,0.002018152655116222,47.0,0.0020106878273979866,10.0,0.001997327169116891,31.0,0.002025050347460946,15.0,0.0020263000775677677,15.0,0.0020028850613500048,,,,,,,0.9873325409172231,0.9387151740849938,0.9709505944546686,0.9292038475314034,0.8443536850036224,0.9654013672997089,,,,,,,,,
880,counting,How many blue stripes are on the babies shirt?,many,http://images.cocodataset.org/train2014/COCO_train2014_000000131279.jpg,7,209,0.9987938999847574,-0.10379667580127716,,7,15.0,0.002012106457811581,49.0,0.0019599004383089773,18.0,0.0019870685775544047,0.9967916319816366,0.9822388051304196,0.9915323997298832,42.0,0.001986113481271178,54.0,0.00196836423863748,90.0,0.001988562111114437,17.0,0.0019772507209894668,,,,,,,,,,,0.962698887833129,0.9836458192437133,0.9653946680647718,0.9770358764490155,,,,,,,,,,,
881,counting,How many babies are in this photo?,2,http://images.cocodataset.org/train2014/COCO_train2014_000000131279.jpg,8,219,0.9990244704990154,-0.007953539490699768,,8,70.0,0.0019210295891294812,16.0,0.0019394728065330138,37.0,0.0019064276245727486,0.9642791161502338,0.8194483718728035,0.9467737849396031,71.0,0.001912151014054164,21.0,0.0019174078933969873,20.0,0.0019146814969582537,46.0,0.001933193127176065,16.0,0.0019136262285071749,,,,,,,,,0.9835478502948695,0.9693542486434172,0.9630603734213402,0.9844648301377503,0.8903195311147832,,,,,,,,,,
882,counting,How many balls are on the ground?,6,http://images.cocodataset.org/train2014/COCO_train2014_000000554301.jpg,5,322,0.9973030885323405,-0.31526267528533936,,5,39.0,0.0020932628305828753,16.0,0.0020897600370989194,16.0,0.002178918614822489,0.9708149495012254,0.875,0.9886994082884974,24.0,0.002098088084006317,15.0,0.002069912976020107,,,,,,,,,,,,,,,0.9558902111251072,0.9877812438119247,,,,,,,,,,,,,
883,counting,How many glasses are there?,2,http://images.cocodataset.org/train2014/COCO_train2014_000000262359.jpg,7,225,0.99884768158166,-0.020910408347845078,,7,50.0,0.001908515691986447,16.0,0.0019106811974376968,25.0,0.0019114690880796406,0.9915814823998343,0.9414280318460245,0.9606389616258703,15.0,0.0019173278067963887,24.0,0.001905561729585941,58.0,0.0019251732751316944,18.0,0.0019273073592490349,,,,,,,,,,,0.9500685975366211,0.9697883595925098,0.9718649368018031,0.9915323997298832,,,,,,,,,,,
884,counting,How many horses are on the picture?,3,http://images.cocodataset.org/train2014/COCO_train2014_000000524508.jpg,7,229,0.9965959921543602,-0.03757505491375923,,7,31.0,0.002109241531909739,26.0,0.002090108074487313,7.0,0.0020591827648510403,0.9913554946424838,0.9586439858163117,0.9852281360342515,23.0,0.002122685303007495,15.0,0.002101660446555569,60.0,0.0020692941588032125,15.0,0.002087415956533921,,,,,,,,,,,0.9978904239542103,0.8983958159908183,0.9867971777025917,0.9543063494363562,,,,,,,,,,,
885,counting,How many horses are in the picture?,3,http://images.cocodataset.org/train2014/COCO_train2014_000000524508.jpg,11,204,0.9960429988883646,-0.05072646960616112,,11,36.0,0.0021061398506838744,37.0,0.002084715357638594,28.0,0.0020749513584470613,0.986868228679533,0.9703983071046286,0.9606443989386808,6.0,0.0020373330807133745,17.0,0.002129452690120033,26.0,0.0021147000867708155,15.0,0.0020721714827616235,23.0,0.002080382607790224,24.0,0.002055976102977117,15.0,0.0020682742706862275,24.0,0.0020891448606905417,,,1.0,0.8409160494198367,0.9978637260424629,0.9147366491799204,0.9718864326999251,0.9747397737976486,0.9147366491799204,0.9712286306293441,,,,,,,
886,counting,How many kids?,1,http://images.cocodataset.org/train2014/COCO_train2014_000000393438.jpg,9,244,0.9949836391305706,-0.04949956014752388,,9,42.0,0.0023104176658800854,20.0,0.002262314657068133,20.0,0.0022866593551640127,0.9757652155866208,0.9763620978123274,0.9283898247235197,17.0,0.0022328783816216863,26.0,0.002320046660148572,20.0,0.00229492193009464,16.0,0.0022283758679011406,15.0,0.0022392684852764163,23.0,0.0023145366211051806,,,,,,,0.9856676426534905,0.9938866857439921,0.9232196723355077,0.9618974703476992,0.9161314485121342,0.8718013581689132,,,,,,,,,
887,counting,How many black umbrellas?,3,http://images.cocodataset.org/train2014/COCO_train2014_000000393442.jpg,6,289,0.9989664806577093,-0.02687421627342701,,6,24.0,0.0019378154567193434,33.0,0.0019437088401936433,22.0,0.0019303494645612743,0.9712286306293441,0.9604755749429759,0.9833753864788932,17.0,0.001956810647700249,20.0,0.0019462822380871675,39.0,0.0019487480052352603,,,,,,,,,,,,,0.9603948809345497,0.9630603734213402,0.9523714712084619,,,,,,,,,,,,
888,counting,How many skis are on the ground?,4,http://images.cocodataset.org/train2014/COCO_train2014_000000131299.jpg,7,295,0.9990641564665161,-0.04918026551604271,,7,26.0,0.0018966767816734073,17.0,0.0019299764706240206,23.0,0.0018951734351893004,0.9676179687213727,0.8846148739279865,0.9849269366259108,20.0,0.0019317515017329106,19.0,0.0019080544241769995,18.0,0.001931508182778518,31.0,0.0019428010728976387,,,,,,,,,,,0.9835386311891136,0.9752404816059184,0.9206198357143051,0.9769412053435267,,,,,,,,,,,
889,counting,How many water jugs are visible?,2,http://images.cocodataset.org/train2014/COCO_train2014_000000524522.jpg,6,157,0.9983677038908941,-0.029968267306685448,,6,48.0,0.0019863742877571206,178.0,0.001995977972428699,58.0,0.0020076267176659243,0.9645418591158562,0.9755405844631416,0.9685089029476923,30.0,0.002010661735057568,24.0,0.0019955586674720465,18.0,0.0020023530465205293,,,,,,,,,,,,,0.9734241641863766,0.9398009074013692,0.9915323997298832,,,,,,,,,,,,
890,counting,How many trains are there?,3,http://images.cocodataset.org/train2014/COCO_train2014_000000524525.jpg,5,215,0.9987835022048059,-0.05019229277968407,,5,30.0,0.0018987691931339466,179.0,0.0019135419650620604,15.0,0.0018890229553033776,0.9686587223893746,0.9753280880980423,0.9949490477321437,15.0,0.0018988481011717431,15.0,0.0019056928901409447,,,,,,,,,,,,,,,0.9161314485121343,0.9602297178607612,,,,,,,,,,,,,
891,counting,How many kids are there?,5,http://images.cocodataset.org/train2014/COCO_train2014_000000393464.jpg,6,258,0.9990500435880635,-0.11849017441272736,,6,38.0,0.001955967416404534,13.0,0.001959163736917727,19.0,0.0019771784240355636,0.9838847767076744,0.8956403056385981,0.9894975386227151,41.0,0.002005052753406939,50.0,0.0019694064880029865,24.0,0.001976439034489659,,,,,,,,,,,,,0.9513815491534928,0.9880938228581362,0.9838824188369656,,,,,,,,,,,,
892,counting,How many rocks?,2,http://images.cocodataset.org/train2014/COCO_train2014_000000262393.jpg,11,195,0.9993101670549404,-0.06042274087667465,,11,34.0,0.0018850942328780091,28.0,0.0018719398515682462,26.0,0.0018805149297841097,0.9536441641963589,0.9844886915324045,0.9846016942256396,16.0,0.0018934523547533173,26.0,0.0018788413941979026,34.0,0.001887603946506641,22.0,0.001881524247953184,27.0,0.0018783973671883459,23.0,0.0018870078866389931,15.0,0.0018777384186129782,48.0,0.0018863264444729654,,,0.8620485698650454,0.9433061815857016,0.9892248603703083,0.9266710044099615,0.9649312571511676,0.9810720783927832,0.9877812438119247,0.9511203237857254,,,,,,,
893,counting,How many zebras are there?,2,http://images.cocodataset.org/train2014/COCO_train2014_000000262393.jpg,6,216,0.999207257422455,-0.034254275262355804,,6,113.0,0.0019037023305166977,25.0,0.0018834838554364706,15.0,0.0018908185182599402,0.9761302781913893,0.951150575594489,0.9189900464321514,20.0,0.0018835386228357113,36.0,0.0019011257275950895,57.0,0.0018874206537325467,,,,,,,,,,,,,0.9927376486136672,0.9566409581192771,0.9573643528168382,,,,,,,,,,,,
894,counting,How many floors do you think the highest building has?,50,http://images.cocodataset.org/train2014/COCO_train2014_000000000250.jpg,3,342,0.9983029155512887,-0.1795695573091507,,3,15.0,0.0019026996998409709,16.0,0.0019201011460385923,15.0,0.0018984722307384594,0.982798115178801,0.9248008763572906,0.9949490477321437,,,,,,,,,,,,,,,,,,,,,,,,,,,,,,,,,
895,counting,How many people are surfing?,1,http://images.cocodataset.org/train2014/COCO_train2014_000000131339.jpg,9,239,0.9984041605701848,-0.005627043079584837,,9,111.0,0.002001605576891858,15.0,0.0019873159659701926,15.0,0.0019804744612305445,0.9794512853452281,0.9877812438119247,0.9446232142545791,23.0,0.002010691696441972,20.0,0.001995322508588317,11.0,0.001976565355062418,16.0,0.0020255943017831904,59.0,0.0020090440908964676,18.0,0.0020025864097570957,,,,,,,0.9321883810995898,0.9477309221191609,0.9431887805255736,0.9886994082884974,0.9743319042048452,0.9915323997298832,,,,,,,,,
896,counting,How many kids are wearing black and white?,5,http://images.cocodataset.org/train2014/COCO_train2014_000000524557.jpg,6,309,0.9982744227947137,-0.048604365438222885,,6,25.0,0.0020525045489572296,67.0,0.002092402876707875,15.0,0.0020389719734362015,0.9548163081079344,0.9806436085006509,1.0,34.0,0.002070095327759982,17.0,0.0021511505523982982,16.0,0.0020165578715407545,,,,,,,,,,,,,0.9381639754005879,0.9774178175281716,0.9886085007312413,,,,,,,,,,,,
897,counting,How many men are wearing hats?,0,http://images.cocodataset.org/train2014/COCO_train2014_000000131342.jpg,10,204,0.9991567776372243,-0.028874212875962257,,10,16.0,0.0018860545430897022,23.0,0.0019001583270376403,15.0,0.0018863789156445912,0.9755307720176266,0.9224409677146627,0.9500685975366211,24.0,0.0018944463978834705,26.0,0.001899121168763654,16.0,0.0018729140944986383,58.0,0.0018821434495836665,30.0,0.0018915566134469776,51.0,0.00188513967222866,15.0,0.0018785284132174832,,,,,0.9838824188369656,0.9817868687614789,0.9772170014624825,0.9841405965225042,0.9824567505740444,0.9838033362868469,0.9877812438119247,,,,,,,,
898,counting,How many holes are on the phone case?,1,http://images.cocodataset.org/train2014/COCO_train2014_000000393489.jpg,5,247,0.9980561099616593,-0.20232081413269043,,5,55.0,0.001988211816468396,29.0,0.001967137734349759,88.0,0.0019691381356308772,0.9676033161510446,0.9551837556354837,0.9814734791616904,27.0,0.0019657050811204223,15.0,0.001941575120347931,,,,,,,,,,,,,,,0.9974706934315656,0.9543063494363562,,,,,,,,,,,,,
899,counting,How many phones do you see?,1,http://images.cocodataset.org/train2014/COCO_train2014_000000393489.jpg,2,120,0.9983679202617872,-0.018078884109854698,,2,399.0,0.0019815913802781215,34.0,0.0019721588043465715,,,0.9850039962598017,0.9617223671117477,,,,,,,,,,,,,,,,,,,,,,,,,,,,,,,,,,
900,counting,How many cookies can be seen?,2,http://images.cocodataset.org/train2014/COCO_train2014_000000000009.jpg,4,150,0.9993445718226163,-0.0583987683057785,,4,83.0,0.0018648900435986845,232.0,0.0018734632470755754,23.0,0.0018809933191538965,0.982838133796134,0.9834702169119169,0.8745301621997,93.0,0.001869012570052249,,,,,,,,,,,,,,,,,0.9642309492995249,,,,,,,,,,,,,,
901,counting,How many girls are visible?,2,http://images.cocodataset.org/train2014/COCO_train2014_000000393493.jpg,8,220,0.9988891080278056,-0.033777836710214615,,8,41.0,0.0019052371695256148,15.0,0.001919828302518075,75.0,0.0019207456990711514,0.9887434006371402,0.9500685975366211,0.9752721881014004,17.0,0.001903796091502479,26.0,0.0019191075276746748,19.0,0.0018996221788268308,15.0,0.0019055175551283856,10.0,0.0018971285497599154,,,,,,,,,0.9963890537299693,0.9663243931957521,0.9687152128461037,0.9446232142545791,0.9372305632161296,,,,,,,,,,
902,counting,How many colors are in the tile?,1,http://images.cocodataset.org/train2014/COCO_train2014_000000131351.jpg,3,156,0.9982816744012296,-0.015955401584506035,,3,316.0,0.0020260768064037636,28.0,0.0020052491451310233,18.0,0.0019804854706324104,0.9863341568363425,0.9524653357498781,0.9375433175393748,,,,,,,,,,,,,,,,,,,,,,,,,,,,,,,,,
903,counting,How many people are standing next to each other?,4,http://images.cocodataset.org/train2014/COCO_train2014_000000131366.jpg,10,256,0.9986368844136431,-0.015841003507375717,,10,16.0,0.001997374500347603,18.0,0.001966628119088594,28.0,0.00195873023355069,0.954434002924965,0.9915323997298832,0.9439935625075735,17.0,0.001964505388333061,18.0,0.0019492629499892101,37.0,0.0019705262500586337,16.0,0.0019728634759047636,12.0,0.0019736097475290585,17.0,0.001951991074182687,33.0,0.0019582148984694523,,,,,0.9967828263127351,0.9773429734731779,0.9434184610415738,0.8957541375001011,0.9798687566511528,0.9507532012507529,0.9719342103820019,,,,,,,,
904,counting,How many rackets?,8,http://images.cocodataset.org/train2014/COCO_train2014_000000131366.jpg,8,281,0.9987117224848208,-0.026067860424518585,,8,15.0,0.0019907921349482842,16.0,0.0019537511970488543,18.0,0.0019457013456869667,0.9182958340544896,0.9755307720176266,0.9535998353544739,15.0,0.0019438217392502676,25.0,0.0019379116765884693,17.0,0.0019565722708000076,18.0,0.0019319761198472452,29.0,0.0019422966209773314,,,,,,,,,0.9877812438119247,0.9688722567006118,0.9770358764490155,0.9375433175393748,0.9671944312960193,,,,,,,,,,
905,counting,How many people are in this photo?,4,http://images.cocodataset.org/train2014/COCO_train2014_000000131366.jpg,10,250,0.9986297041543595,-0.026372088119387627,,10,38.0,0.001962028379506115,17.0,0.0020015651436427976,18.0,0.001971316033640702,0.9616736453424157,0.9774178175281716,0.9915323997298832,18.0,0.001969375260816735,17.0,0.001949947592173299,38.0,0.001972936755876967,16.0,0.0019771248312871977,12.0,0.0019754680311834384,19.0,0.0019493776409145811,33.0,0.001959555731280439,,,,,1.0,0.9963890537299693,0.9472928708222963,0.8957541375001011,0.9798687566511528,0.9418071986717287,0.9719342103820019,,,,,,,,
906,counting,How many girls are in the picture?,4,http://images.cocodataset.org/train2014/COCO_train2014_000000131366.jpg,9,250,0.9986383516164155,-0.039379630237817764,,9,32.0,0.0019597970210446375,17.0,0.0019988095364314295,18.0,0.0019712502031793127,0.944202043218329,0.9774178175281716,0.9915323997298832,18.0,0.0019678422134245268,26.0,0.0019465117616688078,38.0,0.0019735904746755357,30.0,0.0019752282315479886,19.0,0.0019498907195731534,36.0,0.0019581489815123747,,,,,,,1.0,0.9743092791511183,0.9472928708222963,0.9692538648549296,0.9418071986717287,0.9569111122107062,,,,,,,,,
907,counting,How many people don't have a skateboard?,4,http://images.cocodataset.org/train2014/COCO_train2014_000000131366.jpg,5,332,0.9991329315336991,-0.07199352234601974,,5,25.0,0.0018329960107778768,24.0,0.001829185593747031,51.0,0.001824103439349431,0.9440510350957405,0.9608948553419607,0.9604059039181274,15.0,0.0018235108473369994,17.0,0.0018219031213268053,,,,,,,,,,,,,,,0.9877812438119247,0.932718552659954,,,,,,,,,,,,,
908,counting,How many of the four main individuals are wearing baseball caps?,0,http://images.cocodataset.org/train2014/COCO_train2014_000000131366.jpg,8,260,0.9969214980926824,-0.00896911695599556,,8,46.0,0.002020246559915358,17.0,0.002018617232027395,16.0,0.0020118043723782197,0.9725854147258669,0.9437600120884535,0.985056822321508,28.0,0.0020193666390648747,15.0,0.0020068448254120597,94.0,0.0020053986548809015,23.0,0.0019932702073664783,9.0,0.001998111774092753,,,,,,,,,0.9127045965049082,0.9877812438119246,0.9675231954583211,0.9910581831938823,0.9910760598382222,,,,,,,,,,
909,counting,How many racquets?,8,http://images.cocodataset.org/train2014/COCO_train2014_000000131366.jpg,9,261,0.9986441563002423,-0.029356300830841064,,9,15.0,0.0019985280990197593,17.0,0.0019612185499660625,18.0,0.0019507685297777838,0.9182958340544896,0.9878171319090819,0.9535998353544739,16.0,0.0019500033468386176,25.0,0.0019440660165201548,15.0,0.001965148309255338,16.0,0.0019613482131263862,18.0,0.0019379755932054596,29.0,0.0019475323481113894,,,,,,,0.9965119062478288,0.9688722567006118,0.9018972358711528,0.9755307720176266,0.9375433175393748,0.9671944312960193,,,,,,,,,
910,counting,How many legs are in the image?,8,http://images.cocodataset.org/train2014/COCO_train2014_000000131366.jpg,13,197,0.9985266421818917,-0.06020096689462662,,13,17.0,0.001976975497730369,15.0,0.0019433934732033698,15.0,0.0019574797685709727,0.8702290979524686,0.9664572819896989,0.9877812438119246,46.0,0.0019753783171790845,17.0,0.0019696402693845476,86.0,0.001963653373904014,16.0,0.0019801822604342922,13.0,0.0019774180130724328,9.0,0.0019621637302653988,38.0,0.001978689116933187,24.0,0.001974209135865822,23.0,0.0019662932388952443,0.9636673908358929,0.9603948809345497,0.9717294979224416,0.8194483718728035,0.9612366047228759,0.7642045065086203,0.9669133189923934,0.9477867202775714,0.8854529802805364,17.0,0.001971046637481446,,,0.9360847109776411,
911,counting,How many passengers does this bus carry?,30,http://images.cocodataset.org/train2014/COCO_train2014_000000262442.jpg,6,178,0.9976979782527988,-0.3287053108215332,,6,151.0,0.0021091478053690445,41.0,0.002062957102707246,15.0,0.0020525849245710604,0.9865308688013712,0.9777198518136893,0.9654013672997089,8.0,0.002020875002054922,38.0,0.0020793455013063088,37.0,0.00201897085326766,,,,,,,,,,,,,0.954434002924965,0.9606865517137433,0.9827654377572775,,,,,,,,,,,,
912,counting,How many open umbrellas are there on the beach?,3,http://images.cocodataset.org/train2014/COCO_train2014_000000131374.jpg,12,155,0.995059482272507,-0.11447938531637192,,12,16.0,0.002221442604080992,99.0,0.0022833021321837007,44.0,0.002258168064994929,0.9965119062478288,0.9883776303060267,0.9707660786217246,82.0,0.002249562053750936,17.0,0.0023351579301835535,19.0,0.002223070817069998,32.0,0.002217951323294642,17.0,0.0022113497740462135,36.0,0.002259852750200899,13.0,0.002211920450264377,10.0,0.0022155844098145625,17.0,0.0022190874799230616,0.9766386446520368,0.9975025463691152,0.94841021822029,0.9636971504137245,0.9363348190250748,0.9772334773480919,0.92146324007577,0.9709505944546686,0.9256134079485958,,,,,,
913,counting,How many umbrellas do you see?,3,http://images.cocodataset.org/train2014/COCO_train2014_000000131374.jpg,9,194,0.9972524499955698,-0.06860549002885818,,9,30.0,0.0021051690429891605,93.0,0.0021365165354029526,74.0,0.0021118766839751764,0.9661783347580308,0.9750629983021704,0.9790254182651369,17.0,0.002139624277320335,33.0,0.0021105931628958344,15.0,0.0020715904232272322,16.0,0.002071394570463592,7.0,0.002067181356603168,30.0,0.002095554760214053,,,,,,,0.8846148739279865,0.9948586330957647,0.9446232142545791,0.9886085007312412,0.863120568566631,0.947283096461977,,,,,,,,,
914,counting,How many striped objects are in the photo?,4,http://images.cocodataset.org/train2014/COCO_train2014_000000131374.jpg,10,186,0.9970447034039529,-0.08352218568325043,,10,26.0,0.0021385622673919663,56.0,0.0021336199086665693,16.0,0.002138612359435324,0.9711362770397297,0.9841135913624501,0.9755307720176266,22.0,0.002108427427182998,19.0,0.0021738177823459686,29.0,0.002136154793302981,78.0,0.0021459954544127474,41.0,0.0021670373600600128,15.0,0.0020943655825998654,17.0,0.0021048683687676134,,,,,0.9833753864788932,0.922317214818483,0.9905655791153918,0.9848709097257854,0.9558339147320554,0.9161314485121343,0.9519839065438831,,,,,,,,
915,location,Where is the giraffe?,near tree,http://images.cocodataset.org/train2014/COCO_train2014_000000000025.jpg,0,292,0.9959113644228419,-1.1192967891693115,Z,0,,,,,,,,,,,,,,,,,,,,,,,,,,,,,,,,,,,,,,,,,,
916,location,Where are the two blue coolers?,left,http://images.cocodataset.org/train2014/COCO_train2014_000000262172.jpg,2,315,0.9976726543874257,-0.6370041966438293,F,2,23.0,0.0020249251498657373,21.0,0.002146065418577507,,,0.9910581831938825,0.9424257960378288,,,,,,,,,,,,,,,,,,,,,,,,,,,,,,,,,,
917,location,Where are the trucks?,dock,http://images.cocodataset.org/train2014/COCO_train2014_000000262184.jpg,4,273,0.9987717543072681,-1.2149415016174316,Park,4,16.0,0.002097318055275388,33.0,0.0020428073400361843,119.0,0.002063416555942139,0.9886994082884974,0.9588553781898295,0.9689441599657734,30.0,0.0020139576009775366,,,,,,,,,,,,,,,,,0.9715270798158866,,,,,,,,,,,,,,
918,location,Where is Brooklyn Avenue?,bottom,http://images.cocodataset.org/train2014/COCO_train2014_000000131126.jpg,8,104,0.9523042069594994,-1.6725168228149414,Brook,8,247.0,0.005982612226977069,21.0,0.004755579634798805,15.0,0.007149786821712455,0.9708869107467986,0.9345195551189082,0.9967916319816366,36.0,0.004824228437053693,45.0,0.005133336505906906,19.0,0.005531315285910984,15.0,0.006989993256291213,25.0,0.00600946058390798,,,,,,,,,0.9306314909545548,0.9582324871534961,0.899507835327561,0.9709505944546686,0.9119170469093422,,,,,,,,,,
919,location,Where is the bird?,on cliff,http://images.cocodataset.org/train2014/COCO_train2014_000000262201.jpg,10,283,0.9982717695736264,-0.85201096534729,On,10,37.0,0.002087886458443222,20.0,0.0021001728664141045,15.0,0.0020033098838747195,0.9623187332267374,0.9463946303571862,0.9664572819896989,59.0,0.0020576762580658374,15.0,0.002043033764485356,12.0,0.0020157651699512853,9.0,0.0020255759196084497,21.0,0.002066826213205242,16.0,0.002013249457500032,16.0,0.002057125319580005,,,,,0.9598513159550573,0.9500685975366211,0.9358932809493993,0.9910760598382222,0.91874241485597,0.9681390622295665,0.949701216438411,,,,,,,,
920,location,Where is the mirror?,wall,http://images.cocodataset.org/train2014/COCO_train2014_000000262207.jpg,6,229,0.9993821873589916,-1.7479345798492432,On,6,121.0,0.0018557418487610436,47.0,0.0018524299297187053,18.0,0.0018521907213259947,0.9726779575645221,0.9631734761832703,0.9342064019134054,23.0,0.0018454978165649038,23.0,0.0018512664015698412,18.0,0.001834060398809534,,,,,,,,,,,,,0.9863237070924826,0.9321883810995898,0.9773429734731779,,,,,,,,,,,,
921,location,Where is the sink located?,bathroom,http://images.cocodataset.org/train2014/COCO_train2014_000000393291.jpg,8,227,0.9837122011634971,-0.09694063663482666,Bath,8,26.0,0.003199239408734026,38.0,0.00310094551633197,38.0,0.0031078052340912307,0.9609688542306613,0.9596564588008282,0.9635399437566662,18.0,0.0035070210498037227,15.0,0.003285176086714184,18.0,0.003669559725418923,16.0,0.003075945864405695,9.0,0.003429051109712455,,,,,,,,,0.9656336071428252,0.9500685975366211,0.8929352898779308,0.9042492561839792,0.7642045065086203,,,,,,,,,,
922,location,Where is the soap?,shower,http://images.cocodataset.org/train2014/COCO_train2014_000000393291.jpg,11,247,0.9985306196281442,-1.503165364265442,On,11,15.0,0.0018904457245868009,16.0,0.0018633442670553744,29.0,0.0018849970460672642,0.9967916319816366,0.9681390622295665,0.931202666291245,15.0,0.0018624272685054365,15.0,0.001858599070530586,15.0,0.001856720102499426,13.0,0.0018658842294502853,16.0,0.0018691926096429399,15.0,0.0018676690933904455,17.0,0.0018611236700603415,25.0,0.0018842857420750536,,,0.944623214254579,0.982798115178801,0.9664572819896988,0.9770455804590027,0.9965119062478288,0.9877812438119247,0.9856676426534906,0.9440510350957405,,,,,,,
923,location,Where is the human?,on top of hill,http://images.cocodataset.org/train2014/COCO_train2014_000000524375.jpg,6,245,0.9320478857051554,-1.1834203004837036,Hill,6,15.0,0.003983068531960053,40.0,0.005140959555665314,15.0,0.005069569334073318,0.9859247724121322,0.9804077717836933,0.9609640474436811,40.0,0.004789951452735869,43.0,0.006306719260240806,8.0,0.004035192644615172,,,,,,,,,,,,,0.985333819347341,0.9939518456696579,0.9463946303571862,,,,,,,,,,,,
924,location,Where is the light coming from?,window,http://images.cocodataset.org/train2014/COCO_train2014_000000262159.jpg,4,257,0.9906025758131088,-1.2034475803375244,Light,4,121.0,0.0023544883824797233,16.0,0.0023022415762815026,44.0,0.0023734504089708143,0.9799616776180855,0.9886085007312413,0.9831547675931352,18.0,0.0024016060383237944,,,,,,,,,,,,,,,,,0.9758159039662214,,,,,,,,,,,,,,
925,location,Where is the television?,wall,http://images.cocodataset.org/train2014/COCO_train2014_000000524386.jpg,2,165,0.9993903509250388,-0.3701327443122864,Living,2,187.0,0.0018859867504308606,41.0,0.0018655941991485624,,,0.9791301475120974,0.9592140183656571,,,,,,,,,,,,,,,,,,,,,,,,,,,,,,,,,,
926,location,Where is the street sign?,pole,http://images.cocodataset.org/train2014/COCO_train2014_000000393317.jpg,5,411,0.9951050267625792,-1.0910592079162598,On,5,21.0,0.002336656061654777,15.0,0.0023488642375257035,15.0,0.0024855570308389306,0.9479530138916262,0.9602297178607612,0.9967916319816366,15.0,0.0022503928546197716,15.0,0.0023428439503092604,,,,,,,,,,,,,,,0.982798115178801,0.9602297178607612,,,,,,,,,,,,,
927,location,Where are the women walking?,crosswalk,http://images.cocodataset.org/train2014/COCO_train2014_000000393317.jpg,11,285,0.9962866380688783,-0.7128266096115112,Side,11,21.0,0.0024535243051031688,34.0,0.0024634326059368,20.0,0.002678521304227433,0.9907017951253161,0.9687813293987559,0.9197173235750931,4.0,0.0020618510080959093,15.0,0.0026622482141400493,48.0,0.0026100436747245677,23.0,0.0023791800749303435,17.0,0.0027913084759006545,16.0,0.002469623729554692,15.0,0.002396200566854226,15.0,0.0023438220059774136,,,1.0,0.9709505944546686,0.9541242854389832,0.9841517646228418,0.9774178175281716,0.9755307720176265,1.0,0.9161314485121342,,,,,,,
928,location,Where is the woman standing?,crosswalk,http://images.cocodataset.org/train2014/COCO_train2014_000000393317.jpg,8,323,0.9972732068624051,-0.546572744846344,Side,8,22.0,0.002350334402296229,44.0,0.0023795001510915365,20.0,0.002582724850612576,0.9970151057384782,0.9858158244738582,0.9197173235750931,4.0,0.0019660880691154434,47.0,0.002445044725602113,21.0,0.002234842138204734,17.0,0.00264136929109458,16.0,0.002368904285853407,,,,,,,,,1.0,0.9707010931238399,0.9823520940407284,0.9774178175281716,0.9463946303571862,,,,,,,,,,
929,location,Where was this shot at?,florist,http://images.cocodataset.org/train2014/COCO_train2014_000000262283.jpg,7,174,0.9970837448349625,-1.1772160530090332,Flor,7,40.0,0.0022643324724930104,56.0,0.0022246173624564576,25.0,0.002246173122454518,0.9962443905824622,0.9903215874727581,0.9879978722659255,16.0,0.0022119189181902953,17.0,0.002369040029659014,15.0,0.0022743632456354275,18.0,0.002592579380596165,,,,,,,,,,,0.9954133073923868,0.9519839065438831,0.982798115178801,0.9057125980138372,,,,,,,,,,,
930,location,Where is the cupcake?,plate,http://images.cocodataset.org/train2014/COCO_train2014_000000393375.jpg,8,217,0.9993995744279991,-0.433348149061203,On,8,24.0,0.0018901180684558155,29.0,0.0018922453009029845,12.0,0.001897411424116642,0.9360898016760627,0.9440317686260284,0.9798687566511528,38.0,0.001901142025455573,19.0,0.0019241448307823392,134.0,0.0018949498510135426,21.0,0.0019352697619194727,29.0,0.0018865151195665178,,,,,,,,,0.9585978790671997,0.8693978806749074,0.9768563284994328,0.8559631658263386,0.9431289938554286,,,,,,,,,,
931,location,Where was this picture taken?,parking lot,http://images.cocodataset.org/train2014/COCO_train2014_000000393384.jpg,8,180,0.9823163936239585,-0.8650963306427002,Airport,8,17.0,0.003116582518324835,111.0,0.00324655374111596,48.0,0.00342396408421507,0.9605278493513334,0.9680511768799055,0.9912722657208475,39.0,0.0032800738118770514,27.0,0.003321678389239941,38.0,0.00337009084611014,18.0,0.0036977299911495187,19.0,0.0035359135808200816,,,,,,,,,0.9687502065936512,0.9222277221150782,0.9712055321904748,0.872009434056298,0.9826301639446198,,,,,,,,,,
932,location,Where is the laptop?,on table,http://images.cocodataset.org/train2014/COCO_train2014_000000137918.jpg,6,149,0.9964294389643784,-0.8954660892486572,Table,6,281.0,0.002384892315506505,15.0,0.002274887058849134,16.0,0.002334266589857648,0.9786775036576172,0.9877812438119247,0.985056822321508,18.0,0.0022283167572421363,11.0,0.0021938532771940055,20.0,0.0023058226520511907,,,,,,,,,,,,,0.9874687506009635,0.9431887805255736,0.9609640474436811,,,,,,,,,,,,
933,location,Where are the two upside down glasses?,nightstand,http://images.cocodataset.org/train2014/COCO_train2014_000000393394.jpg,7,212,0.999217547961387,-1.1698147058486938,On,7,160.0,0.001943123169202023,19.0,0.0019166831475125148,17.0,0.001948936662977994,0.9773554840493911,0.9796494552648446,0.8846148739279867,27.0,0.0019347286848645307,21.0,0.0019398973834669783,78.0,0.0019421703492343379,23.0,0.0019150374736231059,,,,,,,,,,,0.9452959184787421,0.91874241485597,0.9667950132915147,0.9459180977787195,,,,,,,,,,,
934,location,Where is the open door?,nowhere,http://images.cocodataset.org/train2014/COCO_train2014_000000393403.jpg,7,204,0.9899546008726359,-1.2564414739608765,Bus,7,112.0,0.0028474905803600437,15.0,0.002719671939778902,6.0,0.0023772126988047437,0.9701202896370951,0.8983958159908183,1.0,17.0,0.002944211607933473,16.0,0.002615676185023037,17.0,0.002574844579144787,59.0,0.002766161934989565,,,,,,,,,,,0.8846148739279867,0.9886085007312412,0.9595784770480081,0.9728002969740369,,,,,,,,,,,
935,location,Where are the buns?,by plates,http://images.cocodataset.org/train2014/COCO_train2014_000000524486.jpg,8,267,0.9960237241838086,-1.000093698501587,On,8,46.0,0.002270477948601504,16.0,0.0022136775588687397,18.0,0.0022928315229767036,0.9295139164447961,0.9755307720176266,0.872009434056298,38.0,0.0022402401137591593,27.0,0.002236342057620179,31.0,0.0022010628425703305,16.0,0.0022762631810354646,16.0,0.002259966974947531,,,,,,,,,0.9291341195130589,0.9667496400313236,0.9555280917123578,0.886859507142915,0.8620485698650454,,,,,,,,,,
936,location,Where is the table lamp?,on table,http://images.cocodataset.org/train2014/COCO_train2014_000000448671.jpg,7,343,0.9993644282318245,-1.5167068243026733,On,7,16.0,0.0018848816044524472,20.0,0.0019085721537061306,21.0,0.0019107577040225014,0.9886085007312413,0.9283898247235197,0.9363346784550166,16.0,0.0018865763757280665,17.0,0.0018815679998241495,24.0,0.0019499042720414585,21.0,0.0019042633451426538,,,,,,,,,,,0.9528195311147832,0.9963890537299693,0.9642934129442272,0.9566859396996199,,,,,,,,,,,
937,location,Where is the cup?,on table,http://images.cocodataset.org/train2014/COCO_train2014_000000393428.jpg,11,223,0.9993901410691792,-0.7897446751594543,On,11,19.0,0.001895786311787445,16.0,0.0018897440123523505,17.0,0.0018697444652939876,0.9892422967543257,0.9248008763572907,0.9719977955078913,36.0,0.0018806951656564763,11.0,0.0018728834057189134,27.0,0.001925310055425114,14.0,0.0019029321709830161,37.0,0.0019008523608448182,17.0,0.0019106657195378171,17.0,0.0019028937036401272,15.0,0.0019114233425217135,,,0.9846771176582445,0.9713067383178076,0.9115455847100359,0.9417346261113358,0.9615654242997085,0.9770358764490155,0.9967828263127351,0.9189900464321514,,,,,,,
938,location,Where do you think all these are located?,restaurant,http://images.cocodataset.org/train2014/COCO_train2014_000000262359.jpg,8,270,0.9988294714563266,-0.41605687141418457,R,8,26.0,0.0019084427615126405,17.0,0.0019246276129789024,31.0,0.0018996571907839602,0.9098410046750504,0.9975025463691152,0.923687018378833,15.0,0.001888635549277155,40.0,0.0019003996409821405,30.0,0.001891248651407182,57.0,0.0018979695416791336,19.0,0.0019044262477676025,,,,,,,,,0.8983958159908182,0.9896194186251149,0.9585097506585177,0.9642264670317555,0.899507835327561,,,,,,,,,,
939,location,Where is the room?,restaurant,http://images.cocodataset.org/train2014/COCO_train2014_000000262359.jpg,8,278,0.9982855540881044,-0.6313238739967346,R,8,19.0,0.001977368782837306,39.0,0.0019622192136051968,10.0,0.0019673355366020442,0.9283213239079567,0.9458603807957212,0.7219280948873623,15.0,0.001949149862406215,113.0,0.0019669674544058957,17.0,0.0019476337027723412,31.0,0.0019498432598401055,8.0,0.0019344083652109612,,,,,,,,,0.9877812438119247,0.9641436690609211,0.9507532012507529,0.9658304877874208,1.0,,,,,,,,,,
940,location,Where is the cat?,bed,http://images.cocodataset.org/train2014/COCO_train2014_000000393432.jpg,4,286,0.9849728414018728,-0.7887256145477295,Bed,4,25.0,0.002802198111028396,26.0,0.0031173516679147235,19.0,0.0028548132336434955,0.9820988001732525,0.9236658308516223,0.9056841333772502,15.0,0.0029450740045492583,,,,,,,,,,,,,,,,,0.9189900464321514,,,,,,,,,,,,,,
941,location,Where is number 8?,left,http://images.cocodataset.org/train2014/COCO_train2014_000000524557.jpg,9,247,0.9892935238008512,-1.5553925037384033,Now,9,18.0,0.002464333251585022,21.0,0.0024861260081328294,30.0,0.0023972945688717413,0.9656336071428252,0.8907082013105603,0.9856470247152446,48.0,0.0024150695079922808,18.0,0.002454672924882827,71.0,0.00244658200424409,36.0,0.002535721357011162,15.0,0.002347551733204686,47.0,0.0025164410180701135,,,,,,,0.9539783831816776,0.9915323997298832,0.964355195908695,0.986590982795788,0.9664572819896989,0.9821059719615588,,,,,,,,,
942,location,Where is the shower located?,in bathroom,http://images.cocodataset.org/train2014/COCO_train2014_000000546179.jpg,4,297,0.9898155743198295,-0.19658851623535156,Bath,4,46.0,0.0028566802843647656,61.0,0.002971757469872696,26.0,0.0031112596111737387,0.9552334520837152,0.9825427427306531,0.9433524046116087,15.0,0.0030813095773763403,,,,,,,,,,,,,,,,,0.8830374409547587,,,,,,,,,,,,,,
943,location,Where is the cat sitting?,stump,http://images.cocodataset.org/train2014/COCO_train2014_000000524572.jpg,3,241,0.9930684637686736,-1.0529555082321167,F,3,92.0,0.00253300331719862,19.0,0.002501147430927916,11.0,0.0024861029891856683,0.9855983627828854,0.9769780367557707,0.9713067383178076,,,,,,,,,,,,,,,,,,,,,,,,,,,,,,,,,
944,location,Where is this?,beach,http://images.cocodataset.org/train2014/COCO_train2014_000000131373.jpg,5,90,0.986841353789082,-0.5217681527137756,Beach,5,182.0,0.002984575893722337,50.0,0.0027194951885312676,57.0,0.0026853481655956905,0.977292320514434,0.9838796767490925,0.9879202135168036,25.0,0.002843305250100373,7.0,0.0025093374881111725,,,,,,,,,,,,,,,0.9449744556693416,0.9821410328348752,,,,,,,,,,,,,
945,reasoning,Why is the man on the street?,homeless,http://images.cocodataset.org/train2014/COCO_train2014_000000524314.jpg,6,292,0.9970482697464171,-1.3658194541931152,The,6,17.0,0.0021691353910412866,15.0,0.002120565299085991,41.0,0.002197830066728391,0.8919296718389884,0.9543063494363562,0.9799074384137925,24.0,0.002236902823144969,70.0,0.002172836115451171,16.0,0.002160284747316873,,,,,,,,,,,,,0.9239274071999327,0.9572516770177031,0.985056822321508,,,,,,,,,,,,
946,reasoning,Why are the birds only appearing as black silhouettes?,shadows,http://images.cocodataset.org/train2014/COCO_train2014_000000262260.jpg,8,241,0.9978081181040821,-0.7918427586555481,The,8,16.0,0.002135325538860607,29.0,0.002081389969326153,23.0,0.002121999672689982,0.8980898459737487,0.9857704986199521,0.9810145480662167,15.0,0.0020920222526052577,15.0,0.0020951062495563636,20.0,0.0021752243342633196,18.0,0.0022330923577190973,3.0,0.0020289502267208845,,,,,,,,,0.9609640474436811,0.9543063494363562,0.9283898247235197,0.8527924884900406,0.0,,,,,,,,,,
947,reasoning,Why are there so many clothes on the bed?,laundry,http://images.cocodataset.org/train2014/COCO_train2014_000000131208.jpg,11,209,0.9986659047605497,-0.7329858541488647,The,11,16.0,0.001937169229412476,15.0,0.0019173994177721203,17.0,0.0019773528074721125,0.9414280318460245,0.9949490477321437,0.8846148739279865,17.0,0.0019721328651351156,61.0,0.001963550981708964,24.0,0.0019257510829251727,25.0,0.0019534937995821806,15.0,0.001921194837672539,16.0,0.0019504827085568203,18.0,0.001979581001636586,25.0,0.0019416940122279585,,,0.9360847109776411,0.9564341131177926,0.9882484440780547,0.963261444660655,0.982798115178801,0.9755307720176266,0.920619835714305,0.9858296553988215,,,,,,,
948,reasoning,Why is the man cooking so many hot dogs?,party,http://images.cocodataset.org/train2014/COCO_train2014_000000524486.jpg,9,267,0.9988876981739776,-1.04279363155365,The,9,38.0,0.0019970833572799163,17.0,0.0019504458255619039,23.0,0.0020031709620068005,0.9844881672017449,0.9771236998460401,0.992638795254511,29.0,0.0020093872997087306,16.0,0.0019907413960588544,7.0,0.001942145280107214,45.0,0.0019981198652447435,21.0,0.001958975889145325,17.0,0.0020075229206674918,,,,,,,0.9208827968721132,0.949701216438411,0.863120568566631,0.9574151466794776,0.9629610647945144,0.9603948809345497,,,,,,,,,
949,reasoning,Why is the girl holding an umbrella?,sun,http://images.cocodataset.org/train2014/COCO_train2014_000000000036.jpg,5,336,0.9993174493525587,-0.9832038879394531,The,5,22.0,0.001923690041734058,19.0,0.0019160948531821164,15.0,0.0018983359107451704,0.9645454255594046,0.9462035592964384,0.9161314485121343,24.0,0.0019205638997111096,16.0,0.001915441431642527,,,,,,,,,,,,,,,0.9514282211802995,0.8980898459737487,,,,,,,,,,,,,
950,reasoning,Why would someone not like the fruit at the front?,they don't like oranges,http://images.cocodataset.org/train2014/COCO_train2014_000000039288.jpg,6,278,0.9980547953943875,-1.806901216506958,The,6,57.0,0.002139660355586437,15.0,0.0021770737268942213,16.0,0.002169524880146853,0.9897398525776803,0.8443536850036224,0.8620485698650454,13.0,0.0021790585421490173,37.0,0.0021092163648194382,21.0,0.0020549225051242357,,,,,,,,,,,,,0.8904916402194913,0.9316089712514837,0.9574423384582355,,,,,,,,,,,,
951,reasoning,Why is the top light on?,to stop traffic,http://images.cocodataset.org/train2014/COCO_train2014_000000524520.jpg,3,298,0.9981265900396924,-1.0230543613433838,The,3,20.0,0.002026691748983239,28.0,0.0020182581784718395,16.0,0.002041361061731482,0.955894174002648,0.9849004147224489,0.9681390622295665,,,,,,,,,,,,,,,,,,,,,,,,,,,,,,,,,
952,reasoning,Why is the man in mid-air?,snowboarding,http://images.cocodataset.org/train2014/COCO_train2014_000000524547.jpg,4,277,0.9990090466870392,-0.6316044330596924,The,4,16.0,0.0020139776713950877,15.0,0.0019631892828231093,38.0,0.0020651017495844463,0.9248008763572907,0.982798115178801,0.8992226323708038,44.0,0.0019958667139263427,,,,,,,,,,,,,,,,,0.9603251955086497,,,,,,,,,,,,,,
953,classification,What kind of room is this?,living room,http://images.cocodataset.org/train2014/COCO_train2014_000000262172.jpg,2,265,0.9993080539067445,-0.23452594876289368,Living,2,62.0,0.0018837450038200248,21.0,0.0019143420240328927,,,0.9769612833994618,0.8492479148855678,,,,,,,,,,,,,,,,,,,,,,,,,,,,,,,,,,
954,classification,What kind of trees are on the table?,christmas,http://images.cocodataset.org/train2014/COCO_train2014_000000458763.jpg,6,146,0.9832973077926903,-0.4703928828239441,Christmas,6,16.0,0.003614286065940967,32.0,0.0044412600687632345,102.0,0.004115608884279397,0.9772170014624825,0.9378422525080443,0.963601656979596,85.0,0.003529466366569117,15.0,0.0042583952288582725,17.0,0.005208959896001638,,,,,,,,,,,,,0.9827975174847764,0.9654013672997089,0.8846148739279865,,,,,,,,,,,,
955,classification,What kind of food is shown?,hot dog,http://images.cocodataset.org/train2014/COCO_train2014_000000524377.jpg,6,112,0.9969529936183057,-1.099043607711792,Hot,6,225.0,0.002332192256278854,17.0,0.002427826934286456,29.0,0.002351959628474016,0.9751227484407424,0.9975025463691152,0.9951756793098177,143.0,0.0023155417145816395,44.0,0.0022896793646051132,60.0,0.0022813216119860155,,,,,,,,,,,,,0.9798821485110213,0.9888078552842766,0.9812005827898667,,,,,,,,,,,,
956,classification,What kind of sauce is in the largest ramekin?,butter,http://images.cocodataset.org/train2014/COCO_train2014_000000524377.jpg,5,253,0.9806069262362013,-0.9606754779815674,Must,5,27.0,0.003376483854502959,17.0,0.003134817138568736,48.0,0.0031631951071018093,0.9984765590903153,0.9256134079485958,0.9901326658852715,232.0,0.0032908482742601925,27.0,0.0032222366065940127,,,,,,,,,,,,,,,0.9862438615476311,0.978535424197746,,,,,,,,,,,,,
957,classification,What kind of toppings are on the hot dogs?,onions,http://images.cocodataset.org/train2014/COCO_train2014_000000524377.jpg,2,102,0.9898935116922251,-0.6558362245559692,On,2,17.0,0.0028259692121749376,296.0,0.0034822069763614065,,,0.9595784770480079,0.9726437729024109,,,,,,,,,,,,,,,,,,,,,,,,,,,,,,,,,,
958,classification,What kind of meat is this?,hot dog,http://images.cocodataset.org/train2014/COCO_train2014_000000524377.jpg,6,256,0.9946459617174994,-0.6487321853637695,Hot,6,18.0,0.00228612849621832,37.0,0.002494201815092909,24.0,0.002342031823859571,0.9375433175393748,0.9708903361469577,0.9859894062555719,16.0,0.0024605487967966112,41.0,0.0024598743477848256,23.0,0.0025214786085797493,,,,,,,,,,,,,0.8950145145731531,0.9474814366713633,0.9131048906957293,,,,,,,,,,,,
959,classification,What kind of potato are the fries?,sweet,http://images.cocodataset.org/train2014/COCO_train2014_000000524377.jpg,4,253,0.9975145224776933,-0.587687611579895,S,4,16.0,0.001936475265246837,22.0,0.0019427693538854854,8.0,0.0019499895819993613,0.9724056781360315,0.9888167467420675,0.954434002924965,15.0,0.0019309900365910115,,,,,,,,,,,,,,,,,0.9718495448242642,,,,,,,,,,,,,,
960,classification,What kind of plants are these?,flowers,http://images.cocodataset.org/train2014/COCO_train2014_000000393306.jpg,7,205,0.9980911305212529,-0.8192254304885864,D,7,28.0,0.0019052190087554648,27.0,0.0019510597471937092,73.0,0.0019118479028336556,0.9652818091232152,0.9527086220160397,0.9757673506051388,16.0,0.0019401444102989068,8.0,0.0019157625225847369,22.0,0.0019135237946623954,15.0,0.0018964734734908462,,,,,,,,,,,0.7743974703476992,0.8112781244591328,0.9513590473032971,0.982798115178801,,,,,,,,,,,
961,classification,What kind of aircraft is this?,cargo plane,http://images.cocodataset.org/train2014/COCO_train2014_000000393311.jpg,1,35,0.9978387595629888,-0.49308130145072937,Air,1,755.0,0.0020609468706319946,,,,,0.9949301324478039,,,,,,,,,,,,,,,,,,,,,,,,,,,,,,,,,,,
962,classification,What kind of lamp is on the floor?,floor lamp,http://images.cocodataset.org/train2014/COCO_train2014_000000524386.jpg,3,316,0.9984176347999651,-1.23813796043396,L,3,17.0,0.0024830238552262956,20.0,0.0023938912654044285,15.0,0.0026761613780388726,0.8516924496551459,0.9703227248076731,0.9967916319816366,,,,,,,,,,,,,,,,,,,,,,,,,,,,,,,,,
963,classification,What kind of hat is the man with the girls wearing?,baseball cap,http://images.cocodataset.org/train2014/COCO_train2014_000000131172.jpg,6,205,0.992535301804608,-0.42587488889694214,Baseball,6,32.0,0.0025273550040889594,46.0,0.0025842424479943136,19.0,0.0024923289998637623,0.9605161464393661,0.970177506021035,0.968715212846104,16.0,0.0024297063956968622,50.0,0.002589057873116929,17.0,0.0029597801720542406,,,,,,,,,,,,,0.9592101522724051,0.9582982752498559,0.9774178175281716,,,,,,,,,,,,
964,classification,What kind of celebration is this?,birthday,http://images.cocodataset.org/train2014/COCO_train2014_000000000113.jpg,3,289,0.9972651160711655,-0.7126922011375427,Wed,3,129.0,0.0020156898734124172,12.0,0.0019455921802375934,23.0,0.002016782271142905,0.9699967842281804,0.9795739585136224,0.992638795254511,,,,,,,,,,,,,,,,,,,,,,,,,,,,,,,,,
965,classification,What kind of court is at the edge of the field?,soccer,http://images.cocodataset.org/train2014/COCO_train2014_000000000149.jpg,7,247,0.9931522173419807,-0.33876803517341614,Tennis,7,15.0,0.002777230347645004,20.0,0.0025899361190287935,23.0,0.0026090663787432604,0.9967916319816366,0.9416915491145068,0.9863237070924824,38.0,0.0025782131719166504,30.0,0.0025657322937931355,57.0,0.002444490455948253,10.0,0.0022356917244627595,,,,,,,,,,,0.9410726317845493,0.9598568375662753,0.9686693980023607,0.9609640474436811,,,,,,,,,,,
966,classification,What kind of nut is shown?,peanut,http://images.cocodataset.org/train2014/COCO_train2014_000000393379.jpg,3,277,0.9950381435457898,-0.9742817878723145,Wal,3,178.0,0.002372234339570428,15.0,0.002234618413186704,11.0,0.0023220686378112726,0.974920933329074,0.9949490477321437,0.9456603046006401,,,,,,,,,,,,,,,,,,,,,,,,,,,,,,,,,
967,classification,What kind of animals are in there?,cows,http://images.cocodataset.org/train2014/COCO_train2014_000000131245.jpg,5,216,0.9984586296194603,-0.6656526327133179,C,5,38.0,0.0019049202348408263,22.0,0.0019008199851167447,17.0,0.0019014893364474145,0.9847332066426742,0.9888167467420675,0.981232716348107,107.0,0.0019063138076935032,18.0,0.0019167460896541669,,,,,,,,,,,,,,,0.9830670714853532,0.8424887242433627,,,,,,,,,,,,,
968,classification,What kind of siding is on this house?,tile,http://images.cocodataset.org/train2014/COCO_train2014_000000524471.jpg,7,258,0.9996860902302951,-0.8280519247055054,T,7,60.0,0.0017634036523739604,15.0,0.0017624472461318901,41.0,0.0017632384938038206,0.9791221587455969,1.0,0.954871054742307,19.0,0.0017647807362314138,37.0,0.0017646028773903749,16.0,0.0017624221106207834,15.0,0.0017629030301568695,,,,,,,,,,,0.8597769141610625,0.9747016515811022,0.9248008763572906,0.9602297178607612,,,,,,,,,,,
969,classification,What kind of vehicle is the yellow one?,truck,http://images.cocodataset.org/train2014/COCO_train2014_000000283700.jpg,3,363,0.9997082853006097,-0.2918822765350342,T,3,21.0,0.0017636646385505122,64.0,0.0017656926545322664,18.0,0.001767915691519975,0.942853596811846,0.962717067815542,0.872009434056298,,,,,,,,,,,,,,,,,,,,,,,,,,,,,,,,,
970,classification,What kind of room is this?,kitchen,http://images.cocodataset.org/train2014/COCO_train2014_000000393418.jpg,8,278,0.9980125333267938,-0.09708841145038605,K,8,20.0,0.0020369057036282276,24.0,0.0020399435367576767,60.0,0.0020498764843194356,0.9911594714322186,0.9608948553419607,0.9462726062311207,29.0,0.0020080628126022686,17.0,0.0019984914203960164,16.0,0.00202951461594131,16.0,0.001993108316964753,19.0,0.001998287332899849,,,,,,,,,0.9584063051538105,0.9507532012507529,0.8950145145731531,0.9248008763572907,0.9720048748581784,,,,,,,,,,
971,classification,What kind of pizza is this?,cheese,http://images.cocodataset.org/train2014/COCO_train2014_000000131300.jpg,6,160,0.9976797343631337,-0.7355406284332275,Che,6,231.0,0.00209678848438349,15.0,0.0020987394890544034,49.0,0.0020885768998086507,0.9846349024331075,0.9018972358711528,0.9870465931583909,26.0,0.0020958004751854926,40.0,0.002112331655360919,37.0,0.002077875076730309,,,,,,,,,,,,,0.9325023032951826,0.9518474318444288,0.9703983071046286,,,,,,,,,,,,
972,classification,What kind of trees are in this photo?,pine,http://images.cocodataset.org/train2014/COCO_train2014_000000393480.jpg,8,171,0.9978161857144691,-0.220227912068367,P,8,15.0,0.002031006181646986,100.0,0.0020601680191995164,15.0,0.0019872051228292257,0.9500685975366211,0.9688258142416147,0.9859247724121322,9.0,0.001989419997677354,15.0,0.0020228320862729237,25.0,0.0020078717409105695,40.0,0.0020074840099093077,25.0,0.0020098488147059436,,,,,,,,,0.9656336071428252,0.9654013672997089,0.9415324267575269,0.9800928644559967,0.9745130035431456,,,,,,,,,,
973,classification,What kind of suit is he wearing?,swim,http://images.cocodataset.org/train2014/COCO_train2014_000000131339.jpg,0,360,0.9989890510310594,-0.983712911605835,Sw,0,,,,,,,,,,,,,,,,,,,,,,,,,,,,,,,,,,,,,,,,,,
974,classification,What kind of passenger does the bus carry?,children,http://images.cocodataset.org/train2014/COCO_train2014_000000262415.jpg,4,352,0.9946383003830958,-0.9561401605606079,School,4,46.0,0.00255336131443658,16.0,0.0024742930844354766,26.0,0.002487308642371048,0.9344126095539271,0.985056822321508,0.9785634767531909,31.0,0.002462396530371378,,,,,,,,,,,,,,,,,0.9484823359339594,,,,,,,,,,,,,,
975,classification,What kind of id is that?,old id,http://images.cocodataset.org/train2014/COCO_train2014_000000393489.jpg,7,215,0.9871158683451423,-1.5571695566177368,Phone,7,25.0,0.002871627350457594,25.0,0.0037116372827559014,22.0,0.003844893653317323,0.9730265235413915,0.9548163081079344,0.9645454255594046,26.0,0.00328438939115803,73.0,0.004418935852953149,27.0,0.003836637446000466,25.0,0.00349349939480744,,,,,,,,,,,0.9870271094132725,0.9724708471889884,0.9713833059551538,0.9505030771498539,,,,,,,,,,,
976,classification,What kind of phone is this?,pharos,http://images.cocodataset.org/train2014/COCO_train2014_000000393489.jpg,3,293,0.9962706582436865,-1.34636652469635,This,3,68.0,0.002283603722474029,26.0,0.0022678188578494924,40.0,0.0022259876928032206,0.9640169050712336,0.9510902942890812,0.9907245242787824,,,,,,,,,,,,,,,,,,,,,,,,,,,,,,,,,
977,classification,What kind of animal is on the beach?,horse,http://images.cocodataset.org/train2014/COCO_train2014_000000131373.jpg,3,154,0.997608209582562,-0.04018029198050499,Hor,3,257.0,0.0022214655043023886,38.0,0.002132698701843455,21.0,0.002112196917133895,0.9683990788223504,0.9687444000174409,0.9898279823399507,,,,,,,,,,,,,,,,,,,,,,,,,,,,,,,,,
978,comparison,Which hand holds the umbrella?,right,http://images.cocodataset.org/train2014/COCO_train2014_000000131101.jpg,5,127,0.9991319458728275,-0.6584815979003906,Left,5,197.0,0.001952843980676652,48.0,0.0019329793628525965,20.0,0.0019060260856123604,0.9745340470754719,0.9601348254579959,0.9520308502568678,27.0,0.0019284287859633554,24.0,0.0019086428430595645,,,,,,,,,,,,,,,0.9277760013580333,0.9766053646973061,,,,,,,,,,,,,
979,comparison,Which direction is Brooklyn Ave?,north,http://images.cocodataset.org/train2014/COCO_train2014_000000131126.jpg,1,288,0.9920604927190093,-0.5341799855232239,Right,1,18.0,0.002774492388448879,,,,,0.8424887242433627,,,,,,,,,,,,,,,,,,,,,,,,,,,,,,,,,,,
980,comparison,Which hand is the man holding up?,left,http://images.cocodataset.org/train2014/COCO_train2014_000000393306.jpg,6,71,0.9988077900341389,-0.584469199180603,Left,6,278.0,0.002033667872844176,36.0,0.0019830555685343507,13.0,0.001991747470336661,0.9793931264090391,0.9761167036825541,0.9770455804590027,22.0,0.0020111130667053246,20.0,0.001984155616887892,25.0,0.0019636623215683034,,,,,,,,,,,,,0.9666425652015439,1.0,0.9730265235413915,,,,,,,,,,,,
981,comparison,Which floor lamp is not lit?,one in corner,http://images.cocodataset.org/train2014/COCO_train2014_000000524386.jpg,3,218,0.9991260973441236,-0.9971798658370972,Right,3,175.0,0.001963190373510721,25.0,0.00194090206202229,31.0,0.0019358839137251934,0.9787173275683532,0.9790081411766279,0.95913489477838,,,,,,,,,,,,,,,,,,,,,,,,,,,,,,,,,
982,comparison,Which buses are double deckers?,0,http://images.cocodataset.org/train2014/COCO_train2014_000000000149.jpg,9,244,0.996834750138847,-0.6602163314819336,,9,48.0,0.002096918763827767,25.0,0.0021329038373562757,37.0,0.002107904580518357,0.9677225911336605,0.998561914578656,0.9452913342792314,39.0,0.0020904325917211206,21.0,0.0020690541995000223,16.0,0.002037962167887617,21.0,0.0020606057343708372,23.0,0.0020767549468381523,16.0,0.0020390597911727933,,,,,,,0.9412640115794102,0.9693542486434172,0.9414280318460244,0.9751060324573735,0.9668324690003138,0.9414280318460245,,,,,,,,,
983,comparison,Which way can you not turn?,left,http://images.cocodataset.org/train2014/COCO_train2014_000000393419.jpg,6,184,0.9990799570231869,-0.9204273223876953,Left,6,52.0,0.0018917750378886111,17.0,0.001906483108255328,28.0,0.0018941147246257562,0.9559228214299952,0.8846148739279865,0.9101663100395065,59.0,0.0018858317490821443,51.0,0.0018903101062930129,42.0,0.0018744804296528938,,,,,,,,,,,,,0.9601882500997299,0.9825674312020984,0.9820689323195224,,,,,,,,,,,,
984,comparison,Which baby is still an infant?,neither,http://images.cocodataset.org/train2014/COCO_train2014_000000131279.jpg,2,178,0.9988886978930073,-0.9192694425582886,Left,2,242.0,0.0019962704321698542,15.0,0.0019159179146735596,,,0.9824406094763487,0.9718495448242642,,,,,,,,,,,,,,,,,,,,,,,,,,,,,,,,,,
985,comparison,Which man is controlling the kite?,no,http://images.cocodataset.org/train2014/COCO_train2014_000000474858.jpg,5,205,0.9974745930818225,-0.7597557306289673,Man,5,16.0,0.0020099951647176307,9.0,0.0019842968481884296,24.0,0.0020376630327987324,0.9822177815287605,0.9656336071428251,0.9693294619156917,98.0,0.0021494866118198586,25.0,0.002183314622905132,,,,,,,,,,,,,,,0.981051547754474,0.8824672814612071,,,,,,,,,,,,,
986,comparison,Which vehicle is the smallest?,car,http://images.cocodataset.org/train2014/COCO_train2014_000000131299.jpg,8,259,0.9968978222501512,-0.1999327838420868,Car,8,26.0,0.0023015462775454044,17.0,0.0022508095288065956,28.0,0.0022335278429719166,0.9095303147110388,0.9878171319090819,0.9704673778967035,29.0,0.0021739696308382163,43.0,0.0022030961220683475,30.0,0.0022249089842086445,31.0,0.0022715608173006024,15.0,0.0022271314803268896,,,,,,,,,0.9955952454276918,0.9924987455178658,0.9962540519720982,0.9667196040864334,1.0,,,,,,,,,,
987,comparison,Which hand is the person holding the phone in?,left,http://images.cocodataset.org/train2014/COCO_train2014_000000393489.jpg,3,172,0.9986740957285939,-0.25231367349624634,Left,3,135.0,0.00204344052105199,107.0,0.0020182574851084164,17.0,0.0020864452400460093,0.9690512536216592,0.979897057980441,0.8409160494198367,,,,,,,,,,,,,,,,,,,,,,,,,,,,,,,,,
988,comparison,Which room is this?,bedroom,http://images.cocodataset.org/train2014/COCO_train2014_000000131352.jpg,3,242,0.9864013982487507,-0.006804737262427807,Bed,3,20.0,0.002600307665547837,37.0,0.0027968152730437203,35.0,0.002703092967552922,0.9615130960445009,0.9222453524384447,0.9314695014520923,,,,,,,,,,,,,,,,,,,,,,,,,,,,,,,,,
989,comparison,Which two are actually playing?,0,http://images.cocodataset.org/train2014/COCO_train2014_000000131366.jpg,7,268,0.9992875074406647,-1.1263514757156372,,7,15.0,0.0018564582218524458,36.0,0.0018873773087164905,33.0,0.0018863699884199394,0.9613833012053531,0.9684726154042831,0.9914532257976719,22.0,0.0018861204084843785,33.0,0.0018870677350743621,18.0,0.0019116855486885393,24.0,0.0019229848711124445,,,,,,,,,,,0.991524766643338,0.991453225797672,0.872009434056298,0.9642934129442272,,,,,,,,,,,
990,comparison,Which direction is the turn lane going?,right,http://images.cocodataset.org/train2014/COCO_train2014_000000262442.jpg,7,259,0.9966666980246353,-0.732947826385498,Left,7,51.0,0.0022181697619869114,34.0,0.0022326931885801936,28.0,0.002226476211350201,0.9906427395043768,0.9962716388493833,0.9259479222338544,100.0,0.0022243406865753226,25.0,0.0021893302452811163,18.0,0.00217960440824083,29.0,0.0022204394393689777,,,,,,,,,,,0.9752987529385446,0.9745455500297384,0.952437502577629,0.9612473696826423,,,,,,,,,,,
991,comparison,Which way is the man's hat facing?,down,http://images.cocodataset.org/train2014/COCO_train2014_000000131376.jpg,7,317,0.9974249502753026,-1.2788729667663574,For,7,16.0,0.002126504887606774,25.0,0.002202987970254826,30.0,0.002255768590768778,0.9886085007312413,0.9787071762354436,0.9416759221909881,17.0,0.002227601761578355,30.0,0.002339194979328269,15.0,0.0021961282823044314,17.0,0.002249645747036155,,,,,,,,,,,0.9967828263127351,0.9176641529635338,0.9877812438119247,0.9878171319090819,,,,,,,,,,,
992,person identification,Who made the cock?,rolex,http://images.cocodataset.org/train2014/COCO_train2014_000000000064.jpg,2,327,0.9914354136165134,-0.416282057762146,Ro,2,17.0,0.00460405257099808,20.0,0.004541155666198513,,,0.8702290979524684,0.860964047443681,,,,,,,,,,,,,,,,,,,,,,,,,,,,,,,,,,
993,person identification,Whose logo is on the official's chair?,wilson,http://images.cocodataset.org/train2014/COCO_train2014_000000262221.jpg,1,83,0.9805408100166888,-1.0069113969802856,W,1,325.0,0.0036332621660642296,,,,,0.9761204823897751,,,,,,,,,,,,,,,,,,,,,,,,,,,,,,,,,,,
994,person identification,Who is in the photo?,zebras,http://images.cocodataset.org/train2014/COCO_train2014_000000000154.jpg,5,215,0.993547257713607,-0.1323549747467041,Z,5,15.0,0.002650236487133409,58.0,0.002975621077683313,7.0,0.002720771280108633,0.982798115178801,0.9815816846715655,0.863120568566631,28.0,0.0027074012567740676,85.0,0.0029638857022552976,,,,,,,,,,,,,,,0.9798512813478699,0.9761773313448742,,,,,,,,,,,,,
995,person identification,Who is going to eat this pizza?,people,http://images.cocodataset.org/train2014/COCO_train2014_000000000194.jpg,2,251,0.9993934568572727,-2.4158172607421875,A,2,30.0,0.001973868290926552,62.0,0.0019317942656532656,,,0.9299056100857235,0.9841285202639618,,,,,,,,,,,,,,,,,,,,,,,,,,,,,,,,,,
996,person identification,Who is the woman the picture on wall?,none,http://images.cocodataset.org/train2014/COCO_train2014_000000131312.jpg,4,182,0.9969788198329045,-2.91650652885437,Woman,4,81.0,0.002236987140757228,66.0,0.0021512025414680233,15.0,0.002178761281293784,0.957223218821034,0.9817849433097079,0.9877812438119247,48.0,0.002219672943229169,,,,,,,,,,,,,,,,,0.9810182155743953,,,,,,,,,,,,,,
997,person identification,Who is the pilot?,man,http://images.cocodataset.org/train2014/COCO_train2014_000000000247.jpg,7,212,0.998261779718632,-2.297433376312256,Not,7,52.0,0.0019693060720630223,30.0,0.0019635669786558503,43.0,0.0019742179797321603,0.9881539072038609,0.9810624853559116,0.9955463566799663,24.0,0.0019192231172108084,16.0,0.0019221692464767319,15.0,0.001938896029495325,39.0,0.0019470490476451536,,,,,,,,,,,1.0,0.9954133073923868,0.9147366491799203,0.9560893282474762,,,,,,,,,,,
998,time-related,What game would you play when you saw this as a child?,tag,http://images.cocodataset.org/train2014/COCO_train2014_000000524375.jpg,7,257,0.9980142888983242,-1.4382046461105347,Cow,7,28.0,0.001872693202842626,26.0,0.0018611632159835048,17.0,0.0018607543956073757,0.9391548098083585,0.9356642929143761,0.9856676426534905,20.0,0.0018613555346398392,28.0,0.0018588686936981385,25.0,0.0018578404479621155,39.0,0.0018706287138995613,,,,,,,,,,,0.9927376486136672,0.9953625898154657,0.9828039728592469,0.9675907766565778,,,,,,,,,,,
999,time-related,Were people moving when this picture was taken?,no,http://images.cocodataset.org/train2014/COCO_train2014_000000474858.jpg,5,236,0.9985682038347753,-0.668229341506958,Yes,5,18.0,0.0020172649709112103,15.0,0.002071985990981726,92.0,0.002063176762886088,0.977342973473178,0.9018972358711528,0.9723397657059003,59.0,0.00206777175797574,38.0,0.002072813565354656,,,,,,,,,,,,,,,0.9625981385829318,0.9358963996285586,,,,,,,,,,,,,
